path,t_chicago,n_events
/global/cfs/cdirs/dune/www/data/2x2/nearline_run2/flowed_light/source_dtg_bin2/two_trig_40us_period_500tick/hv_65kV_beamC_25uA/dtg_30min_thenDecay/mpd_run_data_rctl_978_p0.FLOW.hdf5,2025-12-12 17:56:39.516000-06:00,2801
/global/cfs/cdirs/dune/www/data/2x2/nearline_run2/flowed_light/source_dtg_bin2/two_trig_40us_period_500tick/hv_65kV_beamC_25uA/dtg_30min_thenDecay/mpd_run_data_rctl_978_p1.FLOW.hdf5,2025-12-12 17:56:53.502000-06:00,6043
/global/cfs/cdirs/dune/www/data/2x2/nearline_run2/flowed_light/source_dtg_bin2/two_trig_40us_period_500tick/hv_65kV_beamC_25uA/dtg_30min_thenDecay/mpd_run_data_rctl_978_p2.FLOW.hdf5,2025-12-12 17:57:23.697000-06:00,6039
/global/cfs/cdirs/dune/www/data/2x2/nearline_run2/flowed_light/source_dtg_bin2/two_trig_40us_period_500tick/hv_65kV_beamC_25uA/dtg_30min_thenDecay/mpd_run_data_rctl_978_p3.FLOW.hdf5,2025-12-12 17:57:53.848000-06:00,6040
/global/cfs/cdirs/dune/www/data/2x2/nearline_run2/flowed_light/source_dtg_bin2/two_trig_40us_period_500tick/hv_65kV_beamC_25uA/dtg_30min_thenDecay/mpd_run_data_rctl_978_p4.FLOW.hdf5,2025-12-12 17:58:24.006000-06:00,6038
/global/cfs/cdirs/dune/www/data/2x2/nearline_run2/flowed_light/source_dtg_bin2/two_trig_40us_period_500tick/hv_65kV_beamC_25uA/dtg_30min_thenDecay/mpd_run_data_rctl_978_p5.FLOW.hdf5,2025-12-12 17:58:54.155000-06:00,6034
/global/cfs/cdirs/dune/www/data/2x2/nearline_run2/flowed_light/source_dtg_bin2/two_trig_40us_period_500tick/hv_65kV_beamC_25uA/dtg_30min_thenDecay/mpd_run_data_rctl_978_p6.FLOW.hdf5,2025-12-12 17:59:24.306000-06:00,6048
/global/cfs/cdirs/dune/www/data/2x2/nearline_run2/flowed_light/source_dtg_bin2/two_trig_40us_period_500tick/hv_65kV_beamC_25uA/dtg_30min_thenDecay/mpd_run_data_rctl_978_p7.FLOW.hdf5,2025-12-12 17:59:54.498000-06:00,6043
/global/cfs/cdirs/dune/www/data/2x2/nearline_run2/flowed_light/source_dtg_bin2/two_trig_40us_period_500tick/hv_65kV_beamC_25uA/dtg_30min_thenDecay/mpd_run_data_rctl_978_p8.FLOW.hdf5,2025-12-12 18:00:24.657000-06:00,6042
/global/cfs/cdirs/dune/www/data/2x2/nearline_run2/flowed_light/source_dtg_bin2/two_trig_40us_period_500tick/hv_65kV_beamC_25uA/dtg_30min_thenDecay/mpd_run_data_rctl_978_p9.FLOW.hdf5,2025-12-12 18:00:54.822000-06:00,6034
/global/cfs/cdirs/dune/www/data/2x2/nearline_run2/flowed_light/source_dtg_bin2/two_trig_40us_period_500tick/hv_65kV_beamC_25uA/dtg_30min_thenDecay/mpd_run_data_rctl_978_p10.FLOW.hdf5,2025-12-12 18:01:24.968000-06:00,6036
/global/cfs/cdirs/dune/www/data/2x2/nearline_run2/flowed_light/source_dtg_bin2/two_trig_40us_period_500tick/hv_65kV_beamC_25uA/dtg_30min_thenDecay/mpd_run_data_rctl_978_p11.FLOW.hdf5,2025-12-12 18:01:55.111000-06:00,6045
/global/cfs/cdirs/dune/www/data/2x2/nearline_run2/flowed_light/source_dtg_bin2/two_trig_40us_period_500tick/hv_65kV_beamC_25uA/dtg_30min_thenDecay/mpd_run_data_rctl_978_p12.FLOW.hdf5,2025-12-12 18:02:25.292000-06:00,6041
/global/cfs/cdirs/dune/www/data/2x2/nearline_run2/flowed_light/source_dtg_bin2/two_trig_40us_period_500tick/hv_65kV_beamC_25uA/dtg_30min_thenDecay/mpd_run_data_rctl_978_p13.FLOW.hdf5,2025-12-12 18:02:55.452000-06:00,6033
/global/cfs/cdirs/dune/www/data/2x2/nearline_run2/flowed_light/source_dtg_bin2/two_trig_40us_period_500tick/hv_65kV_beamC_25uA/dtg_30min_thenDecay/mpd_run_data_rctl_978_p14.FLOW.hdf5,2025-12-12 18:03:25.603000-06:00,6045
/global/cfs/cdirs/dune/www/data/2x2/nearline_run2/flowed_light/source_dtg_bin2/two_trig_40us_period_500tick/hv_65kV_beamC_25uA/dtg_30min_thenDecay/mpd_run_data_rctl_978_p15.FLOW.hdf5,2025-12-12 18:03:55.778000-06:00,6043
/global/cfs/cdirs/dune/www/data/2x2/nearline_run2/flowed_light/source_dtg_bin2/two_trig_40us_period_500tick/hv_65kV_beamC_25uA/dtg_30min_thenDecay/mpd_run_data_rctl_978_p16.FLOW.hdf5,2025-12-12 18:04:25.943000-06:00,6036
/global/cfs/cdirs/dune/www/data/2x2/nearline_run2/flowed_light/source_dtg_bin2/two_trig_40us_period_500tick/hv_65kV_beamC_25uA/dtg_30min_thenDecay/mpd_run_data_rctl_978_p17.FLOW.hdf5,2025-12-12 18:04:56.092000-06:00,6037
/global/cfs/cdirs/dune/www/data/2x2/nearline_run2/flowed_light/source_dtg_bin2/two_trig_40us_period_500tick/hv_65kV_beamC_25uA/dtg_30min_thenDecay/mpd_run_data_rctl_978_p18.FLOW.hdf5,2025-12-12 18:05:26.250000-06:00,6025
/global/cfs/cdirs/dune/www/data/2x2/nearline_run2/flowed_light/source_dtg_bin2/two_trig_40us_period_500tick/hv_65kV_beamC_25uA/dtg_30min_thenDecay/mpd_run_data_rctl_978_p19.FLOW.hdf5,2025-12-12 18:05:56.406000-06:00,6042
/global/cfs/cdirs/dune/www/data/2x2/nearline_run2/flowed_light/source_dtg_bin2/two_trig_40us_period_500tick/hv_65kV_beamC_25uA/dtg_30min_thenDecay/mpd_run_data_rctl_978_p20.FLOW.hdf5,2025-12-12 18:06:26.576000-06:00,6043
/global/cfs/cdirs/dune/www/data/2x2/nearline_run2/flowed_light/source_dtg_bin2/two_trig_40us_period_500tick/hv_65kV_beamC_25uA/dtg_30min_thenDecay/mpd_run_data_rctl_978_p21.FLOW.hdf5,2025-12-12 18:06:56.762000-06:00,6045
/global/cfs/cdirs/dune/www/data/2x2/nearline_run2/flowed_light/source_dtg_bin2/two_trig_40us_period_500tick/hv_65kV_beamC_25uA/dtg_30min_thenDecay/mpd_run_data_rctl_978_p22.FLOW.hdf5,2025-12-12 18:07:26.961000-06:00,6046
/global/cfs/cdirs/dune/www/data/2x2/nearline_run2/flowed_light/source_dtg_bin2/two_trig_40us_period_500tick/hv_65kV_beamC_25uA/dtg_30min_thenDecay/mpd_run_data_rctl_978_p23.FLOW.hdf5,2025-12-12 18:07:57.151000-06:00,6041
/global/cfs/cdirs/dune/www/data/2x2/nearline_run2/flowed_light/source_dtg_bin2/two_trig_40us_period_500tick/hv_65kV_beamC_25uA/dtg_30min_thenDecay/mpd_run_data_rctl_978_p24.FLOW.hdf5,2025-12-12 18:08:27.316000-06:00,6038
/global/cfs/cdirs/dune/www/data/2x2/nearline_run2/flowed_light/source_dtg_bin2/two_trig_40us_period_500tick/hv_65kV_beamC_25uA/dtg_30min_thenDecay/mpd_run_data_rctl_978_p25.FLOW.hdf5,2025-12-12 18:08:57.467000-06:00,6047
/global/cfs/cdirs/dune/www/data/2x2/nearline_run2/flowed_light/source_dtg_bin2/two_trig_40us_period_500tick/hv_65kV_beamC_25uA/dtg_30min_thenDecay/mpd_run_data_rctl_978_p26.FLOW.hdf5,2025-12-12 18:09:27.677000-06:00,6043
/global/cfs/cdirs/dune/www/data/2x2/nearline_run2/flowed_light/source_dtg_bin2/two_trig_40us_period_500tick/hv_65kV_beamC_25uA/dtg_30min_thenDecay/mpd_run_data_rctl_978_p27.FLOW.hdf5,2025-12-12 18:09:57.866000-06:00,6034
/global/cfs/cdirs/dune/www/data/2x2/nearline_run2/flowed_light/source_dtg_bin2/two_trig_40us_period_500tick/hv_65kV_beamC_25uA/dtg_30min_thenDecay/mpd_run_data_rctl_978_p28.FLOW.hdf5,2025-12-12 18:10:27.986000-06:00,6049
/global/cfs/cdirs/dune/www/data/2x2/nearline_run2/flowed_light/source_dtg_bin2/two_trig_40us_period_500tick/hv_65kV_beamC_25uA/dtg_30min_thenDecay/mpd_run_data_rctl_978_p29.FLOW.hdf5,2025-12-12 18:10:58.204000-06:00,6041
/global/cfs/cdirs/dune/www/data/2x2/nearline_run2/flowed_light/source_dtg_bin2/two_trig_40us_period_500tick/hv_65kV_beamC_25uA/dtg_30min_thenDecay/mpd_run_data_rctl_978_p30.FLOW.hdf5,2025-12-12 18:11:28.379000-06:00,6037
/global/cfs/cdirs/dune/www/data/2x2/nearline_run2/flowed_light/source_dtg_bin2/two_trig_40us_period_500tick/hv_65kV_beamC_25uA/dtg_30min_thenDecay/mpd_run_data_rctl_978_p31.FLOW.hdf5,2025-12-12 18:11:58.524000-06:00,6040
/global/cfs/cdirs/dune/www/data/2x2/nearline_run2/flowed_light/source_dtg_bin2/two_trig_40us_period_500tick/hv_65kV_beamC_25uA/dtg_30min_thenDecay/mpd_run_data_rctl_978_p32.FLOW.hdf5,2025-12-12 18:12:28.688000-06:00,6037
/global/cfs/cdirs/dune/www/data/2x2/nearline_run2/flowed_light/source_dtg_bin2/two_trig_40us_period_500tick/hv_65kV_beamC_25uA/dtg_30min_thenDecay/mpd_run_data_rctl_978_p33.FLOW.hdf5,2025-12-12 18:12:58.846000-06:00,6028
/global/cfs/cdirs/dune/www/data/2x2/nearline_run2/flowed_light/source_dtg_bin2/two_trig_40us_period_500tick/hv_65kV_beamC_25uA/dtg_30min_thenDecay/mpd_run_data_rctl_978_p34.FLOW.hdf5,2025-12-12 18:13:29.014000-06:00,6040
/global/cfs/cdirs/dune/www/data/2x2/nearline_run2/flowed_light/source_dtg_bin2/two_trig_40us_period_500tick/hv_65kV_beamC_25uA/dtg_30min_thenDecay/mpd_run_data_rctl_978_p35.FLOW.hdf5,2025-12-12 18:13:59.175000-06:00,6040
/global/cfs/cdirs/dune/www/data/2x2/nearline_run2/flowed_light/source_dtg_bin2/two_trig_40us_period_500tick/hv_65kV_beamC_25uA/dtg_30min_thenDecay/mpd_run_data_rctl_978_p36.FLOW.hdf5,2025-12-12 18:14:29.338000-06:00,6036
/global/cfs/cdirs/dune/www/data/2x2/nearline_run2/flowed_light/source_dtg_bin2/two_trig_40us_period_500tick/hv_65kV_beamC_25uA/dtg_30min_thenDecay/mpd_run_data_rctl_978_p37.FLOW.hdf5,2025-12-12 18:14:59.488000-06:00,6042
/global/cfs/cdirs/dune/www/data/2x2/nearline_run2/flowed_light/source_dtg_bin2/two_trig_40us_period_500tick/hv_65kV_beamC_25uA/dtg_30min_thenDecay/mpd_run_data_rctl_978_p38.FLOW.hdf5,2025-12-12 18:15:29.667000-06:00,6043
/global/cfs/cdirs/dune/www/data/2x2/nearline_run2/flowed_light/source_dtg_bin2/two_trig_40us_period_500tick/hv_65kV_beamC_25uA/dtg_30min_thenDecay/mpd_run_data_rctl_978_p39.FLOW.hdf5,2025-12-12 18:15:59.834000-06:00,6043
/global/cfs/cdirs/dune/www/data/2x2/nearline_run2/flowed_light/source_dtg_bin2/two_trig_40us_period_500tick/hv_65kV_beamC_25uA/dtg_30min_thenDecay/mpd_run_data_rctl_978_p40.FLOW.hdf5,2025-12-12 18:16:30-06:00,6036
/global/cfs/cdirs/dune/www/data/2x2/nearline_run2/flowed_light/source_dtg_bin2/two_trig_40us_period_500tick/hv_65kV_beamC_25uA/dtg_30min_thenDecay/mpd_run_data_rctl_978_p41.FLOW.hdf5,2025-12-12 18:17:00.151000-06:00,6041
/global/cfs/cdirs/dune/www/data/2x2/nearline_run2/flowed_light/source_dtg_bin2/two_trig_40us_period_500tick/hv_65kV_beamC_25uA/dtg_30min_thenDecay/mpd_run_data_rctl_978_p42.FLOW.hdf5,2025-12-12 18:17:30.324000-06:00,6046
/global/cfs/cdirs/dune/www/data/2x2/nearline_run2/flowed_light/source_dtg_bin2/two_trig_40us_period_500tick/hv_65kV_beamC_25uA/dtg_30min_thenDecay/mpd_run_data_rctl_978_p43.FLOW.hdf5,2025-12-12 18:18:00.488000-06:00,6038
/global/cfs/cdirs/dune/www/data/2x2/nearline_run2/flowed_light/source_dtg_bin2/two_trig_40us_period_500tick/hv_65kV_beamC_25uA/dtg_30min_thenDecay/mpd_run_data_rctl_978_p44.FLOW.hdf5,2025-12-12 18:18:30.631000-06:00,6038
/global/cfs/cdirs/dune/www/data/2x2/nearline_run2/flowed_light/source_dtg_bin2/two_trig_40us_period_500tick/hv_65kV_beamC_25uA/dtg_30min_thenDecay/mpd_run_data_rctl_978_p45.FLOW.hdf5,2025-12-12 18:19:00.791000-06:00,6039
/global/cfs/cdirs/dune/www/data/2x2/nearline_run2/flowed_light/source_dtg_bin2/two_trig_40us_period_500tick/hv_65kV_beamC_25uA/dtg_30min_thenDecay/mpd_run_data_rctl_978_p46.FLOW.hdf5,2025-12-12 18:19:30.933000-06:00,6045
/global/cfs/cdirs/dune/www/data/2x2/nearline_run2/flowed_light/source_dtg_bin2/two_trig_40us_period_500tick/hv_65kV_beamC_25uA/dtg_30min_thenDecay/mpd_run_data_rctl_978_p47.FLOW.hdf5,2025-12-12 18:20:01.108000-06:00,6041
/global/cfs/cdirs/dune/www/data/2x2/nearline_run2/flowed_light/source_dtg_bin2/two_trig_40us_period_500tick/hv_65kV_beamC_25uA/dtg_30min_thenDecay/mpd_run_data_rctl_978_p48.FLOW.hdf5,2025-12-12 18:20:31.274000-06:00,6044
/global/cfs/cdirs/dune/www/data/2x2/nearline_run2/flowed_light/source_dtg_bin2/two_trig_40us_period_500tick/hv_65kV_beamC_25uA/dtg_30min_thenDecay/mpd_run_data_rctl_978_p49.FLOW.hdf5,2025-12-12 18:21:01.460000-06:00,6042
/global/cfs/cdirs/dune/www/data/2x2/nearline_run2/flowed_light/source_dtg_bin2/two_trig_40us_period_500tick/hv_65kV_beamC_25uA/dtg_30min_thenDecay/mpd_run_data_rctl_978_p50.FLOW.hdf5,2025-12-12 18:21:31.623000-06:00,6051
/global/cfs/cdirs/dune/www/data/2x2/nearline_run2/flowed_light/source_dtg_bin2/two_trig_40us_period_500tick/hv_65kV_beamC_25uA/dtg_30min_thenDecay/mpd_run_data_rctl_978_p51.FLOW.hdf5,2025-12-12 18:22:01.827000-06:00,6039
/global/cfs/cdirs/dune/www/data/2x2/nearline_run2/flowed_light/source_dtg_bin2/two_trig_40us_period_500tick/hv_65kV_beamC_25uA/dtg_30min_thenDecay/mpd_run_data_rctl_978_p52.FLOW.hdf5,2025-12-12 18:22:31.985000-06:00,6035
/global/cfs/cdirs/dune/www/data/2x2/nearline_run2/flowed_light/source_dtg_bin2/two_trig_40us_period_500tick/hv_65kV_beamC_25uA/dtg_30min_thenDecay/mpd_run_data_rctl_978_p53.FLOW.hdf5,2025-12-12 18:23:02.140000-06:00,6046
/global/cfs/cdirs/dune/www/data/2x2/nearline_run2/flowed_light/source_dtg_bin2/two_trig_40us_period_500tick/hv_65kV_beamC_25uA/dtg_30min_thenDecay/mpd_run_data_rctl_978_p54.FLOW.hdf5,2025-12-12 18:23:32.332000-06:00,6038
/global/cfs/cdirs/dune/www/data/2x2/nearline_run2/flowed_light/source_dtg_bin2/two_trig_40us_period_500tick/hv_65kV_beamC_25uA/dtg_30min_thenDecay/mpd_run_data_rctl_978_p55.FLOW.hdf5,2025-12-12 18:24:02.477000-06:00,6042
/global/cfs/cdirs/dune/www/data/2x2/nearline_run2/flowed_light/source_dtg_bin2/two_trig_40us_period_500tick/hv_65kV_beamC_25uA/dtg_30min_thenDecay/mpd_run_data_rctl_978_p56.FLOW.hdf5,2025-12-12 18:24:32.659000-06:00,6037
/global/cfs/cdirs/dune/www/data/2x2/nearline_run2/flowed_light/source_dtg_bin2/two_trig_40us_period_500tick/hv_65kV_beamC_25uA/dtg_30min_thenDecay/mpd_run_data_rctl_978_p57.FLOW.hdf5,2025-12-12 18:25:02.816000-06:00,6046
/global/cfs/cdirs/dune/www/data/2x2/nearline_run2/flowed_light/source_dtg_bin2/two_trig_40us_period_500tick/hv_65kV_beamC_25uA/dtg_30min_thenDecay/mpd_run_data_rctl_978_p58.FLOW.hdf5,2025-12-12 18:25:32.994000-06:00,6042
/global/cfs/cdirs/dune/www/data/2x2/nearline_run2/flowed_light/source_dtg_bin2/two_trig_40us_period_500tick/hv_65kV_beamC_25uA/dtg_30min_thenDecay/mpd_run_data_rctl_978_p59.FLOW.hdf5,2025-12-12 18:26:03.152000-06:00,6043
/global/cfs/cdirs/dune/www/data/2x2/nearline_run2/flowed_light/source_dtg_bin2/two_trig_40us_period_500tick/hv_65kV_beamC_25uA/dtg_30min_thenDecay/mpd_run_data_rctl_978_p60.FLOW.hdf5,2025-12-12 18:26:33.330000-06:00,6039
/global/cfs/cdirs/dune/www/data/2x2/nearline_run2/flowed_light/source_dtg_bin2/two_trig_40us_period_500tick/hv_65kV_beamC_25uA/dtg_30min_thenDecay/mpd_run_data_rctl_978_p61.FLOW.hdf5,2025-12-12 18:27:03.481000-06:00,348
/global/cfs/cdirs/dune/www/data/2x2/nearline_run2/flowed_light/source_dtg_bin2/two_trig_40us_period_500tick/hv_65kV_beamC_25uA/dtg_30min_thenDecay/mpd_run_data_rctl_978_p63.FLOW.hdf5,2025-12-12 18:28:05.123000-06:00,5917
/global/cfs/cdirs/dune/www/data/2x2/nearline_run2/flowed_light/source_dtg_bin2/two_trig_40us_period_500tick/hv_65kV_beamC_25uA/dtg_30min_thenDecay/mpd_run_data_rctl_978_p64.FLOW.hdf5,2025-12-12 18:28:34.671000-06:00,6039
/global/cfs/cdirs/dune/www/data/2x2/nearline_run2/flowed_light/source_dtg_bin2/two_trig_40us_period_500tick/hv_65kV_beamC_25uA/dtg_30min_thenDecay/mpd_run_data_rctl_978_p65.FLOW.hdf5,2025-12-12 18:29:04.842000-06:00,3406
/global/cfs/cdirs/dune/www/data/2x2/nearline_run2/flowed_light/source_dtg_bin2/two_trig_40us_period_500tick/hv_65kV_beamC_25uA/dtg_30min_thenDecay/mpd_run_data_rctl_979_p0.FLOW.hdf5,2025-12-12 18:30:55.739000-06:00,50546
/global/cfs/cdirs/dune/www/data/2x2/nearline_run2/flowed_light/source_dtg_bin2/two_trig_40us_period_500tick/hv_65kV_beamC_25uA/dtg_30min_thenDecay/mpd_run_data_rctl_979_p1.FLOW.hdf5,2025-12-12 18:31:25.771000-06:00,31832
/global/cfs/cdirs/dune/www/data/2x2/nearline_run2/flowed_light/source_dtg_bin2/two_trig_40us_period_500tick/hv_65kV_beamC_25uA/dtg_30min_thenDecay/mpd_run_data_rctl_979_p2.FLOW.hdf5,2025-12-12 18:31:55.869000-06:00,13486
/global/cfs/cdirs/dune/www/data/2x2/nearline_run2/flowed_light/source_dtg_bin2/two_trig_40us_period_500tick/hv_65kV_beamC_25uA/dtg_30min_thenDecay/mpd_run_data_rctl_979_p3.FLOW.hdf5,2025-12-12 18:32:25.997000-06:00,7865
/global/cfs/cdirs/dune/www/data/2x2/nearline_run2/flowed_light/source_dtg_bin2/two_trig_40us_period_500tick/hv_65kV_beamC_25uA/dtg_30min_thenDecay/mpd_run_data_rctl_979_p4.FLOW.hdf5,2025-12-12 18:32:56.170000-06:00,6969
/global/cfs/cdirs/dune/www/data/2x2/nearline_run2/flowed_light/source_dtg_bin2/two_trig_40us_period_500tick/hv_65kV_beamC_25uA/dtg_30min_thenDecay/mpd_run_data_rctl_979_p5.FLOW.hdf5,2025-12-12 18:33:26.351000-06:00,6126
/global/cfs/cdirs/dune/www/data/2x2/nearline_run2/flowed_light/source_dtg_bin2/two_trig_40us_period_500tick/hv_65kV_beamC_25uA/dtg_30min_thenDecay/mpd_run_data_rctl_979_p6.FLOW.hdf5,2025-12-12 18:33:56.535000-06:00,5544
/global/cfs/cdirs/dune/www/data/2x2/nearline_run2/flowed_light/source_dtg_bin2/two_trig_40us_period_500tick/hv_65kV_beamC_25uA/dtg_30min_thenDecay/mpd_run_data_rctl_979_p7.FLOW.hdf5,2025-12-12 18:34:26.723000-06:00,5083
/global/cfs/cdirs/dune/www/data/2x2/nearline_run2/flowed_light/source_dtg_bin2/two_trig_40us_period_500tick/hv_65kV_beamC_25uA/dtg_30min_thenDecay/mpd_run_data_rctl_979_p8.FLOW.hdf5,2025-12-12 18:34:56.964000-06:00,4647
/global/cfs/cdirs/dune/www/data/2x2/nearline_run2/flowed_light/source_dtg_bin2/two_trig_40us_period_500tick/hv_65kV_beamC_25uA/dtg_30min_thenDecay/mpd_run_data_rctl_979_p9.FLOW.hdf5,2025-12-12 18:35:27.166000-06:00,4373
/global/cfs/cdirs/dune/www/data/2x2/nearline_run2/flowed_light/source_dtg_bin2/two_trig_40us_period_500tick/hv_65kV_beamC_25uA/dtg_30min_thenDecay/mpd_run_data_rctl_979_p10.FLOW.hdf5,2025-12-12 18:35:57.466000-06:00,4130
/global/cfs/cdirs/dune/www/data/2x2/nearline_run2/flowed_light/source_dtg_bin2/two_trig_40us_period_500tick/hv_65kV_beamC_25uA/dtg_30min_thenDecay/mpd_run_data_rctl_979_p11.FLOW.hdf5,2025-12-12 18:36:27.723000-06:00,4031
/global/cfs/cdirs/dune/www/data/2x2/nearline_run2/flowed_light/source_dtg_bin2/two_trig_40us_period_500tick/hv_65kV_beamC_25uA/dtg_30min_thenDecay/mpd_run_data_rctl_979_p12.FLOW.hdf5,2025-12-12 18:36:58.027000-06:00,3960
/global/cfs/cdirs/dune/www/data/2x2/nearline_run2/flowed_light/source_dtg_bin2/two_trig_40us_period_500tick/hv_65kV_beamC_25uA/dtg_30min_thenDecay/mpd_run_data_rctl_979_p13.FLOW.hdf5,2025-12-12 18:37:28.392000-06:00,4544
/global/cfs/cdirs/dune/www/data/2x2/nearline_run2/flowed_light/source_dtg_bin2/two_trig_40us_period_500tick/hv_65kV_beamC_25uA/dtg_30min_thenDecay/mpd_run_data_rctl_979_p14.FLOW.hdf5,2025-12-12 18:37:58.652000-06:00,3502
/global/cfs/cdirs/dune/www/data/2x2/nearline_run2/flowed_light/source_dtg_bin2/two_trig_40us_period_500tick/hv_65kV_beamC_25uA/dtg_30min_thenDecay/mpd_run_data_rctl_979_p15.FLOW.hdf5,2025-12-12 18:38:28.925000-06:00,3391
/global/cfs/cdirs/dune/www/data/2x2/nearline_run2/flowed_light/source_dtg_bin2/two_trig_40us_period_500tick/hv_65kV_beamC_25uA/dtg_30min_thenDecay/mpd_run_data_rctl_979_p16.FLOW.hdf5,2025-12-12 18:38:59.254000-06:00,3232
/global/cfs/cdirs/dune/www/data/2x2/nearline_run2/flowed_light/source_dtg_bin2/two_trig_40us_period_500tick/hv_65kV_beamC_25uA/dtg_30min_thenDecay/mpd_run_data_rctl_979_p17.FLOW.hdf5,2025-12-12 18:39:29.609000-06:00,3260
/global/cfs/cdirs/dune/www/data/2x2/nearline_run2/flowed_light/source_dtg_bin2/two_trig_40us_period_500tick/hv_65kV_beamC_25uA/dtg_30min_thenDecay/mpd_run_data_rctl_979_p18.FLOW.hdf5,2025-12-12 18:39:59.908000-06:00,3159
/global/cfs/cdirs/dune/www/data/2x2/nearline_run2/flowed_light/source_dtg_bin2/two_trig_40us_period_500tick/hv_65kV_beamC_25uA/dtg_30min_thenDecay/mpd_run_data_rctl_979_p19.FLOW.hdf5,2025-12-12 18:40:30.202000-06:00,6742
/global/cfs/cdirs/dune/www/data/2x2/nearline_run2/flowed_light/source_dtg_bin2/two_trig_40us_period_500tick/hv_65kV_beamC_25uA/dtg_30min_thenDecay/mpd_run_data_rctl_979_p20.FLOW.hdf5,2025-12-12 18:41:00.544000-06:00,3313
/global/cfs/cdirs/dune/www/data/2x2/nearline_run2/flowed_light/source_dtg_bin2/two_trig_40us_period_500tick/hv_65kV_beamC_25uA/dtg_30min_thenDecay/mpd_run_data_rctl_979_p21.FLOW.hdf5,2025-12-12 18:41:30.943000-06:00,3036
/global/cfs/cdirs/dune/www/data/2x2/nearline_run2/flowed_light/source_dtg_bin2/two_trig_40us_period_500tick/hv_65kV_beamC_25uA/dtg_30min_thenDecay/mpd_run_data_rctl_979_p22.FLOW.hdf5,2025-12-12 18:42:01.369000-06:00,3472
/global/cfs/cdirs/dune/www/data/2x2/nearline_run2/flowed_light/source_dtg_bin2/two_trig_40us_period_500tick/hv_65kV_beamC_25uA/dtg_30min_thenDecay/mpd_run_data_rctl_979_p23.FLOW.hdf5,2025-12-12 18:42:31.732000-06:00,3122
/global/cfs/cdirs/dune/www/data/2x2/nearline_run2/flowed_light/source_dtg_bin2/two_trig_40us_period_500tick/hv_65kV_beamC_25uA/dtg_30min_thenDecay/mpd_run_data_rctl_979_p24.FLOW.hdf5,2025-12-12 18:43:02.047000-06:00,3036
/global/cfs/cdirs/dune/www/data/2x2/nearline_run2/flowed_light/source_dtg_bin2/two_trig_40us_period_500tick/hv_65kV_beamC_25uA/dtg_30min_thenDecay/mpd_run_data_rctl_979_p25.FLOW.hdf5,2025-12-12 18:43:32.381000-06:00,2962
/global/cfs/cdirs/dune/www/data/2x2/nearline_run2/flowed_light/source_dtg_bin2/two_trig_40us_period_500tick/hv_65kV_beamC_25uA/dtg_30min_thenDecay/mpd_run_data_rctl_979_p26.FLOW.hdf5,2025-12-12 18:44:02.733000-06:00,3102
/global/cfs/cdirs/dune/www/data/2x2/nearline_run2/flowed_light/source_dtg_bin2/two_trig_40us_period_500tick/hv_65kV_beamC_25uA/dtg_30min_thenDecay/mpd_run_data_rctl_979_p27.FLOW.hdf5,2025-12-12 18:44:33.121000-06:00,2872
/global/cfs/cdirs/dune/www/data/2x2/nearline_run2/flowed_light/source_dtg_bin2/two_trig_40us_period_500tick/hv_65kV_beamC_25uA/dtg_30min_thenDecay/mpd_run_data_rctl_979_p28.FLOW.hdf5,2025-12-12 18:45:03.479000-06:00,2844
/global/cfs/cdirs/dune/www/data/2x2/nearline_run2/flowed_light/source_dtg_bin2/two_trig_40us_period_500tick/hv_65kV_beamC_25uA/dtg_30min_thenDecay/mpd_run_data_rctl_979_p29.FLOW.hdf5,2025-12-12 18:45:33.889000-06:00,2840
/global/cfs/cdirs/dune/www/data/2x2/nearline_run2/flowed_light/source_dtg_bin2/two_trig_40us_period_500tick/hv_65kV_beamC_25uA/dtg_30min_thenDecay/mpd_run_data_rctl_979_p30.FLOW.hdf5,2025-12-12 18:46:04.285000-06:00,2756
/global/cfs/cdirs/dune/www/data/2x2/nearline_run2/flowed_light/source_dtg_bin2/two_trig_40us_period_500tick/hv_65kV_beamC_25uA/dtg_30min_thenDecay/mpd_run_data_rctl_979_p31.FLOW.hdf5,2025-12-12 18:46:34.645000-06:00,2722
/global/cfs/cdirs/dune/www/data/2x2/nearline_run2/flowed_light/source_dtg_bin2/two_trig_40us_period_500tick/hv_65kV_beamC_25uA/dtg_30min_thenDecay/mpd_run_data_rctl_979_p32.FLOW.hdf5,2025-12-12 18:47:05.009000-06:00,2699
/global/cfs/cdirs/dune/www/data/2x2/nearline_run2/flowed_light/source_dtg_bin2/two_trig_40us_period_500tick/hv_65kV_beamC_25uA/dtg_30min_thenDecay/mpd_run_data_rctl_979_p33.FLOW.hdf5,2025-12-12 18:47:35.438000-06:00,2746
/global/cfs/cdirs/dune/www/data/2x2/nearline_run2/flowed_light/source_dtg_bin2/two_trig_40us_period_500tick/hv_65kV_beamC_25uA/dtg_30min_thenDecay/mpd_run_data_rctl_979_p34.FLOW.hdf5,2025-12-12 18:48:05.855000-06:00,2702
/global/cfs/cdirs/dune/www/data/2x2/nearline_run2/flowed_light/source_dtg_bin2/two_trig_40us_period_500tick/hv_65kV_beamC_25uA/dtg_30min_thenDecay/mpd_run_data_rctl_979_p35.FLOW.hdf5,2025-12-12 18:48:36.135000-06:00,2667
/global/cfs/cdirs/dune/www/data/2x2/nearline_run2/flowed_light/source_dtg_bin2/two_trig_40us_period_500tick/hv_65kV_beamC_25uA/dtg_30min_thenDecay/mpd_run_data_rctl_979_p36.FLOW.hdf5,2025-12-12 18:49:06.606000-06:00,2656
/global/cfs/cdirs/dune/www/data/2x2/nearline_run2/flowed_light/source_dtg_bin2/two_trig_40us_period_500tick/hv_65kV_beamC_25uA/dtg_30min_thenDecay/mpd_run_data_rctl_979_p37.FLOW.hdf5,2025-12-12 18:49:37.043000-06:00,2559
/global/cfs/cdirs/dune/www/data/2x2/nearline_run2/flowed_light/source_dtg_bin2/two_trig_40us_period_500tick/hv_65kV_beamC_25uA/dtg_30min_thenDecay/mpd_run_data_rctl_979_p38.FLOW.hdf5,2025-12-12 18:50:07.472000-06:00,2605
/global/cfs/cdirs/dune/www/data/2x2/nearline_run2/flowed_light/source_dtg_bin2/two_trig_40us_period_500tick/hv_65kV_beamC_25uA/dtg_30min_thenDecay/mpd_run_data_rctl_979_p39.FLOW.hdf5,2025-12-12 18:50:37.857000-06:00,2648
/global/cfs/cdirs/dune/www/data/2x2/nearline_run2/flowed_light/source_dtg_bin2/two_trig_40us_period_500tick/hv_65kV_beamC_25uA/dtg_30min_thenDecay/mpd_run_data_rctl_979_p40.FLOW.hdf5,2025-12-12 18:51:08.310000-06:00,2524
/global/cfs/cdirs/dune/www/data/2x2/nearline_run2/flowed_light/source_dtg_bin2/two_trig_40us_period_500tick/hv_65kV_beamC_25uA/dtg_30min_thenDecay/mpd_run_data_rctl_979_p41.FLOW.hdf5,2025-12-12 18:51:38.660000-06:00,2602
/global/cfs/cdirs/dune/www/data/2x2/nearline_run2/flowed_light/source_dtg_bin2/two_trig_40us_period_500tick/hv_65kV_beamC_25uA/dtg_30min_thenDecay/mpd_run_data_rctl_979_p42.FLOW.hdf5,2025-12-12 18:52:09.052000-06:00,2569
/global/cfs/cdirs/dune/www/data/2x2/nearline_run2/flowed_light/source_dtg_bin2/two_trig_40us_period_500tick/hv_65kV_beamC_25uA/dtg_30min_thenDecay/mpd_run_data_rctl_979_p43.FLOW.hdf5,2025-12-12 18:52:39.418000-06:00,2512
/global/cfs/cdirs/dune/www/data/2x2/nearline_run2/flowed_light/source_dtg_bin2/two_trig_40us_period_500tick/hv_65kV_beamC_25uA/dtg_30min_thenDecay/mpd_run_data_rctl_979_p44.FLOW.hdf5,2025-12-12 18:53:09.870000-06:00,2602
/global/cfs/cdirs/dune/www/data/2x2/nearline_run2/flowed_light/source_dtg_bin2/two_trig_40us_period_500tick/hv_65kV_beamC_25uA/dtg_30min_thenDecay/mpd_run_data_rctl_979_p45.FLOW.hdf5,2025-12-12 18:53:40.270000-06:00,2552
/global/cfs/cdirs/dune/www/data/2x2/nearline_run2/flowed_light/source_dtg_bin2/two_trig_40us_period_500tick/hv_65kV_beamC_25uA/dtg_30min_thenDecay/mpd_run_data_rctl_979_p46.FLOW.hdf5,2025-12-12 18:54:10.612000-06:00,2511
/global/cfs/cdirs/dune/www/data/2x2/nearline_run2/flowed_light/source_dtg_bin2/two_trig_40us_period_500tick/hv_65kV_beamC_25uA/dtg_30min_thenDecay/mpd_run_data_rctl_979_p47.FLOW.hdf5,2025-12-12 18:54:41.044000-06:00,2517
/global/cfs/cdirs/dune/www/data/2x2/nearline_run2/flowed_light/source_dtg_bin2/two_trig_40us_period_500tick/hv_65kV_beamC_25uA/dtg_30min_thenDecay/mpd_run_data_rctl_979_p48.FLOW.hdf5,2025-12-12 18:55:11.397000-06:00,2523
/global/cfs/cdirs/dune/www/data/2x2/nearline_run2/flowed_light/source_dtg_bin2/two_trig_40us_period_500tick/hv_65kV_beamC_25uA/dtg_30min_thenDecay/mpd_run_data_rctl_979_p49.FLOW.hdf5,2025-12-12 18:55:41.819000-06:00,2769
/global/cfs/cdirs/dune/www/data/2x2/nearline_run2/flowed_light/source_dtg_bin2/two_trig_40us_period_500tick/hv_65kV_beamC_25uA/dtg_30min_thenDecay/mpd_run_data_rctl_979_p50.FLOW.hdf5,2025-12-12 18:56:12.184000-06:00,5402
/global/cfs/cdirs/dune/www/data/2x2/nearline_run2/flowed_light/source_dtg_bin2/two_trig_40us_period_500tick/hv_65kV_beamC_25uA/dtg_30min_thenDecay/mpd_run_data_rctl_979_p51.FLOW.hdf5,2025-12-12 18:57:12.890000-06:00,7312
/global/cfs/cdirs/dune/www/data/2x2/nearline_run2/flowed_light/source_dtg_bin2/two_trig_40us_period_500tick/hv_65kV_beamC_25uA/dtg_30min_thenDecay/mpd_run_data_rctl_979_p52.FLOW.hdf5,2025-12-12 18:58:13.716000-06:00,4989
/global/cfs/cdirs/dune/www/data/2x2/nearline_run2/flowed_light/source_dtg_bin2/two_trig_40us_period_500tick/hv_65kV_beamC_25uA/dtg_30min_thenDecay/mpd_run_data_rctl_979_p53.FLOW.hdf5,2025-12-12 18:59:14.461000-06:00,5056
/global/cfs/cdirs/dune/www/data/2x2/nearline_run2/flowed_light/source_dtg_bin2/two_trig_40us_period_500tick/hv_65kV_beamC_25uA/dtg_30min_thenDecay/mpd_run_data_rctl_979_p54.FLOW.hdf5,2025-12-12 19:00:15.308000-06:00,4876
/global/cfs/cdirs/dune/www/data/2x2/nearline_run2/flowed_light/source_dtg_bin2/two_trig_40us_period_500tick/hv_65kV_beamC_25uA/dtg_30min_thenDecay/mpd_run_data_rctl_979_p55.FLOW.hdf5,2025-12-12 19:01:16.092000-06:00,4928
/global/cfs/cdirs/dune/www/data/2x2/nearline_run2/flowed_light/source_dtg_bin2/two_trig_40us_period_500tick/hv_65kV_beamC_25uA/dtg_30min_thenDecay/mpd_run_data_rctl_979_p56.FLOW.hdf5,2025-12-12 19:02:16.893000-06:00,4772
/global/cfs/cdirs/dune/www/data/2x2/nearline_run2/flowed_light/source_dtg_bin2/two_trig_40us_period_500tick/hv_65kV_beamC_25uA/dtg_30min_thenDecay/mpd_run_data_rctl_979_p57.FLOW.hdf5,2025-12-12 19:03:17.632000-06:00,5032
/global/cfs/cdirs/dune/www/data/2x2/nearline_run2/flowed_light/source_dtg_bin2/two_trig_40us_period_500tick/hv_65kV_beamC_25uA/dtg_30min_thenDecay/mpd_run_data_rctl_979_p58.FLOW.hdf5,2025-12-12 19:04:18.456000-06:00,4988
/global/cfs/cdirs/dune/www/data/2x2/nearline_run2/flowed_light/source_dtg_bin2/two_trig_40us_period_500tick/hv_65kV_beamC_25uA/dtg_30min_thenDecay/mpd_run_data_rctl_979_p59.FLOW.hdf5,2025-12-12 19:05:19.265000-06:00,5037
/global/cfs/cdirs/dune/www/data/2x2/nearline_run2/flowed_light/source_dtg_bin2/two_trig_40us_period_500tick/hv_65kV_beamC_25uA/dtg_30min_thenDecay/mpd_run_data_rctl_979_p60.FLOW.hdf5,2025-12-12 19:06:20.026000-06:00,4918
/global/cfs/cdirs/dune/www/data/2x2/nearline_run2/flowed_light/source_dtg_bin2/two_trig_40us_period_500tick/hv_65kV_beamC_25uA/dtg_30min_thenDecay/mpd_run_data_rctl_979_p61.FLOW.hdf5,2025-12-12 19:07:20.800000-06:00,4931
/global/cfs/cdirs/dune/www/data/2x2/nearline_run2/flowed_light/source_dtg_bin2/two_trig_40us_period_500tick/hv_65kV_beamC_25uA/dtg_30min_thenDecay/mpd_run_data_rctl_979_p62.FLOW.hdf5,2025-12-12 19:08:21.649000-06:00,4727
/global/cfs/cdirs/dune/www/data/2x2/nearline_run2/flowed_light/source_dtg_bin2/two_trig_40us_period_500tick/hv_65kV_beamC_25uA/dtg_30min_thenDecay/mpd_run_data_rctl_979_p63.FLOW.hdf5,2025-12-12 19:09:22.359000-06:00,4695
/global/cfs/cdirs/dune/www/data/2x2/nearline_run2/flowed_light/source_dtg_bin2/two_trig_40us_period_500tick/hv_65kV_beamC_25uA/dtg_30min_thenDecay/mpd_run_data_rctl_979_p64.FLOW.hdf5,2025-12-12 19:10:23.229000-06:00,4750
/global/cfs/cdirs/dune/www/data/2x2/nearline_run2/flowed_light/source_dtg_bin2/two_trig_40us_period_500tick/hv_65kV_beamC_25uA/dtg_30min_thenDecay/mpd_run_data_rctl_979_p65.FLOW.hdf5,2025-12-12 19:11:24.117000-06:00,4773
/global/cfs/cdirs/dune/www/data/2x2/nearline_run2/flowed_light/source_dtg_bin2/two_trig_40us_period_500tick/hv_65kV_beamC_25uA/dtg_30min_thenDecay/mpd_run_data_rctl_979_p66.FLOW.hdf5,2025-12-12 19:12:25.144000-06:00,4746
/global/cfs/cdirs/dune/www/data/2x2/nearline_run2/flowed_light/source_dtg_bin2/two_trig_40us_period_500tick/hv_65kV_beamC_25uA/dtg_30min_thenDecay/mpd_run_data_rctl_979_p67.FLOW.hdf5,2025-12-12 19:13:26.177000-06:00,4826
/global/cfs/cdirs/dune/www/data/2x2/nearline_run2/flowed_light/source_dtg_bin2/two_trig_40us_period_500tick/hv_65kV_beamC_25uA/dtg_30min_thenDecay/mpd_run_data_rctl_979_p68.FLOW.hdf5,2025-12-12 19:14:26.889000-06:00,4752
/global/cfs/cdirs/dune/www/data/2x2/nearline_run2/flowed_light/source_dtg_bin2/two_trig_40us_period_500tick/hv_65kV_beamC_25uA/dtg_30min_thenDecay/mpd_run_data_rctl_979_p69.FLOW.hdf5,2025-12-12 19:15:27.735000-06:00,4705
/global/cfs/cdirs/dune/www/data/2x2/nearline_run2/flowed_light/source_dtg_bin2/two_trig_40us_period_500tick/hv_65kV_beamC_25uA/dtg_30min_thenDecay/mpd_run_data_rctl_979_p70.FLOW.hdf5,2025-12-12 19:16:28.596000-06:00,4675
/global/cfs/cdirs/dune/www/data/2x2/nearline_run2/flowed_light/source_dtg_bin2/two_trig_40us_period_500tick/hv_65kV_beamC_25uA/dtg_30min_thenDecay/mpd_run_data_rctl_979_p71.FLOW.hdf5,2025-12-12 19:17:29.411000-06:00,4594
/global/cfs/cdirs/dune/www/data/2x2/nearline_run2/flowed_light/source_dtg_bin2/two_trig_40us_period_500tick/hv_65kV_beamC_25uA/dtg_30min_thenDecay/mpd_run_data_rctl_979_p72.FLOW.hdf5,2025-12-12 19:18:30.125000-06:00,4557
/global/cfs/cdirs/dune/www/data/2x2/nearline_run2/flowed_light/source_dtg_bin2/two_trig_40us_period_500tick/hv_65kV_beamC_25uA/dtg_30min_thenDecay/mpd_run_data_rctl_979_p73.FLOW.hdf5,2025-12-12 19:19:30.902000-06:00,4728
/global/cfs/cdirs/dune/www/data/2x2/nearline_run2/flowed_light/source_dtg_bin2/two_trig_40us_period_500tick/hv_65kV_beamC_25uA/dtg_30min_thenDecay/mpd_run_data_rctl_979_p74.FLOW.hdf5,2025-12-12 19:20:31.673000-06:00,4823
/global/cfs/cdirs/dune/www/data/2x2/nearline_run2/flowed_light/source_dtg_bin2/two_trig_40us_period_500tick/hv_65kV_beamC_25uA/dtg_30min_thenDecay/mpd_run_data_rctl_979_p75.FLOW.hdf5,2025-12-12 19:21:32.443000-06:00,4656
/global/cfs/cdirs/dune/www/data/2x2/nearline_run2/flowed_light/source_dtg_bin2/two_trig_40us_period_500tick/hv_65kV_beamC_25uA/dtg_30min_thenDecay/mpd_run_data_rctl_979_p76.FLOW.hdf5,2025-12-12 19:22:33.215000-06:00,4629
/global/cfs/cdirs/dune/www/data/2x2/nearline_run2/flowed_light/source_dtg_bin2/two_trig_40us_period_500tick/hv_65kV_beamC_25uA/dtg_30min_thenDecay/mpd_run_data_rctl_979_p77.FLOW.hdf5,2025-12-12 19:23:34.170000-06:00,4643
/global/cfs/cdirs/dune/www/data/2x2/nearline_run2/flowed_light/source_dtg_bin2/two_trig_40us_period_500tick/hv_65kV_beamC_25uA/dtg_30min_thenDecay/mpd_run_data_rctl_979_p78.FLOW.hdf5,2025-12-12 19:24:34.993000-06:00,5844
/global/cfs/cdirs/dune/www/data/2x2/nearline_run2/flowed_light/source_dtg_bin2/two_trig_40us_period_500tick/hv_65kV_beamC_25uA/dtg_30min_thenDecay/mpd_run_data_rctl_979_p79.FLOW.hdf5,2025-12-12 19:25:35.823000-06:00,8394
/global/cfs/cdirs/dune/www/data/2x2/nearline_run2/flowed_light/source_dtg_bin2/two_trig_40us_period_500tick/hv_65kV_beamC_25uA/dtg_30min_thenDecay/mpd_run_data_rctl_979_p80.FLOW.hdf5,2025-12-12 19:26:35.868000-06:00,4542
/global/cfs/cdirs/dune/www/data/2x2/nearline_run2/flowed_light/source_dtg_bin2/two_trig_40us_period_500tick/hv_65kV_beamC_25uA/dtg_30min_thenDecay/mpd_run_data_rctl_979_p81.FLOW.hdf5,2025-12-12 19:27:36.808000-06:00,4590
/global/cfs/cdirs/dune/www/data/2x2/nearline_run2/flowed_light/source_dtg_bin2/two_trig_40us_period_500tick/hv_65kV_beamC_25uA/dtg_30min_thenDecay/mpd_run_data_rctl_979_p82.FLOW.hdf5,2025-12-12 19:28:37.563000-06:00,4654
/global/cfs/cdirs/dune/www/data/2x2/nearline_run2/flowed_light/source_dtg_bin2/two_trig_40us_period_500tick/hv_65kV_beamC_25uA/dtg_30min_thenDecay/mpd_run_data_rctl_979_p83.FLOW.hdf5,2025-12-12 19:29:38.477000-06:00,4624
/global/cfs/cdirs/dune/www/data/2x2/nearline_run2/flowed_light/source_dtg_bin2/two_trig_40us_period_500tick/hv_65kV_beamC_25uA/dtg_30min_thenDecay/mpd_run_data_rctl_979_p84.FLOW.hdf5,2025-12-12 19:30:39.465000-06:00,4455
/global/cfs/cdirs/dune/www/data/2x2/nearline_run2/flowed_light/source_dtg_bin2/two_trig_40us_period_500tick/hv_65kV_beamC_25uA/dtg_30min_thenDecay/mpd_run_data_rctl_979_p85.FLOW.hdf5,2025-12-12 19:31:39.527000-06:00,4510
/global/cfs/cdirs/dune/www/data/2x2/nearline_run2/flowed_light/source_dtg_bin2/two_trig_40us_period_500tick/hv_65kV_beamC_25uA/dtg_30min_thenDecay/mpd_run_data_rctl_979_p86.FLOW.hdf5,2025-12-12 19:32:40.480000-06:00,4578
/global/cfs/cdirs/dune/www/data/2x2/nearline_run2/flowed_light/source_dtg_bin2/two_trig_40us_period_500tick/hv_65kV_beamC_25uA/dtg_30min_thenDecay/mpd_run_data_rctl_979_p87.FLOW.hdf5,2025-12-12 19:33:41.292000-06:00,4472
/global/cfs/cdirs/dune/www/data/2x2/nearline_run2/flowed_light/source_dtg_bin2/two_trig_40us_period_500tick/hv_65kV_beamC_25uA/dtg_30min_thenDecay/mpd_run_data_rctl_979_p88.FLOW.hdf5,2025-12-12 19:34:42.266000-06:00,4490
/global/cfs/cdirs/dune/www/data/2x2/nearline_run2/flowed_light/source_dtg_bin2/two_trig_40us_period_500tick/hv_65kV_beamC_25uA/dtg_30min_thenDecay/mpd_run_data_rctl_979_p89.FLOW.hdf5,2025-12-12 19:35:43.259000-06:00,4449
/global/cfs/cdirs/dune/www/data/2x2/nearline_run2/flowed_light/source_dtg_bin2/two_trig_40us_period_500tick/hv_65kV_beamC_25uA/dtg_30min_thenDecay/mpd_run_data_rctl_979_p90.FLOW.hdf5,2025-12-12 19:36:44.022000-06:00,4571
/global/cfs/cdirs/dune/www/data/2x2/nearline_run2/flowed_light/source_dtg_bin2/two_trig_40us_period_500tick/hv_65kV_beamC_25uA/dtg_30min_thenDecay/mpd_run_data_rctl_979_p91.FLOW.hdf5,2025-12-12 19:37:44.771000-06:00,4602
/global/cfs/cdirs/dune/www/data/2x2/nearline_run2/flowed_light/source_dtg_bin2/two_trig_40us_period_500tick/hv_65kV_beamC_25uA/dtg_30min_thenDecay/mpd_run_data_rctl_979_p92.FLOW.hdf5,2025-12-12 19:38:45.590000-06:00,4588
/global/cfs/cdirs/dune/www/data/2x2/nearline_run2/flowed_light/source_dtg_bin2/two_trig_40us_period_500tick/hv_65kV_beamC_25uA/dtg_30min_thenDecay/mpd_run_data_rctl_979_p93.FLOW.hdf5,2025-12-12 19:39:46.462000-06:00,4613
/global/cfs/cdirs/dune/www/data/2x2/nearline_run2/flowed_light/source_dtg_bin2/two_trig_40us_period_500tick/hv_65kV_beamC_25uA/dtg_30min_thenDecay/mpd_run_data_rctl_979_p94.FLOW.hdf5,2025-12-12 19:40:47.317000-06:00,4422
/global/cfs/cdirs/dune/www/data/2x2/nearline_run2/flowed_light/source_dtg_bin2/two_trig_40us_period_500tick/hv_65kV_beamC_25uA/dtg_30min_thenDecay/mpd_run_data_rctl_979_p95.FLOW.hdf5,2025-12-12 19:41:48.221000-06:00,4360
/global/cfs/cdirs/dune/www/data/2x2/nearline_run2/flowed_light/source_dtg_bin2/two_trig_40us_period_500tick/hv_65kV_beamC_25uA/dtg_30min_thenDecay/mpd_run_data_rctl_979_p96.FLOW.hdf5,2025-12-12 19:42:49.208000-06:00,4479
/global/cfs/cdirs/dune/www/data/2x2/nearline_run2/flowed_light/source_dtg_bin2/two_trig_40us_period_500tick/hv_65kV_beamC_25uA/dtg_30min_thenDecay/mpd_run_data_rctl_979_p97.FLOW.hdf5,2025-12-12 19:43:50.091000-06:00,4370
/global/cfs/cdirs/dune/www/data/2x2/nearline_run2/flowed_light/source_dtg_bin2/two_trig_40us_period_500tick/hv_65kV_beamC_25uA/dtg_30min_thenDecay/mpd_run_data_rctl_979_p98.FLOW.hdf5,2025-12-12 19:44:50.908000-06:00,4432
/global/cfs/cdirs/dune/www/data/2x2/nearline_run2/flowed_light/source_dtg_bin2/two_trig_40us_period_500tick/hv_65kV_beamC_25uA/dtg_30min_thenDecay/mpd_run_data_rctl_979_p99.FLOW.hdf5,2025-12-12 19:45:51.766000-06:00,4486
/global/cfs/cdirs/dune/www/data/2x2/nearline_run2/flowed_light/source_dtg_bin2/two_trig_40us_period_500tick/hv_65kV_beamC_25uA/dtg_30min_thenDecay/mpd_run_data_rctl_979_p100.FLOW.hdf5,2025-12-12 19:46:52.616000-06:00,4437
/global/cfs/cdirs/dune/www/data/2x2/nearline_run2/flowed_light/source_dtg_bin2/two_trig_40us_period_500tick/hv_65kV_beamC_25uA/dtg_30min_thenDecay/mpd_run_data_rctl_979_p101.FLOW.hdf5,2025-12-12 19:47:53.579000-06:00,4438
/global/cfs/cdirs/dune/www/data/2x2/nearline_run2/flowed_light/source_dtg_bin2/two_trig_40us_period_500tick/hv_65kV_beamC_25uA/dtg_30min_thenDecay/mpd_run_data_rctl_979_p102.FLOW.hdf5,2025-12-12 19:48:54.533000-06:00,4406
/global/cfs/cdirs/dune/www/data/2x2/nearline_run2/flowed_light/source_dtg_bin2/two_trig_40us_period_500tick/hv_65kV_beamC_25uA/dtg_30min_thenDecay/mpd_run_data_rctl_979_p103.FLOW.hdf5,2025-12-12 19:49:55.255000-06:00,4290
/global/cfs/cdirs/dune/www/data/2x2/nearline_run2/flowed_light/source_dtg_bin2/two_trig_40us_period_500tick/hv_65kV_beamC_25uA/dtg_30min_thenDecay/mpd_run_data_rctl_979_p104.FLOW.hdf5,2025-12-12 19:50:56.119000-06:00,4303
/global/cfs/cdirs/dune/www/data/2x2/nearline_run2/flowed_light/source_dtg_bin2/two_trig_40us_period_500tick/hv_65kV_beamC_25uA/dtg_30min_thenDecay/mpd_run_data_rctl_979_p105.FLOW.hdf5,2025-12-12 19:51:56.136000-06:00,4410
/global/cfs/cdirs/dune/www/data/2x2/nearline_run2/flowed_light/source_dtg_bin2/two_trig_40us_period_500tick/hv_65kV_beamC_25uA/dtg_30min_thenDecay/mpd_run_data_rctl_979_p106.FLOW.hdf5,2025-12-12 19:52:56.218000-06:00,4413
/global/cfs/cdirs/dune/www/data/2x2/nearline_run2/flowed_light/source_dtg_bin2/two_trig_40us_period_500tick/hv_65kV_beamC_25uA/dtg_30min_thenDecay/mpd_run_data_rctl_979_p107.FLOW.hdf5,2025-12-12 19:53:57.089000-06:00,4276
/global/cfs/cdirs/dune/www/data/2x2/nearline_run2/flowed_light/source_dtg_bin2/two_trig_40us_period_500tick/hv_65kV_beamC_25uA/dtg_30min_thenDecay/mpd_run_data_rctl_979_p108.FLOW.hdf5,2025-12-12 19:54:57.089000-06:00,4463
/global/cfs/cdirs/dune/www/data/2x2/nearline_run2/flowed_light/source_dtg_bin2/two_trig_40us_period_500tick/hv_65kV_beamC_25uA/dtg_30min_thenDecay/mpd_run_data_rctl_979_p109.FLOW.hdf5,2025-12-12 19:55:58.072000-06:00,4444
/global/cfs/cdirs/dune/www/data/2x2/nearline_run2/flowed_light/source_dtg_bin2/two_trig_40us_period_500tick/hv_65kV_beamC_25uA/dtg_30min_thenDecay/mpd_run_data_rctl_979_p110.FLOW.hdf5,2025-12-12 19:56:58.905000-06:00,4321
/global/cfs/cdirs/dune/www/data/2x2/nearline_run2/flowed_light/source_dtg_bin2/two_trig_40us_period_500tick/hv_65kV_beamC_25uA/dtg_30min_thenDecay/mpd_run_data_rctl_979_p111.FLOW.hdf5,2025-12-12 19:57:59.828000-06:00,4546
/global/cfs/cdirs/dune/www/data/2x2/nearline_run2/flowed_light/source_dtg_bin2/two_trig_40us_period_500tick/hv_65kV_beamC_25uA/dtg_30min_thenDecay/mpd_run_data_rctl_979_p112.FLOW.hdf5,2025-12-12 19:59:00.592000-06:00,4289
/global/cfs/cdirs/dune/www/data/2x2/nearline_run2/flowed_light/source_dtg_bin2/two_trig_40us_period_500tick/hv_65kV_beamC_25uA/dtg_30min_thenDecay/mpd_run_data_rctl_979_p113.FLOW.hdf5,2025-12-12 20:00:01.307000-06:00,4232
/global/cfs/cdirs/dune/www/data/2x2/nearline_run2/flowed_light/source_dtg_bin2/two_trig_40us_period_500tick/hv_65kV_beamC_25uA/dtg_30min_thenDecay/mpd_run_data_rctl_979_p114.FLOW.hdf5,2025-12-12 20:01:02.084000-06:00,4321
/global/cfs/cdirs/dune/www/data/2x2/nearline_run2/flowed_light/source_dtg_bin2/two_trig_40us_period_500tick/hv_65kV_beamC_25uA/dtg_30min_thenDecay/mpd_run_data_rctl_979_p115.FLOW.hdf5,2025-12-12 20:02:02.818000-06:00,4300
/global/cfs/cdirs/dune/www/data/2x2/nearline_run2/flowed_light/source_dtg_bin2/two_trig_40us_period_500tick/hv_65kV_beamC_25uA/dtg_30min_thenDecay/mpd_run_data_rctl_979_p116.FLOW.hdf5,2025-12-12 20:03:03.756000-06:00,4293
/global/cfs/cdirs/dune/www/data/2x2/nearline_run2/flowed_light/source_dtg_bin2/two_trig_40us_period_500tick/hv_65kV_beamC_25uA/dtg_30min_thenDecay/mpd_run_data_rctl_979_p117.FLOW.hdf5,2025-12-12 20:04:03.783000-06:00,4368
/global/cfs/cdirs/dune/www/data/2x2/nearline_run2/flowed_light/source_dtg_bin2/two_trig_40us_period_500tick/hv_65kV_beamC_25uA/dtg_30min_thenDecay/mpd_run_data_rctl_979_p118.FLOW.hdf5,2025-12-12 20:05:04.643000-06:00,4242
/global/cfs/cdirs/dune/www/data/2x2/nearline_run2/flowed_light/source_dtg_bin2/two_trig_40us_period_500tick/hv_65kV_beamC_25uA/dtg_30min_thenDecay/mpd_run_data_rctl_979_p119.FLOW.hdf5,2025-12-12 20:06:05.540000-06:00,4313
/global/cfs/cdirs/dune/www/data/2x2/nearline_run2/flowed_light/source_dtg_bin2/two_trig_40us_period_500tick/hv_65kV_beamC_25uA/dtg_30min_thenDecay/mpd_run_data_rctl_979_p120.FLOW.hdf5,2025-12-12 20:07:06.439000-06:00,4381
/global/cfs/cdirs/dune/www/data/2x2/nearline_run2/flowed_light/source_dtg_bin2/two_trig_40us_period_500tick/hv_65kV_beamC_25uA/dtg_30min_thenDecay/mpd_run_data_rctl_979_p121.FLOW.hdf5,2025-12-12 20:08:07.388000-06:00,4250
/global/cfs/cdirs/dune/www/data/2x2/nearline_run2/flowed_light/source_dtg_bin2/two_trig_40us_period_500tick/hv_65kV_beamC_25uA/dtg_30min_thenDecay/mpd_run_data_rctl_979_p122.FLOW.hdf5,2025-12-12 20:09:08.215000-06:00,4375
/global/cfs/cdirs/dune/www/data/2x2/nearline_run2/flowed_light/source_dtg_bin2/two_trig_40us_period_500tick/hv_65kV_beamC_25uA/dtg_30min_thenDecay/mpd_run_data_rctl_979_p123.FLOW.hdf5,2025-12-12 20:10:09.092000-06:00,4298
/global/cfs/cdirs/dune/www/data/2x2/nearline_run2/flowed_light/source_dtg_bin2/two_trig_40us_period_500tick/hv_65kV_beamC_25uA/dtg_30min_thenDecay/mpd_run_data_rctl_979_p124.FLOW.hdf5,2025-12-12 20:11:09.914000-06:00,4348
/global/cfs/cdirs/dune/www/data/2x2/nearline_run2/flowed_light/source_dtg_bin2/two_trig_40us_period_500tick/hv_65kV_beamC_25uA/dtg_30min_thenDecay/mpd_run_data_rctl_979_p125.FLOW.hdf5,2025-12-12 20:12:10.775000-06:00,4514
/global/cfs/cdirs/dune/www/data/2x2/nearline_run2/flowed_light/source_dtg_bin2/two_trig_40us_period_500tick/hv_65kV_beamC_25uA/dtg_30min_thenDecay/mpd_run_data_rctl_979_p126.FLOW.hdf5,2025-12-12 20:13:11.613000-06:00,10571
/global/cfs/cdirs/dune/www/data/2x2/nearline_run2/flowed_light/source_dtg_bin2/two_trig_40us_period_500tick/hv_65kV_beamC_25uA/dtg_30min_thenDecay/mpd_run_data_rctl_979_p127.FLOW.hdf5,2025-12-12 20:14:12.547000-06:00,14444
/global/cfs/cdirs/dune/www/data/2x2/nearline_run2/flowed_light/source_dtg_bin2/two_trig_40us_period_500tick/hv_65kV_beamC_25uA/dtg_30min_thenDecay/mpd_run_data_rctl_979_p128.FLOW.hdf5,2025-12-12 20:15:13.280000-06:00,14811
/global/cfs/cdirs/dune/www/data/2x2/nearline_run2/flowed_light/source_dtg_bin2/two_trig_40us_period_500tick/hv_65kV_beamC_25uA/dtg_30min_thenDecay/mpd_run_data_rctl_979_p129.FLOW.hdf5,2025-12-12 20:16:14.013000-06:00,9735
/global/cfs/cdirs/dune/www/data/2x2/nearline_run2/flowed_light/source_dtg_bin2/two_trig_40us_period_500tick/hv_65kV_beamC_25uA/dtg_30min_thenDecay/mpd_run_data_rctl_979_p130.FLOW.hdf5,2025-12-12 20:17:15.021000-06:00,11210
/global/cfs/cdirs/dune/www/data/2x2/nearline_run2/flowed_light/source_dtg_bin2/two_trig_40us_period_500tick/hv_65kV_beamC_25uA/dtg_30min_thenDecay/mpd_run_data_rctl_979_p131.FLOW.hdf5,2025-12-12 20:18:15.965000-06:00,8617
/global/cfs/cdirs/dune/www/data/2x2/nearline_run2/flowed_light/source_dtg_bin2/two_trig_40us_period_500tick/hv_65kV_beamC_25uA/dtg_30min_thenDecay/mpd_run_data_rctl_979_p132.FLOW.hdf5,2025-12-12 20:19:16.696000-06:00,5399
/global/cfs/cdirs/dune/www/data/2x2/nearline_run2/flowed_light/source_dtg_bin2/two_trig_40us_period_500tick/hv_65kV_beamC_25uA/dtg_30min_thenDecay/mpd_run_data_rctl_979_p133.FLOW.hdf5,2025-12-12 20:20:17.605000-06:00,4466
/global/cfs/cdirs/dune/www/data/2x2/nearline_run2/flowed_light/source_dtg_bin2/two_trig_40us_period_500tick/hv_65kV_beamC_25uA/dtg_30min_thenDecay/mpd_run_data_rctl_979_p134.FLOW.hdf5,2025-12-12 20:21:18.507000-06:00,4697
/global/cfs/cdirs/dune/www/data/2x2/nearline_run2/flowed_light/source_dtg_bin2/two_trig_40us_period_500tick/hv_65kV_beamC_25uA/dtg_30min_thenDecay/mpd_run_data_rctl_979_p135.FLOW.hdf5,2025-12-12 20:22:19.477000-06:00,4430
/global/cfs/cdirs/dune/www/data/2x2/nearline_run2/flowed_light/source_dtg_bin2/two_trig_40us_period_500tick/hv_65kV_beamC_25uA/dtg_30min_thenDecay/mpd_run_data_rctl_979_p136.FLOW.hdf5,2025-12-12 20:23:20.286000-06:00,4302
/global/cfs/cdirs/dune/www/data/2x2/nearline_run2/flowed_light/source_dtg_bin2/two_trig_40us_period_500tick/hv_65kV_beamC_25uA/dtg_30min_thenDecay/mpd_run_data_rctl_979_p137.FLOW.hdf5,2025-12-12 20:24:20.318000-06:00,4555
/global/cfs/cdirs/dune/www/data/2x2/nearline_run2/flowed_light/source_dtg_bin2/two_trig_40us_period_500tick/hv_65kV_beamC_25uA/dtg_30min_thenDecay/mpd_run_data_rctl_979_p138.FLOW.hdf5,2025-12-12 20:25:21.365000-06:00,4119
/global/cfs/cdirs/dune/www/data/2x2/nearline_run2/flowed_light/source_dtg_bin2/two_trig_40us_period_500tick/hv_65kV_beamC_25uA/dtg_30min_thenDecay/mpd_run_data_rctl_979_p139.FLOW.hdf5,2025-12-12 20:26:22.259000-06:00,4169
/global/cfs/cdirs/dune/www/data/2x2/nearline_run2/flowed_light/source_dtg_bin2/two_trig_40us_period_500tick/hv_65kV_beamC_25uA/dtg_30min_thenDecay/mpd_run_data_rctl_979_p140.FLOW.hdf5,2025-12-12 20:27:23.114000-06:00,4077
/global/cfs/cdirs/dune/www/data/2x2/nearline_run2/flowed_light/source_dtg_bin2/two_trig_40us_period_500tick/hv_65kV_beamC_25uA/dtg_30min_thenDecay/mpd_run_data_rctl_979_p141.FLOW.hdf5,2025-12-12 20:28:23.219000-06:00,4119
/global/cfs/cdirs/dune/www/data/2x2/nearline_run2/flowed_light/source_dtg_bin2/two_trig_40us_period_500tick/hv_65kV_beamC_25uA/dtg_30min_thenDecay/mpd_run_data_rctl_979_p142.FLOW.hdf5,2025-12-12 20:29:24.069000-06:00,4084
/global/cfs/cdirs/dune/www/data/2x2/nearline_run2/flowed_light/source_dtg_bin2/two_trig_40us_period_500tick/hv_65kV_beamC_25uA/dtg_30min_thenDecay/mpd_run_data_rctl_979_p143.FLOW.hdf5,2025-12-12 20:30:25.019000-06:00,4070
/global/cfs/cdirs/dune/www/data/2x2/nearline_run2/flowed_light/source_dtg_bin2/two_trig_40us_period_500tick/hv_65kV_beamC_25uA/dtg_30min_thenDecay/mpd_run_data_rctl_979_p144.FLOW.hdf5,2025-12-12 20:31:25.996000-06:00,4167
/global/cfs/cdirs/dune/www/data/2x2/nearline_run2/flowed_light/source_dtg_bin2/two_trig_40us_period_500tick/hv_65kV_beamC_25uA/dtg_30min_thenDecay/mpd_run_data_rctl_979_p145.FLOW.hdf5,2025-12-12 20:32:26.722000-06:00,3986
/global/cfs/cdirs/dune/www/data/2x2/nearline_run2/flowed_light/source_dtg_bin2/two_trig_40us_period_500tick/hv_65kV_beamC_25uA/dtg_30min_thenDecay/mpd_run_data_rctl_979_p146.FLOW.hdf5,2025-12-12 20:33:27.702000-06:00,4093
/global/cfs/cdirs/dune/www/data/2x2/nearline_run2/flowed_light/source_dtg_bin2/two_trig_40us_period_500tick/hv_65kV_beamC_25uA/dtg_30min_thenDecay/mpd_run_data_rctl_979_p147.FLOW.hdf5,2025-12-12 20:34:27.790000-06:00,4107
/global/cfs/cdirs/dune/www/data/2x2/nearline_run2/flowed_light/source_dtg_bin2/two_trig_40us_period_500tick/hv_65kV_beamC_25uA/dtg_30min_thenDecay/mpd_run_data_rctl_979_p148.FLOW.hdf5,2025-12-12 20:35:28.763000-06:00,3995
/global/cfs/cdirs/dune/www/data/2x2/nearline_run2/flowed_light/source_dtg_bin2/two_trig_40us_period_500tick/hv_65kV_beamC_25uA/dtg_30min_thenDecay/mpd_run_data_rctl_979_p149.FLOW.hdf5,2025-12-12 20:36:28.849000-06:00,4129
/global/cfs/cdirs/dune/www/data/2x2/nearline_run2/flowed_light/source_dtg_bin2/two_trig_40us_period_500tick/hv_65kV_beamC_25uA/dtg_30min_thenDecay/mpd_run_data_rctl_979_p150.FLOW.hdf5,2025-12-12 20:37:29.760000-06:00,4076
/global/cfs/cdirs/dune/www/data/2x2/nearline_run2/flowed_light/source_dtg_bin2/two_trig_40us_period_500tick/hv_65kV_beamC_25uA/dtg_30min_thenDecay/mpd_run_data_rctl_979_p151.FLOW.hdf5,2025-12-12 20:38:30.767000-06:00,4123
/global/cfs/cdirs/dune/www/data/2x2/nearline_run2/flowed_light/source_dtg_bin2/two_trig_40us_period_500tick/hv_65kV_beamC_25uA/dtg_30min_thenDecay/mpd_run_data_rctl_979_p152.FLOW.hdf5,2025-12-12 20:39:31.724000-06:00,4064
/global/cfs/cdirs/dune/www/data/2x2/nearline_run2/flowed_light/source_dtg_bin2/two_trig_40us_period_500tick/hv_65kV_beamC_25uA/dtg_30min_thenDecay/mpd_run_data_rctl_979_p153.FLOW.hdf5,2025-12-12 20:40:32.659000-06:00,4051
/global/cfs/cdirs/dune/www/data/2x2/nearline_run2/flowed_light/source_dtg_bin2/two_trig_40us_period_500tick/hv_65kV_beamC_25uA/dtg_30min_thenDecay/mpd_run_data_rctl_979_p154.FLOW.hdf5,2025-12-12 20:41:33.650000-06:00,4060
/global/cfs/cdirs/dune/www/data/2x2/nearline_run2/flowed_light/source_dtg_bin2/two_trig_40us_period_500tick/hv_65kV_beamC_25uA/dtg_30min_thenDecay/mpd_run_data_rctl_979_p155.FLOW.hdf5,2025-12-12 20:42:34.493000-06:00,3980
/global/cfs/cdirs/dune/www/data/2x2/nearline_run2/flowed_light/source_dtg_bin2/two_trig_40us_period_500tick/hv_65kV_beamC_25uA/dtg_30min_thenDecay/mpd_run_data_rctl_979_p156.FLOW.hdf5,2025-12-12 20:43:35.458000-06:00,4078
/global/cfs/cdirs/dune/www/data/2x2/nearline_run2/flowed_light/source_dtg_bin2/two_trig_40us_period_500tick/hv_65kV_beamC_25uA/dtg_30min_thenDecay/mpd_run_data_rctl_979_p157.FLOW.hdf5,2025-12-12 20:44:36.313000-06:00,3920
/global/cfs/cdirs/dune/www/data/2x2/nearline_run2/flowed_light/source_dtg_bin2/two_trig_40us_period_500tick/hv_65kV_beamC_25uA/dtg_30min_thenDecay/mpd_run_data_rctl_979_p158.FLOW.hdf5,2025-12-12 20:45:36.380000-06:00,4041
/global/cfs/cdirs/dune/www/data/2x2/nearline_run2/flowed_light/source_dtg_bin2/two_trig_40us_period_500tick/hv_65kV_beamC_25uA/dtg_30min_thenDecay/mpd_run_data_rctl_979_p159.FLOW.hdf5,2025-12-12 20:46:37.282000-06:00,3879
/global/cfs/cdirs/dune/www/data/2x2/nearline_run2/flowed_light/source_dtg_bin2/two_trig_40us_period_500tick/hv_65kV_beamC_25uA/dtg_30min_thenDecay/mpd_run_data_rctl_979_p160.FLOW.hdf5,2025-12-12 20:47:37.299000-06:00,4017
/global/cfs/cdirs/dune/www/data/2x2/nearline_run2/flowed_light/source_dtg_bin2/two_trig_40us_period_500tick/hv_65kV_beamC_25uA/dtg_30min_thenDecay/mpd_run_data_rctl_979_p161.FLOW.hdf5,2025-12-12 20:48:38.250000-06:00,4017
/global/cfs/cdirs/dune/www/data/2x2/nearline_run2/flowed_light/source_dtg_bin2/two_trig_40us_period_500tick/hv_65kV_beamC_25uA/dtg_30min_thenDecay/mpd_run_data_rctl_979_p162.FLOW.hdf5,2025-12-12 20:49:39.113000-06:00,3930
/global/cfs/cdirs/dune/www/data/2x2/nearline_run2/flowed_light/source_dtg_bin2/two_trig_40us_period_500tick/hv_65kV_beamC_25uA/dtg_30min_thenDecay/mpd_run_data_rctl_979_p163.FLOW.hdf5,2025-12-12 20:50:40.078000-06:00,4084
/global/cfs/cdirs/dune/www/data/2x2/nearline_run2/flowed_light/source_dtg_bin2/two_trig_40us_period_500tick/hv_65kV_beamC_25uA/dtg_30min_thenDecay/mpd_run_data_rctl_979_p164.FLOW.hdf5,2025-12-12 20:51:40.957000-06:00,4020
/global/cfs/cdirs/dune/www/data/2x2/nearline_run2/flowed_light/source_dtg_bin2/two_trig_40us_period_500tick/hv_65kV_beamC_25uA/dtg_30min_thenDecay/mpd_run_data_rctl_979_p165.FLOW.hdf5,2025-12-12 20:52:41.748000-06:00,4044
/global/cfs/cdirs/dune/www/data/2x2/nearline_run2/flowed_light/source_dtg_bin2/two_trig_40us_period_500tick/hv_65kV_beamC_25uA/dtg_30min_thenDecay/mpd_run_data_rctl_979_p166.FLOW.hdf5,2025-12-12 20:53:42.539000-06:00,3893
/global/cfs/cdirs/dune/www/data/2x2/nearline_run2/flowed_light/source_dtg_bin2/two_trig_40us_period_500tick/hv_65kV_beamC_25uA/dtg_30min_thenDecay/mpd_run_data_rctl_979_p167.FLOW.hdf5,2025-12-12 20:54:42.680000-06:00,3998
/global/cfs/cdirs/dune/www/data/2x2/nearline_run2/flowed_light/source_dtg_bin2/two_trig_40us_period_500tick/hv_65kV_beamC_25uA/dtg_30min_thenDecay/mpd_run_data_rctl_979_p168.FLOW.hdf5,2025-12-12 20:55:42.742000-06:00,3921
/global/cfs/cdirs/dune/www/data/2x2/nearline_run2/flowed_light/source_dtg_bin2/two_trig_40us_period_500tick/hv_65kV_beamC_25uA/dtg_30min_thenDecay/mpd_run_data_rctl_979_p169.FLOW.hdf5,2025-12-12 20:56:43.720000-06:00,3909
/global/cfs/cdirs/dune/www/data/2x2/nearline_run2/flowed_light/source_dtg_bin2/two_trig_40us_period_500tick/hv_65kV_beamC_25uA/dtg_30min_thenDecay/mpd_run_data_rctl_979_p170.FLOW.hdf5,2025-12-12 20:57:44.615000-06:00,3996
/global/cfs/cdirs/dune/www/data/2x2/nearline_run2/flowed_light/source_dtg_bin2/two_trig_40us_period_500tick/hv_65kV_beamC_25uA/dtg_30min_thenDecay/mpd_run_data_rctl_979_p171.FLOW.hdf5,2025-12-12 20:58:45.657000-06:00,3823
/global/cfs/cdirs/dune/www/data/2x2/nearline_run2/flowed_light/source_dtg_bin2/two_trig_40us_period_500tick/hv_65kV_beamC_25uA/dtg_30min_thenDecay/mpd_run_data_rctl_979_p172.FLOW.hdf5,2025-12-12 20:59:45.640000-06:00,3979
/global/cfs/cdirs/dune/www/data/2x2/nearline_run2/flowed_light/source_dtg_bin2/two_trig_40us_period_500tick/hv_65kV_beamC_25uA/dtg_30min_thenDecay/mpd_run_data_rctl_979_p173.FLOW.hdf5,2025-12-12 21:00:46.458000-06:00,4015
/global/cfs/cdirs/dune/www/data/2x2/nearline_run2/flowed_light/source_dtg_bin2/two_trig_40us_period_500tick/hv_65kV_beamC_25uA/dtg_30min_thenDecay/mpd_run_data_rctl_979_p174.FLOW.hdf5,2025-12-12 21:01:47.382000-06:00,4041
/global/cfs/cdirs/dune/www/data/2x2/nearline_run2/flowed_light/source_dtg_bin2/two_trig_40us_period_500tick/hv_65kV_beamC_25uA/dtg_30min_thenDecay/mpd_run_data_rctl_979_p175.FLOW.hdf5,2025-12-12 21:02:48.365000-06:00,3870
/global/cfs/cdirs/dune/www/data/2x2/nearline_run2/flowed_light/source_dtg_bin2/two_trig_40us_period_500tick/hv_65kV_beamC_25uA/dtg_30min_thenDecay/mpd_run_data_rctl_979_p176.FLOW.hdf5,2025-12-12 21:03:49.250000-06:00,3856
/global/cfs/cdirs/dune/www/data/2x2/nearline_run2/flowed_light/source_dtg_bin2/two_trig_40us_period_500tick/hv_65kV_beamC_25uA/dtg_30min_thenDecay/mpd_run_data_rctl_979_p177.FLOW.hdf5,2025-12-12 21:04:49.320000-06:00,3802
/global/cfs/cdirs/dune/www/data/2x2/nearline_run2/flowed_light/source_dtg_bin2/two_trig_40us_period_500tick/hv_65kV_beamC_25uA/dtg_30min_thenDecay/mpd_run_data_rctl_979_p178.FLOW.hdf5,2025-12-12 21:05:49.356000-06:00,3915
/global/cfs/cdirs/dune/www/data/2x2/nearline_run2/flowed_light/source_dtg_bin2/two_trig_40us_period_500tick/hv_65kV_beamC_25uA/dtg_30min_thenDecay/mpd_run_data_rctl_979_p179.FLOW.hdf5,2025-12-12 21:06:50.345000-06:00,3955
/global/cfs/cdirs/dune/www/data/2x2/nearline_run2/flowed_light/source_dtg_bin2/two_trig_40us_period_500tick/hv_65kV_beamC_25uA/dtg_30min_thenDecay/mpd_run_data_rctl_979_p180.FLOW.hdf5,2025-12-12 21:07:51.219000-06:00,3914
/global/cfs/cdirs/dune/www/data/2x2/nearline_run2/flowed_light/source_dtg_bin2/two_trig_40us_period_500tick/hv_65kV_beamC_25uA/dtg_30min_thenDecay/mpd_run_data_rctl_979_p181.FLOW.hdf5,2025-12-12 21:08:52.151000-06:00,3898
/global/cfs/cdirs/dune/www/data/2x2/nearline_run2/flowed_light/source_dtg_bin2/two_trig_40us_period_500tick/hv_65kV_beamC_25uA/dtg_30min_thenDecay/mpd_run_data_rctl_979_p182.FLOW.hdf5,2025-12-12 21:09:53.153000-06:00,3814
/global/cfs/cdirs/dune/www/data/2x2/nearline_run2/flowed_light/source_dtg_bin2/two_trig_40us_period_500tick/hv_65kV_beamC_25uA/dtg_30min_thenDecay/mpd_run_data_rctl_979_p183.FLOW.hdf5,2025-12-12 21:10:53.214000-06:00,3973
/global/cfs/cdirs/dune/www/data/2x2/nearline_run2/flowed_light/source_dtg_bin2/two_trig_40us_period_500tick/hv_65kV_beamC_25uA/dtg_30min_thenDecay/mpd_run_data_rctl_979_p184.FLOW.hdf5,2025-12-12 21:11:54.079000-06:00,3756
/global/cfs/cdirs/dune/www/data/2x2/nearline_run2/flowed_light/source_dtg_bin2/two_trig_40us_period_500tick/hv_65kV_beamC_25uA/dtg_30min_thenDecay/mpd_run_data_rctl_979_p185.FLOW.hdf5,2025-12-12 21:12:54.124000-06:00,3839
/global/cfs/cdirs/dune/www/data/2x2/nearline_run2/flowed_light/source_dtg_bin2/two_trig_40us_period_500tick/hv_65kV_beamC_25uA/dtg_30min_thenDecay/mpd_run_data_rctl_979_p186.FLOW.hdf5,2025-12-12 21:13:55.038000-06:00,3830
/global/cfs/cdirs/dune/www/data/2x2/nearline_run2/flowed_light/source_dtg_bin2/two_trig_40us_period_500tick/hv_65kV_beamC_25uA/dtg_30min_thenDecay/mpd_run_data_rctl_979_p187.FLOW.hdf5,2025-12-12 21:14:55.950000-06:00,3845
/global/cfs/cdirs/dune/www/data/2x2/nearline_run2/flowed_light/source_dtg_bin2/two_trig_40us_period_500tick/hv_65kV_beamC_25uA/dtg_30min_thenDecay/mpd_run_data_rctl_979_p188.FLOW.hdf5,2025-12-12 21:15:56.962000-06:00,3823
/global/cfs/cdirs/dune/www/data/2x2/nearline_run2/flowed_light/source_dtg_bin2/two_trig_40us_period_500tick/hv_65kV_beamC_25uA/dtg_30min_thenDecay/mpd_run_data_rctl_979_p189.FLOW.hdf5,2025-12-12 21:16:57.023000-06:00,3799
/global/cfs/cdirs/dune/www/data/2x2/nearline_run2/flowed_light/source_dtg_bin2/two_trig_40us_period_500tick/hv_65kV_beamC_25uA/dtg_30min_thenDecay/mpd_run_data_rctl_979_p190.FLOW.hdf5,2025-12-12 21:17:57.875000-06:00,3769
/global/cfs/cdirs/dune/www/data/2x2/nearline_run2/flowed_light/source_dtg_bin2/two_trig_40us_period_500tick/hv_65kV_beamC_25uA/dtg_30min_thenDecay/mpd_run_data_rctl_979_p191.FLOW.hdf5,2025-12-12 21:18:58.816000-06:00,3729
/global/cfs/cdirs/dune/www/data/2x2/nearline_run2/flowed_light/source_dtg_bin2/two_trig_40us_period_500tick/hv_65kV_beamC_25uA/dtg_30min_thenDecay/mpd_run_data_rctl_979_p192.FLOW.hdf5,2025-12-12 21:19:59.831000-06:00,3864
/global/cfs/cdirs/dune/www/data/2x2/nearline_run2/flowed_light/source_dtg_bin2/two_trig_40us_period_500tick/hv_65kV_beamC_25uA/dtg_30min_thenDecay/mpd_run_data_rctl_979_p193.FLOW.hdf5,2025-12-12 21:21:00.733000-06:00,3767
/global/cfs/cdirs/dune/www/data/2x2/nearline_run2/flowed_light/source_dtg_bin2/two_trig_40us_period_500tick/hv_65kV_beamC_25uA/dtg_30min_thenDecay/mpd_run_data_rctl_979_p194.FLOW.hdf5,2025-12-12 21:22:01.719000-06:00,3799
/global/cfs/cdirs/dune/www/data/2x2/nearline_run2/flowed_light/source_dtg_bin2/two_trig_40us_period_500tick/hv_65kV_beamC_25uA/dtg_30min_thenDecay/mpd_run_data_rctl_979_p195.FLOW.hdf5,2025-12-12 21:23:02.523000-06:00,3742
/global/cfs/cdirs/dune/www/data/2x2/nearline_run2/flowed_light/source_dtg_bin2/two_trig_40us_period_500tick/hv_65kV_beamC_25uA/dtg_30min_thenDecay/mpd_run_data_rctl_979_p196.FLOW.hdf5,2025-12-12 21:24:03.460000-06:00,3835
/global/cfs/cdirs/dune/www/data/2x2/nearline_run2/flowed_light/source_dtg_bin2/two_trig_40us_period_500tick/hv_65kV_beamC_25uA/dtg_30min_thenDecay/mpd_run_data_rctl_979_p197.FLOW.hdf5,2025-12-12 21:25:04.431000-06:00,3789
/global/cfs/cdirs/dune/www/data/2x2/nearline_run2/flowed_light/source_dtg_bin2/two_trig_40us_period_500tick/hv_65kV_beamC_25uA/dtg_30min_thenDecay/mpd_run_data_rctl_979_p198.FLOW.hdf5,2025-12-12 21:26:05.397000-06:00,3599
/global/cfs/cdirs/dune/www/data/2x2/nearline_run2/flowed_light/source_dtg_bin2/two_trig_40us_period_500tick/hv_65kV_beamC_25uA/dtg_30min_thenDecay/mpd_run_data_rctl_979_p199.FLOW.hdf5,2025-12-12 21:27:05.533000-06:00,3878
/global/cfs/cdirs/dune/www/data/2x2/nearline_run2/flowed_light/source_dtg_bin2/two_trig_40us_period_500tick/hv_65kV_beamC_25uA/dtg_30min_thenDecay/mpd_run_data_rctl_979_p200.FLOW.hdf5,2025-12-12 21:28:06.407000-06:00,3691
/global/cfs/cdirs/dune/www/data/2x2/nearline_run2/flowed_light/source_dtg_bin2/two_trig_40us_period_500tick/hv_65kV_beamC_25uA/dtg_30min_thenDecay/mpd_run_data_rctl_979_p201.FLOW.hdf5,2025-12-12 21:29:06.469000-06:00,3857
/global/cfs/cdirs/dune/www/data/2x2/nearline_run2/flowed_light/source_dtg_bin2/two_trig_40us_period_500tick/hv_65kV_beamC_25uA/dtg_30min_thenDecay/mpd_run_data_rctl_979_p202.FLOW.hdf5,2025-12-12 21:30:07.409000-06:00,3817
/global/cfs/cdirs/dune/www/data/2x2/nearline_run2/flowed_light/source_dtg_bin2/two_trig_40us_period_500tick/hv_65kV_beamC_25uA/dtg_30min_thenDecay/mpd_run_data_rctl_979_p203.FLOW.hdf5,2025-12-12 21:31:08.412000-06:00,3658
/global/cfs/cdirs/dune/www/data/2x2/nearline_run2/flowed_light/source_dtg_bin2/two_trig_40us_period_500tick/hv_65kV_beamC_25uA/dtg_30min_thenDecay/mpd_run_data_rctl_979_p204.FLOW.hdf5,2025-12-12 21:32:08.525000-06:00,3622
/global/cfs/cdirs/dune/www/data/2x2/nearline_run2/flowed_light/source_dtg_bin2/two_trig_40us_period_500tick/hv_65kV_beamC_25uA/dtg_30min_thenDecay/mpd_run_data_rctl_979_p205.FLOW.hdf5,2025-12-12 21:33:08.585000-06:00,3625
/global/cfs/cdirs/dune/www/data/2x2/nearline_run2/flowed_light/source_dtg_bin2/two_trig_40us_period_500tick/hv_65kV_beamC_25uA/dtg_30min_thenDecay/mpd_run_data_rctl_979_p206.FLOW.hdf5,2025-12-12 21:34:08.603000-06:00,3729
/global/cfs/cdirs/dune/www/data/2x2/nearline_run2/flowed_light/source_dtg_bin2/two_trig_40us_period_500tick/hv_65kV_beamC_25uA/dtg_30min_thenDecay/mpd_run_data_rctl_979_p207.FLOW.hdf5,2025-12-12 21:35:09.479000-06:00,3726
/global/cfs/cdirs/dune/www/data/2x2/nearline_run2/flowed_light/source_dtg_bin2/two_trig_40us_period_500tick/hv_65kV_beamC_25uA/dtg_30min_thenDecay/mpd_run_data_rctl_979_p208.FLOW.hdf5,2025-12-12 21:36:10.345000-06:00,3717
/global/cfs/cdirs/dune/www/data/2x2/nearline_run2/flowed_light/source_dtg_bin2/two_trig_40us_period_500tick/hv_65kV_beamC_25uA/dtg_30min_thenDecay/mpd_run_data_rctl_979_p209.FLOW.hdf5,2025-12-12 21:37:10.473000-06:00,3730
/global/cfs/cdirs/dune/www/data/2x2/nearline_run2/flowed_light/source_dtg_bin2/two_trig_40us_period_500tick/hv_65kV_beamC_25uA/dtg_30min_thenDecay/mpd_run_data_rctl_979_p210.FLOW.hdf5,2025-12-12 21:38:10.500000-06:00,3712
/global/cfs/cdirs/dune/www/data/2x2/nearline_run2/flowed_light/source_dtg_bin2/two_trig_40us_period_500tick/hv_65kV_beamC_25uA/dtg_30min_thenDecay/mpd_run_data_rctl_979_p211.FLOW.hdf5,2025-12-12 21:39:11.500000-06:00,3646
/global/cfs/cdirs/dune/www/data/2x2/nearline_run2/flowed_light/source_dtg_bin2/two_trig_40us_period_500tick/hv_65kV_beamC_25uA/dtg_30min_thenDecay/mpd_run_data_rctl_979_p212.FLOW.hdf5,2025-12-12 21:40:11.676000-06:00,3813
/global/cfs/cdirs/dune/www/data/2x2/nearline_run2/flowed_light/source_dtg_bin2/two_trig_40us_period_500tick/hv_65kV_beamC_25uA/dtg_30min_thenDecay/mpd_run_data_rctl_979_p213.FLOW.hdf5,2025-12-12 21:41:12.533000-06:00,4014
/global/cfs/cdirs/dune/www/data/2x2/nearline_run2/flowed_light/source_dtg_bin2/two_trig_40us_period_500tick/hv_65kV_beamC_25uA/dtg_30min_thenDecay/mpd_run_data_rctl_979_p214.FLOW.hdf5,2025-12-12 21:42:12.583000-06:00,4354
/global/cfs/cdirs/dune/www/data/2x2/nearline_run2/flowed_light/source_dtg_bin2/two_trig_40us_period_500tick/hv_65kV_beamC_25uA/dtg_30min_thenDecay/mpd_run_data_rctl_979_p215.FLOW.hdf5,2025-12-12 21:43:12.594000-06:00,3775
/global/cfs/cdirs/dune/www/data/2x2/nearline_run2/flowed_light/source_dtg_bin2/two_trig_40us_period_500tick/hv_65kV_beamC_25uA/dtg_30min_thenDecay/mpd_run_data_rctl_979_p216.FLOW.hdf5,2025-12-12 21:44:13.496000-06:00,3650
/global/cfs/cdirs/dune/www/data/2x2/nearline_run2/flowed_light/source_dtg_bin2/two_trig_40us_period_500tick/hv_65kV_beamC_25uA/dtg_30min_thenDecay/mpd_run_data_rctl_979_p217.FLOW.hdf5,2025-12-12 21:45:13.583000-06:00,3749
/global/cfs/cdirs/dune/www/data/2x2/nearline_run2/flowed_light/source_dtg_bin2/two_trig_40us_period_500tick/hv_65kV_beamC_25uA/dtg_30min_thenDecay/mpd_run_data_rctl_979_p218.FLOW.hdf5,2025-12-12 21:46:14.497000-06:00,3756
/global/cfs/cdirs/dune/www/data/2x2/nearline_run2/flowed_light/source_dtg_bin2/two_trig_40us_period_500tick/hv_65kV_beamC_25uA/dtg_30min_thenDecay/mpd_run_data_rctl_979_p219.FLOW.hdf5,2025-12-12 21:47:15.415000-06:00,3679
/global/cfs/cdirs/dune/www/data/2x2/nearline_run2/flowed_light/source_dtg_bin2/two_trig_40us_period_500tick/hv_65kV_beamC_25uA/dtg_30min_thenDecay/mpd_run_data_rctl_979_p220.FLOW.hdf5,2025-12-12 21:48:16.341000-06:00,3737
/global/cfs/cdirs/dune/www/data/2x2/nearline_run2/flowed_light/source_dtg_bin2/two_trig_40us_period_500tick/hv_65kV_beamC_25uA/dtg_30min_thenDecay/mpd_run_data_rctl_979_p221.FLOW.hdf5,2025-12-12 21:49:16.353000-06:00,3702
/global/cfs/cdirs/dune/www/data/2x2/nearline_run2/flowed_light/source_dtg_bin2/two_trig_40us_period_500tick/hv_65kV_beamC_25uA/dtg_30min_thenDecay/mpd_run_data_rctl_979_p222.FLOW.hdf5,2025-12-12 21:50:17.308000-06:00,3638
/global/cfs/cdirs/dune/www/data/2x2/nearline_run2/flowed_light/source_dtg_bin2/two_trig_40us_period_500tick/hv_65kV_beamC_25uA/dtg_30min_thenDecay/mpd_run_data_rctl_979_p223.FLOW.hdf5,2025-12-12 21:51:18.149000-06:00,3691
/global/cfs/cdirs/dune/www/data/2x2/nearline_run2/flowed_light/source_dtg_bin2/two_trig_40us_period_500tick/hv_65kV_beamC_25uA/dtg_30min_thenDecay/mpd_run_data_rctl_979_p224.FLOW.hdf5,2025-12-12 21:52:18.413000-06:00,3640
/global/cfs/cdirs/dune/www/data/2x2/nearline_run2/flowed_light/source_dtg_bin2/two_trig_40us_period_500tick/hv_65kV_beamC_25uA/dtg_30min_thenDecay/mpd_run_data_rctl_979_p225.FLOW.hdf5,2025-12-12 21:53:19.286000-06:00,3519
/global/cfs/cdirs/dune/www/data/2x2/nearline_run2/flowed_light/source_dtg_bin2/two_trig_40us_period_500tick/hv_65kV_beamC_25uA/dtg_30min_thenDecay/mpd_run_data_rctl_979_p226.FLOW.hdf5,2025-12-12 21:54:20.310000-06:00,3666
/global/cfs/cdirs/dune/www/data/2x2/nearline_run2/flowed_light/source_dtg_bin2/two_trig_40us_period_500tick/hv_65kV_beamC_25uA/dtg_30min_thenDecay/mpd_run_data_rctl_979_p227.FLOW.hdf5,2025-12-12 21:55:21.150000-06:00,3696
/global/cfs/cdirs/dune/www/data/2x2/nearline_run2/flowed_light/source_dtg_bin2/two_trig_40us_period_500tick/hv_65kV_beamC_25uA/dtg_30min_thenDecay/mpd_run_data_rctl_979_p228.FLOW.hdf5,2025-12-12 21:56:22.106000-06:00,3589
/global/cfs/cdirs/dune/www/data/2x2/nearline_run2/flowed_light/source_dtg_bin2/two_trig_40us_period_500tick/hv_65kV_beamC_25uA/dtg_30min_thenDecay/mpd_run_data_rctl_979_p229.FLOW.hdf5,2025-12-12 21:57:22.358000-06:00,3605
/global/cfs/cdirs/dune/www/data/2x2/nearline_run2/flowed_light/source_dtg_bin2/two_trig_40us_period_500tick/hv_65kV_beamC_25uA/dtg_30min_thenDecay/mpd_run_data_rctl_979_p230.FLOW.hdf5,2025-12-12 21:58:23.279000-06:00,3542
/global/cfs/cdirs/dune/www/data/2x2/nearline_run2/flowed_light/source_dtg_bin2/two_trig_40us_period_500tick/hv_65kV_beamC_25uA/dtg_30min_thenDecay/mpd_run_data_rctl_979_p231.FLOW.hdf5,2025-12-12 21:59:23.370000-06:00,3629
/global/cfs/cdirs/dune/www/data/2x2/nearline_run2/flowed_light/source_dtg_bin2/two_trig_40us_period_500tick/hv_65kV_beamC_25uA/dtg_30min_thenDecay/mpd_run_data_rctl_979_p232.FLOW.hdf5,2025-12-12 22:00:24.198000-06:00,3536
/global/cfs/cdirs/dune/www/data/2x2/nearline_run2/flowed_light/source_dtg_bin2/two_trig_40us_period_500tick/hv_65kV_beamC_25uA/dtg_30min_thenDecay/mpd_run_data_rctl_979_p233.FLOW.hdf5,2025-12-12 22:01:24.284000-06:00,3689
/global/cfs/cdirs/dune/www/data/2x2/nearline_run2/flowed_light/source_dtg_bin2/two_trig_40us_period_500tick/hv_65kV_beamC_25uA/dtg_30min_thenDecay/mpd_run_data_rctl_979_p234.FLOW.hdf5,2025-12-12 22:02:25.236000-06:00,3556
/global/cfs/cdirs/dune/www/data/2x2/nearline_run2/flowed_light/source_dtg_bin2/two_trig_40us_period_500tick/hv_65kV_beamC_25uA/dtg_30min_thenDecay/mpd_run_data_rctl_979_p235.FLOW.hdf5,2025-12-12 22:03:25.388000-06:00,3559
/global/cfs/cdirs/dune/www/data/2x2/nearline_run2/flowed_light/source_dtg_bin2/two_trig_40us_period_500tick/hv_65kV_beamC_25uA/dtg_30min_thenDecay/mpd_run_data_rctl_979_p236.FLOW.hdf5,2025-12-12 22:04:25.411000-06:00,3542
/global/cfs/cdirs/dune/www/data/2x2/nearline_run2/flowed_light/source_dtg_bin2/two_trig_40us_period_500tick/hv_65kV_beamC_25uA/dtg_30min_thenDecay/mpd_run_data_rctl_979_p237.FLOW.hdf5,2025-12-12 22:05:26.311000-06:00,3608
/global/cfs/cdirs/dune/www/data/2x2/nearline_run2/flowed_light/source_dtg_bin2/two_trig_40us_period_500tick/hv_65kV_beamC_25uA/dtg_30min_thenDecay/mpd_run_data_rctl_979_p238.FLOW.hdf5,2025-12-12 22:06:27.372000-06:00,3654
/global/cfs/cdirs/dune/www/data/2x2/nearline_run2/flowed_light/source_dtg_bin2/two_trig_40us_period_500tick/hv_65kV_beamC_25uA/dtg_30min_thenDecay/mpd_run_data_rctl_979_p239.FLOW.hdf5,2025-12-12 22:07:28.221000-06:00,3526
/global/cfs/cdirs/dune/www/data/2x2/nearline_run2/flowed_light/source_dtg_bin2/two_trig_40us_period_500tick/hv_65kV_beamC_25uA/dtg_30min_thenDecay/mpd_run_data_rctl_979_p240.FLOW.hdf5,2025-12-12 22:08:28.286000-06:00,3595
/global/cfs/cdirs/dune/www/data/2x2/nearline_run2/flowed_light/source_dtg_bin2/two_trig_40us_period_500tick/hv_65kV_beamC_25uA/dtg_30min_thenDecay/mpd_run_data_rctl_979_p241.FLOW.hdf5,2025-12-12 22:09:29.214000-06:00,3554
/global/cfs/cdirs/dune/www/data/2x2/nearline_run2/flowed_light/source_dtg_bin2/two_trig_40us_period_500tick/hv_65kV_beamC_25uA/dtg_30min_thenDecay/mpd_run_data_rctl_979_p242.FLOW.hdf5,2025-12-12 22:10:29.252000-06:00,3640
/global/cfs/cdirs/dune/www/data/2x2/nearline_run2/flowed_light/source_dtg_bin2/two_trig_40us_period_500tick/hv_65kV_beamC_25uA/dtg_30min_thenDecay/mpd_run_data_rctl_979_p243.FLOW.hdf5,2025-12-12 22:11:30.243000-06:00,3557
/global/cfs/cdirs/dune/www/data/2x2/nearline_run2/flowed_light/source_dtg_bin2/two_trig_40us_period_500tick/hv_65kV_beamC_25uA/dtg_30min_thenDecay/mpd_run_data_rctl_979_p244.FLOW.hdf5,2025-12-12 22:12:30.278000-06:00,3652
/global/cfs/cdirs/dune/www/data/2x2/nearline_run2/flowed_light/source_dtg_bin2/two_trig_40us_period_500tick/hv_65kV_beamC_25uA/dtg_30min_thenDecay/mpd_run_data_rctl_979_p245.FLOW.hdf5,2025-12-12 22:13:30.453000-06:00,3576
/global/cfs/cdirs/dune/www/data/2x2/nearline_run2/flowed_light/source_dtg_bin2/two_trig_40us_period_500tick/hv_65kV_beamC_25uA/dtg_30min_thenDecay/mpd_run_data_rctl_979_p246.FLOW.hdf5,2025-12-12 22:14:30.490000-06:00,3533
/global/cfs/cdirs/dune/www/data/2x2/nearline_run2/flowed_light/source_dtg_bin2/two_trig_40us_period_500tick/hv_65kV_beamC_25uA/dtg_30min_thenDecay/mpd_run_data_rctl_979_p247.FLOW.hdf5,2025-12-12 22:15:30.618000-06:00,3525
/global/cfs/cdirs/dune/www/data/2x2/nearline_run2/flowed_light/source_dtg_bin2/two_trig_40us_period_500tick/hv_65kV_beamC_25uA/dtg_30min_thenDecay/mpd_run_data_rctl_979_p248.FLOW.hdf5,2025-12-12 22:16:31.673000-06:00,3510
/global/cfs/cdirs/dune/www/data/2x2/nearline_run2/flowed_light/source_dtg_bin2/two_trig_40us_period_500tick/hv_65kV_beamC_25uA/dtg_30min_thenDecay/mpd_run_data_rctl_979_p249.FLOW.hdf5,2025-12-12 22:17:31.782000-06:00,3645
/global/cfs/cdirs/dune/www/data/2x2/nearline_run2/flowed_light/source_dtg_bin2/two_trig_40us_period_500tick/hv_65kV_beamC_25uA/dtg_30min_thenDecay/mpd_run_data_rctl_979_p250.FLOW.hdf5,2025-12-12 22:18:32.762000-06:00,3453
/global/cfs/cdirs/dune/www/data/2x2/nearline_run2/flowed_light/source_dtg_bin2/two_trig_40us_period_500tick/hv_65kV_beamC_25uA/dtg_30min_thenDecay/mpd_run_data_rctl_979_p251.FLOW.hdf5,2025-12-12 22:19:32.858000-06:00,3549
/global/cfs/cdirs/dune/www/data/2x2/nearline_run2/flowed_light/source_dtg_bin2/two_trig_40us_period_500tick/hv_65kV_beamC_25uA/dtg_30min_thenDecay/mpd_run_data_rctl_979_p252.FLOW.hdf5,2025-12-12 22:20:32.888000-06:00,3596
/global/cfs/cdirs/dune/www/data/2x2/nearline_run2/flowed_light/source_dtg_bin2/two_trig_40us_period_500tick/hv_65kV_beamC_25uA/dtg_30min_thenDecay/mpd_run_data_rctl_979_p253.FLOW.hdf5,2025-12-12 22:21:33.800000-06:00,3522
/global/cfs/cdirs/dune/www/data/2x2/nearline_run2/flowed_light/source_dtg_bin2/two_trig_40us_period_500tick/hv_65kV_beamC_25uA/dtg_30min_thenDecay/mpd_run_data_rctl_979_p254.FLOW.hdf5,2025-12-12 22:22:33.836000-06:00,3487
/global/cfs/cdirs/dune/www/data/2x2/nearline_run2/flowed_light/source_dtg_bin2/two_trig_40us_period_500tick/hv_65kV_beamC_25uA/dtg_30min_thenDecay/mpd_run_data_rctl_979_p255.FLOW.hdf5,2025-12-12 22:23:33.876000-06:00,4382
/global/cfs/cdirs/dune/www/data/2x2/nearline_run2/flowed_light/source_dtg_bin2/two_trig_40us_period_500tick/hv_65kV_beamC_25uA/dtg_30min_thenDecay/mpd_run_data_rctl_979_p256.FLOW.hdf5,2025-12-12 22:24:33.892000-06:00,3565
/global/cfs/cdirs/dune/www/data/2x2/nearline_run2/flowed_light/source_dtg_bin2/two_trig_40us_period_500tick/hv_65kV_beamC_25uA/dtg_30min_thenDecay/mpd_run_data_rctl_979_p257.FLOW.hdf5,2025-12-12 22:25:34.875000-06:00,3503
/global/cfs/cdirs/dune/www/data/2x2/nearline_run2/flowed_light/source_dtg_bin2/two_trig_40us_period_500tick/hv_65kV_beamC_25uA/dtg_30min_thenDecay/mpd_run_data_rctl_979_p258.FLOW.hdf5,2025-12-12 22:26:34.945000-06:00,3588
/global/cfs/cdirs/dune/www/data/2x2/nearline_run2/flowed_light/source_dtg_bin2/two_trig_40us_period_500tick/hv_65kV_beamC_25uA/dtg_30min_thenDecay/mpd_run_data_rctl_979_p259.FLOW.hdf5,2025-12-12 22:27:35.885000-06:00,3478
/global/cfs/cdirs/dune/www/data/2x2/nearline_run2/flowed_light/source_dtg_bin2/two_trig_40us_period_500tick/hv_65kV_beamC_25uA/dtg_30min_thenDecay/mpd_run_data_rctl_979_p260.FLOW.hdf5,2025-12-12 22:28:35.976000-06:00,3440
/global/cfs/cdirs/dune/www/data/2x2/nearline_run2/flowed_light/source_dtg_bin2/two_trig_40us_period_500tick/hv_65kV_beamC_25uA/dtg_30min_thenDecay/mpd_run_data_rctl_979_p261.FLOW.hdf5,2025-12-12 22:29:36.172000-06:00,3524
/global/cfs/cdirs/dune/www/data/2x2/nearline_run2/flowed_light/source_dtg_bin2/two_trig_40us_period_500tick/hv_65kV_beamC_25uA/dtg_30min_thenDecay/mpd_run_data_rctl_979_p262.FLOW.hdf5,2025-12-12 22:30:36.226000-06:00,3477
/global/cfs/cdirs/dune/www/data/2x2/nearline_run2/flowed_light/source_dtg_bin2/two_trig_40us_period_500tick/hv_65kV_beamC_25uA/dtg_30min_thenDecay/mpd_run_data_rctl_979_p263.FLOW.hdf5,2025-12-12 22:31:37.331000-06:00,3469
/global/cfs/cdirs/dune/www/data/2x2/nearline_run2/flowed_light/source_dtg_bin2/two_trig_40us_period_500tick/hv_65kV_beamC_25uA/dtg_30min_thenDecay/mpd_run_data_rctl_979_p264.FLOW.hdf5,2025-12-12 22:32:38.290000-06:00,3470
/global/cfs/cdirs/dune/www/data/2x2/nearline_run2/flowed_light/source_dtg_bin2/two_trig_40us_period_500tick/hv_65kV_beamC_25uA/dtg_30min_thenDecay/mpd_run_data_rctl_979_p265.FLOW.hdf5,2025-12-12 22:33:38.326000-06:00,3474
/global/cfs/cdirs/dune/www/data/2x2/nearline_run2/flowed_light/source_dtg_bin2/two_trig_40us_period_500tick/hv_65kV_beamC_25uA/dtg_30min_thenDecay/mpd_run_data_rctl_979_p266.FLOW.hdf5,2025-12-12 22:34:38.618000-06:00,3464
/global/cfs/cdirs/dune/www/data/2x2/nearline_run2/flowed_light/source_dtg_bin2/two_trig_40us_period_500tick/hv_65kV_beamC_25uA/dtg_30min_thenDecay/mpd_run_data_rctl_979_p267.FLOW.hdf5,2025-12-12 22:35:39.493000-06:00,3390
/global/cfs/cdirs/dune/www/data/2x2/nearline_run2/flowed_light/source_dtg_bin2/two_trig_40us_period_500tick/hv_65kV_beamC_25uA/dtg_30min_thenDecay/mpd_run_data_rctl_979_p268.FLOW.hdf5,2025-12-12 22:36:39.690000-06:00,3574
/global/cfs/cdirs/dune/www/data/2x2/nearline_run2/flowed_light/source_dtg_bin2/two_trig_40us_period_500tick/hv_65kV_beamC_25uA/dtg_30min_thenDecay/mpd_run_data_rctl_979_p269.FLOW.hdf5,2025-12-12 22:37:39.791000-06:00,3468
/global/cfs/cdirs/dune/www/data/2x2/nearline_run2/flowed_light/source_dtg_bin2/two_trig_40us_period_500tick/hv_65kV_beamC_25uA/dtg_30min_thenDecay/mpd_run_data_rctl_979_p270.FLOW.hdf5,2025-12-12 22:38:40.826000-06:00,3499
/global/cfs/cdirs/dune/www/data/2x2/nearline_run2/flowed_light/source_dtg_bin2/two_trig_40us_period_500tick/hv_65kV_beamC_25uA/dtg_30min_thenDecay/mpd_run_data_rctl_979_p271.FLOW.hdf5,2025-12-12 22:39:41.722000-06:00,3452
/global/cfs/cdirs/dune/www/data/2x2/nearline_run2/flowed_light/source_dtg_bin2/two_trig_40us_period_500tick/hv_65kV_beamC_25uA/dtg_30min_thenDecay/mpd_run_data_rctl_979_p272.FLOW.hdf5,2025-12-12 22:40:41.704000-06:00,3521
/global/cfs/cdirs/dune/www/data/2x2/nearline_run2/flowed_light/source_dtg_bin2/two_trig_40us_period_500tick/hv_65kV_beamC_25uA/dtg_30min_thenDecay/mpd_run_data_rctl_979_p273.FLOW.hdf5,2025-12-12 22:41:41.804000-06:00,3414
/global/cfs/cdirs/dune/www/data/2x2/nearline_run2/flowed_light/source_dtg_bin2/two_trig_40us_period_500tick/hv_65kV_beamC_25uA/dtg_30min_thenDecay/mpd_run_data_rctl_979_p274.FLOW.hdf5,2025-12-12 22:42:41.958000-06:00,3476
/global/cfs/cdirs/dune/www/data/2x2/nearline_run2/flowed_light/source_dtg_bin2/two_trig_40us_period_500tick/hv_65kV_beamC_25uA/dtg_30min_thenDecay/mpd_run_data_rctl_979_p275.FLOW.hdf5,2025-12-12 22:43:42.956000-06:00,3451
/global/cfs/cdirs/dune/www/data/2x2/nearline_run2/flowed_light/source_dtg_bin2/two_trig_40us_period_500tick/hv_65kV_beamC_25uA/dtg_30min_thenDecay/mpd_run_data_rctl_979_p276.FLOW.hdf5,2025-12-12 22:44:43.157000-06:00,3515
/global/cfs/cdirs/dune/www/data/2x2/nearline_run2/flowed_light/source_dtg_bin2/two_trig_40us_period_500tick/hv_65kV_beamC_25uA/dtg_30min_thenDecay/mpd_run_data_rctl_979_p277.FLOW.hdf5,2025-12-12 22:45:44.103000-06:00,3434
/global/cfs/cdirs/dune/www/data/2x2/nearline_run2/flowed_light/source_dtg_bin2/two_trig_40us_period_500tick/hv_65kV_beamC_25uA/dtg_30min_thenDecay/mpd_run_data_rctl_979_p278.FLOW.hdf5,2025-12-12 22:46:44.120000-06:00,3531
/global/cfs/cdirs/dune/www/data/2x2/nearline_run2/flowed_light/source_dtg_bin2/two_trig_40us_period_500tick/hv_65kV_beamC_25uA/dtg_30min_thenDecay/mpd_run_data_rctl_979_p279.FLOW.hdf5,2025-12-12 22:47:44.132000-06:00,3362
/global/cfs/cdirs/dune/www/data/2x2/nearline_run2/flowed_light/source_dtg_bin2/two_trig_40us_period_500tick/hv_65kV_beamC_25uA/dtg_30min_thenDecay/mpd_run_data_rctl_979_p280.FLOW.hdf5,2025-12-12 22:48:45.106000-06:00,3375
/global/cfs/cdirs/dune/www/data/2x2/nearline_run2/flowed_light/source_dtg_bin2/two_trig_40us_period_500tick/hv_65kV_beamC_25uA/dtg_30min_thenDecay/mpd_run_data_rctl_979_p281.FLOW.hdf5,2025-12-12 22:49:45.243000-06:00,3480
/global/cfs/cdirs/dune/www/data/2x2/nearline_run2/flowed_light/source_dtg_bin2/two_trig_40us_period_500tick/hv_65kV_beamC_25uA/dtg_30min_thenDecay/mpd_run_data_rctl_979_p282.FLOW.hdf5,2025-12-12 22:50:46.272000-06:00,3368
/global/cfs/cdirs/dune/www/data/2x2/nearline_run2/flowed_light/source_dtg_bin2/two_trig_40us_period_500tick/hv_65kV_beamC_25uA/dtg_30min_thenDecay/mpd_run_data_rctl_979_p283.FLOW.hdf5,2025-12-12 22:51:46.419000-06:00,3428
/global/cfs/cdirs/dune/www/data/2x2/nearline_run2/flowed_light/source_dtg_bin2/two_trig_40us_period_500tick/hv_65kV_beamC_25uA/dtg_30min_thenDecay/mpd_run_data_rctl_979_p284.FLOW.hdf5,2025-12-12 22:52:46.411000-06:00,3325
/global/cfs/cdirs/dune/www/data/2x2/nearline_run2/flowed_light/source_dtg_bin2/two_trig_40us_period_500tick/hv_65kV_beamC_25uA/dtg_30min_thenDecay/mpd_run_data_rctl_979_p285.FLOW.hdf5,2025-12-12 22:53:46.499000-06:00,3384
/global/cfs/cdirs/dune/www/data/2x2/nearline_run2/flowed_light/source_dtg_bin2/two_trig_40us_period_500tick/hv_65kV_beamC_25uA/dtg_30min_thenDecay/mpd_run_data_rctl_979_p286.FLOW.hdf5,2025-12-12 22:54:46.529000-06:00,3327
/global/cfs/cdirs/dune/www/data/2x2/nearline_run2/flowed_light/source_dtg_bin2/two_trig_40us_period_500tick/hv_65kV_beamC_25uA/dtg_30min_thenDecay/mpd_run_data_rctl_979_p287.FLOW.hdf5,2025-12-12 22:55:46.648000-06:00,3405
/global/cfs/cdirs/dune/www/data/2x2/nearline_run2/flowed_light/source_dtg_bin2/two_trig_40us_period_500tick/hv_65kV_beamC_25uA/dtg_30min_thenDecay/mpd_run_data_rctl_979_p288.FLOW.hdf5,2025-12-12 22:56:47.585000-06:00,3251
/global/cfs/cdirs/dune/www/data/2x2/nearline_run2/flowed_light/source_dtg_bin2/two_trig_40us_period_500tick/hv_65kV_beamC_25uA/dtg_30min_thenDecay/mpd_run_data_rctl_979_p289.FLOW.hdf5,2025-12-12 22:57:47.700000-06:00,3464
/global/cfs/cdirs/dune/www/data/2x2/nearline_run2/flowed_light/source_dtg_bin2/two_trig_40us_period_500tick/hv_65kV_beamC_25uA/dtg_30min_thenDecay/mpd_run_data_rctl_979_p290.FLOW.hdf5,2025-12-12 22:58:48.698000-06:00,3249
/global/cfs/cdirs/dune/www/data/2x2/nearline_run2/flowed_light/source_dtg_bin2/two_trig_40us_period_500tick/hv_65kV_beamC_25uA/dtg_30min_thenDecay/mpd_run_data_rctl_979_p291.FLOW.hdf5,2025-12-12 22:59:48.668000-06:00,3459
/global/cfs/cdirs/dune/www/data/2x2/nearline_run2/flowed_light/source_dtg_bin2/two_trig_40us_period_500tick/hv_65kV_beamC_25uA/dtg_30min_thenDecay/mpd_run_data_rctl_979_p292.FLOW.hdf5,2025-12-12 23:00:49.693000-06:00,3352
/global/cfs/cdirs/dune/www/data/2x2/nearline_run2/flowed_light/source_dtg_bin2/two_trig_40us_period_500tick/hv_65kV_beamC_25uA/dtg_30min_thenDecay/mpd_run_data_rctl_979_p293.FLOW.hdf5,2025-12-12 23:01:49.974000-06:00,3358
/global/cfs/cdirs/dune/www/data/2x2/nearline_run2/flowed_light/source_dtg_bin2/two_trig_40us_period_500tick/hv_65kV_beamC_25uA/dtg_30min_thenDecay/mpd_run_data_rctl_979_p294.FLOW.hdf5,2025-12-12 23:02:50.020000-06:00,3470
/global/cfs/cdirs/dune/www/data/2x2/nearline_run2/flowed_light/source_dtg_bin2/two_trig_40us_period_500tick/hv_65kV_beamC_25uA/dtg_30min_thenDecay/mpd_run_data_rctl_979_p295.FLOW.hdf5,2025-12-12 23:03:50.181000-06:00,3442
/global/cfs/cdirs/dune/www/data/2x2/nearline_run2/flowed_light/source_dtg_bin2/two_trig_40us_period_500tick/hv_65kV_beamC_25uA/dtg_30min_thenDecay/mpd_run_data_rctl_979_p296.FLOW.hdf5,2025-12-12 23:04:50.337000-06:00,3360
/global/cfs/cdirs/dune/www/data/2x2/nearline_run2/flowed_light/source_dtg_bin2/two_trig_40us_period_500tick/hv_65kV_beamC_25uA/dtg_30min_thenDecay/mpd_run_data_rctl_979_p297.FLOW.hdf5,2025-12-12 23:05:50.513000-06:00,3300
/global/cfs/cdirs/dune/www/data/2x2/nearline_run2/flowed_light/source_dtg_bin2/two_trig_40us_period_500tick/hv_65kV_beamC_25uA/dtg_30min_thenDecay/mpd_run_data_rctl_979_p298.FLOW.hdf5,2025-12-12 23:06:50.534000-06:00,3297
/global/cfs/cdirs/dune/www/data/2x2/nearline_run2/flowed_light/source_dtg_bin2/two_trig_40us_period_500tick/hv_65kV_beamC_25uA/dtg_30min_thenDecay/mpd_run_data_rctl_979_p299.FLOW.hdf5,2025-12-12 23:07:50.950000-06:00,3426
/global/cfs/cdirs/dune/www/data/2x2/nearline_run2/flowed_light/source_dtg_bin2/two_trig_40us_period_500tick/hv_65kV_beamC_25uA/dtg_30min_thenDecay/mpd_run_data_rctl_979_p300.FLOW.hdf5,2025-12-12 23:08:51.904000-06:00,3331
/global/cfs/cdirs/dune/www/data/2x2/nearline_run2/flowed_light/source_dtg_bin2/two_trig_40us_period_500tick/hv_65kV_beamC_25uA/dtg_30min_thenDecay/mpd_run_data_rctl_979_p301.FLOW.hdf5,2025-12-12 23:09:51.987000-06:00,3275
/global/cfs/cdirs/dune/www/data/2x2/nearline_run2/flowed_light/source_dtg_bin2/two_trig_40us_period_500tick/hv_65kV_beamC_25uA/dtg_30min_thenDecay/mpd_run_data_rctl_979_p302.FLOW.hdf5,2025-12-12 23:10:52.028000-06:00,3374
/global/cfs/cdirs/dune/www/data/2x2/nearline_run2/flowed_light/source_dtg_bin2/two_trig_40us_period_500tick/hv_65kV_beamC_25uA/dtg_30min_thenDecay/mpd_run_data_rctl_979_p303.FLOW.hdf5,2025-12-12 23:11:52.393000-06:00,3322
/global/cfs/cdirs/dune/www/data/2x2/nearline_run2/flowed_light/source_dtg_bin2/two_trig_40us_period_500tick/hv_65kV_beamC_25uA/dtg_30min_thenDecay/mpd_run_data_rctl_979_p304.FLOW.hdf5,2025-12-12 23:12:52.591000-06:00,3323
/global/cfs/cdirs/dune/www/data/2x2/nearline_run2/flowed_light/source_dtg_bin2/two_trig_40us_period_500tick/hv_65kV_beamC_25uA/dtg_30min_thenDecay/mpd_run_data_rctl_979_p305.FLOW.hdf5,2025-12-12 23:13:52.606000-06:00,3339
/global/cfs/cdirs/dune/www/data/2x2/nearline_run2/flowed_light/source_dtg_bin2/two_trig_40us_period_500tick/hv_65kV_beamC_25uA/dtg_30min_thenDecay/mpd_run_data_rctl_979_p306.FLOW.hdf5,2025-12-12 23:14:52.775000-06:00,3169
/global/cfs/cdirs/dune/www/data/2x2/nearline_run2/flowed_light/source_dtg_bin2/two_trig_40us_period_500tick/hv_65kV_beamC_25uA/dtg_30min_thenDecay/mpd_run_data_rctl_979_p307.FLOW.hdf5,2025-12-12 23:15:52.958000-06:00,3377
/global/cfs/cdirs/dune/www/data/2x2/nearline_run2/flowed_light/source_dtg_bin2/two_trig_40us_period_500tick/hv_65kV_beamC_25uA/dtg_30min_thenDecay/mpd_run_data_rctl_979_p308.FLOW.hdf5,2025-12-12 23:16:52.973000-06:00,3248
/global/cfs/cdirs/dune/www/data/2x2/nearline_run2/flowed_light/source_dtg_bin2/two_trig_40us_period_500tick/hv_65kV_beamC_25uA/dtg_30min_thenDecay/mpd_run_data_rctl_979_p309.FLOW.hdf5,2025-12-12 23:17:53.224000-06:00,3240
/global/cfs/cdirs/dune/www/data/2x2/nearline_run2/flowed_light/source_dtg_bin2/two_trig_40us_period_500tick/hv_65kV_beamC_25uA/dtg_30min_thenDecay/mpd_run_data_rctl_979_p310.FLOW.hdf5,2025-12-12 23:18:53.448000-06:00,3285
/global/cfs/cdirs/dune/www/data/2x2/nearline_run2/flowed_light/source_dtg_bin2/two_trig_40us_period_500tick/hv_65kV_beamC_25uA/dtg_30min_thenDecay/mpd_run_data_rctl_979_p311.FLOW.hdf5,2025-12-12 23:19:53.533000-06:00,3268
/global/cfs/cdirs/dune/www/data/2x2/nearline_run2/flowed_light/source_dtg_bin2/two_trig_40us_period_500tick/hv_65kV_beamC_25uA/dtg_30min_thenDecay/mpd_run_data_rctl_979_p312.FLOW.hdf5,2025-12-12 23:20:53.717000-06:00,3284
/global/cfs/cdirs/dune/www/data/2x2/nearline_run2/flowed_light/source_dtg_bin2/two_trig_40us_period_500tick/hv_65kV_beamC_25uA/dtg_30min_thenDecay/mpd_run_data_rctl_979_p313.FLOW.hdf5,2025-12-12 23:21:53.733000-06:00,3258
/global/cfs/cdirs/dune/www/data/2x2/nearline_run2/flowed_light/source_dtg_bin2/two_trig_40us_period_500tick/hv_65kV_beamC_25uA/dtg_30min_thenDecay/mpd_run_data_rctl_979_p314.FLOW.hdf5,2025-12-12 23:22:53.990000-06:00,3356
/global/cfs/cdirs/dune/www/data/2x2/nearline_run2/flowed_light/source_dtg_bin2/two_trig_40us_period_500tick/hv_65kV_beamC_25uA/dtg_30min_thenDecay/mpd_run_data_rctl_979_p315.FLOW.hdf5,2025-12-12 23:23:54.859000-06:00,3336
/global/cfs/cdirs/dune/www/data/2x2/nearline_run2/flowed_light/source_dtg_bin2/two_trig_40us_period_500tick/hv_65kV_beamC_25uA/dtg_30min_thenDecay/mpd_run_data_rctl_979_p316.FLOW.hdf5,2025-12-12 23:24:55.817000-06:00,3642
/global/cfs/cdirs/dune/www/data/2x2/nearline_run2/flowed_light/source_dtg_bin2/two_trig_40us_period_500tick/hv_65kV_beamC_25uA/dtg_30min_thenDecay/mpd_run_data_rctl_979_p317.FLOW.hdf5,2025-12-12 23:25:55.974000-06:00,5749
/global/cfs/cdirs/dune/www/data/2x2/nearline_run2/flowed_light/source_dtg_bin2/two_trig_40us_period_500tick/hv_65kV_beamC_25uA/dtg_30min_thenDecay/mpd_run_data_rctl_979_p318.FLOW.hdf5,2025-12-12 23:26:56.942000-06:00,3353
/global/cfs/cdirs/dune/www/data/2x2/nearline_run2/flowed_light/source_dtg_bin2/two_trig_40us_period_500tick/hv_65kV_beamC_25uA/dtg_30min_thenDecay/mpd_run_data_rctl_979_p319.FLOW.hdf5,2025-12-12 23:27:57.948000-06:00,3822
/global/cfs/cdirs/dune/www/data/2x2/nearline_run2/flowed_light/source_dtg_bin2/two_trig_40us_period_500tick/hv_65kV_beamC_25uA/dtg_30min_thenDecay/mpd_run_data_rctl_979_p320.FLOW.hdf5,2025-12-12 23:28:57.982000-06:00,4945
/global/cfs/cdirs/dune/www/data/2x2/nearline_run2/flowed_light/source_dtg_bin2/two_trig_40us_period_500tick/hv_65kV_beamC_25uA/dtg_30min_thenDecay/mpd_run_data_rctl_979_p321.FLOW.hdf5,2025-12-12 23:29:58.037000-06:00,3480
/global/cfs/cdirs/dune/www/data/2x2/nearline_run2/flowed_light/source_dtg_bin2/two_trig_40us_period_500tick/hv_65kV_beamC_25uA/dtg_30min_thenDecay/mpd_run_data_rctl_979_p322.FLOW.hdf5,2025-12-12 23:30:58.080000-06:00,6996
/global/cfs/cdirs/dune/www/data/2x2/nearline_run2/flowed_light/source_dtg_bin2/two_trig_40us_period_500tick/hv_65kV_beamC_25uA/dtg_30min_thenDecay/mpd_run_data_rctl_979_p323.FLOW.hdf5,2025-12-12 23:31:59.095000-06:00,4050
/global/cfs/cdirs/dune/www/data/2x2/nearline_run2/flowed_light/source_dtg_bin2/two_trig_40us_period_500tick/hv_65kV_beamC_25uA/dtg_30min_thenDecay/mpd_run_data_rctl_979_p324.FLOW.hdf5,2025-12-12 23:32:59.257000-06:00,3368
/global/cfs/cdirs/dune/www/data/2x2/nearline_run2/flowed_light/source_dtg_bin2/two_trig_40us_period_500tick/hv_65kV_beamC_25uA/dtg_30min_thenDecay/mpd_run_data_rctl_979_p325.FLOW.hdf5,2025-12-12 23:33:59.303000-06:00,3597
/global/cfs/cdirs/dune/www/data/2x2/nearline_run2/flowed_light/source_dtg_bin2/two_trig_40us_period_500tick/hv_65kV_beamC_25uA/dtg_30min_thenDecay/mpd_run_data_rctl_979_p326.FLOW.hdf5,2025-12-12 23:35:00.272000-06:00,3452
/global/cfs/cdirs/dune/www/data/2x2/nearline_run2/flowed_light/source_dtg_bin2/two_trig_40us_period_500tick/hv_65kV_beamC_25uA/dtg_30min_thenDecay/mpd_run_data_rctl_979_p327.FLOW.hdf5,2025-12-12 23:36:00.501000-06:00,3597
/global/cfs/cdirs/dune/www/data/2x2/nearline_run2/flowed_light/source_dtg_bin2/two_trig_40us_period_500tick/hv_65kV_beamC_25uA/dtg_30min_thenDecay/mpd_run_data_rctl_979_p328.FLOW.hdf5,2025-12-12 23:37:00.546000-06:00,3325
/global/cfs/cdirs/dune/www/data/2x2/nearline_run2/flowed_light/source_dtg_bin2/two_trig_40us_period_500tick/hv_65kV_beamC_25uA/dtg_30min_thenDecay/mpd_run_data_rctl_979_p329.FLOW.hdf5,2025-12-12 23:38:00.613000-06:00,3334
/global/cfs/cdirs/dune/www/data/2x2/nearline_run2/flowed_light/source_dtg_bin2/two_trig_40us_period_500tick/hv_65kV_beamC_25uA/dtg_30min_thenDecay/mpd_run_data_rctl_979_p330.FLOW.hdf5,2025-12-12 23:39:00.807000-06:00,3186
/global/cfs/cdirs/dune/www/data/2x2/nearline_run2/flowed_light/source_dtg_bin2/two_trig_40us_period_500tick/hv_65kV_beamC_25uA/dtg_30min_thenDecay/mpd_run_data_rctl_979_p331.FLOW.hdf5,2025-12-12 23:40:00.857000-06:00,3287
/global/cfs/cdirs/dune/www/data/2x2/nearline_run2/flowed_light/source_dtg_bin2/two_trig_40us_period_500tick/hv_65kV_beamC_25uA/dtg_30min_thenDecay/mpd_run_data_rctl_979_p332.FLOW.hdf5,2025-12-12 23:41:01.841000-06:00,3323
/global/cfs/cdirs/dune/www/data/2x2/nearline_run2/flowed_light/source_dtg_bin2/two_trig_40us_period_500tick/hv_65kV_beamC_25uA/dtg_30min_thenDecay/mpd_run_data_rctl_979_p333.FLOW.hdf5,2025-12-12 23:42:02.749000-06:00,3331
/global/cfs/cdirs/dune/www/data/2x2/nearline_run2/flowed_light/source_dtg_bin2/two_trig_40us_period_500tick/hv_65kV_beamC_25uA/dtg_30min_thenDecay/mpd_run_data_rctl_979_p334.FLOW.hdf5,2025-12-12 23:43:02.953000-06:00,3192
/global/cfs/cdirs/dune/www/data/2x2/nearline_run2/flowed_light/source_dtg_bin2/two_trig_40us_period_500tick/hv_65kV_beamC_25uA/dtg_30min_thenDecay/mpd_run_data_rctl_979_p335.FLOW.hdf5,2025-12-12 23:44:03.121000-06:00,3276
/global/cfs/cdirs/dune/www/data/2x2/nearline_run2/flowed_light/source_dtg_bin2/two_trig_40us_period_500tick/hv_65kV_beamC_25uA/dtg_30min_thenDecay/mpd_run_data_rctl_979_p336.FLOW.hdf5,2025-12-12 23:45:03.255000-06:00,3244
/global/cfs/cdirs/dune/www/data/2x2/nearline_run2/flowed_light/source_dtg_bin2/two_trig_40us_period_500tick/hv_65kV_beamC_25uA/dtg_30min_thenDecay/mpd_run_data_rctl_979_p337.FLOW.hdf5,2025-12-12 23:46:03.454000-06:00,3392
/global/cfs/cdirs/dune/www/data/2x2/nearline_run2/flowed_light/source_dtg_bin2/two_trig_40us_period_500tick/hv_65kV_beamC_25uA/dtg_30min_thenDecay/mpd_run_data_rctl_979_p338.FLOW.hdf5,2025-12-12 23:47:04.368000-06:00,3230
/global/cfs/cdirs/dune/www/data/2x2/nearline_run2/flowed_light/source_dtg_bin2/two_trig_40us_period_500tick/hv_65kV_beamC_25uA/dtg_30min_thenDecay/mpd_run_data_rctl_979_p339.FLOW.hdf5,2025-12-12 23:48:04.421000-06:00,3269
/global/cfs/cdirs/dune/www/data/2x2/nearline_run2/flowed_light/source_dtg_bin2/two_trig_40us_period_500tick/hv_65kV_beamC_25uA/dtg_30min_thenDecay/mpd_run_data_rctl_979_p340.FLOW.hdf5,2025-12-12 23:49:05.312000-06:00,3270
/global/cfs/cdirs/dune/www/data/2x2/nearline_run2/flowed_light/source_dtg_bin2/two_trig_40us_period_500tick/hv_65kV_beamC_25uA/dtg_30min_thenDecay/mpd_run_data_rctl_979_p341.FLOW.hdf5,2025-12-12 23:50:05.367000-06:00,3234
/global/cfs/cdirs/dune/www/data/2x2/nearline_run2/flowed_light/source_dtg_bin2/two_trig_40us_period_500tick/hv_65kV_beamC_25uA/dtg_30min_thenDecay/mpd_run_data_rctl_979_p342.FLOW.hdf5,2025-12-12 23:51:05.671000-06:00,3203
/global/cfs/cdirs/dune/www/data/2x2/nearline_run2/flowed_light/source_dtg_bin2/two_trig_40us_period_500tick/hv_65kV_beamC_25uA/dtg_30min_thenDecay/mpd_run_data_rctl_979_p343.FLOW.hdf5,2025-12-12 23:52:05.760000-06:00,3231
/global/cfs/cdirs/dune/www/data/2x2/nearline_run2/flowed_light/source_dtg_bin2/two_trig_40us_period_500tick/hv_65kV_beamC_25uA/dtg_30min_thenDecay/mpd_run_data_rctl_979_p344.FLOW.hdf5,2025-12-12 23:53:05.874000-06:00,3229
/global/cfs/cdirs/dune/www/data/2x2/nearline_run2/flowed_light/source_dtg_bin2/two_trig_40us_period_500tick/hv_65kV_beamC_25uA/dtg_30min_thenDecay/mpd_run_data_rctl_979_p345.FLOW.hdf5,2025-12-12 23:54:06.112000-06:00,3306
/global/cfs/cdirs/dune/www/data/2x2/nearline_run2/flowed_light/source_dtg_bin2/two_trig_40us_period_500tick/hv_65kV_beamC_25uA/dtg_30min_thenDecay/mpd_run_data_rctl_979_p346.FLOW.hdf5,2025-12-12 23:55:06.313000-06:00,3279
/global/cfs/cdirs/dune/www/data/2x2/nearline_run2/flowed_light/source_dtg_bin2/two_trig_40us_period_500tick/hv_65kV_beamC_25uA/dtg_30min_thenDecay/mpd_run_data_rctl_979_p347.FLOW.hdf5,2025-12-12 23:56:06.324000-06:00,3482
/global/cfs/cdirs/dune/www/data/2x2/nearline_run2/flowed_light/source_dtg_bin2/two_trig_40us_period_500tick/hv_65kV_beamC_25uA/dtg_30min_thenDecay/mpd_run_data_rctl_979_p348.FLOW.hdf5,2025-12-12 23:57:07.355000-06:00,3885
/global/cfs/cdirs/dune/www/data/2x2/nearline_run2/flowed_light/source_dtg_bin2/two_trig_40us_period_500tick/hv_65kV_beamC_25uA/dtg_30min_thenDecay/mpd_run_data_rctl_979_p349.FLOW.hdf5,2025-12-12 23:58:07.572000-06:00,4180
/global/cfs/cdirs/dune/www/data/2x2/nearline_run2/flowed_light/source_dtg_bin2/two_trig_40us_period_500tick/hv_65kV_beamC_25uA/dtg_30min_thenDecay/mpd_run_data_rctl_979_p350.FLOW.hdf5,2025-12-12 23:59:07.603000-06:00,3275
/global/cfs/cdirs/dune/www/data/2x2/nearline_run2/flowed_light/source_dtg_bin2/two_trig_40us_period_500tick/hv_65kV_beamC_25uA/dtg_30min_thenDecay/mpd_run_data_rctl_979_p351.FLOW.hdf5,2025-12-13 00:00:07.724000-06:00,3232
/global/cfs/cdirs/dune/www/data/2x2/nearline_run2/flowed_light/source_dtg_bin2/two_trig_40us_period_500tick/hv_65kV_beamC_25uA/dtg_30min_thenDecay/mpd_run_data_rctl_979_p352.FLOW.hdf5,2025-12-13 00:01:08.746000-06:00,3214
/global/cfs/cdirs/dune/www/data/2x2/nearline_run2/flowed_light/source_dtg_bin2/two_trig_40us_period_500tick/hv_65kV_beamC_25uA/dtg_30min_thenDecay/mpd_run_data_rctl_979_p353.FLOW.hdf5,2025-12-13 00:02:08.914000-06:00,3333
/global/cfs/cdirs/dune/www/data/2x2/nearline_run2/flowed_light/source_dtg_bin2/two_trig_40us_period_500tick/hv_65kV_beamC_25uA/dtg_30min_thenDecay/mpd_run_data_rctl_979_p354.FLOW.hdf5,2025-12-13 00:03:09.776000-06:00,3159
/global/cfs/cdirs/dune/www/data/2x2/nearline_run2/flowed_light/source_dtg_bin2/two_trig_40us_period_500tick/hv_65kV_beamC_25uA/dtg_30min_thenDecay/mpd_run_data_rctl_979_p355.FLOW.hdf5,2025-12-13 00:04:09.812000-06:00,3166
/global/cfs/cdirs/dune/www/data/2x2/nearline_run2/flowed_light/source_dtg_bin2/two_trig_40us_period_500tick/hv_65kV_beamC_25uA/dtg_30min_thenDecay/mpd_run_data_rctl_979_p356.FLOW.hdf5,2025-12-13 00:05:09.843000-06:00,3124
/global/cfs/cdirs/dune/www/data/2x2/nearline_run2/flowed_light/source_dtg_bin2/two_trig_40us_period_500tick/hv_65kV_beamC_25uA/dtg_30min_thenDecay/mpd_run_data_rctl_979_p357.FLOW.hdf5,2025-12-13 00:06:10.021000-06:00,3293
/global/cfs/cdirs/dune/www/data/2x2/nearline_run2/flowed_light/source_dtg_bin2/two_trig_40us_period_500tick/hv_65kV_beamC_25uA/dtg_30min_thenDecay/mpd_run_data_rctl_979_p358.FLOW.hdf5,2025-12-13 00:07:10.212000-06:00,3186
/global/cfs/cdirs/dune/www/data/2x2/nearline_run2/flowed_light/source_dtg_bin2/two_trig_40us_period_500tick/hv_65kV_beamC_25uA/dtg_30min_thenDecay/mpd_run_data_rctl_979_p359.FLOW.hdf5,2025-12-13 00:08:10.353000-06:00,3146
/global/cfs/cdirs/dune/www/data/2x2/nearline_run2/flowed_light/source_dtg_bin2/two_trig_40us_period_500tick/hv_65kV_beamC_25uA/dtg_30min_thenDecay/mpd_run_data_rctl_979_p360.FLOW.hdf5,2025-12-13 00:09:10.549000-06:00,3269
/global/cfs/cdirs/dune/www/data/2x2/nearline_run2/flowed_light/source_dtg_bin2/two_trig_40us_period_500tick/hv_65kV_beamC_25uA/dtg_30min_thenDecay/mpd_run_data_rctl_979_p361.FLOW.hdf5,2025-12-13 00:10:10.774000-06:00,3114
/global/cfs/cdirs/dune/www/data/2x2/nearline_run2/flowed_light/source_dtg_bin2/two_trig_40us_period_500tick/hv_65kV_beamC_25uA/dtg_30min_thenDecay/mpd_run_data_rctl_979_p362.FLOW.hdf5,2025-12-13 00:11:10.818000-06:00,3153
/global/cfs/cdirs/dune/www/data/2x2/nearline_run2/flowed_light/source_dtg_bin2/two_trig_40us_period_500tick/hv_65kV_beamC_25uA/dtg_30min_thenDecay/mpd_run_data_rctl_979_p363.FLOW.hdf5,2025-12-13 00:12:11.089000-06:00,3102
/global/cfs/cdirs/dune/www/data/2x2/nearline_run2/flowed_light/source_dtg_bin2/two_trig_40us_period_500tick/hv_65kV_beamC_25uA/dtg_30min_thenDecay/mpd_run_data_rctl_979_p364.FLOW.hdf5,2025-12-13 00:13:11.264000-06:00,3274
/global/cfs/cdirs/dune/www/data/2x2/nearline_run2/flowed_light/source_dtg_bin2/two_trig_40us_period_500tick/hv_65kV_beamC_25uA/dtg_30min_thenDecay/mpd_run_data_rctl_979_p365.FLOW.hdf5,2025-12-13 00:14:12.262000-06:00,3217
/global/cfs/cdirs/dune/www/data/2x2/nearline_run2/flowed_light/source_dtg_bin2/two_trig_40us_period_500tick/hv_65kV_beamC_25uA/dtg_30min_thenDecay/mpd_run_data_rctl_979_p366.FLOW.hdf5,2025-12-13 00:15:12.309000-06:00,3162
/global/cfs/cdirs/dune/www/data/2x2/nearline_run2/flowed_light/source_dtg_bin2/two_trig_40us_period_500tick/hv_65kV_beamC_25uA/dtg_30min_thenDecay/mpd_run_data_rctl_979_p367.FLOW.hdf5,2025-12-13 00:16:12.660000-06:00,3169
/global/cfs/cdirs/dune/www/data/2x2/nearline_run2/flowed_light/source_dtg_bin2/two_trig_40us_period_500tick/hv_65kV_beamC_25uA/dtg_30min_thenDecay/mpd_run_data_rctl_979_p368.FLOW.hdf5,2025-12-13 00:17:13.666000-06:00,3081
/global/cfs/cdirs/dune/www/data/2x2/nearline_run2/flowed_light/source_dtg_bin2/two_trig_40us_period_500tick/hv_65kV_beamC_25uA/dtg_30min_thenDecay/mpd_run_data_rctl_979_p369.FLOW.hdf5,2025-12-13 00:18:13.726000-06:00,3176
/global/cfs/cdirs/dune/www/data/2x2/nearline_run2/flowed_light/source_dtg_bin2/two_trig_40us_period_500tick/hv_65kV_beamC_25uA/dtg_30min_thenDecay/mpd_run_data_rctl_979_p370.FLOW.hdf5,2025-12-13 00:19:13.744000-06:00,3097
/global/cfs/cdirs/dune/www/data/2x2/nearline_run2/flowed_light/source_dtg_bin2/two_trig_40us_period_500tick/hv_65kV_beamC_25uA/dtg_30min_thenDecay/mpd_run_data_rctl_979_p371.FLOW.hdf5,2025-12-13 00:20:14.031000-06:00,3102
/global/cfs/cdirs/dune/www/data/2x2/nearline_run2/flowed_light/source_dtg_bin2/two_trig_40us_period_500tick/hv_65kV_beamC_25uA/dtg_30min_thenDecay/mpd_run_data_rctl_979_p372.FLOW.hdf5,2025-12-13 00:21:14.300000-06:00,3130
/global/cfs/cdirs/dune/www/data/2x2/nearline_run2/flowed_light/source_dtg_bin2/two_trig_40us_period_500tick/hv_65kV_beamC_25uA/dtg_30min_thenDecay/mpd_run_data_rctl_979_p373.FLOW.hdf5,2025-12-13 00:22:14.587000-06:00,3095
/global/cfs/cdirs/dune/www/data/2x2/nearline_run2/flowed_light/source_dtg_bin2/two_trig_40us_period_500tick/hv_65kV_beamC_25uA/dtg_30min_thenDecay/mpd_run_data_rctl_979_p374.FLOW.hdf5,2025-12-13 00:23:14.776000-06:00,3210
/global/cfs/cdirs/dune/www/data/2x2/nearline_run2/flowed_light/source_dtg_bin2/two_trig_40us_period_500tick/hv_65kV_beamC_25uA/dtg_30min_thenDecay/mpd_run_data_rctl_979_p375.FLOW.hdf5,2025-12-13 00:24:15.749000-06:00,3150
/global/cfs/cdirs/dune/www/data/2x2/nearline_run2/flowed_light/source_dtg_bin2/two_trig_40us_period_500tick/hv_65kV_beamC_25uA/dtg_30min_thenDecay/mpd_run_data_rctl_979_p376.FLOW.hdf5,2025-12-13 00:25:16.012000-06:00,3130
/global/cfs/cdirs/dune/www/data/2x2/nearline_run2/flowed_light/source_dtg_bin2/two_trig_40us_period_500tick/hv_65kV_beamC_25uA/dtg_30min_thenDecay/mpd_run_data_rctl_979_p377.FLOW.hdf5,2025-12-13 00:26:16.237000-06:00,3159
/global/cfs/cdirs/dune/www/data/2x2/nearline_run2/flowed_light/source_dtg_bin2/two_trig_40us_period_500tick/hv_65kV_beamC_25uA/dtg_30min_thenDecay/mpd_run_data_rctl_979_p378.FLOW.hdf5,2025-12-13 00:27:16.228000-06:00,3181
/global/cfs/cdirs/dune/www/data/2x2/nearline_run2/flowed_light/source_dtg_bin2/two_trig_40us_period_500tick/hv_65kV_beamC_25uA/dtg_30min_thenDecay/mpd_run_data_rctl_979_p379.FLOW.hdf5,2025-12-13 00:28:16.352000-06:00,3142
/global/cfs/cdirs/dune/www/data/2x2/nearline_run2/flowed_light/source_dtg_bin2/two_trig_40us_period_500tick/hv_65kV_beamC_25uA/dtg_30min_thenDecay/mpd_run_data_rctl_979_p380.FLOW.hdf5,2025-12-13 00:29:16.475000-06:00,3232
/global/cfs/cdirs/dune/www/data/2x2/nearline_run2/flowed_light/source_dtg_bin2/two_trig_40us_period_500tick/hv_65kV_beamC_25uA/dtg_30min_thenDecay/mpd_run_data_rctl_979_p381.FLOW.hdf5,2025-12-13 00:30:16.719000-06:00,3070
/global/cfs/cdirs/dune/www/data/2x2/nearline_run2/flowed_light/source_dtg_bin2/two_trig_40us_period_500tick/hv_65kV_beamC_25uA/dtg_30min_thenDecay/mpd_run_data_rctl_979_p382.FLOW.hdf5,2025-12-13 00:31:16.807000-06:00,3224
/global/cfs/cdirs/dune/www/data/2x2/nearline_run2/flowed_light/source_dtg_bin2/two_trig_40us_period_500tick/hv_65kV_beamC_25uA/dtg_30min_thenDecay/mpd_run_data_rctl_979_p383.FLOW.hdf5,2025-12-13 00:32:17.787000-06:00,3051
/global/cfs/cdirs/dune/www/data/2x2/nearline_run2/flowed_light/source_dtg_bin2/two_trig_40us_period_500tick/hv_65kV_beamC_25uA/dtg_30min_thenDecay/mpd_run_data_rctl_979_p384.FLOW.hdf5,2025-12-13 00:33:17.853000-06:00,3136
/global/cfs/cdirs/dune/www/data/2x2/nearline_run2/flowed_light/source_dtg_bin2/two_trig_40us_period_500tick/hv_65kV_beamC_25uA/dtg_30min_thenDecay/mpd_run_data_rctl_979_p385.FLOW.hdf5,2025-12-13 00:34:17.871000-06:00,3100
/global/cfs/cdirs/dune/www/data/2x2/nearline_run2/flowed_light/source_dtg_bin2/two_trig_40us_period_500tick/hv_65kV_beamC_25uA/dtg_30min_thenDecay/mpd_run_data_rctl_979_p386.FLOW.hdf5,2025-12-13 00:35:17.974000-06:00,3220
/global/cfs/cdirs/dune/www/data/2x2/nearline_run2/flowed_light/source_dtg_bin2/two_trig_40us_period_500tick/hv_65kV_beamC_25uA/dtg_30min_thenDecay/mpd_run_data_rctl_979_p387.FLOW.hdf5,2025-12-13 00:36:18.981000-06:00,3083
/global/cfs/cdirs/dune/www/data/2x2/nearline_run2/flowed_light/source_dtg_bin2/two_trig_40us_period_500tick/hv_65kV_beamC_25uA/dtg_30min_thenDecay/mpd_run_data_rctl_979_p388.FLOW.hdf5,2025-12-13 00:37:19.117000-06:00,3080
/global/cfs/cdirs/dune/www/data/2x2/nearline_run2/flowed_light/source_dtg_bin2/two_trig_40us_period_500tick/hv_65kV_beamC_25uA/dtg_30min_thenDecay/mpd_run_data_rctl_979_p389.FLOW.hdf5,2025-12-13 00:38:19.498000-06:00,3216
/global/cfs/cdirs/dune/www/data/2x2/nearline_run2/flowed_light/source_dtg_bin2/two_trig_40us_period_500tick/hv_65kV_beamC_25uA/dtg_30min_thenDecay/mpd_run_data_rctl_979_p390.FLOW.hdf5,2025-12-13 00:39:19.803000-06:00,3119
/global/cfs/cdirs/dune/www/data/2x2/nearline_run2/flowed_light/source_dtg_bin2/two_trig_40us_period_500tick/hv_65kV_beamC_25uA/dtg_30min_thenDecay/mpd_run_data_rctl_979_p391.FLOW.hdf5,2025-12-13 00:40:19.804000-06:00,3071
/global/cfs/cdirs/dune/www/data/2x2/nearline_run2/flowed_light/source_dtg_bin2/two_trig_40us_period_500tick/hv_65kV_beamC_25uA/dtg_30min_thenDecay/mpd_run_data_rctl_979_p392.FLOW.hdf5,2025-12-13 00:41:19.998000-06:00,3126
/global/cfs/cdirs/dune/www/data/2x2/nearline_run2/flowed_light/source_dtg_bin2/two_trig_40us_period_500tick/hv_65kV_beamC_25uA/dtg_30min_thenDecay/mpd_run_data_rctl_979_p393.FLOW.hdf5,2025-12-13 00:42:20.202000-06:00,3128
/global/cfs/cdirs/dune/www/data/2x2/nearline_run2/flowed_light/source_dtg_bin2/two_trig_40us_period_500tick/hv_65kV_beamC_25uA/dtg_30min_thenDecay/mpd_run_data_rctl_979_p394.FLOW.hdf5,2025-12-13 00:43:20.698000-06:00,3053
/global/cfs/cdirs/dune/www/data/2x2/nearline_run2/flowed_light/source_dtg_bin2/two_trig_40us_period_500tick/hv_65kV_beamC_25uA/dtg_30min_thenDecay/mpd_run_data_rctl_979_p395.FLOW.hdf5,2025-12-13 00:44:20.763000-06:00,3057
/global/cfs/cdirs/dune/www/data/2x2/nearline_run2/flowed_light/source_dtg_bin2/two_trig_40us_period_500tick/hv_65kV_beamC_25uA/dtg_30min_thenDecay/mpd_run_data_rctl_979_p396.FLOW.hdf5,2025-12-13 00:45:21.136000-06:00,3095
/global/cfs/cdirs/dune/www/data/2x2/nearline_run2/flowed_light/source_dtg_bin2/two_trig_40us_period_500tick/hv_65kV_beamC_25uA/dtg_30min_thenDecay/mpd_run_data_rctl_979_p397.FLOW.hdf5,2025-12-13 00:46:21.250000-06:00,3165
/global/cfs/cdirs/dune/www/data/2x2/nearline_run2/flowed_light/source_dtg_bin2/two_trig_40us_period_500tick/hv_65kV_beamC_25uA/dtg_30min_thenDecay/mpd_run_data_rctl_979_p398.FLOW.hdf5,2025-12-13 00:47:21.310000-06:00,3074
/global/cfs/cdirs/dune/www/data/2x2/nearline_run2/flowed_light/source_dtg_bin2/two_trig_40us_period_500tick/hv_65kV_beamC_25uA/dtg_30min_thenDecay/mpd_run_data_rctl_979_p399.FLOW.hdf5,2025-12-13 00:48:21.469000-06:00,3106
/global/cfs/cdirs/dune/www/data/2x2/nearline_run2/flowed_light/source_dtg_bin2/two_trig_40us_period_500tick/hv_65kV_beamC_25uA/dtg_30min_thenDecay/mpd_run_data_rctl_979_p400.FLOW.hdf5,2025-12-13 00:49:21.506000-06:00,3101
/global/cfs/cdirs/dune/www/data/2x2/nearline_run2/flowed_light/source_dtg_bin2/two_trig_40us_period_500tick/hv_65kV_beamC_25uA/dtg_30min_thenDecay/mpd_run_data_rctl_979_p401.FLOW.hdf5,2025-12-13 00:50:21.682000-06:00,3109
/global/cfs/cdirs/dune/www/data/2x2/nearline_run2/flowed_light/source_dtg_bin2/two_trig_40us_period_500tick/hv_65kV_beamC_25uA/dtg_30min_thenDecay/mpd_run_data_rctl_979_p402.FLOW.hdf5,2025-12-13 00:51:21.816000-06:00,3224
/global/cfs/cdirs/dune/www/data/2x2/nearline_run2/flowed_light/source_dtg_bin2/two_trig_40us_period_500tick/hv_65kV_beamC_25uA/dtg_30min_thenDecay/mpd_run_data_rctl_979_p403.FLOW.hdf5,2025-12-13 00:52:21.874000-06:00,3075
/global/cfs/cdirs/dune/www/data/2x2/nearline_run2/flowed_light/source_dtg_bin2/two_trig_40us_period_500tick/hv_65kV_beamC_25uA/dtg_30min_thenDecay/mpd_run_data_rctl_979_p404.FLOW.hdf5,2025-12-13 00:53:22.023000-06:00,3090
/global/cfs/cdirs/dune/www/data/2x2/nearline_run2/flowed_light/source_dtg_bin2/two_trig_40us_period_500tick/hv_65kV_beamC_25uA/dtg_30min_thenDecay/mpd_run_data_rctl_979_p405.FLOW.hdf5,2025-12-13 00:54:22.223000-06:00,3046
/global/cfs/cdirs/dune/www/data/2x2/nearline_run2/flowed_light/source_dtg_bin2/two_trig_40us_period_500tick/hv_65kV_beamC_25uA/dtg_30min_thenDecay/mpd_run_data_rctl_979_p406.FLOW.hdf5,2025-12-13 00:55:22.430000-06:00,3033
/global/cfs/cdirs/dune/www/data/2x2/nearline_run2/flowed_light/source_dtg_bin2/two_trig_40us_period_500tick/hv_65kV_beamC_25uA/dtg_30min_thenDecay/mpd_run_data_rctl_979_p407.FLOW.hdf5,2025-12-13 00:56:22.737000-06:00,3127
/global/cfs/cdirs/dune/www/data/2x2/nearline_run2/flowed_light/source_dtg_bin2/two_trig_40us_period_500tick/hv_65kV_beamC_25uA/dtg_30min_thenDecay/mpd_run_data_rctl_979_p408.FLOW.hdf5,2025-12-13 00:57:22.979000-06:00,2968
/global/cfs/cdirs/dune/www/data/2x2/nearline_run2/flowed_light/source_dtg_bin2/two_trig_40us_period_500tick/hv_65kV_beamC_25uA/dtg_30min_thenDecay/mpd_run_data_rctl_979_p409.FLOW.hdf5,2025-12-13 00:58:23.351000-06:00,6723
/global/cfs/cdirs/dune/www/data/2x2/nearline_run2/flowed_light/source_dtg_bin2/two_trig_40us_period_500tick/hv_65kV_beamC_25uA/dtg_30min_thenDecay/mpd_run_data_rctl_979_p410.FLOW.hdf5,2025-12-13 00:59:23.372000-06:00,3130
/global/cfs/cdirs/dune/www/data/2x2/nearline_run2/flowed_light/source_dtg_bin2/two_trig_40us_period_500tick/hv_65kV_beamC_25uA/dtg_30min_thenDecay/mpd_run_data_rctl_979_p411.FLOW.hdf5,2025-12-13 01:00:23.863000-06:00,3045
/global/cfs/cdirs/dune/www/data/2x2/nearline_run2/flowed_light/source_dtg_bin2/two_trig_40us_period_500tick/hv_65kV_beamC_25uA/dtg_30min_thenDecay/mpd_run_data_rctl_979_p412.FLOW.hdf5,2025-12-13 01:01:23.939000-06:00,3208
/global/cfs/cdirs/dune/www/data/2x2/nearline_run2/flowed_light/source_dtg_bin2/two_trig_40us_period_500tick/hv_65kV_beamC_25uA/dtg_30min_thenDecay/mpd_run_data_rctl_979_p413.FLOW.hdf5,2025-12-13 01:02:23.937000-06:00,3355
/global/cfs/cdirs/dune/www/data/2x2/nearline_run2/flowed_light/source_dtg_bin2/two_trig_40us_period_500tick/hv_65kV_beamC_25uA/dtg_30min_thenDecay/mpd_run_data_rctl_979_p414.FLOW.hdf5,2025-12-13 01:03:24.211000-06:00,3092
/global/cfs/cdirs/dune/www/data/2x2/nearline_run2/flowed_light/source_dtg_bin2/two_trig_40us_period_500tick/hv_65kV_beamC_25uA/dtg_30min_thenDecay/mpd_run_data_rctl_979_p415.FLOW.hdf5,2025-12-13 01:04:24.439000-06:00,3003
/global/cfs/cdirs/dune/www/data/2x2/nearline_run2/flowed_light/source_dtg_bin2/two_trig_40us_period_500tick/hv_65kV_beamC_25uA/dtg_30min_thenDecay/mpd_run_data_rctl_979_p416.FLOW.hdf5,2025-12-13 01:05:24.632000-06:00,3025
/global/cfs/cdirs/dune/www/data/2x2/nearline_run2/flowed_light/source_dtg_bin2/two_trig_40us_period_500tick/hv_65kV_beamC_25uA/dtg_30min_thenDecay/mpd_run_data_rctl_979_p417.FLOW.hdf5,2025-12-13 01:06:24.791000-06:00,3121
/global/cfs/cdirs/dune/www/data/2x2/nearline_run2/flowed_light/source_dtg_bin2/two_trig_40us_period_500tick/hv_65kV_beamC_25uA/dtg_30min_thenDecay/mpd_run_data_rctl_979_p418.FLOW.hdf5,2025-12-13 01:07:24.932000-06:00,3099
/global/cfs/cdirs/dune/www/data/2x2/nearline_run2/flowed_light/source_dtg_bin2/two_trig_40us_period_500tick/hv_65kV_beamC_25uA/dtg_30min_thenDecay/mpd_run_data_rctl_979_p419.FLOW.hdf5,2025-12-13 01:08:24.954000-06:00,3051
/global/cfs/cdirs/dune/www/data/2x2/nearline_run2/flowed_light/source_dtg_bin2/two_trig_40us_period_500tick/hv_65kV_beamC_25uA/dtg_30min_thenDecay/mpd_run_data_rctl_979_p420.FLOW.hdf5,2025-12-13 01:09:25.213000-06:00,3050
/global/cfs/cdirs/dune/www/data/2x2/nearline_run2/flowed_light/source_dtg_bin2/two_trig_40us_period_500tick/hv_65kV_beamC_25uA/dtg_30min_thenDecay/mpd_run_data_rctl_979_p421.FLOW.hdf5,2025-12-13 01:10:25.332000-06:00,3053
/global/cfs/cdirs/dune/www/data/2x2/nearline_run2/flowed_light/source_dtg_bin2/two_trig_40us_period_500tick/hv_65kV_beamC_25uA/dtg_30min_thenDecay/mpd_run_data_rctl_979_p422.FLOW.hdf5,2025-12-13 01:11:25.586000-06:00,3025
/global/cfs/cdirs/dune/www/data/2x2/nearline_run2/flowed_light/source_dtg_bin2/two_trig_40us_period_500tick/hv_65kV_beamC_25uA/dtg_30min_thenDecay/mpd_run_data_rctl_979_p423.FLOW.hdf5,2025-12-13 01:12:25.691000-06:00,3013
/global/cfs/cdirs/dune/www/data/2x2/nearline_run2/flowed_light/source_dtg_bin2/two_trig_40us_period_500tick/hv_65kV_beamC_25uA/dtg_30min_thenDecay/mpd_run_data_rctl_979_p424.FLOW.hdf5,2025-12-13 01:13:25.869000-06:00,3006
/global/cfs/cdirs/dune/www/data/2x2/nearline_run2/flowed_light/source_dtg_bin2/two_trig_40us_period_500tick/hv_65kV_beamC_25uA/dtg_30min_thenDecay/mpd_run_data_rctl_979_p425.FLOW.hdf5,2025-12-13 01:14:25.962000-06:00,3055
/global/cfs/cdirs/dune/www/data/2x2/nearline_run2/flowed_light/source_dtg_bin2/two_trig_40us_period_500tick/hv_65kV_beamC_25uA/dtg_30min_thenDecay/mpd_run_data_rctl_979_p426.FLOW.hdf5,2025-12-13 01:15:26.122000-06:00,2992
/global/cfs/cdirs/dune/www/data/2x2/nearline_run2/flowed_light/source_dtg_bin2/two_trig_40us_period_500tick/hv_65kV_beamC_25uA/dtg_30min_thenDecay/mpd_run_data_rctl_979_p427.FLOW.hdf5,2025-12-13 01:16:26.345000-06:00,3003
/global/cfs/cdirs/dune/www/data/2x2/nearline_run2/flowed_light/source_dtg_bin2/two_trig_40us_period_500tick/hv_65kV_beamC_25uA/dtg_30min_thenDecay/mpd_run_data_rctl_979_p428.FLOW.hdf5,2025-12-13 01:17:26.635000-06:00,3048
/global/cfs/cdirs/dune/www/data/2x2/nearline_run2/flowed_light/source_dtg_bin2/two_trig_40us_period_500tick/hv_65kV_beamC_25uA/dtg_30min_thenDecay/mpd_run_data_rctl_979_p429.FLOW.hdf5,2025-12-13 01:18:26.755000-06:00,3047
/global/cfs/cdirs/dune/www/data/2x2/nearline_run2/flowed_light/source_dtg_bin2/two_trig_40us_period_500tick/hv_65kV_beamC_25uA/dtg_30min_thenDecay/mpd_run_data_rctl_979_p430.FLOW.hdf5,2025-12-13 01:19:26.873000-06:00,2992
/global/cfs/cdirs/dune/www/data/2x2/nearline_run2/flowed_light/source_dtg_bin2/two_trig_40us_period_500tick/hv_65kV_beamC_25uA/dtg_30min_thenDecay/mpd_run_data_rctl_979_p431.FLOW.hdf5,2025-12-13 01:20:26.945000-06:00,3144
/global/cfs/cdirs/dune/www/data/2x2/nearline_run2/flowed_light/source_dtg_bin2/two_trig_40us_period_500tick/hv_65kV_beamC_25uA/dtg_30min_thenDecay/mpd_run_data_rctl_979_p432.FLOW.hdf5,2025-12-13 01:21:27.077000-06:00,3063
/global/cfs/cdirs/dune/www/data/2x2/nearline_run2/flowed_light/source_dtg_bin2/two_trig_40us_period_500tick/hv_65kV_beamC_25uA/dtg_30min_thenDecay/mpd_run_data_rctl_979_p433.FLOW.hdf5,2025-12-13 01:22:27.151000-06:00,3063
/global/cfs/cdirs/dune/www/data/2x2/nearline_run2/flowed_light/source_dtg_bin2/two_trig_40us_period_500tick/hv_65kV_beamC_25uA/dtg_30min_thenDecay/mpd_run_data_rctl_979_p434.FLOW.hdf5,2025-12-13 01:23:27.439000-06:00,3097
/global/cfs/cdirs/dune/www/data/2x2/nearline_run2/flowed_light/source_dtg_bin2/two_trig_40us_period_500tick/hv_65kV_beamC_25uA/dtg_30min_thenDecay/mpd_run_data_rctl_979_p435.FLOW.hdf5,2025-12-13 01:24:28.406000-06:00,2960
/global/cfs/cdirs/dune/www/data/2x2/nearline_run2/flowed_light/source_dtg_bin2/two_trig_40us_period_500tick/hv_65kV_beamC_25uA/dtg_30min_thenDecay/mpd_run_data_rctl_979_p436.FLOW.hdf5,2025-12-13 01:25:28.571000-06:00,2979
/global/cfs/cdirs/dune/www/data/2x2/nearline_run2/flowed_light/source_dtg_bin2/two_trig_40us_period_500tick/hv_65kV_beamC_25uA/dtg_30min_thenDecay/mpd_run_data_rctl_979_p437.FLOW.hdf5,2025-12-13 01:26:29.055000-06:00,3022
/global/cfs/cdirs/dune/www/data/2x2/nearline_run2/flowed_light/source_dtg_bin2/two_trig_40us_period_500tick/hv_65kV_beamC_25uA/dtg_30min_thenDecay/mpd_run_data_rctl_979_p438.FLOW.hdf5,2025-12-13 01:27:29.129000-06:00,2937
/global/cfs/cdirs/dune/www/data/2x2/nearline_run2/flowed_light/source_dtg_bin2/two_trig_40us_period_500tick/hv_65kV_beamC_25uA/dtg_30min_thenDecay/mpd_run_data_rctl_979_p439.FLOW.hdf5,2025-12-13 01:28:29.302000-06:00,2896
/global/cfs/cdirs/dune/www/data/2x2/nearline_run2/flowed_light/source_dtg_bin2/two_trig_40us_period_500tick/hv_65kV_beamC_25uA/dtg_30min_thenDecay/mpd_run_data_rctl_979_p440.FLOW.hdf5,2025-12-13 01:29:29.552000-06:00,2978
/global/cfs/cdirs/dune/www/data/2x2/nearline_run2/flowed_light/source_dtg_bin2/two_trig_40us_period_500tick/hv_65kV_beamC_25uA/dtg_30min_thenDecay/mpd_run_data_rctl_979_p441.FLOW.hdf5,2025-12-13 01:30:29.685000-06:00,3028
/global/cfs/cdirs/dune/www/data/2x2/nearline_run2/flowed_light/source_dtg_bin2/two_trig_40us_period_500tick/hv_65kV_beamC_25uA/dtg_30min_thenDecay/mpd_run_data_rctl_979_p442.FLOW.hdf5,2025-12-13 01:31:29.767000-06:00,3022
/global/cfs/cdirs/dune/www/data/2x2/nearline_run2/flowed_light/source_dtg_bin2/two_trig_40us_period_500tick/hv_65kV_beamC_25uA/dtg_30min_thenDecay/mpd_run_data_rctl_979_p443.FLOW.hdf5,2025-12-13 01:32:29.898000-06:00,2988
/global/cfs/cdirs/dune/www/data/2x2/nearline_run2/flowed_light/source_dtg_bin2/two_trig_40us_period_500tick/hv_65kV_beamC_25uA/dtg_30min_thenDecay/mpd_run_data_rctl_979_p444.FLOW.hdf5,2025-12-13 01:33:30.150000-06:00,3004
/global/cfs/cdirs/dune/www/data/2x2/nearline_run2/flowed_light/source_dtg_bin2/two_trig_40us_period_500tick/hv_65kV_beamC_25uA/dtg_30min_thenDecay/mpd_run_data_rctl_979_p445.FLOW.hdf5,2025-12-13 01:34:30.389000-06:00,3060
/global/cfs/cdirs/dune/www/data/2x2/nearline_run2/flowed_light/source_dtg_bin2/two_trig_40us_period_500tick/hv_65kV_beamC_25uA/dtg_30min_thenDecay/mpd_run_data_rctl_979_p446.FLOW.hdf5,2025-12-13 01:35:30.532000-06:00,3062
/global/cfs/cdirs/dune/www/data/2x2/nearline_run2/flowed_light/source_dtg_bin2/two_trig_40us_period_500tick/hv_65kV_beamC_25uA/dtg_30min_thenDecay/mpd_run_data_rctl_979_p447.FLOW.hdf5,2025-12-13 01:36:30.953000-06:00,3024
/global/cfs/cdirs/dune/www/data/2x2/nearline_run2/flowed_light/source_dtg_bin2/two_trig_40us_period_500tick/hv_65kV_beamC_25uA/dtg_30min_thenDecay/mpd_run_data_rctl_979_p448.FLOW.hdf5,2025-12-13 01:37:31.879000-06:00,3021
/global/cfs/cdirs/dune/www/data/2x2/nearline_run2/flowed_light/source_dtg_bin2/two_trig_40us_period_500tick/hv_65kV_beamC_25uA/dtg_30min_thenDecay/mpd_run_data_rctl_979_p449.FLOW.hdf5,2025-12-13 01:38:31.905000-06:00,3027
/global/cfs/cdirs/dune/www/data/2x2/nearline_run2/flowed_light/source_dtg_bin2/two_trig_40us_period_500tick/hv_65kV_beamC_25uA/dtg_30min_thenDecay/mpd_run_data_rctl_979_p450.FLOW.hdf5,2025-12-13 01:39:32.114000-06:00,2999
/global/cfs/cdirs/dune/www/data/2x2/nearline_run2/flowed_light/source_dtg_bin2/two_trig_40us_period_500tick/hv_65kV_beamC_25uA/dtg_30min_thenDecay/mpd_run_data_rctl_979_p451.FLOW.hdf5,2025-12-13 01:40:32.237000-06:00,3056
/global/cfs/cdirs/dune/www/data/2x2/nearline_run2/flowed_light/source_dtg_bin2/two_trig_40us_period_500tick/hv_65kV_beamC_25uA/dtg_30min_thenDecay/mpd_run_data_rctl_979_p452.FLOW.hdf5,2025-12-13 01:41:33.256000-06:00,2982
/global/cfs/cdirs/dune/www/data/2x2/nearline_run2/flowed_light/source_dtg_bin2/two_trig_40us_period_500tick/hv_65kV_beamC_25uA/dtg_30min_thenDecay/mpd_run_data_rctl_979_p453.FLOW.hdf5,2025-12-13 01:42:33.439000-06:00,2857
/global/cfs/cdirs/dune/www/data/2x2/nearline_run2/flowed_light/source_dtg_bin2/two_trig_40us_period_500tick/hv_65kV_beamC_25uA/dtg_30min_thenDecay/mpd_run_data_rctl_979_p454.FLOW.hdf5,2025-12-13 01:43:33.720000-06:00,2925
/global/cfs/cdirs/dune/www/data/2x2/nearline_run2/flowed_light/source_dtg_bin2/two_trig_40us_period_500tick/hv_65kV_beamC_25uA/dtg_30min_thenDecay/mpd_run_data_rctl_979_p455.FLOW.hdf5,2025-12-13 01:44:33.785000-06:00,3009
/global/cfs/cdirs/dune/www/data/2x2/nearline_run2/flowed_light/source_dtg_bin2/two_trig_40us_period_500tick/hv_65kV_beamC_25uA/dtg_30min_thenDecay/mpd_run_data_rctl_979_p456.FLOW.hdf5,2025-12-13 01:45:34.227000-06:00,2999
/global/cfs/cdirs/dune/www/data/2x2/nearline_run2/flowed_light/source_dtg_bin2/two_trig_40us_period_500tick/hv_65kV_beamC_25uA/dtg_30min_thenDecay/mpd_run_data_rctl_979_p457.FLOW.hdf5,2025-12-13 01:46:34.507000-06:00,2930
/global/cfs/cdirs/dune/www/data/2x2/nearline_run2/flowed_light/source_dtg_bin2/two_trig_40us_period_500tick/hv_65kV_beamC_25uA/dtg_30min_thenDecay/mpd_run_data_rctl_979_p458.FLOW.hdf5,2025-12-13 01:47:34.636000-06:00,2970
/global/cfs/cdirs/dune/www/data/2x2/nearline_run2/flowed_light/source_dtg_bin2/two_trig_40us_period_500tick/hv_65kV_beamC_25uA/dtg_30min_thenDecay/mpd_run_data_rctl_979_p459.FLOW.hdf5,2025-12-13 01:48:34.715000-06:00,2970
/global/cfs/cdirs/dune/www/data/2x2/nearline_run2/flowed_light/source_dtg_bin2/two_trig_40us_period_500tick/hv_65kV_beamC_25uA/dtg_30min_thenDecay/mpd_run_data_rctl_979_p460.FLOW.hdf5,2025-12-13 01:49:34.856000-06:00,2944
/global/cfs/cdirs/dune/www/data/2x2/nearline_run2/flowed_light/source_dtg_bin2/two_trig_40us_period_500tick/hv_65kV_beamC_25uA/dtg_30min_thenDecay/mpd_run_data_rctl_979_p461.FLOW.hdf5,2025-12-13 01:50:34.882000-06:00,2921
/global/cfs/cdirs/dune/www/data/2x2/nearline_run2/flowed_light/source_dtg_bin2/two_trig_40us_period_500tick/hv_65kV_beamC_25uA/dtg_30min_thenDecay/mpd_run_data_rctl_979_p462.FLOW.hdf5,2025-12-13 01:51:35.128000-06:00,2937
/global/cfs/cdirs/dune/www/data/2x2/nearline_run2/flowed_light/source_dtg_bin2/two_trig_40us_period_500tick/hv_65kV_beamC_25uA/dtg_30min_thenDecay/mpd_run_data_rctl_979_p463.FLOW.hdf5,2025-12-13 01:52:35.288000-06:00,2936
/global/cfs/cdirs/dune/www/data/2x2/nearline_run2/flowed_light/source_dtg_bin2/two_trig_40us_period_500tick/hv_65kV_beamC_25uA/dtg_30min_thenDecay/mpd_run_data_rctl_979_p464.FLOW.hdf5,2025-12-13 01:53:35.759000-06:00,2933
/global/cfs/cdirs/dune/www/data/2x2/nearline_run2/flowed_light/source_dtg_bin2/two_trig_40us_period_500tick/hv_65kV_beamC_25uA/dtg_30min_thenDecay/mpd_run_data_rctl_979_p465.FLOW.hdf5,2025-12-13 01:54:36.102000-06:00,2945
/global/cfs/cdirs/dune/www/data/2x2/nearline_run2/flowed_light/source_dtg_bin2/two_trig_40us_period_500tick/hv_65kV_beamC_25uA/dtg_30min_thenDecay/mpd_run_data_rctl_979_p466.FLOW.hdf5,2025-12-13 01:55:36.159000-06:00,2943
/global/cfs/cdirs/dune/www/data/2x2/nearline_run2/flowed_light/source_dtg_bin2/two_trig_40us_period_500tick/hv_65kV_beamC_25uA/dtg_30min_thenDecay/mpd_run_data_rctl_979_p467.FLOW.hdf5,2025-12-13 01:56:36.191000-06:00,3016
/global/cfs/cdirs/dune/www/data/2x2/nearline_run2/flowed_light/source_dtg_bin2/two_trig_40us_period_500tick/hv_65kV_beamC_25uA/dtg_30min_thenDecay/mpd_run_data_rctl_979_p468.FLOW.hdf5,2025-12-13 01:57:36.468000-06:00,2888
/global/cfs/cdirs/dune/www/data/2x2/nearline_run2/flowed_light/source_dtg_bin2/two_trig_40us_period_500tick/hv_65kV_beamC_25uA/dtg_30min_thenDecay/mpd_run_data_rctl_979_p469.FLOW.hdf5,2025-12-13 01:58:36.686000-06:00,2937
/global/cfs/cdirs/dune/www/data/2x2/nearline_run2/flowed_light/source_dtg_bin2/two_trig_40us_period_500tick/hv_65kV_beamC_25uA/dtg_30min_thenDecay/mpd_run_data_rctl_979_p470.FLOW.hdf5,2025-12-13 01:59:37.265000-06:00,2964
/global/cfs/cdirs/dune/www/data/2x2/nearline_run2/flowed_light/source_dtg_bin2/two_trig_40us_period_500tick/hv_65kV_beamC_25uA/dtg_30min_thenDecay/mpd_run_data_rctl_979_p471.FLOW.hdf5,2025-12-13 02:00:37.306000-06:00,2898
/global/cfs/cdirs/dune/www/data/2x2/nearline_run2/flowed_light/source_dtg_bin2/two_trig_40us_period_500tick/hv_65kV_beamC_25uA/dtg_30min_thenDecay/mpd_run_data_rctl_979_p472.FLOW.hdf5,2025-12-13 02:01:37.569000-06:00,2925
/global/cfs/cdirs/dune/www/data/2x2/nearline_run2/flowed_light/source_dtg_bin2/two_trig_40us_period_500tick/hv_65kV_beamC_25uA/dtg_30min_thenDecay/mpd_run_data_rctl_979_p473.FLOW.hdf5,2025-12-13 02:02:37.686000-06:00,2874
/global/cfs/cdirs/dune/www/data/2x2/nearline_run2/flowed_light/source_dtg_bin2/two_trig_40us_period_500tick/hv_65kV_beamC_25uA/dtg_30min_thenDecay/mpd_run_data_rctl_979_p474.FLOW.hdf5,2025-12-13 02:03:38.139000-06:00,2872
/global/cfs/cdirs/dune/www/data/2x2/nearline_run2/flowed_light/source_dtg_bin2/two_trig_40us_period_500tick/hv_65kV_beamC_25uA/dtg_30min_thenDecay/mpd_run_data_rctl_979_p475.FLOW.hdf5,2025-12-13 02:04:38.254000-06:00,3087
/global/cfs/cdirs/dune/www/data/2x2/nearline_run2/flowed_light/source_dtg_bin2/two_trig_40us_period_500tick/hv_65kV_beamC_25uA/dtg_30min_thenDecay/mpd_run_data_rctl_979_p476.FLOW.hdf5,2025-12-13 02:05:38.224000-06:00,2930
/global/cfs/cdirs/dune/www/data/2x2/nearline_run2/flowed_light/source_dtg_bin2/two_trig_40us_period_500tick/hv_65kV_beamC_25uA/dtg_30min_thenDecay/mpd_run_data_rctl_979_p477.FLOW.hdf5,2025-12-13 02:06:38.379000-06:00,2987
/global/cfs/cdirs/dune/www/data/2x2/nearline_run2/flowed_light/source_dtg_bin2/two_trig_40us_period_500tick/hv_65kV_beamC_25uA/dtg_30min_thenDecay/mpd_run_data_rctl_979_p478.FLOW.hdf5,2025-12-13 02:07:38.801000-06:00,2912
/global/cfs/cdirs/dune/www/data/2x2/nearline_run2/flowed_light/source_dtg_bin2/two_trig_40us_period_500tick/hv_65kV_beamC_25uA/dtg_30min_thenDecay/mpd_run_data_rctl_979_p479.FLOW.hdf5,2025-12-13 02:08:39-06:00,2929
/global/cfs/cdirs/dune/www/data/2x2/nearline_run2/flowed_light/source_dtg_bin2/two_trig_40us_period_500tick/hv_65kV_beamC_25uA/dtg_30min_thenDecay/mpd_run_data_rctl_979_p480.FLOW.hdf5,2025-12-13 02:09:39.111000-06:00,2894
/global/cfs/cdirs/dune/www/data/2x2/nearline_run2/flowed_light/source_dtg_bin2/two_trig_40us_period_500tick/hv_65kV_beamC_25uA/dtg_30min_thenDecay/mpd_run_data_rctl_979_p481.FLOW.hdf5,2025-12-13 02:10:39.226000-06:00,2925
/global/cfs/cdirs/dune/www/data/2x2/nearline_run2/flowed_light/source_dtg_bin2/two_trig_40us_period_500tick/hv_65kV_beamC_25uA/dtg_30min_thenDecay/mpd_run_data_rctl_979_p482.FLOW.hdf5,2025-12-13 02:11:39.476000-06:00,2815
/global/cfs/cdirs/dune/www/data/2x2/nearline_run2/flowed_light/source_dtg_bin2/two_trig_40us_period_500tick/hv_65kV_beamC_25uA/dtg_30min_thenDecay/mpd_run_data_rctl_979_p483.FLOW.hdf5,2025-12-13 02:12:39.693000-06:00,2945
/global/cfs/cdirs/dune/www/data/2x2/nearline_run2/flowed_light/source_dtg_bin2/two_trig_40us_period_500tick/hv_65kV_beamC_25uA/dtg_30min_thenDecay/mpd_run_data_rctl_979_p484.FLOW.hdf5,2025-12-13 02:13:40.001000-06:00,2927
/global/cfs/cdirs/dune/www/data/2x2/nearline_run2/flowed_light/source_dtg_bin2/two_trig_40us_period_500tick/hv_65kV_beamC_25uA/dtg_30min_thenDecay/mpd_run_data_rctl_979_p485.FLOW.hdf5,2025-12-13 02:14:40.204000-06:00,3053
/global/cfs/cdirs/dune/www/data/2x2/nearline_run2/flowed_light/source_dtg_bin2/two_trig_40us_period_500tick/hv_65kV_beamC_25uA/dtg_30min_thenDecay/mpd_run_data_rctl_979_p486.FLOW.hdf5,2025-12-13 02:15:40.755000-06:00,2944
/global/cfs/cdirs/dune/www/data/2x2/nearline_run2/flowed_light/source_dtg_bin2/two_trig_40us_period_500tick/hv_65kV_beamC_25uA/dtg_30min_thenDecay/mpd_run_data_rctl_979_p487.FLOW.hdf5,2025-12-13 02:16:40.816000-06:00,2964
/global/cfs/cdirs/dune/www/data/2x2/nearline_run2/flowed_light/source_dtg_bin2/two_trig_40us_period_500tick/hv_65kV_beamC_25uA/dtg_30min_thenDecay/mpd_run_data_rctl_979_p488.FLOW.hdf5,2025-12-13 02:17:40.902000-06:00,2950
/global/cfs/cdirs/dune/www/data/2x2/nearline_run2/flowed_light/source_dtg_bin2/two_trig_40us_period_500tick/hv_65kV_beamC_25uA/dtg_30min_thenDecay/mpd_run_data_rctl_979_p489.FLOW.hdf5,2025-12-13 02:18:41.064000-06:00,2993
/global/cfs/cdirs/dune/www/data/2x2/nearline_run2/flowed_light/source_dtg_bin2/two_trig_40us_period_500tick/hv_65kV_beamC_25uA/dtg_30min_thenDecay/mpd_run_data_rctl_979_p490.FLOW.hdf5,2025-12-13 02:19:41.107000-06:00,2918
/global/cfs/cdirs/dune/www/data/2x2/nearline_run2/flowed_light/source_dtg_bin2/two_trig_40us_period_500tick/hv_65kV_beamC_25uA/dtg_30min_thenDecay/mpd_run_data_rctl_979_p491.FLOW.hdf5,2025-12-13 02:20:41.244000-06:00,3039
/global/cfs/cdirs/dune/www/data/2x2/nearline_run2/flowed_light/source_dtg_bin2/two_trig_40us_period_500tick/hv_65kV_beamC_25uA/dtg_30min_thenDecay/mpd_run_data_rctl_979_p492.FLOW.hdf5,2025-12-13 02:21:41.445000-06:00,2889
/global/cfs/cdirs/dune/www/data/2x2/nearline_run2/flowed_light/source_dtg_bin2/two_trig_40us_period_500tick/hv_65kV_beamC_25uA/dtg_30min_thenDecay/mpd_run_data_rctl_979_p493.FLOW.hdf5,2025-12-13 02:22:41.653000-06:00,2996
/global/cfs/cdirs/dune/www/data/2x2/nearline_run2/flowed_light/source_dtg_bin2/two_trig_40us_period_500tick/hv_65kV_beamC_25uA/dtg_30min_thenDecay/mpd_run_data_rctl_979_p494.FLOW.hdf5,2025-12-13 02:23:41.852000-06:00,2946
/global/cfs/cdirs/dune/www/data/2x2/nearline_run2/flowed_light/source_dtg_bin2/two_trig_40us_period_500tick/hv_65kV_beamC_25uA/dtg_30min_thenDecay/mpd_run_data_rctl_979_p495.FLOW.hdf5,2025-12-13 02:24:42.199000-06:00,3016
/global/cfs/cdirs/dune/www/data/2x2/nearline_run2/flowed_light/source_dtg_bin2/two_trig_40us_period_500tick/hv_65kV_beamC_25uA/dtg_30min_thenDecay/mpd_run_data_rctl_979_p496.FLOW.hdf5,2025-12-13 02:25:43.241000-06:00,2956
/global/cfs/cdirs/dune/www/data/2x2/nearline_run2/flowed_light/source_dtg_bin2/two_trig_40us_period_500tick/hv_65kV_beamC_25uA/dtg_30min_thenDecay/mpd_run_data_rctl_979_p497.FLOW.hdf5,2025-12-13 02:26:43.413000-06:00,2987
/global/cfs/cdirs/dune/www/data/2x2/nearline_run2/flowed_light/source_dtg_bin2/two_trig_40us_period_500tick/hv_65kV_beamC_25uA/dtg_30min_thenDecay/mpd_run_data_rctl_979_p498.FLOW.hdf5,2025-12-13 02:27:43.686000-06:00,2785
/global/cfs/cdirs/dune/www/data/2x2/nearline_run2/flowed_light/source_dtg_bin2/two_trig_40us_period_500tick/hv_65kV_beamC_25uA/dtg_30min_thenDecay/mpd_run_data_rctl_979_p499.FLOW.hdf5,2025-12-13 02:28:43.842000-06:00,2848
/global/cfs/cdirs/dune/www/data/2x2/nearline_run2/flowed_light/source_dtg_bin2/two_trig_40us_period_500tick/hv_65kV_beamC_25uA/dtg_30min_thenDecay/mpd_run_data_rctl_979_p500.FLOW.hdf5,2025-12-13 02:29:44.092000-06:00,2956
/global/cfs/cdirs/dune/www/data/2x2/nearline_run2/flowed_light/source_dtg_bin2/two_trig_40us_period_500tick/hv_65kV_beamC_25uA/dtg_30min_thenDecay/mpd_run_data_rctl_979_p501.FLOW.hdf5,2025-12-13 02:30:44.161000-06:00,2821
/global/cfs/cdirs/dune/www/data/2x2/nearline_run2/flowed_light/source_dtg_bin2/two_trig_40us_period_500tick/hv_65kV_beamC_25uA/dtg_30min_thenDecay/mpd_run_data_rctl_979_p502.FLOW.hdf5,2025-12-13 02:31:44.410000-06:00,2970
/global/cfs/cdirs/dune/www/data/2x2/nearline_run2/flowed_light/source_dtg_bin2/two_trig_40us_period_500tick/hv_65kV_beamC_25uA/dtg_30min_thenDecay/mpd_run_data_rctl_979_p503.FLOW.hdf5,2025-12-13 02:32:44.849000-06:00,2922
/global/cfs/cdirs/dune/www/data/2x2/nearline_run2/flowed_light/source_dtg_bin2/two_trig_40us_period_500tick/hv_65kV_beamC_25uA/dtg_30min_thenDecay/mpd_run_data_rctl_979_p504.FLOW.hdf5,2025-12-13 02:33:44.975000-06:00,2872
/global/cfs/cdirs/dune/www/data/2x2/nearline_run2/flowed_light/source_dtg_bin2/two_trig_40us_period_500tick/hv_65kV_beamC_25uA/dtg_30min_thenDecay/mpd_run_data_rctl_979_p505.FLOW.hdf5,2025-12-13 02:34:45.165000-06:00,2930
/global/cfs/cdirs/dune/www/data/2x2/nearline_run2/flowed_light/source_dtg_bin2/two_trig_40us_period_500tick/hv_65kV_beamC_25uA/dtg_30min_thenDecay/mpd_run_data_rctl_979_p506.FLOW.hdf5,2025-12-13 02:35:45.216000-06:00,2949
/global/cfs/cdirs/dune/www/data/2x2/nearline_run2/flowed_light/source_dtg_bin2/two_trig_40us_period_500tick/hv_65kV_beamC_25uA/dtg_30min_thenDecay/mpd_run_data_rctl_979_p507.FLOW.hdf5,2025-12-13 02:36:45.521000-06:00,2924
/global/cfs/cdirs/dune/www/data/2x2/nearline_run2/flowed_light/source_dtg_bin2/two_trig_40us_period_500tick/hv_65kV_beamC_25uA/dtg_30min_thenDecay/mpd_run_data_rctl_979_p508.FLOW.hdf5,2025-12-13 02:37:45.673000-06:00,2867
/global/cfs/cdirs/dune/www/data/2x2/nearline_run2/flowed_light/source_dtg_bin2/two_trig_40us_period_500tick/hv_65kV_beamC_25uA/dtg_30min_thenDecay/mpd_run_data_rctl_979_p509.FLOW.hdf5,2025-12-13 02:38:45.967000-06:00,2980
/global/cfs/cdirs/dune/www/data/2x2/nearline_run2/flowed_light/source_dtg_bin2/two_trig_40us_period_500tick/hv_65kV_beamC_25uA/dtg_30min_thenDecay/mpd_run_data_rctl_979_p510.FLOW.hdf5,2025-12-13 02:39:46.261000-06:00,2947
/global/cfs/cdirs/dune/www/data/2x2/nearline_run2/flowed_light/source_dtg_bin2/two_trig_40us_period_500tick/hv_65kV_beamC_25uA/dtg_30min_thenDecay/mpd_run_data_rctl_979_p511.FLOW.hdf5,2025-12-13 02:40:46.644000-06:00,2916
/global/cfs/cdirs/dune/www/data/2x2/nearline_run2/flowed_light/source_dtg_bin2/two_trig_40us_period_500tick/hv_65kV_beamC_25uA/dtg_30min_thenDecay/mpd_run_data_rctl_979_p512.FLOW.hdf5,2025-12-13 02:41:46.820000-06:00,2864
/global/cfs/cdirs/dune/www/data/2x2/nearline_run2/flowed_light/source_dtg_bin2/two_trig_40us_period_500tick/hv_65kV_beamC_25uA/dtg_30min_thenDecay/mpd_run_data_rctl_979_p513.FLOW.hdf5,2025-12-13 02:42:46.948000-06:00,2955
/global/cfs/cdirs/dune/www/data/2x2/nearline_run2/flowed_light/source_dtg_bin2/two_trig_40us_period_500tick/hv_65kV_beamC_25uA/dtg_30min_thenDecay/mpd_run_data_rctl_979_p514.FLOW.hdf5,2025-12-13 02:43:47.114000-06:00,2856
/global/cfs/cdirs/dune/www/data/2x2/nearline_run2/flowed_light/source_dtg_bin2/two_trig_40us_period_500tick/hv_65kV_beamC_25uA/dtg_30min_thenDecay/mpd_run_data_rctl_979_p515.FLOW.hdf5,2025-12-13 02:44:47.482000-06:00,2790
/global/cfs/cdirs/dune/www/data/2x2/nearline_run2/flowed_light/source_dtg_bin2/two_trig_40us_period_500tick/hv_65kV_beamC_25uA/dtg_30min_thenDecay/mpd_run_data_rctl_979_p516.FLOW.hdf5,2025-12-13 02:45:47.812000-06:00,2919
/global/cfs/cdirs/dune/www/data/2x2/nearline_run2/flowed_light/source_dtg_bin2/two_trig_40us_period_500tick/hv_65kV_beamC_25uA/dtg_30min_thenDecay/mpd_run_data_rctl_979_p517.FLOW.hdf5,2025-12-13 02:46:48.103000-06:00,2877
/global/cfs/cdirs/dune/www/data/2x2/nearline_run2/flowed_light/source_dtg_bin2/two_trig_40us_period_500tick/hv_65kV_beamC_25uA/dtg_30min_thenDecay/mpd_run_data_rctl_979_p518.FLOW.hdf5,2025-12-13 02:47:48.422000-06:00,2965
/global/cfs/cdirs/dune/www/data/2x2/nearline_run2/flowed_light/source_dtg_bin2/two_trig_40us_period_500tick/hv_65kV_beamC_25uA/dtg_30min_thenDecay/mpd_run_data_rctl_979_p519.FLOW.hdf5,2025-12-13 02:48:49.435000-06:00,2877
/global/cfs/cdirs/dune/www/data/2x2/nearline_run2/flowed_light/source_dtg_bin2/two_trig_40us_period_500tick/hv_65kV_beamC_25uA/dtg_30min_thenDecay/mpd_run_data_rctl_979_p520.FLOW.hdf5,2025-12-13 02:49:49.865000-06:00,2902
/global/cfs/cdirs/dune/www/data/2x2/nearline_run2/flowed_light/source_dtg_bin2/two_trig_40us_period_500tick/hv_65kV_beamC_25uA/dtg_30min_thenDecay/mpd_run_data_rctl_979_p521.FLOW.hdf5,2025-12-13 02:50:50.183000-06:00,2913
/global/cfs/cdirs/dune/www/data/2x2/nearline_run2/flowed_light/source_dtg_bin2/two_trig_40us_period_500tick/hv_65kV_beamC_25uA/dtg_30min_thenDecay/mpd_run_data_rctl_979_p522.FLOW.hdf5,2025-12-13 02:51:50.337000-06:00,2815
/global/cfs/cdirs/dune/www/data/2x2/nearline_run2/flowed_light/source_dtg_bin2/two_trig_40us_period_500tick/hv_65kV_beamC_25uA/dtg_30min_thenDecay/mpd_run_data_rctl_979_p523.FLOW.hdf5,2025-12-13 02:52:50.502000-06:00,2870
/global/cfs/cdirs/dune/www/data/2x2/nearline_run2/flowed_light/source_dtg_bin2/two_trig_40us_period_500tick/hv_65kV_beamC_25uA/dtg_30min_thenDecay/mpd_run_data_rctl_979_p524.FLOW.hdf5,2025-12-13 02:53:50.814000-06:00,2776
/global/cfs/cdirs/dune/www/data/2x2/nearline_run2/flowed_light/source_dtg_bin2/two_trig_40us_period_500tick/hv_65kV_beamC_25uA/dtg_30min_thenDecay/mpd_run_data_rctl_979_p525.FLOW.hdf5,2025-12-13 02:54:50.986000-06:00,2899
/global/cfs/cdirs/dune/www/data/2x2/nearline_run2/flowed_light/source_dtg_bin2/two_trig_40us_period_500tick/hv_65kV_beamC_25uA/dtg_30min_thenDecay/mpd_run_data_rctl_979_p526.FLOW.hdf5,2025-12-13 02:55:51.033000-06:00,2916
/global/cfs/cdirs/dune/www/data/2x2/nearline_run2/flowed_light/source_dtg_bin2/two_trig_40us_period_500tick/hv_65kV_beamC_25uA/dtg_30min_thenDecay/mpd_run_data_rctl_979_p527.FLOW.hdf5,2025-12-13 02:56:52.002000-06:00,2822
/global/cfs/cdirs/dune/www/data/2x2/nearline_run2/flowed_light/source_dtg_bin2/two_trig_40us_period_500tick/hv_65kV_beamC_25uA/dtg_30min_thenDecay/mpd_run_data_rctl_979_p528.FLOW.hdf5,2025-12-13 02:57:52.563000-06:00,2940
/global/cfs/cdirs/dune/www/data/2x2/nearline_run2/flowed_light/source_dtg_bin2/two_trig_40us_period_500tick/hv_65kV_beamC_25uA/dtg_30min_thenDecay/mpd_run_data_rctl_979_p529.FLOW.hdf5,2025-12-13 02:58:52.928000-06:00,2875
/global/cfs/cdirs/dune/www/data/2x2/nearline_run2/flowed_light/source_dtg_bin2/two_trig_40us_period_500tick/hv_65kV_beamC_25uA/dtg_30min_thenDecay/mpd_run_data_rctl_979_p530.FLOW.hdf5,2025-12-13 02:59:53.192000-06:00,2912
/global/cfs/cdirs/dune/www/data/2x2/nearline_run2/flowed_light/source_dtg_bin2/two_trig_40us_period_500tick/hv_65kV_beamC_25uA/dtg_30min_thenDecay/mpd_run_data_rctl_979_p531.FLOW.hdf5,2025-12-13 03:00:53.378000-06:00,2839
/global/cfs/cdirs/dune/www/data/2x2/nearline_run2/flowed_light/source_dtg_bin2/two_trig_40us_period_500tick/hv_65kV_beamC_25uA/dtg_30min_thenDecay/mpd_run_data_rctl_979_p532.FLOW.hdf5,2025-12-13 03:01:53.925000-06:00,2921
/global/cfs/cdirs/dune/www/data/2x2/nearline_run2/flowed_light/source_dtg_bin2/two_trig_40us_period_500tick/hv_65kV_beamC_25uA/dtg_30min_thenDecay/mpd_run_data_rctl_979_p533.FLOW.hdf5,2025-12-13 03:02:54.342000-06:00,2797
/global/cfs/cdirs/dune/www/data/2x2/nearline_run2/flowed_light/source_dtg_bin2/two_trig_40us_period_500tick/hv_65kV_beamC_25uA/dtg_30min_thenDecay/mpd_run_data_rctl_979_p534.FLOW.hdf5,2025-12-13 03:03:54.480000-06:00,2841
/global/cfs/cdirs/dune/www/data/2x2/nearline_run2/flowed_light/source_dtg_bin2/two_trig_40us_period_500tick/hv_65kV_beamC_25uA/dtg_30min_thenDecay/mpd_run_data_rctl_979_p535.FLOW.hdf5,2025-12-13 03:04:54.694000-06:00,2940
/global/cfs/cdirs/dune/www/data/2x2/nearline_run2/flowed_light/source_dtg_bin2/two_trig_40us_period_500tick/hv_65kV_beamC_25uA/dtg_30min_thenDecay/mpd_run_data_rctl_979_p536.FLOW.hdf5,2025-12-13 03:05:55.017000-06:00,2917
/global/cfs/cdirs/dune/www/data/2x2/nearline_run2/flowed_light/source_dtg_bin2/two_trig_40us_period_500tick/hv_65kV_beamC_25uA/dtg_30min_thenDecay/mpd_run_data_rctl_979_p537.FLOW.hdf5,2025-12-13 03:06:55.408000-06:00,2833
/global/cfs/cdirs/dune/www/data/2x2/nearline_run2/flowed_light/source_dtg_bin2/two_trig_40us_period_500tick/hv_65kV_beamC_25uA/dtg_30min_thenDecay/mpd_run_data_rctl_979_p538.FLOW.hdf5,2025-12-13 03:07:55.641000-06:00,2902
/global/cfs/cdirs/dune/www/data/2x2/nearline_run2/flowed_light/source_dtg_bin2/two_trig_40us_period_500tick/hv_65kV_beamC_25uA/dtg_30min_thenDecay/mpd_run_data_rctl_979_p539.FLOW.hdf5,2025-12-13 03:08:55.737000-06:00,2802
/global/cfs/cdirs/dune/www/data/2x2/nearline_run2/flowed_light/source_dtg_bin2/two_trig_40us_period_500tick/hv_65kV_beamC_25uA/dtg_30min_thenDecay/mpd_run_data_rctl_979_p540.FLOW.hdf5,2025-12-13 03:09:55.946000-06:00,2818
/global/cfs/cdirs/dune/www/data/2x2/nearline_run2/flowed_light/source_dtg_bin2/two_trig_40us_period_500tick/hv_65kV_beamC_25uA/dtg_30min_thenDecay/mpd_run_data_rctl_979_p541.FLOW.hdf5,2025-12-13 03:10:56.448000-06:00,2867
/global/cfs/cdirs/dune/www/data/2x2/nearline_run2/flowed_light/source_dtg_bin2/two_trig_40us_period_500tick/hv_65kV_beamC_25uA/dtg_30min_thenDecay/mpd_run_data_rctl_979_p542.FLOW.hdf5,2025-12-13 03:11:56.666000-06:00,2838
/global/cfs/cdirs/dune/www/data/2x2/nearline_run2/flowed_light/source_dtg_bin2/two_trig_40us_period_500tick/hv_65kV_beamC_25uA/dtg_30min_thenDecay/mpd_run_data_rctl_979_p543.FLOW.hdf5,2025-12-13 03:12:56.784000-06:00,2800
/global/cfs/cdirs/dune/www/data/2x2/nearline_run2/flowed_light/source_dtg_bin2/two_trig_40us_period_500tick/hv_65kV_beamC_25uA/dtg_30min_thenDecay/mpd_run_data_rctl_979_p544.FLOW.hdf5,2025-12-13 03:13:57.112000-06:00,2698
/global/cfs/cdirs/dune/www/data/2x2/nearline_run2/flowed_light/source_dtg_bin2/two_trig_40us_period_500tick/hv_65kV_beamC_25uA/dtg_30min_thenDecay/mpd_run_data_rctl_979_p545.FLOW.hdf5,2025-12-13 03:14:57.478000-06:00,2870
/global/cfs/cdirs/dune/www/data/2x2/nearline_run2/flowed_light/source_dtg_bin2/two_trig_40us_period_500tick/hv_65kV_beamC_25uA/dtg_30min_thenDecay/mpd_run_data_rctl_979_p546.FLOW.hdf5,2025-12-13 03:15:57.486000-06:00,2826
/global/cfs/cdirs/dune/www/data/2x2/nearline_run2/flowed_light/source_dtg_bin2/two_trig_40us_period_500tick/hv_65kV_beamC_25uA/dtg_30min_thenDecay/mpd_run_data_rctl_979_p547.FLOW.hdf5,2025-12-13 03:16:57.741000-06:00,2847
/global/cfs/cdirs/dune/www/data/2x2/nearline_run2/flowed_light/source_dtg_bin2/two_trig_40us_period_500tick/hv_65kV_beamC_25uA/dtg_30min_thenDecay/mpd_run_data_rctl_979_p548.FLOW.hdf5,2025-12-13 03:17:57.848000-06:00,2845
/global/cfs/cdirs/dune/www/data/2x2/nearline_run2/flowed_light/source_dtg_bin2/two_trig_40us_period_500tick/hv_65kV_beamC_25uA/dtg_30min_thenDecay/mpd_run_data_rctl_979_p549.FLOW.hdf5,2025-12-13 03:18:57.869000-06:00,2785
/global/cfs/cdirs/dune/www/data/2x2/nearline_run2/flowed_light/source_dtg_bin2/two_trig_40us_period_500tick/hv_65kV_beamC_25uA/dtg_30min_thenDecay/mpd_run_data_rctl_979_p550.FLOW.hdf5,2025-12-13 03:19:58.080000-06:00,10839
/global/cfs/cdirs/dune/www/data/2x2/nearline_run2/flowed_light/source_dtg_bin2/two_trig_40us_period_500tick/hv_65kV_beamC_25uA/dtg_30min_thenDecay/mpd_run_data_rctl_979_p551.FLOW.hdf5,2025-12-13 03:20:58.277000-06:00,2992
/global/cfs/cdirs/dune/www/data/2x2/nearline_run2/flowed_light/source_dtg_bin2/two_trig_40us_period_500tick/hv_65kV_beamC_25uA/dtg_30min_thenDecay/mpd_run_data_rctl_979_p552.FLOW.hdf5,2025-12-13 03:21:58.750000-06:00,2824
/global/cfs/cdirs/dune/www/data/2x2/nearline_run2/flowed_light/source_dtg_bin2/two_trig_40us_period_500tick/hv_65kV_beamC_25uA/dtg_30min_thenDecay/mpd_run_data_rctl_979_p553.FLOW.hdf5,2025-12-13 03:22:59.040000-06:00,2801
/global/cfs/cdirs/dune/www/data/2x2/nearline_run2/flowed_light/source_dtg_bin2/two_trig_40us_period_500tick/hv_65kV_beamC_25uA/dtg_30min_thenDecay/mpd_run_data_rctl_979_p554.FLOW.hdf5,2025-12-13 03:23:59.300000-06:00,2822
/global/cfs/cdirs/dune/www/data/2x2/nearline_run2/flowed_light/source_dtg_bin2/two_trig_40us_period_500tick/hv_65kV_beamC_25uA/dtg_30min_thenDecay/mpd_run_data_rctl_979_p555.FLOW.hdf5,2025-12-13 03:24:59.562000-06:00,2861
/global/cfs/cdirs/dune/www/data/2x2/nearline_run2/flowed_light/source_dtg_bin2/two_trig_40us_period_500tick/hv_65kV_beamC_25uA/dtg_30min_thenDecay/mpd_run_data_rctl_979_p556.FLOW.hdf5,2025-12-13 03:25:59.824000-06:00,2785
/global/cfs/cdirs/dune/www/data/2x2/nearline_run2/flowed_light/source_dtg_bin2/two_trig_40us_period_500tick/hv_65kV_beamC_25uA/dtg_30min_thenDecay/mpd_run_data_rctl_979_p557.FLOW.hdf5,2025-12-13 03:27:00.203000-06:00,2845
/global/cfs/cdirs/dune/www/data/2x2/nearline_run2/flowed_light/source_dtg_bin2/two_trig_40us_period_500tick/hv_65kV_beamC_25uA/dtg_30min_thenDecay/mpd_run_data_rctl_979_p558.FLOW.hdf5,2025-12-13 03:28:00.343000-06:00,2692
/global/cfs/cdirs/dune/www/data/2x2/nearline_run2/flowed_light/source_dtg_bin2/two_trig_40us_period_500tick/hv_65kV_beamC_25uA/dtg_30min_thenDecay/mpd_run_data_rctl_979_p559.FLOW.hdf5,2025-12-13 03:29:00.582000-06:00,2886
/global/cfs/cdirs/dune/www/data/2x2/nearline_run2/flowed_light/source_dtg_bin2/two_trig_40us_period_500tick/hv_65kV_beamC_25uA/dtg_30min_thenDecay/mpd_run_data_rctl_979_p560.FLOW.hdf5,2025-12-13 03:30:00.753000-06:00,2813
/global/cfs/cdirs/dune/www/data/2x2/nearline_run2/flowed_light/source_dtg_bin2/two_trig_40us_period_500tick/hv_65kV_beamC_25uA/dtg_30min_thenDecay/mpd_run_data_rctl_979_p561.FLOW.hdf5,2025-12-13 03:31:01.097000-06:00,2810
/global/cfs/cdirs/dune/www/data/2x2/nearline_run2/flowed_light/source_dtg_bin2/two_trig_40us_period_500tick/hv_65kV_beamC_25uA/dtg_30min_thenDecay/mpd_run_data_rctl_979_p562.FLOW.hdf5,2025-12-13 03:32:01.072000-06:00,2763
/global/cfs/cdirs/dune/www/data/2x2/nearline_run2/flowed_light/source_dtg_bin2/two_trig_40us_period_500tick/hv_65kV_beamC_25uA/dtg_30min_thenDecay/mpd_run_data_rctl_979_p563.FLOW.hdf5,2025-12-13 03:33:01.174000-06:00,2892
/global/cfs/cdirs/dune/www/data/2x2/nearline_run2/flowed_light/source_dtg_bin2/two_trig_40us_period_500tick/hv_65kV_beamC_25uA/dtg_30min_thenDecay/mpd_run_data_rctl_979_p564.FLOW.hdf5,2025-12-13 03:34:01.536000-06:00,2679
/global/cfs/cdirs/dune/www/data/2x2/nearline_run2/flowed_light/source_dtg_bin2/two_trig_40us_period_500tick/hv_65kV_beamC_25uA/dtg_30min_thenDecay/mpd_run_data_rctl_979_p565.FLOW.hdf5,2025-12-13 03:35:01.759000-06:00,2907
/global/cfs/cdirs/dune/www/data/2x2/nearline_run2/flowed_light/source_dtg_bin2/two_trig_40us_period_500tick/hv_65kV_beamC_25uA/dtg_30min_thenDecay/mpd_run_data_rctl_979_p566.FLOW.hdf5,2025-12-13 03:36:02.782000-06:00,2874
/global/cfs/cdirs/dune/www/data/2x2/nearline_run2/flowed_light/source_dtg_bin2/two_trig_40us_period_500tick/hv_65kV_beamC_25uA/dtg_30min_thenDecay/mpd_run_data_rctl_979_p567.FLOW.hdf5,2025-12-13 03:37:03.852000-06:00,2719
/global/cfs/cdirs/dune/www/data/2x2/nearline_run2/flowed_light/source_dtg_bin2/two_trig_40us_period_500tick/hv_65kV_beamC_25uA/dtg_30min_thenDecay/mpd_run_data_rctl_979_p568.FLOW.hdf5,2025-12-13 03:38:04.444000-06:00,2781
/global/cfs/cdirs/dune/www/data/2x2/nearline_run2/flowed_light/source_dtg_bin2/two_trig_40us_period_500tick/hv_65kV_beamC_25uA/dtg_30min_thenDecay/mpd_run_data_rctl_979_p569.FLOW.hdf5,2025-12-13 03:39:04.786000-06:00,2872
/global/cfs/cdirs/dune/www/data/2x2/nearline_run2/flowed_light/source_dtg_bin2/two_trig_40us_period_500tick/hv_65kV_beamC_25uA/dtg_30min_thenDecay/mpd_run_data_rctl_979_p570.FLOW.hdf5,2025-12-13 03:40:05.201000-06:00,2849
/global/cfs/cdirs/dune/www/data/2x2/nearline_run2/flowed_light/source_dtg_bin2/two_trig_40us_period_500tick/hv_65kV_beamC_25uA/dtg_30min_thenDecay/mpd_run_data_rctl_979_p571.FLOW.hdf5,2025-12-13 03:41:06.172000-06:00,2892
/global/cfs/cdirs/dune/www/data/2x2/nearline_run2/flowed_light/source_dtg_bin2/two_trig_40us_period_500tick/hv_65kV_beamC_25uA/dtg_30min_thenDecay/mpd_run_data_rctl_979_p572.FLOW.hdf5,2025-12-13 03:42:06.658000-06:00,2817
/global/cfs/cdirs/dune/www/data/2x2/nearline_run2/flowed_light/source_dtg_bin2/two_trig_40us_period_500tick/hv_65kV_beamC_25uA/dtg_30min_thenDecay/mpd_run_data_rctl_979_p573.FLOW.hdf5,2025-12-13 03:43:07.006000-06:00,2792
/global/cfs/cdirs/dune/www/data/2x2/nearline_run2/flowed_light/source_dtg_bin2/two_trig_40us_period_500tick/hv_65kV_beamC_25uA/dtg_30min_thenDecay/mpd_run_data_rctl_979_p574.FLOW.hdf5,2025-12-13 03:44:07.515000-06:00,2908
/global/cfs/cdirs/dune/www/data/2x2/nearline_run2/flowed_light/source_dtg_bin2/two_trig_40us_period_500tick/hv_65kV_beamC_25uA/dtg_30min_thenDecay/mpd_run_data_rctl_979_p575.FLOW.hdf5,2025-12-13 03:45:08.508000-06:00,2844
/global/cfs/cdirs/dune/www/data/2x2/nearline_run2/flowed_light/source_dtg_bin2/two_trig_40us_period_500tick/hv_65kV_beamC_25uA/dtg_30min_thenDecay/mpd_run_data_rctl_979_p576.FLOW.hdf5,2025-12-13 03:46:08.672000-06:00,2747
/global/cfs/cdirs/dune/www/data/2x2/nearline_run2/flowed_light/source_dtg_bin2/two_trig_40us_period_500tick/hv_65kV_beamC_25uA/dtg_30min_thenDecay/mpd_run_data_rctl_979_p577.FLOW.hdf5,2025-12-13 03:47:09.080000-06:00,2844
/global/cfs/cdirs/dune/www/data/2x2/nearline_run2/flowed_light/source_dtg_bin2/two_trig_40us_period_500tick/hv_65kV_beamC_25uA/dtg_30min_thenDecay/mpd_run_data_rctl_979_p578.FLOW.hdf5,2025-12-13 03:48:09.239000-06:00,2838
/global/cfs/cdirs/dune/www/data/2x2/nearline_run2/flowed_light/source_dtg_bin2/two_trig_40us_period_500tick/hv_65kV_beamC_25uA/dtg_30min_thenDecay/mpd_run_data_rctl_979_p579.FLOW.hdf5,2025-12-13 03:49:09.410000-06:00,2792
/global/cfs/cdirs/dune/www/data/2x2/nearline_run2/flowed_light/source_dtg_bin2/two_trig_40us_period_500tick/hv_65kV_beamC_25uA/dtg_30min_thenDecay/mpd_run_data_rctl_979_p580.FLOW.hdf5,2025-12-13 03:50:09.671000-06:00,2759
/global/cfs/cdirs/dune/www/data/2x2/nearline_run2/flowed_light/source_dtg_bin2/two_trig_40us_period_500tick/hv_65kV_beamC_25uA/dtg_30min_thenDecay/mpd_run_data_rctl_979_p581.FLOW.hdf5,2025-12-13 03:51:09.759000-06:00,2845
/global/cfs/cdirs/dune/www/data/2x2/nearline_run2/flowed_light/source_dtg_bin2/two_trig_40us_period_500tick/hv_65kV_beamC_25uA/dtg_30min_thenDecay/mpd_run_data_rctl_979_p582.FLOW.hdf5,2025-12-13 03:52:09.887000-06:00,7139
/global/cfs/cdirs/dune/www/data/2x2/nearline_run2/flowed_light/source_dtg_bin2/two_trig_40us_period_500tick/hv_65kV_beamC_25uA/dtg_30min_thenDecay/mpd_run_data_rctl_979_p583.FLOW.hdf5,2025-12-13 03:53:09.998000-06:00,2801
/global/cfs/cdirs/dune/www/data/2x2/nearline_run2/flowed_light/source_dtg_bin2/two_trig_40us_period_500tick/hv_65kV_beamC_25uA/dtg_30min_thenDecay/mpd_run_data_rctl_979_p584.FLOW.hdf5,2025-12-13 03:54:10.096000-06:00,2837
/global/cfs/cdirs/dune/www/data/2x2/nearline_run2/flowed_light/source_dtg_bin2/two_trig_40us_period_500tick/hv_65kV_beamC_25uA/dtg_30min_thenDecay/mpd_run_data_rctl_979_p585.FLOW.hdf5,2025-12-13 03:55:10.431000-06:00,2862
/global/cfs/cdirs/dune/www/data/2x2/nearline_run2/flowed_light/source_dtg_bin2/two_trig_40us_period_500tick/hv_65kV_beamC_25uA/dtg_30min_thenDecay/mpd_run_data_rctl_979_p586.FLOW.hdf5,2025-12-13 03:56:11.004000-06:00,2784
/global/cfs/cdirs/dune/www/data/2x2/nearline_run2/flowed_light/source_dtg_bin2/two_trig_40us_period_500tick/hv_65kV_beamC_25uA/dtg_30min_thenDecay/mpd_run_data_rctl_979_p587.FLOW.hdf5,2025-12-13 03:57:11.161000-06:00,2805
/global/cfs/cdirs/dune/www/data/2x2/nearline_run2/flowed_light/source_dtg_bin2/two_trig_40us_period_500tick/hv_65kV_beamC_25uA/dtg_30min_thenDecay/mpd_run_data_rctl_979_p588.FLOW.hdf5,2025-12-13 03:58:11.524000-06:00,2782
/global/cfs/cdirs/dune/www/data/2x2/nearline_run2/flowed_light/source_dtg_bin2/two_trig_40us_period_500tick/hv_65kV_beamC_25uA/dtg_30min_thenDecay/mpd_run_data_rctl_979_p589.FLOW.hdf5,2025-12-13 03:59:11.811000-06:00,2849
/global/cfs/cdirs/dune/www/data/2x2/nearline_run2/flowed_light/source_dtg_bin2/two_trig_40us_period_500tick/hv_65kV_beamC_25uA/dtg_30min_thenDecay/mpd_run_data_rctl_979_p590.FLOW.hdf5,2025-12-13 04:00:12.010000-06:00,3018
/global/cfs/cdirs/dune/www/data/2x2/nearline_run2/flowed_light/source_dtg_bin2/two_trig_40us_period_500tick/hv_65kV_beamC_25uA/dtg_30min_thenDecay/mpd_run_data_rctl_979_p591.FLOW.hdf5,2025-12-13 04:01:12.410000-06:00,3053
/global/cfs/cdirs/dune/www/data/2x2/nearline_run2/flowed_light/source_dtg_bin2/two_trig_40us_period_500tick/hv_65kV_beamC_25uA/dtg_30min_thenDecay/mpd_run_data_rctl_979_p592.FLOW.hdf5,2025-12-13 04:02:13.414000-06:00,2989
/global/cfs/cdirs/dune/www/data/2x2/nearline_run2/flowed_light/source_dtg_bin2/two_trig_40us_period_500tick/hv_65kV_beamC_25uA/dtg_30min_thenDecay/mpd_run_data_rctl_979_p593.FLOW.hdf5,2025-12-13 04:03:13.486000-06:00,2946
/global/cfs/cdirs/dune/www/data/2x2/nearline_run2/flowed_light/source_dtg_bin2/two_trig_40us_period_500tick/hv_65kV_beamC_25uA/dtg_30min_thenDecay/mpd_run_data_rctl_979_p594.FLOW.hdf5,2025-12-13 04:04:13.943000-06:00,3032
/global/cfs/cdirs/dune/www/data/2x2/nearline_run2/flowed_light/source_dtg_bin2/two_trig_40us_period_500tick/hv_65kV_beamC_25uA/dtg_30min_thenDecay/mpd_run_data_rctl_979_p595.FLOW.hdf5,2025-12-13 04:05:14.141000-06:00,2931
/global/cfs/cdirs/dune/www/data/2x2/nearline_run2/flowed_light/source_dtg_bin2/two_trig_40us_period_500tick/hv_65kV_beamC_25uA/dtg_30min_thenDecay/mpd_run_data_rctl_979_p596.FLOW.hdf5,2025-12-13 04:06:14.426000-06:00,2923
/global/cfs/cdirs/dune/www/data/2x2/nearline_run2/flowed_light/source_dtg_bin2/two_trig_40us_period_500tick/hv_65kV_beamC_25uA/dtg_30min_thenDecay/mpd_run_data_rctl_979_p597.FLOW.hdf5,2025-12-13 04:07:14.814000-06:00,3105
/global/cfs/cdirs/dune/www/data/2x2/nearline_run2/flowed_light/source_dtg_bin2/two_trig_40us_period_500tick/hv_65kV_beamC_25uA/dtg_30min_thenDecay/mpd_run_data_rctl_979_p598.FLOW.hdf5,2025-12-13 04:08:15.215000-06:00,2959
/global/cfs/cdirs/dune/www/data/2x2/nearline_run2/flowed_light/source_dtg_bin2/two_trig_40us_period_500tick/hv_65kV_beamC_25uA/dtg_30min_thenDecay/mpd_run_data_rctl_979_p599.FLOW.hdf5,2025-12-13 04:09:15.465000-06:00,3144
/global/cfs/cdirs/dune/www/data/2x2/nearline_run2/flowed_light/source_dtg_bin2/two_trig_40us_period_500tick/hv_65kV_beamC_25uA/dtg_30min_thenDecay/mpd_run_data_rctl_979_p600.FLOW.hdf5,2025-12-13 04:10:15.707000-06:00,3818
/global/cfs/cdirs/dune/www/data/2x2/nearline_run2/flowed_light/source_dtg_bin2/two_trig_40us_period_500tick/hv_65kV_beamC_25uA/dtg_30min_thenDecay/mpd_run_data_rctl_979_p601.FLOW.hdf5,2025-12-13 04:11:15.793000-06:00,3268
/global/cfs/cdirs/dune/www/data/2x2/nearline_run2/flowed_light/source_dtg_bin2/two_trig_40us_period_500tick/hv_65kV_beamC_25uA/dtg_30min_thenDecay/mpd_run_data_rctl_979_p602.FLOW.hdf5,2025-12-13 04:12:16.290000-06:00,2962
/global/cfs/cdirs/dune/www/data/2x2/nearline_run2/flowed_light/source_dtg_bin2/two_trig_40us_period_500tick/hv_65kV_beamC_25uA/dtg_30min_thenDecay/mpd_run_data_rctl_979_p603.FLOW.hdf5,2025-12-13 04:13:16.629000-06:00,3027
/global/cfs/cdirs/dune/www/data/2x2/nearline_run2/flowed_light/source_dtg_bin2/two_trig_40us_period_500tick/hv_65kV_beamC_25uA/dtg_30min_thenDecay/mpd_run_data_rctl_979_p604.FLOW.hdf5,2025-12-13 04:14:17.222000-06:00,3139
/global/cfs/cdirs/dune/www/data/2x2/nearline_run2/flowed_light/source_dtg_bin2/two_trig_40us_period_500tick/hv_65kV_beamC_25uA/dtg_30min_thenDecay/mpd_run_data_rctl_979_p605.FLOW.hdf5,2025-12-13 04:15:17.443000-06:00,2969
/global/cfs/cdirs/dune/www/data/2x2/nearline_run2/flowed_light/source_dtg_bin2/two_trig_40us_period_500tick/hv_65kV_beamC_25uA/dtg_30min_thenDecay/mpd_run_data_rctl_979_p606.FLOW.hdf5,2025-12-13 04:16:17.911000-06:00,2877
/global/cfs/cdirs/dune/www/data/2x2/nearline_run2/flowed_light/source_dtg_bin2/two_trig_40us_period_500tick/hv_65kV_beamC_25uA/dtg_30min_thenDecay/mpd_run_data_rctl_979_p607.FLOW.hdf5,2025-12-13 04:17:18.248000-06:00,2901
/global/cfs/cdirs/dune/www/data/2x2/nearline_run2/flowed_light/source_dtg_bin2/two_trig_40us_period_500tick/hv_65kV_beamC_25uA/dtg_30min_thenDecay/mpd_run_data_rctl_979_p608.FLOW.hdf5,2025-12-13 04:18:18.658000-06:00,2991
/global/cfs/cdirs/dune/www/data/2x2/nearline_run2/flowed_light/source_dtg_bin2/two_trig_40us_period_500tick/hv_65kV_beamC_25uA/dtg_30min_thenDecay/mpd_run_data_rctl_979_p609.FLOW.hdf5,2025-12-13 04:19:19.535000-06:00,2985
/global/cfs/cdirs/dune/www/data/2x2/nearline_run2/flowed_light/source_dtg_bin2/two_trig_40us_period_500tick/hv_65kV_beamC_25uA/dtg_30min_thenDecay/mpd_run_data_rctl_979_p610.FLOW.hdf5,2025-12-13 04:20:19.699000-06:00,3022
/global/cfs/cdirs/dune/www/data/2x2/nearline_run2/flowed_light/source_dtg_bin2/two_trig_40us_period_500tick/hv_65kV_beamC_25uA/dtg_30min_thenDecay/mpd_run_data_rctl_979_p611.FLOW.hdf5,2025-12-13 04:21:20.034000-06:00,3044
/global/cfs/cdirs/dune/www/data/2x2/nearline_run2/flowed_light/source_dtg_bin2/two_trig_40us_period_500tick/hv_65kV_beamC_25uA/dtg_30min_thenDecay/mpd_run_data_rctl_979_p612.FLOW.hdf5,2025-12-13 04:22:20.198000-06:00,2849
/global/cfs/cdirs/dune/www/data/2x2/nearline_run2/flowed_light/source_dtg_bin2/two_trig_40us_period_500tick/hv_65kV_beamC_25uA/dtg_30min_thenDecay/mpd_run_data_rctl_979_p613.FLOW.hdf5,2025-12-13 04:23:20.382000-06:00,2896
/global/cfs/cdirs/dune/www/data/2x2/nearline_run2/flowed_light/source_dtg_bin2/two_trig_40us_period_500tick/hv_65kV_beamC_25uA/dtg_30min_thenDecay/mpd_run_data_rctl_979_p614.FLOW.hdf5,2025-12-13 04:24:20.612000-06:00,3064
/global/cfs/cdirs/dune/www/data/2x2/nearline_run2/flowed_light/source_dtg_bin2/two_trig_40us_period_500tick/hv_65kV_beamC_25uA/dtg_30min_thenDecay/mpd_run_data_rctl_979_p615.FLOW.hdf5,2025-12-13 04:25:20.781000-06:00,2882
/global/cfs/cdirs/dune/www/data/2x2/nearline_run2/flowed_light/source_dtg_bin2/two_trig_40us_period_500tick/hv_65kV_beamC_25uA/dtg_30min_thenDecay/mpd_run_data_rctl_979_p616.FLOW.hdf5,2025-12-13 04:26:21.066000-06:00,2875
/global/cfs/cdirs/dune/www/data/2x2/nearline_run2/flowed_light/source_dtg_bin2/two_trig_40us_period_500tick/hv_65kV_beamC_25uA/dtg_30min_thenDecay/mpd_run_data_rctl_979_p617.FLOW.hdf5,2025-12-13 04:27:21.234000-06:00,2936
/global/cfs/cdirs/dune/www/data/2x2/nearline_run2/flowed_light/source_dtg_bin2/two_trig_40us_period_500tick/hv_65kV_beamC_25uA/dtg_30min_thenDecay/mpd_run_data_rctl_979_p618.FLOW.hdf5,2025-12-13 04:28:21.351000-06:00,2893
/global/cfs/cdirs/dune/www/data/2x2/nearline_run2/flowed_light/source_dtg_bin2/two_trig_40us_period_500tick/hv_65kV_beamC_25uA/dtg_30min_thenDecay/mpd_run_data_rctl_979_p619.FLOW.hdf5,2025-12-13 04:29:21.801000-06:00,3015
/global/cfs/cdirs/dune/www/data/2x2/nearline_run2/flowed_light/source_dtg_bin2/two_trig_40us_period_500tick/hv_65kV_beamC_25uA/dtg_30min_thenDecay/mpd_run_data_rctl_979_p620.FLOW.hdf5,2025-12-13 04:30:22.819000-06:00,2868
/global/cfs/cdirs/dune/www/data/2x2/nearline_run2/flowed_light/source_dtg_bin2/two_trig_40us_period_500tick/hv_65kV_beamC_25uA/dtg_30min_thenDecay/mpd_run_data_rctl_979_p621.FLOW.hdf5,2025-12-13 04:31:23.017000-06:00,2885
/global/cfs/cdirs/dune/www/data/2x2/nearline_run2/flowed_light/source_dtg_bin2/two_trig_40us_period_500tick/hv_65kV_beamC_25uA/dtg_30min_thenDecay/mpd_run_data_rctl_979_p622.FLOW.hdf5,2025-12-13 04:32:23.203000-06:00,2864
/global/cfs/cdirs/dune/www/data/2x2/nearline_run2/flowed_light/source_dtg_bin2/two_trig_40us_period_500tick/hv_65kV_beamC_25uA/dtg_30min_thenDecay/mpd_run_data_rctl_979_p623.FLOW.hdf5,2025-12-13 04:33:23.399000-06:00,3454
/global/cfs/cdirs/dune/www/data/2x2/nearline_run2/flowed_light/source_dtg_bin2/two_trig_40us_period_500tick/hv_65kV_beamC_25uA/dtg_30min_thenDecay/mpd_run_data_rctl_979_p624.FLOW.hdf5,2025-12-13 04:34:23.573000-06:00,3111
/global/cfs/cdirs/dune/www/data/2x2/nearline_run2/flowed_light/source_dtg_bin2/two_trig_40us_period_500tick/hv_65kV_beamC_25uA/dtg_30min_thenDecay/mpd_run_data_rctl_979_p625.FLOW.hdf5,2025-12-13 04:35:23.646000-06:00,2960
/global/cfs/cdirs/dune/www/data/2x2/nearline_run2/flowed_light/source_dtg_bin2/two_trig_40us_period_500tick/hv_65kV_beamC_25uA/dtg_30min_thenDecay/mpd_run_data_rctl_979_p626.FLOW.hdf5,2025-12-13 04:36:23.833000-06:00,2941
/global/cfs/cdirs/dune/www/data/2x2/nearline_run2/flowed_light/source_dtg_bin2/two_trig_40us_period_500tick/hv_65kV_beamC_25uA/dtg_30min_thenDecay/mpd_run_data_rctl_979_p627.FLOW.hdf5,2025-12-13 04:37:23.948000-06:00,2961
/global/cfs/cdirs/dune/www/data/2x2/nearline_run2/flowed_light/source_dtg_bin2/two_trig_40us_period_500tick/hv_65kV_beamC_25uA/dtg_30min_thenDecay/mpd_run_data_rctl_979_p628.FLOW.hdf5,2025-12-13 04:38:24.937000-06:00,2874
/global/cfs/cdirs/dune/www/data/2x2/nearline_run2/flowed_light/source_dtg_bin2/two_trig_40us_period_500tick/hv_65kV_beamC_25uA/dtg_30min_thenDecay/mpd_run_data_rctl_979_p629.FLOW.hdf5,2025-12-13 04:39:25.377000-06:00,2909
/global/cfs/cdirs/dune/www/data/2x2/nearline_run2/flowed_light/source_dtg_bin2/two_trig_40us_period_500tick/hv_65kV_beamC_25uA/dtg_30min_thenDecay/mpd_run_data_rctl_979_p630.FLOW.hdf5,2025-12-13 04:40:25.580000-06:00,2805
/global/cfs/cdirs/dune/www/data/2x2/nearline_run2/flowed_light/source_dtg_bin2/two_trig_40us_period_500tick/hv_65kV_beamC_25uA/dtg_30min_thenDecay/mpd_run_data_rctl_979_p631.FLOW.hdf5,2025-12-13 04:41:25.912000-06:00,2959
/global/cfs/cdirs/dune/www/data/2x2/nearline_run2/flowed_light/source_dtg_bin2/two_trig_40us_period_500tick/hv_65kV_beamC_25uA/dtg_30min_thenDecay/mpd_run_data_rctl_979_p632.FLOW.hdf5,2025-12-13 04:42:26.008000-06:00,2771
/global/cfs/cdirs/dune/www/data/2x2/nearline_run2/flowed_light/source_dtg_bin2/two_trig_40us_period_500tick/hv_65kV_beamC_25uA/dtg_30min_thenDecay/mpd_run_data_rctl_979_p633.FLOW.hdf5,2025-12-13 04:43:26.122000-06:00,2939
/global/cfs/cdirs/dune/www/data/2x2/nearline_run2/flowed_light/source_dtg_bin2/two_trig_40us_period_500tick/hv_65kV_beamC_25uA/dtg_30min_thenDecay/mpd_run_data_rctl_979_p634.FLOW.hdf5,2025-12-13 04:44:26.326000-06:00,2795
/global/cfs/cdirs/dune/www/data/2x2/nearline_run2/flowed_light/source_dtg_bin2/two_trig_40us_period_500tick/hv_65kV_beamC_25uA/dtg_30min_thenDecay/mpd_run_data_rctl_979_p635.FLOW.hdf5,2025-12-13 04:45:26.533000-06:00,2998
/global/cfs/cdirs/dune/www/data/2x2/nearline_run2/flowed_light/source_dtg_bin2/two_trig_40us_period_500tick/hv_65kV_beamC_25uA/dtg_30min_thenDecay/mpd_run_data_rctl_979_p636.FLOW.hdf5,2025-12-13 04:46:26.771000-06:00,2832
/global/cfs/cdirs/dune/www/data/2x2/nearline_run2/flowed_light/source_dtg_bin2/two_trig_40us_period_500tick/hv_65kV_beamC_25uA/dtg_30min_thenDecay/mpd_run_data_rctl_979_p637.FLOW.hdf5,2025-12-13 04:47:27.246000-06:00,2880
/global/cfs/cdirs/dune/www/data/2x2/nearline_run2/flowed_light/source_dtg_bin2/two_trig_40us_period_500tick/hv_65kV_beamC_25uA/dtg_30min_thenDecay/mpd_run_data_rctl_979_p638.FLOW.hdf5,2025-12-13 04:48:27.821000-06:00,2801
/global/cfs/cdirs/dune/www/data/2x2/nearline_run2/flowed_light/source_dtg_bin2/two_trig_40us_period_500tick/hv_65kV_beamC_25uA/dtg_30min_thenDecay/mpd_run_data_rctl_979_p639.FLOW.hdf5,2025-12-13 04:49:28.506000-06:00,2786
/global/cfs/cdirs/dune/www/data/2x2/nearline_run2/flowed_light/source_dtg_bin2/two_trig_40us_period_500tick/hv_65kV_beamC_25uA/dtg_30min_thenDecay/mpd_run_data_rctl_979_p640.FLOW.hdf5,2025-12-13 04:50:28.636000-06:00,2720
/global/cfs/cdirs/dune/www/data/2x2/nearline_run2/flowed_light/source_dtg_bin2/two_trig_40us_period_500tick/hv_65kV_beamC_25uA/dtg_30min_thenDecay/mpd_run_data_rctl_979_p641.FLOW.hdf5,2025-12-13 04:51:28.800000-06:00,3025
/global/cfs/cdirs/dune/www/data/2x2/nearline_run2/flowed_light/source_dtg_bin2/two_trig_40us_period_500tick/hv_65kV_beamC_25uA/dtg_30min_thenDecay/mpd_run_data_rctl_979_p642.FLOW.hdf5,2025-12-13 04:52:29.013000-06:00,2634
/global/cfs/cdirs/dune/www/data/2x2/nearline_run2/flowed_light/source_dtg_bin2/two_trig_40us_period_500tick/hv_65kV_beamC_25uA/dtg_30min_thenDecay/mpd_run_data_rctl_979_p643.FLOW.hdf5,2025-12-13 04:53:29.374000-06:00,2692
/global/cfs/cdirs/dune/www/data/2x2/nearline_run2/flowed_light/source_dtg_bin2/two_trig_40us_period_500tick/hv_65kV_beamC_25uA/dtg_30min_thenDecay/mpd_run_data_rctl_979_p644.FLOW.hdf5,2025-12-13 04:54:30.032000-06:00,2922
/global/cfs/cdirs/dune/www/data/2x2/nearline_run2/flowed_light/source_dtg_bin2/two_trig_40us_period_500tick/hv_65kV_beamC_25uA/dtg_30min_thenDecay/mpd_run_data_rctl_979_p645.FLOW.hdf5,2025-12-13 04:55:30.395000-06:00,2792
/global/cfs/cdirs/dune/www/data/2x2/nearline_run2/flowed_light/source_dtg_bin2/two_trig_40us_period_500tick/hv_65kV_beamC_25uA/dtg_30min_thenDecay/mpd_run_data_rctl_979_p646.FLOW.hdf5,2025-12-13 04:56:30.393000-06:00,2790
/global/cfs/cdirs/dune/www/data/2x2/nearline_run2/flowed_light/source_dtg_bin2/two_trig_40us_period_500tick/hv_65kV_beamC_25uA/dtg_30min_thenDecay/mpd_run_data_rctl_979_p647.FLOW.hdf5,2025-12-13 04:57:30.521000-06:00,2767
/global/cfs/cdirs/dune/www/data/2x2/nearline_run2/flowed_light/source_dtg_bin2/two_trig_40us_period_500tick/hv_65kV_beamC_25uA/dtg_30min_thenDecay/mpd_run_data_rctl_979_p648.FLOW.hdf5,2025-12-13 04:58:30.767000-06:00,2770
/global/cfs/cdirs/dune/www/data/2x2/nearline_run2/flowed_light/source_dtg_bin2/two_trig_40us_period_500tick/hv_65kV_beamC_25uA/dtg_30min_thenDecay/mpd_run_data_rctl_979_p649.FLOW.hdf5,2025-12-13 04:59:30.945000-06:00,2670
/global/cfs/cdirs/dune/www/data/2x2/nearline_run2/flowed_light/source_dtg_bin2/two_trig_40us_period_500tick/hv_65kV_beamC_25uA/dtg_30min_thenDecay/mpd_run_data_rctl_979_p650.FLOW.hdf5,2025-12-13 05:00:31.159000-06:00,2731
/global/cfs/cdirs/dune/www/data/2x2/nearline_run2/flowed_light/source_dtg_bin2/two_trig_40us_period_500tick/hv_65kV_beamC_25uA/dtg_30min_thenDecay/mpd_run_data_rctl_979_p651.FLOW.hdf5,2025-12-13 05:01:31.302000-06:00,2721
/global/cfs/cdirs/dune/www/data/2x2/nearline_run2/flowed_light/source_dtg_bin2/two_trig_40us_period_500tick/hv_65kV_beamC_25uA/dtg_30min_thenDecay/mpd_run_data_rctl_979_p652.FLOW.hdf5,2025-12-13 05:02:31.676000-06:00,2823
/global/cfs/cdirs/dune/www/data/2x2/nearline_run2/flowed_light/source_dtg_bin2/two_trig_40us_period_500tick/hv_65kV_beamC_25uA/dtg_30min_thenDecay/mpd_run_data_rctl_979_p653.FLOW.hdf5,2025-12-13 05:03:31.804000-06:00,2765
/global/cfs/cdirs/dune/www/data/2x2/nearline_run2/flowed_light/source_dtg_bin2/two_trig_40us_period_500tick/hv_65kV_beamC_25uA/dtg_30min_thenDecay/mpd_run_data_rctl_979_p654.FLOW.hdf5,2025-12-13 05:04:31.940000-06:00,2780
/global/cfs/cdirs/dune/www/data/2x2/nearline_run2/flowed_light/source_dtg_bin2/two_trig_40us_period_500tick/hv_65kV_beamC_25uA/dtg_30min_thenDecay/mpd_run_data_rctl_979_p655.FLOW.hdf5,2025-12-13 05:05:32.259000-06:00,2791
/global/cfs/cdirs/dune/www/data/2x2/nearline_run2/flowed_light/source_dtg_bin2/two_trig_40us_period_500tick/hv_65kV_beamC_25uA/dtg_30min_thenDecay/mpd_run_data_rctl_979_p656.FLOW.hdf5,2025-12-13 05:06:33.192000-06:00,2794
/global/cfs/cdirs/dune/www/data/2x2/nearline_run2/flowed_light/source_dtg_bin2/two_trig_40us_period_500tick/hv_65kV_beamC_25uA/dtg_30min_thenDecay/mpd_run_data_rctl_979_p657.FLOW.hdf5,2025-12-13 05:07:33.336000-06:00,2813
/global/cfs/cdirs/dune/www/data/2x2/nearline_run2/flowed_light/source_dtg_bin2/two_trig_40us_period_500tick/hv_65kV_beamC_25uA/dtg_30min_thenDecay/mpd_run_data_rctl_979_p658.FLOW.hdf5,2025-12-13 05:08:33.407000-06:00,2719
/global/cfs/cdirs/dune/www/data/2x2/nearline_run2/flowed_light/source_dtg_bin2/two_trig_40us_period_500tick/hv_65kV_beamC_25uA/dtg_30min_thenDecay/mpd_run_data_rctl_979_p659.FLOW.hdf5,2025-12-13 05:09:33.555000-06:00,2731
/global/cfs/cdirs/dune/www/data/2x2/nearline_run2/flowed_light/source_dtg_bin2/two_trig_40us_period_500tick/hv_65kV_beamC_25uA/dtg_30min_thenDecay/mpd_run_data_rctl_979_p660.FLOW.hdf5,2025-12-13 05:10:33.585000-06:00,2787
/global/cfs/cdirs/dune/www/data/2x2/nearline_run2/flowed_light/source_dtg_bin2/two_trig_40us_period_500tick/hv_65kV_beamC_25uA/dtg_30min_thenDecay/mpd_run_data_rctl_979_p661.FLOW.hdf5,2025-12-13 05:11:33.965000-06:00,2734
/global/cfs/cdirs/dune/www/data/2x2/nearline_run2/flowed_light/source_dtg_bin2/two_trig_40us_period_500tick/hv_65kV_beamC_25uA/dtg_30min_thenDecay/mpd_run_data_rctl_979_p662.FLOW.hdf5,2025-12-13 05:12:34.234000-06:00,2726
/global/cfs/cdirs/dune/www/data/2x2/nearline_run2/flowed_light/source_dtg_bin2/two_trig_40us_period_500tick/hv_65kV_beamC_25uA/dtg_30min_thenDecay/mpd_run_data_rctl_979_p663.FLOW.hdf5,2025-12-13 05:13:34.683000-06:00,2773
/global/cfs/cdirs/dune/www/data/2x2/nearline_run2/flowed_light/source_dtg_bin2/two_trig_40us_period_500tick/hv_65kV_beamC_25uA/dtg_30min_thenDecay/mpd_run_data_rctl_979_p664.FLOW.hdf5,2025-12-13 05:14:35.192000-06:00,2835
/global/cfs/cdirs/dune/www/data/2x2/nearline_run2/flowed_light/source_dtg_bin2/two_trig_40us_period_500tick/hv_65kV_beamC_25uA/dtg_30min_thenDecay/mpd_run_data_rctl_979_p665.FLOW.hdf5,2025-12-13 05:15:35.610000-06:00,2784
/global/cfs/cdirs/dune/www/data/2x2/nearline_run2/flowed_light/source_dtg_bin2/two_trig_40us_period_500tick/hv_65kV_beamC_25uA/dtg_30min_thenDecay/mpd_run_data_rctl_979_p666.FLOW.hdf5,2025-12-13 05:16:35.816000-06:00,2828
/global/cfs/cdirs/dune/www/data/2x2/nearline_run2/flowed_light/source_dtg_bin2/two_trig_40us_period_500tick/hv_65kV_beamC_25uA/dtg_30min_thenDecay/mpd_run_data_rctl_979_p667.FLOW.hdf5,2025-12-13 05:17:36.230000-06:00,2933
/global/cfs/cdirs/dune/www/data/2x2/nearline_run2/flowed_light/source_dtg_bin2/two_trig_40us_period_500tick/hv_65kV_beamC_25uA/dtg_30min_thenDecay/mpd_run_data_rctl_979_p668.FLOW.hdf5,2025-12-13 05:18:36.621000-06:00,2742
/global/cfs/cdirs/dune/www/data/2x2/nearline_run2/flowed_light/source_dtg_bin2/two_trig_40us_period_500tick/hv_65kV_beamC_25uA/dtg_30min_thenDecay/mpd_run_data_rctl_979_p669.FLOW.hdf5,2025-12-13 05:19:36.695000-06:00,2827
/global/cfs/cdirs/dune/www/data/2x2/nearline_run2/flowed_light/source_dtg_bin2/two_trig_40us_period_500tick/hv_65kV_beamC_25uA/dtg_30min_thenDecay/mpd_run_data_rctl_979_p670.FLOW.hdf5,2025-12-13 05:20:36.864000-06:00,2781
/global/cfs/cdirs/dune/www/data/2x2/nearline_run2/flowed_light/source_dtg_bin2/two_trig_40us_period_500tick/hv_65kV_beamC_25uA/dtg_30min_thenDecay/mpd_run_data_rctl_979_p671.FLOW.hdf5,2025-12-13 05:21:37.288000-06:00,2685
/global/cfs/cdirs/dune/www/data/2x2/nearline_run2/flowed_light/source_dtg_bin2/two_trig_40us_period_500tick/hv_65kV_beamC_25uA/dtg_30min_thenDecay/mpd_run_data_rctl_979_p672.FLOW.hdf5,2025-12-13 05:22:37.706000-06:00,2876
/global/cfs/cdirs/dune/www/data/2x2/nearline_run2/flowed_light/source_dtg_bin2/two_trig_40us_period_500tick/hv_65kV_beamC_25uA/dtg_30min_thenDecay/mpd_run_data_rctl_979_p673.FLOW.hdf5,2025-12-13 05:23:37.747000-06:00,2716
/global/cfs/cdirs/dune/www/data/2x2/nearline_run2/flowed_light/source_dtg_bin2/two_trig_40us_period_500tick/hv_65kV_beamC_25uA/dtg_30min_thenDecay/mpd_run_data_rctl_979_p674.FLOW.hdf5,2025-12-13 05:24:37.885000-06:00,2638
/global/cfs/cdirs/dune/www/data/2x2/nearline_run2/flowed_light/source_dtg_bin2/two_trig_40us_period_500tick/hv_65kV_beamC_25uA/dtg_30min_thenDecay/mpd_run_data_rctl_979_p675.FLOW.hdf5,2025-12-13 05:25:38.236000-06:00,3033
/global/cfs/cdirs/dune/www/data/2x2/nearline_run2/flowed_light/source_dtg_bin2/two_trig_40us_period_500tick/hv_65kV_beamC_25uA/dtg_30min_thenDecay/mpd_run_data_rctl_979_p676.FLOW.hdf5,2025-12-13 05:26:38.395000-06:00,2926
/global/cfs/cdirs/dune/www/data/2x2/nearline_run2/flowed_light/source_dtg_bin2/two_trig_40us_period_500tick/hv_65kV_beamC_25uA/dtg_30min_thenDecay/mpd_run_data_rctl_979_p677.FLOW.hdf5,2025-12-13 05:27:38.585000-06:00,2776
/global/cfs/cdirs/dune/www/data/2x2/nearline_run2/flowed_light/source_dtg_bin2/two_trig_40us_period_500tick/hv_65kV_beamC_25uA/dtg_30min_thenDecay/mpd_run_data_rctl_979_p678.FLOW.hdf5,2025-12-13 05:28:38.848000-06:00,2731
/global/cfs/cdirs/dune/www/data/2x2/nearline_run2/flowed_light/source_dtg_bin2/two_trig_40us_period_500tick/hv_65kV_beamC_25uA/dtg_30min_thenDecay/mpd_run_data_rctl_979_p679.FLOW.hdf5,2025-12-13 05:29:38.999000-06:00,2727
/global/cfs/cdirs/dune/www/data/2x2/nearline_run2/flowed_light/source_dtg_bin2/two_trig_40us_period_500tick/hv_65kV_beamC_25uA/dtg_30min_thenDecay/mpd_run_data_rctl_979_p680.FLOW.hdf5,2025-12-13 05:30:39.109000-06:00,2713
/global/cfs/cdirs/dune/www/data/2x2/nearline_run2/flowed_light/source_dtg_bin2/two_trig_40us_period_500tick/hv_65kV_beamC_25uA/dtg_30min_thenDecay/mpd_run_data_rctl_979_p681.FLOW.hdf5,2025-12-13 05:31:39.664000-06:00,2724
/global/cfs/cdirs/dune/www/data/2x2/nearline_run2/flowed_light/source_dtg_bin2/two_trig_40us_period_500tick/hv_65kV_beamC_25uA/dtg_30min_thenDecay/mpd_run_data_rctl_979_p682.FLOW.hdf5,2025-12-13 05:32:39.863000-06:00,2639
/global/cfs/cdirs/dune/www/data/2x2/nearline_run2/flowed_light/source_dtg_bin2/two_trig_40us_period_500tick/hv_65kV_beamC_25uA/dtg_30min_thenDecay/mpd_run_data_rctl_979_p683.FLOW.hdf5,2025-12-13 05:33:40.510000-06:00,2570
/global/cfs/cdirs/dune/www/data/2x2/nearline_run2/flowed_light/source_dtg_bin2/two_trig_40us_period_500tick/hv_65kV_beamC_25uA/dtg_30min_thenDecay/mpd_run_data_rctl_979_p684.FLOW.hdf5,2025-12-13 05:34:40.832000-06:00,2710
/global/cfs/cdirs/dune/www/data/2x2/nearline_run2/flowed_light/source_dtg_bin2/two_trig_40us_period_500tick/hv_65kV_beamC_25uA/dtg_30min_thenDecay/mpd_run_data_rctl_979_p685.FLOW.hdf5,2025-12-13 05:35:41.079000-06:00,2691
/global/cfs/cdirs/dune/www/data/2x2/nearline_run2/flowed_light/source_dtg_bin2/two_trig_40us_period_500tick/hv_65kV_beamC_25uA/dtg_30min_thenDecay/mpd_run_data_rctl_979_p686.FLOW.hdf5,2025-12-13 05:36:41.539000-06:00,2749
/global/cfs/cdirs/dune/www/data/2x2/nearline_run2/flowed_light/source_dtg_bin2/two_trig_40us_period_500tick/hv_65kV_beamC_25uA/dtg_30min_thenDecay/mpd_run_data_rctl_979_p687.FLOW.hdf5,2025-12-13 05:37:41.706000-06:00,2690
/global/cfs/cdirs/dune/www/data/2x2/nearline_run2/flowed_light/source_dtg_bin2/two_trig_40us_period_500tick/hv_65kV_beamC_25uA/dtg_30min_thenDecay/mpd_run_data_rctl_979_p688.FLOW.hdf5,2025-12-13 05:38:41.965000-06:00,2728
/global/cfs/cdirs/dune/www/data/2x2/nearline_run2/flowed_light/source_dtg_bin2/two_trig_40us_period_500tick/hv_65kV_beamC_25uA/dtg_30min_thenDecay/mpd_run_data_rctl_979_p689.FLOW.hdf5,2025-12-13 05:39:42.254000-06:00,2668
/global/cfs/cdirs/dune/www/data/2x2/nearline_run2/flowed_light/source_dtg_bin2/two_trig_40us_period_500tick/hv_65kV_beamC_25uA/dtg_30min_thenDecay/mpd_run_data_rctl_979_p690.FLOW.hdf5,2025-12-13 05:40:42.662000-06:00,2661
/global/cfs/cdirs/dune/www/data/2x2/nearline_run2/flowed_light/source_dtg_bin2/two_trig_40us_period_500tick/hv_65kV_beamC_25uA/dtg_30min_thenDecay/mpd_run_data_rctl_979_p691.FLOW.hdf5,2025-12-13 05:41:42.956000-06:00,2674
/global/cfs/cdirs/dune/www/data/2x2/nearline_run2/flowed_light/source_dtg_bin2/two_trig_40us_period_500tick/hv_65kV_beamC_25uA/dtg_30min_thenDecay/mpd_run_data_rctl_979_p692.FLOW.hdf5,2025-12-13 05:42:43.129000-06:00,2605
/global/cfs/cdirs/dune/www/data/2x2/nearline_run2/flowed_light/source_dtg_bin2/two_trig_40us_period_500tick/hv_65kV_beamC_25uA/dtg_30min_thenDecay/mpd_run_data_rctl_979_p693.FLOW.hdf5,2025-12-13 05:43:43.388000-06:00,2597
/global/cfs/cdirs/dune/www/data/2x2/nearline_run2/flowed_light/source_dtg_bin2/two_trig_40us_period_500tick/hv_65kV_beamC_25uA/dtg_30min_thenDecay/mpd_run_data_rctl_979_p694.FLOW.hdf5,2025-12-13 05:44:43.883000-06:00,2713
/global/cfs/cdirs/dune/www/data/2x2/nearline_run2/flowed_light/source_dtg_bin2/two_trig_40us_period_500tick/hv_65kV_beamC_25uA/dtg_30min_thenDecay/mpd_run_data_rctl_979_p695.FLOW.hdf5,2025-12-13 05:45:44.190000-06:00,2800
/global/cfs/cdirs/dune/www/data/2x2/nearline_run2/flowed_light/source_dtg_bin2/two_trig_40us_period_500tick/hv_65kV_beamC_25uA/dtg_30min_thenDecay/mpd_run_data_rctl_979_p696.FLOW.hdf5,2025-12-13 05:46:44.533000-06:00,2652
/global/cfs/cdirs/dune/www/data/2x2/nearline_run2/flowed_light/source_dtg_bin2/two_trig_40us_period_500tick/hv_65kV_beamC_25uA/dtg_30min_thenDecay/mpd_run_data_rctl_979_p697.FLOW.hdf5,2025-12-13 05:47:44.800000-06:00,2697
/global/cfs/cdirs/dune/www/data/2x2/nearline_run2/flowed_light/source_dtg_bin2/two_trig_40us_period_500tick/hv_65kV_beamC_25uA/dtg_30min_thenDecay/mpd_run_data_rctl_979_p698.FLOW.hdf5,2025-12-13 05:48:45.135000-06:00,2731
/global/cfs/cdirs/dune/www/data/2x2/nearline_run2/flowed_light/source_dtg_bin2/two_trig_40us_period_500tick/hv_65kV_beamC_25uA/dtg_30min_thenDecay/mpd_run_data_rctl_979_p699.FLOW.hdf5,2025-12-13 05:49:46.106000-06:00,2751
/global/cfs/cdirs/dune/www/data/2x2/nearline_run2/flowed_light/source_dtg_bin2/two_trig_40us_period_500tick/hv_65kV_beamC_25uA/dtg_30min_thenDecay/mpd_run_data_rctl_979_p700.FLOW.hdf5,2025-12-13 05:50:46.199000-06:00,2610
/global/cfs/cdirs/dune/www/data/2x2/nearline_run2/flowed_light/source_dtg_bin2/two_trig_40us_period_500tick/hv_65kV_beamC_25uA/dtg_30min_thenDecay/mpd_run_data_rctl_979_p701.FLOW.hdf5,2025-12-13 05:51:46.753000-06:00,2795
/global/cfs/cdirs/dune/www/data/2x2/nearline_run2/flowed_light/source_dtg_bin2/two_trig_40us_period_500tick/hv_65kV_beamC_25uA/dtg_30min_thenDecay/mpd_run_data_rctl_979_p702.FLOW.hdf5,2025-12-13 05:52:47.495000-06:00,2678
/global/cfs/cdirs/dune/www/data/2x2/nearline_run2/flowed_light/source_dtg_bin2/two_trig_40us_period_500tick/hv_65kV_beamC_25uA/dtg_30min_thenDecay/mpd_run_data_rctl_979_p703.FLOW.hdf5,2025-12-13 05:53:48.229000-06:00,2669
/global/cfs/cdirs/dune/www/data/2x2/nearline_run2/flowed_light/source_dtg_bin2/two_trig_40us_period_500tick/hv_65kV_beamC_25uA/dtg_30min_thenDecay/mpd_run_data_rctl_979_p704.FLOW.hdf5,2025-12-13 05:54:48.679000-06:00,2753
/global/cfs/cdirs/dune/www/data/2x2/nearline_run2/flowed_light/source_dtg_bin2/two_trig_40us_period_500tick/hv_65kV_beamC_25uA/dtg_30min_thenDecay/mpd_run_data_rctl_979_p705.FLOW.hdf5,2025-12-13 05:55:49.001000-06:00,2673
/global/cfs/cdirs/dune/www/data/2x2/nearline_run2/flowed_light/source_dtg_bin2/two_trig_40us_period_500tick/hv_65kV_beamC_25uA/dtg_30min_thenDecay/mpd_run_data_rctl_979_p706.FLOW.hdf5,2025-12-13 05:56:49.478000-06:00,2735
/global/cfs/cdirs/dune/www/data/2x2/nearline_run2/flowed_light/source_dtg_bin2/two_trig_40us_period_500tick/hv_65kV_beamC_25uA/dtg_30min_thenDecay/mpd_run_data_rctl_979_p707.FLOW.hdf5,2025-12-13 05:57:49.743000-06:00,2721
/global/cfs/cdirs/dune/www/data/2x2/nearline_run2/flowed_light/source_dtg_bin2/two_trig_40us_period_500tick/hv_65kV_beamC_25uA/dtg_30min_thenDecay/mpd_run_data_rctl_979_p708.FLOW.hdf5,2025-12-13 05:58:50.081000-06:00,2612
/global/cfs/cdirs/dune/www/data/2x2/nearline_run2/flowed_light/source_dtg_bin2/two_trig_40us_period_500tick/hv_65kV_beamC_25uA/dtg_30min_thenDecay/mpd_run_data_rctl_979_p709.FLOW.hdf5,2025-12-13 05:59:50.412000-06:00,2763
/global/cfs/cdirs/dune/www/data/2x2/nearline_run2/flowed_light/source_dtg_bin2/two_trig_40us_period_500tick/hv_65kV_beamC_25uA/dtg_30min_thenDecay/mpd_run_data_rctl_979_p710.FLOW.hdf5,2025-12-13 06:00:50.754000-06:00,2938
/global/cfs/cdirs/dune/www/data/2x2/nearline_run2/flowed_light/source_dtg_bin2/two_trig_40us_period_500tick/hv_65kV_beamC_25uA/dtg_30min_thenDecay/mpd_run_data_rctl_979_p711.FLOW.hdf5,2025-12-13 06:01:51.287000-06:00,2829
/global/cfs/cdirs/dune/www/data/2x2/nearline_run2/flowed_light/source_dtg_bin2/two_trig_40us_period_500tick/hv_65kV_beamC_25uA/dtg_30min_thenDecay/mpd_run_data_rctl_979_p712.FLOW.hdf5,2025-12-13 06:02:51.485000-06:00,2730
/global/cfs/cdirs/dune/www/data/2x2/nearline_run2/flowed_light/source_dtg_bin2/two_trig_40us_period_500tick/hv_65kV_beamC_25uA/dtg_30min_thenDecay/mpd_run_data_rctl_979_p713.FLOW.hdf5,2025-12-13 06:03:52.152000-06:00,2949
/global/cfs/cdirs/dune/www/data/2x2/nearline_run2/flowed_light/source_dtg_bin2/two_trig_40us_period_500tick/hv_65kV_beamC_25uA/dtg_30min_thenDecay/mpd_run_data_rctl_979_p714.FLOW.hdf5,2025-12-13 06:04:52.614000-06:00,2818
/global/cfs/cdirs/dune/www/data/2x2/nearline_run2/flowed_light/source_dtg_bin2/two_trig_40us_period_500tick/hv_65kV_beamC_25uA/dtg_30min_thenDecay/mpd_run_data_rctl_979_p715.FLOW.hdf5,2025-12-13 06:05:52.748000-06:00,3001
/global/cfs/cdirs/dune/www/data/2x2/nearline_run2/flowed_light/source_dtg_bin2/two_trig_40us_period_500tick/hv_65kV_beamC_25uA/dtg_30min_thenDecay/mpd_run_data_rctl_979_p716.FLOW.hdf5,2025-12-13 06:06:53.084000-06:00,2710
/global/cfs/cdirs/dune/www/data/2x2/nearline_run2/flowed_light/source_dtg_bin2/two_trig_40us_period_500tick/hv_65kV_beamC_25uA/dtg_30min_thenDecay/mpd_run_data_rctl_979_p717.FLOW.hdf5,2025-12-13 06:07:53.112000-06:00,2634
/global/cfs/cdirs/dune/www/data/2x2/nearline_run2/flowed_light/source_dtg_bin2/two_trig_40us_period_500tick/hv_65kV_beamC_25uA/dtg_30min_thenDecay/mpd_run_data_rctl_979_p718.FLOW.hdf5,2025-12-13 06:08:53.457000-06:00,2648
/global/cfs/cdirs/dune/www/data/2x2/nearline_run2/flowed_light/source_dtg_bin2/two_trig_40us_period_500tick/hv_65kV_beamC_25uA/dtg_30min_thenDecay/mpd_run_data_rctl_979_p719.FLOW.hdf5,2025-12-13 06:09:53.836000-06:00,2646
/global/cfs/cdirs/dune/www/data/2x2/nearline_run2/flowed_light/source_dtg_bin2/two_trig_40us_period_500tick/hv_65kV_beamC_25uA/dtg_30min_thenDecay/mpd_run_data_rctl_979_p720.FLOW.hdf5,2025-12-13 06:10:54.295000-06:00,2571
/global/cfs/cdirs/dune/www/data/2x2/nearline_run2/flowed_light/source_dtg_bin2/two_trig_40us_period_500tick/hv_65kV_beamC_25uA/dtg_30min_thenDecay/mpd_run_data_rctl_979_p721.FLOW.hdf5,2025-12-13 06:11:54.668000-06:00,2611
/global/cfs/cdirs/dune/www/data/2x2/nearline_run2/flowed_light/source_dtg_bin2/two_trig_40us_period_500tick/hv_65kV_beamC_25uA/dtg_30min_thenDecay/mpd_run_data_rctl_979_p722.FLOW.hdf5,2025-12-13 06:12:55.231000-06:00,2608
/global/cfs/cdirs/dune/www/data/2x2/nearline_run2/flowed_light/source_dtg_bin2/two_trig_40us_period_500tick/hv_65kV_beamC_25uA/dtg_30min_thenDecay/mpd_run_data_rctl_979_p723.FLOW.hdf5,2025-12-13 06:13:55.394000-06:00,2674
/global/cfs/cdirs/dune/www/data/2x2/nearline_run2/flowed_light/source_dtg_bin2/two_trig_40us_period_500tick/hv_65kV_beamC_25uA/dtg_30min_thenDecay/mpd_run_data_rctl_979_p724.FLOW.hdf5,2025-12-13 06:14:55.516000-06:00,2669
/global/cfs/cdirs/dune/www/data/2x2/nearline_run2/flowed_light/source_dtg_bin2/two_trig_40us_period_500tick/hv_65kV_beamC_25uA/dtg_30min_thenDecay/mpd_run_data_rctl_979_p725.FLOW.hdf5,2025-12-13 06:15:55.898000-06:00,2563
/global/cfs/cdirs/dune/www/data/2x2/nearline_run2/flowed_light/source_dtg_bin2/two_trig_40us_period_500tick/hv_65kV_beamC_25uA/dtg_30min_thenDecay/mpd_run_data_rctl_979_p726.FLOW.hdf5,2025-12-13 06:16:56.437000-06:00,2641
/global/cfs/cdirs/dune/www/data/2x2/nearline_run2/flowed_light/source_dtg_bin2/two_trig_40us_period_500tick/hv_65kV_beamC_25uA/dtg_30min_thenDecay/mpd_run_data_rctl_979_p727.FLOW.hdf5,2025-12-13 06:17:56.605000-06:00,2611
/global/cfs/cdirs/dune/www/data/2x2/nearline_run2/flowed_light/source_dtg_bin2/two_trig_40us_period_500tick/hv_65kV_beamC_25uA/dtg_30min_thenDecay/mpd_run_data_rctl_979_p728.FLOW.hdf5,2025-12-13 06:18:56.856000-06:00,2679
/global/cfs/cdirs/dune/www/data/2x2/nearline_run2/flowed_light/source_dtg_bin2/two_trig_40us_period_500tick/hv_65kV_beamC_25uA/dtg_30min_thenDecay/mpd_run_data_rctl_979_p729.FLOW.hdf5,2025-12-13 06:19:57.508000-06:00,2626
/global/cfs/cdirs/dune/www/data/2x2/nearline_run2/flowed_light/source_dtg_bin2/two_trig_40us_period_500tick/hv_65kV_beamC_25uA/dtg_30min_thenDecay/mpd_run_data_rctl_979_p730.FLOW.hdf5,2025-12-13 06:20:57.993000-06:00,2715
/global/cfs/cdirs/dune/www/data/2x2/nearline_run2/flowed_light/source_dtg_bin2/two_trig_40us_period_500tick/hv_65kV_beamC_25uA/dtg_30min_thenDecay/mpd_run_data_rctl_979_p731.FLOW.hdf5,2025-12-13 06:21:58.290000-06:00,2566
/global/cfs/cdirs/dune/www/data/2x2/nearline_run2/flowed_light/source_dtg_bin2/two_trig_40us_period_500tick/hv_65kV_beamC_25uA/dtg_30min_thenDecay/mpd_run_data_rctl_979_p732.FLOW.hdf5,2025-12-13 06:22:58.389000-06:00,2647
/global/cfs/cdirs/dune/www/data/2x2/nearline_run2/flowed_light/source_dtg_bin2/two_trig_40us_period_500tick/hv_65kV_beamC_25uA/dtg_30min_thenDecay/mpd_run_data_rctl_979_p733.FLOW.hdf5,2025-12-13 06:23:58.762000-06:00,3403
/global/cfs/cdirs/dune/www/data/2x2/nearline_run2/flowed_light/source_dtg_bin2/two_trig_40us_period_500tick/hv_65kV_beamC_25uA/dtg_30min_thenDecay/mpd_run_data_rctl_979_p734.FLOW.hdf5,2025-12-13 06:24:59.104000-06:00,12961
/global/cfs/cdirs/dune/www/data/2x2/nearline_run2/flowed_light/source_dtg_bin2/two_trig_40us_period_500tick/hv_65kV_beamC_25uA/dtg_30min_thenDecay/mpd_run_data_rctl_979_p735.FLOW.hdf5,2025-12-13 06:26:00.089000-06:00,8181
/global/cfs/cdirs/dune/www/data/2x2/nearline_run2/flowed_light/source_dtg_bin2/two_trig_40us_period_500tick/hv_65kV_beamC_25uA/dtg_30min_thenDecay/mpd_run_data_rctl_979_p736.FLOW.hdf5,2025-12-13 06:27:00.373000-06:00,9860
/global/cfs/cdirs/dune/www/data/2x2/nearline_run2/flowed_light/source_dtg_bin2/two_trig_40us_period_500tick/hv_65kV_beamC_25uA/dtg_30min_thenDecay/mpd_run_data_rctl_979_p737.FLOW.hdf5,2025-12-13 06:28:00.511000-06:00,7109
/global/cfs/cdirs/dune/www/data/2x2/nearline_run2/flowed_light/source_dtg_bin2/two_trig_40us_period_500tick/hv_65kV_beamC_25uA/dtg_30min_thenDecay/mpd_run_data_rctl_979_p738.FLOW.hdf5,2025-12-13 06:29:00.846000-06:00,6442
/global/cfs/cdirs/dune/www/data/2x2/nearline_run2/flowed_light/source_dtg_bin2/two_trig_40us_period_500tick/hv_65kV_beamC_25uA/dtg_30min_thenDecay/mpd_run_data_rctl_979_p739.FLOW.hdf5,2025-12-13 06:30:01.128000-06:00,7705
/global/cfs/cdirs/dune/www/data/2x2/nearline_run2/flowed_light/source_dtg_bin2/two_trig_40us_period_500tick/hv_65kV_beamC_25uA/dtg_30min_thenDecay/mpd_run_data_rctl_979_p740.FLOW.hdf5,2025-12-13 06:31:01.331000-06:00,6085
/global/cfs/cdirs/dune/www/data/2x2/nearline_run2/flowed_light/source_dtg_bin2/two_trig_40us_period_500tick/hv_65kV_beamC_25uA/dtg_30min_thenDecay/mpd_run_data_rctl_979_p741.FLOW.hdf5,2025-12-13 06:32:01.573000-06:00,6234
/global/cfs/cdirs/dune/www/data/2x2/nearline_run2/flowed_light/source_dtg_bin2/two_trig_40us_period_500tick/hv_65kV_beamC_25uA/dtg_30min_thenDecay/mpd_run_data_rctl_979_p742.FLOW.hdf5,2025-12-13 06:33:01.860000-06:00,4975
/global/cfs/cdirs/dune/www/data/2x2/nearline_run2/flowed_light/source_dtg_bin2/two_trig_40us_period_500tick/hv_65kV_beamC_25uA/dtg_30min_thenDecay/mpd_run_data_rctl_979_p743.FLOW.hdf5,2025-12-13 06:34:01.900000-06:00,6651
/global/cfs/cdirs/dune/www/data/2x2/nearline_run2/flowed_light/source_dtg_bin2/two_trig_40us_period_500tick/hv_65kV_beamC_25uA/dtg_30min_thenDecay/mpd_run_data_rctl_979_p744.FLOW.hdf5,2025-12-13 06:35:02.264000-06:00,6810
/global/cfs/cdirs/dune/www/data/2x2/nearline_run2/flowed_light/source_dtg_bin2/two_trig_40us_period_500tick/hv_65kV_beamC_25uA/dtg_30min_thenDecay/mpd_run_data_rctl_979_p745.FLOW.hdf5,2025-12-13 06:36:02.447000-06:00,7718
/global/cfs/cdirs/dune/www/data/2x2/nearline_run2/flowed_light/source_dtg_bin2/two_trig_40us_period_500tick/hv_65kV_beamC_25uA/dtg_30min_thenDecay/mpd_run_data_rctl_979_p746.FLOW.hdf5,2025-12-13 06:37:02.810000-06:00,4987
/global/cfs/cdirs/dune/www/data/2x2/nearline_run2/flowed_light/source_dtg_bin2/two_trig_40us_period_500tick/hv_65kV_beamC_25uA/dtg_30min_thenDecay/mpd_run_data_rctl_979_p747.FLOW.hdf5,2025-12-13 06:38:03.262000-06:00,4318
/global/cfs/cdirs/dune/www/data/2x2/nearline_run2/flowed_light/source_dtg_bin2/two_trig_40us_period_500tick/hv_65kV_beamC_25uA/dtg_30min_thenDecay/mpd_run_data_rctl_979_p748.FLOW.hdf5,2025-12-13 06:38:27.846000-06:00,3581
/global/cfs/cdirs/dune/www/data/2x2/nearline_run2/flowed_light/source_dtg_bin2/two_trig_40us_period_500tick/hv_65kV_beamC_25uA/dtg_30min_thenDecay/mpd_run_data_rctl_979_p749.FLOW.hdf5,2025-12-13 06:38:58.478000-06:00,3202
/global/cfs/cdirs/dune/www/data/2x2/nearline_run2/flowed_light/source_dtg_bin2/two_trig_40us_period_500tick/hv_65kV_beamC_25uA/dtg_30min_thenDecay/mpd_run_data_rctl_979_p750.FLOW.hdf5,2025-12-13 06:39:29.136000-06:00,3801
/global/cfs/cdirs/dune/www/data/2x2/nearline_run2/flowed_light/source_dtg_bin2/two_trig_40us_period_500tick/hv_65kV_beamC_25uA/dtg_30min_thenDecay/mpd_run_data_rctl_979_p751.FLOW.hdf5,2025-12-13 06:39:59.768000-06:00,3012
/global/cfs/cdirs/dune/www/data/2x2/nearline_run2/flowed_light/source_dtg_bin2/two_trig_40us_period_500tick/hv_65kV_beamC_25uA/dtg_30min_thenDecay/mpd_run_data_rctl_979_p752.FLOW.hdf5,2025-12-13 06:40:30.549000-06:00,3311
/global/cfs/cdirs/dune/www/data/2x2/nearline_run2/flowed_light/source_dtg_bin2/two_trig_40us_period_500tick/hv_65kV_beamC_25uA/dtg_30min_thenDecay/mpd_run_data_rctl_979_p753.FLOW.hdf5,2025-12-13 06:41:01.133000-06:00,2758
/global/cfs/cdirs/dune/www/data/2x2/nearline_run2/flowed_light/source_dtg_bin2/two_trig_40us_period_500tick/hv_65kV_beamC_25uA/dtg_30min_thenDecay/mpd_run_data_rctl_979_p754.FLOW.hdf5,2025-12-13 06:41:31.855000-06:00,4240
/global/cfs/cdirs/dune/www/data/2x2/nearline_run2/flowed_light/source_dtg_bin2/two_trig_40us_period_500tick/hv_65kV_beamC_25uA/dtg_30min_thenDecay/mpd_run_data_rctl_979_p755.FLOW.hdf5,2025-12-13 06:42:02.466000-06:00,3583
/global/cfs/cdirs/dune/www/data/2x2/nearline_run2/flowed_light/source_dtg_bin2/two_trig_40us_period_500tick/hv_65kV_beamC_25uA/dtg_30min_thenDecay/mpd_run_data_rctl_979_p756.FLOW.hdf5,2025-12-13 06:42:33.078000-06:00,3834
/global/cfs/cdirs/dune/www/data/2x2/nearline_run2/flowed_light/source_dtg_bin2/two_trig_40us_period_500tick/hv_65kV_beamC_25uA/dtg_30min_thenDecay/mpd_run_data_rctl_979_p757.FLOW.hdf5,2025-12-13 06:43:03.596000-06:00,4090
/global/cfs/cdirs/dune/www/data/2x2/nearline_run2/flowed_light/source_dtg_bin2/two_trig_40us_period_500tick/hv_65kV_beamC_25uA/dtg_30min_thenDecay/mpd_run_data_rctl_979_p758.FLOW.hdf5,2025-12-13 06:43:34.168000-06:00,3533
/global/cfs/cdirs/dune/www/data/2x2/nearline_run2/flowed_light/source_dtg_bin2/two_trig_40us_period_500tick/hv_65kV_beamC_25uA/dtg_30min_thenDecay/mpd_run_data_rctl_979_p759.FLOW.hdf5,2025-12-13 06:44:04.644000-06:00,2704
/global/cfs/cdirs/dune/www/data/2x2/nearline_run2/flowed_light/source_dtg_bin2/two_trig_40us_period_500tick/hv_65kV_beamC_25uA/dtg_30min_thenDecay/mpd_run_data_rctl_979_p760.FLOW.hdf5,2025-12-13 06:44:35.186000-06:00,3876
/global/cfs/cdirs/dune/www/data/2x2/nearline_run2/flowed_light/source_dtg_bin2/two_trig_40us_period_500tick/hv_65kV_beamC_25uA/dtg_30min_thenDecay/mpd_run_data_rctl_979_p761.FLOW.hdf5,2025-12-13 06:45:05.623000-06:00,4490
/global/cfs/cdirs/dune/www/data/2x2/nearline_run2/flowed_light/source_dtg_bin2/two_trig_40us_period_500tick/hv_65kV_beamC_25uA/dtg_30min_thenDecay/mpd_run_data_rctl_979_p762.FLOW.hdf5,2025-12-13 06:45:36.360000-06:00,4380
/global/cfs/cdirs/dune/www/data/2x2/nearline_run2/flowed_light/source_dtg_bin2/two_trig_40us_period_500tick/hv_65kV_beamC_25uA/dtg_30min_thenDecay/mpd_run_data_rctl_979_p763.FLOW.hdf5,2025-12-13 06:46:06.938000-06:00,3202
/global/cfs/cdirs/dune/www/data/2x2/nearline_run2/flowed_light/source_dtg_bin2/two_trig_40us_period_500tick/hv_65kV_beamC_25uA/dtg_30min_thenDecay/mpd_run_data_rctl_979_p764.FLOW.hdf5,2025-12-13 06:46:37.596000-06:00,4486
/global/cfs/cdirs/dune/www/data/2x2/nearline_run2/flowed_light/source_dtg_bin2/two_trig_40us_period_500tick/hv_65kV_beamC_25uA/dtg_30min_thenDecay/mpd_run_data_rctl_979_p765.FLOW.hdf5,2025-12-13 06:47:08.026000-06:00,4656
/global/cfs/cdirs/dune/www/data/2x2/nearline_run2/flowed_light/source_dtg_bin2/two_trig_40us_period_500tick/hv_65kV_beamC_25uA/dtg_30min_thenDecay/mpd_run_data_rctl_979_p766.FLOW.hdf5,2025-12-13 06:47:38.561000-06:00,4841
/global/cfs/cdirs/dune/www/data/2x2/nearline_run2/flowed_light/source_dtg_bin2/two_trig_40us_period_500tick/hv_65kV_beamC_25uA/dtg_30min_thenDecay/mpd_run_data_rctl_979_p767.FLOW.hdf5,2025-12-13 06:48:09.241000-06:00,4439
/global/cfs/cdirs/dune/www/data/2x2/nearline_run2/flowed_light/source_dtg_bin2/two_trig_40us_period_500tick/hv_65kV_beamC_25uA/dtg_30min_thenDecay/mpd_run_data_rctl_979_p768.FLOW.hdf5,2025-12-13 06:48:39.770000-06:00,4075
/global/cfs/cdirs/dune/www/data/2x2/nearline_run2/flowed_light/source_dtg_bin2/two_trig_40us_period_500tick/hv_65kV_beamC_25uA/dtg_30min_thenDecay/mpd_run_data_rctl_979_p769.FLOW.hdf5,2025-12-13 06:49:10.353000-06:00,4638
/global/cfs/cdirs/dune/www/data/2x2/nearline_run2/flowed_light/source_dtg_bin2/two_trig_40us_period_500tick/hv_65kV_beamC_25uA/dtg_30min_thenDecay/mpd_run_data_rctl_979_p770.FLOW.hdf5,2025-12-13 06:49:40.840000-06:00,7183
/global/cfs/cdirs/dune/www/data/2x2/nearline_run2/flowed_light/source_dtg_bin2/two_trig_40us_period_500tick/hv_65kV_beamC_25uA/dtg_30min_thenDecay/mpd_run_data_rctl_979_p771.FLOW.hdf5,2025-12-13 06:50:11.486000-06:00,5028
/global/cfs/cdirs/dune/www/data/2x2/nearline_run2/flowed_light/source_dtg_bin2/two_trig_40us_period_500tick/hv_65kV_beamC_25uA/dtg_30min_thenDecay/mpd_run_data_rctl_979_p772.FLOW.hdf5,2025-12-13 06:50:41.931000-06:00,3446
/global/cfs/cdirs/dune/www/data/2x2/nearline_run2/flowed_light/source_dtg_bin2/two_trig_40us_period_500tick/hv_65kV_beamC_25uA/dtg_30min_thenDecay/mpd_run_data_rctl_979_p773.FLOW.hdf5,2025-12-13 06:51:12.500000-06:00,4430
/global/cfs/cdirs/dune/www/data/2x2/nearline_run2/flowed_light/source_dtg_bin2/two_trig_40us_period_500tick/hv_65kV_beamC_25uA/dtg_30min_thenDecay/mpd_run_data_rctl_979_p774.FLOW.hdf5,2025-12-13 06:51:43.129000-06:00,6231
/global/cfs/cdirs/dune/www/data/2x2/nearline_run2/flowed_light/source_dtg_bin2/two_trig_40us_period_500tick/hv_65kV_beamC_25uA/dtg_30min_thenDecay/mpd_run_data_rctl_979_p775.FLOW.hdf5,2025-12-13 06:52:13.520000-06:00,5913
/global/cfs/cdirs/dune/www/data/2x2/nearline_run2/flowed_light/source_dtg_bin2/two_trig_40us_period_500tick/hv_65kV_beamC_25uA/dtg_30min_thenDecay/mpd_run_data_rctl_979_p776.FLOW.hdf5,2025-12-13 06:52:43.932000-06:00,3611
/global/cfs/cdirs/dune/www/data/2x2/nearline_run2/flowed_light/source_dtg_bin2/two_trig_40us_period_500tick/hv_65kV_beamC_25uA/dtg_30min_thenDecay/mpd_run_data_rctl_979_p777.FLOW.hdf5,2025-12-13 06:53:14.563000-06:00,3881
/global/cfs/cdirs/dune/www/data/2x2/nearline_run2/flowed_light/source_dtg_bin2/two_trig_40us_period_500tick/hv_65kV_beamC_25uA/dtg_30min_thenDecay/mpd_run_data_rctl_979_p778.FLOW.hdf5,2025-12-13 06:53:45.037000-06:00,3778
/global/cfs/cdirs/dune/www/data/2x2/nearline_run2/flowed_light/source_dtg_bin2/two_trig_40us_period_500tick/hv_65kV_beamC_25uA/dtg_30min_thenDecay/mpd_run_data_rctl_979_p779.FLOW.hdf5,2025-12-13 06:54:15.502000-06:00,4490
/global/cfs/cdirs/dune/www/data/2x2/nearline_run2/flowed_light/source_dtg_bin2/two_trig_40us_period_500tick/hv_65kV_beamC_25uA/dtg_30min_thenDecay/mpd_run_data_rctl_979_p780.FLOW.hdf5,2025-12-13 06:54:46.169000-06:00,4077
/global/cfs/cdirs/dune/www/data/2x2/nearline_run2/flowed_light/source_dtg_bin2/two_trig_40us_period_500tick/hv_65kV_beamC_25uA/dtg_30min_thenDecay/mpd_run_data_rctl_979_p781.FLOW.hdf5,2025-12-13 06:55:16.555000-06:00,5162
/global/cfs/cdirs/dune/www/data/2x2/nearline_run2/flowed_light/source_dtg_bin2/two_trig_40us_period_500tick/hv_65kV_beamC_25uA/dtg_30min_thenDecay/mpd_run_data_rctl_979_p782.FLOW.hdf5,2025-12-13 06:55:47.113000-06:00,5855
/global/cfs/cdirs/dune/www/data/2x2/nearline_run2/flowed_light/source_dtg_bin2/two_trig_40us_period_500tick/hv_65kV_beamC_25uA/dtg_30min_thenDecay/mpd_run_data_rctl_979_p783.FLOW.hdf5,2025-12-13 06:56:17.627000-06:00,6416
/global/cfs/cdirs/dune/www/data/2x2/nearline_run2/flowed_light/source_dtg_bin2/two_trig_40us_period_500tick/hv_65kV_beamC_25uA/dtg_30min_thenDecay/mpd_run_data_rctl_979_p784.FLOW.hdf5,2025-12-13 06:56:48.283000-06:00,3719
/global/cfs/cdirs/dune/www/data/2x2/nearline_run2/flowed_light/source_dtg_bin2/two_trig_40us_period_500tick/hv_65kV_beamC_25uA/dtg_30min_thenDecay/mpd_run_data_rctl_979_p785.FLOW.hdf5,2025-12-13 06:57:18.835000-06:00,5785
/global/cfs/cdirs/dune/www/data/2x2/nearline_run2/flowed_light/source_dtg_bin2/two_trig_40us_period_500tick/hv_65kV_beamC_25uA/dtg_30min_thenDecay/mpd_run_data_rctl_979_p786.FLOW.hdf5,2025-12-13 06:57:49.475000-06:00,5027
/global/cfs/cdirs/dune/www/data/2x2/nearline_run2/flowed_light/source_dtg_bin2/two_trig_40us_period_500tick/hv_65kV_beamC_25uA/dtg_30min_thenDecay/mpd_run_data_rctl_979_p787.FLOW.hdf5,2025-12-13 06:58:20.128000-06:00,3537
/global/cfs/cdirs/dune/www/data/2x2/nearline_run2/flowed_light/source_dtg_bin2/two_trig_40us_period_500tick/hv_65kV_beamC_25uA/dtg_30min_thenDecay/mpd_run_data_rctl_979_p788.FLOW.hdf5,2025-12-13 06:58:50.678000-06:00,2715
/global/cfs/cdirs/dune/www/data/2x2/nearline_run2/flowed_light/source_dtg_bin2/two_trig_40us_period_500tick/hv_65kV_beamC_25uA/dtg_30min_thenDecay/mpd_run_data_rctl_979_p789.FLOW.hdf5,2025-12-13 06:59:21.324000-06:00,2325
/global/cfs/cdirs/dune/www/data/2x2/nearline_run2/flowed_light/source_dtg_bin2/two_trig_40us_period_500tick/hv_65kV_beamC_25uA/dtg_30min_thenDecay/mpd_run_data_rctl_979_p790.FLOW.hdf5,2025-12-13 06:59:51.774000-06:00,2522
/global/cfs/cdirs/dune/www/data/2x2/nearline_run2/flowed_light/source_dtg_bin2/two_trig_40us_period_500tick/hv_65kV_beamC_25uA/dtg_30min_thenDecay/mpd_run_data_rctl_979_p791.FLOW.hdf5,2025-12-13 07:00:22.512000-06:00,2980
/global/cfs/cdirs/dune/www/data/2x2/nearline_run2/flowed_light/source_dtg_bin2/two_trig_40us_period_500tick/hv_65kV_beamC_25uA/dtg_30min_thenDecay/mpd_run_data_rctl_979_p792.FLOW.hdf5,2025-12-13 07:00:53.156000-06:00,2996
/global/cfs/cdirs/dune/www/data/2x2/nearline_run2/flowed_light/source_dtg_bin2/two_trig_40us_period_500tick/hv_65kV_beamC_25uA/dtg_30min_thenDecay/mpd_run_data_rctl_979_p793.FLOW.hdf5,2025-12-13 07:01:23.871000-06:00,2402
/global/cfs/cdirs/dune/www/data/2x2/nearline_run2/flowed_light/source_dtg_bin2/two_trig_40us_period_500tick/hv_65kV_beamC_25uA/dtg_30min_thenDecay/mpd_run_data_rctl_979_p794.FLOW.hdf5,2025-12-13 07:01:54.490000-06:00,3039
/global/cfs/cdirs/dune/www/data/2x2/nearline_run2/flowed_light/source_dtg_bin2/two_trig_40us_period_500tick/hv_65kV_beamC_25uA/dtg_30min_thenDecay/mpd_run_data_rctl_979_p795.FLOW.hdf5,2025-12-13 07:02:25.128000-06:00,1866
/global/cfs/cdirs/dune/www/data/2x2/nearline_run2/flowed_light/source_dtg_bin2/two_trig_40us_period_500tick/hv_65kV_beamC_25uA/dtg_30min_thenDecay/mpd_run_data_rctl_979_p796.FLOW.hdf5,2025-12-13 07:02:55.827000-06:00,3782
/global/cfs/cdirs/dune/www/data/2x2/nearline_run2/flowed_light/source_dtg_bin2/two_trig_40us_period_500tick/hv_65kV_beamC_25uA/dtg_30min_thenDecay/mpd_run_data_rctl_979_p797.FLOW.hdf5,2025-12-13 07:03:26.537000-06:00,4038
/global/cfs/cdirs/dune/www/data/2x2/nearline_run2/flowed_light/source_dtg_bin2/two_trig_40us_period_500tick/hv_65kV_beamC_25uA/dtg_30min_thenDecay/mpd_run_data_rctl_979_p798.FLOW.hdf5,2025-12-13 07:03:57.362000-06:00,2879
/global/cfs/cdirs/dune/www/data/2x2/nearline_run2/flowed_light/source_dtg_bin2/two_trig_40us_period_500tick/hv_65kV_beamC_25uA/dtg_30min_thenDecay/mpd_run_data_rctl_979_p799.FLOW.hdf5,2025-12-13 07:04:27.946000-06:00,2901
/global/cfs/cdirs/dune/www/data/2x2/nearline_run2/flowed_light/source_dtg_bin2/two_trig_40us_period_500tick/hv_65kV_beamC_25uA/dtg_30min_thenDecay/mpd_run_data_rctl_979_p800.FLOW.hdf5,2025-12-13 07:04:58.461000-06:00,4978
/global/cfs/cdirs/dune/www/data/2x2/nearline_run2/flowed_light/source_dtg_bin2/two_trig_40us_period_500tick/hv_65kV_beamC_25uA/dtg_30min_thenDecay/mpd_run_data_rctl_979_p801.FLOW.hdf5,2025-12-13 07:05:29.139000-06:00,3283
/global/cfs/cdirs/dune/www/data/2x2/nearline_run2/flowed_light/source_dtg_bin2/two_trig_40us_period_500tick/hv_65kV_beamC_25uA/dtg_30min_thenDecay/mpd_run_data_rctl_979_p802.FLOW.hdf5,2025-12-13 07:05:59.806000-06:00,2307
/global/cfs/cdirs/dune/www/data/2x2/nearline_run2/flowed_light/source_dtg_bin2/two_trig_40us_period_500tick/hv_65kV_beamC_25uA/dtg_30min_thenDecay/mpd_run_data_rctl_979_p803.FLOW.hdf5,2025-12-13 07:06:30.365000-06:00,4371
/global/cfs/cdirs/dune/www/data/2x2/nearline_run2/flowed_light/source_dtg_bin2/two_trig_40us_period_500tick/hv_65kV_beamC_25uA/dtg_30min_thenDecay/mpd_run_data_rctl_979_p804.FLOW.hdf5,2025-12-13 07:07:00.969000-06:00,3827
/global/cfs/cdirs/dune/www/data/2x2/nearline_run2/flowed_light/source_dtg_bin2/two_trig_40us_period_500tick/hv_65kV_beamC_25uA/dtg_30min_thenDecay/mpd_run_data_rctl_979_p805.FLOW.hdf5,2025-12-13 07:07:31.541000-06:00,5100
/global/cfs/cdirs/dune/www/data/2x2/nearline_run2/flowed_light/source_dtg_bin2/two_trig_40us_period_500tick/hv_65kV_beamC_25uA/dtg_30min_thenDecay/mpd_run_data_rctl_979_p806.FLOW.hdf5,2025-12-13 07:08:02.211000-06:00,5004
/global/cfs/cdirs/dune/www/data/2x2/nearline_run2/flowed_light/source_dtg_bin2/two_trig_40us_period_500tick/hv_65kV_beamC_25uA/dtg_30min_thenDecay/mpd_run_data_rctl_979_p807.FLOW.hdf5,2025-12-13 07:08:32.823000-06:00,6184
/global/cfs/cdirs/dune/www/data/2x2/nearline_run2/flowed_light/source_dtg_bin2/two_trig_40us_period_500tick/hv_65kV_beamC_25uA/dtg_30min_thenDecay/mpd_run_data_rctl_979_p808.FLOW.hdf5,2025-12-13 07:09:03.457000-06:00,4919
/global/cfs/cdirs/dune/www/data/2x2/nearline_run2/flowed_light/source_dtg_bin2/two_trig_40us_period_500tick/hv_65kV_beamC_25uA/dtg_30min_thenDecay/mpd_run_data_rctl_979_p809.FLOW.hdf5,2025-12-13 07:09:34.021000-06:00,3049
/global/cfs/cdirs/dune/www/data/2x2/nearline_run2/flowed_light/source_dtg_bin2/two_trig_40us_period_500tick/hv_65kV_beamC_25uA/dtg_30min_thenDecay/mpd_run_data_rctl_979_p810.FLOW.hdf5,2025-12-13 07:10:04.571000-06:00,3770
/global/cfs/cdirs/dune/www/data/2x2/nearline_run2/flowed_light/source_dtg_bin2/two_trig_40us_period_500tick/hv_65kV_beamC_25uA/dtg_30min_thenDecay/mpd_run_data_rctl_979_p811.FLOW.hdf5,2025-12-13 07:10:35.136000-06:00,4274
/global/cfs/cdirs/dune/www/data/2x2/nearline_run2/flowed_light/source_dtg_bin2/two_trig_40us_period_500tick/hv_65kV_beamC_25uA/dtg_30min_thenDecay/mpd_run_data_rctl_979_p812.FLOW.hdf5,2025-12-13 07:11:05.857000-06:00,5046
/global/cfs/cdirs/dune/www/data/2x2/nearline_run2/flowed_light/source_dtg_bin2/two_trig_40us_period_500tick/hv_65kV_beamC_25uA/dtg_30min_thenDecay/mpd_run_data_rctl_979_p813.FLOW.hdf5,2025-12-13 07:11:36.558000-06:00,3857
/global/cfs/cdirs/dune/www/data/2x2/nearline_run2/flowed_light/source_dtg_bin2/two_trig_40us_period_500tick/hv_65kV_beamC_25uA/dtg_30min_thenDecay/mpd_run_data_rctl_979_p814.FLOW.hdf5,2025-12-13 07:12:07.146000-06:00,4178
/global/cfs/cdirs/dune/www/data/2x2/nearline_run2/flowed_light/source_dtg_bin2/two_trig_40us_period_500tick/hv_65kV_beamC_25uA/dtg_30min_thenDecay/mpd_run_data_rctl_979_p815.FLOW.hdf5,2025-12-13 07:12:37.779000-06:00,4400
/global/cfs/cdirs/dune/www/data/2x2/nearline_run2/flowed_light/source_dtg_bin2/two_trig_40us_period_500tick/hv_65kV_beamC_25uA/dtg_30min_thenDecay/mpd_run_data_rctl_979_p816.FLOW.hdf5,2025-12-13 07:13:08.499000-06:00,3844
/global/cfs/cdirs/dune/www/data/2x2/nearline_run2/flowed_light/source_dtg_bin2/two_trig_40us_period_500tick/hv_65kV_beamC_25uA/dtg_30min_thenDecay/mpd_run_data_rctl_979_p817.FLOW.hdf5,2025-12-13 07:13:39.283000-06:00,1912
/global/cfs/cdirs/dune/www/data/2x2/nearline_run2/flowed_light/source_dtg_bin2/two_trig_40us_period_500tick/hv_65kV_beamC_25uA/dtg_30min_thenDecay/mpd_run_data_rctl_979_p818.FLOW.hdf5,2025-12-13 07:14:09.800000-06:00,3622
/global/cfs/cdirs/dune/www/data/2x2/nearline_run2/flowed_light/source_dtg_bin2/two_trig_40us_period_500tick/hv_65kV_beamC_25uA/dtg_30min_thenDecay/mpd_run_data_rctl_979_p819.FLOW.hdf5,2025-12-13 07:14:40.455000-06:00,2307
/global/cfs/cdirs/dune/www/data/2x2/nearline_run2/flowed_light/source_dtg_bin2/two_trig_40us_period_500tick/hv_65kV_beamC_25uA/dtg_30min_thenDecay/mpd_run_data_rctl_979_p820.FLOW.hdf5,2025-12-13 07:15:10.954000-06:00,2553
/global/cfs/cdirs/dune/www/data/2x2/nearline_run2/flowed_light/source_dtg_bin2/two_trig_40us_period_500tick/hv_65kV_beamC_25uA/dtg_30min_thenDecay/mpd_run_data_rctl_979_p821.FLOW.hdf5,2025-12-13 07:15:41.617000-06:00,2542
/global/cfs/cdirs/dune/www/data/2x2/nearline_run2/flowed_light/source_dtg_bin2/two_trig_40us_period_500tick/hv_65kV_beamC_25uA/dtg_30min_thenDecay/mpd_run_data_rctl_979_p822.FLOW.hdf5,2025-12-13 07:16:12.152000-06:00,3127
/global/cfs/cdirs/dune/www/data/2x2/nearline_run2/flowed_light/source_dtg_bin2/two_trig_40us_period_500tick/hv_65kV_beamC_25uA/dtg_30min_thenDecay/mpd_run_data_rctl_979_p823.FLOW.hdf5,2025-12-13 07:16:42.769000-06:00,3418
/global/cfs/cdirs/dune/www/data/2x2/nearline_run2/flowed_light/source_dtg_bin2/two_trig_40us_period_500tick/hv_65kV_beamC_25uA/dtg_30min_thenDecay/mpd_run_data_rctl_979_p824.FLOW.hdf5,2025-12-13 07:17:13.571000-06:00,5729
/global/cfs/cdirs/dune/www/data/2x2/nearline_run2/flowed_light/source_dtg_bin2/two_trig_40us_period_500tick/hv_65kV_beamC_25uA/dtg_30min_thenDecay/mpd_run_data_rctl_979_p825.FLOW.hdf5,2025-12-13 07:17:44.202000-06:00,4557
/global/cfs/cdirs/dune/www/data/2x2/nearline_run2/flowed_light/source_dtg_bin2/two_trig_40us_period_500tick/hv_65kV_beamC_25uA/dtg_30min_thenDecay/mpd_run_data_rctl_979_p826.FLOW.hdf5,2025-12-13 07:18:15.096000-06:00,3728
/global/cfs/cdirs/dune/www/data/2x2/nearline_run2/flowed_light/source_dtg_bin2/two_trig_40us_period_500tick/hv_65kV_beamC_25uA/dtg_30min_thenDecay/mpd_run_data_rctl_979_p827.FLOW.hdf5,2025-12-13 07:18:45.783000-06:00,2785
/global/cfs/cdirs/dune/www/data/2x2/nearline_run2/flowed_light/source_dtg_bin2/two_trig_40us_period_500tick/hv_65kV_beamC_25uA/dtg_30min_thenDecay/mpd_run_data_rctl_979_p828.FLOW.hdf5,2025-12-13 07:19:16.439000-06:00,3224
/global/cfs/cdirs/dune/www/data/2x2/nearline_run2/flowed_light/source_dtg_bin2/two_trig_40us_period_500tick/hv_65kV_beamC_25uA/dtg_30min_thenDecay/mpd_run_data_rctl_979_p829.FLOW.hdf5,2025-12-13 07:19:47.115000-06:00,6792
/global/cfs/cdirs/dune/www/data/2x2/nearline_run2/flowed_light/source_dtg_bin2/two_trig_40us_period_500tick/hv_65kV_beamC_25uA/dtg_30min_thenDecay/mpd_run_data_rctl_979_p830.FLOW.hdf5,2025-12-13 07:20:17.626000-06:00,3785
/global/cfs/cdirs/dune/www/data/2x2/nearline_run2/flowed_light/source_dtg_bin2/two_trig_40us_period_500tick/hv_65kV_beamC_25uA/dtg_30min_thenDecay/mpd_run_data_rctl_979_p831.FLOW.hdf5,2025-12-13 07:20:48.307000-06:00,3675
/global/cfs/cdirs/dune/www/data/2x2/nearline_run2/flowed_light/source_dtg_bin2/two_trig_40us_period_500tick/hv_65kV_beamC_25uA/dtg_30min_thenDecay/mpd_run_data_rctl_979_p832.FLOW.hdf5,2025-12-13 07:21:18.955000-06:00,3511
/global/cfs/cdirs/dune/www/data/2x2/nearline_run2/flowed_light/source_dtg_bin2/two_trig_40us_period_500tick/hv_65kV_beamC_25uA/dtg_30min_thenDecay/mpd_run_data_rctl_979_p833.FLOW.hdf5,2025-12-13 07:21:49.573000-06:00,1819
/global/cfs/cdirs/dune/www/data/2x2/nearline_run2/flowed_light/source_dtg_bin2/two_trig_40us_period_500tick/hv_65kV_beamC_25uA/dtg_30min_thenDecay/mpd_run_data_rctl_979_p834.FLOW.hdf5,2025-12-13 07:22:20.274000-06:00,3593
/global/cfs/cdirs/dune/www/data/2x2/nearline_run2/flowed_light/source_dtg_bin2/two_trig_40us_period_500tick/hv_65kV_beamC_25uA/dtg_30min_thenDecay/mpd_run_data_rctl_979_p835.FLOW.hdf5,2025-12-13 07:22:50.944000-06:00,3551
/global/cfs/cdirs/dune/www/data/2x2/nearline_run2/flowed_light/source_dtg_bin2/two_trig_40us_period_500tick/hv_65kV_beamC_25uA/dtg_30min_thenDecay/mpd_run_data_rctl_979_p836.FLOW.hdf5,2025-12-13 07:23:21.491000-06:00,1746
/global/cfs/cdirs/dune/www/data/2x2/nearline_run2/flowed_light/source_dtg_bin2/two_trig_40us_period_500tick/hv_65kV_beamC_25uA/dtg_30min_thenDecay/mpd_run_data_rctl_979_p837.FLOW.hdf5,2025-12-13 07:23:52.110000-06:00,3814
/global/cfs/cdirs/dune/www/data/2x2/nearline_run2/flowed_light/source_dtg_bin2/two_trig_40us_period_500tick/hv_65kV_beamC_25uA/dtg_30min_thenDecay/mpd_run_data_rctl_979_p838.FLOW.hdf5,2025-12-13 07:24:22.809000-06:00,2198
/global/cfs/cdirs/dune/www/data/2x2/nearline_run2/flowed_light/source_dtg_bin2/two_trig_40us_period_500tick/hv_65kV_beamC_25uA/dtg_30min_thenDecay/mpd_run_data_rctl_979_p839.FLOW.hdf5,2025-12-13 07:24:53.378000-06:00,4301
/global/cfs/cdirs/dune/www/data/2x2/nearline_run2/flowed_light/source_dtg_bin2/two_trig_40us_period_500tick/hv_65kV_beamC_25uA/dtg_30min_thenDecay/mpd_run_data_rctl_979_p840.FLOW.hdf5,2025-12-13 07:25:23.918000-06:00,4109
/global/cfs/cdirs/dune/www/data/2x2/nearline_run2/flowed_light/source_dtg_bin2/two_trig_40us_period_500tick/hv_65kV_beamC_25uA/dtg_30min_thenDecay/mpd_run_data_rctl_979_p841.FLOW.hdf5,2025-12-13 07:25:54.688000-06:00,4135
/global/cfs/cdirs/dune/www/data/2x2/nearline_run2/flowed_light/source_dtg_bin2/two_trig_40us_period_500tick/hv_65kV_beamC_25uA/dtg_30min_thenDecay/mpd_run_data_rctl_979_p842.FLOW.hdf5,2025-12-13 07:26:25.584000-06:00,4792
/global/cfs/cdirs/dune/www/data/2x2/nearline_run2/flowed_light/source_dtg_bin2/two_trig_40us_period_500tick/hv_65kV_beamC_25uA/dtg_30min_thenDecay/mpd_run_data_rctl_979_p843.FLOW.hdf5,2025-12-13 07:26:56.241000-06:00,4430
/global/cfs/cdirs/dune/www/data/2x2/nearline_run2/flowed_light/source_dtg_bin2/two_trig_40us_period_500tick/hv_65kV_beamC_25uA/dtg_30min_thenDecay/mpd_run_data_rctl_979_p844.FLOW.hdf5,2025-12-13 07:27:26.892000-06:00,6805
/global/cfs/cdirs/dune/www/data/2x2/nearline_run2/flowed_light/source_dtg_bin2/two_trig_40us_period_500tick/hv_65kV_beamC_25uA/dtg_30min_thenDecay/mpd_run_data_rctl_979_p845.FLOW.hdf5,2025-12-13 07:27:57.471000-06:00,9445
/global/cfs/cdirs/dune/www/data/2x2/nearline_run2/flowed_light/source_dtg_bin2/two_trig_40us_period_500tick/hv_65kV_beamC_25uA/dtg_30min_thenDecay/mpd_run_data_rctl_979_p846.FLOW.hdf5,2025-12-13 07:28:28.127000-06:00,10384
/global/cfs/cdirs/dune/www/data/2x2/nearline_run2/flowed_light/source_dtg_bin2/two_trig_40us_period_500tick/hv_65kV_beamC_25uA/dtg_30min_thenDecay/mpd_run_data_rctl_979_p847.FLOW.hdf5,2025-12-13 07:28:58.583000-06:00,5155
/global/cfs/cdirs/dune/www/data/2x2/nearline_run2/flowed_light/source_dtg_bin2/two_trig_40us_period_500tick/hv_65kV_beamC_25uA/dtg_30min_thenDecay/mpd_run_data_rctl_979_p848.FLOW.hdf5,2025-12-13 07:29:29.093000-06:00,5860
/global/cfs/cdirs/dune/www/data/2x2/nearline_run2/flowed_light/source_dtg_bin2/two_trig_40us_period_500tick/hv_65kV_beamC_25uA/dtg_30min_thenDecay/mpd_run_data_rctl_979_p849.FLOW.hdf5,2025-12-13 07:29:59.603000-06:00,2691
/global/cfs/cdirs/dune/www/data/2x2/nearline_run2/flowed_light/source_dtg_bin2/two_trig_40us_period_500tick/hv_65kV_beamC_25uA/dtg_30min_thenDecay/mpd_run_data_rctl_979_p850.FLOW.hdf5,2025-12-13 07:30:30.018000-06:00,1850
/global/cfs/cdirs/dune/www/data/2x2/nearline_run2/flowed_light/source_dtg_bin2/two_trig_40us_period_500tick/hv_65kV_beamC_25uA/dtg_30min_thenDecay/mpd_run_data_rctl_979_p851.FLOW.hdf5,2025-12-13 07:31:00.653000-06:00,1588
/global/cfs/cdirs/dune/www/data/2x2/nearline_run2/flowed_light/source_dtg_bin2/two_trig_40us_period_500tick/hv_65kV_beamC_25uA/dtg_30min_thenDecay/mpd_run_data_rctl_979_p852.FLOW.hdf5,2025-12-13 07:31:31.108000-06:00,2978
/global/cfs/cdirs/dune/www/data/2x2/nearline_run2/flowed_light/source_dtg_bin2/two_trig_40us_period_500tick/hv_65kV_beamC_25uA/dtg_30min_thenDecay/mpd_run_data_rctl_979_p853.FLOW.hdf5,2025-12-13 07:32:01.614000-06:00,3062
/global/cfs/cdirs/dune/www/data/2x2/nearline_run2/flowed_light/source_dtg_bin2/two_trig_40us_period_500tick/hv_65kV_beamC_25uA/dtg_30min_thenDecay/mpd_run_data_rctl_979_p854.FLOW.hdf5,2025-12-13 07:32:32.105000-06:00,6711
/global/cfs/cdirs/dune/www/data/2x2/nearline_run2/flowed_light/source_dtg_bin2/two_trig_40us_period_500tick/hv_65kV_beamC_25uA/dtg_30min_thenDecay/mpd_run_data_rctl_979_p855.FLOW.hdf5,2025-12-13 07:33:02.602000-06:00,1874
/global/cfs/cdirs/dune/www/data/2x2/nearline_run2/flowed_light/source_dtg_bin2/two_trig_40us_period_500tick/hv_65kV_beamC_25uA/dtg_30min_thenDecay/mpd_run_data_rctl_979_p856.FLOW.hdf5,2025-12-13 07:33:33.339000-06:00,1714
/global/cfs/cdirs/dune/www/data/2x2/nearline_run2/flowed_light/source_dtg_bin2/two_trig_40us_period_500tick/hv_65kV_beamC_25uA/dtg_30min_thenDecay/mpd_run_data_rctl_979_p857.FLOW.hdf5,2025-12-13 07:34:03.848000-06:00,2711
/global/cfs/cdirs/dune/www/data/2x2/nearline_run2/flowed_light/source_dtg_bin2/two_trig_40us_period_500tick/hv_65kV_beamC_25uA/dtg_30min_thenDecay/mpd_run_data_rctl_979_p858.FLOW.hdf5,2025-12-13 07:34:34.290000-06:00,2292
/global/cfs/cdirs/dune/www/data/2x2/nearline_run2/flowed_light/source_dtg_bin2/two_trig_40us_period_500tick/hv_65kV_beamC_25uA/dtg_30min_thenDecay/mpd_run_data_rctl_979_p859.FLOW.hdf5,2025-12-13 07:35:04.826000-06:00,2953
/global/cfs/cdirs/dune/www/data/2x2/nearline_run2/flowed_light/source_dtg_bin2/two_trig_40us_period_500tick/hv_65kV_beamC_25uA/dtg_30min_thenDecay/mpd_run_data_rctl_979_p860.FLOW.hdf5,2025-12-13 07:35:35.490000-06:00,1933
/global/cfs/cdirs/dune/www/data/2x2/nearline_run2/flowed_light/source_dtg_bin2/two_trig_40us_period_500tick/hv_65kV_beamC_25uA/dtg_30min_thenDecay/mpd_run_data_rctl_979_p861.FLOW.hdf5,2025-12-13 07:36:05.979000-06:00,1970
/global/cfs/cdirs/dune/www/data/2x2/nearline_run2/flowed_light/source_dtg_bin2/two_trig_40us_period_500tick/hv_65kV_beamC_25uA/dtg_30min_thenDecay/mpd_run_data_rctl_979_p862.FLOW.hdf5,2025-12-13 07:36:36.642000-06:00,1901
/global/cfs/cdirs/dune/www/data/2x2/nearline_run2/flowed_light/source_dtg_bin2/two_trig_40us_period_500tick/hv_65kV_beamC_25uA/dtg_30min_thenDecay/mpd_run_data_rctl_979_p863.FLOW.hdf5,2025-12-13 07:37:07.119000-06:00,1880
/global/cfs/cdirs/dune/www/data/2x2/nearline_run2/flowed_light/source_dtg_bin2/two_trig_40us_period_500tick/hv_65kV_beamC_25uA/dtg_30min_thenDecay/mpd_run_data_rctl_979_p864.FLOW.hdf5,2025-12-13 07:37:37.523000-06:00,1991
/global/cfs/cdirs/dune/www/data/2x2/nearline_run2/flowed_light/source_dtg_bin2/two_trig_40us_period_500tick/hv_65kV_beamC_25uA/dtg_30min_thenDecay/mpd_run_data_rctl_979_p865.FLOW.hdf5,2025-12-13 07:38:08.126000-06:00,2090
/global/cfs/cdirs/dune/www/data/2x2/nearline_run2/flowed_light/source_dtg_bin2/two_trig_40us_period_500tick/hv_65kV_beamC_25uA/dtg_30min_thenDecay/mpd_run_data_rctl_979_p866.FLOW.hdf5,2025-12-13 07:38:38.657000-06:00,2017
/global/cfs/cdirs/dune/www/data/2x2/nearline_run2/flowed_light/source_dtg_bin2/two_trig_40us_period_500tick/hv_65kV_beamC_25uA/dtg_30min_thenDecay/mpd_run_data_rctl_979_p867.FLOW.hdf5,2025-12-13 07:39:09.059000-06:00,1948
/global/cfs/cdirs/dune/www/data/2x2/nearline_run2/flowed_light/source_dtg_bin2/two_trig_40us_period_500tick/hv_65kV_beamC_25uA/dtg_30min_thenDecay/mpd_run_data_rctl_979_p868.FLOW.hdf5,2025-12-13 07:39:39.467000-06:00,2019
/global/cfs/cdirs/dune/www/data/2x2/nearline_run2/flowed_light/source_dtg_bin2/two_trig_40us_period_500tick/hv_65kV_beamC_25uA/dtg_30min_thenDecay/mpd_run_data_rctl_979_p869.FLOW.hdf5,2025-12-13 07:40:10.063000-06:00,1880
/global/cfs/cdirs/dune/www/data/2x2/nearline_run2/flowed_light/source_dtg_bin2/two_trig_40us_period_500tick/hv_65kV_beamC_25uA/dtg_30min_thenDecay/mpd_run_data_rctl_979_p870.FLOW.hdf5,2025-12-13 07:40:40.767000-06:00,1997
/global/cfs/cdirs/dune/www/data/2x2/nearline_run2/flowed_light/source_dtg_bin2/two_trig_40us_period_500tick/hv_65kV_beamC_25uA/dtg_30min_thenDecay/mpd_run_data_rctl_979_p871.FLOW.hdf5,2025-12-13 07:41:11.345000-06:00,2039
/global/cfs/cdirs/dune/www/data/2x2/nearline_run2/flowed_light/source_dtg_bin2/two_trig_40us_period_500tick/hv_65kV_beamC_25uA/dtg_30min_thenDecay/mpd_run_data_rctl_979_p872.FLOW.hdf5,2025-12-13 07:41:41.802000-06:00,2026
/global/cfs/cdirs/dune/www/data/2x2/nearline_run2/flowed_light/source_dtg_bin2/two_trig_40us_period_500tick/hv_65kV_beamC_25uA/dtg_30min_thenDecay/mpd_run_data_rctl_979_p873.FLOW.hdf5,2025-12-13 07:42:12.305000-06:00,2064
/global/cfs/cdirs/dune/www/data/2x2/nearline_run2/flowed_light/source_dtg_bin2/two_trig_40us_period_500tick/hv_65kV_beamC_25uA/dtg_30min_thenDecay/mpd_run_data_rctl_979_p874.FLOW.hdf5,2025-12-13 07:42:42.751000-06:00,2010
/global/cfs/cdirs/dune/www/data/2x2/nearline_run2/flowed_light/source_dtg_bin2/two_trig_40us_period_500tick/hv_65kV_beamC_25uA/dtg_30min_thenDecay/mpd_run_data_rctl_979_p875.FLOW.hdf5,2025-12-13 07:43:13.285000-06:00,2023
/global/cfs/cdirs/dune/www/data/2x2/nearline_run2/flowed_light/source_dtg_bin2/two_trig_40us_period_500tick/hv_65kV_beamC_25uA/dtg_30min_thenDecay/mpd_run_data_rctl_979_p876.FLOW.hdf5,2025-12-13 07:43:43.874000-06:00,1981
/global/cfs/cdirs/dune/www/data/2x2/nearline_run2/flowed_light/source_dtg_bin2/two_trig_40us_period_500tick/hv_65kV_beamC_25uA/dtg_30min_thenDecay/mpd_run_data_rctl_979_p877.FLOW.hdf5,2025-12-13 07:44:14.298000-06:00,2039
/global/cfs/cdirs/dune/www/data/2x2/nearline_run2/flowed_light/source_dtg_bin2/two_trig_40us_period_500tick/hv_65kV_beamC_25uA/dtg_30min_thenDecay/mpd_run_data_rctl_979_p878.FLOW.hdf5,2025-12-13 07:44:44.856000-06:00,1980
/global/cfs/cdirs/dune/www/data/2x2/nearline_run2/flowed_light/source_dtg_bin2/two_trig_40us_period_500tick/hv_65kV_beamC_25uA/dtg_30min_thenDecay/mpd_run_data_rctl_979_p879.FLOW.hdf5,2025-12-13 07:45:15.302000-06:00,2039
/global/cfs/cdirs/dune/www/data/2x2/nearline_run2/flowed_light/source_dtg_bin2/two_trig_40us_period_500tick/hv_65kV_beamC_25uA/dtg_30min_thenDecay/mpd_run_data_rctl_979_p880.FLOW.hdf5,2025-12-13 07:45:45.780000-06:00,2039
/global/cfs/cdirs/dune/www/data/2x2/nearline_run2/flowed_light/source_dtg_bin2/two_trig_40us_period_500tick/hv_65kV_beamC_25uA/dtg_30min_thenDecay/mpd_run_data_rctl_979_p881.FLOW.hdf5,2025-12-13 07:46:16.289000-06:00,2020
/global/cfs/cdirs/dune/www/data/2x2/nearline_run2/flowed_light/source_dtg_bin2/two_trig_40us_period_500tick/hv_65kV_beamC_25uA/dtg_30min_thenDecay/mpd_run_data_rctl_979_p882.FLOW.hdf5,2025-12-13 07:46:46.824000-06:00,2023
/global/cfs/cdirs/dune/www/data/2x2/nearline_run2/flowed_light/source_dtg_bin2/two_trig_40us_period_500tick/hv_65kV_beamC_25uA/dtg_30min_thenDecay/mpd_run_data_rctl_979_p883.FLOW.hdf5,2025-12-13 07:47:17.303000-06:00,1900
/global/cfs/cdirs/dune/www/data/2x2/nearline_run2/flowed_light/source_dtg_bin2/two_trig_40us_period_500tick/hv_65kV_beamC_25uA/dtg_30min_thenDecay/mpd_run_data_rctl_979_p884.FLOW.hdf5,2025-12-13 07:47:47.855000-06:00,1972
/global/cfs/cdirs/dune/www/data/2x2/nearline_run2/flowed_light/source_dtg_bin2/two_trig_40us_period_500tick/hv_65kV_beamC_25uA/dtg_30min_thenDecay/mpd_run_data_rctl_979_p885.FLOW.hdf5,2025-12-13 07:48:18.304000-06:00,1993
/global/cfs/cdirs/dune/www/data/2x2/nearline_run2/flowed_light/source_dtg_bin2/two_trig_40us_period_500tick/hv_65kV_beamC_25uA/dtg_30min_thenDecay/mpd_run_data_rctl_979_p886.FLOW.hdf5,2025-12-13 07:48:48.830000-06:00,2046
/global/cfs/cdirs/dune/www/data/2x2/nearline_run2/flowed_light/source_dtg_bin2/two_trig_40us_period_500tick/hv_65kV_beamC_25uA/dtg_30min_thenDecay/mpd_run_data_rctl_979_p887.FLOW.hdf5,2025-12-13 07:49:19.237000-06:00,2000
/global/cfs/cdirs/dune/www/data/2x2/nearline_run2/flowed_light/source_dtg_bin2/two_trig_40us_period_500tick/hv_65kV_beamC_25uA/dtg_30min_thenDecay/mpd_run_data_rctl_979_p888.FLOW.hdf5,2025-12-13 07:49:49.702000-06:00,2048
/global/cfs/cdirs/dune/www/data/2x2/nearline_run2/flowed_light/source_dtg_bin2/two_trig_40us_period_500tick/hv_65kV_beamC_25uA/dtg_30min_thenDecay/mpd_run_data_rctl_979_p889.FLOW.hdf5,2025-12-13 07:50:20.218000-06:00,2031
/global/cfs/cdirs/dune/www/data/2x2/nearline_run2/flowed_light/source_dtg_bin2/two_trig_40us_period_500tick/hv_65kV_beamC_25uA/dtg_30min_thenDecay/mpd_run_data_rctl_979_p890.FLOW.hdf5,2025-12-13 07:50:50.787000-06:00,1993
/global/cfs/cdirs/dune/www/data/2x2/nearline_run2/flowed_light/source_dtg_bin2/two_trig_40us_period_500tick/hv_65kV_beamC_25uA/dtg_30min_thenDecay/mpd_run_data_rctl_979_p891.FLOW.hdf5,2025-12-13 07:51:21.214000-06:00,2034
/global/cfs/cdirs/dune/www/data/2x2/nearline_run2/flowed_light/source_dtg_bin2/two_trig_40us_period_500tick/hv_65kV_beamC_25uA/dtg_30min_thenDecay/mpd_run_data_rctl_979_p892.FLOW.hdf5,2025-12-13 07:51:51.885000-06:00,2232
/global/cfs/cdirs/dune/www/data/2x2/nearline_run2/flowed_light/source_dtg_bin2/two_trig_40us_period_500tick/hv_65kV_beamC_25uA/dtg_30min_thenDecay/mpd_run_data_rctl_979_p893.FLOW.hdf5,2025-12-13 07:52:22.518000-06:00,2042
/global/cfs/cdirs/dune/www/data/2x2/nearline_run2/flowed_light/source_dtg_bin2/two_trig_40us_period_500tick/hv_65kV_beamC_25uA/dtg_30min_thenDecay/mpd_run_data_rctl_979_p894.FLOW.hdf5,2025-12-13 07:52:53.053000-06:00,1953
/global/cfs/cdirs/dune/www/data/2x2/nearline_run2/flowed_light/source_dtg_bin2/two_trig_40us_period_500tick/hv_65kV_beamC_25uA/dtg_30min_thenDecay/mpd_run_data_rctl_979_p895.FLOW.hdf5,2025-12-13 07:53:23.567000-06:00,2033
/global/cfs/cdirs/dune/www/data/2x2/nearline_run2/flowed_light/source_dtg_bin2/two_trig_40us_period_500tick/hv_65kV_beamC_25uA/dtg_30min_thenDecay/mpd_run_data_rctl_979_p896.FLOW.hdf5,2025-12-13 07:53:53.968000-06:00,2061
/global/cfs/cdirs/dune/www/data/2x2/nearline_run2/flowed_light/source_dtg_bin2/two_trig_40us_period_500tick/hv_65kV_beamC_25uA/dtg_30min_thenDecay/mpd_run_data_rctl_979_p897.FLOW.hdf5,2025-12-13 07:54:24.463000-06:00,1933
/global/cfs/cdirs/dune/www/data/2x2/nearline_run2/flowed_light/source_dtg_bin2/two_trig_40us_period_500tick/hv_65kV_beamC_25uA/dtg_30min_thenDecay/mpd_run_data_rctl_979_p898.FLOW.hdf5,2025-12-13 07:54:55.166000-06:00,2026
/global/cfs/cdirs/dune/www/data/2x2/nearline_run2/flowed_light/source_dtg_bin2/two_trig_40us_period_500tick/hv_65kV_beamC_25uA/dtg_30min_thenDecay/mpd_run_data_rctl_979_p899.FLOW.hdf5,2025-12-13 07:55:25.516000-06:00,1929
/global/cfs/cdirs/dune/www/data/2x2/nearline_run2/flowed_light/source_dtg_bin2/two_trig_40us_period_500tick/hv_65kV_beamC_25uA/dtg_30min_thenDecay/mpd_run_data_rctl_979_p900.FLOW.hdf5,2025-12-13 07:55:56.012000-06:00,2021
/global/cfs/cdirs/dune/www/data/2x2/nearline_run2/flowed_light/source_dtg_bin2/two_trig_40us_period_500tick/hv_65kV_beamC_25uA/dtg_30min_thenDecay/mpd_run_data_rctl_979_p901.FLOW.hdf5,2025-12-13 07:56:26.470000-06:00,1923
/global/cfs/cdirs/dune/www/data/2x2/nearline_run2/flowed_light/source_dtg_bin2/two_trig_40us_period_500tick/hv_65kV_beamC_25uA/dtg_30min_thenDecay/mpd_run_data_rctl_979_p902.FLOW.hdf5,2025-12-13 07:56:56.837000-06:00,2042
/global/cfs/cdirs/dune/www/data/2x2/nearline_run2/flowed_light/source_dtg_bin2/two_trig_40us_period_500tick/hv_65kV_beamC_25uA/dtg_30min_thenDecay/mpd_run_data_rctl_979_p903.FLOW.hdf5,2025-12-13 07:57:27.582000-06:00,1920
/global/cfs/cdirs/dune/www/data/2x2/nearline_run2/flowed_light/source_dtg_bin2/two_trig_40us_period_500tick/hv_65kV_beamC_25uA/dtg_30min_thenDecay/mpd_run_data_rctl_979_p904.FLOW.hdf5,2025-12-13 07:57:58.353000-06:00,2013
/global/cfs/cdirs/dune/www/data/2x2/nearline_run2/flowed_light/source_dtg_bin2/two_trig_40us_period_500tick/hv_65kV_beamC_25uA/dtg_30min_thenDecay/mpd_run_data_rctl_979_p905.FLOW.hdf5,2025-12-13 07:58:28.929000-06:00,1994
/global/cfs/cdirs/dune/www/data/2x2/nearline_run2/flowed_light/source_dtg_bin2/two_trig_40us_period_500tick/hv_65kV_beamC_25uA/dtg_30min_thenDecay/mpd_run_data_rctl_979_p906.FLOW.hdf5,2025-12-13 07:58:59.386000-06:00,2044
/global/cfs/cdirs/dune/www/data/2x2/nearline_run2/flowed_light/source_dtg_bin2/two_trig_40us_period_500tick/hv_65kV_beamC_25uA/dtg_30min_thenDecay/mpd_run_data_rctl_979_p907.FLOW.hdf5,2025-12-13 07:59:29.911000-06:00,1974
/global/cfs/cdirs/dune/www/data/2x2/nearline_run2/flowed_light/source_dtg_bin2/two_trig_40us_period_500tick/hv_65kV_beamC_25uA/dtg_30min_thenDecay/mpd_run_data_rctl_979_p908.FLOW.hdf5,2025-12-13 08:00:00.297000-06:00,2031
/global/cfs/cdirs/dune/www/data/2x2/nearline_run2/flowed_light/source_dtg_bin2/two_trig_40us_period_500tick/hv_65kV_beamC_25uA/dtg_30min_thenDecay/mpd_run_data_rctl_979_p909.FLOW.hdf5,2025-12-13 08:00:30.799000-06:00,2014
/global/cfs/cdirs/dune/www/data/2x2/nearline_run2/flowed_light/source_dtg_bin2/two_trig_40us_period_500tick/hv_65kV_beamC_25uA/dtg_30min_thenDecay/mpd_run_data_rctl_979_p910.FLOW.hdf5,2025-12-13 08:01:01.241000-06:00,1957
/global/cfs/cdirs/dune/www/data/2x2/nearline_run2/flowed_light/source_dtg_bin2/two_trig_40us_period_500tick/hv_65kV_beamC_25uA/dtg_30min_thenDecay/mpd_run_data_rctl_979_p911.FLOW.hdf5,2025-12-13 08:01:31.794000-06:00,2001
/global/cfs/cdirs/dune/www/data/2x2/nearline_run2/flowed_light/source_dtg_bin2/two_trig_40us_period_500tick/hv_65kV_beamC_25uA/dtg_30min_thenDecay/mpd_run_data_rctl_979_p912.FLOW.hdf5,2025-12-13 08:02:02.290000-06:00,2081
/global/cfs/cdirs/dune/www/data/2x2/nearline_run2/flowed_light/source_dtg_bin2/two_trig_40us_period_500tick/hv_65kV_beamC_25uA/dtg_30min_thenDecay/mpd_run_data_rctl_979_p913.FLOW.hdf5,2025-12-13 08:02:32.690000-06:00,2009
/global/cfs/cdirs/dune/www/data/2x2/nearline_run2/flowed_light/source_dtg_bin2/two_trig_40us_period_500tick/hv_65kV_beamC_25uA/dtg_30min_thenDecay/mpd_run_data_rctl_979_p914.FLOW.hdf5,2025-12-13 08:03:03.208000-06:00,1973
/global/cfs/cdirs/dune/www/data/2x2/nearline_run2/flowed_light/source_dtg_bin2/two_trig_40us_period_500tick/hv_65kV_beamC_25uA/dtg_30min_thenDecay/mpd_run_data_rctl_979_p915.FLOW.hdf5,2025-12-13 08:03:33.793000-06:00,1884
/global/cfs/cdirs/dune/www/data/2x2/nearline_run2/flowed_light/source_dtg_bin2/two_trig_40us_period_500tick/hv_65kV_beamC_25uA/dtg_30min_thenDecay/mpd_run_data_rctl_979_p916.FLOW.hdf5,2025-12-13 08:04:04.393000-06:00,1946
/global/cfs/cdirs/dune/www/data/2x2/nearline_run2/flowed_light/source_dtg_bin2/two_trig_40us_period_500tick/hv_65kV_beamC_25uA/dtg_30min_thenDecay/mpd_run_data_rctl_979_p917.FLOW.hdf5,2025-12-13 08:04:34.879000-06:00,2003
/global/cfs/cdirs/dune/www/data/2x2/nearline_run2/flowed_light/source_dtg_bin2/two_trig_40us_period_500tick/hv_65kV_beamC_25uA/dtg_30min_thenDecay/mpd_run_data_rctl_979_p918.FLOW.hdf5,2025-12-13 08:05:05.488000-06:00,1931
/global/cfs/cdirs/dune/www/data/2x2/nearline_run2/flowed_light/source_dtg_bin2/two_trig_40us_period_500tick/hv_65kV_beamC_25uA/dtg_30min_thenDecay/mpd_run_data_rctl_979_p919.FLOW.hdf5,2025-12-13 08:05:36.095000-06:00,1913
/global/cfs/cdirs/dune/www/data/2x2/nearline_run2/flowed_light/source_dtg_bin2/two_trig_40us_period_500tick/hv_65kV_beamC_25uA/dtg_30min_thenDecay/mpd_run_data_rctl_979_p920.FLOW.hdf5,2025-12-13 08:06:06.707000-06:00,1923
/global/cfs/cdirs/dune/www/data/2x2/nearline_run2/flowed_light/source_dtg_bin2/two_trig_40us_period_500tick/hv_65kV_beamC_25uA/dtg_30min_thenDecay/mpd_run_data_rctl_979_p921.FLOW.hdf5,2025-12-13 08:06:37.236000-06:00,2035
/global/cfs/cdirs/dune/www/data/2x2/nearline_run2/flowed_light/source_dtg_bin2/two_trig_40us_period_500tick/hv_65kV_beamC_25uA/dtg_30min_thenDecay/mpd_run_data_rctl_979_p922.FLOW.hdf5,2025-12-13 08:07:07.721000-06:00,1864
/global/cfs/cdirs/dune/www/data/2x2/nearline_run2/flowed_light/source_dtg_bin2/two_trig_40us_period_500tick/hv_65kV_beamC_25uA/dtg_30min_thenDecay/mpd_run_data_rctl_979_p923.FLOW.hdf5,2025-12-13 08:07:38.156000-06:00,1961
/global/cfs/cdirs/dune/www/data/2x2/nearline_run2/flowed_light/source_dtg_bin2/two_trig_40us_period_500tick/hv_65kV_beamC_25uA/dtg_30min_thenDecay/mpd_run_data_rctl_979_p924.FLOW.hdf5,2025-12-13 08:08:08.664000-06:00,2024
/global/cfs/cdirs/dune/www/data/2x2/nearline_run2/flowed_light/source_dtg_bin2/two_trig_40us_period_500tick/hv_65kV_beamC_25uA/dtg_30min_thenDecay/mpd_run_data_rctl_979_p925.FLOW.hdf5,2025-12-13 08:08:39.275000-06:00,2152
/global/cfs/cdirs/dune/www/data/2x2/nearline_run2/flowed_light/source_dtg_bin2/two_trig_40us_period_500tick/hv_65kV_beamC_25uA/dtg_30min_thenDecay/mpd_run_data_rctl_979_p926.FLOW.hdf5,2025-12-13 08:09:09.673000-06:00,2249
/global/cfs/cdirs/dune/www/data/2x2/nearline_run2/flowed_light/source_dtg_bin2/two_trig_40us_period_500tick/hv_65kV_beamC_25uA/dtg_30min_thenDecay/mpd_run_data_rctl_979_p927.FLOW.hdf5,2025-12-13 08:09:39.982000-06:00,2207
/global/cfs/cdirs/dune/www/data/2x2/nearline_run2/flowed_light/source_dtg_bin2/two_trig_40us_period_500tick/hv_65kV_beamC_25uA/dtg_30min_thenDecay/mpd_run_data_rctl_979_p928.FLOW.hdf5,2025-12-13 08:10:10.380000-06:00,2271
/global/cfs/cdirs/dune/www/data/2x2/nearline_run2/flowed_light/source_dtg_bin2/two_trig_40us_period_500tick/hv_65kV_beamC_25uA/dtg_30min_thenDecay/mpd_run_data_rctl_979_p929.FLOW.hdf5,2025-12-13 08:10:40.825000-06:00,2360
/global/cfs/cdirs/dune/www/data/2x2/nearline_run2/flowed_light/source_dtg_bin2/two_trig_40us_period_500tick/hv_65kV_beamC_25uA/dtg_30min_thenDecay/mpd_run_data_rctl_979_p930.FLOW.hdf5,2025-12-13 08:11:11.220000-06:00,2503
/global/cfs/cdirs/dune/www/data/2x2/nearline_run2/flowed_light/source_dtg_bin2/two_trig_40us_period_500tick/hv_65kV_beamC_25uA/dtg_30min_thenDecay/mpd_run_data_rctl_979_p931.FLOW.hdf5,2025-12-13 08:11:41.639000-06:00,2567
/global/cfs/cdirs/dune/www/data/2x2/nearline_run2/flowed_light/source_dtg_bin2/two_trig_40us_period_500tick/hv_65kV_beamC_25uA/dtg_30min_thenDecay/mpd_run_data_rctl_979_p932.FLOW.hdf5,2025-12-13 08:12:12.024000-06:00,2717
/global/cfs/cdirs/dune/www/data/2x2/nearline_run2/flowed_light/source_dtg_bin2/two_trig_40us_period_500tick/hv_65kV_beamC_25uA/dtg_30min_thenDecay/mpd_run_data_rctl_979_p933.FLOW.hdf5,2025-12-13 08:12:42.385000-06:00,2907
/global/cfs/cdirs/dune/www/data/2x2/nearline_run2/flowed_light/source_dtg_bin2/two_trig_40us_period_500tick/hv_65kV_beamC_25uA/dtg_30min_thenDecay/mpd_run_data_rctl_979_p934.FLOW.hdf5,2025-12-13 08:13:12.725000-06:00,2913
/global/cfs/cdirs/dune/www/data/2x2/nearline_run2/flowed_light/source_dtg_bin2/two_trig_40us_period_500tick/hv_65kV_beamC_25uA/dtg_30min_thenDecay/mpd_run_data_rctl_979_p935.FLOW.hdf5,2025-12-13 08:13:43.109000-06:00,2913
/global/cfs/cdirs/dune/www/data/2x2/nearline_run2/flowed_light/source_dtg_bin2/two_trig_40us_period_500tick/hv_65kV_beamC_25uA/dtg_30min_thenDecay/mpd_run_data_rctl_979_p936.FLOW.hdf5,2025-12-13 08:14:13.516000-06:00,3006
/global/cfs/cdirs/dune/www/data/2x2/nearline_run2/flowed_light/source_dtg_bin2/two_trig_40us_period_500tick/hv_65kV_beamC_25uA/dtg_30min_thenDecay/mpd_run_data_rctl_979_p937.FLOW.hdf5,2025-12-13 08:14:43.839000-06:00,2948
/global/cfs/cdirs/dune/www/data/2x2/nearline_run2/flowed_light/source_dtg_bin2/two_trig_40us_period_500tick/hv_65kV_beamC_25uA/dtg_30min_thenDecay/mpd_run_data_rctl_979_p938.FLOW.hdf5,2025-12-13 08:15:14.243000-06:00,2883
/global/cfs/cdirs/dune/www/data/2x2/nearline_run2/flowed_light/source_dtg_bin2/two_trig_40us_period_500tick/hv_65kV_beamC_25uA/dtg_30min_thenDecay/mpd_run_data_rctl_979_p939.FLOW.hdf5,2025-12-13 08:15:44.613000-06:00,2881
/global/cfs/cdirs/dune/www/data/2x2/nearline_run2/flowed_light/source_dtg_bin2/two_trig_40us_period_500tick/hv_65kV_beamC_25uA/dtg_30min_thenDecay/mpd_run_data_rctl_979_p940.FLOW.hdf5,2025-12-13 08:16:14.925000-06:00,2945
/global/cfs/cdirs/dune/www/data/2x2/nearline_run2/flowed_light/source_dtg_bin2/two_trig_40us_period_500tick/hv_65kV_beamC_25uA/dtg_30min_thenDecay/mpd_run_data_rctl_979_p941.FLOW.hdf5,2025-12-13 08:16:45.337000-06:00,2883
/global/cfs/cdirs/dune/www/data/2x2/nearline_run2/flowed_light/source_dtg_bin2/two_trig_40us_period_500tick/hv_65kV_beamC_25uA/dtg_30min_thenDecay/mpd_run_data_rctl_979_p942.FLOW.hdf5,2025-12-13 08:17:15.676000-06:00,2841
/global/cfs/cdirs/dune/www/data/2x2/nearline_run2/flowed_light/source_dtg_bin2/two_trig_40us_period_500tick/hv_65kV_beamC_25uA/dtg_30min_thenDecay/mpd_run_data_rctl_979_p943.FLOW.hdf5,2025-12-13 08:17:46.060000-06:00,2859
/global/cfs/cdirs/dune/www/data/2x2/nearline_run2/flowed_light/source_dtg_bin2/two_trig_40us_period_500tick/hv_65kV_beamC_25uA/dtg_30min_thenDecay/mpd_run_data_rctl_979_p944.FLOW.hdf5,2025-12-13 08:18:16.438000-06:00,2935
/global/cfs/cdirs/dune/www/data/2x2/nearline_run2/flowed_light/source_dtg_bin2/two_trig_40us_period_500tick/hv_65kV_beamC_25uA/dtg_30min_thenDecay/mpd_run_data_rctl_979_p945.FLOW.hdf5,2025-12-13 08:18:46.837000-06:00,2970
/global/cfs/cdirs/dune/www/data/2x2/nearline_run2/flowed_light/source_dtg_bin2/two_trig_40us_period_500tick/hv_65kV_beamC_25uA/dtg_30min_thenDecay/mpd_run_data_rctl_979_p946.FLOW.hdf5,2025-12-13 08:19:17.172000-06:00,837
/global/cfs/cdirs/dune/www/data/2x2/nearline_run2/flowed_light/source_dtg_bin2/two_trig_40us_period_500tick/hv_65kV_beamC_25uA/dtg_30min_thenDecay/mpd_run_data_rctl_980_p0.FLOW.hdf5,2025-12-13 08:20:47.844000-06:00,2925
/global/cfs/cdirs/dune/www/data/2x2/nearline_run2/flowed_light/source_dtg_bin2/two_trig_40us_period_500tick/hv_65kV_beamC_25uA/dtg_30min_thenDecay/mpd_run_data_rctl_980_p1.FLOW.hdf5,2025-12-13 08:21:18.204000-06:00,2897
/global/cfs/cdirs/dune/www/data/2x2/nearline_run2/flowed_light/source_dtg_bin2/two_trig_40us_period_500tick/hv_65kV_beamC_25uA/dtg_30min_thenDecay/mpd_run_data_rctl_980_p2.FLOW.hdf5,2025-12-13 08:21:48.534000-06:00,2932
/global/cfs/cdirs/dune/www/data/2x2/nearline_run2/flowed_light/source_dtg_bin2/two_trig_40us_period_500tick/hv_65kV_beamC_25uA/dtg_30min_thenDecay/mpd_run_data_rctl_980_p3.FLOW.hdf5,2025-12-13 08:22:18.832000-06:00,2781
/global/cfs/cdirs/dune/www/data/2x2/nearline_run2/flowed_light/source_dtg_bin2/two_trig_40us_period_500tick/hv_65kV_beamC_25uA/dtg_30min_thenDecay/mpd_run_data_rctl_980_p4.FLOW.hdf5,2025-12-13 08:22:49.196000-06:00,2924
/global/cfs/cdirs/dune/www/data/2x2/nearline_run2/flowed_light/source_dtg_bin2/two_trig_40us_period_500tick/hv_65kV_beamC_25uA/dtg_30min_thenDecay/mpd_run_data_rctl_980_p5.FLOW.hdf5,2025-12-13 08:23:19.526000-06:00,2897
/global/cfs/cdirs/dune/www/data/2x2/nearline_run2/flowed_light/source_dtg_bin2/two_trig_40us_period_500tick/hv_65kV_beamC_25uA/dtg_30min_thenDecay/mpd_run_data_rctl_980_p6.FLOW.hdf5,2025-12-13 08:23:49.842000-06:00,2913
/global/cfs/cdirs/dune/www/data/2x2/nearline_run2/flowed_light/source_dtg_bin2/two_trig_40us_period_500tick/hv_65kV_beamC_25uA/dtg_30min_thenDecay/mpd_run_data_rctl_980_p7.FLOW.hdf5,2025-12-13 08:24:20.194000-06:00,2921
/global/cfs/cdirs/dune/www/data/2x2/nearline_run2/flowed_light/source_dtg_bin2/two_trig_40us_period_500tick/hv_65kV_beamC_25uA/dtg_30min_thenDecay/mpd_run_data_rctl_980_p8.FLOW.hdf5,2025-12-13 08:24:50.707000-06:00,2892
/global/cfs/cdirs/dune/www/data/2x2/nearline_run2/flowed_light/source_dtg_bin2/two_trig_40us_period_500tick/hv_65kV_beamC_25uA/dtg_30min_thenDecay/mpd_run_data_rctl_980_p9.FLOW.hdf5,2025-12-13 08:25:20.974000-06:00,2897
/global/cfs/cdirs/dune/www/data/2x2/nearline_run2/flowed_light/source_dtg_bin2/two_trig_40us_period_500tick/hv_65kV_beamC_25uA/dtg_30min_thenDecay/mpd_run_data_rctl_980_p10.FLOW.hdf5,2025-12-13 08:25:51.327000-06:00,2869
/global/cfs/cdirs/dune/www/data/2x2/nearline_run2/flowed_light/source_dtg_bin2/two_trig_40us_period_500tick/hv_65kV_beamC_25uA/dtg_30min_thenDecay/mpd_run_data_rctl_980_p11.FLOW.hdf5,2025-12-13 08:26:21.746000-06:00,2973
/global/cfs/cdirs/dune/www/data/2x2/nearline_run2/flowed_light/source_dtg_bin2/two_trig_40us_period_500tick/hv_65kV_beamC_25uA/dtg_30min_thenDecay/mpd_run_data_rctl_980_p12.FLOW.hdf5,2025-12-13 08:26:52.139000-06:00,2935
/global/cfs/cdirs/dune/www/data/2x2/nearline_run2/flowed_light/source_dtg_bin2/two_trig_40us_period_500tick/hv_65kV_beamC_25uA/dtg_30min_thenDecay/mpd_run_data_rctl_980_p13.FLOW.hdf5,2025-12-13 08:27:22.536000-06:00,2989
/global/cfs/cdirs/dune/www/data/2x2/nearline_run2/flowed_light/source_dtg_bin2/two_trig_40us_period_500tick/hv_65kV_beamC_25uA/dtg_30min_thenDecay/mpd_run_data_rctl_980_p14.FLOW.hdf5,2025-12-13 08:27:52.832000-06:00,2928
/global/cfs/cdirs/dune/www/data/2x2/nearline_run2/flowed_light/source_dtg_bin2/two_trig_40us_period_500tick/hv_65kV_beamC_25uA/dtg_30min_thenDecay/mpd_run_data_rctl_980_p15.FLOW.hdf5,2025-12-13 08:28:23.279000-06:00,5800
/global/cfs/cdirs/dune/www/data/2x2/nearline_run2/flowed_light/source_dtg_bin2/two_trig_40us_period_500tick/hv_65kV_beamC_25uA/dtg_30min_thenDecay/mpd_run_data_rctl_980_p16.FLOW.hdf5,2025-12-13 08:29:24.240000-06:00,5748
/global/cfs/cdirs/dune/www/data/2x2/nearline_run2/flowed_light/source_dtg_bin2/two_trig_40us_period_500tick/hv_65kV_beamC_25uA/dtg_30min_thenDecay/mpd_run_data_rctl_980_p17.FLOW.hdf5,2025-12-13 08:30:24.939000-06:00,5803
/global/cfs/cdirs/dune/www/data/2x2/nearline_run2/flowed_light/source_dtg_bin2/two_trig_40us_period_500tick/hv_65kV_beamC_25uA/dtg_30min_thenDecay/mpd_run_data_rctl_980_p18.FLOW.hdf5,2025-12-13 08:31:25.652000-06:00,5715
/global/cfs/cdirs/dune/www/data/2x2/nearline_run2/flowed_light/source_dtg_bin2/two_trig_40us_period_500tick/hv_65kV_beamC_25uA/dtg_30min_thenDecay/mpd_run_data_rctl_980_p19.FLOW.hdf5,2025-12-13 08:32:26.487000-06:00,5781
/global/cfs/cdirs/dune/www/data/2x2/nearline_run2/flowed_light/source_dtg_bin2/two_trig_40us_period_500tick/hv_65kV_beamC_25uA/dtg_30min_thenDecay/mpd_run_data_rctl_980_p20.FLOW.hdf5,2025-12-13 08:33:27.272000-06:00,5754
/global/cfs/cdirs/dune/www/data/2x2/nearline_run2/flowed_light/source_dtg_bin2/two_trig_40us_period_500tick/hv_65kV_beamC_25uA/dtg_30min_thenDecay/mpd_run_data_rctl_980_p21.FLOW.hdf5,2025-12-13 08:34:27.854000-06:00,5816
/global/cfs/cdirs/dune/www/data/2x2/nearline_run2/flowed_light/source_dtg_bin2/two_trig_40us_period_500tick/hv_65kV_beamC_25uA/dtg_30min_thenDecay/mpd_run_data_rctl_980_p22.FLOW.hdf5,2025-12-13 08:35:28.540000-06:00,5598
/global/cfs/cdirs/dune/www/data/2x2/nearline_run2/flowed_light/source_dtg_bin2/two_trig_40us_period_500tick/hv_65kV_beamC_25uA/dtg_30min_thenDecay/mpd_run_data_rctl_980_p23.FLOW.hdf5,2025-12-13 08:36:29.350000-06:00,5696
/global/cfs/cdirs/dune/www/data/2x2/nearline_run2/flowed_light/source_dtg_bin2/two_trig_40us_period_500tick/hv_65kV_beamC_25uA/dtg_30min_thenDecay/mpd_run_data_rctl_980_p24.FLOW.hdf5,2025-12-13 08:37:30.062000-06:00,5646
/global/cfs/cdirs/dune/www/data/2x2/nearline_run2/flowed_light/source_dtg_bin2/two_trig_40us_period_500tick/hv_65kV_beamC_25uA/dtg_30min_thenDecay/mpd_run_data_rctl_980_p25.FLOW.hdf5,2025-12-13 08:38:30.883000-06:00,5844
/global/cfs/cdirs/dune/www/data/2x2/nearline_run2/flowed_light/source_dtg_bin2/two_trig_40us_period_500tick/hv_65kV_beamC_25uA/dtg_30min_thenDecay/mpd_run_data_rctl_980_p26.FLOW.hdf5,2025-12-13 08:39:31.606000-06:00,5682
/global/cfs/cdirs/dune/www/data/2x2/nearline_run2/flowed_light/source_dtg_bin2/two_trig_40us_period_500tick/hv_65kV_beamC_25uA/dtg_30min_thenDecay/mpd_run_data_rctl_980_p27.FLOW.hdf5,2025-12-13 08:40:32.346000-06:00,5853
/global/cfs/cdirs/dune/www/data/2x2/nearline_run2/flowed_light/source_dtg_bin2/two_trig_40us_period_500tick/hv_65kV_beamC_25uA/dtg_30min_thenDecay/mpd_run_data_rctl_980_p28.FLOW.hdf5,2025-12-13 08:41:33.110000-06:00,5722
/global/cfs/cdirs/dune/www/data/2x2/nearline_run2/flowed_light/source_dtg_bin2/two_trig_40us_period_500tick/hv_65kV_beamC_25uA/dtg_30min_thenDecay/mpd_run_data_rctl_980_p29.FLOW.hdf5,2025-12-13 08:42:33.929000-06:00,5725
/global/cfs/cdirs/dune/www/data/2x2/nearline_run2/flowed_light/source_dtg_bin2/two_trig_40us_period_500tick/hv_65kV_beamC_25uA/dtg_30min_thenDecay/mpd_run_data_rctl_980_p30.FLOW.hdf5,2025-12-13 08:43:34.711000-06:00,5809
/global/cfs/cdirs/dune/www/data/2x2/nearline_run2/flowed_light/source_dtg_bin2/two_trig_40us_period_500tick/hv_65kV_beamC_25uA/dtg_30min_thenDecay/mpd_run_data_rctl_980_p31.FLOW.hdf5,2025-12-13 08:44:35.456000-06:00,5849
/global/cfs/cdirs/dune/www/data/2x2/nearline_run2/flowed_light/source_dtg_bin2/two_trig_40us_period_500tick/hv_65kV_beamC_25uA/dtg_30min_thenDecay/mpd_run_data_rctl_980_p32.FLOW.hdf5,2025-12-13 08:45:36.080000-06:00,5913
/global/cfs/cdirs/dune/www/data/2x2/nearline_run2/flowed_light/source_dtg_bin2/two_trig_40us_period_500tick/hv_65kV_beamC_25uA/dtg_30min_thenDecay/mpd_run_data_rctl_980_p33.FLOW.hdf5,2025-12-13 08:46:36.849000-06:00,5674
/global/cfs/cdirs/dune/www/data/2x2/nearline_run2/flowed_light/source_dtg_bin2/two_trig_40us_period_500tick/hv_65kV_beamC_25uA/dtg_30min_thenDecay/mpd_run_data_rctl_980_p34.FLOW.hdf5,2025-12-13 08:47:37.551000-06:00,5772
/global/cfs/cdirs/dune/www/data/2x2/nearline_run2/flowed_light/source_dtg_bin2/two_trig_40us_period_500tick/hv_65kV_beamC_25uA/dtg_30min_thenDecay/mpd_run_data_rctl_980_p35.FLOW.hdf5,2025-12-13 08:48:38.410000-06:00,5686
/global/cfs/cdirs/dune/www/data/2x2/nearline_run2/flowed_light/source_dtg_bin2/two_trig_40us_period_500tick/hv_65kV_beamC_25uA/dtg_30min_thenDecay/mpd_run_data_rctl_980_p36.FLOW.hdf5,2025-12-13 08:49:39.175000-06:00,5775
/global/cfs/cdirs/dune/www/data/2x2/nearline_run2/flowed_light/source_dtg_bin2/two_trig_40us_period_500tick/hv_65kV_beamC_25uA/dtg_30min_thenDecay/mpd_run_data_rctl_980_p37.FLOW.hdf5,2025-12-13 08:50:39.833000-06:00,5792
/global/cfs/cdirs/dune/www/data/2x2/nearline_run2/flowed_light/source_dtg_bin2/two_trig_40us_period_500tick/hv_65kV_beamC_25uA/dtg_30min_thenDecay/mpd_run_data_rctl_980_p38.FLOW.hdf5,2025-12-13 08:51:40.510000-06:00,5720
/global/cfs/cdirs/dune/www/data/2x2/nearline_run2/flowed_light/source_dtg_bin2/two_trig_40us_period_500tick/hv_65kV_beamC_25uA/dtg_30min_thenDecay/mpd_run_data_rctl_980_p39.FLOW.hdf5,2025-12-13 08:52:41.272000-06:00,5704
/global/cfs/cdirs/dune/www/data/2x2/nearline_run2/flowed_light/source_dtg_bin2/two_trig_40us_period_500tick/hv_65kV_beamC_25uA/dtg_30min_thenDecay/mpd_run_data_rctl_980_p40.FLOW.hdf5,2025-12-13 08:53:41.923000-06:00,5819
/global/cfs/cdirs/dune/www/data/2x2/nearline_run2/flowed_light/source_dtg_bin2/two_trig_40us_period_500tick/hv_65kV_beamC_25uA/dtg_30min_thenDecay/mpd_run_data_rctl_980_p41.FLOW.hdf5,2025-12-13 08:54:42.645000-06:00,5735
/global/cfs/cdirs/dune/www/data/2x2/nearline_run2/flowed_light/source_dtg_bin2/two_trig_40us_period_500tick/hv_65kV_beamC_25uA/dtg_30min_thenDecay/mpd_run_data_rctl_980_p42.FLOW.hdf5,2025-12-13 08:55:43.465000-06:00,5701
/global/cfs/cdirs/dune/www/data/2x2/nearline_run2/flowed_light/source_dtg_bin2/two_trig_40us_period_500tick/hv_65kV_beamC_25uA/dtg_30min_thenDecay/mpd_run_data_rctl_980_p43.FLOW.hdf5,2025-12-13 08:56:44.155000-06:00,5856
/global/cfs/cdirs/dune/www/data/2x2/nearline_run2/flowed_light/source_dtg_bin2/two_trig_40us_period_500tick/hv_65kV_beamC_25uA/dtg_30min_thenDecay/mpd_run_data_rctl_980_p44.FLOW.hdf5,2025-12-13 08:57:44.840000-06:00,5684
/global/cfs/cdirs/dune/www/data/2x2/nearline_run2/flowed_light/source_dtg_bin2/two_trig_40us_period_500tick/hv_65kV_beamC_25uA/dtg_30min_thenDecay/mpd_run_data_rctl_980_p45.FLOW.hdf5,2025-12-13 08:58:45.500000-06:00,5773
/global/cfs/cdirs/dune/www/data/2x2/nearline_run2/flowed_light/source_dtg_bin2/two_trig_40us_period_500tick/hv_65kV_beamC_25uA/dtg_30min_thenDecay/mpd_run_data_rctl_980_p46.FLOW.hdf5,2025-12-13 08:59:46.136000-06:00,5597
/global/cfs/cdirs/dune/www/data/2x2/nearline_run2/flowed_light/source_dtg_bin2/two_trig_40us_period_500tick/hv_65kV_beamC_25uA/dtg_30min_thenDecay/mpd_run_data_rctl_980_p47.FLOW.hdf5,2025-12-13 09:00:46.789000-06:00,5727
/global/cfs/cdirs/dune/www/data/2x2/nearline_run2/flowed_light/source_dtg_bin2/two_trig_40us_period_500tick/hv_65kV_beamC_25uA/dtg_30min_thenDecay/mpd_run_data_rctl_980_p48.FLOW.hdf5,2025-12-13 09:01:47.562000-06:00,5802
/global/cfs/cdirs/dune/www/data/2x2/nearline_run2/flowed_light/source_dtg_bin2/two_trig_40us_period_500tick/hv_65kV_beamC_25uA/dtg_30min_thenDecay/mpd_run_data_rctl_980_p49.FLOW.hdf5,2025-12-13 09:02:48.337000-06:00,5660
/global/cfs/cdirs/dune/www/data/2x2/nearline_run2/flowed_light/source_dtg_bin2/two_trig_40us_period_500tick/hv_65kV_beamC_25uA/dtg_30min_thenDecay/mpd_run_data_rctl_980_p50.FLOW.hdf5,2025-12-13 09:03:49.225000-06:00,5619
/global/cfs/cdirs/dune/www/data/2x2/nearline_run2/flowed_light/source_dtg_bin2/two_trig_40us_period_500tick/hv_65kV_beamC_25uA/dtg_30min_thenDecay/mpd_run_data_rctl_980_p51.FLOW.hdf5,2025-12-13 09:04:50.066000-06:00,5704
/global/cfs/cdirs/dune/www/data/2x2/nearline_run2/flowed_light/source_dtg_bin2/two_trig_40us_period_500tick/hv_65kV_beamC_25uA/dtg_30min_thenDecay/mpd_run_data_rctl_980_p52.FLOW.hdf5,2025-12-13 09:05:50.805000-06:00,5771
/global/cfs/cdirs/dune/www/data/2x2/nearline_run2/flowed_light/source_dtg_bin2/two_trig_40us_period_500tick/hv_65kV_beamC_25uA/dtg_30min_thenDecay/mpd_run_data_rctl_980_p53.FLOW.hdf5,2025-12-13 09:06:51.450000-06:00,5633
/global/cfs/cdirs/dune/www/data/2x2/nearline_run2/flowed_light/source_dtg_bin2/two_trig_40us_period_500tick/hv_65kV_beamC_25uA/dtg_30min_thenDecay/mpd_run_data_rctl_980_p54.FLOW.hdf5,2025-12-13 09:07:52.155000-06:00,5732
/global/cfs/cdirs/dune/www/data/2x2/nearline_run2/flowed_light/source_dtg_bin2/two_trig_40us_period_500tick/hv_65kV_beamC_25uA/dtg_30min_thenDecay/mpd_run_data_rctl_980_p55.FLOW.hdf5,2025-12-13 09:08:53.084000-06:00,5646
/global/cfs/cdirs/dune/www/data/2x2/nearline_run2/flowed_light/source_dtg_bin2/two_trig_40us_period_500tick/hv_65kV_beamC_25uA/dtg_30min_thenDecay/mpd_run_data_rctl_980_p56.FLOW.hdf5,2025-12-13 09:09:53.755000-06:00,5685
/global/cfs/cdirs/dune/www/data/2x2/nearline_run2/flowed_light/source_dtg_bin2/two_trig_40us_period_500tick/hv_65kV_beamC_25uA/dtg_30min_thenDecay/mpd_run_data_rctl_980_p57.FLOW.hdf5,2025-12-13 09:10:54.598000-06:00,5498
/global/cfs/cdirs/dune/www/data/2x2/nearline_run2/flowed_light/source_dtg_bin2/two_trig_40us_period_500tick/hv_65kV_beamC_25uA/dtg_30min_thenDecay/mpd_run_data_rctl_980_p58.FLOW.hdf5,2025-12-13 09:11:55.431000-06:00,5573
/global/cfs/cdirs/dune/www/data/2x2/nearline_run2/flowed_light/source_dtg_bin2/two_trig_40us_period_500tick/hv_65kV_beamC_25uA/dtg_30min_thenDecay/mpd_run_data_rctl_980_p59.FLOW.hdf5,2025-12-13 09:12:56.127000-06:00,5788
/global/cfs/cdirs/dune/www/data/2x2/nearline_run2/flowed_light/source_dtg_bin2/two_trig_40us_period_500tick/hv_65kV_beamC_25uA/dtg_30min_thenDecay/mpd_run_data_rctl_980_p60.FLOW.hdf5,2025-12-13 09:13:56.849000-06:00,5627
/global/cfs/cdirs/dune/www/data/2x2/nearline_run2/flowed_light/source_dtg_bin2/two_trig_40us_period_500tick/hv_65kV_beamC_25uA/dtg_30min_thenDecay/mpd_run_data_rctl_980_p61.FLOW.hdf5,2025-12-13 09:14:57.522000-06:00,5614
/global/cfs/cdirs/dune/www/data/2x2/nearline_run2/flowed_light/source_dtg_bin2/two_trig_40us_period_500tick/hv_65kV_beamC_25uA/dtg_30min_thenDecay/mpd_run_data_rctl_980_p62.FLOW.hdf5,2025-12-13 09:15:58.230000-06:00,5774
/global/cfs/cdirs/dune/www/data/2x2/nearline_run2/flowed_light/source_dtg_bin2/two_trig_40us_period_500tick/hv_65kV_beamC_25uA/dtg_30min_thenDecay/mpd_run_data_rctl_980_p63.FLOW.hdf5,2025-12-13 09:16:59.044000-06:00,5706
/global/cfs/cdirs/dune/www/data/2x2/nearline_run2/flowed_light/source_dtg_bin2/two_trig_40us_period_500tick/hv_65kV_beamC_25uA/dtg_30min_thenDecay/mpd_run_data_rctl_980_p64.FLOW.hdf5,2025-12-13 09:17:59.685000-06:00,5683
/global/cfs/cdirs/dune/www/data/2x2/nearline_run2/flowed_light/source_dtg_bin2/two_trig_40us_period_500tick/hv_65kV_beamC_25uA/dtg_30min_thenDecay/mpd_run_data_rctl_980_p65.FLOW.hdf5,2025-12-13 09:19:00.445000-06:00,5636
/global/cfs/cdirs/dune/www/data/2x2/nearline_run2/flowed_light/source_dtg_bin2/two_trig_40us_period_500tick/hv_65kV_beamC_25uA/dtg_30min_thenDecay/mpd_run_data_rctl_980_p66.FLOW.hdf5,2025-12-13 09:20:01.145000-06:00,5687
/global/cfs/cdirs/dune/www/data/2x2/nearline_run2/flowed_light/source_dtg_bin2/two_trig_40us_period_500tick/hv_65kV_beamC_25uA/dtg_30min_thenDecay/mpd_run_data_rctl_980_p67.FLOW.hdf5,2025-12-13 09:21:01.811000-06:00,5685
/global/cfs/cdirs/dune/www/data/2x2/nearline_run2/flowed_light/source_dtg_bin2/two_trig_40us_period_500tick/hv_65kV_beamC_25uA/dtg_30min_thenDecay/mpd_run_data_rctl_980_p68.FLOW.hdf5,2025-12-13 09:22:02.583000-06:00,5561
/global/cfs/cdirs/dune/www/data/2x2/nearline_run2/flowed_light/source_dtg_bin2/two_trig_40us_period_500tick/hv_65kV_beamC_25uA/dtg_30min_thenDecay/mpd_run_data_rctl_980_p69.FLOW.hdf5,2025-12-13 09:23:03.388000-06:00,5691
/global/cfs/cdirs/dune/www/data/2x2/nearline_run2/flowed_light/source_dtg_bin2/two_trig_40us_period_500tick/hv_65kV_beamC_25uA/dtg_30min_thenDecay/mpd_run_data_rctl_980_p70.FLOW.hdf5,2025-12-13 09:24:04.157000-06:00,5650
/global/cfs/cdirs/dune/www/data/2x2/nearline_run2/flowed_light/source_dtg_bin2/two_trig_40us_period_500tick/hv_65kV_beamC_25uA/dtg_30min_thenDecay/mpd_run_data_rctl_980_p71.FLOW.hdf5,2025-12-13 09:25:04.946000-06:00,5628
/global/cfs/cdirs/dune/www/data/2x2/nearline_run2/flowed_light/source_dtg_bin2/two_trig_40us_period_500tick/hv_65kV_beamC_25uA/dtg_30min_thenDecay/mpd_run_data_rctl_980_p72.FLOW.hdf5,2025-12-13 09:26:05.683000-06:00,5694
/global/cfs/cdirs/dune/www/data/2x2/nearline_run2/flowed_light/source_dtg_bin2/two_trig_40us_period_500tick/hv_65kV_beamC_25uA/dtg_30min_thenDecay/mpd_run_data_rctl_980_p73.FLOW.hdf5,2025-12-13 09:27:06.396000-06:00,5554
/global/cfs/cdirs/dune/www/data/2x2/nearline_run2/flowed_light/source_dtg_bin2/two_trig_40us_period_500tick/hv_65kV_beamC_25uA/dtg_30min_thenDecay/mpd_run_data_rctl_980_p74.FLOW.hdf5,2025-12-13 09:28:07.198000-06:00,5666
/global/cfs/cdirs/dune/www/data/2x2/nearline_run2/flowed_light/source_dtg_bin2/two_trig_40us_period_500tick/hv_65kV_beamC_25uA/dtg_30min_thenDecay/mpd_run_data_rctl_980_p75.FLOW.hdf5,2025-12-13 09:29:07.951000-06:00,5571
/global/cfs/cdirs/dune/www/data/2x2/nearline_run2/flowed_light/source_dtg_bin2/two_trig_40us_period_500tick/hv_65kV_beamC_25uA/dtg_30min_thenDecay/mpd_run_data_rctl_980_p76.FLOW.hdf5,2025-12-13 09:30:08.750000-06:00,5707
/global/cfs/cdirs/dune/www/data/2x2/nearline_run2/flowed_light/source_dtg_bin2/two_trig_40us_period_500tick/hv_65kV_beamC_25uA/dtg_30min_thenDecay/mpd_run_data_rctl_980_p77.FLOW.hdf5,2025-12-13 09:31:09.496000-06:00,5560
/global/cfs/cdirs/dune/www/data/2x2/nearline_run2/flowed_light/source_dtg_bin2/two_trig_40us_period_500tick/hv_65kV_beamC_25uA/dtg_30min_thenDecay/mpd_run_data_rctl_980_p78.FLOW.hdf5,2025-12-13 09:32:10.101000-06:00,5625
/global/cfs/cdirs/dune/www/data/2x2/nearline_run2/flowed_light/source_dtg_bin2/two_trig_40us_period_500tick/hv_65kV_beamC_25uA/dtg_30min_thenDecay/mpd_run_data_rctl_980_p79.FLOW.hdf5,2025-12-13 09:33:10.893000-06:00,5613
/global/cfs/cdirs/dune/www/data/2x2/nearline_run2/flowed_light/source_dtg_bin2/two_trig_40us_period_500tick/hv_65kV_beamC_25uA/dtg_30min_thenDecay/mpd_run_data_rctl_980_p80.FLOW.hdf5,2025-12-13 09:34:11.599000-06:00,5567
/global/cfs/cdirs/dune/www/data/2x2/nearline_run2/flowed_light/source_dtg_bin2/two_trig_40us_period_500tick/hv_65kV_beamC_25uA/dtg_30min_thenDecay/mpd_run_data_rctl_980_p81.FLOW.hdf5,2025-12-13 09:35:12.392000-06:00,5597
/global/cfs/cdirs/dune/www/data/2x2/nearline_run2/flowed_light/source_dtg_bin2/two_trig_40us_period_500tick/hv_65kV_beamC_25uA/dtg_30min_thenDecay/mpd_run_data_rctl_980_p82.FLOW.hdf5,2025-12-13 09:36:13.148000-06:00,5586
/global/cfs/cdirs/dune/www/data/2x2/nearline_run2/flowed_light/source_dtg_bin2/two_trig_40us_period_500tick/hv_65kV_beamC_25uA/dtg_30min_thenDecay/mpd_run_data_rctl_980_p83.FLOW.hdf5,2025-12-13 09:37:13.883000-06:00,5773
/global/cfs/cdirs/dune/www/data/2x2/nearline_run2/flowed_light/source_dtg_bin2/two_trig_40us_period_500tick/hv_65kV_beamC_25uA/dtg_30min_thenDecay/mpd_run_data_rctl_980_p84.FLOW.hdf5,2025-12-13 09:38:14.739000-06:00,5546
/global/cfs/cdirs/dune/www/data/2x2/nearline_run2/flowed_light/source_dtg_bin2/two_trig_40us_period_500tick/hv_65kV_beamC_25uA/dtg_30min_thenDecay/mpd_run_data_rctl_980_p85.FLOW.hdf5,2025-12-13 09:39:15.446000-06:00,5520
/global/cfs/cdirs/dune/www/data/2x2/nearline_run2/flowed_light/source_dtg_bin2/two_trig_40us_period_500tick/hv_65kV_beamC_25uA/dtg_30min_thenDecay/mpd_run_data_rctl_980_p86.FLOW.hdf5,2025-12-13 09:40:16.217000-06:00,5507
/global/cfs/cdirs/dune/www/data/2x2/nearline_run2/flowed_light/source_dtg_bin2/two_trig_40us_period_500tick/hv_65kV_beamC_25uA/dtg_30min_thenDecay/mpd_run_data_rctl_980_p87.FLOW.hdf5,2025-12-13 09:41:16.904000-06:00,5638
/global/cfs/cdirs/dune/www/data/2x2/nearline_run2/flowed_light/source_dtg_bin2/two_trig_40us_period_500tick/hv_65kV_beamC_25uA/dtg_30min_thenDecay/mpd_run_data_rctl_980_p88.FLOW.hdf5,2025-12-13 09:42:17.742000-06:00,5479
/global/cfs/cdirs/dune/www/data/2x2/nearline_run2/flowed_light/source_dtg_bin2/two_trig_40us_period_500tick/hv_65kV_beamC_25uA/dtg_30min_thenDecay/mpd_run_data_rctl_980_p89.FLOW.hdf5,2025-12-13 09:43:18.564000-06:00,5612
/global/cfs/cdirs/dune/www/data/2x2/nearline_run2/flowed_light/source_dtg_bin2/two_trig_40us_period_500tick/hv_65kV_beamC_25uA/dtg_30min_thenDecay/mpd_run_data_rctl_980_p90.FLOW.hdf5,2025-12-13 09:44:19.321000-06:00,5645
/global/cfs/cdirs/dune/www/data/2x2/nearline_run2/flowed_light/source_dtg_bin2/two_trig_40us_period_500tick/hv_65kV_beamC_25uA/dtg_30min_thenDecay/mpd_run_data_rctl_980_p91.FLOW.hdf5,2025-12-13 09:45:20.093000-06:00,5770
/global/cfs/cdirs/dune/www/data/2x2/nearline_run2/flowed_light/source_dtg_bin2/two_trig_40us_period_500tick/hv_65kV_beamC_25uA/dtg_30min_thenDecay/mpd_run_data_rctl_980_p92.FLOW.hdf5,2025-12-13 09:46:20.858000-06:00,5695
/global/cfs/cdirs/dune/www/data/2x2/nearline_run2/flowed_light/source_dtg_bin2/two_trig_40us_period_500tick/hv_65kV_beamC_25uA/dtg_30min_thenDecay/mpd_run_data_rctl_980_p93.FLOW.hdf5,2025-12-13 09:47:21.560000-06:00,5691
/global/cfs/cdirs/dune/www/data/2x2/nearline_run2/flowed_light/source_dtg_bin2/two_trig_40us_period_500tick/hv_65kV_beamC_25uA/dtg_30min_thenDecay/mpd_run_data_rctl_980_p94.FLOW.hdf5,2025-12-13 09:48:22.301000-06:00,5574
/global/cfs/cdirs/dune/www/data/2x2/nearline_run2/flowed_light/source_dtg_bin2/two_trig_40us_period_500tick/hv_65kV_beamC_25uA/dtg_30min_thenDecay/mpd_run_data_rctl_980_p95.FLOW.hdf5,2025-12-13 09:49:23.072000-06:00,5652
/global/cfs/cdirs/dune/www/data/2x2/nearline_run2/flowed_light/source_dtg_bin2/two_trig_40us_period_500tick/hv_65kV_beamC_25uA/dtg_30min_thenDecay/mpd_run_data_rctl_980_p96.FLOW.hdf5,2025-12-13 09:50:23.875000-06:00,5400
/global/cfs/cdirs/dune/www/data/2x2/nearline_run2/flowed_light/source_dtg_bin2/two_trig_40us_period_500tick/hv_65kV_beamC_25uA/dtg_30min_thenDecay/mpd_run_data_rctl_980_p97.FLOW.hdf5,2025-12-13 09:51:24.752000-06:00,5768
/global/cfs/cdirs/dune/www/data/2x2/nearline_run2/flowed_light/source_dtg_bin2/two_trig_40us_period_500tick/hv_65kV_beamC_25uA/dtg_30min_thenDecay/mpd_run_data_rctl_980_p98.FLOW.hdf5,2025-12-13 09:52:25.515000-06:00,5607
/global/cfs/cdirs/dune/www/data/2x2/nearline_run2/flowed_light/source_dtg_bin2/two_trig_40us_period_500tick/hv_65kV_beamC_25uA/dtg_30min_thenDecay/mpd_run_data_rctl_980_p99.FLOW.hdf5,2025-12-13 09:53:26.268000-06:00,5557
/global/cfs/cdirs/dune/www/data/2x2/nearline_run2/flowed_light/source_dtg_bin2/two_trig_40us_period_500tick/hv_65kV_beamC_25uA/dtg_30min_thenDecay/mpd_run_data_rctl_980_p100.FLOW.hdf5,2025-12-13 09:54:27.079000-06:00,5618
/global/cfs/cdirs/dune/www/data/2x2/nearline_run2/flowed_light/source_dtg_bin2/two_trig_40us_period_500tick/hv_65kV_beamC_25uA/dtg_30min_thenDecay/mpd_run_data_rctl_980_p101.FLOW.hdf5,2025-12-13 09:55:27.836000-06:00,5507
/global/cfs/cdirs/dune/www/data/2x2/nearline_run2/flowed_light/source_dtg_bin2/two_trig_40us_period_500tick/hv_65kV_beamC_25uA/dtg_30min_thenDecay/mpd_run_data_rctl_980_p102.FLOW.hdf5,2025-12-13 09:56:28.593000-06:00,5521
/global/cfs/cdirs/dune/www/data/2x2/nearline_run2/flowed_light/source_dtg_bin2/two_trig_40us_period_500tick/hv_65kV_beamC_25uA/dtg_30min_thenDecay/mpd_run_data_rctl_980_p103.FLOW.hdf5,2025-12-13 09:57:29.304000-06:00,5677
/global/cfs/cdirs/dune/www/data/2x2/nearline_run2/flowed_light/source_dtg_bin2/two_trig_40us_period_500tick/hv_65kV_beamC_25uA/dtg_30min_thenDecay/mpd_run_data_rctl_980_p104.FLOW.hdf5,2025-12-13 09:58:30.086000-06:00,5640
/global/cfs/cdirs/dune/www/data/2x2/nearline_run2/flowed_light/source_dtg_bin2/two_trig_40us_period_500tick/hv_65kV_beamC_25uA/dtg_30min_thenDecay/mpd_run_data_rctl_980_p105.FLOW.hdf5,2025-12-13 09:59:30.784000-06:00,5609
/global/cfs/cdirs/dune/www/data/2x2/nearline_run2/flowed_light/source_dtg_bin2/two_trig_40us_period_500tick/hv_65kV_beamC_25uA/dtg_30min_thenDecay/mpd_run_data_rctl_980_p106.FLOW.hdf5,2025-12-13 10:00:31.654000-06:00,5546
/global/cfs/cdirs/dune/www/data/2x2/nearline_run2/flowed_light/source_dtg_bin2/two_trig_40us_period_500tick/hv_65kV_beamC_25uA/dtg_30min_thenDecay/mpd_run_data_rctl_980_p107.FLOW.hdf5,2025-12-13 10:01:32.472000-06:00,5635
/global/cfs/cdirs/dune/www/data/2x2/nearline_run2/flowed_light/source_dtg_bin2/two_trig_40us_period_500tick/hv_65kV_beamC_25uA/dtg_30min_thenDecay/mpd_run_data_rctl_980_p108.FLOW.hdf5,2025-12-13 10:02:33.114000-06:00,5487
/global/cfs/cdirs/dune/www/data/2x2/nearline_run2/flowed_light/source_dtg_bin2/two_trig_40us_period_500tick/hv_65kV_beamC_25uA/dtg_30min_thenDecay/mpd_run_data_rctl_980_p109.FLOW.hdf5,2025-12-13 10:03:33.943000-06:00,5584
/global/cfs/cdirs/dune/www/data/2x2/nearline_run2/flowed_light/source_dtg_bin2/two_trig_40us_period_500tick/hv_65kV_beamC_25uA/dtg_30min_thenDecay/mpd_run_data_rctl_980_p110.FLOW.hdf5,2025-12-13 10:04:34.653000-06:00,5665
/global/cfs/cdirs/dune/www/data/2x2/nearline_run2/flowed_light/source_dtg_bin2/two_trig_40us_period_500tick/hv_65kV_beamC_25uA/dtg_30min_thenDecay/mpd_run_data_rctl_980_p111.FLOW.hdf5,2025-12-13 10:05:35.614000-06:00,5572
/global/cfs/cdirs/dune/www/data/2x2/nearline_run2/flowed_light/source_dtg_bin2/two_trig_40us_period_500tick/hv_65kV_beamC_25uA/dtg_30min_thenDecay/mpd_run_data_rctl_980_p112.FLOW.hdf5,2025-12-13 10:06:36.279000-06:00,5515
/global/cfs/cdirs/dune/www/data/2x2/nearline_run2/flowed_light/source_dtg_bin2/two_trig_40us_period_500tick/hv_65kV_beamC_25uA/dtg_30min_thenDecay/mpd_run_data_rctl_980_p113.FLOW.hdf5,2025-12-13 10:07:37.001000-06:00,5512
/global/cfs/cdirs/dune/www/data/2x2/nearline_run2/flowed_light/source_dtg_bin2/two_trig_40us_period_500tick/hv_65kV_beamC_25uA/dtg_30min_thenDecay/mpd_run_data_rctl_980_p114.FLOW.hdf5,2025-12-13 10:08:37.776000-06:00,5603
/global/cfs/cdirs/dune/www/data/2x2/nearline_run2/flowed_light/source_dtg_bin2/two_trig_40us_period_500tick/hv_65kV_beamC_25uA/dtg_30min_thenDecay/mpd_run_data_rctl_980_p115.FLOW.hdf5,2025-12-13 10:09:38.490000-06:00,5548
/global/cfs/cdirs/dune/www/data/2x2/nearline_run2/flowed_light/source_dtg_bin2/two_trig_40us_period_500tick/hv_65kV_beamC_25uA/dtg_30min_thenDecay/mpd_run_data_rctl_980_p116.FLOW.hdf5,2025-12-13 10:10:39.325000-06:00,5563
/global/cfs/cdirs/dune/www/data/2x2/nearline_run2/flowed_light/source_dtg_bin2/two_trig_40us_period_500tick/hv_65kV_beamC_25uA/dtg_30min_thenDecay/mpd_run_data_rctl_980_p117.FLOW.hdf5,2025-12-13 10:11:40.054000-06:00,5715
/global/cfs/cdirs/dune/www/data/2x2/nearline_run2/flowed_light/source_dtg_bin2/two_trig_40us_period_500tick/hv_65kV_beamC_25uA/dtg_30min_thenDecay/mpd_run_data_rctl_980_p118.FLOW.hdf5,2025-12-13 10:12:40.917000-06:00,5566
/global/cfs/cdirs/dune/www/data/2x2/nearline_run2/flowed_light/source_dtg_bin2/two_trig_40us_period_500tick/hv_65kV_beamC_25uA/dtg_30min_thenDecay/mpd_run_data_rctl_980_p119.FLOW.hdf5,2025-12-13 10:13:41.668000-06:00,5716
/global/cfs/cdirs/dune/www/data/2x2/nearline_run2/flowed_light/source_dtg_bin2/two_trig_40us_period_500tick/hv_65kV_beamC_25uA/dtg_30min_thenDecay/mpd_run_data_rctl_980_p120.FLOW.hdf5,2025-12-13 10:14:42.438000-06:00,5623
/global/cfs/cdirs/dune/www/data/2x2/nearline_run2/flowed_light/source_dtg_bin2/two_trig_40us_period_500tick/hv_65kV_beamC_25uA/dtg_30min_thenDecay/mpd_run_data_rctl_980_p121.FLOW.hdf5,2025-12-13 10:15:43.195000-06:00,5576
/global/cfs/cdirs/dune/www/data/2x2/nearline_run2/flowed_light/source_dtg_bin2/two_trig_40us_period_500tick/hv_65kV_beamC_25uA/dtg_30min_thenDecay/mpd_run_data_rctl_980_p122.FLOW.hdf5,2025-12-13 10:16:43.948000-06:00,5568
/global/cfs/cdirs/dune/www/data/2x2/nearline_run2/flowed_light/source_dtg_bin2/two_trig_40us_period_500tick/hv_65kV_beamC_25uA/dtg_30min_thenDecay/mpd_run_data_rctl_980_p123.FLOW.hdf5,2025-12-13 10:17:44.704000-06:00,5639
/global/cfs/cdirs/dune/www/data/2x2/nearline_run2/flowed_light/source_dtg_bin2/two_trig_40us_period_500tick/hv_65kV_beamC_25uA/dtg_30min_thenDecay/mpd_run_data_rctl_980_p124.FLOW.hdf5,2025-12-13 10:18:45.482000-06:00,5545
/global/cfs/cdirs/dune/www/data/2x2/nearline_run2/flowed_light/source_dtg_bin2/two_trig_40us_period_500tick/hv_65kV_beamC_25uA/dtg_30min_thenDecay/mpd_run_data_rctl_980_p125.FLOW.hdf5,2025-12-13 10:19:46.254000-06:00,5520
/global/cfs/cdirs/dune/www/data/2x2/nearline_run2/flowed_light/source_dtg_bin2/two_trig_40us_period_500tick/hv_65kV_beamC_25uA/dtg_30min_thenDecay/mpd_run_data_rctl_980_p126.FLOW.hdf5,2025-12-13 10:20:46.976000-06:00,5616
/global/cfs/cdirs/dune/www/data/2x2/nearline_run2/flowed_light/source_dtg_bin2/two_trig_40us_period_500tick/hv_65kV_beamC_25uA/dtg_30min_thenDecay/mpd_run_data_rctl_980_p127.FLOW.hdf5,2025-12-13 10:21:47.703000-06:00,5418
/global/cfs/cdirs/dune/www/data/2x2/nearline_run2/flowed_light/source_dtg_bin2/two_trig_40us_period_500tick/hv_65kV_beamC_25uA/dtg_30min_thenDecay/mpd_run_data_rctl_980_p128.FLOW.hdf5,2025-12-13 10:22:48.499000-06:00,5401
/global/cfs/cdirs/dune/www/data/2x2/nearline_run2/flowed_light/source_dtg_bin2/two_trig_40us_period_500tick/hv_65kV_beamC_25uA/dtg_30min_thenDecay/mpd_run_data_rctl_980_p129.FLOW.hdf5,2025-12-13 10:23:49.309000-06:00,5549
/global/cfs/cdirs/dune/www/data/2x2/nearline_run2/flowed_light/source_dtg_bin2/two_trig_40us_period_500tick/hv_65kV_beamC_25uA/dtg_30min_thenDecay/mpd_run_data_rctl_980_p130.FLOW.hdf5,2025-12-13 10:24:50.017000-06:00,5627
/global/cfs/cdirs/dune/www/data/2x2/nearline_run2/flowed_light/source_dtg_bin2/two_trig_40us_period_500tick/hv_65kV_beamC_25uA/dtg_30min_thenDecay/mpd_run_data_rctl_980_p131.FLOW.hdf5,2025-12-13 10:25:50.846000-06:00,5453
/global/cfs/cdirs/dune/www/data/2x2/nearline_run2/flowed_light/source_dtg_bin2/two_trig_40us_period_500tick/hv_65kV_beamC_25uA/dtg_30min_thenDecay/mpd_run_data_rctl_980_p132.FLOW.hdf5,2025-12-13 10:26:51.669000-06:00,5478
/global/cfs/cdirs/dune/www/data/2x2/nearline_run2/flowed_light/source_dtg_bin2/two_trig_40us_period_500tick/hv_65kV_beamC_25uA/dtg_30min_thenDecay/mpd_run_data_rctl_980_p133.FLOW.hdf5,2025-12-13 10:27:52.354000-06:00,5474
/global/cfs/cdirs/dune/www/data/2x2/nearline_run2/flowed_light/source_dtg_bin2/two_trig_40us_period_500tick/hv_65kV_beamC_25uA/dtg_30min_thenDecay/mpd_run_data_rctl_980_p134.FLOW.hdf5,2025-12-13 10:28:53.134000-06:00,5539
/global/cfs/cdirs/dune/www/data/2x2/nearline_run2/flowed_light/source_dtg_bin2/two_trig_40us_period_500tick/hv_65kV_beamC_25uA/dtg_30min_thenDecay/mpd_run_data_rctl_980_p135.FLOW.hdf5,2025-12-13 10:29:53.791000-06:00,5412
/global/cfs/cdirs/dune/www/data/2x2/nearline_run2/flowed_light/source_dtg_bin2/two_trig_40us_period_500tick/hv_65kV_beamC_25uA/dtg_30min_thenDecay/mpd_run_data_rctl_980_p136.FLOW.hdf5,2025-12-13 10:30:54.506000-06:00,5446
/global/cfs/cdirs/dune/www/data/2x2/nearline_run2/flowed_light/source_dtg_bin2/two_trig_40us_period_500tick/hv_65kV_beamC_25uA/dtg_30min_thenDecay/mpd_run_data_rctl_980_p137.FLOW.hdf5,2025-12-13 10:31:55.074000-06:00,5595
/global/cfs/cdirs/dune/www/data/2x2/nearline_run2/flowed_light/source_dtg_bin2/two_trig_40us_period_500tick/hv_65kV_beamC_25uA/dtg_30min_thenDecay/mpd_run_data_rctl_980_p138.FLOW.hdf5,2025-12-13 10:32:55.840000-06:00,5580
/global/cfs/cdirs/dune/www/data/2x2/nearline_run2/flowed_light/source_dtg_bin2/two_trig_40us_period_500tick/hv_65kV_beamC_25uA/dtg_30min_thenDecay/mpd_run_data_rctl_980_p139.FLOW.hdf5,2025-12-13 10:33:56.533000-06:00,5508
/global/cfs/cdirs/dune/www/data/2x2/nearline_run2/flowed_light/source_dtg_bin2/two_trig_40us_period_500tick/hv_65kV_beamC_25uA/dtg_30min_thenDecay/mpd_run_data_rctl_980_p140.FLOW.hdf5,2025-12-13 10:34:57.315000-06:00,5646
/global/cfs/cdirs/dune/www/data/2x2/nearline_run2/flowed_light/source_dtg_bin2/two_trig_40us_period_500tick/hv_65kV_beamC_25uA/dtg_30min_thenDecay/mpd_run_data_rctl_980_p141.FLOW.hdf5,2025-12-13 10:35:58.090000-06:00,5711
/global/cfs/cdirs/dune/www/data/2x2/nearline_run2/flowed_light/source_dtg_bin2/two_trig_40us_period_500tick/hv_65kV_beamC_25uA/dtg_30min_thenDecay/mpd_run_data_rctl_980_p142.FLOW.hdf5,2025-12-13 10:36:58.811000-06:00,5546
/global/cfs/cdirs/dune/www/data/2x2/nearline_run2/flowed_light/source_dtg_bin2/two_trig_40us_period_500tick/hv_65kV_beamC_25uA/dtg_30min_thenDecay/mpd_run_data_rctl_980_p143.FLOW.hdf5,2025-12-13 10:37:59.610000-06:00,5486
/global/cfs/cdirs/dune/www/data/2x2/nearline_run2/flowed_light/source_dtg_bin2/two_trig_40us_period_500tick/hv_65kV_beamC_25uA/dtg_30min_thenDecay/mpd_run_data_rctl_980_p144.FLOW.hdf5,2025-12-13 10:39:00.297000-06:00,5493
/global/cfs/cdirs/dune/www/data/2x2/nearline_run2/flowed_light/source_dtg_bin2/two_trig_40us_period_500tick/hv_65kV_beamC_25uA/dtg_30min_thenDecay/mpd_run_data_rctl_980_p145.FLOW.hdf5,2025-12-13 10:40:00.964000-06:00,5605
/global/cfs/cdirs/dune/www/data/2x2/nearline_run2/flowed_light/source_dtg_bin2/two_trig_40us_period_500tick/hv_65kV_beamC_25uA/dtg_30min_thenDecay/mpd_run_data_rctl_980_p146.FLOW.hdf5,2025-12-13 10:41:01.865000-06:00,5379
/global/cfs/cdirs/dune/www/data/2x2/nearline_run2/flowed_light/source_dtg_bin2/two_trig_40us_period_500tick/hv_65kV_beamC_25uA/dtg_30min_thenDecay/mpd_run_data_rctl_980_p147.FLOW.hdf5,2025-12-13 10:42:02.661000-06:00,5592
/global/cfs/cdirs/dune/www/data/2x2/nearline_run2/flowed_light/source_dtg_bin2/two_trig_40us_period_500tick/hv_65kV_beamC_25uA/dtg_30min_thenDecay/mpd_run_data_rctl_980_p148.FLOW.hdf5,2025-12-13 10:43:03.424000-06:00,5562
/global/cfs/cdirs/dune/www/data/2x2/nearline_run2/flowed_light/source_dtg_bin2/two_trig_40us_period_500tick/hv_65kV_beamC_25uA/dtg_30min_thenDecay/mpd_run_data_rctl_980_p149.FLOW.hdf5,2025-12-13 10:44:04.202000-06:00,5542
/global/cfs/cdirs/dune/www/data/2x2/nearline_run2/flowed_light/source_dtg_bin2/two_trig_40us_period_500tick/hv_65kV_beamC_25uA/dtg_30min_thenDecay/mpd_run_data_rctl_980_p150.FLOW.hdf5,2025-12-13 10:45:04.918000-06:00,5608
/global/cfs/cdirs/dune/www/data/2x2/nearline_run2/flowed_light/source_dtg_bin2/two_trig_40us_period_500tick/hv_65kV_beamC_25uA/dtg_30min_thenDecay/mpd_run_data_rctl_980_p151.FLOW.hdf5,2025-12-13 10:46:05.647000-06:00,5547
/global/cfs/cdirs/dune/www/data/2x2/nearline_run2/flowed_light/source_dtg_bin2/two_trig_40us_period_500tick/hv_65kV_beamC_25uA/dtg_30min_thenDecay/mpd_run_data_rctl_980_p152.FLOW.hdf5,2025-12-13 10:47:06.345000-06:00,5546
/global/cfs/cdirs/dune/www/data/2x2/nearline_run2/flowed_light/source_dtg_bin2/two_trig_40us_period_500tick/hv_65kV_beamC_25uA/dtg_30min_thenDecay/mpd_run_data_rctl_980_p153.FLOW.hdf5,2025-12-13 10:48:07.141000-06:00,5547
/global/cfs/cdirs/dune/www/data/2x2/nearline_run2/flowed_light/source_dtg_bin2/two_trig_40us_period_500tick/hv_65kV_beamC_25uA/dtg_30min_thenDecay/mpd_run_data_rctl_980_p154.FLOW.hdf5,2025-12-13 10:49:07.966000-06:00,5513
/global/cfs/cdirs/dune/www/data/2x2/nearline_run2/flowed_light/source_dtg_bin2/two_trig_40us_period_500tick/hv_65kV_beamC_25uA/dtg_30min_thenDecay/mpd_run_data_rctl_980_p155.FLOW.hdf5,2025-12-13 10:50:08.884000-06:00,5672
/global/cfs/cdirs/dune/www/data/2x2/nearline_run2/flowed_light/source_dtg_bin2/two_trig_40us_period_500tick/hv_65kV_beamC_25uA/dtg_30min_thenDecay/mpd_run_data_rctl_980_p156.FLOW.hdf5,2025-12-13 10:51:09.571000-06:00,5474
/global/cfs/cdirs/dune/www/data/2x2/nearline_run2/flowed_light/source_dtg_bin2/two_trig_40us_period_500tick/hv_65kV_beamC_25uA/dtg_30min_thenDecay/mpd_run_data_rctl_980_p157.FLOW.hdf5,2025-12-13 10:52:10.387000-06:00,5459
/global/cfs/cdirs/dune/www/data/2x2/nearline_run2/flowed_light/source_dtg_bin2/two_trig_40us_period_500tick/hv_65kV_beamC_25uA/dtg_30min_thenDecay/mpd_run_data_rctl_980_p158.FLOW.hdf5,2025-12-13 10:53:11.129000-06:00,5428
/global/cfs/cdirs/dune/www/data/2x2/nearline_run2/flowed_light/source_dtg_bin2/two_trig_40us_period_500tick/hv_65kV_beamC_25uA/dtg_30min_thenDecay/mpd_run_data_rctl_980_p159.FLOW.hdf5,2025-12-13 10:54:11.799000-06:00,5571
/global/cfs/cdirs/dune/www/data/2x2/nearline_run2/flowed_light/source_dtg_bin2/two_trig_40us_period_500tick/hv_65kV_beamC_25uA/dtg_30min_thenDecay/mpd_run_data_rctl_980_p160.FLOW.hdf5,2025-12-13 10:55:12.573000-06:00,5430
/global/cfs/cdirs/dune/www/data/2x2/nearline_run2/flowed_light/source_dtg_bin2/two_trig_40us_period_500tick/hv_65kV_beamC_25uA/dtg_30min_thenDecay/mpd_run_data_rctl_980_p161.FLOW.hdf5,2025-12-13 10:56:13.505000-06:00,5431
/global/cfs/cdirs/dune/www/data/2x2/nearline_run2/flowed_light/source_dtg_bin2/two_trig_40us_period_500tick/hv_65kV_beamC_25uA/dtg_30min_thenDecay/mpd_run_data_rctl_980_p162.FLOW.hdf5,2025-12-13 10:57:14.251000-06:00,5626
/global/cfs/cdirs/dune/www/data/2x2/nearline_run2/flowed_light/source_dtg_bin2/two_trig_40us_period_500tick/hv_65kV_beamC_25uA/dtg_30min_thenDecay/mpd_run_data_rctl_980_p163.FLOW.hdf5,2025-12-13 10:58:15.095000-06:00,5562
/global/cfs/cdirs/dune/www/data/2x2/nearline_run2/flowed_light/source_dtg_bin2/two_trig_40us_period_500tick/hv_65kV_beamC_25uA/dtg_30min_thenDecay/mpd_run_data_rctl_980_p164.FLOW.hdf5,2025-12-13 10:59:15.778000-06:00,5465
/global/cfs/cdirs/dune/www/data/2x2/nearline_run2/flowed_light/source_dtg_bin2/two_trig_40us_period_500tick/hv_65kV_beamC_25uA/dtg_30min_thenDecay/mpd_run_data_rctl_980_p165.FLOW.hdf5,2025-12-13 11:00:16.620000-06:00,5354
/global/cfs/cdirs/dune/www/data/2x2/nearline_run2/flowed_light/source_dtg_bin2/two_trig_40us_period_500tick/hv_65kV_beamC_25uA/dtg_30min_thenDecay/mpd_run_data_rctl_980_p166.FLOW.hdf5,2025-12-13 11:01:17.431000-06:00,5603
/global/cfs/cdirs/dune/www/data/2x2/nearline_run2/flowed_light/source_dtg_bin2/two_trig_40us_period_500tick/hv_65kV_beamC_25uA/dtg_30min_thenDecay/mpd_run_data_rctl_980_p167.FLOW.hdf5,2025-12-13 11:02:18.055000-06:00,5467
/global/cfs/cdirs/dune/www/data/2x2/nearline_run2/flowed_light/source_dtg_bin2/two_trig_40us_period_500tick/hv_65kV_beamC_25uA/dtg_30min_thenDecay/mpd_run_data_rctl_980_p168.FLOW.hdf5,2025-12-13 11:03:18.810000-06:00,5601
/global/cfs/cdirs/dune/www/data/2x2/nearline_run2/flowed_light/source_dtg_bin2/two_trig_40us_period_500tick/hv_65kV_beamC_25uA/dtg_30min_thenDecay/mpd_run_data_rctl_980_p169.FLOW.hdf5,2025-12-13 11:04:19.615000-06:00,5460
/global/cfs/cdirs/dune/www/data/2x2/nearline_run2/flowed_light/source_dtg_bin2/two_trig_40us_period_500tick/hv_65kV_beamC_25uA/dtg_30min_thenDecay/mpd_run_data_rctl_980_p170.FLOW.hdf5,2025-12-13 11:05:20.261000-06:00,5425
/global/cfs/cdirs/dune/www/data/2x2/nearline_run2/flowed_light/source_dtg_bin2/two_trig_40us_period_500tick/hv_65kV_beamC_25uA/dtg_30min_thenDecay/mpd_run_data_rctl_980_p171.FLOW.hdf5,2025-12-13 11:06:20.972000-06:00,5594
/global/cfs/cdirs/dune/www/data/2x2/nearline_run2/flowed_light/source_dtg_bin2/two_trig_40us_period_500tick/hv_65kV_beamC_25uA/dtg_30min_thenDecay/mpd_run_data_rctl_980_p172.FLOW.hdf5,2025-12-13 11:07:21.682000-06:00,5635
/global/cfs/cdirs/dune/www/data/2x2/nearline_run2/flowed_light/source_dtg_bin2/two_trig_40us_period_500tick/hv_65kV_beamC_25uA/dtg_30min_thenDecay/mpd_run_data_rctl_980_p173.FLOW.hdf5,2025-12-13 11:08:22.448000-06:00,5453
/global/cfs/cdirs/dune/www/data/2x2/nearline_run2/flowed_light/source_dtg_bin2/two_trig_40us_period_500tick/hv_65kV_beamC_25uA/dtg_30min_thenDecay/mpd_run_data_rctl_980_p174.FLOW.hdf5,2025-12-13 11:09:23.254000-06:00,5568
/global/cfs/cdirs/dune/www/data/2x2/nearline_run2/flowed_light/source_dtg_bin2/two_trig_40us_period_500tick/hv_65kV_beamC_25uA/dtg_30min_thenDecay/mpd_run_data_rctl_980_p175.FLOW.hdf5,2025-12-13 11:10:23.945000-06:00,5404
/global/cfs/cdirs/dune/www/data/2x2/nearline_run2/flowed_light/source_dtg_bin2/two_trig_40us_period_500tick/hv_65kV_beamC_25uA/dtg_30min_thenDecay/mpd_run_data_rctl_980_p176.FLOW.hdf5,2025-12-13 11:11:24.829000-06:00,5502
/global/cfs/cdirs/dune/www/data/2x2/nearline_run2/flowed_light/source_dtg_bin2/two_trig_40us_period_500tick/hv_65kV_beamC_25uA/dtg_30min_thenDecay/mpd_run_data_rctl_980_p177.FLOW.hdf5,2025-12-13 11:12:25.530000-06:00,5456
/global/cfs/cdirs/dune/www/data/2x2/nearline_run2/flowed_light/source_dtg_bin2/two_trig_40us_period_500tick/hv_65kV_beamC_25uA/dtg_30min_thenDecay/mpd_run_data_rctl_980_p178.FLOW.hdf5,2025-12-13 11:13:26.411000-06:00,5563
/global/cfs/cdirs/dune/www/data/2x2/nearline_run2/flowed_light/source_dtg_bin2/two_trig_40us_period_500tick/hv_65kV_beamC_25uA/dtg_30min_thenDecay/mpd_run_data_rctl_980_p179.FLOW.hdf5,2025-12-13 11:14:27.228000-06:00,5470
/global/cfs/cdirs/dune/www/data/2x2/nearline_run2/flowed_light/source_dtg_bin2/two_trig_40us_period_500tick/hv_65kV_beamC_25uA/dtg_30min_thenDecay/mpd_run_data_rctl_980_p180.FLOW.hdf5,2025-12-13 11:15:27.983000-06:00,5484
/global/cfs/cdirs/dune/www/data/2x2/nearline_run2/flowed_light/source_dtg_bin2/two_trig_40us_period_500tick/hv_65kV_beamC_25uA/dtg_30min_thenDecay/mpd_run_data_rctl_980_p181.FLOW.hdf5,2025-12-13 11:16:28.685000-06:00,5582
/global/cfs/cdirs/dune/www/data/2x2/nearline_run2/flowed_light/source_dtg_bin2/two_trig_40us_period_500tick/hv_65kV_beamC_25uA/dtg_30min_thenDecay/mpd_run_data_rctl_980_p182.FLOW.hdf5,2025-12-13 11:17:29.355000-06:00,5530
/global/cfs/cdirs/dune/www/data/2x2/nearline_run2/flowed_light/source_dtg_bin2/two_trig_40us_period_500tick/hv_65kV_beamC_25uA/dtg_30min_thenDecay/mpd_run_data_rctl_980_p183.FLOW.hdf5,2025-12-13 11:18:30.135000-06:00,5501
/global/cfs/cdirs/dune/www/data/2x2/nearline_run2/flowed_light/source_dtg_bin2/two_trig_40us_period_500tick/hv_65kV_beamC_25uA/dtg_30min_thenDecay/mpd_run_data_rctl_980_p184.FLOW.hdf5,2025-12-13 11:19:30.777000-06:00,5532
/global/cfs/cdirs/dune/www/data/2x2/nearline_run2/flowed_light/source_dtg_bin2/two_trig_40us_period_500tick/hv_65kV_beamC_25uA/dtg_30min_thenDecay/mpd_run_data_rctl_980_p185.FLOW.hdf5,2025-12-13 11:20:31.453000-06:00,5493
/global/cfs/cdirs/dune/www/data/2x2/nearline_run2/flowed_light/source_dtg_bin2/two_trig_40us_period_500tick/hv_65kV_beamC_25uA/dtg_30min_thenDecay/mpd_run_data_rctl_980_p186.FLOW.hdf5,2025-12-13 11:21:32.255000-06:00,5396
/global/cfs/cdirs/dune/www/data/2x2/nearline_run2/flowed_light/source_dtg_bin2/two_trig_40us_period_500tick/hv_65kV_beamC_25uA/dtg_30min_thenDecay/mpd_run_data_rctl_980_p187.FLOW.hdf5,2025-12-13 11:22:33.059000-06:00,5516
/global/cfs/cdirs/dune/www/data/2x2/nearline_run2/flowed_light/source_dtg_bin2/two_trig_40us_period_500tick/hv_65kV_beamC_25uA/dtg_30min_thenDecay/mpd_run_data_rctl_980_p188.FLOW.hdf5,2025-12-13 11:23:33.818000-06:00,5450
/global/cfs/cdirs/dune/www/data/2x2/nearline_run2/flowed_light/source_dtg_bin2/two_trig_40us_period_500tick/hv_65kV_beamC_25uA/dtg_30min_thenDecay/mpd_run_data_rctl_980_p189.FLOW.hdf5,2025-12-13 11:24:34.581000-06:00,5420
/global/cfs/cdirs/dune/www/data/2x2/nearline_run2/flowed_light/source_dtg_bin2/two_trig_40us_period_500tick/hv_65kV_beamC_25uA/dtg_30min_thenDecay/mpd_run_data_rctl_980_p190.FLOW.hdf5,2025-12-13 11:25:35.300000-06:00,5383
/global/cfs/cdirs/dune/www/data/2x2/nearline_run2/flowed_light/source_dtg_bin2/two_trig_40us_period_500tick/hv_65kV_beamC_25uA/dtg_30min_thenDecay/mpd_run_data_rctl_980_p191.FLOW.hdf5,2025-12-13 11:26:36.040000-06:00,5463
/global/cfs/cdirs/dune/www/data/2x2/nearline_run2/flowed_light/source_dtg_bin2/two_trig_40us_period_500tick/hv_65kV_beamC_25uA/dtg_30min_thenDecay/mpd_run_data_rctl_980_p192.FLOW.hdf5,2025-12-13 11:27:36.830000-06:00,5500
/global/cfs/cdirs/dune/www/data/2x2/nearline_run2/flowed_light/source_dtg_bin2/two_trig_40us_period_500tick/hv_65kV_beamC_25uA/dtg_30min_thenDecay/mpd_run_data_rctl_980_p193.FLOW.hdf5,2025-12-13 11:28:37.547000-06:00,5439
/global/cfs/cdirs/dune/www/data/2x2/nearline_run2/flowed_light/source_dtg_bin2/two_trig_40us_period_500tick/hv_65kV_beamC_25uA/dtg_30min_thenDecay/mpd_run_data_rctl_980_p194.FLOW.hdf5,2025-12-13 11:29:38.306000-06:00,5453
/global/cfs/cdirs/dune/www/data/2x2/nearline_run2/flowed_light/source_dtg_bin2/two_trig_40us_period_500tick/hv_65kV_beamC_25uA/dtg_30min_thenDecay/mpd_run_data_rctl_980_p195.FLOW.hdf5,2025-12-13 11:30:39.002000-06:00,5445
/global/cfs/cdirs/dune/www/data/2x2/nearline_run2/flowed_light/source_dtg_bin2/two_trig_40us_period_500tick/hv_65kV_beamC_25uA/dtg_30min_thenDecay/mpd_run_data_rctl_980_p196.FLOW.hdf5,2025-12-13 11:31:39.747000-06:00,5573
/global/cfs/cdirs/dune/www/data/2x2/nearline_run2/flowed_light/source_dtg_bin2/two_trig_40us_period_500tick/hv_65kV_beamC_25uA/dtg_30min_thenDecay/mpd_run_data_rctl_980_p197.FLOW.hdf5,2025-12-13 11:32:40.550000-06:00,5426
/global/cfs/cdirs/dune/www/data/2x2/nearline_run2/flowed_light/source_dtg_bin2/two_trig_40us_period_500tick/hv_65kV_beamC_25uA/dtg_30min_thenDecay/mpd_run_data_rctl_980_p198.FLOW.hdf5,2025-12-13 11:33:41.514000-06:00,5376
/global/cfs/cdirs/dune/www/data/2x2/nearline_run2/flowed_light/source_dtg_bin2/two_trig_40us_period_500tick/hv_65kV_beamC_25uA/dtg_30min_thenDecay/mpd_run_data_rctl_980_p199.FLOW.hdf5,2025-12-13 11:34:42.178000-06:00,5368
/global/cfs/cdirs/dune/www/data/2x2/nearline_run2/flowed_light/source_dtg_bin2/two_trig_40us_period_500tick/hv_65kV_beamC_25uA/dtg_30min_thenDecay/mpd_run_data_rctl_980_p200.FLOW.hdf5,2025-12-13 11:35:42.956000-06:00,5517
/global/cfs/cdirs/dune/www/data/2x2/nearline_run2/flowed_light/source_dtg_bin2/two_trig_40us_period_500tick/hv_65kV_beamC_25uA/dtg_30min_thenDecay/mpd_run_data_rctl_980_p201.FLOW.hdf5,2025-12-13 11:36:43.575000-06:00,5533
/global/cfs/cdirs/dune/www/data/2x2/nearline_run2/flowed_light/source_dtg_bin2/two_trig_40us_period_500tick/hv_65kV_beamC_25uA/dtg_30min_thenDecay/mpd_run_data_rctl_980_p202.FLOW.hdf5,2025-12-13 11:37:44.346000-06:00,5450
/global/cfs/cdirs/dune/www/data/2x2/nearline_run2/flowed_light/source_dtg_bin2/two_trig_40us_period_500tick/hv_65kV_beamC_25uA/dtg_30min_thenDecay/mpd_run_data_rctl_980_p203.FLOW.hdf5,2025-12-13 11:38:45.155000-06:00,5470
/global/cfs/cdirs/dune/www/data/2x2/nearline_run2/flowed_light/source_dtg_bin2/two_trig_40us_period_500tick/hv_65kV_beamC_25uA/dtg_30min_thenDecay/mpd_run_data_rctl_980_p204.FLOW.hdf5,2025-12-13 11:39:45.952000-06:00,5494
/global/cfs/cdirs/dune/www/data/2x2/nearline_run2/flowed_light/source_dtg_bin2/two_trig_40us_period_500tick/hv_65kV_beamC_25uA/dtg_30min_thenDecay/mpd_run_data_rctl_980_p205.FLOW.hdf5,2025-12-13 11:40:46.688000-06:00,5430
/global/cfs/cdirs/dune/www/data/2x2/nearline_run2/flowed_light/source_dtg_bin2/two_trig_40us_period_500tick/hv_65kV_beamC_25uA/dtg_30min_thenDecay/mpd_run_data_rctl_980_p206.FLOW.hdf5,2025-12-13 11:41:47.551000-06:00,5388
/global/cfs/cdirs/dune/www/data/2x2/nearline_run2/flowed_light/source_dtg_bin2/two_trig_40us_period_500tick/hv_65kV_beamC_25uA/dtg_30min_thenDecay/mpd_run_data_rctl_980_p207.FLOW.hdf5,2025-12-13 11:42:48.376000-06:00,5542
/global/cfs/cdirs/dune/www/data/2x2/nearline_run2/flowed_light/source_dtg_bin2/two_trig_40us_period_500tick/hv_65kV_beamC_25uA/dtg_30min_thenDecay/mpd_run_data_rctl_980_p208.FLOW.hdf5,2025-12-13 11:43:49.030000-06:00,5357
/global/cfs/cdirs/dune/www/data/2x2/nearline_run2/flowed_light/source_dtg_bin2/two_trig_40us_period_500tick/hv_65kV_beamC_25uA/dtg_30min_thenDecay/mpd_run_data_rctl_980_p209.FLOW.hdf5,2025-12-13 11:44:49.795000-06:00,5418
/global/cfs/cdirs/dune/www/data/2x2/nearline_run2/flowed_light/source_dtg_bin2/two_trig_40us_period_500tick/hv_65kV_beamC_25uA/dtg_30min_thenDecay/mpd_run_data_rctl_980_p210.FLOW.hdf5,2025-12-13 11:45:50.686000-06:00,5337
/global/cfs/cdirs/dune/www/data/2x2/nearline_run2/flowed_light/source_dtg_bin2/two_trig_40us_period_500tick/hv_65kV_beamC_25uA/dtg_30min_thenDecay/mpd_run_data_rctl_980_p211.FLOW.hdf5,2025-12-13 11:46:51.623000-06:00,5393
/global/cfs/cdirs/dune/www/data/2x2/nearline_run2/flowed_light/source_dtg_bin2/two_trig_40us_period_500tick/hv_65kV_beamC_25uA/dtg_30min_thenDecay/mpd_run_data_rctl_980_p212.FLOW.hdf5,2025-12-13 11:47:52.167000-06:00,5374
/global/cfs/cdirs/dune/www/data/2x2/nearline_run2/flowed_light/source_dtg_bin2/two_trig_40us_period_500tick/hv_65kV_beamC_25uA/dtg_30min_thenDecay/mpd_run_data_rctl_980_p213.FLOW.hdf5,2025-12-13 11:48:53.005000-06:00,5385
/global/cfs/cdirs/dune/www/data/2x2/nearline_run2/flowed_light/source_dtg_bin2/two_trig_40us_period_500tick/hv_65kV_beamC_25uA/dtg_30min_thenDecay/mpd_run_data_rctl_980_p214.FLOW.hdf5,2025-12-13 11:49:53.741000-06:00,5334
/global/cfs/cdirs/dune/www/data/2x2/nearline_run2/flowed_light/source_dtg_bin2/two_trig_40us_period_500tick/hv_65kV_beamC_25uA/dtg_30min_thenDecay/mpd_run_data_rctl_980_p215.FLOW.hdf5,2025-12-13 11:50:54.481000-06:00,5385
/global/cfs/cdirs/dune/www/data/2x2/nearline_run2/flowed_light/source_dtg_bin2/two_trig_40us_period_500tick/hv_65kV_beamC_25uA/dtg_30min_thenDecay/mpd_run_data_rctl_980_p216.FLOW.hdf5,2025-12-13 11:51:55.138000-06:00,5356
/global/cfs/cdirs/dune/www/data/2x2/nearline_run2/flowed_light/source_dtg_bin2/two_trig_40us_period_500tick/hv_65kV_beamC_25uA/dtg_30min_thenDecay/mpd_run_data_rctl_980_p217.FLOW.hdf5,2025-12-13 11:52:55.906000-06:00,5387
/global/cfs/cdirs/dune/www/data/2x2/nearline_run2/flowed_light/source_dtg_bin2/two_trig_40us_period_500tick/hv_65kV_beamC_25uA/dtg_30min_thenDecay/mpd_run_data_rctl_980_p218.FLOW.hdf5,2025-12-13 11:53:56.775000-06:00,5239
/global/cfs/cdirs/dune/www/data/2x2/nearline_run2/flowed_light/source_dtg_bin2/two_trig_40us_period_500tick/hv_65kV_beamC_25uA/dtg_30min_thenDecay/mpd_run_data_rctl_980_p219.FLOW.hdf5,2025-12-13 11:54:57.569000-06:00,5464
/global/cfs/cdirs/dune/www/data/2x2/nearline_run2/flowed_light/source_dtg_bin2/two_trig_40us_period_500tick/hv_65kV_beamC_25uA/dtg_30min_thenDecay/mpd_run_data_rctl_980_p220.FLOW.hdf5,2025-12-13 11:55:58.270000-06:00,5297
/global/cfs/cdirs/dune/www/data/2x2/nearline_run2/flowed_light/source_dtg_bin2/two_trig_40us_period_500tick/hv_65kV_beamC_25uA/dtg_30min_thenDecay/mpd_run_data_rctl_980_p221.FLOW.hdf5,2025-12-13 11:56:59.200000-06:00,5456
/global/cfs/cdirs/dune/www/data/2x2/nearline_run2/flowed_light/source_dtg_bin2/two_trig_40us_period_500tick/hv_65kV_beamC_25uA/dtg_30min_thenDecay/mpd_run_data_rctl_980_p222.FLOW.hdf5,2025-12-13 11:58:00.005000-06:00,5454
/global/cfs/cdirs/dune/www/data/2x2/nearline_run2/flowed_light/source_dtg_bin2/two_trig_40us_period_500tick/hv_65kV_beamC_25uA/dtg_30min_thenDecay/mpd_run_data_rctl_980_p223.FLOW.hdf5,2025-12-13 11:59:00.866000-06:00,5395
/global/cfs/cdirs/dune/www/data/2x2/nearline_run2/flowed_light/source_dtg_bin2/two_trig_40us_period_500tick/hv_65kV_beamC_25uA/dtg_30min_thenDecay/mpd_run_data_rctl_980_p224.FLOW.hdf5,2025-12-13 12:00:01.563000-06:00,5296
/global/cfs/cdirs/dune/www/data/2x2/nearline_run2/flowed_light/source_dtg_bin2/two_trig_40us_period_500tick/hv_65kV_beamC_25uA/dtg_30min_thenDecay/mpd_run_data_rctl_980_p225.FLOW.hdf5,2025-12-13 12:01:02.363000-06:00,5357
/global/cfs/cdirs/dune/www/data/2x2/nearline_run2/flowed_light/source_dtg_bin2/two_trig_40us_period_500tick/hv_65kV_beamC_25uA/dtg_30min_thenDecay/mpd_run_data_rctl_980_p226.FLOW.hdf5,2025-12-13 12:02:03.083000-06:00,5285
/global/cfs/cdirs/dune/www/data/2x2/nearline_run2/flowed_light/source_dtg_bin2/two_trig_40us_period_500tick/hv_65kV_beamC_25uA/dtg_30min_thenDecay/mpd_run_data_rctl_980_p227.FLOW.hdf5,2025-12-13 12:03:03.862000-06:00,5367
/global/cfs/cdirs/dune/www/data/2x2/nearline_run2/flowed_light/source_dtg_bin2/two_trig_40us_period_500tick/hv_65kV_beamC_25uA/dtg_30min_thenDecay/mpd_run_data_rctl_980_p228.FLOW.hdf5,2025-12-13 12:04:04.638000-06:00,5343
/global/cfs/cdirs/dune/www/data/2x2/nearline_run2/flowed_light/source_dtg_bin2/two_trig_40us_period_500tick/hv_65kV_beamC_25uA/dtg_30min_thenDecay/mpd_run_data_rctl_980_p229.FLOW.hdf5,2025-12-13 12:05:05.468000-06:00,5369
/global/cfs/cdirs/dune/www/data/2x2/nearline_run2/flowed_light/source_dtg_bin2/two_trig_40us_period_500tick/hv_65kV_beamC_25uA/dtg_30min_thenDecay/mpd_run_data_rctl_980_p230.FLOW.hdf5,2025-12-13 12:06:06.242000-06:00,5346
/global/cfs/cdirs/dune/www/data/2x2/nearline_run2/flowed_light/source_dtg_bin2/two_trig_40us_period_500tick/hv_65kV_beamC_25uA/dtg_30min_thenDecay/mpd_run_data_rctl_980_p231.FLOW.hdf5,2025-12-13 12:07:06.990000-06:00,5431
/global/cfs/cdirs/dune/www/data/2x2/nearline_run2/flowed_light/source_dtg_bin2/two_trig_40us_period_500tick/hv_65kV_beamC_25uA/dtg_30min_thenDecay/mpd_run_data_rctl_980_p232.FLOW.hdf5,2025-12-13 12:08:07.777000-06:00,5436
/global/cfs/cdirs/dune/www/data/2x2/nearline_run2/flowed_light/source_dtg_bin2/two_trig_40us_period_500tick/hv_65kV_beamC_25uA/dtg_30min_thenDecay/mpd_run_data_rctl_980_p233.FLOW.hdf5,2025-12-13 12:09:08.522000-06:00,5421
/global/cfs/cdirs/dune/www/data/2x2/nearline_run2/flowed_light/source_dtg_bin2/two_trig_40us_period_500tick/hv_65kV_beamC_25uA/dtg_30min_thenDecay/mpd_run_data_rctl_980_p234.FLOW.hdf5,2025-12-13 12:10:09.226000-06:00,5458
/global/cfs/cdirs/dune/www/data/2x2/nearline_run2/flowed_light/source_dtg_bin2/two_trig_40us_period_500tick/hv_65kV_beamC_25uA/dtg_30min_thenDecay/mpd_run_data_rctl_980_p235.FLOW.hdf5,2025-12-13 12:11:10.060000-06:00,5296
/global/cfs/cdirs/dune/www/data/2x2/nearline_run2/flowed_light/source_dtg_bin2/two_trig_40us_period_500tick/hv_65kV_beamC_25uA/dtg_30min_thenDecay/mpd_run_data_rctl_980_p236.FLOW.hdf5,2025-12-13 12:12:10.737000-06:00,5454
/global/cfs/cdirs/dune/www/data/2x2/nearline_run2/flowed_light/source_dtg_bin2/two_trig_40us_period_500tick/hv_65kV_beamC_25uA/dtg_30min_thenDecay/mpd_run_data_rctl_980_p237.FLOW.hdf5,2025-12-13 12:13:11.464000-06:00,5324
/global/cfs/cdirs/dune/www/data/2x2/nearline_run2/flowed_light/source_dtg_bin2/two_trig_40us_period_500tick/hv_65kV_beamC_25uA/dtg_30min_thenDecay/mpd_run_data_rctl_980_p238.FLOW.hdf5,2025-12-13 12:14:12.208000-06:00,5269
/global/cfs/cdirs/dune/www/data/2x2/nearline_run2/flowed_light/source_dtg_bin2/two_trig_40us_period_500tick/hv_65kV_beamC_25uA/dtg_30min_thenDecay/mpd_run_data_rctl_980_p239.FLOW.hdf5,2025-12-13 12:15:12.888000-06:00,5340
/global/cfs/cdirs/dune/www/data/2x2/nearline_run2/flowed_light/source_dtg_bin2/two_trig_40us_period_500tick/hv_65kV_beamC_25uA/dtg_30min_thenDecay/mpd_run_data_rctl_980_p240.FLOW.hdf5,2025-12-13 12:16:13.718000-06:00,5293
/global/cfs/cdirs/dune/www/data/2x2/nearline_run2/flowed_light/source_dtg_bin2/two_trig_40us_period_500tick/hv_65kV_beamC_25uA/dtg_30min_thenDecay/mpd_run_data_rctl_980_p241.FLOW.hdf5,2025-12-13 12:17:14.558000-06:00,5267
/global/cfs/cdirs/dune/www/data/2x2/nearline_run2/flowed_light/source_dtg_bin2/two_trig_40us_period_500tick/hv_65kV_beamC_25uA/dtg_30min_thenDecay/mpd_run_data_rctl_980_p242.FLOW.hdf5,2025-12-13 12:18:15.393000-06:00,5403
/global/cfs/cdirs/dune/www/data/2x2/nearline_run2/flowed_light/source_dtg_bin2/two_trig_40us_period_500tick/hv_65kV_beamC_25uA/dtg_30min_thenDecay/mpd_run_data_rctl_980_p243.FLOW.hdf5,2025-12-13 12:19:16.208000-06:00,5408
/global/cfs/cdirs/dune/www/data/2x2/nearline_run2/flowed_light/source_dtg_bin2/two_trig_40us_period_500tick/hv_65kV_beamC_25uA/dtg_30min_thenDecay/mpd_run_data_rctl_980_p244.FLOW.hdf5,2025-12-13 12:20:17.001000-06:00,5402
/global/cfs/cdirs/dune/www/data/2x2/nearline_run2/flowed_light/source_dtg_bin2/two_trig_40us_period_500tick/hv_65kV_beamC_25uA/dtg_30min_thenDecay/mpd_run_data_rctl_980_p245.FLOW.hdf5,2025-12-13 12:21:17.747000-06:00,5352
/global/cfs/cdirs/dune/www/data/2x2/nearline_run2/flowed_light/source_dtg_bin2/two_trig_40us_period_500tick/hv_65kV_beamC_25uA/dtg_30min_thenDecay/mpd_run_data_rctl_980_p246.FLOW.hdf5,2025-12-13 12:22:18.395000-06:00,5445
/global/cfs/cdirs/dune/www/data/2x2/nearline_run2/flowed_light/source_dtg_bin2/two_trig_40us_period_500tick/hv_65kV_beamC_25uA/dtg_30min_thenDecay/mpd_run_data_rctl_980_p247.FLOW.hdf5,2025-12-13 12:23:19.202000-06:00,5319
/global/cfs/cdirs/dune/www/data/2x2/nearline_run2/flowed_light/source_dtg_bin2/two_trig_40us_period_500tick/hv_65kV_beamC_25uA/dtg_30min_thenDecay/mpd_run_data_rctl_980_p248.FLOW.hdf5,2025-12-13 12:24:19.961000-06:00,5426
/global/cfs/cdirs/dune/www/data/2x2/nearline_run2/flowed_light/source_dtg_bin2/two_trig_40us_period_500tick/hv_65kV_beamC_25uA/dtg_30min_thenDecay/mpd_run_data_rctl_980_p249.FLOW.hdf5,2025-12-13 12:25:20.752000-06:00,5296
/global/cfs/cdirs/dune/www/data/2x2/nearline_run2/flowed_light/source_dtg_bin2/two_trig_40us_period_500tick/hv_65kV_beamC_25uA/dtg_30min_thenDecay/mpd_run_data_rctl_980_p250.FLOW.hdf5,2025-12-13 12:26:21.591000-06:00,5189
/global/cfs/cdirs/dune/www/data/2x2/nearline_run2/flowed_light/source_dtg_bin2/two_trig_40us_period_500tick/hv_65kV_beamC_25uA/dtg_30min_thenDecay/mpd_run_data_rctl_980_p251.FLOW.hdf5,2025-12-13 12:27:22.402000-06:00,5383
/global/cfs/cdirs/dune/www/data/2x2/nearline_run2/flowed_light/source_dtg_bin2/two_trig_40us_period_500tick/hv_65kV_beamC_25uA/dtg_30min_thenDecay/mpd_run_data_rctl_980_p252.FLOW.hdf5,2025-12-13 12:28:23.043000-06:00,5388
/global/cfs/cdirs/dune/www/data/2x2/nearline_run2/flowed_light/source_dtg_bin2/two_trig_40us_period_500tick/hv_65kV_beamC_25uA/dtg_30min_thenDecay/mpd_run_data_rctl_980_p253.FLOW.hdf5,2025-12-13 12:29:23.803000-06:00,5329
/global/cfs/cdirs/dune/www/data/2x2/nearline_run2/flowed_light/source_dtg_bin2/two_trig_40us_period_500tick/hv_65kV_beamC_25uA/dtg_30min_thenDecay/mpd_run_data_rctl_980_p254.FLOW.hdf5,2025-12-13 12:30:24.570000-06:00,5331
/global/cfs/cdirs/dune/www/data/2x2/nearline_run2/flowed_light/source_dtg_bin2/two_trig_40us_period_500tick/hv_65kV_beamC_25uA/dtg_30min_thenDecay/mpd_run_data_rctl_980_p255.FLOW.hdf5,2025-12-13 12:31:25.337000-06:00,5381
/global/cfs/cdirs/dune/www/data/2x2/nearline_run2/flowed_light/source_dtg_bin2/two_trig_40us_period_500tick/hv_65kV_beamC_25uA/dtg_30min_thenDecay/mpd_run_data_rctl_980_p256.FLOW.hdf5,2025-12-13 12:32:26.145000-06:00,5278
/global/cfs/cdirs/dune/www/data/2x2/nearline_run2/flowed_light/source_dtg_bin2/two_trig_40us_period_500tick/hv_65kV_beamC_25uA/dtg_30min_thenDecay/mpd_run_data_rctl_980_p257.FLOW.hdf5,2025-12-13 12:33:26.970000-06:00,5382
/global/cfs/cdirs/dune/www/data/2x2/nearline_run2/flowed_light/source_dtg_bin2/two_trig_40us_period_500tick/hv_65kV_beamC_25uA/dtg_30min_thenDecay/mpd_run_data_rctl_980_p258.FLOW.hdf5,2025-12-13 12:34:27.896000-06:00,5517
/global/cfs/cdirs/dune/www/data/2x2/nearline_run2/flowed_light/source_dtg_bin2/two_trig_40us_period_500tick/hv_65kV_beamC_25uA/dtg_30min_thenDecay/mpd_run_data_rctl_980_p259.FLOW.hdf5,2025-12-13 12:35:28.674000-06:00,5458
/global/cfs/cdirs/dune/www/data/2x2/nearline_run2/flowed_light/source_dtg_bin2/two_trig_40us_period_500tick/hv_65kV_beamC_25uA/dtg_30min_thenDecay/mpd_run_data_rctl_980_p260.FLOW.hdf5,2025-12-13 12:36:29.367000-06:00,5275
/global/cfs/cdirs/dune/www/data/2x2/nearline_run2/flowed_light/source_dtg_bin2/two_trig_40us_period_500tick/hv_65kV_beamC_25uA/dtg_30min_thenDecay/mpd_run_data_rctl_980_p261.FLOW.hdf5,2025-12-13 12:37:30.040000-06:00,5291
/global/cfs/cdirs/dune/www/data/2x2/nearline_run2/flowed_light/source_dtg_bin2/two_trig_40us_period_500tick/hv_65kV_beamC_25uA/dtg_30min_thenDecay/mpd_run_data_rctl_980_p262.FLOW.hdf5,2025-12-13 12:38:30.764000-06:00,5417
/global/cfs/cdirs/dune/www/data/2x2/nearline_run2/flowed_light/source_dtg_bin2/two_trig_40us_period_500tick/hv_65kV_beamC_25uA/dtg_30min_thenDecay/mpd_run_data_rctl_980_p263.FLOW.hdf5,2025-12-13 12:39:31.520000-06:00,5357
/global/cfs/cdirs/dune/www/data/2x2/nearline_run2/flowed_light/source_dtg_bin2/two_trig_40us_period_500tick/hv_65kV_beamC_25uA/dtg_30min_thenDecay/mpd_run_data_rctl_980_p264.FLOW.hdf5,2025-12-13 12:40:32.374000-06:00,5399
/global/cfs/cdirs/dune/www/data/2x2/nearline_run2/flowed_light/source_dtg_bin2/two_trig_40us_period_500tick/hv_65kV_beamC_25uA/dtg_30min_thenDecay/mpd_run_data_rctl_980_p265.FLOW.hdf5,2025-12-13 12:41:33.118000-06:00,5278
/global/cfs/cdirs/dune/www/data/2x2/nearline_run2/flowed_light/source_dtg_bin2/two_trig_40us_period_500tick/hv_65kV_beamC_25uA/dtg_30min_thenDecay/mpd_run_data_rctl_980_p266.FLOW.hdf5,2025-12-13 12:42:33.895000-06:00,5390
/global/cfs/cdirs/dune/www/data/2x2/nearline_run2/flowed_light/source_dtg_bin2/two_trig_40us_period_500tick/hv_65kV_beamC_25uA/dtg_30min_thenDecay/mpd_run_data_rctl_980_p267.FLOW.hdf5,2025-12-13 12:43:34.717000-06:00,5396
/global/cfs/cdirs/dune/www/data/2x2/nearline_run2/flowed_light/source_dtg_bin2/two_trig_40us_period_500tick/hv_65kV_beamC_25uA/dtg_30min_thenDecay/mpd_run_data_rctl_980_p268.FLOW.hdf5,2025-12-13 12:44:35.493000-06:00,5367
/global/cfs/cdirs/dune/www/data/2x2/nearline_run2/flowed_light/source_dtg_bin2/two_trig_40us_period_500tick/hv_65kV_beamC_25uA/dtg_30min_thenDecay/mpd_run_data_rctl_980_p269.FLOW.hdf5,2025-12-13 12:45:36.170000-06:00,5285
/global/cfs/cdirs/dune/www/data/2x2/nearline_run2/flowed_light/source_dtg_bin2/two_trig_40us_period_500tick/hv_65kV_beamC_25uA/dtg_30min_thenDecay/mpd_run_data_rctl_980_p270.FLOW.hdf5,2025-12-13 12:46:36.818000-06:00,5241
/global/cfs/cdirs/dune/www/data/2x2/nearline_run2/flowed_light/source_dtg_bin2/two_trig_40us_period_500tick/hv_65kV_beamC_25uA/dtg_30min_thenDecay/mpd_run_data_rctl_980_p271.FLOW.hdf5,2025-12-13 12:47:37.592000-06:00,5434
/global/cfs/cdirs/dune/www/data/2x2/nearline_run2/flowed_light/source_dtg_bin2/two_trig_40us_period_500tick/hv_65kV_beamC_25uA/dtg_30min_thenDecay/mpd_run_data_rctl_980_p272.FLOW.hdf5,2025-12-13 12:48:38.348000-06:00,5361
/global/cfs/cdirs/dune/www/data/2x2/nearline_run2/flowed_light/source_dtg_bin2/two_trig_40us_period_500tick/hv_65kV_beamC_25uA/dtg_30min_thenDecay/mpd_run_data_rctl_980_p273.FLOW.hdf5,2025-12-13 12:49:39.177000-06:00,5422
/global/cfs/cdirs/dune/www/data/2x2/nearline_run2/flowed_light/source_dtg_bin2/two_trig_40us_period_500tick/hv_65kV_beamC_25uA/dtg_30min_thenDecay/mpd_run_data_rctl_980_p274.FLOW.hdf5,2025-12-13 12:50:40.040000-06:00,5195
/global/cfs/cdirs/dune/www/data/2x2/nearline_run2/flowed_light/source_dtg_bin2/two_trig_40us_period_500tick/hv_65kV_beamC_25uA/dtg_30min_thenDecay/mpd_run_data_rctl_980_p275.FLOW.hdf5,2025-12-13 12:51:40.909000-06:00,5238
/global/cfs/cdirs/dune/www/data/2x2/nearline_run2/flowed_light/source_dtg_bin2/two_trig_40us_period_500tick/hv_65kV_beamC_25uA/dtg_30min_thenDecay/mpd_run_data_rctl_980_p276.FLOW.hdf5,2025-12-13 12:52:41.666000-06:00,5393
/global/cfs/cdirs/dune/www/data/2x2/nearline_run2/flowed_light/source_dtg_bin2/two_trig_40us_period_500tick/hv_65kV_beamC_25uA/dtg_30min_thenDecay/mpd_run_data_rctl_980_p277.FLOW.hdf5,2025-12-13 12:53:42.354000-06:00,5324
/global/cfs/cdirs/dune/www/data/2x2/nearline_run2/flowed_light/source_dtg_bin2/two_trig_40us_period_500tick/hv_65kV_beamC_25uA/dtg_30min_thenDecay/mpd_run_data_rctl_980_p278.FLOW.hdf5,2025-12-13 12:54:43.164000-06:00,5323
/global/cfs/cdirs/dune/www/data/2x2/nearline_run2/flowed_light/source_dtg_bin2/two_trig_40us_period_500tick/hv_65kV_beamC_25uA/dtg_30min_thenDecay/mpd_run_data_rctl_980_p279.FLOW.hdf5,2025-12-13 12:55:43.926000-06:00,5293
/global/cfs/cdirs/dune/www/data/2x2/nearline_run2/flowed_light/source_dtg_bin2/two_trig_40us_period_500tick/hv_65kV_beamC_25uA/dtg_30min_thenDecay/mpd_run_data_rctl_980_p280.FLOW.hdf5,2025-12-13 12:56:44.672000-06:00,5395
/global/cfs/cdirs/dune/www/data/2x2/nearline_run2/flowed_light/source_dtg_bin2/two_trig_40us_period_500tick/hv_65kV_beamC_25uA/dtg_30min_thenDecay/mpd_run_data_rctl_980_p281.FLOW.hdf5,2025-12-13 12:57:45.347000-06:00,5242
/global/cfs/cdirs/dune/www/data/2x2/nearline_run2/flowed_light/source_dtg_bin2/two_trig_40us_period_500tick/hv_65kV_beamC_25uA/dtg_30min_thenDecay/mpd_run_data_rctl_980_p282.FLOW.hdf5,2025-12-13 12:58:46.216000-06:00,5373
/global/cfs/cdirs/dune/www/data/2x2/nearline_run2/flowed_light/source_dtg_bin2/two_trig_40us_period_500tick/hv_65kV_beamC_25uA/dtg_30min_thenDecay/mpd_run_data_rctl_980_p283.FLOW.hdf5,2025-12-13 12:59:46.889000-06:00,5317
/global/cfs/cdirs/dune/www/data/2x2/nearline_run2/flowed_light/source_dtg_bin2/two_trig_40us_period_500tick/hv_65kV_beamC_25uA/dtg_30min_thenDecay/mpd_run_data_rctl_980_p284.FLOW.hdf5,2025-12-13 13:00:47.661000-06:00,5446
/global/cfs/cdirs/dune/www/data/2x2/nearline_run2/flowed_light/source_dtg_bin2/two_trig_40us_period_500tick/hv_65kV_beamC_25uA/dtg_30min_thenDecay/mpd_run_data_rctl_980_p285.FLOW.hdf5,2025-12-13 13:01:48.571000-06:00,5328
/global/cfs/cdirs/dune/www/data/2x2/nearline_run2/flowed_light/source_dtg_bin2/two_trig_40us_period_500tick/hv_65kV_beamC_25uA/dtg_30min_thenDecay/mpd_run_data_rctl_980_p286.FLOW.hdf5,2025-12-13 13:02:49.406000-06:00,5230
/global/cfs/cdirs/dune/www/data/2x2/nearline_run2/flowed_light/source_dtg_bin2/two_trig_40us_period_500tick/hv_65kV_beamC_25uA/dtg_30min_thenDecay/mpd_run_data_rctl_980_p287.FLOW.hdf5,2025-12-13 13:03:50.184000-06:00,5385
/global/cfs/cdirs/dune/www/data/2x2/nearline_run2/flowed_light/source_dtg_bin2/two_trig_40us_period_500tick/hv_65kV_beamC_25uA/dtg_30min_thenDecay/mpd_run_data_rctl_980_p288.FLOW.hdf5,2025-12-13 13:04:50.951000-06:00,5385
/global/cfs/cdirs/dune/www/data/2x2/nearline_run2/flowed_light/source_dtg_bin2/two_trig_40us_period_500tick/hv_65kV_beamC_25uA/dtg_30min_thenDecay/mpd_run_data_rctl_980_p289.FLOW.hdf5,2025-12-13 13:05:51.722000-06:00,5289
/global/cfs/cdirs/dune/www/data/2x2/nearline_run2/flowed_light/source_dtg_bin2/two_trig_40us_period_500tick/hv_65kV_beamC_25uA/dtg_30min_thenDecay/mpd_run_data_rctl_980_p290.FLOW.hdf5,2025-12-13 13:06:52.505000-06:00,5352
/global/cfs/cdirs/dune/www/data/2x2/nearline_run2/flowed_light/source_dtg_bin2/two_trig_40us_period_500tick/hv_65kV_beamC_25uA/dtg_30min_thenDecay/mpd_run_data_rctl_980_p291.FLOW.hdf5,2025-12-13 13:07:53.259000-06:00,5257
/global/cfs/cdirs/dune/www/data/2x2/nearline_run2/flowed_light/source_dtg_bin2/two_trig_40us_period_500tick/hv_65kV_beamC_25uA/dtg_30min_thenDecay/mpd_run_data_rctl_980_p292.FLOW.hdf5,2025-12-13 13:08:54.024000-06:00,5347
/global/cfs/cdirs/dune/www/data/2x2/nearline_run2/flowed_light/source_dtg_bin2/two_trig_40us_period_500tick/hv_65kV_beamC_25uA/dtg_30min_thenDecay/mpd_run_data_rctl_980_p293.FLOW.hdf5,2025-12-13 13:09:54.740000-06:00,5304
/global/cfs/cdirs/dune/www/data/2x2/nearline_run2/flowed_light/source_dtg_bin2/two_trig_40us_period_500tick/hv_65kV_beamC_25uA/dtg_30min_thenDecay/mpd_run_data_rctl_980_p294.FLOW.hdf5,2025-12-13 13:10:55.502000-06:00,5313
/global/cfs/cdirs/dune/www/data/2x2/nearline_run2/flowed_light/source_dtg_bin2/two_trig_40us_period_500tick/hv_65kV_beamC_25uA/dtg_30min_thenDecay/mpd_run_data_rctl_980_p295.FLOW.hdf5,2025-12-13 13:11:56.401000-06:00,5186
/global/cfs/cdirs/dune/www/data/2x2/nearline_run2/flowed_light/source_dtg_bin2/two_trig_40us_period_500tick/hv_65kV_beamC_25uA/dtg_30min_thenDecay/mpd_run_data_rctl_980_p296.FLOW.hdf5,2025-12-13 13:12:57.157000-06:00,5310
/global/cfs/cdirs/dune/www/data/2x2/nearline_run2/flowed_light/source_dtg_bin2/two_trig_40us_period_500tick/hv_65kV_beamC_25uA/dtg_30min_thenDecay/mpd_run_data_rctl_980_p297.FLOW.hdf5,2025-12-13 13:13:57.815000-06:00,5207
/global/cfs/cdirs/dune/www/data/2x2/nearline_run2/flowed_light/source_dtg_bin2/two_trig_40us_period_500tick/hv_65kV_beamC_25uA/dtg_30min_thenDecay/mpd_run_data_rctl_980_p298.FLOW.hdf5,2025-12-13 13:14:58.603000-06:00,5220
/global/cfs/cdirs/dune/www/data/2x2/nearline_run2/flowed_light/source_dtg_bin2/two_trig_40us_period_500tick/hv_65kV_beamC_25uA/dtg_30min_thenDecay/mpd_run_data_rctl_980_p299.FLOW.hdf5,2025-12-13 13:15:59.332000-06:00,5378
/global/cfs/cdirs/dune/www/data/2x2/nearline_run2/flowed_light/source_dtg_bin2/two_trig_40us_period_500tick/hv_65kV_beamC_25uA/dtg_30min_thenDecay/mpd_run_data_rctl_980_p300.FLOW.hdf5,2025-12-13 13:17:00.109000-06:00,5285
/global/cfs/cdirs/dune/www/data/2x2/nearline_run2/flowed_light/source_dtg_bin2/two_trig_40us_period_500tick/hv_65kV_beamC_25uA/dtg_30min_thenDecay/mpd_run_data_rctl_980_p301.FLOW.hdf5,2025-12-13 13:18:00.796000-06:00,5140
/global/cfs/cdirs/dune/www/data/2x2/nearline_run2/flowed_light/source_dtg_bin2/two_trig_40us_period_500tick/hv_65kV_beamC_25uA/dtg_30min_thenDecay/mpd_run_data_rctl_980_p302.FLOW.hdf5,2025-12-13 13:19:01.661000-06:00,5104
/global/cfs/cdirs/dune/www/data/2x2/nearline_run2/flowed_light/source_dtg_bin2/two_trig_40us_period_500tick/hv_65kV_beamC_25uA/dtg_30min_thenDecay/mpd_run_data_rctl_980_p303.FLOW.hdf5,2025-12-13 13:20:02.396000-06:00,5271
/global/cfs/cdirs/dune/www/data/2x2/nearline_run2/flowed_light/source_dtg_bin2/two_trig_40us_period_500tick/hv_65kV_beamC_25uA/dtg_30min_thenDecay/mpd_run_data_rctl_980_p304.FLOW.hdf5,2025-12-13 13:21:03.072000-06:00,5221
/global/cfs/cdirs/dune/www/data/2x2/nearline_run2/flowed_light/source_dtg_bin2/two_trig_40us_period_500tick/hv_65kV_beamC_25uA/dtg_30min_thenDecay/mpd_run_data_rctl_980_p305.FLOW.hdf5,2025-12-13 13:22:03.658000-06:00,5165
/global/cfs/cdirs/dune/www/data/2x2/nearline_run2/flowed_light/source_dtg_bin2/two_trig_40us_period_500tick/hv_65kV_beamC_25uA/dtg_30min_thenDecay/mpd_run_data_rctl_980_p306.FLOW.hdf5,2025-12-13 13:23:04.418000-06:00,5428
/global/cfs/cdirs/dune/www/data/2x2/nearline_run2/flowed_light/source_dtg_bin2/two_trig_40us_period_500tick/hv_65kV_beamC_25uA/dtg_30min_thenDecay/mpd_run_data_rctl_980_p307.FLOW.hdf5,2025-12-13 13:24:05.139000-06:00,5189
/global/cfs/cdirs/dune/www/data/2x2/nearline_run2/flowed_light/source_dtg_bin2/two_trig_40us_period_500tick/hv_65kV_beamC_25uA/dtg_30min_thenDecay/mpd_run_data_rctl_980_p308.FLOW.hdf5,2025-12-13 13:25:05.909000-06:00,5297
/global/cfs/cdirs/dune/www/data/2x2/nearline_run2/flowed_light/source_dtg_bin2/two_trig_40us_period_500tick/hv_65kV_beamC_25uA/dtg_30min_thenDecay/mpd_run_data_rctl_980_p309.FLOW.hdf5,2025-12-13 13:26:06.718000-06:00,5263
/global/cfs/cdirs/dune/www/data/2x2/nearline_run2/flowed_light/source_dtg_bin2/two_trig_40us_period_500tick/hv_65kV_beamC_25uA/dtg_30min_thenDecay/mpd_run_data_rctl_980_p310.FLOW.hdf5,2025-12-13 13:27:07.517000-06:00,5251
/global/cfs/cdirs/dune/www/data/2x2/nearline_run2/flowed_light/source_dtg_bin2/two_trig_40us_period_500tick/hv_65kV_beamC_25uA/dtg_30min_thenDecay/mpd_run_data_rctl_980_p311.FLOW.hdf5,2025-12-13 13:28:08.256000-06:00,5282
/global/cfs/cdirs/dune/www/data/2x2/nearline_run2/flowed_light/source_dtg_bin2/two_trig_40us_period_500tick/hv_65kV_beamC_25uA/dtg_30min_thenDecay/mpd_run_data_rctl_980_p312.FLOW.hdf5,2025-12-13 13:29:08.935000-06:00,5335
/global/cfs/cdirs/dune/www/data/2x2/nearline_run2/flowed_light/source_dtg_bin2/two_trig_40us_period_500tick/hv_65kV_beamC_25uA/dtg_30min_thenDecay/mpd_run_data_rctl_980_p313.FLOW.hdf5,2025-12-13 13:30:09.722000-06:00,5276
/global/cfs/cdirs/dune/www/data/2x2/nearline_run2/flowed_light/source_dtg_bin2/two_trig_40us_period_500tick/hv_65kV_beamC_25uA/dtg_30min_thenDecay/mpd_run_data_rctl_980_p314.FLOW.hdf5,2025-12-13 13:31:10.440000-06:00,5102
/global/cfs/cdirs/dune/www/data/2x2/nearline_run2/flowed_light/source_dtg_bin2/two_trig_40us_period_500tick/hv_65kV_beamC_25uA/dtg_30min_thenDecay/mpd_run_data_rctl_980_p315.FLOW.hdf5,2025-12-13 13:32:11.157000-06:00,5199
/global/cfs/cdirs/dune/www/data/2x2/nearline_run2/flowed_light/source_dtg_bin2/two_trig_40us_period_500tick/hv_65kV_beamC_25uA/dtg_30min_thenDecay/mpd_run_data_rctl_980_p316.FLOW.hdf5,2025-12-13 13:33:11.922000-06:00,5260
/global/cfs/cdirs/dune/www/data/2x2/nearline_run2/flowed_light/source_dtg_bin2/two_trig_40us_period_500tick/hv_65kV_beamC_25uA/dtg_30min_thenDecay/mpd_run_data_rctl_980_p317.FLOW.hdf5,2025-12-13 13:34:12.721000-06:00,5367
/global/cfs/cdirs/dune/www/data/2x2/nearline_run2/flowed_light/source_dtg_bin2/two_trig_40us_period_500tick/hv_65kV_beamC_25uA/dtg_30min_thenDecay/mpd_run_data_rctl_980_p318.FLOW.hdf5,2025-12-13 13:35:13.572000-06:00,5401
/global/cfs/cdirs/dune/www/data/2x2/nearline_run2/flowed_light/source_dtg_bin2/two_trig_40us_period_500tick/hv_65kV_beamC_25uA/dtg_30min_thenDecay/mpd_run_data_rctl_980_p319.FLOW.hdf5,2025-12-13 13:36:14.241000-06:00,5310
/global/cfs/cdirs/dune/www/data/2x2/nearline_run2/flowed_light/source_dtg_bin2/two_trig_40us_period_500tick/hv_65kV_beamC_25uA/dtg_30min_thenDecay/mpd_run_data_rctl_980_p320.FLOW.hdf5,2025-12-13 13:37:14.832000-06:00,5341
/global/cfs/cdirs/dune/www/data/2x2/nearline_run2/flowed_light/source_dtg_bin2/two_trig_40us_period_500tick/hv_65kV_beamC_25uA/dtg_30min_thenDecay/mpd_run_data_rctl_980_p321.FLOW.hdf5,2025-12-13 13:38:15.710000-06:00,5228
/global/cfs/cdirs/dune/www/data/2x2/nearline_run2/flowed_light/source_dtg_bin2/two_trig_40us_period_500tick/hv_65kV_beamC_25uA/dtg_30min_thenDecay/mpd_run_data_rctl_980_p322.FLOW.hdf5,2025-12-13 13:39:16.637000-06:00,5339
/global/cfs/cdirs/dune/www/data/2x2/nearline_run2/flowed_light/source_dtg_bin2/two_trig_40us_period_500tick/hv_65kV_beamC_25uA/dtg_30min_thenDecay/mpd_run_data_rctl_980_p323.FLOW.hdf5,2025-12-13 13:40:17.438000-06:00,5280
/global/cfs/cdirs/dune/www/data/2x2/nearline_run2/flowed_light/source_dtg_bin2/two_trig_40us_period_500tick/hv_65kV_beamC_25uA/dtg_30min_thenDecay/mpd_run_data_rctl_980_p324.FLOW.hdf5,2025-12-13 13:41:18.298000-06:00,5231
/global/cfs/cdirs/dune/www/data/2x2/nearline_run2/flowed_light/source_dtg_bin2/two_trig_40us_period_500tick/hv_65kV_beamC_25uA/dtg_30min_thenDecay/mpd_run_data_rctl_980_p325.FLOW.hdf5,2025-12-13 13:42:19.129000-06:00,5332
/global/cfs/cdirs/dune/www/data/2x2/nearline_run2/flowed_light/source_dtg_bin2/two_trig_40us_period_500tick/hv_65kV_beamC_25uA/dtg_30min_thenDecay/mpd_run_data_rctl_980_p326.FLOW.hdf5,2025-12-13 13:43:19.992000-06:00,5366
/global/cfs/cdirs/dune/www/data/2x2/nearline_run2/flowed_light/source_dtg_bin2/two_trig_40us_period_500tick/hv_65kV_beamC_25uA/dtg_30min_thenDecay/mpd_run_data_rctl_980_p327.FLOW.hdf5,2025-12-13 13:44:20.937000-06:00,5131
/global/cfs/cdirs/dune/www/data/2x2/nearline_run2/flowed_light/source_dtg_bin2/two_trig_40us_period_500tick/hv_65kV_beamC_25uA/dtg_30min_thenDecay/mpd_run_data_rctl_980_p328.FLOW.hdf5,2025-12-13 13:45:21.735000-06:00,5236
/global/cfs/cdirs/dune/www/data/2x2/nearline_run2/flowed_light/source_dtg_bin2/two_trig_40us_period_500tick/hv_65kV_beamC_25uA/dtg_30min_thenDecay/mpd_run_data_rctl_980_p329.FLOW.hdf5,2025-12-13 13:46:22.543000-06:00,5371
/global/cfs/cdirs/dune/www/data/2x2/nearline_run2/flowed_light/source_dtg_bin2/two_trig_40us_period_500tick/hv_65kV_beamC_25uA/dtg_30min_thenDecay/mpd_run_data_rctl_980_p330.FLOW.hdf5,2025-12-13 13:47:23.217000-06:00,5341
/global/cfs/cdirs/dune/www/data/2x2/nearline_run2/flowed_light/source_dtg_bin2/two_trig_40us_period_500tick/hv_65kV_beamC_25uA/dtg_30min_thenDecay/mpd_run_data_rctl_980_p331.FLOW.hdf5,2025-12-13 13:48:24.101000-06:00,5203
/global/cfs/cdirs/dune/www/data/2x2/nearline_run2/flowed_light/source_dtg_bin2/two_trig_40us_period_500tick/hv_65kV_beamC_25uA/dtg_30min_thenDecay/mpd_run_data_rctl_980_p332.FLOW.hdf5,2025-12-13 13:49:25.015000-06:00,5236
/global/cfs/cdirs/dune/www/data/2x2/nearline_run2/flowed_light/source_dtg_bin2/two_trig_40us_period_500tick/hv_65kV_beamC_25uA/dtg_30min_thenDecay/mpd_run_data_rctl_980_p333.FLOW.hdf5,2025-12-13 13:50:25.826000-06:00,5386
/global/cfs/cdirs/dune/www/data/2x2/nearline_run2/flowed_light/source_dtg_bin2/two_trig_40us_period_500tick/hv_65kV_beamC_25uA/dtg_30min_thenDecay/mpd_run_data_rctl_980_p334.FLOW.hdf5,2025-12-13 13:51:26.644000-06:00,5310
/global/cfs/cdirs/dune/www/data/2x2/nearline_run2/flowed_light/source_dtg_bin2/two_trig_40us_period_500tick/hv_65kV_beamC_25uA/dtg_30min_thenDecay/mpd_run_data_rctl_980_p335.FLOW.hdf5,2025-12-13 13:52:27.435000-06:00,5150
/global/cfs/cdirs/dune/www/data/2x2/nearline_run2/flowed_light/source_dtg_bin2/two_trig_40us_period_500tick/hv_65kV_beamC_25uA/dtg_30min_thenDecay/mpd_run_data_rctl_980_p336.FLOW.hdf5,2025-12-13 13:53:28.191000-06:00,5297
/global/cfs/cdirs/dune/www/data/2x2/nearline_run2/flowed_light/source_dtg_bin2/two_trig_40us_period_500tick/hv_65kV_beamC_25uA/dtg_30min_thenDecay/mpd_run_data_rctl_980_p337.FLOW.hdf5,2025-12-13 13:54:29.014000-06:00,5146
/global/cfs/cdirs/dune/www/data/2x2/nearline_run2/flowed_light/source_dtg_bin2/two_trig_40us_period_500tick/hv_65kV_beamC_25uA/dtg_30min_thenDecay/mpd_run_data_rctl_980_p338.FLOW.hdf5,2025-12-13 13:55:29.680000-06:00,5289
/global/cfs/cdirs/dune/www/data/2x2/nearline_run2/flowed_light/source_dtg_bin2/two_trig_40us_period_500tick/hv_65kV_beamC_25uA/dtg_30min_thenDecay/mpd_run_data_rctl_980_p339.FLOW.hdf5,2025-12-13 13:56:30.441000-06:00,5166
/global/cfs/cdirs/dune/www/data/2x2/nearline_run2/flowed_light/source_dtg_bin2/two_trig_40us_period_500tick/hv_65kV_beamC_25uA/dtg_30min_thenDecay/mpd_run_data_rctl_980_p340.FLOW.hdf5,2025-12-13 13:57:31.287000-06:00,5242
/global/cfs/cdirs/dune/www/data/2x2/nearline_run2/flowed_light/source_dtg_bin2/two_trig_40us_period_500tick/hv_65kV_beamC_25uA/dtg_30min_thenDecay/mpd_run_data_rctl_980_p341.FLOW.hdf5,2025-12-13 13:58:32.158000-06:00,5288
/global/cfs/cdirs/dune/www/data/2x2/nearline_run2/flowed_light/source_dtg_bin2/two_trig_40us_period_500tick/hv_65kV_beamC_25uA/dtg_30min_thenDecay/mpd_run_data_rctl_980_p342.FLOW.hdf5,2025-12-13 13:59:32.999000-06:00,5280
/global/cfs/cdirs/dune/www/data/2x2/nearline_run2/flowed_light/source_dtg_bin2/two_trig_40us_period_500tick/hv_65kV_beamC_25uA/dtg_30min_thenDecay/mpd_run_data_rctl_980_p343.FLOW.hdf5,2025-12-13 14:00:33.782000-06:00,5162
/global/cfs/cdirs/dune/www/data/2x2/nearline_run2/flowed_light/source_dtg_bin2/two_trig_40us_period_500tick/hv_65kV_beamC_25uA/dtg_30min_thenDecay/mpd_run_data_rctl_980_p344.FLOW.hdf5,2025-12-13 14:01:34.478000-06:00,5114
/global/cfs/cdirs/dune/www/data/2x2/nearline_run2/flowed_light/source_dtg_bin2/two_trig_40us_period_500tick/hv_65kV_beamC_25uA/dtg_30min_thenDecay/mpd_run_data_rctl_980_p345.FLOW.hdf5,2025-12-13 14:02:35.221000-06:00,4995
/global/cfs/cdirs/dune/www/data/2x2/nearline_run2/flowed_light/source_dtg_bin2/two_trig_40us_period_500tick/hv_65kV_beamC_25uA/dtg_30min_thenDecay/mpd_run_data_rctl_980_p346.FLOW.hdf5,2025-12-13 14:03:35.851000-06:00,5192
/global/cfs/cdirs/dune/www/data/2x2/nearline_run2/flowed_light/source_dtg_bin2/two_trig_40us_period_500tick/hv_65kV_beamC_25uA/dtg_30min_thenDecay/mpd_run_data_rctl_980_p347.FLOW.hdf5,2025-12-13 14:04:36.574000-06:00,5265
/global/cfs/cdirs/dune/www/data/2x2/nearline_run2/flowed_light/source_dtg_bin2/two_trig_40us_period_500tick/hv_65kV_beamC_25uA/dtg_30min_thenDecay/mpd_run_data_rctl_980_p348.FLOW.hdf5,2025-12-13 14:05:37.265000-06:00,5230
/global/cfs/cdirs/dune/www/data/2x2/nearline_run2/flowed_light/source_dtg_bin2/two_trig_40us_period_500tick/hv_65kV_beamC_25uA/dtg_30min_thenDecay/mpd_run_data_rctl_980_p349.FLOW.hdf5,2025-12-13 14:06:38.019000-06:00,5184
/global/cfs/cdirs/dune/www/data/2x2/nearline_run2/flowed_light/source_dtg_bin2/two_trig_40us_period_500tick/hv_65kV_beamC_25uA/dtg_30min_thenDecay/mpd_run_data_rctl_980_p350.FLOW.hdf5,2025-12-13 14:07:38.746000-06:00,5283
/global/cfs/cdirs/dune/www/data/2x2/nearline_run2/flowed_light/source_dtg_bin2/two_trig_40us_period_500tick/hv_65kV_beamC_25uA/dtg_30min_thenDecay/mpd_run_data_rctl_980_p351.FLOW.hdf5,2025-12-13 14:08:39.437000-06:00,5209
/global/cfs/cdirs/dune/www/data/2x2/nearline_run2/flowed_light/source_dtg_bin2/two_trig_40us_period_500tick/hv_65kV_beamC_25uA/dtg_30min_thenDecay/mpd_run_data_rctl_980_p352.FLOW.hdf5,2025-12-13 14:09:40.247000-06:00,5341
/global/cfs/cdirs/dune/www/data/2x2/nearline_run2/flowed_light/source_dtg_bin2/two_trig_40us_period_500tick/hv_65kV_beamC_25uA/dtg_30min_thenDecay/mpd_run_data_rctl_980_p353.FLOW.hdf5,2025-12-13 14:10:41.059000-06:00,5141
/global/cfs/cdirs/dune/www/data/2x2/nearline_run2/flowed_light/source_dtg_bin2/two_trig_40us_period_500tick/hv_65kV_beamC_25uA/dtg_30min_thenDecay/mpd_run_data_rctl_980_p354.FLOW.hdf5,2025-12-13 14:11:41.832000-06:00,5229
/global/cfs/cdirs/dune/www/data/2x2/nearline_run2/flowed_light/source_dtg_bin2/two_trig_40us_period_500tick/hv_65kV_beamC_25uA/dtg_30min_thenDecay/mpd_run_data_rctl_980_p355.FLOW.hdf5,2025-12-13 14:12:42.741000-06:00,5316
/global/cfs/cdirs/dune/www/data/2x2/nearline_run2/flowed_light/source_dtg_bin2/two_trig_40us_period_500tick/hv_65kV_beamC_25uA/dtg_30min_thenDecay/mpd_run_data_rctl_980_p356.FLOW.hdf5,2025-12-13 14:13:43.436000-06:00,5383
/global/cfs/cdirs/dune/www/data/2x2/nearline_run2/flowed_light/source_dtg_bin2/two_trig_40us_period_500tick/hv_65kV_beamC_25uA/dtg_30min_thenDecay/mpd_run_data_rctl_980_p357.FLOW.hdf5,2025-12-13 14:14:44.200000-06:00,5166
/global/cfs/cdirs/dune/www/data/2x2/nearline_run2/flowed_light/source_dtg_bin2/two_trig_40us_period_500tick/hv_65kV_beamC_25uA/dtg_30min_thenDecay/mpd_run_data_rctl_980_p358.FLOW.hdf5,2025-12-13 14:15:44.906000-06:00,5131
/global/cfs/cdirs/dune/www/data/2x2/nearline_run2/flowed_light/source_dtg_bin2/two_trig_40us_period_500tick/hv_65kV_beamC_25uA/dtg_30min_thenDecay/mpd_run_data_rctl_980_p359.FLOW.hdf5,2025-12-13 14:16:45.618000-06:00,5321
/global/cfs/cdirs/dune/www/data/2x2/nearline_run2/flowed_light/source_dtg_bin2/two_trig_40us_period_500tick/hv_65kV_beamC_25uA/dtg_30min_thenDecay/mpd_run_data_rctl_980_p360.FLOW.hdf5,2025-12-13 14:17:46.407000-06:00,5139
/global/cfs/cdirs/dune/www/data/2x2/nearline_run2/flowed_light/source_dtg_bin2/two_trig_40us_period_500tick/hv_65kV_beamC_25uA/dtg_30min_thenDecay/mpd_run_data_rctl_980_p361.FLOW.hdf5,2025-12-13 14:18:47.277000-06:00,5237
/global/cfs/cdirs/dune/www/data/2x2/nearline_run2/flowed_light/source_dtg_bin2/two_trig_40us_period_500tick/hv_65kV_beamC_25uA/dtg_30min_thenDecay/mpd_run_data_rctl_980_p362.FLOW.hdf5,2025-12-13 14:19:48.244000-06:00,5321
/global/cfs/cdirs/dune/www/data/2x2/nearline_run2/flowed_light/source_dtg_bin2/two_trig_40us_period_500tick/hv_65kV_beamC_25uA/dtg_30min_thenDecay/mpd_run_data_rctl_980_p363.FLOW.hdf5,2025-12-13 14:20:48.996000-06:00,5279
/global/cfs/cdirs/dune/www/data/2x2/nearline_run2/flowed_light/source_dtg_bin2/two_trig_40us_period_500tick/hv_65kV_beamC_25uA/dtg_30min_thenDecay/mpd_run_data_rctl_980_p364.FLOW.hdf5,2025-12-13 14:21:49.603000-06:00,5260
/global/cfs/cdirs/dune/www/data/2x2/nearline_run2/flowed_light/source_dtg_bin2/two_trig_40us_period_500tick/hv_65kV_beamC_25uA/dtg_30min_thenDecay/mpd_run_data_rctl_980_p365.FLOW.hdf5,2025-12-13 14:22:50.366000-06:00,5200
/global/cfs/cdirs/dune/www/data/2x2/nearline_run2/flowed_light/source_dtg_bin2/two_trig_40us_period_500tick/hv_65kV_beamC_25uA/dtg_30min_thenDecay/mpd_run_data_rctl_980_p366.FLOW.hdf5,2025-12-13 14:23:51.130000-06:00,5191
/global/cfs/cdirs/dune/www/data/2x2/nearline_run2/flowed_light/source_dtg_bin2/two_trig_40us_period_500tick/hv_65kV_beamC_25uA/dtg_30min_thenDecay/mpd_run_data_rctl_980_p367.FLOW.hdf5,2025-12-13 14:24:51.885000-06:00,5226
/global/cfs/cdirs/dune/www/data/2x2/nearline_run2/flowed_light/source_dtg_bin2/two_trig_40us_period_500tick/hv_65kV_beamC_25uA/dtg_30min_thenDecay/mpd_run_data_rctl_980_p368.FLOW.hdf5,2025-12-13 14:25:52.707000-06:00,5198
/global/cfs/cdirs/dune/www/data/2x2/nearline_run2/flowed_light/source_dtg_bin2/two_trig_40us_period_500tick/hv_65kV_beamC_25uA/dtg_30min_thenDecay/mpd_run_data_rctl_980_p369.FLOW.hdf5,2025-12-13 14:26:53.523000-06:00,5333
/global/cfs/cdirs/dune/www/data/2x2/nearline_run2/flowed_light/source_dtg_bin2/two_trig_40us_period_500tick/hv_65kV_beamC_25uA/dtg_30min_thenDecay/mpd_run_data_rctl_980_p370.FLOW.hdf5,2025-12-13 14:27:54.306000-06:00,5029
/global/cfs/cdirs/dune/www/data/2x2/nearline_run2/flowed_light/source_dtg_bin2/two_trig_40us_period_500tick/hv_65kV_beamC_25uA/dtg_30min_thenDecay/mpd_run_data_rctl_980_p371.FLOW.hdf5,2025-12-13 14:28:55.143000-06:00,5265
/global/cfs/cdirs/dune/www/data/2x2/nearline_run2/flowed_light/source_dtg_bin2/two_trig_40us_period_500tick/hv_65kV_beamC_25uA/dtg_30min_thenDecay/mpd_run_data_rctl_980_p372.FLOW.hdf5,2025-12-13 14:29:55.920000-06:00,5210
/global/cfs/cdirs/dune/www/data/2x2/nearline_run2/flowed_light/source_dtg_bin2/two_trig_40us_period_500tick/hv_65kV_beamC_25uA/dtg_30min_thenDecay/mpd_run_data_rctl_980_p373.FLOW.hdf5,2025-12-13 14:30:56.752000-06:00,5093
/global/cfs/cdirs/dune/www/data/2x2/nearline_run2/flowed_light/source_dtg_bin2/two_trig_40us_period_500tick/hv_65kV_beamC_25uA/dtg_30min_thenDecay/mpd_run_data_rctl_980_p374.FLOW.hdf5,2025-12-13 14:31:57.549000-06:00,5222
/global/cfs/cdirs/dune/www/data/2x2/nearline_run2/flowed_light/source_dtg_bin2/two_trig_40us_period_500tick/hv_65kV_beamC_25uA/dtg_30min_thenDecay/mpd_run_data_rctl_980_p375.FLOW.hdf5,2025-12-13 14:32:58.339000-06:00,5094
/global/cfs/cdirs/dune/www/data/2x2/nearline_run2/flowed_light/source_dtg_bin2/two_trig_40us_period_500tick/hv_65kV_beamC_25uA/dtg_30min_thenDecay/mpd_run_data_rctl_980_p376.FLOW.hdf5,2025-12-13 14:33:59.129000-06:00,5196
/global/cfs/cdirs/dune/www/data/2x2/nearline_run2/flowed_light/source_dtg_bin2/two_trig_40us_period_500tick/hv_65kV_beamC_25uA/dtg_30min_thenDecay/mpd_run_data_rctl_980_p377.FLOW.hdf5,2025-12-13 14:34:59.811000-06:00,5070
/global/cfs/cdirs/dune/www/data/2x2/nearline_run2/flowed_light/source_dtg_bin2/two_trig_40us_period_500tick/hv_65kV_beamC_25uA/dtg_30min_thenDecay/mpd_run_data_rctl_980_p378.FLOW.hdf5,2025-12-13 14:36:00.646000-06:00,5014
/global/cfs/cdirs/dune/www/data/2x2/nearline_run2/flowed_light/source_dtg_bin2/two_trig_40us_period_500tick/hv_65kV_beamC_25uA/dtg_30min_thenDecay/mpd_run_data_rctl_980_p379.FLOW.hdf5,2025-12-13 14:37:01.348000-06:00,5131
/global/cfs/cdirs/dune/www/data/2x2/nearline_run2/flowed_light/source_dtg_bin2/two_trig_40us_period_500tick/hv_65kV_beamC_25uA/dtg_30min_thenDecay/mpd_run_data_rctl_980_p380.FLOW.hdf5,2025-12-13 14:38:02.037000-06:00,5135
/global/cfs/cdirs/dune/www/data/2x2/nearline_run2/flowed_light/source_dtg_bin2/two_trig_40us_period_500tick/hv_65kV_beamC_25uA/dtg_30min_thenDecay/mpd_run_data_rctl_980_p381.FLOW.hdf5,2025-12-13 14:39:02.742000-06:00,5260
/global/cfs/cdirs/dune/www/data/2x2/nearline_run2/flowed_light/source_dtg_bin2/two_trig_40us_period_500tick/hv_65kV_beamC_25uA/dtg_30min_thenDecay/mpd_run_data_rctl_980_p382.FLOW.hdf5,2025-12-13 14:40:03.508000-06:00,5123
/global/cfs/cdirs/dune/www/data/2x2/nearline_run2/flowed_light/source_dtg_bin2/two_trig_40us_period_500tick/hv_65kV_beamC_25uA/dtg_30min_thenDecay/mpd_run_data_rctl_980_p383.FLOW.hdf5,2025-12-13 14:41:04.356000-06:00,5272
/global/cfs/cdirs/dune/www/data/2x2/nearline_run2/flowed_light/source_dtg_bin2/two_trig_40us_period_500tick/hv_65kV_beamC_25uA/dtg_30min_thenDecay/mpd_run_data_rctl_980_p384.FLOW.hdf5,2025-12-13 14:42:05.028000-06:00,5168
/global/cfs/cdirs/dune/www/data/2x2/nearline_run2/flowed_light/source_dtg_bin2/two_trig_40us_period_500tick/hv_65kV_beamC_25uA/dtg_30min_thenDecay/mpd_run_data_rctl_980_p385.FLOW.hdf5,2025-12-13 14:43:05.785000-06:00,5044
/global/cfs/cdirs/dune/www/data/2x2/nearline_run2/flowed_light/source_dtg_bin2/two_trig_40us_period_500tick/hv_65kV_beamC_25uA/dtg_30min_thenDecay/mpd_run_data_rctl_980_p386.FLOW.hdf5,2025-12-13 14:44:06.634000-06:00,5189
/global/cfs/cdirs/dune/www/data/2x2/nearline_run2/flowed_light/source_dtg_bin2/two_trig_40us_period_500tick/hv_65kV_beamC_25uA/dtg_30min_thenDecay/mpd_run_data_rctl_980_p387.FLOW.hdf5,2025-12-13 14:45:07.353000-06:00,5184
/global/cfs/cdirs/dune/www/data/2x2/nearline_run2/flowed_light/source_dtg_bin2/two_trig_40us_period_500tick/hv_65kV_beamC_25uA/dtg_30min_thenDecay/mpd_run_data_rctl_980_p388.FLOW.hdf5,2025-12-13 14:46:08.202000-06:00,5151
/global/cfs/cdirs/dune/www/data/2x2/nearline_run2/flowed_light/source_dtg_bin2/two_trig_40us_period_500tick/hv_65kV_beamC_25uA/dtg_30min_thenDecay/mpd_run_data_rctl_980_p389.FLOW.hdf5,2025-12-13 14:47:09.097000-06:00,5129
/global/cfs/cdirs/dune/www/data/2x2/nearline_run2/flowed_light/source_dtg_bin2/two_trig_40us_period_500tick/hv_65kV_beamC_25uA/dtg_30min_thenDecay/mpd_run_data_rctl_980_p390.FLOW.hdf5,2025-12-13 14:48:09.939000-06:00,5168
/global/cfs/cdirs/dune/www/data/2x2/nearline_run2/flowed_light/source_dtg_bin2/two_trig_40us_period_500tick/hv_65kV_beamC_25uA/dtg_30min_thenDecay/mpd_run_data_rctl_980_p391.FLOW.hdf5,2025-12-13 14:49:10.778000-06:00,4986
/global/cfs/cdirs/dune/www/data/2x2/nearline_run2/flowed_light/source_dtg_bin2/two_trig_40us_period_500tick/hv_65kV_beamC_25uA/dtg_30min_thenDecay/mpd_run_data_rctl_980_p392.FLOW.hdf5,2025-12-13 14:50:11.533000-06:00,5141
/global/cfs/cdirs/dune/www/data/2x2/nearline_run2/flowed_light/source_dtg_bin2/two_trig_40us_period_500tick/hv_65kV_beamC_25uA/dtg_30min_thenDecay/mpd_run_data_rctl_980_p393.FLOW.hdf5,2025-12-13 14:51:12.520000-06:00,5143
/global/cfs/cdirs/dune/www/data/2x2/nearline_run2/flowed_light/source_dtg_bin2/two_trig_40us_period_500tick/hv_65kV_beamC_25uA/dtg_30min_thenDecay/mpd_run_data_rctl_980_p394.FLOW.hdf5,2025-12-13 14:52:13.376000-06:00,5140
/global/cfs/cdirs/dune/www/data/2x2/nearline_run2/flowed_light/source_dtg_bin2/two_trig_40us_period_500tick/hv_65kV_beamC_25uA/dtg_30min_thenDecay/mpd_run_data_rctl_980_p395.FLOW.hdf5,2025-12-13 14:53:14.203000-06:00,5171
/global/cfs/cdirs/dune/www/data/2x2/nearline_run2/flowed_light/source_dtg_bin2/two_trig_40us_period_500tick/hv_65kV_beamC_25uA/dtg_30min_thenDecay/mpd_run_data_rctl_980_p396.FLOW.hdf5,2025-12-13 14:54:15.080000-06:00,5107
/global/cfs/cdirs/dune/www/data/2x2/nearline_run2/flowed_light/source_dtg_bin2/two_trig_40us_period_500tick/hv_65kV_beamC_25uA/dtg_30min_thenDecay/mpd_run_data_rctl_980_p397.FLOW.hdf5,2025-12-13 14:55:15.808000-06:00,5158
/global/cfs/cdirs/dune/www/data/2x2/nearline_run2/flowed_light/source_dtg_bin2/two_trig_40us_period_500tick/hv_65kV_beamC_25uA/dtg_30min_thenDecay/mpd_run_data_rctl_980_p398.FLOW.hdf5,2025-12-13 14:56:16.572000-06:00,5083
/global/cfs/cdirs/dune/www/data/2x2/nearline_run2/flowed_light/source_dtg_bin2/two_trig_40us_period_500tick/hv_65kV_beamC_25uA/dtg_30min_thenDecay/mpd_run_data_rctl_980_p399.FLOW.hdf5,2025-12-13 14:57:17.351000-06:00,5105
/global/cfs/cdirs/dune/www/data/2x2/nearline_run2/flowed_light/source_dtg_bin2/two_trig_40us_period_500tick/hv_65kV_beamC_25uA/dtg_30min_thenDecay/mpd_run_data_rctl_980_p400.FLOW.hdf5,2025-12-13 14:58:18.147000-06:00,5129
/global/cfs/cdirs/dune/www/data/2x2/nearline_run2/flowed_light/source_dtg_bin2/two_trig_40us_period_500tick/hv_65kV_beamC_25uA/dtg_30min_thenDecay/mpd_run_data_rctl_980_p401.FLOW.hdf5,2025-12-13 14:59:18.930000-06:00,5249
/global/cfs/cdirs/dune/www/data/2x2/nearline_run2/flowed_light/source_dtg_bin2/two_trig_40us_period_500tick/hv_65kV_beamC_25uA/dtg_30min_thenDecay/mpd_run_data_rctl_980_p402.FLOW.hdf5,2025-12-13 15:00:19.702000-06:00,5103
/global/cfs/cdirs/dune/www/data/2x2/nearline_run2/flowed_light/source_dtg_bin2/two_trig_40us_period_500tick/hv_65kV_beamC_25uA/dtg_30min_thenDecay/mpd_run_data_rctl_980_p403.FLOW.hdf5,2025-12-13 15:01:20.488000-06:00,5115
/global/cfs/cdirs/dune/www/data/2x2/nearline_run2/flowed_light/source_dtg_bin2/two_trig_40us_period_500tick/hv_65kV_beamC_25uA/dtg_30min_thenDecay/mpd_run_data_rctl_980_p404.FLOW.hdf5,2025-12-13 15:02:21.267000-06:00,5179
/global/cfs/cdirs/dune/www/data/2x2/nearline_run2/flowed_light/source_dtg_bin2/two_trig_40us_period_500tick/hv_65kV_beamC_25uA/dtg_30min_thenDecay/mpd_run_data_rctl_980_p405.FLOW.hdf5,2025-12-13 15:03:22.038000-06:00,5196
/global/cfs/cdirs/dune/www/data/2x2/nearline_run2/flowed_light/source_dtg_bin2/two_trig_40us_period_500tick/hv_65kV_beamC_25uA/dtg_30min_thenDecay/mpd_run_data_rctl_980_p406.FLOW.hdf5,2025-12-13 15:04:22.847000-06:00,5155
/global/cfs/cdirs/dune/www/data/2x2/nearline_run2/flowed_light/source_dtg_bin2/two_trig_40us_period_500tick/hv_65kV_beamC_25uA/dtg_30min_thenDecay/mpd_run_data_rctl_980_p407.FLOW.hdf5,2025-12-13 15:05:23.656000-06:00,5061
/global/cfs/cdirs/dune/www/data/2x2/nearline_run2/flowed_light/source_dtg_bin2/two_trig_40us_period_500tick/hv_65kV_beamC_25uA/dtg_30min_thenDecay/mpd_run_data_rctl_980_p408.FLOW.hdf5,2025-12-13 15:06:24.347000-06:00,5173
/global/cfs/cdirs/dune/www/data/2x2/nearline_run2/flowed_light/source_dtg_bin2/two_trig_40us_period_500tick/hv_65kV_beamC_25uA/dtg_30min_thenDecay/mpd_run_data_rctl_980_p409.FLOW.hdf5,2025-12-13 15:07:25.097000-06:00,5188
/global/cfs/cdirs/dune/www/data/2x2/nearline_run2/flowed_light/source_dtg_bin2/two_trig_40us_period_500tick/hv_65kV_beamC_25uA/dtg_30min_thenDecay/mpd_run_data_rctl_980_p410.FLOW.hdf5,2025-12-13 15:08:26.067000-06:00,5111
/global/cfs/cdirs/dune/www/data/2x2/nearline_run2/flowed_light/source_dtg_bin2/two_trig_40us_period_500tick/hv_65kV_beamC_25uA/dtg_30min_thenDecay/mpd_run_data_rctl_980_p411.FLOW.hdf5,2025-12-13 15:09:26.929000-06:00,5116
/global/cfs/cdirs/dune/www/data/2x2/nearline_run2/flowed_light/source_dtg_bin2/two_trig_40us_period_500tick/hv_65kV_beamC_25uA/dtg_30min_thenDecay/mpd_run_data_rctl_980_p412.FLOW.hdf5,2025-12-13 15:10:27.763000-06:00,5044
/global/cfs/cdirs/dune/www/data/2x2/nearline_run2/flowed_light/source_dtg_bin2/two_trig_40us_period_500tick/hv_65kV_beamC_25uA/dtg_30min_thenDecay/mpd_run_data_rctl_980_p413.FLOW.hdf5,2025-12-13 15:11:28.533000-06:00,5076
/global/cfs/cdirs/dune/www/data/2x2/nearline_run2/flowed_light/source_dtg_bin2/two_trig_40us_period_500tick/hv_65kV_beamC_25uA/dtg_30min_thenDecay/mpd_run_data_rctl_980_p414.FLOW.hdf5,2025-12-13 15:12:29.423000-06:00,5159
/global/cfs/cdirs/dune/www/data/2x2/nearline_run2/flowed_light/source_dtg_bin2/two_trig_40us_period_500tick/hv_65kV_beamC_25uA/dtg_30min_thenDecay/mpd_run_data_rctl_980_p415.FLOW.hdf5,2025-12-13 15:13:30.069000-06:00,5145
/global/cfs/cdirs/dune/www/data/2x2/nearline_run2/flowed_light/source_dtg_bin2/two_trig_40us_period_500tick/hv_65kV_beamC_25uA/dtg_30min_thenDecay/mpd_run_data_rctl_980_p416.FLOW.hdf5,2025-12-13 15:14:30.836000-06:00,5003
/global/cfs/cdirs/dune/www/data/2x2/nearline_run2/flowed_light/source_dtg_bin2/two_trig_40us_period_500tick/hv_65kV_beamC_25uA/dtg_30min_thenDecay/mpd_run_data_rctl_980_p417.FLOW.hdf5,2025-12-13 15:15:31.637000-06:00,5051
/global/cfs/cdirs/dune/www/data/2x2/nearline_run2/flowed_light/source_dtg_bin2/two_trig_40us_period_500tick/hv_65kV_beamC_25uA/dtg_30min_thenDecay/mpd_run_data_rctl_980_p418.FLOW.hdf5,2025-12-13 15:16:32.606000-06:00,5179
/global/cfs/cdirs/dune/www/data/2x2/nearline_run2/flowed_light/source_dtg_bin2/two_trig_40us_period_500tick/hv_65kV_beamC_25uA/dtg_30min_thenDecay/mpd_run_data_rctl_980_p419.FLOW.hdf5,2025-12-13 15:17:33.253000-06:00,5143
/global/cfs/cdirs/dune/www/data/2x2/nearline_run2/flowed_light/source_dtg_bin2/two_trig_40us_period_500tick/hv_65kV_beamC_25uA/dtg_30min_thenDecay/mpd_run_data_rctl_980_p420.FLOW.hdf5,2025-12-13 15:18:34.081000-06:00,5144
/global/cfs/cdirs/dune/www/data/2x2/nearline_run2/flowed_light/source_dtg_bin2/two_trig_40us_period_500tick/hv_65kV_beamC_25uA/dtg_30min_thenDecay/mpd_run_data_rctl_980_p421.FLOW.hdf5,2025-12-13 15:19:34.908000-06:00,5290
/global/cfs/cdirs/dune/www/data/2x2/nearline_run2/flowed_light/source_dtg_bin2/two_trig_40us_period_500tick/hv_65kV_beamC_25uA/dtg_30min_thenDecay/mpd_run_data_rctl_980_p422.FLOW.hdf5,2025-12-13 15:20:35.690000-06:00,5034
/global/cfs/cdirs/dune/www/data/2x2/nearline_run2/flowed_light/source_dtg_bin2/two_trig_40us_period_500tick/hv_65kV_beamC_25uA/dtg_30min_thenDecay/mpd_run_data_rctl_980_p423.FLOW.hdf5,2025-12-13 15:21:36.516000-06:00,5133
/global/cfs/cdirs/dune/www/data/2x2/nearline_run2/flowed_light/source_dtg_bin2/two_trig_40us_period_500tick/hv_65kV_beamC_25uA/dtg_30min_thenDecay/mpd_run_data_rctl_980_p424.FLOW.hdf5,2025-12-13 15:22:37.454000-06:00,5233
/global/cfs/cdirs/dune/www/data/2x2/nearline_run2/flowed_light/source_dtg_bin2/two_trig_40us_period_500tick/hv_65kV_beamC_25uA/dtg_30min_thenDecay/mpd_run_data_rctl_980_p425.FLOW.hdf5,2025-12-13 15:23:38.169000-06:00,5197
/global/cfs/cdirs/dune/www/data/2x2/nearline_run2/flowed_light/source_dtg_bin2/two_trig_40us_period_500tick/hv_65kV_beamC_25uA/dtg_30min_thenDecay/mpd_run_data_rctl_980_p426.FLOW.hdf5,2025-12-13 15:24:38.920000-06:00,5051
/global/cfs/cdirs/dune/www/data/2x2/nearline_run2/flowed_light/source_dtg_bin2/two_trig_40us_period_500tick/hv_65kV_beamC_25uA/dtg_30min_thenDecay/mpd_run_data_rctl_980_p427.FLOW.hdf5,2025-12-13 15:25:39.584000-06:00,5076
/global/cfs/cdirs/dune/www/data/2x2/nearline_run2/flowed_light/source_dtg_bin2/two_trig_40us_period_500tick/hv_65kV_beamC_25uA/dtg_30min_thenDecay/mpd_run_data_rctl_980_p428.FLOW.hdf5,2025-12-13 15:26:40.349000-06:00,5085
/global/cfs/cdirs/dune/www/data/2x2/nearline_run2/flowed_light/source_dtg_bin2/two_trig_40us_period_500tick/hv_65kV_beamC_25uA/dtg_30min_thenDecay/mpd_run_data_rctl_980_p429.FLOW.hdf5,2025-12-13 15:27:41.119000-06:00,4990
/global/cfs/cdirs/dune/www/data/2x2/nearline_run2/flowed_light/source_dtg_bin2/two_trig_40us_period_500tick/hv_65kV_beamC_25uA/dtg_30min_thenDecay/mpd_run_data_rctl_980_p430.FLOW.hdf5,2025-12-13 15:28:41.801000-06:00,5089
/global/cfs/cdirs/dune/www/data/2x2/nearline_run2/flowed_light/source_dtg_bin2/two_trig_40us_period_500tick/hv_65kV_beamC_25uA/dtg_30min_thenDecay/mpd_run_data_rctl_980_p431.FLOW.hdf5,2025-12-13 15:29:42.699000-06:00,5091
/global/cfs/cdirs/dune/www/data/2x2/nearline_run2/flowed_light/source_dtg_bin2/two_trig_40us_period_500tick/hv_65kV_beamC_25uA/dtg_30min_thenDecay/mpd_run_data_rctl_980_p432.FLOW.hdf5,2025-12-13 15:30:43.438000-06:00,5083
/global/cfs/cdirs/dune/www/data/2x2/nearline_run2/flowed_light/source_dtg_bin2/two_trig_40us_period_500tick/hv_65kV_beamC_25uA/dtg_30min_thenDecay/mpd_run_data_rctl_980_p433.FLOW.hdf5,2025-12-13 15:31:44.348000-06:00,5008
/global/cfs/cdirs/dune/www/data/2x2/nearline_run2/flowed_light/source_dtg_bin2/two_trig_40us_period_500tick/hv_65kV_beamC_25uA/dtg_30min_thenDecay/mpd_run_data_rctl_980_p434.FLOW.hdf5,2025-12-13 15:32:45.229000-06:00,5226
/global/cfs/cdirs/dune/www/data/2x2/nearline_run2/flowed_light/source_dtg_bin2/two_trig_40us_period_500tick/hv_65kV_beamC_25uA/dtg_30min_thenDecay/mpd_run_data_rctl_980_p435.FLOW.hdf5,2025-12-13 15:33:46.019000-06:00,5242
/global/cfs/cdirs/dune/www/data/2x2/nearline_run2/flowed_light/source_dtg_bin2/two_trig_40us_period_500tick/hv_65kV_beamC_25uA/dtg_30min_thenDecay/mpd_run_data_rctl_980_p436.FLOW.hdf5,2025-12-13 15:34:46.834000-06:00,5034
/global/cfs/cdirs/dune/www/data/2x2/nearline_run2/flowed_light/source_dtg_bin2/two_trig_40us_period_500tick/hv_65kV_beamC_25uA/dtg_30min_thenDecay/mpd_run_data_rctl_980_p437.FLOW.hdf5,2025-12-13 15:35:47.625000-06:00,5058
/global/cfs/cdirs/dune/www/data/2x2/nearline_run2/flowed_light/source_dtg_bin2/two_trig_40us_period_500tick/hv_65kV_beamC_25uA/dtg_30min_thenDecay/mpd_run_data_rctl_980_p438.FLOW.hdf5,2025-12-13 15:36:48.429000-06:00,5090
/global/cfs/cdirs/dune/www/data/2x2/nearline_run2/flowed_light/source_dtg_bin2/two_trig_40us_period_500tick/hv_65kV_beamC_25uA/dtg_30min_thenDecay/mpd_run_data_rctl_980_p439.FLOW.hdf5,2025-12-13 15:37:49.257000-06:00,5151
/global/cfs/cdirs/dune/www/data/2x2/nearline_run2/flowed_light/source_dtg_bin2/two_trig_40us_period_500tick/hv_65kV_beamC_25uA/dtg_30min_thenDecay/mpd_run_data_rctl_980_p440.FLOW.hdf5,2025-12-13 15:38:50.043000-06:00,5099
/global/cfs/cdirs/dune/www/data/2x2/nearline_run2/flowed_light/source_dtg_bin2/two_trig_40us_period_500tick/hv_65kV_beamC_25uA/dtg_30min_thenDecay/mpd_run_data_rctl_980_p441.FLOW.hdf5,2025-12-13 15:39:50.844000-06:00,5031
/global/cfs/cdirs/dune/www/data/2x2/nearline_run2/flowed_light/source_dtg_bin2/two_trig_40us_period_500tick/hv_65kV_beamC_25uA/dtg_30min_thenDecay/mpd_run_data_rctl_980_p442.FLOW.hdf5,2025-12-13 15:40:51.617000-06:00,5015
/global/cfs/cdirs/dune/www/data/2x2/nearline_run2/flowed_light/source_dtg_bin2/two_trig_40us_period_500tick/hv_65kV_beamC_25uA/dtg_30min_thenDecay/mpd_run_data_rctl_980_p443.FLOW.hdf5,2025-12-13 15:41:52.503000-06:00,4955
/global/cfs/cdirs/dune/www/data/2x2/nearline_run2/flowed_light/source_dtg_bin2/two_trig_40us_period_500tick/hv_65kV_beamC_25uA/dtg_30min_thenDecay/mpd_run_data_rctl_980_p444.FLOW.hdf5,2025-12-13 15:42:53.270000-06:00,5064
/global/cfs/cdirs/dune/www/data/2x2/nearline_run2/flowed_light/source_dtg_bin2/two_trig_40us_period_500tick/hv_65kV_beamC_25uA/dtg_30min_thenDecay/mpd_run_data_rctl_980_p445.FLOW.hdf5,2025-12-13 15:43:54.132000-06:00,5147
/global/cfs/cdirs/dune/www/data/2x2/nearline_run2/flowed_light/source_dtg_bin2/two_trig_40us_period_500tick/hv_65kV_beamC_25uA/dtg_30min_thenDecay/mpd_run_data_rctl_980_p446.FLOW.hdf5,2025-12-13 15:44:55.061000-06:00,5117
/global/cfs/cdirs/dune/www/data/2x2/nearline_run2/flowed_light/source_dtg_bin2/two_trig_40us_period_500tick/hv_65kV_beamC_25uA/dtg_30min_thenDecay/mpd_run_data_rctl_980_p447.FLOW.hdf5,2025-12-13 15:45:55.818000-06:00,5149
/global/cfs/cdirs/dune/www/data/2x2/nearline_run2/flowed_light/source_dtg_bin2/two_trig_40us_period_500tick/hv_65kV_beamC_25uA/dtg_30min_thenDecay/mpd_run_data_rctl_980_p448.FLOW.hdf5,2025-12-13 15:46:56.690000-06:00,5160
/global/cfs/cdirs/dune/www/data/2x2/nearline_run2/flowed_light/source_dtg_bin2/two_trig_40us_period_500tick/hv_65kV_beamC_25uA/dtg_30min_thenDecay/mpd_run_data_rctl_980_p449.FLOW.hdf5,2025-12-13 15:47:57.504000-06:00,4951
/global/cfs/cdirs/dune/www/data/2x2/nearline_run2/flowed_light/source_dtg_bin2/two_trig_40us_period_500tick/hv_65kV_beamC_25uA/dtg_30min_thenDecay/mpd_run_data_rctl_980_p450.FLOW.hdf5,2025-12-13 15:48:58.317000-06:00,5090
/global/cfs/cdirs/dune/www/data/2x2/nearline_run2/flowed_light/source_dtg_bin2/two_trig_40us_period_500tick/hv_65kV_beamC_25uA/dtg_30min_thenDecay/mpd_run_data_rctl_980_p451.FLOW.hdf5,2025-12-13 15:49:58.980000-06:00,5088
/global/cfs/cdirs/dune/www/data/2x2/nearline_run2/flowed_light/source_dtg_bin2/two_trig_40us_period_500tick/hv_65kV_beamC_25uA/dtg_30min_thenDecay/mpd_run_data_rctl_980_p452.FLOW.hdf5,2025-12-13 15:50:59.744000-06:00,5065
/global/cfs/cdirs/dune/www/data/2x2/nearline_run2/flowed_light/source_dtg_bin2/two_trig_40us_period_500tick/hv_65kV_beamC_25uA/dtg_30min_thenDecay/mpd_run_data_rctl_980_p453.FLOW.hdf5,2025-12-13 15:52:00.520000-06:00,5177
/global/cfs/cdirs/dune/www/data/2x2/nearline_run2/flowed_light/source_dtg_bin2/two_trig_40us_period_500tick/hv_65kV_beamC_25uA/dtg_30min_thenDecay/mpd_run_data_rctl_980_p454.FLOW.hdf5,2025-12-13 15:53:01.354000-06:00,5044
/global/cfs/cdirs/dune/www/data/2x2/nearline_run2/flowed_light/source_dtg_bin2/two_trig_40us_period_500tick/hv_65kV_beamC_25uA/dtg_30min_thenDecay/mpd_run_data_rctl_980_p455.FLOW.hdf5,2025-12-13 15:54:02.043000-06:00,5069
/global/cfs/cdirs/dune/www/data/2x2/nearline_run2/flowed_light/source_dtg_bin2/two_trig_40us_period_500tick/hv_65kV_beamC_25uA/dtg_30min_thenDecay/mpd_run_data_rctl_980_p456.FLOW.hdf5,2025-12-13 15:55:02.916000-06:00,5146
/global/cfs/cdirs/dune/www/data/2x2/nearline_run2/flowed_light/source_dtg_bin2/two_trig_40us_period_500tick/hv_65kV_beamC_25uA/dtg_30min_thenDecay/mpd_run_data_rctl_980_p457.FLOW.hdf5,2025-12-13 15:56:03.657000-06:00,5086
/global/cfs/cdirs/dune/www/data/2x2/nearline_run2/flowed_light/source_dtg_bin2/two_trig_40us_period_500tick/hv_65kV_beamC_25uA/dtg_30min_thenDecay/mpd_run_data_rctl_980_p458.FLOW.hdf5,2025-12-13 15:57:04.405000-06:00,5050
/global/cfs/cdirs/dune/www/data/2x2/nearline_run2/flowed_light/source_dtg_bin2/two_trig_40us_period_500tick/hv_65kV_beamC_25uA/dtg_30min_thenDecay/mpd_run_data_rctl_980_p459.FLOW.hdf5,2025-12-13 15:58:05.283000-06:00,5035
/global/cfs/cdirs/dune/www/data/2x2/nearline_run2/flowed_light/source_dtg_bin2/two_trig_40us_period_500tick/hv_65kV_beamC_25uA/dtg_30min_thenDecay/mpd_run_data_rctl_980_p460.FLOW.hdf5,2025-12-13 15:59:06.025000-06:00,5188
/global/cfs/cdirs/dune/www/data/2x2/nearline_run2/flowed_light/source_dtg_bin2/two_trig_40us_period_500tick/hv_65kV_beamC_25uA/dtg_30min_thenDecay/mpd_run_data_rctl_980_p461.FLOW.hdf5,2025-12-13 16:00:06.784000-06:00,5069
/global/cfs/cdirs/dune/www/data/2x2/nearline_run2/flowed_light/source_dtg_bin2/two_trig_40us_period_500tick/hv_65kV_beamC_25uA/dtg_30min_thenDecay/mpd_run_data_rctl_980_p462.FLOW.hdf5,2025-12-13 16:01:07.554000-06:00,5079
/global/cfs/cdirs/dune/www/data/2x2/nearline_run2/flowed_light/source_dtg_bin2/two_trig_40us_period_500tick/hv_65kV_beamC_25uA/dtg_30min_thenDecay/mpd_run_data_rctl_980_p463.FLOW.hdf5,2025-12-13 16:02:08.274000-06:00,5058
/global/cfs/cdirs/dune/www/data/2x2/nearline_run2/flowed_light/source_dtg_bin2/two_trig_40us_period_500tick/hv_65kV_beamC_25uA/dtg_30min_thenDecay/mpd_run_data_rctl_980_p464.FLOW.hdf5,2025-12-13 16:03:09.223000-06:00,5054
/global/cfs/cdirs/dune/www/data/2x2/nearline_run2/flowed_light/source_dtg_bin2/two_trig_40us_period_500tick/hv_65kV_beamC_25uA/dtg_30min_thenDecay/mpd_run_data_rctl_980_p465.FLOW.hdf5,2025-12-13 16:04:10.189000-06:00,5025
/global/cfs/cdirs/dune/www/data/2x2/nearline_run2/flowed_light/source_dtg_bin2/two_trig_40us_period_500tick/hv_65kV_beamC_25uA/dtg_30min_thenDecay/mpd_run_data_rctl_980_p466.FLOW.hdf5,2025-12-13 16:05:11.076000-06:00,5222
/global/cfs/cdirs/dune/www/data/2x2/nearline_run2/flowed_light/source_dtg_bin2/two_trig_40us_period_500tick/hv_65kV_beamC_25uA/dtg_30min_thenDecay/mpd_run_data_rctl_980_p467.FLOW.hdf5,2025-12-13 16:06:11.996000-06:00,4953
/global/cfs/cdirs/dune/www/data/2x2/nearline_run2/flowed_light/source_dtg_bin2/two_trig_40us_period_500tick/hv_65kV_beamC_25uA/dtg_30min_thenDecay/mpd_run_data_rctl_980_p468.FLOW.hdf5,2025-12-13 16:07:12.938000-06:00,4992
/global/cfs/cdirs/dune/www/data/2x2/nearline_run2/flowed_light/source_dtg_bin2/two_trig_40us_period_500tick/hv_65kV_beamC_25uA/dtg_30min_thenDecay/mpd_run_data_rctl_980_p469.FLOW.hdf5,2025-12-13 16:08:13.749000-06:00,5056
/global/cfs/cdirs/dune/www/data/2x2/nearline_run2/flowed_light/source_dtg_bin2/two_trig_40us_period_500tick/hv_65kV_beamC_25uA/dtg_30min_thenDecay/mpd_run_data_rctl_980_p470.FLOW.hdf5,2025-12-13 16:09:14.622000-06:00,5071
/global/cfs/cdirs/dune/www/data/2x2/nearline_run2/flowed_light/source_dtg_bin2/two_trig_40us_period_500tick/hv_65kV_beamC_25uA/dtg_30min_thenDecay/mpd_run_data_rctl_980_p471.FLOW.hdf5,2025-12-13 16:10:15.461000-06:00,5084
/global/cfs/cdirs/dune/www/data/2x2/nearline_run2/flowed_light/source_dtg_bin2/two_trig_40us_period_500tick/hv_65kV_beamC_25uA/dtg_30min_thenDecay/mpd_run_data_rctl_980_p472.FLOW.hdf5,2025-12-13 16:11:16.318000-06:00,5070
/global/cfs/cdirs/dune/www/data/2x2/nearline_run2/flowed_light/source_dtg_bin2/two_trig_40us_period_500tick/hv_65kV_beamC_25uA/dtg_30min_thenDecay/mpd_run_data_rctl_980_p473.FLOW.hdf5,2025-12-13 16:12:17.097000-06:00,5059
/global/cfs/cdirs/dune/www/data/2x2/nearline_run2/flowed_light/source_dtg_bin2/two_trig_40us_period_500tick/hv_65kV_beamC_25uA/dtg_30min_thenDecay/mpd_run_data_rctl_980_p474.FLOW.hdf5,2025-12-13 16:13:17.946000-06:00,4978
/global/cfs/cdirs/dune/www/data/2x2/nearline_run2/flowed_light/source_dtg_bin2/two_trig_40us_period_500tick/hv_65kV_beamC_25uA/dtg_30min_thenDecay/mpd_run_data_rctl_980_p475.FLOW.hdf5,2025-12-13 16:14:18.792000-06:00,4943
/global/cfs/cdirs/dune/www/data/2x2/nearline_run2/flowed_light/source_dtg_bin2/two_trig_40us_period_500tick/hv_65kV_beamC_25uA/dtg_30min_thenDecay/mpd_run_data_rctl_980_p476.FLOW.hdf5,2025-12-13 16:15:19.658000-06:00,4956
/global/cfs/cdirs/dune/www/data/2x2/nearline_run2/flowed_light/source_dtg_bin2/two_trig_40us_period_500tick/hv_65kV_beamC_25uA/dtg_30min_thenDecay/mpd_run_data_rctl_980_p477.FLOW.hdf5,2025-12-13 16:16:20.326000-06:00,5122
/global/cfs/cdirs/dune/www/data/2x2/nearline_run2/flowed_light/source_dtg_bin2/two_trig_40us_period_500tick/hv_65kV_beamC_25uA/dtg_30min_thenDecay/mpd_run_data_rctl_980_p478.FLOW.hdf5,2025-12-13 16:17:21.212000-06:00,5039
/global/cfs/cdirs/dune/www/data/2x2/nearline_run2/flowed_light/source_dtg_bin2/two_trig_40us_period_500tick/hv_65kV_beamC_25uA/dtg_30min_thenDecay/mpd_run_data_rctl_980_p479.FLOW.hdf5,2025-12-13 16:18:22.061000-06:00,4969
/global/cfs/cdirs/dune/www/data/2x2/nearline_run2/flowed_light/source_dtg_bin2/two_trig_40us_period_500tick/hv_65kV_beamC_25uA/dtg_30min_thenDecay/mpd_run_data_rctl_980_p480.FLOW.hdf5,2025-12-13 16:19:22.848000-06:00,5072
/global/cfs/cdirs/dune/www/data/2x2/nearline_run2/flowed_light/source_dtg_bin2/two_trig_40us_period_500tick/hv_65kV_beamC_25uA/dtg_30min_thenDecay/mpd_run_data_rctl_980_p481.FLOW.hdf5,2025-12-13 16:20:23.716000-06:00,5145
/global/cfs/cdirs/dune/www/data/2x2/nearline_run2/flowed_light/source_dtg_bin2/two_trig_40us_period_500tick/hv_65kV_beamC_25uA/dtg_30min_thenDecay/mpd_run_data_rctl_980_p482.FLOW.hdf5,2025-12-13 16:21:24.411000-06:00,5082
/global/cfs/cdirs/dune/www/data/2x2/nearline_run2/flowed_light/source_dtg_bin2/two_trig_40us_period_500tick/hv_65kV_beamC_25uA/dtg_30min_thenDecay/mpd_run_data_rctl_980_p483.FLOW.hdf5,2025-12-13 16:22:25.254000-06:00,5044
/global/cfs/cdirs/dune/www/data/2x2/nearline_run2/flowed_light/source_dtg_bin2/two_trig_40us_period_500tick/hv_65kV_beamC_25uA/dtg_30min_thenDecay/mpd_run_data_rctl_980_p484.FLOW.hdf5,2025-12-13 16:23:26.051000-06:00,5083
/global/cfs/cdirs/dune/www/data/2x2/nearline_run2/flowed_light/source_dtg_bin2/two_trig_40us_period_500tick/hv_65kV_beamC_25uA/dtg_30min_thenDecay/mpd_run_data_rctl_980_p485.FLOW.hdf5,2025-12-13 16:24:26.822000-06:00,4972
/global/cfs/cdirs/dune/www/data/2x2/nearline_run2/flowed_light/source_dtg_bin2/two_trig_40us_period_500tick/hv_65kV_beamC_25uA/dtg_30min_thenDecay/mpd_run_data_rctl_980_p486.FLOW.hdf5,2025-12-13 16:25:27.752000-06:00,4956
/global/cfs/cdirs/dune/www/data/2x2/nearline_run2/flowed_light/source_dtg_bin2/two_trig_40us_period_500tick/hv_65kV_beamC_25uA/dtg_30min_thenDecay/mpd_run_data_rctl_980_p487.FLOW.hdf5,2025-12-13 16:26:28.392000-06:00,5129
/global/cfs/cdirs/dune/www/data/2x2/nearline_run2/flowed_light/source_dtg_bin2/two_trig_40us_period_500tick/hv_65kV_beamC_25uA/dtg_30min_thenDecay/mpd_run_data_rctl_980_p488.FLOW.hdf5,2025-12-13 16:27:29.307000-06:00,4978
/global/cfs/cdirs/dune/www/data/2x2/nearline_run2/flowed_light/source_dtg_bin2/two_trig_40us_period_500tick/hv_65kV_beamC_25uA/dtg_30min_thenDecay/mpd_run_data_rctl_980_p489.FLOW.hdf5,2025-12-13 16:28:30.104000-06:00,5062
/global/cfs/cdirs/dune/www/data/2x2/nearline_run2/flowed_light/source_dtg_bin2/two_trig_40us_period_500tick/hv_65kV_beamC_25uA/dtg_30min_thenDecay/mpd_run_data_rctl_980_p490.FLOW.hdf5,2025-12-13 16:29:31.004000-06:00,5040
/global/cfs/cdirs/dune/www/data/2x2/nearline_run2/flowed_light/source_dtg_bin2/two_trig_40us_period_500tick/hv_65kV_beamC_25uA/dtg_30min_thenDecay/mpd_run_data_rctl_980_p491.FLOW.hdf5,2025-12-13 16:30:31.778000-06:00,5096
/global/cfs/cdirs/dune/www/data/2x2/nearline_run2/flowed_light/source_dtg_bin2/two_trig_40us_period_500tick/hv_65kV_beamC_25uA/dtg_30min_thenDecay/mpd_run_data_rctl_980_p492.FLOW.hdf5,2025-12-13 16:31:32.663000-06:00,5169
/global/cfs/cdirs/dune/www/data/2x2/nearline_run2/flowed_light/source_dtg_bin2/two_trig_40us_period_500tick/hv_65kV_beamC_25uA/dtg_30min_thenDecay/mpd_run_data_rctl_980_p493.FLOW.hdf5,2025-12-13 16:32:33.527000-06:00,5130
/global/cfs/cdirs/dune/www/data/2x2/nearline_run2/flowed_light/source_dtg_bin2/two_trig_40us_period_500tick/hv_65kV_beamC_25uA/dtg_30min_thenDecay/mpd_run_data_rctl_980_p494.FLOW.hdf5,2025-12-13 16:33:34.247000-06:00,5143
/global/cfs/cdirs/dune/www/data/2x2/nearline_run2/flowed_light/source_dtg_bin2/two_trig_40us_period_500tick/hv_65kV_beamC_25uA/dtg_30min_thenDecay/mpd_run_data_rctl_980_p495.FLOW.hdf5,2025-12-13 16:34:35.031000-06:00,5104
/global/cfs/cdirs/dune/www/data/2x2/nearline_run2/flowed_light/source_dtg_bin2/two_trig_40us_period_500tick/hv_65kV_beamC_25uA/dtg_30min_thenDecay/mpd_run_data_rctl_980_p496.FLOW.hdf5,2025-12-13 16:35:35.743000-06:00,4951
/global/cfs/cdirs/dune/www/data/2x2/nearline_run2/flowed_light/source_dtg_bin2/two_trig_40us_period_500tick/hv_65kV_beamC_25uA/dtg_30min_thenDecay/mpd_run_data_rctl_980_p497.FLOW.hdf5,2025-12-13 16:36:36.446000-06:00,5072
/global/cfs/cdirs/dune/www/data/2x2/nearline_run2/flowed_light/source_dtg_bin2/two_trig_40us_period_500tick/hv_65kV_beamC_25uA/dtg_30min_thenDecay/mpd_run_data_rctl_980_p498.FLOW.hdf5,2025-12-13 16:37:37.232000-06:00,4916
/global/cfs/cdirs/dune/www/data/2x2/nearline_run2/flowed_light/source_dtg_bin2/two_trig_40us_period_500tick/hv_65kV_beamC_25uA/dtg_30min_thenDecay/mpd_run_data_rctl_980_p499.FLOW.hdf5,2025-12-13 16:38:38.004000-06:00,5097
/global/cfs/cdirs/dune/www/data/2x2/nearline_run2/flowed_light/source_dtg_bin2/two_trig_40us_period_500tick/hv_65kV_beamC_25uA/dtg_30min_thenDecay/mpd_run_data_rctl_980_p500.FLOW.hdf5,2025-12-13 16:39:38.791000-06:00,5044
/global/cfs/cdirs/dune/www/data/2x2/nearline_run2/flowed_light/source_dtg_bin2/two_trig_40us_period_500tick/hv_65kV_beamC_25uA/dtg_30min_thenDecay/mpd_run_data_rctl_980_p501.FLOW.hdf5,2025-12-13 16:40:39.424000-06:00,4968
/global/cfs/cdirs/dune/www/data/2x2/nearline_run2/flowed_light/source_dtg_bin2/two_trig_40us_period_500tick/hv_65kV_beamC_25uA/dtg_30min_thenDecay/mpd_run_data_rctl_980_p502.FLOW.hdf5,2025-12-13 16:41:40.274000-06:00,5009
/global/cfs/cdirs/dune/www/data/2x2/nearline_run2/flowed_light/source_dtg_bin2/two_trig_40us_period_500tick/hv_65kV_beamC_25uA/dtg_30min_thenDecay/mpd_run_data_rctl_980_p503.FLOW.hdf5,2025-12-13 16:42:41.102000-06:00,5055
/global/cfs/cdirs/dune/www/data/2x2/nearline_run2/flowed_light/source_dtg_bin2/two_trig_40us_period_500tick/hv_65kV_beamC_25uA/dtg_30min_thenDecay/mpd_run_data_rctl_980_p504.FLOW.hdf5,2025-12-13 16:43:41.950000-06:00,2441
