file_id,light_id,n_charge_hits,charge_x,charge_y,charge_z,charge_E,charge_Q
0,11,4,-43.96736146652001,-41.319336891174316,9.542543888092041,1.1044566364272956,32.816378976110734
0,153,4,-30.92310468810897,-52.08564281463623,3.528931200504303,1.8239848014027444,54.19549714792156
0,178,4,-45.87512218269439,51.60067558288574,14.29523754119873,1.8979877033688717,56.39432252155339
0,192,4,-7.435297544414022,-16.100961685180664,34.37294387817383,1.9917535065622896,59.18035687646323
0,206,5,-30.62696275266935,-24.48122215270996,40.13437271118164,1.6598886083186868,49.31975763658768
0,220,5,37.362837547847725,-10.419899940490724,52.078460693359375,2.026510232238314,60.21307273341413
0,221,6,-19.16124102583726,-58.519561767578125,12.808000087738037,2.3964631897471262,71.20537071644263
0,269,4,-37.20638520459661,-46.26601982116699,4.1108938455581665,0.9977282822367516,29.645192346327626
0,289,4,23.38784897234074,4.988250136375427,63.65119934082031,1.4683425075445,43.62840749473375
0,291,4,-39.85250519376734,49.95178031921387,54.25666332244873,1.2579040224301783,37.37571377104964
0,294,4,14.264123036828986,50.76929950714111,-56.2242488861084,1.5843374672453927,47.07492991246904
0,296,4,30.045055822924112,-23.611050605773926,-16.20739984512329,1.9081971393659058,56.69767234060539
0,304,5,-20.444788821489308,-26.033122253417968,37.96171188354492,1.75326893557008,52.094338463869164
0,344,4,57.68887055063612,61.85430145263672,62.431851387023926,1.8281527496566417,54.31933810730514
0,361,4,26.002039911868383,-27.269100189208984,-17.53760051727295,1.618644458952169,48.0942829628719
0,426,4,-47.07645267551549,-23.375494480133057,43.490357398986816,1.5316466763118495,45.50934471265571
0,435,4,5.739066782125091,26.714850425720215,9.667249917984009,1.629940657502003,48.42992342205724
0,438,8,-9.247451002878705,-0.22169983386993408,0.8313746452331543,2.290577779060702,68.059230206692
0,451,4,-47.539423895340235,28.031193733215332,27.583381175994873,1.8460695595402012,54.851694746569635
0,475,4,21.320443007950935,20.950650215148926,-62.321001052856445,1.9571551338025552,58.15234611081382
0,543,4,37.30217235352586,16.184099197387695,-9.556399822235107,2.026198008648717,60.203795730312734
0,568,43,46.73906286315323,-19.195095228594404,53.46846709140512,19.41839367231831,576.9727346828764
0,581,4,-49.08000054061911,-3.768899917602539,-9.334699630737305,1.801396280992054,53.52433141641333
0,592,4,31.908914095839243,15.629849910736084,-55.226600646972656,1.4764847854038443,43.870336482389966
0,597,4,15.617116515454743,43.78575038909912,3.9030498266220093,1.4480320779604328,43.02492997247049
0,621,4,57.29773969250831,-60.52410125732422,53.896400451660156,1.4120930609688347,41.95708505875774
0,629,4,-29.326652205954687,-30.165055751800537,13.713274955749512,1.7029781297562765,50.60006328079056
0,685,4,-30.719556996634303,-36.35880088806152,-39.04249954223633,1.7135123447310723,50.91306315731535
0,720,5,-61.92266253330929,-19.5151424407959,18.87334213256836,1.4170650715788098,42.10481687462875
0,774,6,-23.575432138993865,-2.004537502924601,3.6259249448776245,1.9586675783642735,58.19728490902527
0,778,4,17.935963745783845,-57.64200019836426,-30.839600563049316,1.2052975859193666,35.81263496814985
0,788,4,58.30749588747089,10.530750036239626,9.223849773406982,0.8485478817350107,25.212641173916452
0,828,4,-46.41791602662684,58.778212547302246,21.084799766540527,1.842288930161398,54.73936207331562
0,877,5,25.31716179702419,9.001019859313967,49.95013961791992,1.8097876354343885,53.77366113966377
0,884,4,-40.004168179572005,7.9811999797821045,-39.04249954223633,1.5709554823693626,46.677315128275296
0,908,4,-63.79530129487626,54.09480094909668,-11.5516996383667,1.069581294402245,31.78013870821056
0,941,4,-64.765146177785,21.43561840057373,43.78133678436279,0.8136663540094254,24.176217112206473
0,942,5,47.24487841238277,26.20493965148926,-5.5214599609375,1.9299424772972928,57.343784851485296
0,943,4,-57.4414204159022,19.883718490600586,10.803462266921997,2.122163350781246,63.05518430649112
0,973,4,-50.73232885964881,59.942138671875,27.292399406433105,1.5284718801423502,45.41501297446525
0,1004,5,-42.80354760702954,16.7217227935791,19.028532409667967,2.3380799802975067,69.47064844311008
0,1120,4,-19.879644642806692,25.994324684143066,49.79495048522949,2.0153242122859494,59.880705976871695
0,1146,5,2.63476493057608,22.391700744628903,5.5214599609375,1.8631780249045287,55.360033294755276
0,1158,5,-35.30022094090439,4.616902446746826,16.390302658081055,1.3514531088265822,40.1553088866931
0,1166,4,-44.154944633173145,-1.7736000418663025,-30.28534984588623,1.8097323332548478,53.772017963080685
0,1212,4,52.72789446234166,59.52644920349121,-41.37034893035889,1.7796169043667143,52.87720752433136
0,1268,4,-20.637959571829974,32.78388595581055,43.78133773803711,1.5518007154182523,46.10817545295035
0,1283,5,4.630330533268939,-14.942580032348634,-12.172460174560547,1.6044970074504088,47.67392410520799
0,1335,7,-5.203685039002636,-28.959562029157365,47.66108758108957,1.845117741177471,54.82341366148439
0,1342,5,-10.262614890309262,-32.55110168457031,26.86562728881836,1.8008963338412676,53.50947664110835
0,1362,5,43.141995533246245,58.7504997253418,37.44626083374023,1.9583647939303297,58.188288368640954
0,1388,6,-34.175786242640385,-50.88938649495443,11.320762475331625,1.7061379422906555,50.69394981485773
0,1426,5,-20.527804350561333,61.49403762817383,60.231476593017575,1.750755084785049,52.01964519178396
0,1530,4,-29.326652205954684,38.603511810302734,59.68831253051758,2.0842357405930527,61.92825293721606
0,1544,5,-4.777204161627134,9.039817619323731,63.18008804321289,1.5709875282638857,46.678267298043316
0,1595,4,24.533303628286436,-36.69135093688964,22.08245038986206,2.114390501340717,62.82423203136173
0,1656,4,16.383413706888803,-16.073249340057373,34.8302001953125,1.743881008400996,51.81539788293575
1,5,4,-43.98332599134156,5.140668630599976,19.92087459564209,0.8952840625231664,26.60129888129499
1,88,4,42.46669613329499,-2.2170000076293945,51.679399490356445,0.9325417213463789,27.708324192546918
1,123,5,-22.887361119185368,59.24378204345703,39.20323181152344,1.8147716084245022,53.921748390041785
1,133,4,12.527980962486197,-2.6604000329971313,28.84429931640625,1.4165407940359735,42.089239177898136
1,136,4,14.60336918928677,48.55229949951172,-9.002150058746338,1.5877201226122895,47.17543770680376
1,143,5,57.037517937917166,39.3295783996582,37.44626083374023,1.830866607022704,54.399974113169435
1,154,4,-57.90439163572694,-8.868000030517578,-13.879549741744995,1.5676168535825745,46.5781154821197
1,178,4,21.65968916040872,52.0994987487793,55.226600646972656,1.4901597831021747,44.2766574660888
1,239,5,4.132237358836802,-50.946659088134766,-44.097259521484375,1.982470824603161,58.90454341395294
1,256,4,11.570109473193625,3.103800058364868,61.101651191711426,0.8032246603945612,23.865966294278252
1,289,33,-9.565110287651672,11.750100135803224,-24.41029930114746,46.57223278545272,1383.786371002238
1,297,4,-52.35272812903541,48.884849548339844,33.30601215362549,1.6698920260488275,49.61698609849503
1,387,4,21.563902011479463,6.651000022888184,59.882301330566406,1.3098443523808825,38.91900075542618
1,417,5,24.8733480069853,29.486099243164062,-52.96525955200195,2.3438478200731936,69.64202648522563
1,471,4,-31.68541074833764,-56.976898193359375,-37.4906005859375,1.2817355346093233,38.0838121331315
1,508,8,-10.153437786501268,29.596949577331543,-11.884250164031982,3.370252040702618,100.13925813373322
1,511,4,6.297825150879092,-57.53114986419678,-15.874849796295166,1.7471455180737978,51.912395250745845
1,520,5,30.301286446309877,-8.912339973449708,-63.606859588623045,1.8616647058741855,55.315068513727596
1,525,4,44.0551663530385,46.22445011138916,38.266550064086914,1.4625603232434234,43.456603238164966
1,646,5,15.629888135311978,-37.64466094970703,-62.36534118652344,2.0863476246454544,61.9910026959041
1,655,4,-57.593083401706856,30.06806182861328,53.674699783325195,1.4188860948382669,42.158924376395376
1,669,5,-60.983948473802556,57.92466735839844,16.07992305755615,1.2953666352678284,38.48882881764166
1,733,4,24.980310323289643,-8.202899932861328,48.13220024108887,1.6334411430315723,48.533932267628884
1,737,6,-15.071661917385361,-4.720362424850464,57.42512448628744,2.6262978407978808,78.03437672895728
1,754,4,53.11104305805869,21.615749835968018,-15.209749937057495,0.9759515329160815,28.99814651853798
1,817,4,-30.037073560513342,-43.78575038909912,-59.660600662231445,1.6222621659620877,48.20177477409055
1,838,4,-7.036184423875449,37.4395866394043,39.70759963989258,1.656174754706044,49.20940905105287
1,841,4,-59.25339398314731,-56.35336971282959,51.734825134277344,1.6030823330986188,47.631890323052176
1,854,4,46.234323991179096,-14.188799858093262,40.81610107421875,1.7865838449996567,53.08421407992985
1,907,4,62.063150351738855,-42.78810119628906,35.27359962463379,1.857484882369119,55.190874708673185
1,924,4,42.86980038503894,-56.86604881286621,-29.17685031890869,1.9985875393224788,59.383414381481245
1,1000,5,-39.55955616329202,5.392852401733398,48.669822692871094,1.3643940200859304,40.539818186720225
1,1027,7,21.567322981084082,-47.41212844848633,18.456070763724192,1.7427950466994855,51.7831310382495
1,1050,4,22.569667075236666,-58.19624900817871,25.518799781799316,1.6325027015785893,48.50604864653208
1,1053,4,-14.088513263792013,23.763468742370605,42.81139945983887,1.8144798176631043,53.91307850125491
1,1058,5,-6.424743123210358,8.031082344055175,31.986896514892578,2.094747527540162,62.2405864166801
1,1141,4,31.038847493065155,4.877400159835815,7.450250029563904,1.606283511898042,47.72700596017848
1,1174,4,-45.3403106011727,-11.306699752807615,-60.990800857543945,1.4597293382973424,43.372487056685195
1,1177,9,34.71536822167569,-37.17169952392578,-18.25196631749471,3.5597690740293007,105.77031922110622
1,1217,4,-58.39530077398939,47.623932838439934,59.49432563781738,1.6590314095534813,49.29428795438465
1,1240,4,-49.39529990584459,4.655699968338013,58.91236209869385,1.8364397496364995,54.565567178637195
1,1281,4,62.861376592816,55.64670181274414,-50.349199295043945,2.240517266820083,66.57179766543756
1,1316,4,17.265453703279043,-17.18174982070923,30.50705051422119,0.9296159027485387,27.621390248057555
1,1342,4,-54.54385916079217,-43.16221904754639,60.65825080871582,1.8912270765460104,56.193446104483044
1,1352,5,-63.174281279318244,61.41644287109375,27.020816802978516,2.0186915262738427,59.980757937549605
1,1505,5,-5.818091179991728,45.89744186401367,57.59324722290039,1.3619075020261442,40.46593704345974
1,1526,4,-12.192725941233798,-46.16902542114258,49.79495048522949,0.9984996353717328,29.668111323829386
1,1548,4,-29.5741023406886,-59.651156425476074,34.95490741729736,1.8328386538921335,54.458568932822274
1,1567,5,17.23591933235919,39.50693893432617,20.951779937744142,1.8947236832019283,56.297339698279714
1,1595,4,-56.08842693727644,-28.225181102752686,38.15569877624512,1.2893708962967743,38.310679277110644
1,1601,4,-33.62234938216023,54.7598991394043,-5.1224000453948975,1.5545918356757376,46.19110714724829
1,1604,4,35.993081318159355,-52.32119941711426,15.431450128555298,1.6817835116198916,49.970314137114386
2,50,5,58.67547818460746,-19.819980239868162,63.16345977783203,1.3472594425133617,40.03070377455472
2,62,4,-32.05259481923313,-57.4202995300293,36.60379981994629,1.1917635094157015,35.410501132390884
2,187,4,-17.7244337918984,-44.61712455749512,6.050768613815308,1.4938209632252377,44.385440980493584
2,192,4,-59.17756249024499,-25.218375205993652,3.819912433624268,1.7199456513009157,51.104214008785995
2,201,4,63.336321206256905,57.97455024719238,-11.219150066375732,1.4751369174417928,43.83028769786228
2,215,4,10.029532827914739,-3.325500011444092,64.0945987701416,2.146247470717053,63.77078832484009
2,219,4,39.20993306970024,34.14179992675781,15.985699653625488,1.491536752020517,44.31757091834421
2,298,6,-29.947938296926395,15.131024837493896,9.05757474899292,1.7842379438316223,53.014511042950744
2,327,4,61.11725225606244,-11.52839994430542,-47.35624885559082,1.8122776138901948,53.84764510060262
2,460,4,-59.09374873493188,-32.479050636291504,-44.25244998931885,1.5559039502190355,46.2300936014854
2,461,9,1.815984686363787,-15.515920639038086,56.442871517605255,3.341228966531261,99.27690449335856
2,506,4,12.20070820364457,-10.419899940490724,-3.34879994392395,1.9974925155809924,59.35087827919958
2,552,4,-23.26013277376839,-53.540550231933594,48.631025314331055,1.3021764134072873,38.69116565260388
2,586,4,31.633526042667633,59.08305072784424,39.70759963989258,2.1124218199465137,62.76573720903499
2,603,4,-25.36745005021205,55.092451095581055,59.97929286956787,1.5387637712001079,45.72081275527397
2,702,4,41.2613745092685,-21.061500549316406,45.91520118713379,1.8023170782987972,53.55169078244152
2,704,4,-34.751839513284395,-54.025519371032715,64.24701595306396,1.1838772340460282,35.17617866765534
2,761,4,-32.519557170263255,-23.56948184967041,56.68150520324707,1.7579644954908857,52.233856185782315
2,796,4,-21.986961919250348,-23.08451271057129,56.584510803222656,1.5013910793068903,44.61036950193582
2,857,4,-60.247185653288355,26.867268562316895,20.599831581115723,1.5731027024638637,46.741114815870276
2,904,4,-60.207274341234495,-19.78672504425049,61.434200286865234,1.8069860445351442,53.69041833442063
2,927,4,-51.67024469291445,16.84920024871826,-50.12749862670898,1.3683076446895366,40.656102506019195
2,935,4,42.10350319360489,46.77870178222656,-5.344099998474121,1.7820593705629064,52.94977976817234
2,964,4,-20.21489966405909,57.86370086669922,-23.301799774169922,1.3105602827840406,38.940272974412125
2,990,5,-55.13773948415356,-61.261253356933594,48.35944290161133,2.040128475512279,60.61770739042788
2,1011,4,-35.593968197620775,-24.83039951324463,35.245887756347656,1.6945553281985362,50.34979917911111
2,1029,4,-10.368778980372525,59.08305072784424,-24.29944944381714,2.003321085008211,59.52406076269746
2,1051,4,-33.61312712053894,34.0448055267334,29.32926845550537,1.3483633151521786,40.06350280139017
2,1057,4,-2.4823037185303454,-25.938899993896484,-12.660200119018555,1.6362174959079785,48.61642518329308
2,1068,4,62.901287904869854,18.401100158691406,12.216800212860107,1.7106381471537768,50.82766301226858
2,1092,4,52.90749536658403,36.80220031738281,31.06130027770996,1.7255232013372934,51.26993803063991
2,1098,5,19.01436739747907,48.81834030151367,-45.16141967773437,2.2491390031064977,66.82797265327802
2,1215,4,-24.545277021902592,-8.42460012435913,-48.79729843139648,1.1344262326234102,33.70685633311601
2,1235,4,-57.70882620666304,-48.10890007019044,32.91803741455078,1.3505476870135125,40.1284063679604
2,1239,4,35.23476638913607,59.748148918151855,23.19094944000244,1.465199217800135,43.53501189722394
2,1311,4,60.69419234829156,57.198598861694336,-31.393849849700928,1.9536178860115305,58.047244959519944
2,1337,5,51.30625352698328,29.397419357299803,59.17285919189453,1.2520164522134776,37.20077821531364
2,1445,4,-47.31192941663325,-29.389106273651123,40.1925687789917,1.147362037019189,34.09121389448294
2,1476,4,-8.36123998406351,-51.60067558288574,21.76375675201416,0.77955708358179,23.162738893113335
2,1499,5,33.047184715615245,-16.804860305786132,4.545980167388916,2.010461708893495,59.73622791513846
2,1501,5,-20.099955085343982,-60.16938018798828,-8.979980087280273,1.978758159982322,58.79423015656444
2,1504,4,-60.82989080927467,4.17073130607605,20.211856365203857,0.8042991556050688,23.897892438658253
2,1505,5,48.10376984778178,58.39577941894531,40.904780578613284,1.7542916637471568,52.124726470370774
2,1509,4,27.14749456781408,-8.757150173187256,30.617900848388672,1.9698529567416945,58.52963260264956
2,1519,4,31.126652379583643,-45.67020034790039,62.321001052856445,1.9792169727542643,58.80786271877336
2,1557,4,-19.90758256124439,-59.845144271850586,30.008225440979004,1.627421369297568,48.35506858960839
2,1565,4,-32.12044404972468,32.92244911193848,-37.4906005859375,1.432645642792081,42.56775757572585
3,3,4,22.829090603586735,24.16530036926269,58.330400466918945,1.6791935729083438,49.89336008796494
3,16,4,16.187848277824898,-44.11830139160156,14.655500173568726,2.212837391276558,65.74935407110485
3,37,4,33.59441146372254,24.608699798583984,52.566200256347656,0.9824511360418233,29.191267219101302
3,51,60,-36.82217230722482,-49.78643010457357,-53.57863006591797,28.172287178484282,837.0744691829507
3,172,4,-33.67822521903563,33.947811126708984,9.83352518081665,1.0466120914724737,31.097661874569674
3,194,4,58.0281167030939,57.64200019836426,-16.318249940872192,1.9124622125834456,56.824399144040996
3,205,4,-49.626785515756964,29.042699813842773,-22.414999961853027,1.6989635497629703,50.480779305173
3,211,4,-39.32168474345104,-61.10606384277344,55.03261184692383,1.6003167447192863,47.5497172495654
3,235,4,37.20239407339122,39.3517484664917,34.941049575805664,1.6182805484141405,48.083470201432974
3,257,4,-16.175874884208742,-34.5851993560791,-14.544650316238403,1.8206622172929294,54.09677423229818
3,301,4,31.46589853204143,20.728949546813965,8.226200103759766,1.7471063753672251,51.91123221559293
3,308,6,26.060576502880707,21.72659969329834,25.8882999420166,2.294306634715042,68.17002454325905
3,371,6,-50.419690248560265,52.39509963989258,-51.08820025126139,2.066261364510024,61.39418585124347
3,390,4,-45.34829286358347,-35.402719497680664,42.520419120788574,1.990425065502503,59.14088531748342
3,403,4,28.89161890456764,43.8966007232666,54.11809921264648,2.174199617221684,64.60132182216144
3,426,4,-25.543059823249024,-6.429299831390381,-37.93400001525879,1.9362157931617876,57.53018194853388
3,482,4,-50.70439094121111,-25.273799896240234,-15.320600032806396,1.1078089306351344,32.915984658702065
3,490,51,-22.338181465324293,11.306699752807615,-24.853700637817383,39.95071065004078,1187.0431285538166
3,493,4,21.252593777459378,-39.79514980316162,55.559149742126465,1.7750089187964195,52.74029187205153
3,498,4,-25.61090905374058,38.35409927368164,-10.44320011138916,2.1000571213238164,62.39834873714315
3,506,4,13.42997661490337,-49.88249969482422,-62.321001052856445,1.1635500185776533,34.57220239159521
3,547,4,-32.5075837766471,3.4917749166488647,31.754112243652344,1.7860018959414705,53.06692280727293
3,559,5,25.610909053740578,25.229459762573242,6.4082599639892575,1.8156886746677179,53.94899689613155
3,596,429,-21.03317116176438,-17.740134307415612,45.47412591325097,189.47141028811308,5629.7055041166295
3,597,4,58.39929190519477,35.47200012207031,41.259498596191406,1.9424532781397192,57.71551441351481
3,663,4,36.63565344222645,5.4316500425338745,36.71465015411377,1.933599355291789,57.45244053807248
3,767,16,-30.343392880526697,11.306699752807615,-27.07069969177246,3.315458506269742,98.51119476566257
3,838,4,-7.674765416737165,-10.863300323486328,-34.38680076599121,2.1503466547816537,63.892586115101835
3,849,4,60.10350492989447,-5.76419997215271,-6.452600002288818,1.7386398943541175,51.6596702797446
3,879,5,18.347050259938577,48.463619232177734,-64.05025863647461,2.137748090050327,63.51824885174339
3,904,5,-52.23219596663275,-35.034141540527344,57.90362701416016,1.9945604122665117,59.26375759886545
3,931,4,53.78554423176888,-19.95300006866455,5.565799951553345,2.0919393510983686,62.15714793724481
3,951,4,-32.46368133338786,-41.45790100097656,-50.1274995803833,1.9073763293265324,56.673283865375986
3,969,4,63.324347812640745,-6.540149927139282,20.64140033721924,1.575331656604187,46.807343041928874
3,984,5,-18.098003672722506,13.307542610168458,42.850196838378906,1.9216401783239832,57.09710120588519
3,995,5,57.96026747260235,-27.00306053161621,30.263179779052734,1.7057792025533032,50.68329069182251
3,1003,4,29.05924641519384,-39.9060001373291,46.580299377441406,1.3107218785115098,38.9450744183608
3,1010,4,-58.794413894527956,-42.38626766204834,8.572606325149536,1.8629066850060574,55.35197105614318
3,1012,4,47.7988474236903,-41.45790100097656,22.414999961853027,1.8526922022163232,55.048471283298156
3,1019,5,-26.086651893422562,-27.041857147216795,7.699662590026856,1.940070287614341,57.644709351914315
3,1027,4,64.00284011755632,-59.19390106201172,56.113399505615234,1.7716222323082453,52.63966430225513
3,1037,5,-64.35246321114809,9.355739974975586,-7.206380081176758,2.0017549225408664,59.47752586094451
3,1054,5,13.663058677297897,-40.74845886230469,-8.181860160827636,1.4509050924825995,43.11029496576555
3,1137,5,4.017292780121693,30.19554023742676,-28.48957977294922,1.9287748544711736,57.309091635020906
3,1157,4,-53.19485681337179,25.71720027923584,-24.41029930114746,2.0493416063019767,60.891454300518625
3,1161,4,-11.59405626042594,25.218375205993652,7.699662685394287,1.7841192346561408,53.01098387387768
3,1196,4,-26.65658542955164,34.25264930725098,-43.69820022583008,1.5086648357286652,44.82649238032154
3,1235,4,-64.58554527354264,-14.064093351364136,32.04509258270264,1.4141986894358687,42.019648947169514
3,1256,4,-61.149181305705525,-27.04740047454834,-3.9030498266220093,1.9339801868786881,57.46375606941119
3,1270,531,32.55428060592424,2.9071508590728325,54.97149888090719,217.588995173907,6465.15462096923
3,1287,5,11.159821185279972,19.642620468139647,57.84265899658203,1.7951478586370881,53.338673972526124
3,1298,4,-6.046383884939792,-44.56169891357422,-44.14159965515137,1.542059768603427,45.81874570829736
3,1511,4,21.42421241929096,43.45319938659668,4.1247498989105225,1.3395338948401099,39.80115696222939
3,1525,5,-16.689932583462426,-32.94461898803711,-47.73313903808594,1.9156898358268808,56.92030051676604
3,1572,5,-2.107935611465165,15.918059539794921,-18.380059432983398,1.6307558105845676,48.454143813875895
3,1582,4,42.51458970775961,23.167649745941162,17.205050468444824,1.738242816687078,51.64787203364354
3,1585,81,-10.784792817003037,-55.69049237098223,-59.51553679101261,36.67993697263374,1089.8596403092392
3,1607,5,27.14031053164439,-15.829379653930664,-39.2198600769043,2.00534322438147,59.58414396544778
3,1610,6,-3.3616829607836656,4.267724911371867,21.47277545928955,2.544453281090877,75.6025546004162
3,1615,4,-58.5868750718479,35.139451026916504,-16.65079975128174,1.4620457285977009,43.44131324636616
3,1623,4,31.294279890209843,23.500200271606445,42.81139945983887,0.9874676553128745,29.340321507074357
3,1647,5,4.930463599913945,-23.278499603271484,-31.14998016357422,2.229382037819466,66.24094004475985
4,53,4,16.100043391306414,-33.809250831604004,3.7921998500823975,1.167311481673162,34.68396558299236
4,130,5,50.11529997529617,19.90866012573242,5.610139942169189,1.296756359376869,38.530121260939424
4,138,4,16.567005742336544,55.3141508102417,22.08245038986206,1.8837012770887396,55.96983434921586
4,143,4,55.481774994057815,7.09440016746521,45.250099182128906,1.8332147342520777,54.4697432924217
4,147,4,-27.127538911787152,20.618099212646484,-40.59440040588379,1.8554296402919501,55.1298079355039
4,164,5,-30.63015565763366,-61.183658599853516,63.10249328613281,2.404603801968677,71.44725021351742
4,228,4,2.853478920631217,2.8821001052856445,50.460049629211426,1.700940440119278,50.53951803785577
4,251,4,-51.486652657466706,-30.262049674987793,26.516449451446533,1.925061577973676,57.1987601971302
4,339,4,-64.10660952889634,52.08564281463623,18.75694990158081,1.462363182096444,43.450745644143
4,359,4,10.069444139968596,-50.10420036315918,-57.77614879608154,1.6289413253095517,48.400230573222004
4,371,6,17.47698365716449,55.79450035095215,31.652499516805012,1.8314099007089166,54.4161168306959
4,425,5,-51.702173742557534,-56.915931701660156,55.65337219238281,1.9132399340244313,56.847507341052506
4,449,4,30.947051475341283,43.8966007232666,-58.44125080108643,1.5755269846023148,46.813146762418924
4,456,4,9.530641427241523,55.97924995422363,-38.48824882507324,2.3303657588913684,69.24143816466187
4,459,6,-32.595388663165586,11.750100135803224,-24.853700637817383,2.5177153944618818,74.80810003180973
4,473,4,13.270331366687941,-41.2362003326416,54.89405155181885,1.6808621247967566,49.942937254967696
4,483,5,-42.92487799567326,1.1251275181770324,52.627166748046875,1.6359551190208754,48.60862925986995
4,526,6,-20.07920120307597,45.005099614461265,51.605499267578125,2.061376531465176,61.2490443154442
4,568,50,-22.349356632699365,9.533100128173828,-27.07069969177246,19.127342479793956,568.3248204775489
4,597,4,-7.666783154326394,20.465680599212646,22.73369312286377,1.4335525260016793,42.594703516482305
4,653,4,-18.877870710254875,-21.14463806152344,28.26233720779419,1.7804577658185263,52.9021917809866
4,716,7,20.5387514532961,-57.356956481933594,31.69472803388323,2.1108355840000614,62.71860587019612
4,742,4,-3.284521090812875,29.874074935913086,34.56693077087402,1.596203334902719,47.42749677392845
4,790,4,-52.20904740564151,6.207599878311157,46.98213005065918,1.6252630619116741,48.29093946874806
4,847,4,-54.432107487041364,36.35880088806152,-34.60850143432617,2.052861349066548,60.99603533036715
4,870,4,10.272991831443266,-45.2268009185791,10.44320011138916,2.0209172734592613,60.04689087634743
4,881,5,-50.69960158376465,54.97605895996094,3.5095324516296387,2.0980776460967214,62.33953320099292
4,903,4,7.000264243026979,55.42500114440918,26.738150119781494,1.5784344927602882,46.89953665446288
4,917,5,18.034145573436334,31.969139862060548,-14.123419952392577,1.837500853566455,54.59709543203346
4,934,4,5.555474746677348,-37.7998514175415,-49.68410015106201,1.0708450859855592,31.81768935726005
4,965,4,-57.07423634500671,41.2223424911499,9.445549964904785,1.9607406570064623,58.258881654542975
4,974,4,-56.90261770317513,-32.20192527770996,15.265175342559814,1.0625437236589776,31.571033541954947
4,1101,6,-22.928868883721382,-36.432701110839844,-56.630699157714844,2.22337197038241,66.06236476694325
4,1122,4,23.144389968812206,17.18174982070923,5.233250021934509,1.4414040250025055,42.82799268170943
4,1134,4,22.429977483048162,-45.2268009185791,6.009199857711792,1.0844018468618868,32.22049720677888
4,1161,4,-44.57800454094403,-25.703343391418457,24.285593509674072,1.5379167494031267,45.695645458185076
4,1212,4,-37.493746651384384,-37.2455997467041,9.930518865585327,1.6560264084397633,49.205001284252994
4,1258,4,-9.50669464000921,45.87804317474365,7.020706415176392,1.380722592673011,41.024984021650525
4,1282,4,-28.795831755638382,9.50538730621338,59.88229942321777,1.9944789905049278,59.26133833920697
4,1353,4,43.96736146652002,2.3278499841690063,11.773399829864502,1.1910134604433766,35.38821515889528
4,1378,7,-25.305302435728187,-20.036137444632395,17.565312794276647,2.215531557072647,65.82940498743139
4,1396,4,-27.087627599733302,54.427350997924805,-28.29005002975464,1.430713393244342,42.51034524160276
4,1462,4,-18.171440486901602,-8.632443904876709,3.722918689250946,1.1549013324358748,34.315226651024595
4,1508,4,-28.676097819476812,-6.498581290245056,61.53119468688965,2.2347417274303285,66.40019084706691
4,1524,4,2.885407970274303,-57.198598861694336,10.221500396728516,1.697652282565621,50.44181802786442
4,1542,5,42.8258979417797,18.84449958801269,6.940340137481689,2.175364936081857,64.63594658159715
4,1558,5,-48.582705592428056,-51.3013801574707,-18.912139892578125,1.8919189643847283,56.214003954176235
4,1579,6,-51.268470818238946,47.65626335144043,51.47617403666178,2.415301324590532,71.76510239972903
4,1580,4,28.66811555706604,-17.736000061035156,-3.34879994392395,1.0974013985909836,32.606748872975174
4,1605,5,-21.731529522105667,-40.39373931884766,-17.58194046020508,1.6332544745782893,48.528385845520695
5,39,5,-57.68567764567181,58.307099151611325,-47.99917984008789,1.550985508901042,46.083953473444566
5,64,4,29.174989220150028,35.47200012207031,45.80435085296631,1.994483258226703,59.26146514470619
5,123,4,-5.2321931190411055,-6.207599878311157,46.01219463348389,1.5043324524053703,44.697765612499374
5,159,4,32.7869629610241,-57.86370086669922,56.002549171447754,1.743751546631122,51.811551225345966
5,229,4,-22.733303454657477,9.422250032424927,-48.02134990692139,1.6031034098553474,47.63251657021625
5,239,4,-32.02864803200082,-60.136125564575195,19.726886749267575,2.161319458057114,64.21861763036587
5,242,6,-47.84940175229185,61.68802452087402,39.319623947143555,2.0115496094072016,59.7685523671528
5,277,5,-8.784299891834394,57.53669128417969,47.81627731323242,1.701076154739816,50.54355048446642
5,303,4,-24.83662959989575,-38.991485595703125,38.15569877624512,1.32820775624995,39.4646269038715
5,308,4,52.76381464319014,-60.74580001831055,-52.12280082702637,1.644855257926162,48.873076338752746
5,315,4,22.441950876664322,-40.79279899597168,29.06599998474121,1.2209470442376458,36.27762249052533
5,346,4,-19.30492174923115,-32.36820030212402,-38.599098205566406,2.144834700387639,63.72881111631315
5,352,4,-44.90926843099104,50.7692985534668,-12.660200119018555,1.317642790927671,39.15071335176782
5,406,5,-25.511928999847015,53.424156951904294,7.544472599029541,1.9445367834935063,57.7774209646944
5,494,4,16.71068646573043,59.30475044250488,-52.01195049285889,1.647839140736513,48.9617355272579
5,519,8,-0.37317076770356294,27.352237462997437,34.46300935745239,2.8641864329926507,85.10268700758445
5,526,4,57.00239598330977,-57.198598861694336,-57.443599700927734,1.4314667081896313,42.532728255944505
5,560,4,49.77844850156162,54.427350997924805,18.424399375915527,1.8936585835358488,56.265692720809895
5,613,55,-35.205153798924655,48.16180572509766,34.49110003384677,29.07263903421941,863.8263458389915
5,618,5,-18.84833633933502,-39.689842224121094,54.799827575683594,1.3247435061035033,39.36169470904891
5,630,5,-24.439112931839336,-34.72376251220703,44.55728759765625,1.7229586663383025,51.19373879415687
5,646,5,32.134013895823,-3.148140048980713,55.09358139038086,2.0732456124727032,61.60170665418585
5,675,5,19.119733261301253,48.37493896484375,62.72006072998047,2.172733707685937,64.55776570480643
5,686,212,37.61412139040343,38.092661290798546,45.62657160129187,94.61382166005924,2811.2312657365683
5,726,5,19.13569778612279,-9.267059898376464,-58.99549942016601,2.0375530363343897,60.541184161444505
5,745,4,37.10261579325658,25.273799896240234,-9.002150058746338,1.7932582071935494,53.28252734271862
5,790,4,10.109355452022452,-17.514299392700195,3.7921998500823975,1.473582162024559,43.78409173026671
5,814,4,-50.6804441539788,19.980712413787842,29.62024974822998,1.5126128880066787,44.94379963847872
5,815,6,40.39396866063133,-28.82100009918213,53.37910079956055,1.5926372527804693,47.321538877055076
5,824,4,-21.73152952210566,-5.099100112915039,-47.02370071411133,2.1030550114612527,62.48742412103247
5,872,4,-52.995300253102506,-58.86135005950928,-59.549750328063965,2.3373602908659095,69.44926453327295
5,883,5,27.919379342935684,-57.68634033203125,54.38414001464844,1.0777484560688149,32.02280706074662
5,904,7,-12.971566687884783,-46.141312735421316,16.235112735203334,2.443276172620078,72.59631042044981
5,905,4,-54.64762857213219,-38.40952491760254,10.706468343734741,1.0969089192021437,32.59211598497481
5,1007,73,-18.188061088085675,11.306699752807615,-26.62730026245117,20.79872574647908,617.986115348567
5,1053,4,-53.039202696361755,-9.754799842834473,-48.575599670410156,1.6045950938221467,47.676838515281844
5,1071,4,42.279112966641854,54.427350997924805,29.841949939727783,1.3249567289893391,39.36803013481139
5,1090,8,-9.392947400655716,-53.62368679046631,-6.020540237426758,3.4079595166329253,101.25964872178234
5,1106,4,-16.471218593407286,-53.24956798553467,31.754112243652344,2.3316988039800606,69.28104652173083
5,1133,5,27.91299353300706,60.790139770507814,-28.932979583740234,1.6332564067021833,48.5284432541213
5,1171,32,35.285653312004726,43.67490017414093,-61.01851236820221,15.93015167681471,473.3276774580641
5,1244,4,62.59397080205517,19.066200256347656,31.837249279022217,1.7072766358018936,50.727783463522556
5,1301,4,7.387403969949393,53.87310028076172,41.70289993286133,2.2362714600364075,66.44564331960181
5,1424,4,48.23787185628274,61.078349113464355,17.205050468444824,1.5729910237359097,46.73779654031357
5,1425,5,19.368779848517324,21.682259750366207,-4.102579879760742,1.8976502098229928,56.38429468004449
5,1554,6,-33.22598739361653,13.708449840545654,12.484687805175781,2.227630400320457,66.18889418066675
5,1607,4,63.96292880550246,-27.60164976119995,-8.780450105667114,1.461966715544092,43.438965555903934
6,33,4,61.448516146109455,43.120649337768555,-17.870150089263916,1.6959895144129276,50.39241271121504
6,58,4,17.273435965689817,37.46730041503906,16.429099798202515,1.576083392503846,46.829679138575415
6,75,5,20.285143573273878,30.55025978088379,64.05025939941406,1.6187647954678361,48.097858484601375
6,81,4,18.227316323777004,55.53585147857666,10.332350254058838,1.5360965217369857,45.64156159563698
6,135,4,28.580310670547558,28.15589904785156,-5.1224000453948975,2.0017187787586623,59.47645193190527
6,158,6,-63.47335004430848,-47.850250879923514,13.648612340291342,2.315491519697536,68.79948448873931
6,164,4,-53.29064396230105,55.771406173706055,14.683212518692017,2.0094522457008415,59.706234047022726
6,171,4,63.966919936707846,-59.637298583984375,-49.46240043640137,1.7746855980002714,52.73068514107875
6,202,4,47.28000036699016,-33.2549991607666,-24.853700637817383,2.1940451134925585,65.19098492446366
6,205,5,-27.71822633018424,-43.10402297973633,16.700682067871092,1.4348379178802964,42.63289596843585
6,295,4,22.95281567095369,-10.641600131988525,37.71229934692383,1.3726486984167485,40.785086894875484
6,306,5,-8.014809795436028,-2.0839800357818605,-3.3044599533081054,1.5397242855915865,45.749352222776054
6,314,4,-12.452149469583869,16.779919147491455,63.66505527496338,0.992747350223695,29.497195451561836
6,318,5,-15.332947973631281,-15.474660110473632,-24.58765983581543,1.2940086090773197,38.448478204808744
6,327,4,-33.71015426867872,17.846850395202637,60.852237701416016,1.7950313450158557,53.335212039278474
6,368,4,-33.32301454175631,-18.73364973068237,-60.2148494720459,1.616812160994689,48.03984045948461
6,372,6,-26.29472286693,-6.281499862670898,-7.043800036112468,2.3584946273873126,70.07722254793843
6,378,4,-2.378534307190317,55.57741832733154,14.392231225967407,1.361038568965608,40.440118703763154
6,382,4,29.067228677604614,-18.84449958801269,-15.763999938964844,2.4089758463077673,71.57715541685438
6,401,5,-18.251263111009315,1.4355075359344482,12.277767562866211,1.882052141236242,55.920834084892476
6,491,4,-49.335432937763805,-9.699374675750732,37.18576431274414,1.6805092016469494,49.93245095840202
6,503,4,-26.96390253236634,-20.659668445587155,24.09160566329956,1.3238856109377466,39.336204334911336
6,547,4,-7.355474920306307,-61.52175045013428,-19.31120014190674,1.7358832405928193,51.57776267780442
6,659,4,-54.440089749452135,44.71411895751953,51.24985599517822,1.1042088542858282,32.80901670185776
6,689,4,9.29915581732915,50.436750411987305,46.46944999694824,1.9939332311055993,59.245122358708116
6,747,4,25.056141816191968,58.19624900817871,38.48824882507324,1.5396274480824135,45.74647491976993
6,801,4,41.38909070784084,59.748148918151855,-58.8846492767334,2.1900690506472147,65.07284539696921
6,821,5,-32.2074507100021,14.083492279052734,46.18678283691406,1.8693805324025696,55.54432648467743
6,835,4,-9.17942188116758,22.21156930923462,50.085930824279785,1.5656219256437056,46.51884080431638
6,925,4,-31.996718982357727,18.428812503814697,51.05586910247803,1.375889065925244,40.881366934012775
6,943,6,-27.42554337512262,39.379462560017906,3.1732874711354575,2.2473373315842173,66.77444014370221
6,945,5,-54.97170842600951,16.7217227935791,61.78337860107422,1.50343051002127,44.67096647696517
6,946,4,6.96035293097312,-29.042699813842773,-13.990399837493896,1.1264781360064358,33.470696992750135
6,950,5,-32.19148618518055,-35.18933258056641,35.78905258178711,1.3459211164207638,39.990938504647545
6,973,4,-39.497294516488004,-1.7458875179290771,46.98213005065918,2.0457630576900296,60.785125990686595
6,986,4,-10.612237983901052,-44.00745105743408,-47.13455009460449,1.9435359264160237,57.74768280742112
6,1041,4,-55.46581046923627,-53.540550231933594,4.692856192588806,2.1911633850683065,65.10536101768686
6,1074,5,25.776940111884624,7.8481800079345705,7.295060062408448,1.774315115993729,52.71967712362516
6,1084,173,36.1221942620549,-40.01492773728564,-55.54313132666439,71.68237074859668,2129.8761461576623
6,1149,5,-27.255255110359496,-17.691659927368164,-8.536579895019532,1.856410287077549,55.158945590615474
6,1228,4,-59.564702217167394,-29.389106273651123,50.95887565612793,0.964667112800725,28.662856028339036
6,1283,5,37.38199497763358,-59.90333938598633,21.30649948120117,1.60069376953403,47.56091967145862
6,1334,4,21.45215033772866,59.748148918151855,24.742850303649902,1.6383851478720133,48.68083195671804
6,1365,4,4.158578824792347,-7.537800073623657,41.59204959869385,1.021071074552834,30.338769526037595
6,1402,5,-39.23387985693255,48.147697448730476,26.400057220458983,1.8723325116815994,55.63203773340842
6,1403,5,58.01135395203128,46.51266098022461,-40.106658935546875,1.9510470064970122,57.970857210406265
6,1423,4,-49.546962891649244,-1.9398750066757204,5.565799951553345,1.268849089808166,37.70092117815706
6,1445,4,21.671662554024877,35.80454921722412,-43.14395046234131,1.7428434978802834,51.78457065322255
6,1456,5,9.282393066266533,-38.620140075683594,22.459339904785157,1.7329716460617188,51.49125136861762
6,1464,5,-21.415431930639116,7.0999424934387205,36.17702865600586,1.2778037128810495,37.966987128286654
7,4,5,-11.989976476000203,-38.17674026489258,-55.00490112304688,2.0320967840697266,60.37906422282414
7,161,5,36.992460571987934,14.055780029296875,17.22722053527832,1.4578977086654648,43.318064411050145
7,165,4,-34.380664311183516,22.835100173950195,-60.104000091552734,2.0772939990146697,61.7219951133441
7,206,5,24.20603086944481,-40.74845886230469,30.795260620117187,1.9308610727622983,57.37107879486986
7,234,5,-23.57383568651171,58.23504638671875,51.38564758300781,1.7567886515852973,52.19891869892238
7,259,4,-17.109799586269,-45.68405628204346,48.92200565338135,1.6216463527392024,48.183477305965354
7,311,4,-40.37534338167287,26.38230037689209,27.87436294555664,2.0135855677528864,59.82904616876342
7,323,4,34.19707227573578,2.438699960708618,-60.879950523376465,1.8769570723643132,55.76944587688508
7,350,4,64.34607740121949,34.14179992675781,-53.56385135650635,1.823753510219945,54.188624864430984
7,382,4,26.704479004016267,-50.99099922180176,4.457300186157227,1.603564160552743,47.646206713405704
7,436,6,-22.46057615562279,-32.58989906311035,56.196537017822266,1.8928874270436755,56.24277958609515
7,448,4,45.41614209407503,41.56875038146973,38.48824882507324,1.6127296384543273,47.91853772794741
7,503,4,-58.38332738037323,53.734538078308105,10.415487289428713,1.9737491969958303,58.64540038614109
7,527,4,-27.853924791167355,38.79749870300293,16.2351131439209,1.1074744642928898,32.90604676355993
7,540,4,46.46980073229686,-12.193499565124512,-62.98610019683838,2.276895189479977,67.65268364773598
7,563,5,14.499599777946742,-58.57313919067383,10.310180282592773,1.7948416211747913,53.32957483337666
7,592,4,-49.052062622181424,-53.65139961242676,-30.617900848388672,1.6022577397891538,47.60738943668682
7,605,5,-4.0109069701930755,57.76947784423828,58.21400833129883,2.0312253979706334,60.353172996750416
7,661,4,-57.11414765706057,-49.88249969482422,-38.37739944458008,2.038545670145151,60.570677983333084
7,668,4,-29.406474830062397,-35.88768768310547,17.884006023406982,1.3598369153840562,40.40441434197148
7,747,4,-58.57490167823174,-41.56875038146973,-10.110650300979614,1.8235108975702552,54.18141618969082
7,786,4,57.022351639336705,-12.969450235366821,25.962200164794922,2.189882458738567,65.06730124920814
7,845,4,6.098268590609806,4.434000015258789,62.8752498626709,1.1475003191661712,34.09532262921395
7,869,4,12.747493178782413,48.6631498336792,19.42204999923706,1.2733700529892118,37.83525116105812
7,870,4,8.469000526608923,-44.00745105743408,-5.565799951553345,1.8191048448391693,54.05050050550446
7,918,5,-14.407005533981794,2.2114574909210205,17.243848037719726,2.0350023577820973,60.465396637283284
7,919,4,53.91725156154661,-54.53820037841797,59.99315071105957,1.8801997746364607,55.86579528813378
7,924,4,18.96567559677336,54.427350997924805,57.443599700927734,1.5362785318016805,45.64696960448358
7,948,4,-35.11104132176911,19.95300006866455,-32.72404956817627,1.4867390436206085,44.175018090215474
7,989,5,-4.643102153126174,45.093780517578125,-3.8365398406982423,1.671332018234419,49.659772141628295
7,995,6,-3.0876252846805126,24.442424774169922,29.62024974822998,1.6397416152717759,48.72113625368288
7,1021,4,62.374458585758944,-17.403449535369873,8.669600009918213,1.4794531041288326,43.958533220033
7,1073,4,20.26279323852372,2.3278499841690063,-9.667249917984009,1.3858620320002388,41.1776905952944
7,1084,4,-61.464480670930996,-59.069193840026855,46.01219463348389,1.871354418781269,55.602975961101166
7,1103,4,-47.3797786471248,42.483262062072754,14.392231225967407,1.7708560019321857,52.61689753570725
7,1118,5,-2.8646540880062967,-8.108677291870118,53.480712890625,1.881224161942404,55.89623259181905
7,1124,5,22.635121627004985,-45.18246078491211,-7.472420024871826,2.3462150119100453,69.71236212527263
7,1141,5,-54.02660855657418,-52.33782730102539,16.700682067871092,2.0816818778525343,61.85237080225337
7,1157,5,-18.44922321879645,-48.53567123413086,23.76182746887207,1.4357812713707803,42.66092553938604
7,1160,5,63.59574473460698,-53.784420013427734,3.9252198219299315,1.5044810163508053,44.70217984713276
7,1162,5,-44.843813879222715,58.484458923339844,-51.72373962402344,2.0079355603472755,59.66116924347268
7,1190,4,26.109800454413794,-44.11830139160156,23.523499965667725,1.6974871024474114,50.436910082020546
7,1213,15,-6.054366147350564,10.419899940490724,-26.183900833129883,3.751661051320333,111.4719462850967
7,1216,4,-33.812683680808234,-4.655699968338013,56.39052391052246,1.3153156220860847,39.08156690261982
7,1307,6,-21.51334768287791,-53.66987609863281,42.8760617574056,2.0198078152401147,60.013925886888494
7,1322,4,45.942971413185944,44.00745105743408,-56.55679893493652,1.449614992022569,43.0719626091865
7,1345,4,-44.68177395228406,-14.258081197738647,35.73085594177246,1.186464768496322,35.2530612797326
7,1372,4,-31.90492296463386,-4.946681261062622,6.729725122451782,1.4145497609977928,42.030080228076216
7,1390,4,58.431220954837855,-13.967100143432615,4.235599994659424,2.2963267630274125,68.23004799197818
7,1397,4,57.569136614474544,36.69135093688964,40.70525074005127,1.2876289645961512,38.258921798407755
7,1407,4,27.865898184783514,7.205250144004822,-63.20779991149902,1.6074165360228576,47.76067115611529
7,1453,4,32.8428387978995,-55.42500114440918,8.891300201416016,1.9398270491838516,57.637482083542494
7,1454,4,-2.3545875199580024,52.76460075378418,26.9044246673584,2.3478081720904767,69.75969920173749
7,1474,5,-48.020754318709756,17.808052825927735,46.885136413574216,1.3816981525775731,41.053970531836754
7,1497,4,-41.4848778567701,14.355074882507324,36.409812927246094,1.3594187085099665,40.39198829026616
7,1501,5,-55.757163047229426,8.263867378234863,22.20992774963379,1.5048662539978959,44.713626294377335
7,1526,5,10.34243751441698,-12.725580024719239,4.634660148620606,1.9285198108814283,57.30151360359763
7,1534,4,55.32612087704777,32.14649963378906,55.670000076293945,1.6640206297303177,49.4425311128014
7,1563,5,-61.34474673476943,-38.13794326782226,40.44475173950195,2.299778920274259,68.33262087420933
7,1567,4,51.438759083002076,58.30709934234619,11.884249925613403,1.4051449418982538,41.75063774242951
7,1584,4,-48.48532199101665,-48.884849548339844,30.20221328735352,1.9643054030073217,58.36479985165409
8,61,4,34.189090013325,-4.54485011100769,-11.329999923706055,1.710099734934062,50.81166533624873
8,67,4,-21.272549433486304,59.26318073272705,62.8891077041626,2.005439876886893,59.58701577149459
8,111,4,-30.484080255516545,-48.399881362915046,6.147762298583984,1.212544298772029,36.02795430931772
8,115,228,7.323306111426989,-37.160274718937124,42.88019519939757,104.48975559560542,3104.671841022794
8,133,4,-59.153615703012676,31.91094398498535,47.4670991897583,2.0507563056291813,60.93348882476122
8,193,5,-52.848426624744306,45.58706283569336,44.324502563476564,1.698713292615173,50.47334349182122
8,198,4,-44.769578838802545,17.846850395202637,-61.101651191711426,1.3029189355567703,38.71322798393669
8,214,4,37.980664658441434,-29.264399528503418,-42.58969879150391,1.6075260302512786,47.76392452431197
8,248,4,16.11201678492257,15.519000053405762,-21.084799766540527,1.924834205156819,57.19200433883685
8,282,4,-21.392283369647878,-8.438456058502197,16.914068698883057,0.7679986568707987,22.819306929552983
8,290,4,50.285322164645606,22.170000076293945,-54.78320121765137,1.7037545325672194,50.62313229775481
8,298,5,-9.949710203807022,-42.94883346557617,52.937548065185545,1.3778329407113257,40.9391246852528
8,357,5,-29.324257527231453,36.27566223144531,7.156497573852539,2.152786129261687,63.96506946700444
8,385,4,-31.102705592351327,29.098124504089355,53.674699783325195,1.3592821729064415,40.387931450041535
8,405,4,49.96603166821475,14.853899955749512,19.31120014190674,1.7901885598889848,53.191319860281425
8,445,4,-28.06146361384741,-19.78672504425049,15.847137451171877,1.872787334093611,55.645551731284954
8,508,4,30.520000436365013,28.15589904785156,31.726399421691895,1.5435167668171794,45.86203704629382
8,533,4,-24.397605167303325,-8.646300315856934,-40.37269973754883,1.6030706915554713,47.63154442147561
8,554,6,2.3825254383957026,19.140100479125977,48.05830001831055,2.1356063019078855,63.45461056206253
8,564,5,-9.192991727265891,22.54134750366211,62.947303771972656,1.941592244362183,57.68993078277467
8,642,4,11.131085040601196,29.707799911499023,-23.96689987182617,1.3000021328430755,38.62656192562879
8,731,453,-17.61752410599622,2.279521413196791,-8.272666540103769,217.8662293668679,6473.391994933292
8,743,4,-30.436186681051915,-5.722631216049194,13.713274955749512,1.9190139684862078,57.01906944396288
8,745,4,-62.40239650419665,43.93816947937012,8.281625270843506,1.763557368760257,52.40003550212627
8,756,4,-22.15458942987655,-58.77821350097656,11.482418775558472,1.222393397184212,36.32059752898522
8,775,6,-64.66004638937649,-60.394774754842125,21.92541249593099,2.1245990577710616,63.127555716120334
8,814,4,33.526562233230976,25.162949562072754,-42.700549125671394,2.0483190692178317,60.86107197190229
8,829,4,43.72390246299148,-40.23855018615723,-6.341749906539917,1.7571648156345772,52.21009554515718
8,845,4,-29.494279716580884,10.752450227737427,-15.209749937057495,1.0287417800793104,30.566686830591333
8,868,4,48.20195167543426,55.97924995422363,-50.349199295043945,1.2107871679723663,35.97574522447864
8,876,5,36.874323088308515,60.435420989990234,-29.465060424804687,1.8754361581989798,55.72425542395687
8,881,4,-56.97844919607745,58.30709838867188,-48.46475028991699,1.2433954398070526,36.944624735895786
8,925,5,-37.800265527958004,30.37290000915528,-11.196979904174805,1.784199467720405,53.01336781413976
8,935,4,16.15192809697643,46.5570011138916,37.26890182495117,1.6199645918419243,48.13350766376118
8,968,4,-56.052506756427974,-28.419168949127197,5.953774929046631,1.9006442888435302,56.47325682539426
8,997,5,-46.07627519544583,-48.72966003417969,-18.912139892578125,1.6459926516651975,48.9068713676875
8,1024,5,-4.745275111984047,-39.76743698120117,29.659047317504882,1.4048688907114735,41.742435518762775
8,1051,4,18.239289717393163,39.79514980316162,-3.6813498735427856,1.5022038086718172,44.634517878580766
8,1066,4,-12.136850104358397,56.20094966888428,-47.35624885559082,1.2599536953905295,37.43661507077069
8,1129,4,29.821552475422514,33.809250831604004,29.841949939727783,1.4255839649726496,42.35793612336055
8,1139,4,31.29827102141523,-13.080300331115724,-6.230899930000305,1.5632271713815142,46.44768621043668
8,1157,4,23.707139468771594,30.483749866485596,42.03545093536377,1.8996669978831513,56.44421888088115
8,1179,4,-25.483192855168234,57.12931728363037,4.7898499965667725,1.4953845856637098,44.43190041115302
8,1208,4,-16.147936965771045,-7.759500026702881,50.18292427062988,1.8272933893031356,54.29380419849643
8,1244,4,55.29419182740469,-32.03564977645874,7.450250029563904,1.4015333424707563,41.64332740392128
8,1310,5,-40.006562858295226,29.292112350463867,56.73970184326172,1.7976837647632227,53.414022568150735
8,1338,4,-48.57711800874052,41.61031913757324,36.7007942199707,2.04314301447096,60.7072774556016
8,1364,4,9.949710203807024,27.934199333190918,-43.69820022583008,2.175793496878098,64.64868027619399
8,1392,5,-40.718580665336034,-57.597660064697266,-46.935020446777344,1.680988065365833,49.94667928820556
8,1467,4,-36.64762683584261,25.994324684143066,27.583381175994873,1.9354039073186042,57.50605863519002
8,1480,5,5.642481406954756,-27.180420303344725,38.067020416259766,1.7433841724129864,51.800635548649595
8,1485,4,-50.804169221345745,-42.38626766204834,31.560124397277832,1.4924650551145102,44.345153301511125
8,1528,4,17.900043564935373,-17.29259967803955,-3.570499897003174,1.4616465310712117,43.429452013535894
8,1568,5,-32.94820466172168,5.631180000305176,-25.38577995300293,1.7280959330671166,51.346380814054974
8,1580,4,-44.402394767907055,15.629849910736084,-40.26184940338135,1.8523178528054312,55.037348354853386
8,1615,5,-49.712993949793294,39.41825866699219,-40.284019470214844,1.6332315033849505,48.52770330954663
8,1633,4,-6.122215377842121,57.198598861694336,-18.424399375915527,1.9004177696931701,56.46652633182992
8,1644,5,-46.32532178266189,-4.47834005355835,-57.13322067260742,1.6473455357504307,48.94706919473428
8,1648,5,-46.79467881241525,8.03108253479004,15.691947555541992,2.078349619940578,61.7533604519343
8,1662,6,-42.543858003265775,61.30005073547363,9.380887349446615,2.172344183469029,64.54619189203657
9,51,4,33.51733997160969,13.634549856185913,62.8752498626709,1.2369196549031494,36.75221173880275
9,61,5,-37.28301492374001,24.48122215270996,4.052697563171387,1.7140839863868447,50.930048169307334
9,116,4,-60.42279542632533,50.436750411987305,-48.575599670410156,1.443412814542605,42.887679224989554
9,154,4,16.060132079252558,49.66079902648926,-28.733449459075928,1.8856614231503401,56.028075563840716
9,155,6,-30.868559228302033,-20.562674522399902,26.96908696492513,2.0088628804712187,59.68872241995405
9,205,4,-34.420575623237376,-45.19908905029297,7.117700099945068,1.576249797509048,46.83462347910823
9,237,7,-6.209450102759837,-28.409270967755997,-44.42664337158203,1.8679456575271398,55.501692490600746
9,239,4,12.372326845476154,6.651000022888184,14.544650316238403,1.6511693283625086,49.06068436380955
9,271,4,13.980752721246597,-37.46730041503906,-51.236000061035156,1.9975567986504776,59.35278830219226
9,275,4,-57.04629842656902,-36.37265586853027,34.56693077087402,1.396613510736001,41.49714596285658
9,310,4,-48.25782751230967,26.604000091552734,-12.549350261688232,1.7323618587941452,51.47313294784174
9,328,4,40.834323470292226,-13.41284990310669,37.04720115661621,1.0029915927747994,29.801579467006494
9,408,4,25.55503321686518,26.049749851226807,56.44594860076904,1.746197856554296,51.88423767665979
9,415,5,-10.735164825026933,48.286258697509766,-45.78218078613281,2.1561104004185956,64.06384250933715
9,430,4,-64.04275142961018,46.36301326751709,22.830686569213867,1.7216786657066063,51.155706530658264
9,465,5,38.95290422007339,7.050060176849366,47.73313903808594,1.8180482541193252,54.019106351726535
9,487,4,20.574101472543802,-48.88485050201416,3.7921998500823975,1.7102446879085187,50.815972279216524
9,508,4,-55.086653004724624,4.267724990844727,42.03545093536377,1.8485821852568671,54.92635161857682
9,591,5,31.1282488320658,-50.946659088134766,-10.842259979248047,1.1007290964549101,32.70562373199532
9,650,4,-48.696851944902086,-32.92244911193848,-47.13455009460449,1.3865786056384242,41.19898192652407
9,689,4,-51.36691872130513,59.554161071777344,49.018999099731445,1.8588171901935242,55.23046115963602
9,714,4,-31.48186305686297,19.62045049667358,-63.09694957733154,1.92676989178522,57.24951879787626
9,806,6,-23.62864722173234,-1.681225021680196,27.87436294555664,2.4140860391834797,71.72899299971584
9,847,4,2.3266496015203026,-27.934199333190918,21.528200149536133,1.9693949433874445,58.51602379329168
9,851,5,-13.474677284403688,-8.186272239685058,57.981222534179686,1.9657151616820687,58.406687575815916
9,852,4,-17.80425641600612,-11.195849895477295,-2.905400037765503,1.7475600897672698,51.924713291452065
9,877,4,24.15414616377479,-3.21465003490448,44.806700706481934,1.2199059638240222,36.24668918968647
9,905,4,-35.47423426145921,42.5664005279541,-9.334699630737305,1.771064465986552,52.62309156377982
9,911,4,-20.490287717230707,43.120649337768555,-17.426750659942627,1.8083344745017749,53.730483817616815
9,930,5,-57.24505676059722,16.627500152587892,-17.49326057434082,1.3383308152293691,39.7654102292728
9,991,5,64.16727472321821,59.814659118652344,-44.00857925415039,2.748466576530512,81.6643386474289
9,1007,5,-31.469889663246818,52.72580337524414,59.765907287597656,1.8028752188266843,53.56827463958988
9,1028,4,-30.41623102502498,11.93023133277893,15.750143766403198,1.8144775350934192,53.91301067996671
9,1063,4,-6.397603431013735,-4.655699968338013,43.39336395263672,1.2083131854741427,35.90223654648781
9,1083,4,-24.672993220474936,-9.214406251907349,48.24304962158203,1.577577811974259,46.87408236281516
9,1102,202,29.730309683806322,45.005099957532224,-23.297409897983663,90.13447161109531,2678.1377209786997
9,1204,4,-15.665010089919372,21.04764413833618,64.05302906036377,1.322235958831562,39.287188731301576
9,1233,5,-12.686029758219473,21.998182678222655,3.5095324516296387,1.343299431500268,39.913041190195024
9,1252,4,-61.775788904951085,-11.971799850463867,-10.110650300979614,1.8193981279114513,54.05921473486381
9,1266,5,-59.57587738454248,36.27566223144531,9.01877727508545,1.610106733032581,47.840604149118136
9,1320,4,-24.712904532528796,-60.42710590362549,17.69001865386963,1.4928656063093149,44.35705475547003
9,1323,5,-57.931531327923565,2.366647481918335,24.149802017211915,2.1458652890129963,63.75943267788719
9,1377,5,50.27175231854729,15.031260108947754,-10.310180282592773,1.740431463184352,51.712902611151435
9,1382,6,-25.501818134126705,-45.975037256876625,60.59358787536621,1.7546762157592914,52.136152545555625
9,1427,4,22.40603069581585,-25.162949562072754,9.223849773406982,1.4188205530401552,42.15697695318775
9,1429,4,-25.902261631733744,49.757792472839355,39.22263050079346,1.3306212641116326,39.53633871766168
9,1434,6,-26.24416853832845,-35.54589970906576,-56.113399505615234,2.001210357438437,59.461345366220606
9,1491,7,-42.3788912467765,57.50343649727957,24.936837605067662,2.3399766611471478,69.52700393549038
9,1536,4,-43.56425721477605,4.267724990844727,30.10521936416626,1.5901013219652316,47.24618954785076
9,1559,5,-29.28913557262406,1.2027225255966187,30.900567245483398,1.9808008912366006,58.85492519951661
10,78,4,43.907494498439235,-33.58755016326904,-25.85134983062744,1.292495159471005,38.40350954401756
10,113,4,-25.26767177007741,12.415199756622314,51.92881393432617,0.788694523557711,23.43423682542806
10,193,68,-17.44364597297832,11.306699752807615,-25.74049949645996,68.57914132596174,2037.6708486165767
10,201,4,-5.351927055202676,35.402719497680664,31.754111766815186,1.3599661557470903,40.40825442096821
10,260,5,-4.20248126805159,45.093780517578125,-51.63505935668945,2.256218780078438,67.03833188017268
10,293,4,-38.96647406617171,-14.188799858093262,-6.674300193786621,1.4676668046976096,43.60833054470471
10,313,6,-26.04727273219608,4.877400159835815,-19.532899856567383,1.5754625329614766,46.81123173071772
10,353,4,63.899070706216285,-40.12770080566406,28.95514965057373,1.8657546738513453,55.43659246922921
10,410,6,-41.97179586382716,54.63981246948242,59.88229942321777,1.8626642715293893,55.34476829936952
10,412,4,7.570996005397136,38.90834999084473,9.999800205230713,1.6723265122191926,49.689321234292876
10,450,66,-17.46319611300043,10.863300323486328,-24.853700637817383,16.466178250382036,489.254469510628
10,464,4,22.65747196175515,16.73835039138794,-53.896400451660156,1.9348251864614725,57.48886328107414
10,585,5,-63.97250752039539,43.40885925292969,-24.498979568481445,1.943449309025386,57.74510917164102
10,597,6,-28.133303975544354,-51.21269989013672,52.96341323852539,1.812942873001044,53.86741173912775
10,663,5,-7.02500925650037,23.162107849121092,11.036247444152831,2.1163741040216753,62.883170205274034
10,675,4,58.03609896550467,15.629849910736084,10.44320011138916,1.0575346249645547,31.42219973928374
10,710,5,56.03175287415996,-18.84449996948242,62.808740234375,1.9169525589778118,56.957819419814065
10,743,4,52.69197428149319,-45.00510025024414,30.39620018005371,1.7129307063524766,50.895781115785155
10,747,5,-26.463414679210974,-57.06557846069336,-28.844299697875975,1.7407543952779816,51.722497792726294
10,769,5,-10.358402039238522,0.969937515258789,36.64259719848632,1.8057722600038963,53.654353529466746
10,795,5,64.58554527354264,29.574779510498047,8.713940048217774,1.392174420444029,41.36524864382578
10,819,4,23.43574254680537,-11.639250040054323,40.48355007171631,2.003949731696789,59.54273954762576
10,856,161,-31.80401317930667,24.449826412319396,-3.1512249256513134,73.46281278544006,2182.7778705884684
10,931,4,-29.20292713858773,-47.72092628479004,13.713274955749512,1.017550367680379,30.234159849949258
10,954,4,-40.04807062283123,53.92852592468262,8.960581064224243,1.030785506881482,30.627411453950607
10,1066,4,-24.780753763020353,-19.980712890625,12.549350261688232,1.6096384089087719,47.826688979048356
10,1157,5,7.366650087681387,19.02186012268066,51.19166030883789,1.9672397567239033,58.451987397490925
10,1168,5,-64.33011287639795,45.27668380737305,11.812197303771972,1.668211922171143,49.56706569080236
10,1182,7,-44.985670085494135,34.66833768572126,46.33088738577707,2.4395890382888323,72.48675573667211
10,1226,4,-4.505807239660904,-60.30240058898926,-38.59909915924072,1.6411031479205875,48.76159105282853
10,1303,5,-29.027317365550754,15.208620262145995,-62.5427001953125,1.9093889720348547,56.73308489665365
10,1306,4,33.39361490424273,-30.040350437164307,-12.216800212860107,1.6620141495323997,49.382913186292356
10,1310,4,34.2170279317627,42.67725086212158,63.98374843597412,1.5173487822976985,45.084515803078574
10,1335,5,-49.792816573901014,4.47834005355835,-57.66529846191406,2.255808926394194,67.02615402421772
10,1366,4,56.35583272803728,9.311399936676025,61.65589904785156,1.7354204706128917,51.564012536296644
10,1369,4,28.708026869119898,-10.752450227737427,36.71465015411377,1.814707462078247,53.919842429464246
10,1375,5,-29.55095377969736,19.5151424407959,36.48740844726562,1.702188895841273,50.57661301719368
10,1434,4,10.636184771133367,-51.3235502243042,-61.5450496673584,1.1976136509607458,35.584324581564125
10,1449,4,-61.815700217004945,36.469651222229004,-27.84665012359619,1.9062255106787689,56.63908994627387
10,1485,6,-7.895608010101841,-27.546225547790527,19.080262502034504,1.9678279985413754,58.46946564496129
10,1499,4,-10.963457529974995,34.82075595855713,15.362169027328491,2.389152909315407,70.98816261142824
10,1503,6,3.143501121555913,8.94189993540446,14.87720012664795,2.046114354413077,60.795563961736214
11,9,4,-12.911129558203225,13.967100143432615,-12.216800212860107,1.1983618121865058,35.60655446502898
11,10,4,-57.4414204159022,-50.54759979248047,-39.37505054473877,1.4556422044760282,43.25104731158103
11,60,4,10.907581693099596,27.934199333190918,34.16510009765625,1.4668341477941733,43.58359006726176
11,81,4,-14.874766111252999,11.348268985748291,5.080831289291382,1.1781703860493344,35.00661285543444
11,89,4,-27.159467961430238,-48.49687385559082,12.549350261688232,2.03936193570779,60.59493142992862
11,120,5,-62.85818368785169,54.66567764282227,38.582472229003905,1.8545511142915987,55.10370456374893
11,131,4,-44.17090915799468,31.038000106811523,61.53119468688965,2.0068223329265598,59.62809226089147
11,137,4,-30.911131294492815,1.6488937735557556,11.094443798065186,1.555117846541157,46.206736345657575
11,158,4,8.169665686204993,-41.790449142456055,-46.80200004577637,1.6791573753157545,49.892284560074344
11,179,5,-44.48940142818446,61.10606307983399,17.39903793334961,1.3816984303728908,41.05397878588323
11,182,4,-21.14084210370858,-32.58989906311035,8.960581064224243,1.5422550018105394,45.82454661229124
11,203,4,7.259687771377051,-11.971799850463867,4.013899803161621,1.7706060986512302,52.60947223669167
11,205,5,62.114236831167794,-27.00306053161621,30.35186004638672,2.236992239563145,66.46705961909923
11,220,6,2.595385769349608,43.82270050048828,-26.848999977111816,2.0686217576448853,61.46431948355772
11,251,4,28.332860535813644,-59.41559982299805,21.749900817871094,1.9887415240020379,59.09086276876663
11,253,4,62.62989098290363,-8.31375002861023,-9.556399822235107,2.0022842688340607,59.49325416388926
11,318,5,-47.88345940524448,56.915931701660156,57.3604621887207,2.179715462737804,64.76521243665962
11,424,9,2.872264102895969,-37.66436682807075,-39.97856648763021,3.570023871603763,106.07501685470046
11,444,4,-24.50935684105412,-33.947811126708984,64.15002250671387,1.5651752015857356,46.505567430332675
11,463,4,18.410908359224745,46.44615077972412,31.615549564361572,1.696938447145455,50.42060805646118
11,497,4,-3.424210683001375,43.8411750793457,40.48354911804199,0.7023880683499966,20.8698397737313
11,515,4,-59.90793950083057,52.43204975128174,-25.518799781799316,1.5151255902348355,45.0184587838482
11,561,5,55.71884818765771,2.527380037307739,6.674300193786621,1.6138650923724431,47.95227511958221
11,568,4,60.79796175963158,44.34000015258789,-44.25244998931885,1.353155924368607,40.20590411905482
11,573,4,-28.907583429389184,16.003968238830566,9.05757474899292,2.0512605059091844,60.94846997198125
11,592,4,-4.825097736091761,38.991485595703125,16.623087406158447,1.975396034260425,58.69433235323193
11,609,4,-30.54394722359733,19.78672504425049,36.8947811126709,1.3754453309187564,40.86818237279273
11,615,4,-62.498183653125906,14.964750051498413,-59.328049659729,2.006781702682586,59.62688502699911
11,664,4,41.181551885160786,-9.754799842834473,-11.329999923706055,1.654715780232055,49.16605899304628
11,676,4,-47.87867004779802,-22.945950031280518,-3.6813498735427856,1.7703982576090007,52.60329671998632
11,731,4,57.01436937692593,-24.83039951324463,-37.379751205444336,2.0894338979271754,62.08270418086636
11,738,5,-9.381373120160097,9.660577201843262,26.012083053588867,1.5048968748779015,44.71453612312905
11,745,4,-19.875653511601303,14.937037467956545,36.409812927246094,1.722234706464033,51.17222799797537
11,760,4,-13.441950008519527,-48.884849548339844,20.40584421157837,1.6946843288569908,50.353632135839696
11,852,4,6.804698813963078,-36.58050155639648,-63.20779991149902,1.9165497073046938,56.945849612453436
11,885,4,-22.39804843340508,51.503682136535645,4.886843800544739,1.789371120682436,53.1670315415668
11,893,4,-27.981640989739695,5.76419997215271,-56.55679893493652,1.7242124262603782,51.23099137555381
11,925,5,-28.222705314544992,45.27668380737305,61.78337860107422,1.9856077214711665,58.99774906190166
11,991,4,-39.904389899437355,1.9398750066757204,4.692856192588806,2.1799478861264006,64.77211836103143
11,1004,4,-37.85693959107448,7.468518853187561,26.613443851470947,2.06737434640039,61.42725553845723
11,1008,18,-6.15015329627982,12.193499565124512,-26.183900833129883,10.52299344213793,312.6664545901875
11,1018,4,-48.441419547757405,-28.807143211364746,36.50680637359619,1.1227542171121905,33.36004934061128
11,1086,5,16.55902347992577,-59.37126007080078,26.804660034179687,1.3813101697656174,41.04244251835624
11,1087,6,-7.626871842272537,42.80657513936361,26.581112543741863,1.699159851784819,50.48661196652909
11,1149,4,20.65392409665152,55.757551193237305,29.06599998474121,1.3724667673424236,40.77968123304534
11,1168,4,62.68576681977903,-45.89189910888672,57.000200271606445,1.1003284173935972,32.693718478778344
11,1178,4,26.117782716824568,-18.51195001602173,57.111050605773926,1.0790170768804874,32.06050119916702
11,1183,5,-46.44665217130562,51.8334602355957,-18.912139892578125,1.3395939948719273,39.802942695915576
11,1199,44,-24.30980028078484,10.419899940490724,-26.62730026245117,7.824536174238264,232.48802708696792
11,1220,4,-14.132415707051257,24.83039951324463,-59.10634899139404,1.7806192108542813,52.9069887474789
11,1228,4,-10.528424228587953,-35.69369888305664,-27.62494945526123,2.0205335301265483,60.03548882920448
11,1284,5,47.95051040949496,-36.757860565185545,8.181860160827636,0.9387657774613627,27.89325764986997
11,1338,71,-17.7898658584205,10.419899940490724,-26.62730026245117,33.33378240632457,990.4363829907311
11,1347,10,-25.34270503673866,-20.48508014678955,36.565002250671384,3.5065653133216834,104.18949230880364
11,1406,4,15.114233983576144,-49.77164936065674,4.346450090408325,1.1395167611968595,33.85810963663674
11,1410,4,-58.766475976090256,-54.53820037841797,-31.615549564361572,1.8388376659864933,54.636815726655314
11,1427,5,-5.367891580024219,-39.45705795288086,10.260297393798828,1.8564921200448106,55.16137706830124
11,1477,4,-13.601595256734957,46.6539945602417,34.76091957092285,1.8982185909641884,56.40118281337373
11,1522,4,12.64771489864777,-39.79514980316162,3.459649920463562,1.2135377042819564,36.05747106046532
11,1539,4,49.85028886325856,59.19390106201172,-56.55679893493652,2.0498760135399166,60.90733297775174
11,1543,4,26.61667411749778,-41.790449142456055,-20.75225019454956,1.1073791587112145,32.903214978242474
11,1575,4,-62.57002401482285,24.054450035095215,57.554450035095215,0.8421377920071662,25.022180157302632
12,22,4,-35.24274865154683,25.412363052368164,57.16647529602051,2.0248821691076446,60.164698596367074
12,26,58,-15.89924820411132,11.750100135803224,-25.297100067138672,17.652113413231515,524.4917947813209
12,38,4,-40.479112793012895,24.442424774169922,14.29523754119873,1.5553661321111338,46.21411357812639
12,60,4,20.80159595125079,17.514299392700195,47.245399475097656,2.0458977439998933,60.789127883419724
12,174,5,56.81401459041557,-33.21065902709961,21.217819595336913,1.4885953347080358,44.23017349406369
12,190,4,45.66758336001433,57.53114986419678,21.195649623870846,1.726914123357931,51.31126606711504
12,231,4,-43.52035477151681,-41.125349044799805,30.20221328735352,1.8888768436390049,56.12361435988156
12,268,4,-23.391840103546123,-6.40158748626709,13.325299739837646,1.5363568005570294,45.64929517984146
12,294,7,-34.725041918048234,58.611937386649,24.60428782871791,2.440486406802596,72.51341897020941
12,303,4,-9.76611816835928,-19.01077556610107,8.087637901306152,0.9955842756679578,29.581488141229627
12,312,4,-63.17268482683609,-56.976898193359375,-7.782800197601318,1.5988064991965023,47.50484379071873
12,316,4,-50.40505610080718,12.80317497253418,34.46993637084961,1.5659441508548098,46.52841498250907
12,334,5,17.931972614578463,-16.982220077514647,21.92726058959961,2.3319520830315166,69.28857212397281
12,335,5,34.090109959431445,-36.13710021972656,9.512059783935547,1.9966605408926519,59.32615807220312
12,342,5,52.28966825599032,13.701059913635254,34.4311408996582,1.4521165846613793,43.14629165875843
12,370,4,-38.22811479317535,36.69134998321533,-16.65079975128174,1.5046411849829848,44.706938888239776
12,380,4,45.112816122465716,37.46730041503906,-8.004500150680542,2.164049112395101,64.29972300677879
12,390,4,-54.3961873061929,-42.0121488571167,-34.719350814819336,1.4034683663350362,41.70082217045503
12,416,5,48.375166769748,-3.8575798988342287,56.42377853393555,1.7811450607021686,52.92261316162397
12,512,4,-13.238402317044855,-46.11359977722168,-45.58265018463135,1.201612696606418,35.70314698990752
12,521,5,27.510687507504183,-57.597660064697266,42.412339782714845,1.7209036024878912,51.13267731658421
12,608,4,5.256139906273419,-19.177050590515137,-62.431851387023926,1.41566517580528,42.06322220380509
12,650,4,-17.069888274215145,26.049749851226807,-4.346450090408325,1.3264026656823629,39.4109928052583
12,653,6,-31.515122483574515,-53.34656206766764,35.827850341796875,1.793015988027773,53.275330359444474
12,655,7,-19.14983779382187,-13.828537396022252,3.4873624529157365,2.264618390919086,67.28790692323659
12,656,6,-37.102615793256575,1.3302000164985657,-30.39620018005371,2.1805265464066808,64.78931191524605
12,660,4,-50.59263926746031,9.533100128173828,-21.528200149536133,2.0157916703589227,59.89459541424041
12,666,4,-4.142614299970804,4.988250136375427,-37.71229934692383,2.1660987167221673,64.36062226722024
12,670,4,-60.06359361784061,-22.987518787384033,29.717243671417236,2.0305364003003223,60.33270102173858
12,752,5,-9.889045009485162,-55.98479385375977,42.927792358398435,1.9699412792843358,58.5322569030846
12,757,4,-35.41037616217304,51.01871109008789,26.128475189208984,1.5350313633794523,45.609912874286124
12,799,4,20.190952876826778,-1.7736000418663025,-34.16510009765625,1.6100886341513745,47.840066382649866
12,853,4,13.537737157448785,36.02624988555908,53.56385135650635,1.813788863019465,53.892548379298894
12,856,4,12.891173902176298,32.70075035095215,-39.596750259399414,1.6950187343104075,50.36356822181089
12,864,4,-8.596716725181267,17.846850395202637,-7.22855007648468,1.6040123833673823,47.659524619483506
12,876,4,-42.15937903048029,8.535449981689453,32.04509258270264,2.141426164881904,63.62753435340507
12,890,5,8.66296950319067,-32.767259979248045,51.901100158691406,1.8109526161321055,53.808275851382845
12,911,5,18.64399042161927,-52.276859283447266,48.70861892700195,1.9203731092203273,57.05945317288591
12,927,6,-8.331971688557347,-26.677900314331055,-60.03010050455729,1.8654180003910001,55.42658899466852
12,942,4,-9.043723420184467,12.027225017547607,40.48354911804199,1.2941043380645385,38.45132257064436
12,1039,4,19.807804281109746,-11.971799850463867,-20.53055047988892,1.4027943200925632,41.68079444260147
12,1092,8,22.66425854938806,-4.122234582901001,14.902397632598877,4.445153412293051,132.07747065256845
12,1162,6,-48.181996019407336,-34.400451024373375,28.32699966430664,2.236896622159829,66.46421856872168
12,1242,4,-18.730198855655605,21.948299407958984,-25.075400352478027,1.876041079874152,55.74222927488823
12,1255,4,-22.06678454335806,9.602380990982057,26.8074312210083,1.425055251434558,42.342226621272786
12,1259,5,55.59432489404968,46.423980712890625,-4.3686200141906735,1.9590419059076478,58.20840718772724
12,1284,4,28.779867230816844,57.087748527526855,26.738150119781494,1.5155318718781852,45.03053050485512
12,1315,4,30.140842971853374,51.87779998779297,61.101651191711426,1.874314788057168,55.69093649921824
12,1362,4,25.918226156555285,-39.9060001373291,5.454949975013733,1.6853061145121857,50.07498014905471
12,1392,4,35.13498810900142,24.054450511932373,59.21719932556152,1.6814566733813097,49.96060289346077
12,1432,4,7.028202161464678,-50.99099922180176,51.901100158691406,1.2940206312564682,38.44883541610527
12,1442,4,-18.989622384005678,-10.641600131988525,-13.990399837493896,1.7079556621968575,50.747959165109194
12,1539,4,33.31379228013502,-25.162949562072754,35.16274929046631,1.4522308020768828,43.14968536555434
12,1544,6,-7.911572534923383,-20.885987599690754,6.471075057983398,1.7002483378829072,50.51895381783131
12,1576,4,50.38110931357486,46.0027494430542,22.304150104522705,1.461976967709227,43.43927017532067
12,1630,6,-46.215698712220636,-26.38230037689209,40.41888682047526,1.8955528665474697,56.32197696696957
12,1631,4,29.72975645769864,32.14649963378906,-29.509400367736816,1.5512425193401673,46.0915899452561
12,1653,4,17.453036869932177,9.754799842834473,37.26890182495117,0.9500741391980405,28.229259510069934
12,1662,4,64.09862726648558,-53.65139961242676,-10.664899826049805,2.1966985451536454,65.26982552001581
12,1668,339,-59.22739865069453,26.50263276001697,-34.59411249470219,134.94627235604463,4009.616918392189
13,13,5,31.153792071780266,-59.72597961425781,-18.557419204711913,2.0182606556384686,59.96795561141586
13,36,5,27.986430347186165,34.097460174560545,-22.902739334106446,1.8149755958972857,53.927809406828196
13,48,4,41.86802645248713,32.14649963378906,-17.094200134277344,1.6094834890918779,47.82208589436904
13,53,4,21.404256763264033,-24.38700008392334,-59.43889999389648,1.462920046447637,43.46729158264735
13,89,4,-7.942171207498008,26.16059970855713,-11.10830020904541,1.299550900075257,38.61315458574167
13,144,4,-6.042392753734405,44.34000015258789,-39.485899925231934,2.023121434441591,60.1123824309588
13,177,4,-35.14297037141219,56.64435005187988,12.258368968963623,0.9454192826235818,28.09095119411738
13,296,4,57.337651004562176,28.266749382019043,-52.898749351501465,2.1024136456482623,62.46836741668824
13,375,4,45.96292706921287,56.42265033721924,-38.599098205566406,2.3444503069128917,69.65992799064244
13,387,4,-14.260131905623599,-2.424843728542328,40.58054256439209,1.127552970480638,33.502633217567535
13,416,4,13.362127384411812,49.88249969482422,49.129849433898926,1.008427501181264,29.963094934850503
13,482,48,-40.70760505452123,-58.38215454419454,3.690587490797043,21.01577930023904,624.4353605641509
13,539,6,-6.921771995987726,-54.57515017191569,34.72858810424805,1.716656700493278,51.006490429084074
13,551,5,-58.97880415621678,5.187780094146729,-10.39886016845703,1.714422684267851,50.940111794853976
13,627,4,-3.0769822681328174,30.650025367736816,11.967387199401855,2.1306683130572424,63.307889624220444
13,640,11,-31.12302407848784,11.34700887853449,-25.0955546985973,3.8000747850483205,112.91044860493923
13,657,5,52.61853746731409,38.53145980834961,3.6591798782348635,2.1652597493828507,64.3356942897447
13,674,4,-60.877784383739304,35.9153995513916,-26.294750690460205,1.7065934669794791,50.70748467926832
13,691,5,-5.364698675059911,-47.68212890625,8.242827796936036,1.541256689810912,45.794884076130344
13,758,4,-53.027229302745596,35.80454921722412,-37.93400001525879,1.8497072944108746,54.959781639430176
13,765,4,-15.856584387777886,-28.93184995651245,-53.009599685668945,1.5831867849392118,47.04074004444226
13,785,4,-14.459688465892885,3.006806194782257,20.599831581115723,1.6087675015754794,47.80081197839504
13,790,8,-63.879115050189355,34.03095006942749,-31.06130027770996,4.6487202164540005,138.12598824209647
13,896,5,5.865984754456358,-15.829379653930664,10.930940055847168,2.155616886398097,64.0491788796458
13,913,4,-48.28576543074736,-11.085000038146973,-54.450650215148926,1.0319146860180939,30.660962404940264
13,1005,298,-10.025582970708278,49.367214868532734,-34.89601131413607,136.78313351544378,4064.195006788971
13,1011,4,-20.083192334281364,38.02155113220214,-56.889349937438965,1.6109106503010329,47.86449069466174
13,1018,4,-11.027315629261167,37.633575439453125,27.38939332962036,1.943716909010404,57.75306028735957
13,1071,4,-36.36824765146561,-9.754799842834473,-26.073050498962402,1.5679263367191305,46.58731105898615
13,1110,4,-46.6813306861823,52.43204975128174,-26.183900833129883,1.2228343280554541,36.33369877180064
13,1115,4,3.220662991526703,37.13474941253662,-52.67704963684082,2.212352671570961,65.73495174417644
13,1153,6,-23.147050722949132,58.23319943745931,-13.0296999613444,2.1007021101286227,62.417513090324405
13,1207,4,39.225897594521776,-59.858999252319336,-51.4576997756958,1.7221419447616166,51.16947179815675
13,1235,4,-54.84718513240148,-20.950650215148926,29.523255825042725,1.1535688880750392,34.275636143196955
13,1245,5,-33.532506270190154,-3.918547534942627,2.8111774921417236,1.4889613777869664,44.24104961903191
13,1255,4,-58.60283959666944,-18.62279987335205,-63.54034996032715,1.3204462823400147,39.234012626369804
13,1265,4,-40.70660727171988,8.438456058502197,14.489224910736084,1.976132047094976,58.71620127530028
13,1284,4,-12.001151643375284,10.419899940490724,-46.35860061645508,1.2910448814295123,38.36041788042422
13,1363,4,17.45702800113756,-19.177050113677975,29.952799797058105,0.9491145409435853,28.20074726346432
13,1404,4,-37.06669561240811,-46.22445011138916,-13.214450120925903,1.7387038846435214,51.661571603453126
13,1657,159,-13.541728288654172,31.48035405117011,-11.551828909220186,82.36219566236892,2447.202485834133
14,30,5,59.92709693061643,48.02021865844726,43.29914093017578,1.6149981280064676,47.98594065748857
14,59,4,49.51902497321154,44.00745105743408,-40.59440040588379,0.9708640813181408,28.84698464024034
14,80,6,31.31556592330523,20.470299402872723,47.39319928487142,2.090313860725622,62.10885024375943
14,105,4,18.44682854007322,-12.85860013961792,59.549750328063965,1.1124851296386458,33.0549271156584
14,153,4,15.385630905542373,5.76419997215271,3.1270999908447266,1.178341822955055,35.01170670727348
14,161,5,-51.526563969520566,41.72393951416016,-48.17654037475586,2.150044874517296,63.883619411298326
14,196,10,-60.902529397212696,-1.3191150665283202,40.87152442932129,3.570897227970578,106.1009666227306
14,198,4,23.411795759573053,16.184099197387695,55.780850410461426,2.1943227565195533,65.19923444598714
14,248,4,-16.48718311822883,-40.34939956665039,-5.233250021934509,1.5106085268743183,44.884244675110224
14,260,10,-22.39893634590704,-35.588392639160155,0.8415775299072266,3.2209355292106236,95.70266273750043
14,264,4,2.8614611830419885,37.91070175170898,19.200350284576416,1.7993171897907057,53.46255602158203
14,282,4,48.389534842087386,-25.938899993896484,-25.518799781799316,1.8634214981872246,55.36726754121817
14,290,4,-55.43787255079856,58.19624900817871,58.91236114501953,1.4862753536412496,44.161240613048705
14,335,5,-5.201860521880173,34.41338348388672,18.71815185546875,2.233879466489511,66.37457075400314
14,348,5,-11.424832297317584,-45.89744186401367,37.03057327270508,1.57327692907813,46.746291557457866
14,352,5,-31.070776542708238,-59.0109977722168,11.579412460327148,1.8652649530916274,55.42204154752407
14,355,5,28.276984698938243,-29.397419357299803,-30.35186004638672,1.6968024179737842,50.416566263689845
14,367,4,-55.90483490182869,-46.36301326751709,19.435906410217285,1.6658771298563584,49.49769272774938
14,407,4,-29.969224330021785,-48.78785514831543,27.97135639190674,1.9039518172676309,56.57153239607727
14,468,4,-7.638845235888693,-25.60634994506836,17.69001865386963,1.2755976558048425,37.90143923562342
14,477,4,3.360352583715203,-60.30240058898926,9.556399822235107,1.5045917966140332,44.705471426884515
14,523,4,-63.587762472196204,-39.68429946899414,-48.13220024108887,1.0876549987721706,32.31715710489862
14,528,5,25.09046554455828,58.2184196472168,60.32569885253906,2.3881332910264708,70.9578670080726
14,619,7,-38.4470568478708,-20.09156254359654,4.983837468283517,2.199214004669937,65.34456659183618
14,649,5,-4.320618751731007,57.76947784423828,54.17906799316406,2.358322781023243,70.07211652998991
14,668,4,-16.199821671441057,-60.19155025482178,-39.04249954223633,1.7262556359398753,51.29170063380675
14,685,4,50.201508409332504,-29.707799911499023,40.81610107421875,1.8529079918181623,55.054882973100625
14,694,24,51.49130897720632,-40.46024978160858,5.168116490046184,10.109773698335335,300.3885839470245
14,697,5,11.012947556921777,35.072940826416016,-10.39886016845703,1.793517025143895,53.2902175205529
14,721,4,30.79139735833124,-18.17940044403076,45.80435085296631,1.403032085010155,41.68785907817482
14,725,5,-36.57099711669921,21.50489997863769,-34.87453994750977,1.8481411651907451,54.91324772554147
14,746,4,-26.241507784191523,55.67441177368164,34.66392517089844,2.2949925333081778,68.19040443634778
14,759,4,-57.93632068537003,-39.18547439575195,21.181793689727783,1.8376443784870535,54.60135994367795
14,830,4,-46.912816296094675,43.45319938659668,-53.896400451660156,1.8187210622905075,54.03909729315015
14,937,5,54.37782810264812,53.07498016357422,9.423379707336426,1.6338942849853173,48.54739633456787
14,958,4,-27.343059996877983,42.77424335479736,62.501132011413574,1.0050655938642215,29.86320362091398
14,975,4,-62.342529536115855,51.891655921936035,20.599831581115723,1.4940583644795904,44.392494810653396
14,980,4,33.513348840404305,9.865649700164793,-57.443599700927734,2.0033771863050704,59.525727683206654
14,985,4,-8.848157991120566,59.52645015716553,-18.424399375915527,2.1880231551807636,65.01205633675792
14,1022,4,41.109711523463844,10.641600131988525,-19.200350284576416,1.1668959220318795,34.67161818769795
14,1034,4,-23.85082019216548,28.82099962234497,-31.06130027770996,1.7041254620064534,50.634153609637806
14,1041,9,-15.097382540708956,46.877234564887154,-5.344099998474121,4.07172676884924,120.98196011204595
14,1047,4,-58.519025841356346,45.44850158691406,-41.48119926452637,1.110245328128141,32.988376585039326
14,1052,4,10.312903143497124,-60.30240058898926,8.337049961090088,2.0111814976905484,59.757614777390714
14,1071,4,-59.305278688817324,-33.2549991607666,-48.35390090942383,1.818681579845286,54.03792416344767
14,1095,4,-36.46403480039487,-9.311399936676025,-37.26890182495117,1.648998448596515,48.99618168370174
14,1098,4,-43.799733955893814,51.503682136535645,4.1108938455581665,1.4463351321690494,42.97450914619695
14,1160,4,-47.16026643082859,-59.19390106201172,-19.532899856567383,1.883992149594768,55.978476954164506
14,1161,71,-18.038777534159205,11.306699752807615,-25.297100067138672,15.411517350158979,457.9176558671669
14,1173,401,43.887886510089366,32.53793038870034,-38.113682135679475,211.21836888998064,6275.866169478031
14,1183,5,-51.75006731702216,13.695517349243165,30.97816276550293,1.9568282913171646,58.14263474097609
14,1213,6,-42.184656194781056,-34.6591002146403,21.99007511138916,2.3478743529006634,69.7616656117136
14,1215,4,-33.494633183587894,-28.904137134552002,58.52438735961914,2.2577312499838147,67.08327143141243
14,1272,4,-4.585629863768618,17.55586862564087,55.51758003234863,1.4012044558563688,41.63355529750992
14,1333,4,-55.473792731647045,-57.226311683654785,20.599831581115723,1.332028168580455,39.578141635684254
14,1352,4,12.065009742661456,-61.078349113464355,57.443599700927734,1.8288905032576883,54.341258752230814
14,1390,4,23.86279358578164,51.87779998779297,18.202699661254883,1.376310578091316,40.89389119483808
14,1454,5,-15.301018923988195,-56.7607421875,17.088657760620116,1.830087632544425,54.37682868504777
14,1490,4,4.374099909883176,40.57109832763672,-34.05424976348877,2.2050907016507835,65.51917907447296
14,1539,4,-57.09818313223903,42.12299919128418,-39.04249954223633,0.992890645239858,29.50145313212682
14,1566,4,21.51201730580945,47.99804878234863,62.8752498626709,1.5350042852430166,45.60910830998009
14,1611,4,6.106250853020578,-19.62045049667358,-16.872499465942383,1.8298606130569124,54.37008332512012
14,1631,4,-17.369223114619075,-60.63495063781738,-20.53055047988892,1.292855145780916,38.41420570607827
14,1649,4,2.270773764644902,-11.639250040054321,52.898749351501465,1.8229242570683668,54.16398552161589
15,41,4,20.665897490267678,-20.285549640655518,53.896400451660156,1.9147922857372386,56.89363188812072
15,42,4,62.92922582330756,-52.21034908294678,-18.867799758911133,1.9429567385617812,57.7304735775643
15,51,4,-54.62368178489988,-28.613155841827393,60.36726951599121,1.6266296010431494,48.33154302396707
15,52,4,-22.932860014926764,-38.50651836395264,7.796656489372253,1.6777867010488,49.85155813885179
15,64,4,14.83485479919914,34.91775035858154,-12.327650308609009,1.907960443061442,56.69063945640394
15,106,5,-10.007182493164578,-30.766418075561525,60.23147735595703,2.231265727324987,66.29690952934413
15,121,4,-9.454809934339195,11.057287216186523,46.30317497253418,1.9757736743861125,58.70555305766921
15,138,4,27.099600993349455,18.62279987335205,56.44594860076904,1.2767162789455007,37.93467653956505
15,143,5,-54.125588610467744,-24.697379684448244,-29.553740310668946,1.5780503429014288,46.88812252833411
15,180,4,-60.682218954675406,-55.3141508102417,-16.65079975128174,1.5563994063157023,46.24481493548619
15,195,4,-2.163013222099488,-53.34656238555908,4.498868823051453,1.7743264172369217,52.72001291397426
15,248,4,41.19751640998233,-54.7598991394043,-14.433800220489502,1.6599071691251175,49.320309128097485
15,258,4,-52.983326859486354,42.483262062072754,45.042256355285645,1.4658686123858482,43.554901411836646
15,276,5,-53.228382315497036,32.67858047485352,-27.15937957763672,1.7942368660110282,53.31160592994735
15,284,5,-15.35529830838144,5.276460075378418,-20.242340087890625,1.8193278105402948,54.057125416529004
15,317,5,21.118491768958414,-36.757860565185545,-12.704540061950684,2.0445407209775217,60.74880707741188
15,354,4,44.43831494875553,-55.97924995422363,29.17685031890869,1.7256961034893459,51.27507541889075
15,382,4,-44.64984490264097,-1.4549062848091125,56.29353046417236,2.042319835018256,60.68281857872556
15,384,4,32.611353187987135,-3.768899917602539,10.44320011138916,2.2042719546644896,65.4948518981026
15,392,4,4.354144253856247,42.45555019378662,15.763999938964844,1.742314129682347,51.768841699428975
15,400,4,44.35450119344243,48.88485050201416,-53.78555107116699,2.2073390914350326,65.58598478581767
15,440,4,-54.9549456749469,-55.18944454193115,34.56693172454834,1.5240652074549565,45.28407886970856
15,494,6,-50.38776119891717,31.749287923177082,29.684912363688152,1.8737881202758226,55.675287782068935
15,545,4,-28.540399358493694,-26.16059970855713,-14.2121000289917,1.9436602181744393,57.751375850056974
15,587,4,-62.095079401381945,26.38230037689209,19.726886749267575,1.6147668427667101,47.979068550581765
15,631,4,-26.32133040829924,-10.669312477111816,53.480712890625,1.31049178402317,38.93823769188315
15,748,4,-35.57002141038846,54.427350997924805,-37.93400001525879,1.3156139656340855,39.090431492331504
15,763,4,-27.007804975625582,3.325500011444092,-48.13220024108887,1.6547953415331584,49.168422973417016
15,770,4,9.574543870500765,-42.34469985961914,-59.549750328063965,2.0580619884027436,61.15056032097856
15,815,4,-18.09960012520466,44.03516387939453,5.177824974060059,1.2425332801802478,36.91900765314399
15,879,4,11.39849083136204,61.85430145263672,63.54034996032715,2.0692764318908505,61.4837716172612
15,880,6,7.914233289060308,-9.237499872843424,-29.952799797058105,1.8422648445589063,54.73864642524654
15,891,67,-17.36273008027001,12.193499565124512,-27.07069969177246,60.87430554421063,1808.7394423274652
15,957,4,19.185187813069575,-47.66550064086914,-35.27359962463379,1.5549115911384033,46.200607942568304
15,962,4,-49.42722895548768,-54.12251281738281,50.18292427062988,1.7623569926018836,52.36436909601504
15,976,4,24.421551954535637,46.22445011138916,60.32569885253906,1.746748280816836,51.90059226279871
15,1008,4,57.72878186268997,-19.842150211334225,-52.566200256347656,1.5503768482545115,46.065868527611826
15,1020,4,-24.002483177970138,15.131024837493896,28.74730634689331,2.19564703093915,65.23858220287366
15,1059,147,-38.37429336739165,22.36926611426736,52.76282664707729,69.51651228102241,2065.522662339184
15,1127,6,-35.20283733949298,-11.315937678019205,39.70759963989258,1.8268375221327373,54.28025915803658
15,1157,4,25.12399104668352,48.1088981628418,-27.73579978942871,1.762464336952772,52.36755858556449
15,1287,6,-20.305365304714503,-8.600112597147623,18.433637301127117,2.2581951554930866,67.09705531255295
15,1322,5,63.41374915164139,42.07865905761719,29.6424201965332,1.9333137137107603,57.443953357983006
15,1354,5,-58.490289696677564,-40.6597785949707,-40.5500602722168,1.5165812243596857,45.06170959109236
15,1361,5,54.21498994946838,57.154258728027344,-45.072740173339845,2.1691144422633193,64.45022758895249
15,1372,14,-30.470966538698843,10.863300323486328,-26.183900833129883,5.2172860165419435,155.01960828398194
15,1390,16,-29.9801999408366,11.750100135803224,-27.07069969177246,8.326912972399546,247.41499375412042
15,1433,4,41.413037495073155,-53.76224994659424,-5.233250021934509,1.8694132353357678,55.54529817683269
15,1464,4,-3.779421360280704,-9.408393621444704,17.884006023406982,1.7490417311011845,51.96873684286798
15,1473,4,44.150953501967756,3.879749894142151,-12.105950117111206,1.4802000049056323,43.98072565216714
15,1515,4,-8.656583693262052,-2.618831217288971,34.857913970947266,1.5865625897419797,47.14104429008053
15,1516,4,16.1599103593872,-30.15120029449463,6.230899810791016,1.69872396622368,50.47366063345473
15,1559,4,-48.84452379950136,-42.96823215484619,45.91520118713379,1.9479645903801774,57.87927033219316
16,48,4,24.22199539426635,11.195849895477295,22.747550010681152,1.4958966330658718,44.4471147174905
16,267,4,13.920885753165814,-55.757551193237305,56.889349937438965,1.3723054552824663,40.77488821762186
16,272,4,-52.332772473008475,31.619962692260742,43.78133773803711,1.78277547759838,52.97105723537972
16,290,4,22.493835582334334,40.90364933013916,25.407949924468994,1.912206723458269,56.816807874561
16,291,4,-31.350155727085244,-9.311399936676025,-8.115350246429443,1.5497501294404668,46.04724702502419
16,312,5,-27.40851454864631,-53.81213302612305,57.51565170288086,1.5244779381432174,45.29634220919543
16,327,4,-28.528425964877542,1.0669312626123428,6.050768613815308,1.5195842775050745,45.150938381842586
16,352,4,-23.72709512479852,29.874074935913086,32.53006362915039,1.109099060555452,32.95431789062552
16,438,4,-3.033079824873574,-57.32330513000488,11.676406145095825,1.1522135528297053,34.235365485587046
16,451,4,-12.100929923509925,-57.03232383728027,4.0139000415802,1.5507331330345895,46.07645470725966
16,484,5,39.23707276189687,5.010420131683349,14.123419952392577,1.5796892865856935,46.93681995591017
16,492,4,20.01135197258442,-2.3278499841690063,39.596750259399414,1.3902099744253231,41.30687966590331
16,503,5,-60.89135422983761,37.02389984130859,-16.695139694213868,2.140261396584699,63.592925952676836
16,506,4,-40.48709505542367,-33.03329849243164,-22.414999961853027,2.260227018882591,67.15742744199514
16,535,4,-15.429533348801616,-32.20192527770996,11.676406145095825,1.4097690295538876,41.88803183099862
16,565,245,11.772793777101418,-33.89295302605142,-56.71334739217953,109.28801235342317,3247.240962340756
16,574,5,15.910863772171131,-59.37126007080078,63.16345977783203,1.6755679681108608,49.785633612223286
16,578,4,-33.5692246772797,-58.08539962768555,-23.96689987182617,1.7781066704956277,52.832334411687995
16,579,133,-16.78480747383045,9.733129945912756,-26.183900833129883,122.86495549108837,3650.6484811583196
16,597,4,-46.545632225199185,39.24089813232422,-9.888950109481812,1.526623284877036,45.36008623420297
16,627,5,-47.525854049241914,40.077816009521484,17.243848037719726,1.5091057684832163,44.83959367909515
16,636,4,-60.48266239440611,-9.408393621444702,29.135281562805176,1.5939963962639478,47.36192268766897
16,640,5,62.647451960207334,-57.50897979736328,49.95013961791992,1.99181847280065,59.18228719824172
16,673,4,-6.7248761898553635,5.4316500425338745,-62.321001052856445,2.2650291684854174,67.30011223021471
16,758,4,31.23042179092367,61.52175045013428,35.051899909973145,1.825581624049406,54.242943046114526
16,800,4,-38.88266031085861,3.9905998706817627,-12.660200119018555,1.5220724879163972,45.224869809421676
16,824,4,-60.83787307168544,-55.57741832733154,42.81139945983887,1.9179381359393668,56.98710356372136
16,857,4,-46.70128634220924,42.87123775482178,35.63386154174805,1.206498997561847,35.84833214128059
16,868,5,31.942439597964484,33.21065902709961,11.196980094909668,2.069121063490519,61.47915520396075
16,886,4,33.462704133944804,39.130048751831055,20.973949909210205,0.9294888340438949,27.617614694875964
16,925,5,-55.62625394369278,-38.293132781982415,14.140047645568847,1.3566538752842874,40.30983765442668
16,986,5,-45.10243918133172,-55.441627502441406,39.43601608276367,1.9259027725692226,57.22375435238233
16,1020,4,-10.444610473274853,18.04083824157715,51.734825134277344,2.059625837543194,61.19702648756388
16,1028,4,-19.332859667668846,40.34939956665039,39.02864360809326,0.947146085463721,28.14225915366059
16,1063,5,28.0023948720077,-59.99201965332031,-17.847979736328124,1.683393375095613,50.01814751343414
16,1107,4,-61.58022347588719,-17.070899963378906,-47.245399475097656,1.6017226409107752,47.59149020895492
16,1141,4,29.234856188230815,39.9060001373291,19.532899856567383,1.3617662345637502,40.46173960697376
16,1224,4,24.094279195694007,33.809250831604004,-62.210150718688965,1.695560080947878,50.37965308727934
16,1289,5,-60.76363803126527,39.84503173828125,3.587127447128296,2.1277811120879373,63.22210311340244
16,1321,5,-25.786518826777552,-60.790139770507814,-13.768699645996094,2.2557939033583567,67.02570764939308
16,1347,5,-48.582705592428056,42.8767807006836,-28.666939544677735,2.2759372798662634,67.62422157519127
16,1351,4,-58.51902584135634,33.14414882659912,-25.74049949645996,2.061739944221741,61.259842286456234
16,1364,5,-13.168158407830067,10.669312286376954,25.236132431030278,1.538315766912856,45.70750134223296
16,1426,65,-18.210000954547482,9.976499557495115,-24.41029930114746,34.11620197275326,1013.6841739527246
16,1444,5,10.894810073242365,17.425619506835936,-13.23661994934082,1.7360936549275585,51.584014653955464
16,1455,4,33.29507662331861,39.79514980316162,35.82785129547119,1.4048600590843132,41.742173107352215
16,1458,4,-35.18687281467143,26.604000091552734,-36.271249771118164,1.3300675958015427,39.51988774213967
17,37,4,-15.489400316882401,-48.01190662384034,49.11599254608154,1.0172650691068996,30.225682861537166
17,71,7,-43.297991747216756,-39.656587328229634,53.7578375680106,2.261326267461048,67.19008907555305
17,126,4,-4.968778459485647,-15.519000053405762,-41.70289993286133,1.6020166829287459,47.60022698863316
17,192,4,-59.90394836962518,-58.002262115478516,49.79495048522949,1.4348392173373656,42.63293457880246
17,344,5,-42.23521052338261,27.53513984680176,-62.0106201171875,2.050653640872515,60.93043837854982
17,350,4,-36.79130755923649,-57.53114986419678,-32.50234889984131,1.5475228309151112,45.98106799174188
17,390,38,-10.21312486336248,11.750100135803224,-25.297100067138672,19.3221046743373,574.1117294204189
17,407,4,-36.507937243654105,-9.020418882369995,60.56125736236572,1.3468099027032654,40.0173467369976
17,431,4,-33.00248404611493,-19.30175685882568,23.897618293762207,1.9626353071729061,58.31517680986053
17,440,4,-21.943059475991106,18.62279987335205,8.572606325149536,1.646287208410965,48.9156234413138
17,482,4,60.95361587664162,59.41559982299805,60.32569885253906,1.8270441349413193,54.28639818061485
17,490,4,-20.54217242290072,-17.652862548828125,29.523255825042725,2.035599002974262,60.48312457163088
17,493,5,-49.97161925190229,-57.76947784423828,4.130292510986328,2.1957613813129875,65.2419798602195
17,528,4,-58.41525643001631,19.95300006866455,-55.670000076293945,0.9675355593780938,28.748085295700907
17,591,4,14.196273806337427,42.5664005279541,-30.17449951171875,1.754209814076566,52.122294496384114
17,625,4,28.05348135143664,-23.278499603271484,34.38680076599121,2.2595843824075983,67.13833298286322
17,634,4,17.628646642969144,-22.945950031280518,-26.073050498962402,1.5747477794211462,46.789994479493544
17,667,5,-7.564610195468518,-15.652019882202149,-40.99346008300781,2.131671180008977,63.337687500266725
17,670,4,-9.398934097463796,37.13474941253662,-31.615549564361572,1.4417305022809452,42.83769320026579
17,692,4,-52.62013391979625,-61.78501796722412,23.80062484741211,1.5731348092513893,46.742068794933274
17,748,9,41.79884684492711,12.932500839233398,-6.155744128757053,4.215787895190464,125.2624038721846
17,764,4,33.84186159845645,-45.44850158691406,9.667249917984009,1.6659090470282107,49.49864107282045
17,775,4,-9.502703508803824,-60.52410125732422,-44.58500099182129,2.3017128496279433,68.39008311988773
17,808,4,34.24895698140579,25.273799896240234,38.48824882507324,1.6162752241454001,48.02388662069063
17,847,4,-43.68000001973224,-29.098124504089355,52.80175590515137,1.890487573206257,56.17147347011149
17,887,6,-63.39618817433768,44.22915013631185,45.00992520650228,2.1735069072794144,64.5807395455593
17,888,7,9.504984155206902,-20.808128356933594,21.49652862548828,1.845869157196547,54.84574025361795
17,904,4,-20.482305454819933,48.39988040924072,17.69001865386963,1.413091942364292,41.98676451320111
17,927,5,62.953970836780954,-60.8788200378418,16.517779922485353,1.794072579350099,53.30672453112375
17,953,4,53.44629807931109,-23.278499603271484,54.89405155181885,1.8295037034984263,54.35947858162438
17,1077,4,-37.32611914075818,22.50255060195923,-41.37034893035889,1.827829725102177,54.30974017847001
17,1090,4,-14.527537696384442,60.30240058898926,-19.532899856567383,2.2245265011746795,66.09666898384874
17,1113,4,-31.741286585213047,37.73056983947754,59.39733123779297,1.789683618464249,53.176316691656844
17,1118,6,15.947050028433296,-29.3382994333903,64.02069854736328,2.2267581310441247,66.16297671302046
17,1255,4,-57.8046133555923,37.92455768585205,51.24985599517822,1.2011729807401026,35.69008184815827
17,1292,4,54.83122060757994,-13.745399951934814,63.65119934082031,1.6664155107416452,49.51368947273905
17,1337,4,-11.414455356183584,47.99804878234863,-58.8846492767334,2.1419646061545077,63.64353289266441
17,1342,5,-44.72886930050761,16.333747100830077,27.176006698608397,1.7592259572498938,52.27133760948165
17,1395,4,-46.637428242923065,-57.80827522277832,61.04622459411621,1.4754824196262613,43.84055349757649
17,1398,4,36.212593534455564,-11.52839994430542,20.53055047988892,1.8442681520579947,54.79817008233499
17,1438,4,-53.95716287360047,-51.3235502243042,-22.414999961853027,1.9997600659071875,59.41825330181029
17,1445,4,-20.82953386968849,25.71720027923584,-25.407949924468994,1.4294575456731755,42.47303063053306
17,1457,5,27.26802673021673,19.99734001159668,62.18798065185547,1.5333783328426556,45.56079688841086
17,1462,5,-50.97419141069518,34.18059768676758,20.89081230163574,1.9625127076128466,58.311534046991866
17,1484,5,41.34758294330483,46.423980712890625,17.22722053527832,2.384467498066788,70.8489464338778
17,1544,5,-39.09658494346728,-4.833060169219971,-59.261539459228516,1.303228790873016,38.722434619263346
17,1549,4,53.98909192324355,20.285549640655518,-63.54034996032715,1.7458243160277451,51.87313878234568
18,30,4,25.30758308213127,6.207599878311157,-41.70289993286133,1.9130932676539363,56.84314948847732
18,42,6,-48.996186785306016,50.50141270955404,50.89421335856119,2.3358218677825153,69.40355384326924
18,53,6,-5.117780691153381,16.77530034383138,-24.2624994913737,2.1125248964154073,62.76879988832468
18,65,9,-51.49818259206003,8.513895935482449,35.20277839236789,3.3052517240873773,98.20792379858626
18,74,55,-16.74159959106669,9.976499557495115,-25.74049949645996,14.876021450805284,442.00663157363783
18,91,4,9.315120342150694,-19.066200256347656,35.82785129547119,1.6310658936302826,48.46335721565795
18,98,5,-51.71175245745046,-15.402607536315918,32.53006362915039,1.7278084773947764,51.33783973243058
18,122,4,6.409576824629892,57.8636999130249,30.839600563049316,1.9291701397048002,57.320836623101485
18,141,4,38.00461144567375,33.47669982910156,-45.02840042114258,1.9013174062963916,56.493256956408906
18,148,4,5.679199814044305,-12.526049852371216,-49.129849433898926,1.7553670061366091,52.15667778671714
18,167,4,52.604169394974704,21.39405012130737,-37.93400001525879,1.8949403006250707,56.303775984880915
18,193,4,36.39219443869792,48.21974849700928,-46.80200004577637,1.1479546075411695,34.10882075941363
18,229,5,-31.415610278853563,-53.424156951904294,35.40107803344726,2.11583024184469,62.86701059635679
18,239,4,-32.96257273406107,-39.86443042755127,4.1108938455581665,1.8000450677746362,53.484183235345995
18,246,5,52.985721538209575,-17.602980041503905,11.817739868164063,1.7765344087932282,52.78561828524732
18,257,4,40.183769083814354,52.98630142211914,-49.905799865722656,1.3884143410130736,41.253526564826224
18,272,4,20.677870883883834,45.44850158691406,-47.245399475097656,2.1050944731178802,62.54802201543929
18,298,4,19.276983830793444,43.56404972076416,58.773799896240234,1.1437927435083353,33.985160578611655
18,314,4,-50.78421356531882,-58.584224700927734,10.99744963645935,1.2148775170204251,36.09728050262218
18,319,6,34.30882394948657,29.264399528503418,57.8130989074707,1.822369244595687,54.147494607405946
18,323,4,-29.155033564123098,50.7692985534668,-19.089499950408936,1.8428414119732277,54.75577779478121
18,324,4,24.006474309175527,40.6819486618042,-6.785150170326233,1.5091619328518373,44.84126247363614
18,327,4,-30.9430603441359,-42.38626766204834,33.01503086090088,1.525870677216907,45.33772423520678
18,350,74,-10.332427325880227,11.971799850463867,-27.07069969177246,58.6778275847246,1743.476171001273
18,369,4,-50.34918026393177,-46.16902542114258,42.13244438171387,1.7579299426167805,52.23282952690414
18,468,10,-17.51601038588388,-42.69942016601563,9.360400009155274,2.8881890178790006,85.81586840018734
18,543,4,27.81002234790811,-4.877400159835815,21.195649623870846,1.7750203039041446,52.74063015424157
18,549,4,21.61179558594409,26.382299423217773,15.320600032806396,2.104065035269185,62.51743464653688
18,550,4,-7.499155643700193,-13.745399951934814,-61.101651191711426,1.5755713471754307,46.814464893854506
18,556,4,-27.498714113888024,-46.66785144805908,-34.941049575805664,2.043787240734564,60.726419151631575
18,565,4,40.32744980720824,51.21269989013672,41.48119926452637,1.136113686310728,33.75699512343265
18,573,4,22.138624905055003,22.059149742126465,28.068350315093994,1.6770567061278356,49.82986802519147
18,593,4,19.783857493877434,53.42969989776611,58.99549865722656,1.6229633128644791,48.222607735483436
18,599,4,-46.258270778411415,-58.584224700927734,9.05757474899292,1.3987116434216593,41.55948713143106
18,603,4,-55.81303888410483,-25.938899993896484,-46.247751235961914,1.5472000160217465,45.97147629250229
18,650,4,-34.029444765109574,-6.207599878311157,-6.120049834251404,1.7291034036980102,51.37631547779846
18,688,5,-33.620752929678076,44.11275787353516,54.334258270263675,1.2789025871876856,37.99963764122154
18,692,6,3.1568048922405314,20.322499593098957,-19.754599571228027,1.9527219786350996,58.02062514030499
18,716,4,-46.46980073229686,53.92852592468262,15.94413137435913,2.001267635000139,59.46304723672385
18,744,4,-34.48443372252355,46.460007667541504,40.871524810791016,1.8938368756507258,56.270990259361696
18,840,4,-35.64984403449618,43.45319938659668,34.56693077087402,1.3783255318681735,40.95376089418147
18,887,5,6.348113404066952,58.484458923339844,3.7478598594665526,1.8928356569708396,56.24124135790785
18,907,274,50.674666753424006,4.37897955936237,41.02724017540034,116.41297158298872,3458.9426757037263
18,926,5,-52.00230680920254,29.602492904663087,30.82297248840332,1.9803243043090526,58.84076451931093
18,943,4,-55.19042241606465,61.39704418182373,25.352524757385257,2.042833025311211,60.69806684342426
18,965,5,33.30465533821153,-13.878420066833494,-24.676340103149414,1.9072004862786383,56.668059095195176
18,1044,4,-43.06536581410284,29.707799911499023,-25.74049949645996,1.6120993414912212,47.899809908921675
18,1062,4,-8.113789849329594,8.244468450546265,26.128475189208984,2.4307313684085408,72.22357052681433
18,1072,4,-21.707582734873352,34.5851993560791,-42.47884941101075,2.0418565522426024,60.66905320067674
18,1167,5,-21.4856758398539,-53.73453826904297,57.3604621887207,1.4661536702613374,43.56337124846367
18,1296,5,-33.70811604322713,52.41542282104492,7.699662590026856,2.0606250358107583,61.226715357130324
18,1297,8,-4.6037698454124225,56.16630935668945,-0.38797521591186523,3.909816828516669,116.17118005359055
18,1298,4,12.32044213980614,-19.177050590515137,-5.565799951553345,1.5470834416860666,45.968012555265005
18,1307,71,-17.892398581218014,10.419899940490724,-24.853700637817383,18.210679997942325,541.0883112245162
18,1419,4,13.613568650351114,-24.83039951324463,-55.226600646972656,2.066356052388626,61.39699928294026
18,1437,39,-33.89845379221486,-57.54465083586864,53.74931120261168,16.739204139419947,497.36680343977207
18,1467,4,-38.14430103786225,42.386268615722656,3.33494371175766,0.8024478064515636,23.842883872966567
18,1484,4,-8.620663512413579,-43.356205940246575,57.651442527770996,1.1646670032826005,34.60539101320253
18,1552,4,40.558935417120615,-43.8966007232666,-8.891300201416016,1.7963406131767905,53.37411391983539
18,1658,5,-4.793168686448675,-48.45807647705078,39.59120635986328,1.8178410932549824,54.01295104493669
18,1661,4,24.44549874176795,-4.212299823760986,-27.181549549102783,1.676467600457629,49.812364110331586
19,38,4,-28.612239720190644,33.462843894958496,11.094443798065186,1.115178276914894,33.134947769019426
19,55,4,-16.191839409030287,48.98184394836426,39.22263050079346,1.23228395560087,36.614472636962596
19,71,5,21.013125905136235,17.869020462036133,42.767059326171875,1.6890689626064734,50.18678449249286
19,78,4,-44.765587707597156,-34.14179992675781,28.26233673095703,1.5017095315234354,44.619831574306296
19,94,5,-3.723545523405304,-6.16880235671997,41.53108215332032,1.4644078731235686,43.511498917220536
19,120,5,-37.465010506705596,29.447302627563477,27.408792114257814,1.6995397278439743,50.49789910656703
19,156,5,-5.853213134599122,-34.956546783447266,48.43703765869141,1.6817412597889705,49.96905872150981
19,245,4,14.020664033300456,-33.809250831604004,-17.64845037460327,1.2476733671522786,37.07173347005788
19,379,4,-26.097827060797638,7.856493711471558,20.69682502746582,1.2739978045415512,37.85390334907978
19,408,4,32.216231198653944,-49.21739959716797,44.03074932098389,0.9233250446431631,27.434471923822798
19,426,235,-57.40612862592435,-17.252033609532294,-40.33873739851282,100.26739275714546,2979.21407789162
19,477,4,-64.30217495796025,-41.610318183898926,50.27991771697998,1.586158803671771,47.12904671926769
19,485,4,-46.75317104787925,24.151443481445312,13.810268640518188,1.1994213979377266,35.638037609249324
19,560,18,-5.942614473599764,9.533100128173828,-25.74049949645996,8.149974834934417,242.15768551505218
19,586,4,-43.68000001973224,7.09440016746521,-13.657849788665771,1.2809053346968147,38.059144659501264
19,623,4,24.545277021902592,15.408150196075438,-15.209749937057495,1.7161085601563686,50.990203704522116
19,659,4,27.506696376298798,49.88249969482422,47.13455009460449,1.4487517215250016,43.04631251947478
19,691,7,-27.33963902727337,-12.826928683689662,-52.344500405447825,2.362847192537277,70.20654897214419
19,712,4,62.61791758928747,-39.46259880065918,-55.559149742126465,1.1760613987848823,34.943949168112205
19,730,5,-10.636184771133367,-19.99734001159668,-59.17285919189453,1.8333858908537923,54.47482881567438
19,743,4,-61.75583324892416,56.159382820129395,7.214693784713745,1.3838775885623675,41.11872744023157
19,747,4,-28.700044606709127,-8.42460012435913,-20.863100051879883,1.9926346173495422,59.206537049193194
19,802,4,-45.67157449121972,-39.28246879577637,27.292399406433105,1.4532593235941218,43.18024550778318
19,875,6,-49.29419124864149,14.355074723561605,24.705900192260742,2.5602506003843124,76.07193547028626
19,899,4,-31.182528216459044,-9.893362045288086,47.079124450683594,2.1924557884889486,65.1437618014234
19,918,4,-28.89161890456764,-48.98184394836426,6.341749906539917,1.0804041389036463,32.101714544729056
19,922,4,39.018358771841726,-53.20800018310547,-22.193300247192383,2.17981830688733,64.76826821311568
19,923,5,59.240622363290086,-48.286258697509766,6.4082599639892575,1.4296860605158757,42.47982042148762
19,930,4,-39.07024347751174,37.57815074920654,-42.70054912567139,1.6590615982580867,49.29518494204215
19,931,4,42.81791567936892,45.67020034790039,6.009199857711792,2.0541620936205844,61.034683951624416
19,944,5,-18.69826980601252,51.39006042480469,-19.355540084838868,2.262284609727866,67.21856400338585
19,949,5,-38.18979993360365,-21.150180435180665,-28.578259658813476,2.42876498243283,72.16514390754841
19,1061,4,2.474321456119574,11.417549848556519,5.565799951553345,1.927467971783646,57.27026063329869
19,1087,4,-20.777649164018477,40.15541076660156,18.853943824768066,1.8993366241883314,56.43440258930811
19,1108,4,-62.62989098290363,52.6537504196167,-48.13220024108887,2.0209059931856475,60.04655570906094
19,1119,5,-6.900485962892335,-13.435019874572754,-24.676340103149414,1.8999589750747647,56.452894309011455
19,1175,4,50.528781168174135,41.67959976196289,7.22855007648468,1.2032678740288218,35.75232676553186
19,1223,4,-12.069000873866841,-26.770275592803955,24.964550018310547,0.6580381237409237,19.552083565059483
19,1301,4,-62.19485768151659,33.69839954376221,-51.45769882202149,1.4915767958654462,44.318760728742845
19,1315,5,57.63139826127856,-7.759500026702881,52.16714096069336,2.354466163221972,69.95752603620474
19,1318,5,-24.372061927588856,38.974859619140624,-48.35390090942383,2.1680386717047604,64.41826355054967
19,1463,4,-44.6977384771056,34.626769065856934,46.69114875793457,0.931240852757363,27.669671885876593
19,1465,4,-2.5501529490219026,57.03232383728027,35.342881202697754,1.5941267717524725,47.36579649429886
19,1471,5,-21.466518410068055,53.1636604309082,-7.383740043640136,1.8729349265426432,55.649937100145706
19,1483,4,43.7478492502238,-38.68665027618408,28.511749744415283,1.6013074481227523,47.57915371385814
19,1492,4,5.59139492752582,28.15589904785156,-13.54699993133545,1.9550441358711956,58.089622681166674
19,1537,4,-17.445054607521403,29.929500579833984,-61.5450496673584,2.27679571321406,67.64972794016558
19,1572,5,-15.259511159452183,-33.79262161254883,24.537777709960938,1.5097225852820952,44.857920966163945
19,1600,4,-11.989178249759126,44.78339958190918,-43.80904960632324,1.670639752638405,49.639203067749214
19,1603,4,-9.44283654072304,-61.85430145263672,-62.764400482177734,1.0865540601448767,32.284445255441504
19,1604,4,25.37144118141744,22.61340045928955,15.985699653625488,1.9358874532402124,57.52042608583724
19,1614,4,-35.027227566456006,-25.412363052368164,56.29353046417236,2.5381077834874843,75.41401278964982
19,1618,4,-37.56957814428671,51.87779998779297,-38.48824882507324,1.7904578637370792,53.1993216023574
19,1621,5,-5.185895997058631,22.65774002075195,-59.882300567626956,2.1091930060814272,62.6698004597365
