file_id,light_id,n_charge_hits,charge_x,charge_y,charge_z,charge_E,charge_Q,fprompt,integral,integral_total,tpc,det,n_valid_sumhits,period,window
0,1071,10,-20.513481121352388,-19.066200399398802,-39.75194025039673,3.8539113360285273,114.51007741920232,,,0.0,-1,-1,0,147,prompt
0,1891,6,-34.48674110733016,1.2793936729431152,-14.174943447113037,1.1332355519536763,33.6714780060647,,,0.0,-1,-1,0,147,prompt
0,2405,6,-14.790095275681466,12.512193520863852,22.402615229288738,1.7111248548564133,50.84212440793911,,,0.0,-1,-1,0,147,prompt
0,2561,7,-30.16651290801161,9.224303449903216,-4.381903375898087,2.603211902903695,77.3484313853671,,,0.0,-1,-1,0,147,prompt
0,3341,6,-38.001597322206514,-24.493231117725372,14.773910840352377,1.8668913112832524,55.47036502624381,,,0.0,-1,-1,0,147,prompt
0,3463,8,10.758714163722463,25.703343868255615,44.86905252933502,3.0885986632772493,91.77057830634655,0.47220709919929504,286.8759460449219,382.3544616699219,0,15,2,147,prompt
0,3577,6,-17.3076871749504,-24.026737531026203,51.272950172424316,3.4948686829841544,103.84195394356597,,,0.0,-1,-1,0,147,prompt
0,3973,10,36.60617329802137,-23.677559995651244,24.582999897003173,3.5061066836281496,104.17586518634694,,,0.0,-1,-1,0,147,prompt
0,4075,8,19.193525048087864,9.377217397093773,-24.673413395881653,2.505650182772949,74.44961012269769,,,0.0,-1,-1,0,147,prompt
0,4203,8,6.336219707244295,-1.1535332202911377,31.862601280212402,2.5756118991960433,76.52836099822886,,,0.0,-1,-1,0,147,prompt
0,4787,6,18.304079635488506,20.142368217309315,4.837302207946777,2.614208815901181,77.67517926535649,,,0.0,-1,-1,0,147,prompt
1,461,8,-29.240155102040173,-38.76632356643677,7.535439133644104,2.8965449871532796,86.06414673486645,,,0.0,-1,-1,0,147,prompt
1,537,7,-44.42997840085604,15.633809225899833,13.07840817315238,1.360097038130791,40.41214328881796,,,0.0,-1,-1,0,147,prompt
1,1091,9,-7.718699835486557,17.54817103015052,-18.89845413631863,4.082033031416774,121.28818690908665,,,0.0,-1,-1,0,147,prompt
1,1543,6,-34.802025697744746,-26.83031940460205,18.618181387583416,1.471821148983664,43.73176729359274,,,0.0,-1,-1,0,147,prompt
1,1611,7,-26.847083465823538,-6.06903712451458,-15.817987714494977,4.277363725094647,127.09198749118549,,,0.0,-1,-1,0,147,prompt
1,1759,11,36.00909513999432,-24.64900918440385,-38.720027750188656,3.7615820698382816,111.76672644465748,,,0.0,-1,-1,0,147,prompt
1,1981,12,-53.4259064957495,-5.281540234883627,-24.428672234217327,4.243974486142201,126.09990334496516,,,0.0,-1,-1,0,147,prompt
1,2063,10,-7.533898398241652,2.627144920825958,33.67736024856568,2.9739765610451268,88.36484717863519,,,0.0,-1,-1,0,147,prompt
1,2707,7,8.976382667655544,-9.386619908469063,13.93227652141026,2.2253011652624584,66.11968633866853,,,0.0,-1,-1,0,147,prompt
1,2901,7,-23.362255761921038,9.552894456045967,14.947022574288505,2.7317873789412634,81.16875480008403,,,0.0,-1,-1,0,147,prompt
1,2903,7,-15.1474702130183,13.67809786115374,39.06229441506522,2.940446130263031,87.36856784318121,,,0.0,-1,-1,0,147,prompt
1,3599,7,-7.035044100673909,36.940762179238455,41.45348685128348,1.6365416169383071,48.62605569137694,,,0.0,-1,-1,0,147,prompt
1,3783,7,-1.7411220847510052,15.661521639142718,2.6966608592442105,4.106582880010926,122.01762897924154,,,0.0,-1,-1,0,147,prompt
1,3787,6,-15.0175297906486,21.403287251790363,45.333237648010254,1.8584401482302721,55.21925822821447,0.410153865814209,128.87940979003906,128.87940979003906,5,6,1,147,prompt
1,3793,6,-40.36382851005585,-5.958187421162921,-5.855103969573975,1.7175182413485932,51.03208912646968,,,0.0,-1,-1,0,147,prompt
1,4123,12,-6.442557620561865,-12.909406185150146,-0.3901812632878621,3.133319592791575,93.09935747494603,,,0.0,-1,-1,0,147,prompt
1,4161,6,4.228930106120968,-2.729681650797526,-23.243227005004883,2.6149684530342663,77.6977501289119,,,0.0,-1,-1,0,147,prompt
1,4313,10,18.315238009913763,-18.365073370933533,-9.292001485824585,4.023060639130684,119.53595842807681,,,0.0,-1,-1,0,147,prompt
1,4549,6,-13.273863975894182,36.38189379374186,-9.525539716084799,2.793921637016329,83.01493082288081,,,0.0,-1,-1,0,147,prompt
1,4599,6,-11.37646764548793,8.581638018290201,-13.873254776000977,3.2385935009289923,96.22732859829323,,,0.0,-1,-1,0,147,prompt
1,5045,8,9.470266567381591,-16.72449368238449,-6.85191535949707,3.2624309384454584,96.93560301809315,,,0.0,-1,-1,0,147,prompt
1,5227,7,-31.770896255085365,-24.636412484305247,44.33558709280832,1.1992716366776865,35.63358779917682,,,0.0,-1,-1,0,147,prompt
2,1075,6,-2.388883918147554,12.165787061055502,6.954366366068521,2.0650129129042556,61.357090994209756,,,0.0,-1,-1,0,147,prompt
2,1221,6,-35.35986702250046,1.92139975229899,-19.90239946047465,1.6390950734915413,48.70192575742231,,,0.0,-1,-1,0,147,prompt
2,1727,6,-23.427376500946192,-15.740700085957846,-40.372700214385986,1.9221849182574802,57.11328689531062,,,0.0,-1,-1,0,147,prompt
2,2011,6,51.997517451756075,-32.29429944356283,-17.907099564870197,3.000046364434512,89.13945119625073,,,0.0,-1,-1,0,147,prompt
2,2273,6,-24.106665922380333,-19.851388057072956,-21.780553976694744,1.953434146683095,58.04178556959383,,,0.0,-1,-1,0,147,prompt
2,2421,7,-23.16829802267683,32.57802282060896,9.826690673828125,3.8608664939241693,114.71673387796596,,,0.0,-1,-1,0,147,prompt
2,3309,8,-2.230089533814164,-11.20970559120178,12.620837211608887,2.19928711316902,65.34673884209313,,,0.0,-1,-1,0,147,prompt
2,3819,6,-31.54260188001307,-16.23028786977132,49.66562525431315,2.186405844453375,64.96400168254912,,,0.0,-1,-1,0,147,prompt
2,4113,6,-18.716496526711698,-25.41698169708252,31.750964879989624,2.654800220257522,78.88125912815599,,,0.0,-1,-1,0,147,prompt
2,4125,6,-28.81222438834098,5.242281436920166,14.198243776957193,2.0120126939598806,59.78231185546359,,,0.0,-1,-1,0,147,prompt
2,4275,7,-13.786607553111208,19.545230388641357,31.239451135907853,2.3984212712874666,71.2635505885848,,,0.0,-1,-1,0,147,prompt
2,5359,10,13.635512671677958,-10.250853729248046,-5.173041534423827,3.4983411173012997,103.94512931212522,,,0.0,-1,-1,0,147,prompt
3,29,6,-27.33908364048348,9.750182151794432,21.36948521931966,1.6234228665345949,48.236262311770986,0.3619934022426605,99.09175872802734,99.09175872802734,4,14,1,147,prompt
3,1115,7,-31.183236787436478,-8.349380356924874,7.219194684709824,1.2358940886423126,36.72173940519481,,,0.0,-1,-1,0,147,prompt
3,1617,10,-29.922349868282954,-11.822151851654052,-23.181630325317382,2.3158292105430465,68.80951819255124,,,0.0,-1,-1,0,147,prompt
3,1659,10,-25.558199008472105,7.9424028396606445,15.588405132293701,3.477434795782301,103.32394623681391,,,0.0,-1,-1,0,147,prompt
3,1765,6,-62.36381556921125,32.33125019073486,12.549349705378214,2.300763592692498,68.3618781417004,,,0.0,-1,-1,0,147,prompt
3,1879,7,-23.255407002341492,12.49437849862235,37.355996540614534,1.5099170386758707,44.86369869980496,0.33839699625968933,576.0021362304688,576.0021362304688,4,15,1,147,prompt
3,2421,7,-15.086576002865415,20.55871636526925,33.36935561043875,1.7615621616859531,52.34075253045799,,,0.0,-1,-1,0,147,prompt
3,2819,7,-28.95698427666769,0.5186198098318917,-17.590326854160853,2.2180371766834908,65.9038536891798,,,0.0,-1,-1,0,147,prompt
3,2983,6,-12.54672616892438,19.010775566101074,14.729399998982748,1.2626901759865192,37.51792327367965,0.39048436284065247,145.99537658691406,145.99537658691406,5,7,1,147,prompt
3,3319,7,-12.889971895336625,15.253751686641149,22.570659228733607,1.9596523383912814,58.226544779608666,,,0.0,-1,-1,0,147,prompt
3,4015,9,-31.48945168595142,3.4024785359700522,-39.93951776292589,3.245914528672878,96.4448560348752,,,0.0,-1,-1,0,147,prompt
3,4097,8,-3.857338364395511,21.269343852996826,31.69868755340576,3.5886862123408507,106.629525221992,0.5580900311470032,176.80612182617188,176.80612182617188,4,6,1,147,prompt
3,4195,9,-11.692593965019185,29.190500047471787,-19.02987787458632,3.4570520322049467,102.71831947694525,,,0.0,-1,-1,0,147,prompt
3,4323,255,13.769144769172621,33.148062275437745,-44.64132901547002,125.98614416304804,3743.38739632868,,,0.0,-1,-1,0,147,prompt
3,4719,6,-7.502928107865863,0.6558628082275391,22.591983159383137,1.8335368137720942,54.47931314174008,,,0.0,-1,-1,0,147,prompt
3,5173,10,-30.814811648937642,-28.47182273864746,12.323872566223145,3.4184279208831754,101.5706931845714,,,0.0,-1,-1,0,147,prompt
3,5473,6,5.47710242711781,-3.7550439834594727,4.715743541717528,2.0384898212800495,60.56901856325076,,,0.0,-1,-1,0,147,prompt
3,5743,7,30.052480587857733,14.410500288009644,21.806585380009242,2.1879434564970355,65.00968827437968,,,0.0,-1,-1,0,147,prompt
3,5913,7,-15.48102503561522,-2.19720550945827,31.511180877685547,2.8818772330180296,85.62832828572586,,,0.0,-1,-1,0,147,prompt
3,6051,6,-19.618890737388156,18.687461853027344,1.4026288986206055,2.776671074834476,82.50237019583628,,,0.0,-1,-1,0,147,prompt
4,391,11,20.005216568216017,-37.12215384570035,-47.60142655806108,4.118026005806869,122.3576350423186,,,0.0,-1,-1,0,147,prompt
4,499,7,-43.83364076394256,27.56601987566267,-27.337208884102957,1.9699515109223007,58.532560912583875,,,0.0,-1,-1,0,147,prompt
4,1621,10,-9.221799828432498,-1.4161086320877074,31.980348205566408,3.262191037035475,96.92847490158115,,,0.0,-1,-1,0,147,prompt
4,1693,6,12.442558199325068,-12.295111974080404,-11.739391565322876,2.755033559809018,81.85946139366396,,,0.0,-1,-1,0,147,prompt
4,2959,55,6.479088315321916,-9.436358212070031,-18.93506694273515,11.141702013879733,331.049951321871,,,0.0,-1,-1,0,147,prompt
4,3521,7,29.280430382924674,31.006328310285294,-31.44135706765311,2.5489580598138617,75.73640369951275,,,0.0,-1,-1,0,147,prompt
4,3789,10,-10.599538320531646,6.393273591995241,19.431246328353883,3.023594238988687,89.83912192117069,0.4761279821395874,57.57817459106445,57.57817459106445,4,6,1,147,prompt
4,3821,6,-44.19352556815854,-44.2938117980957,18.433637619018555,1.9147524282401758,56.8924476146187,,,0.0,-1,-1,0,147,prompt
4,4529,6,-21.343059418114787,7.380762259165446,-26.510154406229656,6.961276117369781,206.83824759650804,,,0.0,-1,-1,0,147,prompt
4,4807,6,-19.49835968470801,41.998293240865074,18.873889605204266,2.154257971937469,64.00880187391715,,,0.0,-1,-1,0,147,prompt
4,5331,7,-22.42559333298637,8.373133250645228,-14.272744587489537,2.2992665342055227,68.31739650517649,,,0.0,-1,-1,0,147,prompt
4,5513,11,-19.61823033497678,4.199704083529386,-15.592573686079545,3.9188428728742957,116.43936812229848,,,0.0,-1,-1,0,147,prompt
4,5695,9,-9.913150960208757,-9.33295440673828,20.66911252339681,3.408666677914856,101.28066038657721,,,0.0,-1,-1,0,147,prompt
4,5841,8,-20.895832452794664,47.90105581283569,14.670459032058716,2.8025886328046337,83.27245059232453,,,0.0,-1,-1,0,147,prompt
4,6153,7,2.5426151029588473,35.7570424761091,-24.346957070486887,2.1230879703360626,63.08265724179598,,,0.0,-1,-1,0,147,prompt
5,1519,8,-36.18573226332084,31.39826226234436,33.16855275630951,2.859598317877727,84.96636176000892,,,0.0,-1,-1,0,147,prompt
5,2263,7,22.69249302376136,-13.559330327170235,-24.385109083993093,1.6140185665324376,47.9568352499045,,,0.0,-1,-1,0,147,prompt
5,2719,7,-6.996034285439101,5.118894713265555,-2.2546980721609935,1.8394444484306889,54.654844866042076,,,0.0,-1,-1,0,147,prompt
5,3631,6,14.485100332484258,5.131431261698405,3.237743377685548,2.5596020365214995,76.05266489251044,,,0.0,-1,-1,0,147,prompt
5,4233,6,-4.989785861801464,0.4018312295277913,6.6755644480387355,2.359275819999181,70.10043388277847,0.3893378973007202,115.55308532714844,115.55308532714844,4,12,1,147,prompt
5,5319,8,24.698038817226546,24.390463531017303,-39.116349160671234,3.816689901283498,113.40412842279926,,,0.0,-1,-1,0,147,prompt
7,201,7,5.920658108896729,6.57578034060342,3.9820517131260464,2.322004263529617,68.99299563505217,,,0.0,-1,-1,0,147,prompt
7,487,10,25.47439411804553,31.301268911361696,-11.685478973388673,4.6274368038058284,137.49360077451172,,,0.0,-1,-1,0,147,prompt
7,769,8,-10.284756251974743,19.675874769687653,6.811449944972992,2.993940724943985,88.9580362155225,,,0.0,-1,-1,0,147,prompt
7,773,6,-20.77107201722691,-8.803337454795837,27.718796412150066,1.6299046611851908,48.42885387461165,,,0.0,-1,-1,0,147,prompt
7,941,6,-6.454869608697453,4.81735622882843,14.329039573669434,2.211805951652167,65.71870722405933,,,0.0,-1,-1,0,147,prompt
7,1155,582,-24.886313971882014,-0.8182806356000327,5.105590073513411,229.7671566504203,6827.000572240165,,,0.0,-1,-1,0,147,prompt
7,1175,23,11.194785978890467,-17.62996932734614,-6.596204488173775,5.07166547922899,150.6928302271946,,,0.0,-1,-1,0,147,prompt
7,1685,7,-33.73191054036695,-7.557594571794782,13.545562199183873,1.2046099168524491,35.792202469520376,,,0.0,-1,-1,0,147,prompt
7,1973,6,-19.909386235122884,4.724981466929116,32.76709016164144,4.171899549643377,123.95836301389737,,,0.0,-1,-1,0,147,prompt
7,2043,6,-4.21816716209356,-6.720280607541402,24.645856300989788,1.6902119608061208,50.22074604503511,,,0.0,-1,-1,0,147,prompt
7,2573,6,-8.88008704076365,-27.209056218465168,34.64230219523112,1.4624839932037659,43.454335267267744,,,0.0,-1,-1,0,147,prompt
7,2783,7,4.198022770228046,23.880257606506348,-5.680431638445173,2.7374622146158463,81.33736944006364,,,0.0,-1,-1,0,147,prompt
7,2845,7,5.341476717497641,36.85366603306362,-8.702355521065849,2.8145758782502295,83.6286239145247,,,0.0,-1,-1,0,147,prompt
7,2871,10,-6.582385605520315,15.640935134887695,-17.524502754211426,4.6992816300035525,139.62830390926223,,,0.0,-1,-1,0,147,prompt
7,3111,7,-7.607653204443911,-31.291371617998397,35.71034267970494,2.6065676651352936,77.44814011227749,,,0.0,-1,-1,0,147,prompt
7,3593,6,43.173584878647404,-12.563000679016113,-18.712233543395996,2.026599583412494,60.21572759726044,,,0.0,-1,-1,0,147,prompt
7,3877,8,-20.499368789160776,-15.456646800041199,20.04196262359619,1.2054444811948033,35.81699962210686,,,0.0,-1,-1,0,147,prompt
7,3895,6,17.491279210398137,-22.909000078837078,-13.834833224614462,1.3136670285406904,39.03258275169993,,,0.0,-1,-1,0,147,prompt
7,3955,9,-18.841734649600703,-6.327687528398302,-3.9910901387532554,2.1737521041334738,64.58802500396587,,,0.0,-1,-1,0,147,prompt
7,4237,6,17.567524036370642,0.5681062539418541,2.6620771090189614,2.164380509346269,64.30956970205172,,,0.0,-1,-1,0,147,prompt
7,4271,8,-18.135875278660652,-6.405051350593567,25.018717288970947,2.095188769759642,62.253696910489566,,,0.0,-1,-1,0,147,prompt
7,4475,6,-4.519230937825237,-5.5748313268025695,-7.339194297790527,2.117186026903749,62.90729461914302,,,0.0,-1,-1,0,147,prompt
7,4675,6,25.41662881281617,-31.850900014241535,23.056800365447998,2.5100893889165445,74.581510883992,,,0.0,-1,-1,0,147,prompt
7,4883,6,30.42289768517818,6.489343484242757,-37.03481419881185,2.788545020520022,82.85517707725366,,,0.0,-1,-1,0,147,prompt
7,4935,11,7.257682387179659,-20.5248854377053,31.00415836681019,4.816328330178533,143.10607636692106,,,0.0,-1,-1,0,147,prompt
7,5413,8,1.4520279218486278,2.272425651550293,-19.46582531929016,4.315874865526545,128.23625711439453,,,0.0,-1,-1,0,147,prompt
7,5545,6,-33.302705516399065,4.512518564860026,-9.286835114161173,2.0018720430819017,59.481005827412844,,,0.0,-1,-1,0,147,prompt
7,5609,6,-21.066295798945735,50.8755308787028,12.992543538411459,2.287684244989499,67.97325552237297,,,0.0,-1,-1,0,147,prompt
7,5719,171,33.68506931008189,-53.21918210927506,-18.6615474210148,93.48776752109231,2777.7731668369206,,,0.0,-1,-1,0,147,prompt
7,5957,8,28.924556818120237,4.544849634170532,3.5471997261047363,5.92093967141038,175.92705203911578,,,0.0,-1,-1,0,147,prompt
8,143,6,-28.29250547657152,-5.912000020345052,-17.685400009155273,1.9100640041070296,56.753141916160715,,,0.0,-1,-1,0,147,prompt
8,871,6,-14.54443404001516,-11.930231094360352,7.810306390126546,2.949186934606551,87.62828066343359,,,0.0,-1,-1,0,147,prompt
8,1343,6,-25.82511453657383,-23.869699994723003,-31.283000151316326,1.506097690175932,44.750215577261315,,,0.0,-1,-1,0,147,prompt
8,1505,6,-40.1350036542804,8.57701841990153,9.962644577026367,1.2653131391054697,37.59585856684814,,,0.0,-1,-1,0,147,prompt
8,1535,7,4.794804823489237,4.8457280567714145,10.581585475376674,2.7570919362122215,81.92062129609484,,,0.0,-1,-1,0,147,prompt
8,2759,8,14.210597738163798,25.38811445236206,12.928035974502563,2.463812045419798,73.20648646736171,,,0.0,-1,-1,0,147,prompt
8,2765,9,-15.690319229710301,2.044566207461887,0.502394782172309,2.664457707471837,79.16820906347179,,,0.0,-1,-1,0,147,prompt
8,3305,6,-0.6864745673263405,-6.84960675239563,20.61201039950053,1.5345975368072047,45.597022719312875,,,0.0,-1,-1,0,147,prompt
8,3577,11,-19.58554291762007,14.690144257111983,20.18941445784135,3.3555942342283815,99.70373525637243,,,0.0,-1,-1,0,147,prompt
8,3705,8,-29.940953601192888,33.25500023365021,39.54935610294342,1.8710992296417652,55.59539360500284,,,0.0,-1,-1,0,147,prompt
8,4061,6,31.37278691205998,3.621100127696991,-3.3177332878112806,1.5739179295458663,46.76533740641138,,,0.0,-1,-1,0,147,prompt
8,4159,6,-19.31643662084816,-12.669231255849203,-13.719364007314047,2.431792107017457,72.25508792553934,,,0.0,-1,-1,0,147,prompt
8,5239,8,-16.829467591895547,-19.98764055967331,10.68316912651062,3.474443525866625,103.23506755752942,,,0.0,-1,-1,0,147,prompt
8,5445,6,1.0891202970711547,7.422330856323242,1.2210272153218575,2.5311403865608053,75.20699267633645,0.29639309644699097,151.6494598388672,151.6494598388672,4,7,1,147,prompt
8,5947,6,21.30675545381791,-16.987763086954754,0.8236087163289388,2.815332632212218,83.65110911130765,,,0.0,-1,-1,0,147,prompt
8,6139,7,-50.70706460647059,20.91501978465489,-50.70280511038644,3.228716357151471,95.933852075346,,,0.0,-1,-1,0,147,prompt
9,499,7,-23.045245911893254,10.609928403581891,-24.97372817993164,3.6566054603583718,108.64758886451341,,,0.0,-1,-1,0,147,prompt
9,1163,7,-13.25675028325209,14.18088150024414,-22.22749219621931,2.256995417485006,67.0614078676043,,,0.0,-1,-1,0,147,prompt
9,1375,7,14.826176629934553,1.0728695733206612,-20.804976872035436,2.375631087914681,70.58639290775847,,,0.0,-1,-1,0,147,prompt
9,2093,7,-19.99755501303651,-39.205269949776785,-28.271515710013254,2.0152769894440707,59.87930285915362,,,0.0,-1,-1,0,147,prompt
9,2633,12,11.657812413597695,4.4871154228846235,37.38205989201864,5.120470333291078,152.14295378474418,,,0.0,-1,-1,0,147,prompt
9,3085,6,-50.76026677808651,-37.33335653940836,37.90313975016276,1.4572509307015236,43.298846897136016,,,0.0,-1,-1,0,147,prompt
9,3135,8,21.40395784456957,-12.01683247089386,24.42179536819458,2.923503066139931,86.8651438109994,,,0.0,-1,-1,0,147,prompt
9,3417,7,4.492973460570181,-6.076954705374582,3.2390337671552385,2.7433443015465633,81.51214207261647,,,0.0,-1,-1,0,147,prompt
9,3717,14,-12.363261989416957,-31.619962896619523,17.08421434674944,4.097331131862153,121.74273464348583,,,0.0,-1,-1,0,147,prompt
9,3745,7,-41.034843211018696,-8.765067849840436,26.588971614837646,2.079553054072243,61.78911771866162,,,0.0,-1,-1,0,147,prompt
9,3965,6,-9.917781154163938,8.147474845250448,20.373512268066406,1.473522033027273,43.78230513593851,,,0.0,-1,-1,0,147,prompt
9,4059,7,-15.36937615684703,16.38600526537214,4.599644797188895,2.255163864372582,67.00698749556814,,,0.0,-1,-1,0,147,prompt
9,4859,6,-33.40155197772453,32.723843574523926,21.589715003967285,2.4301160050565977,72.20528642556549,0.30645236372947693,238.35012817382812,238.35012817382812,0,14,1,147,prompt
9,5317,12,-28.494050215038058,21.158493836720787,21.885314226150513,3.7257995741474694,110.7035322000204,,,0.0,-1,-1,0,147,prompt
9,5715,8,43.58355897950099,37.30102467536926,21.84327495098114,3.4553574302126204,102.66796829124931,,,0.0,-1,-1,0,147,prompt
9,6069,7,-1.6130642648135598,-34.30015645708357,-18.139357226235525,2.449885936081687,72.79270428105468,,,0.0,-1,-1,0,147,prompt
10,1071,6,-6.141892403089474,-24.61331907908122,-18.45820204416911,2.5057078958395147,74.45132493322244,,,0.0,-1,-1,0,147,prompt
10,1367,6,-25.20555738092987,40.663475036621094,-4.072266578674316,2.442012102269068,72.55875148846185,0.3639393150806427,175.4085235595703,175.4085235595703,6,13,1,147,prompt
10,1687,7,15.240532299196762,10.04380198887416,8.946547644478935,2.712647096440403,80.60004549675651,,,0.0,-1,-1,0,147,prompt
10,2077,6,30.40161165208279,35.190256436665855,-14.726252237955729,2.645640722490244,78.60910579949825,0.4535912573337555,77.29141235351562,77.29141235351562,2,13,1,147,prompt
10,2195,7,-25.712004799821123,25.305471420288086,48.90149293627058,1.8477681951505933,54.90216578191356,0.32027897238731384,165.35018920898438,165.35018920898438,4,12,1,147,prompt
10,2805,6,-17.608307203493812,-17.269506295522053,22.18091456095377,2.1340150988967252,63.40733163836383,,,0.0,-1,-1,0,147,prompt
10,3039,10,-16.163103264351513,35.48585634231567,14.049478769302368,3.87462740614887,115.125607613456,,,0.0,-1,-1,0,147,prompt
10,3309,6,-14.979527305142062,28.063524564107258,15.155795931816101,2.8925309671839052,85.94487939906705,,,0.0,-1,-1,0,147,prompt
10,3339,7,-4.761445226770815,8.753190585545132,7.076672690255301,2.750008042186211,81.71013974044395,,,0.0,-1,-1,0,147,prompt
10,3875,7,4.021665692845944,21.156514031546457,-27.374099731445312,2.471199640495696,73.42599179852341,,,0.0,-1,-1,0,147,prompt
10,4011,8,-1.7260743007195352,6.761850595474243,10.287162393331528,1.3982070245819562,41.544493547675955,,,0.0,-1,-1,0,147,prompt
10,4087,6,-25.32708021615905,-23.587955792744953,-10.541664282480875,1.9282244241766855,57.29273686965657,,,0.0,-1,-1,0,147,prompt
10,5111,8,-2.3889009995080324,10.866763830184937,17.572085857391357,2.7178847226145995,80.75566946586372,,,0.0,-1,-1,0,147,prompt
10,6035,6,20.275299892689766,-47.07430076599121,-8.580166498819986,2.639556860847994,78.42833789725076,,,0.0,-1,-1,0,147,prompt
11,415,6,-32.363459306064954,13.537555823723475,14.672297795613607,1.880427668317695,55.87256662270953,0.3235900402069092,326.09027099609375,603.516845703125,7,14,2,147,prompt
11,1117,6,5.922838708792405,8.364556312561035,6.32159813245138,1.7204335531010482,51.118710884306665,,,0.0,-1,-1,0,147,prompt
11,1743,6,17.09204616237985,6.872699896494548,-33.19663302103678,2.082558793315179,61.878426320598805,,,0.0,-1,-1,0,147,prompt
11,3099,7,-22.259614623524346,-29.82260853903634,11.580673081534249,2.765689104356698,82.17606629832068,,,0.0,-1,-1,0,147,prompt
11,3257,7,10.873538853650961,-11.750099999564034,-13.259082112993513,1.962992849486869,58.32580035422436,,,0.0,-1,-1,0,147,prompt
11,3675,7,-6.210402997070189,0.9263893536158966,28.062953608376638,2.690311635085481,79.93639883082635,,,0.0,-1,-1,0,147,prompt
11,4043,8,-11.732584069533306,-29.54845380783081,-8.521593809127808,4.125542231879968,122.5809623465782,,,0.0,-1,-1,0,147,prompt
11,4853,9,10.330317972866846,4.350862503051758,23.639389779832626,2.65087845782297,78.76473301199914,,,0.0,-1,-1,0,147,prompt
11,5113,7,-9.905797474400957,23.17160906110491,9.66833427974156,2.9979233106117347,89.07636955362483,,,0.0,-1,-1,0,147,prompt
11,5295,8,-16.4976058644596,-11.89559030532837,-17.81693184375763,2.5843946703127445,76.7893207642532,,,0.0,-1,-1,0,147,prompt
11,5441,10,-32.76910862205007,41.44404411315918,9.27096118927002,2.4937311966945095,74.09546496999496,,,0.0,-1,-1,0,147,prompt
11,6045,6,-36.696482643234496,-0.7620937029520668,3.5211644172668457,1.8314130484211908,54.416210357698674,,,0.0,-1,-1,0,147,prompt
12,678,7,7.6813171320726,24.61265959058489,-6.159462520054409,2.3003305374975342,68.3490109064222,0.5539794564247131,115.83809661865234,203.04666137695312,3,15,2,147,prompt
12,948,6,-14.607021725972727,22.12843124071757,-8.512355645497637,2.463094215939351,73.18515782167873,,,0.0,-1,-1,0,147,prompt
12,1536,6,-9.913451428439119,32.10493119557699,11.853389422098795,2.32858147130292,69.18842217854376,,,0.0,-1,-1,0,147,prompt
12,1668,8,-52.011486410974925,35.08402490615845,-37.712299823760986,2.340839424202305,69.55263894772247,,,0.0,-1,-1,0,147,prompt
12,2004,7,-25.527272441171842,34.870243072509766,-16.429100104740687,2.647412100651621,78.66173821179629,,,0.0,-1,-1,0,147,prompt
12,2092,8,17.532949439649677,3.12112033367157,4.0137457847595215,3.0899177930946506,91.80977320325671,,,0.0,-1,-1,0,147,prompt
12,3092,11,15.02798659896714,20.40395840731534,19.391705599698152,4.581765620069662,136.13658699566224,,,0.0,-1,-1,0,147,prompt
12,3390,6,-18.18215824200004,20.054612636566162,24.873645464579266,2.6788276666396635,79.595179222706,,,0.0,-1,-1,0,147,prompt
12,3668,6,32.904464250929806,-13.597600003083548,-6.35539976755778,2.6402902653391336,78.45012931841678,,,0.0,-1,-1,0,147,prompt
12,3672,552,-23.284639353633548,2.1261311699568792,-24.730246578437693,228.38616610149396,6785.967626517106,,,0.0,-1,-1,0,147,prompt
12,4148,7,41.140500249905394,43.231498752321514,27.767471313476562,2.4950688504103695,74.13521026177979,,,0.0,-1,-1,0,147,prompt
12,4308,8,9.47625326418967,-23.212682008743286,10.364629626274109,2.12765880576207,63.21846906331076,,,0.0,-1,-1,0,147,prompt
12,5382,8,22.10067526690711,8.701725006103516,-23.018849730491638,3.1102867902975695,92.41499092709293,,,0.0,-1,-1,0,147,prompt
13,447,7,-41.35491974516236,16.655213321958268,33.25058719090053,3.47400623886653,103.22207458393213,,,0.0,-1,-1,0,147,prompt
13,531,12,-2.363148231847632,36.1024595896403,2.2739992141723633,5.045070760043586,149.90262954862868,,,0.0,-1,-1,0,147,prompt
13,1045,12,-7.800436679926814,0.6951220830281576,-27.32315731048584,3.9945745473201693,118.68955997876691,,,0.0,-1,-1,0,147,prompt
13,1053,6,20.100960532981393,-6.724900245666504,-22.185533205668133,2.0504120955120366,60.92326141584442,,,0.0,-1,-1,0,147,prompt
13,1455,8,-1.0526158826155898,-3.0345187187194824,24.64806342124939,2.544619035574264,75.6074796121952,,,0.0,-1,-1,0,147,prompt
13,1585,7,-1.3484064870739516,-36.63196611404419,-14.478609493800572,3.383160376463386,100.52279952803053,,,0.0,-1,-1,0,147,prompt
13,1639,6,9.202038291331432,-29.707799911499023,60.990800857543945,2.1460519912514413,63.76498010384346,,,0.0,-1,-1,0,147,prompt
13,1703,6,-23.34926803735534,9.251356442769369,33.432189305623375,2.0230796569736205,60.111141109954104,,,0.0,-1,-1,0,147,prompt
13,1729,7,-15.602343711326045,11.374000958033971,-20.91708745275225,2.4019885675322885,71.36954456030725,,,0.0,-1,-1,0,147,prompt
13,1817,7,-3.7963901769039055,-30.05618531363351,-22.446671554020472,2.1099117026641583,62.69115486936186,,,0.0,-1,-1,0,147,prompt
13,2129,9,-20.557034149870926,13.489829434288872,6.872210078769261,2.502953718087642,74.36949090018572,,,0.0,-1,-1,0,147,prompt
13,2483,6,-52.513703754319295,-25.338462511698406,12.136604309082031,2.336122964784129,69.41250024549785,,,0.0,-1,-1,0,147,prompt
13,2807,7,-25.656483248434444,-19.473969050816127,-2.7864552225385393,1.4952561598884142,44.42808453575022,,,0.0,-1,-1,0,147,prompt
13,3395,8,-24.15315946208161,-41.22234374284744,-18.22679352760315,2.4258702809324837,72.07913453576779,,,0.0,-1,-1,0,147,prompt
13,3469,6,-8.227405160698742,-38.09545044104258,13.466803868611654,1.3779320398805541,40.94206918826574,,,0.0,-1,-1,0,147,prompt
13,3829,6,-27.984376482427365,-13.740781168142954,-4.3525393803914385,2.2809116123841293,67.7720223811944,,,0.0,-1,-1,0,147,prompt
13,3919,8,11.468780545673596,-23.254251539707184,25.621464133262634,2.774753659163956,82.44539861612623,,,0.0,-1,-1,0,147,prompt
13,4005,6,-39.38785022754382,23.421681722005207,-23.809656103452046,2.719121920787756,80.79242995312939,,,0.0,-1,-1,0,147,prompt
13,4117,6,-4.889075762857647,-3.445587476094564,-0.840613047281901,2.065834755193577,61.381510140363105,,,0.0,-1,-1,0,147,prompt
13,4123,6,3.1552558481323527,-9.51462491353353,22.71983750661214,1.3889801362965226,41.270337865362784,,,0.0,-1,-1,0,147,prompt
13,4205,7,-19.601128221881044,18.215030397687638,-8.124351637704033,2.161591001790823,64.22668592547143,,,0.0,-1,-1,0,147,prompt
13,4785,6,-40.39130790649441,-43.19916915893555,-26.494827389717102,2.407219074221978,71.52495699036984,,,0.0,-1,-1,0,147,prompt
13,4987,10,-2.746705360432983,16.317120170593263,-14.671879482269286,3.736853036387781,111.03196031019917,,,0.0,-1,-1,0,147,prompt
13,5093,8,-3.9691460920593684,-17.230247020721436,51.21521556377411,3.3346425708123992,99.08120495127787,,,0.0,-1,-1,0,147,prompt
13,5393,6,-17.501403741206833,31.333600362141926,-6.501729329427083,1.951643279402308,57.988574083109086,,,0.0,-1,-1,0,147,prompt
14,601,14,4.962838017095462,2.1615752577781677,11.978456769670759,4.933933530379977,146.60044336339843,,,0.0,-1,-1,0,147,prompt
14,1101,7,-42.294204441865205,22.22938401358468,-6.1977917807442795,2.070021251426542,61.50590221012098,,,0.0,-1,-1,0,147,prompt
14,1329,9,-0.5966981032866607,1.6381170219845242,-15.04739655388726,3.281632472437952,97.50613226807681,,,0.0,-1,-1,0,147,prompt
14,1363,7,-25.678303581737595,-29.83844464165824,-15.067052159990583,1.4338924004133826,42.60480209992223,,,0.0,-1,-1,0,147,prompt
14,1885,6,-51.87246200732066,-31.292030652364094,25.01682726542155,1.5096738384071342,44.85647256532153,,,0.0,-1,-1,0,147,prompt
14,1915,6,-38.35321542653974,-17.523537317911785,50.570899963378906,1.8114191291274264,53.822137207951116,,,0.0,-1,-1,0,147,prompt
14,3043,6,25.061478099276695,-8.129000027974447,-11.750099817911783,2.752373248952178,81.78041639869275,,,0.0,-1,-1,0,147,prompt
14,3575,8,-24.505421763761795,-9.217870593070984,-12.833248138427734,2.943369574008532,87.45543122441639,,,0.0,-1,-1,0,147,prompt
14,3795,6,22.868144835382157,-8.720199823379517,-19.07396697998047,2.0833283513253313,61.90129196011087,,,0.0,-1,-1,0,147,prompt
14,4137,9,-1.3426361554975434,21.612670527564156,-8.792629030015734,3.5135291289371633,104.39640601172329,,,0.0,-1,-1,0,147,prompt
14,4465,10,1.8242669171912052,-9.643949890136719,22.622719955444335,2.8131260863512,83.58554669553226,,,0.0,-1,-1,0,147,prompt
14,6165,12,10.997013568831415,-14.463614702224731,41.451914151509605,3.860446522057635,114.70425538358516,,,0.0,-1,-1,0,147,prompt
15,150,6,-51.86181899077297,22.95518684387207,42.22943735122681,1.9485089767729928,57.89544551697348,,,0.0,-1,-1,0,147,prompt
15,520,8,-17.241562969959784,18.98652696609497,18.402358531951904,4.38152500036929,130.18689929786802,0.3001818060874939,242.77294921875,388.99407958984375,4,15,2,147,prompt
15,1642,6,-4.0500663546573294,10.600031216939291,13.092684745788574,1.8737376698666395,55.67378876464022,,,0.0,-1,-1,0,147,prompt
15,1784,7,-12.941337836897176,38.55996431623186,-30.34329632350377,2.330853493749542,69.25593007988769,,,0.0,-1,-1,0,147,prompt
15,1926,6,-1.2048483272164585,13.685355981191,-17.629769166310627,2.423568173859861,72.01073273922178,,,0.0,-1,-1,0,147,prompt
15,2012,7,-10.34664547292513,-17.181749616350448,-8.641710758209229,2.343544258346907,69.63300684939394,,,0.0,-1,-1,0,147,prompt
15,2094,10,-8.435866937301444,-25.97492642402649,-15.127371120452882,3.241873720729755,96.32479275628407,,,0.0,-1,-1,0,147,prompt
15,2512,8,-18.0973056409075,8.234076261520386,-9.714489221572876,3.0675823062549865,91.14612578010633,,,0.0,-1,-1,0,147,prompt
15,2546,8,8.30551014671095,-4.378574907779694,-11.312524378299713,3.858239166216932,114.6386689011335,,,0.0,-1,-1,0,147,prompt
15,2730,6,-39.40508516569396,-25.897331873575848,-31.0027281443278,2.605399313060773,77.41342522788055,,,0.0,-1,-1,0,147,prompt
15,3142,7,6.752005120309801,27.775842666625977,15.860274996076312,1.917574119886379,56.97628766714902,,,0.0,-1,-1,0,147,prompt
15,3366,6,-14.375536116060351,9.607001066207884,29.122895399729412,2.272588189202004,67.52471107850106,,,0.0,-1,-1,0,147,prompt
15,4172,10,9.924166964092555,-20.219039916992188,-2.3196598529815673,4.424301908551904,131.4579163609624,,,0.0,-1,-1,0,147,prompt
15,4216,7,-8.379194931414327,-4.338985596384321,-5.330785274505615,1.9850006699527183,58.97971192759472,,,0.0,-1,-1,0,147,prompt
15,4584,11,-19.532126871805243,7.822483149441806,-7.833875786174428,3.4315558482816866,101.96075923738992,,,0.0,-1,-1,0,147,prompt
15,5112,9,-11.389849230122751,33.91394154230753,35.471647368537056,3.8579573979164334,114.63029680663236,,,0.0,-1,-1,0,147,prompt
15,5594,10,-3.8320090702118805,-7.593225002288818,-1.7560903549194335,3.762002875690696,111.77922971900323,,,0.0,-1,-1,0,147,prompt
15,5880,6,-41.3855580986346,-42.82504955927531,23.092278798421223,2.212803467349404,65.7483460999332,,,0.0,-1,-1,0,147,prompt
15,6178,7,-53.00823682717584,54.67676271711077,41.06551252092634,2.440034668067878,72.49999659668406,,,0.0,-1,-1,0,147,prompt
15,6358,12,-23.7131561474496,33.80694039662679,28.883559226989746,2.985954429645791,88.72074188953754,,,0.0,-1,-1,0,147,prompt
16,39,6,-27.975003879208273,26.359206199645996,-19.243389129638672,1.6162241292045636,48.02236845249194,,,0.0,-1,-1,0,147,prompt
16,1001,6,-24.175965457420073,-35.36576906840006,-3.062231699625651,2.4506248518633886,72.81465945749525,,,0.0,-1,-1,0,147,prompt
16,1751,6,3.8984033688526707,-11.158900260925293,-1.3224331537882488,1.931197755959575,57.38108255874099,,,0.0,-1,-1,0,147,prompt
16,1911,6,-20.076615187489793,2.6788748105367026,-12.793937603632608,2.0539548999609356,61.028527670397786,,,0.0,-1,-1,0,147,prompt
16,2731,7,18.941615728411602,22.89844254084996,3.6072143827165877,1.8601247209362792,55.26931141682308,,,0.0,-1,-1,0,147,prompt
16,3255,6,12.956955602820676,-3.621100584665934,15.158737023671469,1.8669165733696644,55.47111563081631,,,0.0,-1,-1,0,147,prompt
16,3333,10,-54.62048887993558,50.630737686157225,19.959672355651854,4.619076276064634,137.24518699551282,,,0.0,-1,-1,0,147,prompt
16,3831,8,29.08884708884304,41.149598121643066,20.148245096206665,2.4035804626554107,71.41684404851493,,,0.0,-1,-1,0,147,prompt
16,3997,6,-29.52841099836175,-5.944331288337707,5.23010257879893,1.1781883357146326,35.00714618829649,,,0.0,-1,-1,0,147,prompt
16,4255,11,52.88452434247949,8.646300185810436,-27.304082783785734,4.625793998649774,137.4447886122168,,,0.0,-1,-1,0,147,prompt
16,4329,6,-27.7226307944598,8.170568625132242,-23.03076473871867,2.0567482522899274,61.11152568554715,,,0.0,-1,-1,0,147,prompt
16,4415,6,33.58208470077606,-16.22566803296407,-8.196810722351074,2.0256208620057263,60.18664715033551,,,0.0,-1,-1,0,147,prompt
16,4859,6,19.461980981860396,-3.939793984095253,11.725536425908407,1.703291441324028,50.6093726106509,,,0.0,-1,-1,0,147,prompt
16,4993,11,-20.291126694565467,-53.30121534520929,27.9860146262429,2.9870657872268853,88.75376331415146,,,0.0,-1,-1,0,147,prompt
16,5021,6,-9.896615048548261,-27.329143524169922,13.09268569946289,1.4158315842434486,42.06816664634058,,,0.0,-1,-1,0,147,prompt
16,5331,6,-25.188322442779725,-21.541849811871845,27.062933286031086,2.6871225717743084,79.8416431774611,,,0.0,-1,-1,0,147,prompt
16,5493,6,35.73550665261674,-36.432701110839844,5.7641996542612715,2.007992583478593,59.662863554164474,,,0.0,-1,-1,0,147,prompt
16,5749,9,3.489243531455609,15.737621148427328,23.030696551005047,3.580418752412919,106.38387673818875,,,0.0,-1,-1,0,147,prompt
17,497,6,8.02304557789461,-3.8889873027801514,0.6466253598531099,2.29996184290757,68.33805599792544,,,0.0,-1,-1,0,147,prompt
17,631,6,-9.14310314205982,-24.082162539164226,32.37449598312378,1.9265965189366427,57.244367423964945,,,0.0,-1,-1,0,147,prompt
17,1161,7,-12.306873720493902,-23.864421844482422,1.0880745479038783,1.8731716891398662,55.65697195408346,,,0.0,-1,-1,0,147,prompt
17,1495,8,9.075742415437336,-11.677354574203491,15.027258276939392,3.573192863427046,106.16917613014422,,,0.0,-1,-1,0,147,prompt
17,1523,9,-12.312008418036125,14.542903688218859,15.389185375637478,2.3088209992319575,68.6012853740376,,,0.0,-1,-1,0,147,prompt
17,1563,9,-9.383009548468822,2.7004293865627713,33.799659729003906,2.585087544415613,76.80990791850854,,,0.0,-1,-1,0,147,prompt
17,1709,6,-19.98162515507911,43.43010608355204,-35.870889027913414,1.7883834129888305,53.13768408787605,,,0.0,-1,-1,0,147,prompt
17,1755,6,25.019777888155236,8.549306551615397,19.325055917104084,2.4976345287783372,74.21144347083215,,,0.0,-1,-1,0,147,prompt
17,1943,6,-37.837900979045834,4.447856267293294,-9.620856444040934,1.6296535484585855,48.42139263971096,,,0.0,-1,-1,0,147,prompt
17,2315,9,7.967568299278499,24.627175437079536,-0.8245889875623911,3.851411214923459,114.43579209285805,,,0.0,-1,-1,0,147,prompt
17,2615,7,-5.169236516573979,-22.94595009940011,1.578982216971261,1.4354352170593978,42.650643334495335,,,0.0,-1,-1,0,147,prompt
17,2835,6,-13.622542695310917,21.40790589650472,-9.29754384358724,1.9019835195263095,56.51304897311017,,,0.0,-1,-1,0,147,prompt
17,3127,6,-6.085024783665045,-29.093506813049316,7.842843572298686,2.482292008399674,73.75557590067241,,,0.0,-1,-1,0,147,prompt
17,3149,7,-5.613556882194076,-27.763965572629655,24.939358745302474,2.0056392423980056,59.592939457361155,,,0.0,-1,-1,0,147,prompt
17,3343,10,-26.95721449588085,29.705028915405272,-3.189708614349365,3.891395771225211,115.62384086680943,,,0.0,-1,-1,0,147,prompt
17,3689,6,-42.97581721744572,5.805768807729085,-3.8012309074401855,1.3967548982847906,41.50134696743255,,,0.0,-1,-1,0,147,prompt
17,4103,6,5.1769105064554495,3.533343950907389,19.18019739786784,2.456877591432493,73.000445177433,,,0.0,-1,-1,0,147,prompt
17,4987,6,-13.356865839877822,-6.2168378829956055,-19.582029660542805,1.812967618492313,53.868146994268294,,,0.0,-1,-1,0,147,prompt
17,5423,6,-2.4970577937631404,28.37760006139676,-50.86649958292643,2.492669087202418,74.06390683864149,,,0.0,-1,-1,0,147,prompt
17,5465,12,-9.450044281079721,15.334250092506409,-33.721700270970665,3.642184961023565,108.2191170209048,1.0,10.43655014038086,10.43655014038086,6,12,1,147,prompt
17,5481,7,8.032981094494259,26.069544315338135,55.18305206298828,1.2069099055093966,35.86054132223559,,,0.0,-1,-1,0,147,prompt
17,5911,7,25.049592478833322,30.78858757019043,2.5343445369175504,2.3118666828657055,68.69178083132394,,,0.0,-1,-1,0,147,prompt
17,5971,12,7.494051395921289,-7.390000104904175,-36.89551671346029,4.547679403363355,135.1237937646718,,,0.0,-1,-1,0,147,prompt
18,203,6,16.304184307070827,5.043674796819686,20.60592047373454,1.2875002496948806,38.25509733229416,,,0.0,-1,-1,0,147,prompt
18,1303,8,-8.32880304264128,33.96513271331787,21.214073538780212,3.391911959045255,100.7828325987506,,,0.0,-1,-1,0,147,prompt
18,1309,6,13.923681209593333,-17.606675068537395,2.48341695467631,2.2532381227169003,66.94976852843207,,,0.0,-1,-1,0,147,prompt
18,1495,9,-16.632993184747257,34.99164952172173,31.34038649664985,2.471365769902771,73.43092795029419,,,0.0,-1,-1,0,147,prompt
18,1509,7,-51.715857620976,-2.767290660313198,-5.969434465680804,2.606460303341944,77.44495010446555,,,0.0,-1,-1,0,147,prompt
18,2323,6,-6.311188885303568,14.484400749206541,-38.96859900156657,3.1887762113004356,94.74712285540255,,,0.0,-1,-1,0,147,prompt
18,2681,7,5.711180261178697,-10.471366218158177,27.36761978694371,2.5335336647480147,75.27810341205604,,,0.0,-1,-1,0,147,prompt
18,3169,9,32.698596537540574,14.216513050927055,0.873012860616049,2.7410587211155133,81.44423132706801,,,0.0,-1,-1,0,147,prompt
18,3179,8,-15.431229995709842,-2.9929500818252563,-17.58720028400421,2.3622653196246595,70.18925996197702,,,0.0,-1,-1,0,147,prompt
18,3333,6,13.543591926272518,-24.927393356959026,0.5403938293457031,1.7740187588242742,52.71087155456581,,,0.0,-1,-1,0,147,prompt
18,3579,7,-27.68932523128936,-42.772264208112446,24.878713573728287,3.123863590850309,92.81839420932864,,,0.0,-1,-1,0,147,prompt
18,3767,10,-8.973871423787438,1.5740703582763675,37.01394481658936,1.8387275110547565,54.633542727185045,,,0.0,-1,-1,0,147,prompt
18,3961,17,-36.07327545195596,36.937502580530506,32.66699527291691,6.769812914637157,201.14936057856374,0.324695885181427,206.18927001953125,464.8195495605469,5,7,3,147,prompt
18,3969,6,-7.964907545141576,-7.759499708811442,-18.6305669148763,2.226746534871962,66.16263215953795,,,0.0,-1,-1,0,147,prompt
18,4101,11,-13.739107868265974,52.008804668079726,5.622027223760432,4.192238434335556,124.56268601400086,0.23803351819515228,315.57672119140625,825.6822509765625,4,7,4,147,prompt
18,4941,10,12.14266242239595,-15.258502197265624,37.807404136657716,4.863806419431543,144.51677817141055,,,0.0,-1,-1,0,147,prompt
18,5821,8,-13.065531946522349,36.87494456768036,-1.6822766363620758,2.6855813528889714,79.79584941665763,,,0.0,-1,-1,0,147,prompt
18,5855,7,-11.108787054533057,4.976372855050224,10.600119863237653,1.6411960210728154,48.76435056412096,,,0.0,-1,-1,0,147,prompt
19,139,10,-31.863920064668584,27.2164457321167,-2.9449560165405275,3.620344209638888,107.57016951955148,,,0.0,-1,-1,0,147,prompt
19,207,6,8.384788213036533,23.869699478149414,-38.22959963480631,1.9873553839108664,59.04967681628506,,,0.0,-1,-1,0,147,prompt
19,1037,7,-19.026746949670606,41.529161180768696,2.93545709337507,3.2081537553469945,95.32288183776983,,,0.0,-1,-1,0,147,prompt
19,1283,12,-39.347878951750104,-2.397131164868673,24.42709755897522,3.533882628599498,105.00116326192186,,,0.0,-1,-1,0,147,prompt
19,1383,6,21.43626055145786,-32.22963730494181,21.198591550191242,1.400933245573976,41.625496910140356,,,0.0,-1,-1,0,147,prompt
19,1523,7,-10.978281731595,7.28838757106236,12.18908759525844,2.1901668776882968,65.0757521016314,,,0.0,-1,-1,0,147,prompt
19,1561,7,-35.02537867227703,-5.293087686811175,39.45818764822824,2.979820612286256,88.5384896684889,,,0.0,-1,-1,0,147,prompt
19,1655,9,-23.138497073699405,39.339433140224884,3.010796652899848,2.9475928936424243,87.58091741651477,0.4845084249973297,242.29037475585938,329.6560363769531,6,15,2,147,prompt
19,2435,6,-15.079644179796134,-5.214568614959717,-37.598301569620766,1.851644747804411,55.01734859381647,,,0.0,-1,-1,0,147,prompt
19,2481,7,-19.428140716612255,-32.26130894252232,28.136912414005824,2.765507435036148,82.17066841389959,,,0.0,-1,-1,0,147,prompt
19,2639,8,11.432206473523138,20.708165407180786,-23.193156957626343,2.9481104090542645,87.59629419213528,,,0.0,-1,-1,0,147,prompt
19,3309,9,-4.611390462918788,-15.876183244917128,26.658091757032608,2.2636423301469124,67.25890553092572,,,0.0,-1,-1,0,147,prompt
19,4131,12,-7.794758595768236,47.50153398513794,42.66664441426595,4.382259279693972,130.20871671269293,0.34288108348846436,190.298583984375,344.18939208984375,4,14,2,147,prompt
19,4571,10,-5.758900102814721,13.925531029701233,46.21172304153443,2.351368669437123,69.86549115989797,,,0.0,-1,-1,0,147,prompt
19,4927,7,-15.34885033921933,-8.004953520638603,14.79136426108224,2.2521668896586093,66.91793931137353,,,0.0,-1,-1,0,147,prompt
19,5207,6,-51.95939503876983,-27.998863299687702,-21.087741851806637,3.0328078066338664,90.11288181141344,,,0.0,-1,-1,0,147,prompt
19,5247,10,-35.288522660487715,-53.191372299194335,10.105107593536378,2.3014914125308796,68.38350362780363,,,0.0,-1,-1,0,147,prompt
19,5257,10,-39.081720871443686,7.321642589569092,-19.564141941070556,3.0046819102807465,89.27718573849883,,,0.0,-1,-1,0,147,prompt
19,5337,11,8.373641622778182,-23.180246699940074,5.883923834020441,3.7945327899613615,112.74578101631784,,,0.0,-1,-1,0,147,prompt
20,307,9,4.085036578320842,4.375495698716906,-8.180992974175346,3.0336163132565868,90.13690471902322,,,0.0,-1,-1,0,147,prompt
20,455,6,-15.39500350876146,14.895468711853027,-0.3726477622985828,1.846059189495469,54.85138662463284,,,0.0,-1,-1,0,147,prompt
20,465,6,3.147672143980872,-1.7689812978108723,44.13698132832845,1.6471691225720433,48.941827484442165,,,0.0,-1,-1,0,147,prompt
20,1275,8,28.40207360282223,35.32304525375366,1.7158142328262338,2.3318886373234164,69.2866869812404,,,0.0,-1,-1,0,147,prompt
20,1419,7,8.490199300820004,34.8544077192034,23.56308937072754,2.7009642574523824,80.25291690962794,,,0.0,-1,-1,0,147,prompt
20,1549,6,-30.38298637312432,33.010205825169884,-26.079139709472656,2.2020159097874004,65.42781873334823,,,0.0,-1,-1,0,147,prompt
20,2585,6,-35.22595746058495,49.85478719075521,42.81140009562174,1.6724437831342094,49.69280566877689,,,0.0,-1,-1,0,147,prompt
20,2669,8,-24.2376271086967,-14.594095468521118,-8.269820392131805,1.8897725966987786,56.150229593933325,,,0.0,-1,-1,0,147,prompt
20,2929,6,-24.758550685926668,-12.11959966023763,-41.7029005686442,1.8219654061251322,54.13549547963782,,,0.0,-1,-1,0,147,prompt
20,3043,11,20.77181268802868,15.194008090279318,-24.147376363927666,3.8965048061646677,115.77564404426847,,,0.0,-1,-1,0,147,prompt
20,3117,6,-23.487627252475377,2.8820997873942056,-33.05660057067871,1.618280581964496,48.08347119830432,,,0.0,-1,-1,0,147,prompt
21,733,8,-33.22964571443072,-29.30596923828125,23.628524780273438,1.7155340000085442,50.973131976277024,,,0.0,-1,-1,0,147,prompt
21,1109,9,44.85373825127498,48.955671045515274,-16.38487370808919,3.739801275028591,111.11956041450182,,,0.0,-1,-1,0,147,prompt
21,1395,6,-22.39099798980348,-0.8128999074300131,3.8952834606170668,1.6488734946792707,48.99246896654509,,,0.0,-1,-1,0,147,prompt
21,1531,13,-6.2859692786953865,-23.107961507943962,-12.39005338228666,4.846037956141898,143.9888293086808,0.7075322866439819,38.589271545410156,38.589271545410156,7,6,1,147,prompt
21,1959,7,30.013367977640307,-20.74478558131627,-2.2770143236432756,2.8149825078198756,83.64070597335822,,,0.0,-1,-1,0,147,prompt
21,2287,7,-40.10706454131384,-31.976266043526785,8.010980333600726,2.0885897197569587,62.05762137558139,,,0.0,-1,-1,0,147,prompt
21,2433,7,-50.84315608631012,45.72958428519113,18.723841258457725,2.902969204287479,86.2550275147427,0.5247595906257629,47.112056732177734,47.112056732177734,6,13,1,147,prompt
21,3315,11,7.265873986016836,-17.972816120494496,31.607879465276543,3.5255576608246795,104.75380606522275,,,0.0,-1,-1,0,147,prompt
21,3425,6,-13.672977096432755,-15.09869416554769,-32.27750205993652,1.7185046714226133,51.06139861864421,0.3823924958705902,80.17450714111328,80.17450714111328,4,7,1,147,prompt
21,3667,7,41.18768525339258,11.116671357836042,8.371242795671735,2.0983494790785673,62.34761009043903,,,0.0,-1,-1,0,147,prompt
21,3723,6,-21.26057603987015,12.073412256936232,-15.480579535166422,1.2750264104559421,37.88446599897514,,,0.0,-1,-1,0,147,prompt
21,3755,7,-58.24990956579319,-12.763585533414568,-25.687597002301896,1.8925105639616837,56.23158196971725,,,0.0,-1,-1,0,147,prompt
21,4297,6,11.392432170309474,19.648162603378296,36.152633349100746,2.054925142962003,61.05735620107233,,,0.0,-1,-1,0,147,prompt
21,4405,6,6.0628668955003375,0.4433997472127282,27.06293296813965,2.0157013733823295,59.89191244805908,,,0.0,-1,-1,0,147,prompt
21,5067,6,-52.293379646693616,-12.784700075785318,-35.56919860839844,2.587792542630701,76.8902806951557,,,0.0,-1,-1,0,147,prompt
21,5203,7,-26.91203049081994,-24.315739222935267,3.6613780430385043,1.738141953194911,51.644875107847966,,,0.0,-1,-1,0,147,prompt
21,5433,7,-13.33544524828188,12.6685722214835,-4.88738523210798,3.6914067022664803,109.6816274185214,,,0.0,-1,-1,0,147,prompt
21,5829,8,7.90964432046599,27.099361330270767,19.37119209766388,2.4492267971362374,72.77311948911412,,,0.0,-1,-1,0,147,prompt
21,6099,6,24.91513662174589,-11.375981648763021,-20.342652241388958,2.071800239262685,61.55876072633546,,,0.0,-1,-1,0,147,prompt
22,467,6,-18.31305368044831,-17.260268847147625,24.832076867421467,1.3775486306027391,40.93067706679284,,,0.0,-1,-1,0,147,prompt
22,529,10,23.615077202734764,-27.560081481933594,1.8918816566467285,3.958887915787044,117.62921411624382,,,0.0,-1,-1,0,147,prompt
22,643,7,-3.5971238405084165,7.715952055794852,-20.488262585231237,1.373675260689007,40.81558882266324,,,0.0,-1,-1,0,147,prompt
22,681,6,-48.861006810061916,14.147231101989746,0.5141525268554688,1.7145261126027993,50.94318492903108,,,0.0,-1,-1,0,147,prompt
22,719,7,-46.98202172589981,-41.87358719961984,39.90158789498465,2.441521962382598,72.54418811337297,,,0.0,-1,-1,0,147,prompt
22,895,7,-20.21877771413504,-12.969449588230678,23.28722517830985,2.485896600305624,73.86267802685686,,,0.0,-1,-1,0,147,prompt
22,1029,7,14.921280536133597,7.866390773228237,4.203752381461007,2.6645632948891675,79.17134634979699,,,0.0,-1,-1,0,147,prompt
22,1497,9,20.04828884883217,-13.027954525417751,9.679429213205973,3.649223157326678,108.42824077422696,,,0.0,-1,-1,0,147,prompt
22,1889,13,8.696578032032635,0.28991545163668175,20.88645362854004,6.287715347522751,186.8249444411731,,,0.0,-1,-1,0,147,prompt
22,3181,7,-27.506190276312946,-18.321921757289342,31.08631501879011,1.8707191354530361,55.58409998374823,,,0.0,-1,-1,0,147,prompt
22,4091,6,10.84384352129314,32.88549995422363,0.8206665515899658,3.6486176064660363,108.41024822850201,,,0.0,-1,-1,0,147,prompt
22,4141,8,40.155831165376654,29.153550386428833,-46.91284966468811,3.729214179877026,110.80498932561441,,,0.0,-1,-1,0,147,prompt
22,4221,7,5.5884697717602245,-9.960664476667132,1.1764322008405412,2.386872535658984,70.92040657316639,0.25363510847091675,155.79940795898438,155.79940795898438,3,10,1,147,prompt
22,4953,11,-20.788187355171825,-13.785708860917525,12.138588818636807,2.4678179212924234,73.32551182012935,,,0.0,-1,-1,0,147,prompt
22,5217,6,7.910422049074498,7.833399772644044,-29.287699381510418,1.4539519118687807,43.2008241693132,,,0.0,-1,-1,0,147,prompt
22,5405,7,9.765486323120376,26.398135117122106,-2.4182750156947543,3.056893041635872,90.82851896138004,,,0.0,-1,-1,0,147,prompt
22,5465,6,22.564818863772846,7.316099484761556,10.050401051839193,2.0926118693903555,62.177130265577425,,,0.0,-1,-1,0,147,prompt
22,5539,6,3.564020202669589,49.8085994720459,-49.46239916483561,2.0870291672784713,62.01125316169497,,,0.0,-1,-1,0,147,prompt
22,5825,6,13.43136695571169,15.740700403849283,-24.18083318074544,2.0997014665853513,62.38778127772721,,,0.0,-1,-1,0,147,prompt
22,5965,7,-23.515845108640054,-17.55388947895595,-10.82703903743199,2.709743043687165,80.51375827408641,,,0.0,-1,-1,0,147,prompt
23,523,6,-16.232742503633173,17.080137570699055,4.986778577168783,2.2598273762101733,67.14555298268134,,,0.0,-1,-1,0,147,prompt
23,923,6,21.490347489265655,31.97098684310913,16.616791486740112,1.3908758675843187,41.32666514370521,,,0.0,-1,-1,0,147,prompt
23,1401,6,3.010981900448724,-38.87140043576559,4.671233336130778,2.812148837851604,83.55651001264326,,,0.0,-1,-1,0,147,prompt
23,1715,6,44.017562425791255,-53.13410027821859,2.8976335525512695,1.5730683855031402,46.740095166613564,,,0.0,-1,-1,0,147,prompt
23,1765,9,-0.11749665313418116,-9.776354047987196,11.782637384202745,3.193555994534522,94.88914307861461,,,0.0,-1,-1,0,147,prompt
23,3375,6,-25.148411130725865,0.9791750113169352,1.0992622375488281,1.9478698134630585,57.87645425492241,,,0.0,-1,-1,0,147,prompt
23,3943,8,4.499966542375667,18.56391042470932,-3.279364824295044,2.789704349205773,82.88962385248655,,,0.0,-1,-1,0,147,prompt
23,4617,6,-21.693481847670153,16.92771848042806,12.225831826527914,1.4783823488685328,43.926718199638614,,,0.0,-1,-1,0,147,prompt
23,5509,11,5.212579142676405,22.391699877652254,-25.04677287015048,4.322064397782095,128.42016477494343,,,0.0,-1,-1,0,147,prompt
24,177,6,-2.2363038883446076,29.971068382263184,22.376372814178467,1.857508585525561,55.19157899324088,,,0.0,-1,-1,0,147,prompt
24,475,8,-21.180510550981023,-26.953870058059692,-8.518129825592041,2.821872077681717,83.84541363512749,,,0.0,-1,-1,0,147,prompt
24,601,8,-25.015243802444928,-24.59830731153488,19.538570880889893,2.5346907735936717,75.31248422986572,,,0.0,-1,-1,0,147,prompt
24,821,11,5.858133927326639,2.6503226540305396,-12.577752373435281,3.7019186863572173,109.99396675565316,,,0.0,-1,-1,0,147,prompt
24,1193,7,-43.453075702626016,-16.04553726741246,13.297587667192731,2.432845442398378,72.28638535443713,,,0.0,-1,-1,0,147,prompt
24,1667,7,35.211264018251455,-13.131765910557338,5.362280436924527,2.476270206618997,73.5766519639274,,,0.0,-1,-1,0,147,prompt
24,2151,8,-6.983436853818767,-7.181001424789429,33.46189534664154,3.5337707605931055,104.99783936239332,,,0.0,-1,-1,0,147,prompt
24,2629,9,1.098348059960285,28.697834014892578,-3.892694208357069,3.083491823739422,91.61884036017814,0.788999080657959,39.73756790161133,39.73756790161133,5,15,1,147,prompt
24,2845,6,-52.313275338980695,40.972931543986,26.57796510060628,1.5781238244937725,46.89030586419591,,,0.0,-1,-1,0,147,prompt
24,2849,10,-21.971042237559253,8.496652030944825,35.778849840164185,3.0126957353839576,89.51529804907892,,,0.0,-1,-1,0,147,prompt
24,3001,8,-25.36545448460936,21.581109523773193,24.33409070968628,2.474465201842114,73.5230204143869,0.6565689444541931,48.35587692260742,48.35587692260742,4,6,1,147,prompt
24,3079,6,-28.421138719142153,-23.246168454488117,36.58217811584473,1.6133486399466215,47.936929928137005,,,0.0,-1,-1,0,147,prompt
24,3929,6,-36.32087256273998,30.08653736114502,32.61467043558756,2.6715833697007927,79.37993166483855,0.1795237958431244,167.4454803466797,322.3256530761719,5,13,2,147,prompt
24,3947,14,17.881298625786716,40.98876704488482,12.456315313066755,5.704723520878328,169.50268832704822,0.5915480256080627,134.4968719482422,175.91416931152344,4,6,2,147,prompt
24,4111,9,23.104844013665527,-24.821162753634983,14.033371130625406,2.818306577044769,83.73947301574734,,,0.0,-1,-1,0,147,prompt
24,4285,6,3.576526856835631,0.9791753292083728,-18.381153742472332,2.48652732990262,73.88141870059975,,,0.0,-1,-1,0,147,prompt
24,4397,6,2.9534370919854305,4.803499698638916,-37.78620004653931,2.3769199645600994,70.62468890151183,0.6538721323013306,180.21554565429688,180.21554565429688,6,15,1,147,prompt
24,4543,11,-42.88202388156372,26.740043423392557,22.309991056268867,3.7021424196744355,110.00061447461762,,,0.0,-1,-1,0,147,prompt
24,4785,7,11.178739788683332,52.055951254708425,7.870979990277972,3.0175995913614084,89.66100480740026,,,0.0,-1,-1,0,147,prompt
24,5111,9,-0.21722695710583256,6.90965027279324,-11.830785539415148,3.153527655900208,93.69979341373602,,,0.0,-1,-1,0,147,prompt
24,5691,6,-60.69020121708618,-20.756662448247273,27.794165293375652,1.8761342208859026,55.74499674500796,,,0.0,-1,-1,0,147,prompt
24,5891,7,-23.733659504257577,-27.87085669381278,10.423228536333356,2.952056862013488,87.71355393022712,,,0.0,-1,-1,0,147,prompt
24,6197,19,-19.260085264330865,-2.327850053184911,46.24529733155903,7.832089094114356,232.7124446628645,0.37071213126182556,444.8588562011719,1015.5740356445312,4,11,5,147,prompt
25,603,11,2.642983599132696,2.410987550562078,31.689412333748557,4.375205695932772,129.99913575658042,,,0.0,-1,-1,0,147,prompt
25,717,6,6.659469046461015,11.34826914469401,38.882314682006836,1.9977450926508737,59.35838302367985,,,0.0,-1,-1,0,147,prompt
25,729,6,-14.54137472761895,6.512437502543132,-15.509762207667032,1.7245901707899918,51.24221518211271,,,0.0,-1,-1,0,147,prompt
25,953,6,17.455697624069092,-6.133700370788574,3.924466609954834,2.5496129286546543,75.75586161515221,,,0.0,-1,-1,0,147,prompt
26,679,6,-25.9435780594068,-0.23555592695871988,31.122814814249676,2.5586893905742754,76.02554772531047,,,0.0,-1,-1,0,147,prompt
26,1019,7,14.245017480129794,6.587657383510044,34.08592169625418,2.511107786405121,74.61177021408352,,,0.0,-1,-1,0,147,prompt
26,2083,7,6.7752172673206035,40.59881237574986,-12.57292720249721,3.402899275883953,101.10929535103725,0.6998723745346069,61.7172966003418,61.7172966003418,7,14,1,147,prompt
26,2961,10,-10.098820197307237,-3.1481403350830077,-46.5359603881836,3.3164764307595593,98.54144004168803,0.4424528479576111,148.396484375,148.396484375,3,5,1,147,prompt
26,2991,6,1.8354470576674007,50.71387545267741,-13.577653884887695,3.199232669159717,95.05781235876587,,,0.0,-1,-1,0,147,prompt
26,3573,7,-22.39941729684228,-16.643336159842356,-7.962035655975342,2.510012222766748,74.5792180700124,,,0.0,-1,-1,0,147,prompt
26,3795,6,-23.61668860292707,-41.22696272532145,-2.6127421061197924,2.240710242484184,66.57753149175308,,,0.0,-1,-1,0,147,prompt
26,4045,6,-21.94891424481484,15.204925219217936,-1.3501462936401367,2.1143562544856236,62.823214465131954,,,0.0,-1,-1,0,147,prompt
26,4365,10,-59.15122102428944,32.51230449676514,10.997450065612792,4.883476786539003,145.10123771496106,0.4419275224208832,139.3526153564453,317.3712158203125,5,5,3,147,prompt
26,4759,7,21.68295270491083,-13.416808877672468,-12.198265756879534,2.087643904039709,62.02951864524764,,,0.0,-1,-1,0,147,prompt
26,5041,6,-28.695594953504596,-21.532612164815266,46.820473988850914,1.767511062494148,52.517510383119834,,,0.0,-1,-1,0,147,prompt
26,5443,6,19.516984963666474,43.60099991162618,7.510087966918945,2.1190296483360656,62.96207357344137,,,0.0,-1,-1,0,147,prompt
27,21,6,6.406178917714251,-15.519000371297201,-14.188800970713297,2.5712606024238216,76.3990722609393,,,0.0,-1,-1,0,147,prompt
27,149,6,-13.582112897518051,-26.876505772272747,18.459673563639324,1.5386080473206643,45.71618577973243,,,0.0,-1,-1,0,147,prompt
27,1359,10,15.605463078168517,-23.899259567260742,20.809439754486085,4.3128990764984,128.1478384139407,,,0.0,-1,-1,0,147,prompt
27,1549,7,-37.60900942559879,-33.36585021018982,-15.744027546473912,2.423490879350195,72.00843611132503,,,0.0,-1,-1,0,147,prompt
27,2199,8,-5.1447770968268705,41.735024094581604,-23.80062484741211,3.071482766005402,91.26201893618777,0.4068857431411743,160.7532958984375,340.7992858886719,6,14,3,147,prompt
27,2885,6,24.22552800347259,-31.111900011698406,24.41029993693034,1.9919928050559914,59.18746707870994,,,0.0,-1,-1,0,147,prompt
27,4593,6,1.4124618884472564,-18.68746217091878,31.11672528584798,1.5781623855044036,46.89145161559695,,,0.0,-1,-1,0,147,prompt
27,4803,10,-9.963121736324123,18.844499778747558,0.2170400619506836,3.925884241154545,116.64858612359774,,,0.0,-1,-1,0,147,prompt
27,4817,7,20.769160801621855,33.0847658429827,-19.601462023598806,2.0396579992030315,60.603728273136795,0.31743305921554565,140.49977111816406,140.49977111816406,2,13,1,147,prompt
27,6015,8,-34.78549910153244,41.648423194885254,42.09433853626251,2.197633905052663,65.29761757985126,,,0.0,-1,-1,0,147,prompt
27,6179,7,12.527349117247297,33.87655169623239,21.39089856828962,2.7954023937657086,83.05892809090957,,,0.0,-1,-1,0,147,prompt
27,6227,8,-3.981153377372255,8.923425078392029,-9.014593422412872,2.858290201082532,84.92749408962669,,,0.0,-1,-1,0,147,prompt
27,6263,6,5.3436661620123305,-27.88339392344157,10.56308142344157,2.013678125376049,59.83179630483817,,,0.0,-1,-1,0,147,prompt
28,157,6,5.197324684481521,-22.881288210550945,-25.688015937805176,2.727451723036017,81.03993079504494,,,0.0,-1,-1,0,147,prompt
28,493,10,-9.257755987524883,-22.12566051483154,-29.68675947189331,3.750061127524042,111.42440824340243,,,0.0,-1,-1,0,147,prompt
28,597,6,5.052772106018317,19.754393418629963,-37.34888935089111,2.308275432668245,68.58507512320384,,,0.0,-1,-1,0,147,prompt
28,673,9,-26.97855637986726,-32.13726255628798,17.012043741014267,3.821900445129029,113.558947703038,,,0.0,-1,-1,0,147,prompt
28,1119,7,-14.157908500465137,-5.53854077202933,-5.008851528167725,2.2679540104668323,67.3870171568018,,,0.0,-1,-1,0,147,prompt
28,1241,6,1.9112933253806108,30.026493469874065,13.10192314783732,1.64392200772744,48.84534696379072,,,0.0,-1,-1,0,147,prompt
28,1471,10,-4.640337139223536,-2.272425355017185,-4.012770271301269,4.010575396797109,119.16498827812825,,,0.0,-1,-1,0,147,prompt
28,1501,7,-4.339828530198881,3.072128728032112,-40.3727000100272,2.145973316634377,63.762642469241754,,,0.0,-1,-1,0,147,prompt
28,1659,8,-14.703293468944253,9.484603613615036,19.286796927452087,2.4556107503640625,72.96280391997395,,,0.0,-1,-1,0,147,prompt
28,1695,7,-25.969717843368887,-0.3681806836809431,10.48926956312997,2.246917156547587,66.76195561259108,,,0.0,-1,-1,0,147,prompt
28,1909,6,18.796717709078703,-15.001700083414713,41.54733276367188,2.0955131297656187,62.263334519183076,,,0.0,-1,-1,0,147,prompt
28,1973,8,-1.3781919945489909,-18.647047519683838,6.413083374500275,3.5339409854164185,105.0028972000021,,,0.0,-1,-1,0,147,prompt
28,2025,8,-31.660088395107895,-32.33702325820923,-19.696814209222794,2.437070381357109,72.4119196610344,,,0.0,-1,-1,0,147,prompt
28,2685,6,-21.108115937546913,-27.250624656677246,24.24696667989095,2.234803253222497,66.4020189439301,,,0.0,-1,-1,0,147,prompt
28,2865,6,-37.98424245657665,13.870106061299643,37.801527659098305,1.6149333757377675,47.984016693324534,,,0.0,-1,-1,0,147,prompt
28,3249,7,11.600214956904964,1.8686139242989697,6.019638878958566,2.459202923454735,73.06953704973503,,,0.0,-1,-1,0,147,prompt
28,3747,9,-16.847331520333604,-1.2039542198181152,12.759576585557726,3.5857577120781614,106.54251159802307,,,0.0,-1,-1,0,147,prompt
28,3769,8,-40.22168483026552,53.58904644846916,53.86868762969971,4.454607584711431,132.35837955813727,,,0.0,-1,-1,0,147,prompt
28,3963,8,-49.058737101988214,-17.756784200668335,24.71734344959259,2.684675241973173,79.76892642282837,,,0.0,-1,-1,0,147,prompt
28,5003,6,-8.556586746087692,-19.657399972279865,-22.702833493550617,3.045196506649555,90.48098342928348,,,0.0,-1,-1,0,147,prompt
28,5485,9,-5.7355012597321835,26.874966197543674,5.240388923221166,2.8434597391951053,84.48684115529072,0.3475306034088135,82.09646606445312,82.09646606445312,4,7,1,147,prompt
29,360,6,6.738773184829721,-16.405800024668377,-29.789467016855877,2.6474409713977645,78.66259603936103,,,0.0,-1,-1,0,147,prompt
29,688,6,32.00286715677192,15.592899680137634,-7.1838334401448565,3.3406662719786775,99.26018532388073,,,0.0,-1,-1,0,147,prompt
29,1252,6,-31.979438855278605,-26.313019116719563,-20.296464920043945,1.2821772531245195,38.09693677896853,,,0.0,-1,-1,0,147,prompt
29,2378,10,17.62654480721846,-0.7094398260116579,-14.098354721069336,4.376785233448424,130.0460680670134,,,0.0,-1,-1,0,147,prompt
29,2774,6,-25.814870078285427,-30.594599723815918,-35.79089959462484,1.9824422340973549,58.90369391308282,,,0.0,-1,-1,0,147,prompt
29,3570,6,25.882380714257554,39.96604379018148,-16.998677174250286,1.7856367564385476,53.05607352997958,,,0.0,-1,-1,0,147,prompt
29,4010,10,-40.41420846764355,14.659912490844727,-3.0547998905181886,1.9518631293987325,57.99510641816202,,,0.0,-1,-1,0,147,prompt
29,4284,7,-45.81126408340822,-46.4184387751988,-23.330773081098283,2.7847340059795993,82.74194157907553,,,0.0,-1,-1,0,147,prompt
29,4890,8,-8.451874218706248,-2.5945824682712555,2.9687016010284415,2.016844718154374,59.92588429819994,,,0.0,-1,-1,0,147,prompt
29,5200,7,-42.395744604293476,-16.31474483013153,15.24790164402553,2.1701497400047334,64.48098907103771,,,0.0,-1,-1,0,147,prompt
29,5846,6,-29.594012807786555,-30.46989345550537,-3.8999021848042794,1.9119410253385873,56.80891326837989,,,0.0,-1,-1,0,147,prompt
30,410,7,34.33930978793071,40.35335922241211,-33.34686265672956,3.3530905692647375,99.62934463245269,,,0.0,-1,-1,0,147,prompt
30,810,7,-17.41164361331167,5.688980375017438,-11.676947321210589,2.0281829183359785,60.26277273889973,,,0.0,-1,-1,0,147,prompt
30,1080,7,-7.417167832295627,6.112585340227399,-14.698871612548828,2.053290339266912,61.00878178371612,,,0.0,-1,-1,0,147,prompt
30,1754,6,-23.39457559623379,22.761200428009033,-13.539233366648356,1.241972182677573,36.90233593631689,,,0.0,-1,-1,0,147,prompt
30,1800,6,-26.6858537250578,16.77530034383138,-20.271900177001953,1.9491329430955422,57.9139852356313,,,0.0,-1,-1,0,147,prompt
30,2626,6,-28.73105661235392,40.852843602498375,35.23350238800049,2.3169694971398895,68.8433991760767,0.44372260570526123,57.93728256225586,57.93728256225586,4,15,1,147,prompt
30,2668,6,-0.25948349208992855,7.828780889511108,9.423926989237467,2.0586596259344123,61.168317740403424,,,0.0,-1,-1,0,147,prompt
30,2952,8,-9.729391177037197,-1.9953000098466873,-5.0378506779670715,3.1185466480734645,92.66041353050032,0.30533626675605774,280.6612854003906,280.6612854003906,1,3,1,147,prompt
30,3178,6,-30.213968521689804,15.685274680455528,-20.681291341781613,1.7607103197813814,52.31544201500074,,,0.0,-1,-1,0,147,prompt
30,3214,6,39.63478187653873,41.162299474080406,-28.46703330675761,2.277354992474591,67.66634563212534,,,0.0,-1,-1,0,147,prompt
30,3494,10,-35.971308323165545,-28.931850123405457,-16.981337547302246,3.562969728575983,105.86541928127275,0.6382312774658203,73.7782974243164,73.7782974243164,7,1,1,147,prompt
30,3708,6,9.997723705751367,22.576450030008953,15.517529805501303,2.638009920723694,78.38237414304072,,,0.0,-1,-1,0,147,prompt
30,3750,6,-25.144360035780625,38.48342514038086,6.621816317240398,3.021533559814913,89.77789359722895,,,0.0,-1,-1,0,147,prompt
30,3934,6,0.3321957088561902,-18.44728724161784,30.055883407592773,1.6667585255518125,49.52388136586876,,,0.0,-1,-1,0,147,prompt
30,3980,12,15.051743630633807,-39.940640449523926,16.519900878270466,2.9601072746710795,87.95275335551214,,,0.0,-1,-1,0,147,prompt
30,4630,6,-0.03637870284761746,-15.5790433883667,-18.311872482299805,1.3343643685266369,39.647556423254244,,,0.0,-1,-1,0,147,prompt
30,4950,6,-27.107199472311823,-15.96239980061849,-11.90566635131836,1.275255034244318,37.89125902699891,,,0.0,-1,-1,0,147,prompt
30,4980,10,6.557108614118806,9.957101345062256,40.31072645187378,3.891238506244613,115.61916810100519,,,0.0,-1,-1,0,147,prompt
30,5096,6,-27.02158204312023,1.3163441022237141,17.007914861043293,2.6721726537240365,79.39744087904718,,,0.0,-1,-1,0,147,prompt
30,5236,7,-20.620918785421814,18.151687690189906,33.11058732441494,3.3114104290506523,98.39091549731937,0.5011596083641052,79.93878173828125,79.93878173828125,5,11,1,147,prompt
30,5290,8,43.8350002454403,-30.09577512741089,50.18292498588562,2.514233250823608,74.7046361731901,,,0.0,-1,-1,0,147,prompt
30,5404,10,7.265694381239737,-3.1038002014160155,-13.049940204620361,3.7559749103876543,111.60012264742151,,,0.0,-1,-1,0,147,prompt
30,5946,9,-10.64420700937071,-36.03548791673448,40.49992667304145,2.392099893427864,71.07572544031738,,,0.0,-1,-1,0,147,prompt
31,403,9,-26.112027599401824,15.820758395724827,0.12057770623101129,3.413228357919027,101.41620017587022,,,0.0,-1,-1,0,147,prompt
31,455,7,-48.808033457052126,-38.544128962925505,-17.4425858770098,2.7356291751874156,81.28290490557897,,,0.0,-1,-1,0,147,prompt
31,655,6,-8.536969684580194,-3.898224870363871,-7.758028984069824,1.803717998081157,53.59331587932334,,,0.0,-1,-1,0,147,prompt
31,697,9,17.923418965328736,6.774166531032986,18.132721371120876,2.941726913120532,87.40662334871361,,,0.0,-1,-1,0,147,prompt
31,735,6,-4.899320221146053,-35.25491841634115,-23.30789041519165,1.901447296295934,56.49711633785459,,,0.0,-1,-1,0,147,prompt
31,739,8,-44.03160843011044,31.367085695266724,26.03494542837143,2.820067019587302,83.79178050137963,,,0.0,-1,-1,0,147,prompt
31,1029,10,-28.961569452112087,35.535739278793336,-13.795406055450439,4.271308595425328,126.91207329317713,,,0.0,-1,-1,0,147,prompt
31,1185,9,4.16123157859285,7.269912295871311,-1.0843566788567438,3.055765891942692,90.79502831061636,,,0.0,-1,-1,0,147,prompt
31,1319,9,-24.86563218989572,-6.340004338158502,0.09188450707329683,3.9307682774117385,116.79370398469148,,,0.0,-1,-1,0,147,prompt
31,1503,7,-10.257017020474896,45.30993720463344,20.909170423235214,2.485786929746408,73.85941941939771,,,0.0,-1,-1,0,147,prompt
31,1529,7,-32.05597705547005,48.96798760550363,36.85321235656738,2.4730750529027596,73.48171534823722,,,0.0,-1,-1,0,147,prompt
31,1969,11,8.276944125710074,11.168137203563344,23.204348867589776,3.7514526119541904,111.46575299057768,0.6911619305610657,44.01799774169922,44.01799774169922,4,6,1,147,prompt
31,2659,6,51.209934227226626,-28.82099978129069,-55.30049991607666,2.3665747833274198,70.31730572619195,,,0.0,-1,-1,0,147,prompt
31,2905,6,-23.40208456183453,-28.2297998269399,-19.229532798131306,3.367358238630412,100.05327548638317,,,0.0,-1,-1,0,147,prompt
31,2927,7,-33.28871783382478,15.063723291669573,23.18033368246896,2.813056063286144,83.58346612182372,,,0.0,-1,-1,0,147,prompt
31,3337,6,-18.62694793005458,21.49104404449463,28.599506696065266,2.0713625312051884,61.54575524198963,,,0.0,-1,-1,0,147,prompt
31,3415,6,19.977295429354296,34.141798973083496,-25.07539987564087,2.077170141233099,61.71831496532824,0.4797836244106293,86.78083038330078,86.78083038330078,2,13,1,147,prompt
31,3941,6,-16.790982386648178,0.5265373388926188,-5.265375137329102,1.6145980999954255,47.97405474872724,,,0.0,-1,-1,0,147,prompt
31,4177,6,-41.82017806695147,-23.925124804178875,19.351091305414837,2.017213182814689,59.936832374868025,,,0.0,-1,-1,0,147,prompt
31,5105,7,-29.2431927361303,14.081909179687502,3.529473440987723,3.750422481950979,111.43514505590186,0.2922869920730591,206.25071716308594,338.0005798339844,4,5,2,147,prompt
31,5453,6,-3.9774288764418118,-20.585768540700276,3.256218512852986,1.3756221364831236,40.873435741928276,0.5699711441993713,56.32073211669922,56.32073211669922,7,9,1,147,prompt
31,5525,7,-13.853493603145589,-8.49190160206386,0.9745268140520358,1.6653780101745925,49.482862538775876,,,0.0,-1,-1,0,147,prompt
31,5733,7,-23.191954586035344,26.988016401018417,23.48121302468436,3.1825825026603787,94.56309110323056,,,0.0,-1,-1,0,147,prompt
31,5989,7,13.618625756996291,-21.663257019860403,12.886942931583949,2.245143630029828,66.70925936684327,,,0.0,-1,-1,0,147,prompt
31,5999,7,4.715046260996443,-31.259700110980443,-10.138186046055385,2.8208677735960634,83.81557305796488,,,0.0,-1,-1,0,147,prompt
32,143,8,-56.57069992182612,10.804410994052887,19.844511032104492,2.1224047020742614,63.06235550292995,,,0.0,-1,-1,0,147,prompt
32,153,10,21.467920570725077,26.382300782203675,30.23635025024414,3.033627889072145,90.13724866765622,,,0.0,-1,-1,0,147,prompt
32,421,7,-11.758262801447525,-35.313642910548616,-23.333471025739396,2.419104226913518,71.87809686209553,,,0.0,-1,-1,0,147,prompt
32,465,6,26.27299308664635,-25.694106419881184,-27.817259788513184,2.5374209477970435,75.39360505287824,,,0.0,-1,-1,0,147,prompt
32,1127,7,-38.21715597750769,-27.95399478503636,-11.497359003339495,2.423097713871098,71.99675410685622,,,0.0,-1,-1,0,147,prompt
32,1163,8,-45.37557689071919,4.219228178262711,14.537721693515778,2.979602330118068,88.53200391783221,,,0.0,-1,-1,0,147,prompt
32,1431,307,-4.352592280741507,32.70679804459457,45.43939341939622,98.76999773851432,2934.7224421065384,,,0.0,-1,-1,0,147,prompt
32,1547,6,0.03764911617622069,-29.79555606842041,12.419817765553793,1.2204711795601575,36.26348327031266,,,0.0,-1,-1,0,147,prompt
32,1571,8,-4.922316504931512,4.402823328971863,-38.23647594451904,3.021215858389703,89.7684538328896,,,0.0,-1,-1,0,147,prompt
32,1835,6,32.90978575920365,0.23555612564086795,-21.8391269048055,2.309852022969574,68.6319198639678,,,0.0,-1,-1,0,147,prompt
32,1865,11,-23.329666838087938,16.695522134954278,-20.929291985251687,4.417729933923967,131.26264530830306,,,0.0,-1,-1,0,147,prompt
32,1981,7,-23.359975115517955,16.374128886631556,-27.69747189113072,1.8435162813468022,54.77582998007499,,,0.0,-1,-1,0,147,prompt
32,2293,8,2.271697492776246,17.063971519470215,33.37529397010803,2.3773745902675154,70.63819705476547,,,0.0,-1,-1,0,147,prompt
32,2967,9,-19.739511591595367,-21.006075117323135,19.62009663052029,2.707961969780637,80.46083777510677,,,0.0,-1,-1,0,147,prompt
32,3341,9,1.8233955619356037,-5.7364875475565595,-10.044731855392456,3.485882381158492,103.57494673243762,,,0.0,-1,-1,0,147,prompt
32,3867,6,-5.795002582740349,-24.86273129781087,17.69925594329834,1.1294881879723193,33.56013373729246,,,0.0,-1,-1,0,147,prompt
32,3875,7,-4.7959578108143885,18.98702117374965,-4.768618174961635,1.7523991448647236,52.068494641236875,,,0.0,-1,-1,0,147,prompt
32,4147,6,-43.182438996127495,32.72384341557821,15.317452112833662,2.7255637020548082,80.98383261066118,,,0.0,-1,-1,0,147,prompt
32,4763,6,-42.53413203071637,21.089212735493977,-3.262308120727539,1.3847392629230026,41.14433010441952,,,0.0,-1,-1,0,147,prompt
32,4823,7,-9.516554243819822,-9.426209109170097,4.606301988874163,2.289452488105434,68.02579478403393,,,0.0,-1,-1,0,147,prompt
32,5507,10,-12.371645418853351,8.468939924240113,-17.878339576721192,4.060726826217108,120.6551222134579,,,0.0,-1,-1,0,147,prompt
32,5827,6,-22.26987371283359,30.446799914042156,-42.072400410970054,1.415442200488817,42.05659700708298,,,0.0,-1,-1,0,147,prompt
32,6007,77,-0.7630470747495358,-11.22032338922674,-22.243621950025684,15.924503937222932,473.15986791562557,,,0.0,-1,-1,0,147,prompt
33,693,6,17.53385127658892,26.530100742975872,-3.399400075276693,2.214469577032103,65.79785070243173,,,0.0,-1,-1,0,147,prompt
33,1233,6,-37.48894362884953,16.184099515279133,7.953487793604533,1.9174238272736983,56.971822069159614,0.2781622111797333,275.0179138183594,379.88714599609375,7,14,2,147,prompt
33,1361,8,31.71965644449422,-0.8348391205072403,30.475873112678528,2.9196073254846033,86.74939087193297,,,0.0,-1,-1,0,147,prompt
33,1499,6,-19.823843544482035,0.4757315317789714,13.600747426350914,1.3767649441686691,40.90739163378383,,,0.0,-1,-1,0,147,prompt
33,1509,6,-14.802248560517194,-20.8398011525472,5.328566710154216,2.575822974982109,76.53463262787889,,,0.0,-1,-1,0,147,prompt
33,1555,11,-28.591719956615485,26.66446443037553,-22.265445189042524,4.589008784630432,136.35180090752888,0.6578580141067505,38.604331970214844,70.74468994140625,7,13,2,147,prompt
33,2421,8,1.8718405353259016,-17.202534675598145,19.997084617614746,2.6450735597406614,78.59225386786277,,,0.0,-1,-1,0,147,prompt
33,2721,10,-6.904824163785035,-6.498581171035767,28.898718070983886,4.143329303923603,123.10946412546876,,,0.0,-1,-1,0,147,prompt
33,2763,7,0.837302866402086,40.49983869280134,47.83258301871164,1.1605950079532652,34.484401073435706,,,0.0,-1,-1,0,147,prompt
33,4157,7,-21.668418727164617,11.678839683532715,32.50361088344029,2.1843363952172226,64.9025127764522,,,0.0,-1,-1,0,147,prompt
33,4179,7,-27.738816209426858,1.9398753302437919,-18.404428345816477,1.716833074380427,51.011730971927726,,,0.0,-1,-1,0,147,prompt
33,4201,9,-39.01334294490064,37.12243419223361,-24.114699787563747,3.670165835159474,109.05050409346308,0.37773826718330383,157.0831298828125,157.0831298828125,7,14,1,147,prompt
33,4459,12,23.042905347814308,-31.723883668581646,9.296911716461182,4.226103044154639,125.5688947079846,,,0.0,-1,-1,0,147,prompt
33,5511,6,-12.77328882882219,-11.251274903615316,4.6848835945129395,2.8297721604097896,84.08014635363936,,,0.0,-1,-1,0,147,prompt
33,5519,6,49.6986258774539,5.468599875768025,-6.938833554585774,1.7544851961605061,52.13047683920479,,,0.0,-1,-1,0,147,prompt
33,6097,6,-12.996273690584786,11.768575350443522,43.26403681437174,3.2508372162891477,96.59112233186542,,,0.0,-1,-1,0,147,prompt
33,6263,10,-35.89867860011406,37.051612585783005,44.33646984100342,2.5593883263793162,76.04631498905059,,,0.0,-1,-1,0,147,prompt
0,1072,10,-20.513481121352388,-19.066200399398802,-39.75194025039673,3.8539113360285273,114.51007741920232,,,0.0,-1,-1,0,147,delayed
0,1892,6,-34.48674110733016,1.2793936729431152,-14.174943447113037,1.1332355519536763,33.6714780060647,,,0.0,-1,-1,0,147,delayed
0,2406,6,-14.790095275681466,12.512193520863852,22.402615229288738,1.7111248548564133,50.84212440793911,,,0.0,-1,-1,0,147,delayed
0,2562,7,-30.16651290801161,9.224303449903216,-4.381903375898087,2.603211902903695,77.3484313853671,,,0.0,-1,-1,0,147,delayed
0,3342,6,-38.001597322206514,-24.493231117725372,14.773910840352377,1.8668913112832524,55.47036502624381,,,0.0,-1,-1,0,147,delayed
0,3464,8,10.758714163722463,25.703343868255615,44.86905252933502,3.0885986632772493,91.77057830634655,,,0.0,-1,-1,0,147,delayed
0,3578,6,-17.3076871749504,-24.026737531026203,51.272950172424316,3.4948686829841544,103.84195394356597,,,0.0,-1,-1,0,147,delayed
0,3974,10,36.60617329802137,-23.677559995651244,24.582999897003173,3.5061066836281496,104.17586518634694,,,0.0,-1,-1,0,147,delayed
0,4076,8,19.193525048087864,9.377217397093773,-24.673413395881653,2.505650182772949,74.44961012269769,,,0.0,-1,-1,0,147,delayed
0,4204,8,6.336219707244295,-1.1535332202911377,31.862601280212402,2.5756118991960433,76.52836099822886,,,0.0,-1,-1,0,147,delayed
0,4788,6,18.304079635488506,20.142368217309315,4.837302207946777,2.614208815901181,77.67517926535649,,,0.0,-1,-1,0,147,delayed
1,462,8,-29.240155102040173,-38.76632356643677,7.535439133644104,2.8965449871532796,86.06414673486645,,,0.0,-1,-1,0,147,delayed
1,538,7,-44.42997840085604,15.633809225899833,13.07840817315238,1.360097038130791,40.41214328881796,,,0.0,-1,-1,0,147,delayed
1,1092,9,-7.718699835486557,17.54817103015052,-18.89845413631863,4.082033031416774,121.28818690908665,,,0.0,-1,-1,0,147,delayed
1,1544,6,-34.802025697744746,-26.83031940460205,18.618181387583416,1.471821148983664,43.73176729359274,,,0.0,-1,-1,0,147,delayed
1,1612,7,-26.847083465823538,-6.06903712451458,-15.817987714494977,4.277363725094647,127.09198749118549,,,0.0,-1,-1,0,147,delayed
1,1760,11,36.00909513999432,-24.64900918440385,-38.720027750188656,3.7615820698382816,111.76672644465748,,,0.0,-1,-1,0,147,delayed
1,1982,12,-53.4259064957495,-5.281540234883627,-24.428672234217327,4.243974486142201,126.09990334496516,,,0.0,-1,-1,0,147,delayed
1,2064,10,-7.533898398241652,2.627144920825958,33.67736024856568,2.9739765610451268,88.36484717863519,,,0.0,-1,-1,0,147,delayed
1,2708,7,8.976382667655544,-9.386619908469063,13.93227652141026,2.2253011652624584,66.11968633866853,,,0.0,-1,-1,0,147,delayed
1,2902,7,-23.362255761921038,9.552894456045967,14.947022574288505,2.7317873789412634,81.16875480008403,,,0.0,-1,-1,0,147,delayed
1,2904,7,-15.1474702130183,13.67809786115374,39.06229441506522,2.940446130263031,87.36856784318121,,,0.0,-1,-1,0,147,delayed
1,3600,7,-7.035044100673909,36.940762179238455,41.45348685128348,1.6365416169383071,48.62605569137694,,,0.0,-1,-1,0,147,delayed
1,3784,7,-1.7411220847510052,15.661521639142718,2.6966608592442105,4.106582880010926,122.01762897924154,,,0.0,-1,-1,0,147,delayed
1,3788,6,-15.0175297906486,21.403287251790363,45.333237648010254,1.8584401482302721,55.21925822821447,,,0.0,-1,-1,0,147,delayed
1,3794,6,-40.36382851005585,-5.958187421162921,-5.855103969573975,1.7175182413485932,51.03208912646968,,,0.0,-1,-1,0,147,delayed
1,4124,12,-6.442557620561865,-12.909406185150146,-0.3901812632878621,3.133319592791575,93.09935747494603,,,0.0,-1,-1,0,147,delayed
1,4162,6,4.228930106120968,-2.729681650797526,-23.243227005004883,2.6149684530342663,77.6977501289119,,,0.0,-1,-1,0,147,delayed
1,4314,10,18.315238009913763,-18.365073370933533,-9.292001485824585,4.023060639130684,119.53595842807681,,,0.0,-1,-1,0,147,delayed
1,4550,6,-13.273863975894182,36.38189379374186,-9.525539716084799,2.793921637016329,83.01493082288081,,,0.0,-1,-1,0,147,delayed
1,4600,6,-11.37646764548793,8.581638018290201,-13.873254776000977,3.2385935009289923,96.22732859829323,,,0.0,-1,-1,0,147,delayed
1,5046,8,9.470266567381591,-16.72449368238449,-6.85191535949707,3.2624309384454584,96.93560301809315,0.34324023127555847,142.32395935058594,142.32395935058594,2,0,1,147,delayed
1,5228,7,-31.770896255085365,-24.636412484305247,44.33558709280832,1.1992716366776865,35.63358779917682,,,0.0,-1,-1,0,147,delayed
2,1076,6,-2.388883918147554,12.165787061055502,6.954366366068521,2.0650129129042556,61.357090994209756,,,0.0,-1,-1,0,147,delayed
2,1222,6,-35.35986702250046,1.92139975229899,-19.90239946047465,1.6390950734915413,48.70192575742231,,,0.0,-1,-1,0,147,delayed
2,1728,6,-23.427376500946192,-15.740700085957846,-40.372700214385986,1.9221849182574802,57.11328689531062,,,0.0,-1,-1,0,147,delayed
2,2012,6,51.997517451756075,-32.29429944356283,-17.907099564870197,3.000046364434512,89.13945119625073,,,0.0,-1,-1,0,147,delayed
2,2274,6,-24.106665922380333,-19.851388057072956,-21.780553976694744,1.953434146683095,58.04178556959383,,,0.0,-1,-1,0,147,delayed
2,2422,7,-23.16829802267683,32.57802282060896,9.826690673828125,3.8608664939241693,114.71673387796596,,,0.0,-1,-1,0,147,delayed
2,3310,8,-2.230089533814164,-11.20970559120178,12.620837211608887,2.19928711316902,65.34673884209313,,,0.0,-1,-1,0,147,delayed
2,3820,6,-31.54260188001307,-16.23028786977132,49.66562525431315,2.186405844453375,64.96400168254912,0.5176913738250732,106.53280639648438,184.08038330078125,4,11,2,147,delayed
2,4114,6,-18.716496526711698,-25.41698169708252,31.750964879989624,2.654800220257522,78.88125912815599,,,0.0,-1,-1,0,147,delayed
2,4126,6,-28.81222438834098,5.242281436920166,14.198243776957193,2.0120126939598806,59.78231185546359,,,0.0,-1,-1,0,147,delayed
2,4276,7,-13.786607553111208,19.545230388641357,31.239451135907853,2.3984212712874666,71.2635505885848,,,0.0,-1,-1,0,147,delayed
2,5360,10,13.635512671677958,-10.250853729248046,-5.173041534423827,3.4983411173012997,103.94512931212522,,,0.0,-1,-1,0,147,delayed
3,30,6,-27.33908364048348,9.750182151794432,21.36948521931966,1.6234228665345949,48.236262311770986,,,0.0,-1,-1,0,147,delayed
3,1116,7,-31.183236787436478,-8.349380356924874,7.219194684709824,1.2358940886423126,36.72173940519481,,,0.0,-1,-1,0,147,delayed
3,1618,10,-29.922349868282954,-11.822151851654052,-23.181630325317382,2.3158292105430465,68.80951819255124,,,0.0,-1,-1,0,147,delayed
3,1660,10,-25.558199008472105,7.9424028396606445,15.588405132293701,3.477434795782301,103.32394623681391,,,0.0,-1,-1,0,147,delayed
3,1766,6,-62.36381556921125,32.33125019073486,12.549349705378214,2.300763592692498,68.3618781417004,,,0.0,-1,-1,0,147,delayed
3,1880,7,-23.255407002341492,12.49437849862235,37.355996540614534,1.5099170386758707,44.86369869980496,,,0.0,-1,-1,0,147,delayed
3,2422,7,-15.086576002865415,20.55871636526925,33.36935561043875,1.7615621616859531,52.34075253045799,,,0.0,-1,-1,0,147,delayed
3,2820,7,-28.95698427666769,0.5186198098318917,-17.590326854160853,2.2180371766834908,65.9038536891798,,,0.0,-1,-1,0,147,delayed
3,2984,6,-12.54672616892438,19.010775566101074,14.729399998982748,1.2626901759865192,37.51792327367965,,,0.0,-1,-1,0,147,delayed
3,3320,7,-12.889971895336625,15.253751686641149,22.570659228733607,1.9596523383912814,58.226544779608666,,,0.0,-1,-1,0,147,delayed
3,4016,9,-31.48945168595142,3.4024785359700522,-39.93951776292589,3.245914528672878,96.4448560348752,,,0.0,-1,-1,0,147,delayed
3,4098,8,-3.857338364395511,21.269343852996826,31.69868755340576,3.5886862123408507,106.629525221992,,,0.0,-1,-1,0,147,delayed
3,4196,9,-11.692593965019185,29.190500047471787,-19.02987787458632,3.4570520322049467,102.71831947694525,,,0.0,-1,-1,0,147,delayed
3,4324,255,13.769144769172621,33.148062275437745,-44.64132901547002,125.98614416304804,3743.38739632868,,,0.0,-1,-1,0,147,delayed
3,4720,6,-7.502928107865863,0.6558628082275391,22.591983159383137,1.8335368137720942,54.47931314174008,,,0.0,-1,-1,0,147,delayed
3,5174,10,-30.814811648937642,-28.47182273864746,12.323872566223145,3.4184279208831754,101.5706931845714,,,0.0,-1,-1,0,147,delayed
3,5474,6,5.47710242711781,-3.7550439834594727,4.715743541717528,2.0384898212800495,60.56901856325076,,,0.0,-1,-1,0,147,delayed
3,5744,7,30.052480587857733,14.410500288009644,21.806585380009242,2.1879434564970355,65.00968827437968,,,0.0,-1,-1,0,147,delayed
3,5914,7,-15.48102503561522,-2.19720550945827,31.511180877685547,2.8818772330180296,85.62832828572586,,,0.0,-1,-1,0,147,delayed
3,6052,6,-19.618890737388156,18.687461853027344,1.4026288986206055,2.776671074834476,82.50237019583628,,,0.0,-1,-1,0,147,delayed
4,392,11,20.005216568216017,-37.12215384570035,-47.60142655806108,4.118026005806869,122.3576350423186,,,0.0,-1,-1,0,147,delayed
4,500,7,-43.83364076394256,27.56601987566267,-27.337208884102957,1.9699515109223007,58.532560912583875,,,0.0,-1,-1,0,147,delayed
4,1622,10,-9.221799828432498,-1.4161086320877074,31.980348205566408,3.262191037035475,96.92847490158115,,,0.0,-1,-1,0,147,delayed
4,1694,6,12.442558199325068,-12.295111974080404,-11.739391565322876,2.755033559809018,81.85946139366396,,,0.0,-1,-1,0,147,delayed
4,2960,55,6.479088315321916,-9.436358212070031,-18.93506694273515,11.141702013879733,331.049951321871,,,0.0,-1,-1,0,147,delayed
4,3522,7,29.280430382924674,31.006328310285294,-31.44135706765311,2.5489580598138617,75.73640369951275,,,0.0,-1,-1,0,147,delayed
4,3790,10,-10.599538320531646,6.393273591995241,19.431246328353883,3.023594238988687,89.83912192117069,,,0.0,-1,-1,0,147,delayed
4,3822,6,-44.19352556815854,-44.2938117980957,18.433637619018555,1.9147524282401758,56.8924476146187,,,0.0,-1,-1,0,147,delayed
4,4530,6,-21.343059418114787,7.380762259165446,-26.510154406229656,6.961276117369781,206.83824759650804,,,0.0,-1,-1,0,147,delayed
4,4808,6,-19.49835968470801,41.998293240865074,18.873889605204266,2.154257971937469,64.00880187391715,,,0.0,-1,-1,0,147,delayed
4,5332,7,-22.42559333298637,8.373133250645228,-14.272744587489537,2.2992665342055227,68.31739650517649,,,0.0,-1,-1,0,147,delayed
4,5514,11,-19.61823033497678,4.199704083529386,-15.592573686079545,3.9188428728742957,116.43936812229848,,,0.0,-1,-1,0,147,delayed
4,5696,9,-9.913150960208757,-9.33295440673828,20.66911252339681,3.408666677914856,101.28066038657721,,,0.0,-1,-1,0,147,delayed
4,5842,8,-20.895832452794664,47.90105581283569,14.670459032058716,2.8025886328046337,83.27245059232453,,,0.0,-1,-1,0,147,delayed
4,6154,7,2.5426151029588473,35.7570424761091,-24.346957070486887,2.1230879703360626,63.08265724179598,,,0.0,-1,-1,0,147,delayed
5,1520,8,-36.18573226332084,31.39826226234436,33.16855275630951,2.859598317877727,84.96636176000892,,,0.0,-1,-1,0,147,delayed
5,2264,7,22.69249302376136,-13.559330327170235,-24.385109083993093,1.6140185665324376,47.9568352499045,,,0.0,-1,-1,0,147,delayed
5,2720,7,-6.996034285439101,5.118894713265555,-2.2546980721609935,1.8394444484306889,54.654844866042076,,,0.0,-1,-1,0,147,delayed
5,3632,6,14.485100332484258,5.131431261698405,3.237743377685548,2.5596020365214995,76.05266489251044,,,0.0,-1,-1,0,147,delayed
5,4234,6,-4.989785861801464,0.4018312295277913,6.6755644480387355,2.359275819999181,70.10043388277847,,,0.0,-1,-1,0,147,delayed
5,5320,8,24.698038817226546,24.390463531017303,-39.116349160671234,3.816689901283498,113.40412842279926,,,0.0,-1,-1,0,147,delayed
7,202,7,5.920658108896729,6.57578034060342,3.9820517131260464,2.322004263529617,68.99299563505217,,,0.0,-1,-1,0,147,delayed
7,488,10,25.47439411804553,31.301268911361696,-11.685478973388673,4.6274368038058284,137.49360077451172,,,0.0,-1,-1,0,147,delayed
7,770,8,-10.284756251974743,19.675874769687653,6.811449944972992,2.993940724943985,88.9580362155225,,,0.0,-1,-1,0,147,delayed
7,774,6,-20.77107201722691,-8.803337454795837,27.718796412150066,1.6299046611851908,48.42885387461165,,,0.0,-1,-1,0,147,delayed
7,942,6,-6.454869608697453,4.81735622882843,14.329039573669434,2.211805951652167,65.71870722405933,,,0.0,-1,-1,0,147,delayed
7,1156,582,-24.886313971882014,-0.8182806356000327,5.105590073513411,229.7671566504203,6827.000572240165,,,0.0,-1,-1,0,147,delayed
7,1176,23,11.194785978890467,-17.62996932734614,-6.596204488173775,5.07166547922899,150.6928302271946,,,0.0,-1,-1,0,147,delayed
7,1686,7,-33.73191054036695,-7.557594571794782,13.545562199183873,1.2046099168524491,35.792202469520376,,,0.0,-1,-1,0,147,delayed
7,1974,6,-19.909386235122884,4.724981466929116,32.76709016164144,4.171899549643377,123.95836301389737,,,0.0,-1,-1,0,147,delayed
7,2044,6,-4.21816716209356,-6.720280607541402,24.645856300989788,1.6902119608061208,50.22074604503511,,,0.0,-1,-1,0,147,delayed
7,2574,6,-8.88008704076365,-27.209056218465168,34.64230219523112,1.4624839932037659,43.454335267267744,,,0.0,-1,-1,0,147,delayed
7,2784,7,4.198022770228046,23.880257606506348,-5.680431638445173,2.7374622146158463,81.33736944006364,,,0.0,-1,-1,0,147,delayed
7,2846,7,5.341476717497641,36.85366603306362,-8.702355521065849,2.8145758782502295,83.6286239145247,,,0.0,-1,-1,0,147,delayed
7,2872,10,-6.582385605520315,15.640935134887695,-17.524502754211426,4.6992816300035525,139.62830390926223,,,0.0,-1,-1,0,147,delayed
7,3112,7,-7.607653204443911,-31.291371617998397,35.71034267970494,2.6065676651352936,77.44814011227749,,,0.0,-1,-1,0,147,delayed
7,3594,6,43.173584878647404,-12.563000679016113,-18.712233543395996,2.026599583412494,60.21572759726044,,,0.0,-1,-1,0,147,delayed
7,3878,8,-20.499368789160776,-15.456646800041199,20.04196262359619,1.2054444811948033,35.81699962210686,,,0.0,-1,-1,0,147,delayed
7,3896,6,17.491279210398137,-22.909000078837078,-13.834833224614462,1.3136670285406904,39.03258275169993,,,0.0,-1,-1,0,147,delayed
7,3956,9,-18.841734649600703,-6.327687528398302,-3.9910901387532554,2.1737521041334738,64.58802500396587,,,0.0,-1,-1,0,147,delayed
7,4238,6,17.567524036370642,0.5681062539418541,2.6620771090189614,2.164380509346269,64.30956970205172,,,0.0,-1,-1,0,147,delayed
7,4272,8,-18.135875278660652,-6.405051350593567,25.018717288970947,2.095188769759642,62.253696910489566,,,0.0,-1,-1,0,147,delayed
7,4476,6,-4.519230937825237,-5.5748313268025695,-7.339194297790527,2.117186026903749,62.90729461914302,,,0.0,-1,-1,0,147,delayed
7,4676,6,25.41662881281617,-31.850900014241535,23.056800365447998,2.5100893889165445,74.581510883992,,,0.0,-1,-1,0,147,delayed
7,4884,6,30.42289768517818,6.489343484242757,-37.03481419881185,2.788545020520022,82.85517707725366,,,0.0,-1,-1,0,147,delayed
7,4936,11,7.257682387179659,-20.5248854377053,31.00415836681019,4.816328330178533,143.10607636692106,,,0.0,-1,-1,0,147,delayed
7,5414,8,1.4520279218486278,2.272425651550293,-19.46582531929016,4.315874865526545,128.23625711439453,,,0.0,-1,-1,0,147,delayed
7,5546,6,-33.302705516399065,4.512518564860026,-9.286835114161173,2.0018720430819017,59.481005827412844,,,0.0,-1,-1,0,147,delayed
7,5610,6,-21.066295798945735,50.8755308787028,12.992543538411459,2.287684244989499,67.97325552237297,,,0.0,-1,-1,0,147,delayed
7,5720,171,33.68506931008189,-53.21918210927506,-18.6615474210148,93.48776752109231,2777.7731668369206,,,0.0,-1,-1,0,147,delayed
7,5958,8,28.924556818120237,4.544849634170532,3.5471997261047363,5.92093967141038,175.92705203911578,,,0.0,-1,-1,0,147,delayed
8,144,6,-28.29250547657152,-5.912000020345052,-17.685400009155273,1.9100640041070296,56.753141916160715,,,0.0,-1,-1,0,147,delayed
8,872,6,-14.54443404001516,-11.930231094360352,7.810306390126546,2.949186934606551,87.62828066343359,,,0.0,-1,-1,0,147,delayed
8,1344,6,-25.82511453657383,-23.869699994723003,-31.283000151316326,1.506097690175932,44.750215577261315,,,0.0,-1,-1,0,147,delayed
8,1506,6,-40.1350036542804,8.57701841990153,9.962644577026367,1.2653131391054697,37.59585856684814,,,0.0,-1,-1,0,147,delayed
8,1536,7,4.794804823489237,4.8457280567714145,10.581585475376674,2.7570919362122215,81.92062129609484,,,0.0,-1,-1,0,147,delayed
8,2760,8,14.210597738163798,25.38811445236206,12.928035974502563,2.463812045419798,73.20648646736171,,,0.0,-1,-1,0,147,delayed
8,2766,9,-15.690319229710301,2.044566207461887,0.502394782172309,2.664457707471837,79.16820906347179,,,0.0,-1,-1,0,147,delayed
8,3306,6,-0.6864745673263405,-6.84960675239563,20.61201039950053,1.5345975368072047,45.597022719312875,,,0.0,-1,-1,0,147,delayed
8,3578,11,-19.58554291762007,14.690144257111983,20.18941445784135,3.3555942342283815,99.70373525637243,,,0.0,-1,-1,0,147,delayed
8,3706,8,-29.940953601192888,33.25500023365021,39.54935610294342,1.8710992296417652,55.59539360500284,,,0.0,-1,-1,0,147,delayed
8,4062,6,31.37278691205998,3.621100127696991,-3.3177332878112806,1.5739179295458663,46.76533740641138,,,0.0,-1,-1,0,147,delayed
8,4160,6,-19.31643662084816,-12.669231255849203,-13.719364007314047,2.431792107017457,72.25508792553934,,,0.0,-1,-1,0,147,delayed
8,5240,8,-16.829467591895547,-19.98764055967331,10.68316912651062,3.474443525866625,103.23506755752942,,,0.0,-1,-1,0,147,delayed
8,5446,6,1.0891202970711547,7.422330856323242,1.2210272153218575,2.5311403865608053,75.20699267633645,,,0.0,-1,-1,0,147,delayed
8,5948,6,21.30675545381791,-16.987763086954754,0.8236087163289388,2.815332632212218,83.65110911130765,,,0.0,-1,-1,0,147,delayed
8,6140,7,-50.70706460647059,20.91501978465489,-50.70280511038644,3.228716357151471,95.933852075346,,,0.0,-1,-1,0,147,delayed
9,500,7,-23.045245911893254,10.609928403581891,-24.97372817993164,3.6566054603583718,108.64758886451341,,,0.0,-1,-1,0,147,delayed
9,1164,7,-13.25675028325209,14.18088150024414,-22.22749219621931,2.256995417485006,67.0614078676043,,,0.0,-1,-1,0,147,delayed
9,1376,7,14.826176629934553,1.0728695733206612,-20.804976872035436,2.375631087914681,70.58639290775847,,,0.0,-1,-1,0,147,delayed
9,2094,7,-19.99755501303651,-39.205269949776785,-28.271515710013254,2.0152769894440707,59.87930285915362,,,0.0,-1,-1,0,147,delayed
9,2634,12,11.657812413597695,4.4871154228846235,37.38205989201864,5.120470333291078,152.14295378474418,,,0.0,-1,-1,0,147,delayed
9,3086,6,-50.76026677808651,-37.33335653940836,37.90313975016276,1.4572509307015236,43.298846897136016,,,0.0,-1,-1,0,147,delayed
9,3136,8,21.40395784456957,-12.01683247089386,24.42179536819458,2.923503066139931,86.8651438109994,,,0.0,-1,-1,0,147,delayed
9,3418,7,4.492973460570181,-6.076954705374582,3.2390337671552385,2.7433443015465633,81.51214207261647,,,0.0,-1,-1,0,147,delayed
9,3718,14,-12.363261989416957,-31.619962896619523,17.08421434674944,4.097331131862153,121.74273464348583,,,0.0,-1,-1,0,147,delayed
9,3746,7,-41.034843211018696,-8.765067849840436,26.588971614837646,2.079553054072243,61.78911771866162,,,0.0,-1,-1,0,147,delayed
9,3966,6,-9.917781154163938,8.147474845250448,20.373512268066406,1.473522033027273,43.78230513593851,,,0.0,-1,-1,0,147,delayed
9,4060,7,-15.36937615684703,16.38600526537214,4.599644797188895,2.255163864372582,67.00698749556814,,,0.0,-1,-1,0,147,delayed
9,4860,6,-33.40155197772453,32.723843574523926,21.589715003967285,2.4301160050565977,72.20528642556549,,,0.0,-1,-1,0,147,delayed
9,5318,12,-28.494050215038058,21.158493836720787,21.885314226150513,3.7257995741474694,110.7035322000204,,,0.0,-1,-1,0,147,delayed
9,5716,8,43.58355897950099,37.30102467536926,21.84327495098114,3.4553574302126204,102.66796829124931,,,0.0,-1,-1,0,147,delayed
9,6070,7,-1.6130642648135598,-34.30015645708357,-18.139357226235525,2.449885936081687,72.79270428105468,,,0.0,-1,-1,0,147,delayed
10,1072,6,-6.141892403089474,-24.61331907908122,-18.45820204416911,2.5057078958395147,74.45132493322244,,,0.0,-1,-1,0,147,delayed
10,1368,6,-25.20555738092987,40.663475036621094,-4.072266578674316,2.442012102269068,72.55875148846185,,,0.0,-1,-1,0,147,delayed
10,1688,7,15.240532299196762,10.04380198887416,8.946547644478935,2.712647096440403,80.60004549675651,,,0.0,-1,-1,0,147,delayed
10,2078,6,30.40161165208279,35.190256436665855,-14.726252237955729,2.645640722490244,78.60910579949825,,,0.0,-1,-1,0,147,delayed
10,2196,7,-25.712004799821123,25.305471420288086,48.90149293627058,1.8477681951505933,54.90216578191356,,,0.0,-1,-1,0,147,delayed
10,2806,6,-17.608307203493812,-17.269506295522053,22.18091456095377,2.1340150988967252,63.40733163836383,,,0.0,-1,-1,0,147,delayed
10,3040,10,-16.163103264351513,35.48585634231567,14.049478769302368,3.87462740614887,115.125607613456,,,0.0,-1,-1,0,147,delayed
10,3310,6,-14.979527305142062,28.063524564107258,15.155795931816101,2.8925309671839052,85.94487939906705,,,0.0,-1,-1,0,147,delayed
10,3340,7,-4.761445226770815,8.753190585545132,7.076672690255301,2.750008042186211,81.71013974044395,,,0.0,-1,-1,0,147,delayed
10,3876,7,4.021665692845944,21.156514031546457,-27.374099731445312,2.471199640495696,73.42599179852341,,,0.0,-1,-1,0,147,delayed
10,4012,8,-1.7260743007195352,6.761850595474243,10.287162393331528,1.3982070245819562,41.544493547675955,,,0.0,-1,-1,0,147,delayed
10,4088,6,-25.32708021615905,-23.587955792744953,-10.541664282480875,1.9282244241766855,57.29273686965657,,,0.0,-1,-1,0,147,delayed
10,5112,8,-2.3889009995080324,10.866763830184937,17.572085857391357,2.7178847226145995,80.75566946586372,,,0.0,-1,-1,0,147,delayed
10,6036,6,20.275299892689766,-47.07430076599121,-8.580166498819986,2.639556860847994,78.42833789725076,,,0.0,-1,-1,0,147,delayed
11,416,6,-32.363459306064954,13.537555823723475,14.672297795613607,1.880427668317695,55.87256662270953,,,0.0,-1,-1,0,147,delayed
11,1118,6,5.922838708792405,8.364556312561035,6.32159813245138,1.7204335531010482,51.118710884306665,,,0.0,-1,-1,0,147,delayed
11,1744,6,17.09204616237985,6.872699896494548,-33.19663302103678,2.082558793315179,61.878426320598805,,,0.0,-1,-1,0,147,delayed
11,3100,7,-22.259614623524346,-29.82260853903634,11.580673081534249,2.765689104356698,82.17606629832068,,,0.0,-1,-1,0,147,delayed
11,3258,7,10.873538853650961,-11.750099999564034,-13.259082112993513,1.962992849486869,58.32580035422436,,,0.0,-1,-1,0,147,delayed
11,3676,7,-6.210402997070189,0.9263893536158966,28.062953608376638,2.690311635085481,79.93639883082635,,,0.0,-1,-1,0,147,delayed
11,4044,8,-11.732584069533306,-29.54845380783081,-8.521593809127808,4.125542231879968,122.5809623465782,,,0.0,-1,-1,0,147,delayed
11,4854,9,10.330317972866846,4.350862503051758,23.639389779832626,2.65087845782297,78.76473301199914,,,0.0,-1,-1,0,147,delayed
11,5114,7,-9.905797474400957,23.17160906110491,9.66833427974156,2.9979233106117347,89.07636955362483,,,0.0,-1,-1,0,147,delayed
11,5296,8,-16.4976058644596,-11.89559030532837,-17.81693184375763,2.5843946703127445,76.7893207642532,,,0.0,-1,-1,0,147,delayed
11,5442,10,-32.76910862205007,41.44404411315918,9.27096118927002,2.4937311966945095,74.09546496999496,,,0.0,-1,-1,0,147,delayed
11,6046,6,-36.696482643234496,-0.7620937029520668,3.5211644172668457,1.8314130484211908,54.416210357698674,,,0.0,-1,-1,0,147,delayed
12,679,7,7.6813171320726,24.61265959058489,-6.159462520054409,2.3003305374975342,68.3490109064222,,,0.0,-1,-1,0,147,delayed
12,949,6,-14.607021725972727,22.12843124071757,-8.512355645497637,2.463094215939351,73.18515782167873,,,0.0,-1,-1,0,147,delayed
12,1537,6,-9.913451428439119,32.10493119557699,11.853389422098795,2.32858147130292,69.18842217854376,,,0.0,-1,-1,0,147,delayed
12,1669,8,-52.011486410974925,35.08402490615845,-37.712299823760986,2.340839424202305,69.55263894772247,,,0.0,-1,-1,0,147,delayed
12,2005,7,-25.527272441171842,34.870243072509766,-16.429100104740687,2.647412100651621,78.66173821179629,,,0.0,-1,-1,0,147,delayed
12,2093,8,17.532949439649677,3.12112033367157,4.0137457847595215,3.0899177930946506,91.80977320325671,,,0.0,-1,-1,0,147,delayed
12,3093,11,15.02798659896714,20.40395840731534,19.391705599698152,4.581765620069662,136.13658699566224,,,0.0,-1,-1,0,147,delayed
12,3391,6,-18.18215824200004,20.054612636566162,24.873645464579266,2.6788276666396635,79.595179222706,1.0,83.18269348144531,121.0680923461914,5,15,2,147,delayed
12,3669,6,32.904464250929806,-13.597600003083548,-6.35539976755778,2.6402902653391336,78.45012931841678,,,0.0,-1,-1,0,147,delayed
12,3673,552,-23.284639353633548,2.1261311699568792,-24.730246578437693,228.38616610149396,6785.967626517106,,,0.0,-1,-1,0,147,delayed
12,4149,7,41.140500249905394,43.231498752321514,27.767471313476562,2.4950688504103695,74.13521026177979,,,0.0,-1,-1,0,147,delayed
12,4309,8,9.47625326418967,-23.212682008743286,10.364629626274109,2.12765880576207,63.21846906331076,,,0.0,-1,-1,0,147,delayed
12,5383,8,22.10067526690711,8.701725006103516,-23.018849730491638,3.1102867902975695,92.41499092709293,,,0.0,-1,-1,0,147,delayed
13,448,7,-41.35491974516236,16.655213321958268,33.25058719090053,3.47400623886653,103.22207458393213,,,0.0,-1,-1,0,147,delayed
13,532,12,-2.363148231847632,36.1024595896403,2.2739992141723633,5.045070760043586,149.90262954862868,,,0.0,-1,-1,0,147,delayed
13,1046,12,-7.800436679926814,0.6951220830281576,-27.32315731048584,3.9945745473201693,118.68955997876691,,,0.0,-1,-1,0,147,delayed
13,1054,6,20.100960532981393,-6.724900245666504,-22.185533205668133,2.0504120955120366,60.92326141584442,,,0.0,-1,-1,0,147,delayed
13,1456,8,-1.0526158826155898,-3.0345187187194824,24.64806342124939,2.544619035574264,75.6074796121952,,,0.0,-1,-1,0,147,delayed
13,1586,7,-1.3484064870739516,-36.63196611404419,-14.478609493800572,3.383160376463386,100.52279952803053,,,0.0,-1,-1,0,147,delayed
13,1640,6,9.202038291331432,-29.707799911499023,60.990800857543945,2.1460519912514413,63.76498010384346,,,0.0,-1,-1,0,147,delayed
13,1704,6,-23.34926803735534,9.251356442769369,33.432189305623375,2.0230796569736205,60.111141109954104,,,0.0,-1,-1,0,147,delayed
13,1730,7,-15.602343711326045,11.374000958033971,-20.91708745275225,2.4019885675322885,71.36954456030725,,,0.0,-1,-1,0,147,delayed
13,1818,7,-3.7963901769039055,-30.05618531363351,-22.446671554020472,2.1099117026641583,62.69115486936186,0.38480862975120544,84.39225769042969,84.39225769042969,6,6,1,147,delayed
13,2130,9,-20.557034149870926,13.489829434288872,6.872210078769261,2.502953718087642,74.36949090018572,,,0.0,-1,-1,0,147,delayed
13,2484,6,-52.513703754319295,-25.338462511698406,12.136604309082031,2.336122964784129,69.41250024549785,,,0.0,-1,-1,0,147,delayed
13,2808,7,-25.656483248434444,-19.473969050816127,-2.7864552225385393,1.4952561598884142,44.42808453575022,,,0.0,-1,-1,0,147,delayed
13,3396,8,-24.15315946208161,-41.22234374284744,-18.22679352760315,2.4258702809324837,72.07913453576779,,,0.0,-1,-1,0,147,delayed
13,3470,6,-8.227405160698742,-38.09545044104258,13.466803868611654,1.3779320398805541,40.94206918826574,,,0.0,-1,-1,0,147,delayed
13,3830,6,-27.984376482427365,-13.740781168142954,-4.3525393803914385,2.2809116123841293,67.7720223811944,,,0.0,-1,-1,0,147,delayed
13,3920,8,11.468780545673596,-23.254251539707184,25.621464133262634,2.774753659163956,82.44539861612623,,,0.0,-1,-1,0,147,delayed
13,4006,6,-39.38785022754382,23.421681722005207,-23.809656103452046,2.719121920787756,80.79242995312939,,,0.0,-1,-1,0,147,delayed
13,4118,6,-4.889075762857647,-3.445587476094564,-0.840613047281901,2.065834755193577,61.381510140363105,,,0.0,-1,-1,0,147,delayed
13,4124,6,3.1552558481323527,-9.51462491353353,22.71983750661214,1.3889801362965226,41.270337865362784,,,0.0,-1,-1,0,147,delayed
13,4206,7,-19.601128221881044,18.215030397687638,-8.124351637704033,2.161591001790823,64.22668592547143,,,0.0,-1,-1,0,147,delayed
13,4786,6,-40.39130790649441,-43.19916915893555,-26.494827389717102,2.407219074221978,71.52495699036984,,,0.0,-1,-1,0,147,delayed
13,4988,10,-2.746705360432983,16.317120170593263,-14.671879482269286,3.736853036387781,111.03196031019917,,,0.0,-1,-1,0,147,delayed
13,5094,8,-3.9691460920593684,-17.230247020721436,51.21521556377411,3.3346425708123992,99.08120495127787,,,0.0,-1,-1,0,147,delayed
13,5394,6,-17.501403741206833,31.333600362141926,-6.501729329427083,1.951643279402308,57.988574083109086,,,0.0,-1,-1,0,147,delayed
14,602,14,4.962838017095462,2.1615752577781677,11.978456769670759,4.933933530379977,146.60044336339843,,,0.0,-1,-1,0,147,delayed
14,1102,7,-42.294204441865205,22.22938401358468,-6.1977917807442795,2.070021251426542,61.50590221012098,,,0.0,-1,-1,0,147,delayed
14,1330,9,-0.5966981032866607,1.6381170219845242,-15.04739655388726,3.281632472437952,97.50613226807681,,,0.0,-1,-1,0,147,delayed
14,1364,7,-25.678303581737595,-29.83844464165824,-15.067052159990583,1.4338924004133826,42.60480209992223,,,0.0,-1,-1,0,147,delayed
14,1886,6,-51.87246200732066,-31.292030652364094,25.01682726542155,1.5096738384071342,44.85647256532153,,,0.0,-1,-1,0,147,delayed
14,1916,6,-38.35321542653974,-17.523537317911785,50.570899963378906,1.8114191291274264,53.822137207951116,,,0.0,-1,-1,0,147,delayed
14,3044,6,25.061478099276695,-8.129000027974447,-11.750099817911783,2.752373248952178,81.78041639869275,,,0.0,-1,-1,0,147,delayed
14,3576,8,-24.505421763761795,-9.217870593070984,-12.833248138427734,2.943369574008532,87.45543122441639,,,0.0,-1,-1,0,147,delayed
14,3796,6,22.868144835382157,-8.720199823379517,-19.07396697998047,2.0833283513253313,61.90129196011087,,,0.0,-1,-1,0,147,delayed
14,4138,9,-1.3426361554975434,21.612670527564156,-8.792629030015734,3.5135291289371633,104.39640601172329,,,0.0,-1,-1,0,147,delayed
14,4466,10,1.8242669171912052,-9.643949890136719,22.622719955444335,2.8131260863512,83.58554669553226,,,0.0,-1,-1,0,147,delayed
14,6166,12,10.997013568831415,-14.463614702224731,41.451914151509605,3.860446522057635,114.70425538358516,,,0.0,-1,-1,0,147,delayed
15,151,6,-51.86181899077297,22.95518684387207,42.22943735122681,1.9485089767729928,57.89544551697348,,,0.0,-1,-1,0,147,delayed
15,521,8,-17.241562969959784,18.98652696609497,18.402358531951904,4.38152500036929,130.18689929786802,,,0.0,-1,-1,0,147,delayed
15,1643,6,-4.0500663546573294,10.600031216939291,13.092684745788574,1.8737376698666395,55.67378876464022,,,0.0,-1,-1,0,147,delayed
15,1785,7,-12.941337836897176,38.55996431623186,-30.34329632350377,2.330853493749542,69.25593007988769,,,0.0,-1,-1,0,147,delayed
15,1927,6,-1.2048483272164585,13.685355981191,-17.629769166310627,2.423568173859861,72.01073273922178,,,0.0,-1,-1,0,147,delayed
15,2013,7,-10.34664547292513,-17.181749616350448,-8.641710758209229,2.343544258346907,69.63300684939394,,,0.0,-1,-1,0,147,delayed
15,2095,10,-8.435866937301444,-25.97492642402649,-15.127371120452882,3.241873720729755,96.32479275628407,,,0.0,-1,-1,0,147,delayed
15,2513,8,-18.0973056409075,8.234076261520386,-9.714489221572876,3.0675823062549865,91.14612578010633,,,0.0,-1,-1,0,147,delayed
15,2547,8,8.30551014671095,-4.378574907779694,-11.312524378299713,3.858239166216932,114.6386689011335,,,0.0,-1,-1,0,147,delayed
15,2731,6,-39.40508516569396,-25.897331873575848,-31.0027281443278,2.605399313060773,77.41342522788055,0.416133314371109,98.20488739013672,98.20488739013672,1,3,1,147,delayed
15,3143,7,6.752005120309801,27.775842666625977,15.860274996076312,1.917574119886379,56.97628766714902,,,0.0,-1,-1,0,147,delayed
15,3367,6,-14.375536116060351,9.607001066207884,29.122895399729412,2.272588189202004,67.52471107850106,,,0.0,-1,-1,0,147,delayed
15,4173,10,9.924166964092555,-20.219039916992188,-2.3196598529815673,4.424301908551904,131.4579163609624,,,0.0,-1,-1,0,147,delayed
15,4217,7,-8.379194931414327,-4.338985596384321,-5.330785274505615,1.9850006699527183,58.97971192759472,,,0.0,-1,-1,0,147,delayed
15,4585,11,-19.532126871805243,7.822483149441806,-7.833875786174428,3.4315558482816866,101.96075923738992,,,0.0,-1,-1,0,147,delayed
15,5113,9,-11.389849230122751,33.91394154230753,35.471647368537056,3.8579573979164334,114.63029680663236,,,0.0,-1,-1,0,147,delayed
15,5595,10,-3.8320090702118805,-7.593225002288818,-1.7560903549194335,3.762002875690696,111.77922971900323,,,0.0,-1,-1,0,147,delayed
15,5881,6,-41.3855580986346,-42.82504955927531,23.092278798421223,2.212803467349404,65.7483460999332,,,0.0,-1,-1,0,147,delayed
15,6179,7,-53.00823682717584,54.67676271711077,41.06551252092634,2.440034668067878,72.49999659668406,,,0.0,-1,-1,0,147,delayed
15,6359,12,-23.7131561474496,33.80694039662679,28.883559226989746,2.985954429645791,88.72074188953754,,,0.0,-1,-1,0,147,delayed
16,40,6,-27.975003879208273,26.359206199645996,-19.243389129638672,1.6162241292045636,48.02236845249194,,,0.0,-1,-1,0,147,delayed
16,1002,6,-24.175965457420073,-35.36576906840006,-3.062231699625651,2.4506248518633886,72.81465945749525,,,0.0,-1,-1,0,147,delayed
16,1752,6,3.8984033688526707,-11.158900260925293,-1.3224331537882488,1.931197755959575,57.38108255874099,,,0.0,-1,-1,0,147,delayed
16,1912,6,-20.076615187489793,2.6788748105367026,-12.793937603632608,2.0539548999609356,61.028527670397786,,,0.0,-1,-1,0,147,delayed
16,2732,7,18.941615728411602,22.89844254084996,3.6072143827165877,1.8601247209362792,55.26931141682308,,,0.0,-1,-1,0,147,delayed
16,3256,6,12.956955602820676,-3.621100584665934,15.158737023671469,1.8669165733696644,55.47111563081631,,,0.0,-1,-1,0,147,delayed
16,3334,10,-54.62048887993558,50.630737686157225,19.959672355651854,4.619076276064634,137.24518699551282,,,0.0,-1,-1,0,147,delayed
16,3832,8,29.08884708884304,41.149598121643066,20.148245096206665,2.4035804626554107,71.41684404851493,,,0.0,-1,-1,0,147,delayed
16,3998,6,-29.52841099836175,-5.944331288337707,5.23010257879893,1.1781883357146326,35.00714618829649,,,0.0,-1,-1,0,147,delayed
16,4256,11,52.88452434247949,8.646300185810436,-27.304082783785734,4.625793998649774,137.4447886122168,,,0.0,-1,-1,0,147,delayed
16,4330,6,-27.7226307944598,8.170568625132242,-23.03076473871867,2.0567482522899274,61.11152568554715,,,0.0,-1,-1,0,147,delayed
16,4416,6,33.58208470077606,-16.22566803296407,-8.196810722351074,2.0256208620057263,60.18664715033551,,,0.0,-1,-1,0,147,delayed
16,4860,6,19.461980981860396,-3.939793984095253,11.725536425908407,1.703291441324028,50.6093726106509,,,0.0,-1,-1,0,147,delayed
16,4994,11,-20.291126694565467,-53.30121534520929,27.9860146262429,2.9870657872268853,88.75376331415146,,,0.0,-1,-1,0,147,delayed
16,5022,6,-9.896615048548261,-27.329143524169922,13.09268569946289,1.4158315842434486,42.06816664634058,,,0.0,-1,-1,0,147,delayed
16,5332,6,-25.188322442779725,-21.541849811871845,27.062933286031086,2.6871225717743084,79.8416431774611,,,0.0,-1,-1,0,147,delayed
16,5494,6,35.73550665261674,-36.432701110839844,5.7641996542612715,2.007992583478593,59.662863554164474,,,0.0,-1,-1,0,147,delayed
16,5750,9,3.489243531455609,15.737621148427328,23.030696551005047,3.580418752412919,106.38387673818875,,,0.0,-1,-1,0,147,delayed
17,498,6,8.02304557789461,-3.8889873027801514,0.6466253598531099,2.29996184290757,68.33805599792544,,,0.0,-1,-1,0,147,delayed
17,632,6,-9.14310314205982,-24.082162539164226,32.37449598312378,1.9265965189366427,57.244367423964945,,,0.0,-1,-1,0,147,delayed
17,1162,7,-12.306873720493902,-23.864421844482422,1.0880745479038783,1.8731716891398662,55.65697195408346,,,0.0,-1,-1,0,147,delayed
17,1496,8,9.075742415437336,-11.677354574203491,15.027258276939392,3.573192863427046,106.16917613014422,,,0.0,-1,-1,0,147,delayed
17,1524,9,-12.312008418036125,14.542903688218859,15.389185375637478,2.3088209992319575,68.6012853740376,,,0.0,-1,-1,0,147,delayed
17,1564,9,-9.383009548468822,2.7004293865627713,33.799659729003906,2.585087544415613,76.80990791850854,,,0.0,-1,-1,0,147,delayed
17,1710,6,-19.98162515507911,43.43010608355204,-35.870889027913414,1.7883834129888305,53.13768408787605,,,0.0,-1,-1,0,147,delayed
17,1756,6,25.019777888155236,8.549306551615397,19.325055917104084,2.4976345287783372,74.21144347083215,,,0.0,-1,-1,0,147,delayed
17,1944,6,-37.837900979045834,4.447856267293294,-9.620856444040934,1.6296535484585855,48.42139263971096,,,0.0,-1,-1,0,147,delayed
17,2316,9,7.967568299278499,24.627175437079536,-0.8245889875623911,3.851411214923459,114.43579209285805,,,0.0,-1,-1,0,147,delayed
17,2616,7,-5.169236516573979,-22.94595009940011,1.578982216971261,1.4354352170593978,42.650643334495335,,,0.0,-1,-1,0,147,delayed
17,2836,6,-13.622542695310917,21.40790589650472,-9.29754384358724,1.9019835195263095,56.51304897311017,,,0.0,-1,-1,0,147,delayed
17,3128,6,-6.085024783665045,-29.093506813049316,7.842843572298686,2.482292008399674,73.75557590067241,,,0.0,-1,-1,0,147,delayed
17,3150,7,-5.613556882194076,-27.763965572629655,24.939358745302474,2.0056392423980056,59.592939457361155,,,0.0,-1,-1,0,147,delayed
17,3344,10,-26.95721449588085,29.705028915405272,-3.189708614349365,3.891395771225211,115.62384086680943,,,0.0,-1,-1,0,147,delayed
17,3690,6,-42.97581721744572,5.805768807729085,-3.8012309074401855,1.3967548982847906,41.50134696743255,,,0.0,-1,-1,0,147,delayed
17,4104,6,5.1769105064554495,3.533343950907389,19.18019739786784,2.456877591432493,73.000445177433,,,0.0,-1,-1,0,147,delayed
17,4988,6,-13.356865839877822,-6.2168378829956055,-19.582029660542805,1.812967618492313,53.868146994268294,,,0.0,-1,-1,0,147,delayed
17,5424,6,-2.4970577937631404,28.37760006139676,-50.86649958292643,2.492669087202418,74.06390683864149,,,0.0,-1,-1,0,147,delayed
17,5466,12,-9.450044281079721,15.334250092506409,-33.721700270970665,3.642184961023565,108.2191170209048,,,0.0,-1,-1,0,147,delayed
17,5482,7,8.032981094494259,26.069544315338135,55.18305206298828,1.2069099055093966,35.86054132223559,,,0.0,-1,-1,0,147,delayed
17,5912,7,25.049592478833322,30.78858757019043,2.5343445369175504,2.3118666828657055,68.69178083132394,,,0.0,-1,-1,0,147,delayed
17,5972,12,7.494051395921289,-7.390000104904175,-36.89551671346029,4.547679403363355,135.1237937646718,,,0.0,-1,-1,0,147,delayed
18,204,6,16.304184307070827,5.043674796819686,20.60592047373454,1.2875002496948806,38.25509733229416,,,0.0,-1,-1,0,147,delayed
18,1304,8,-8.32880304264128,33.96513271331787,21.214073538780212,3.391911959045255,100.7828325987506,,,0.0,-1,-1,0,147,delayed
18,1310,6,13.923681209593333,-17.606675068537395,2.48341695467631,2.2532381227169003,66.94976852843207,,,0.0,-1,-1,0,147,delayed
18,1496,9,-16.632993184747257,34.99164952172173,31.34038649664985,2.471365769902771,73.43092795029419,,,0.0,-1,-1,0,147,delayed
18,1510,7,-51.715857620976,-2.767290660313198,-5.969434465680804,2.606460303341944,77.44495010446555,,,0.0,-1,-1,0,147,delayed
18,2324,6,-6.311188885303568,14.484400749206541,-38.96859900156657,3.1887762113004356,94.74712285540255,,,0.0,-1,-1,0,147,delayed
18,2682,7,5.711180261178697,-10.471366218158177,27.36761978694371,2.5335336647480147,75.27810341205604,,,0.0,-1,-1,0,147,delayed
18,3170,9,32.698596537540574,14.216513050927055,0.873012860616049,2.7410587211155133,81.44423132706801,,,0.0,-1,-1,0,147,delayed
18,3180,8,-15.431229995709842,-2.9929500818252563,-17.58720028400421,2.3622653196246595,70.18925996197702,,,0.0,-1,-1,0,147,delayed
18,3334,6,13.543591926272518,-24.927393356959026,0.5403938293457031,1.7740187588242742,52.71087155456581,,,0.0,-1,-1,0,147,delayed
18,3580,7,-27.68932523128936,-42.772264208112446,24.878713573728287,3.123863590850309,92.81839420932864,,,0.0,-1,-1,0,147,delayed
18,3768,10,-8.973871423787438,1.5740703582763675,37.01394481658936,1.8387275110547565,54.633542727185045,,,0.0,-1,-1,0,147,delayed
18,3962,17,-36.07327545195596,36.937502580530506,32.66699527291691,6.769812914637157,201.14936057856374,,,0.0,-1,-1,0,147,delayed
18,3970,6,-7.964907545141576,-7.759499708811442,-18.6305669148763,2.226746534871962,66.16263215953795,,,0.0,-1,-1,0,147,delayed
18,4102,11,-13.739107868265974,52.008804668079726,5.622027223760432,4.192238434335556,124.56268601400086,,,0.0,-1,-1,0,147,delayed
18,4942,10,12.14266242239595,-15.258502197265624,37.807404136657716,4.863806419431543,144.51677817141055,,,0.0,-1,-1,0,147,delayed
18,5822,8,-13.065531946522349,36.87494456768036,-1.6822766363620758,2.6855813528889714,79.79584941665763,,,0.0,-1,-1,0,147,delayed
18,5856,7,-11.108787054533057,4.976372855050224,10.600119863237653,1.6411960210728154,48.76435056412096,,,0.0,-1,-1,0,147,delayed
19,140,10,-31.863920064668584,27.2164457321167,-2.9449560165405275,3.620344209638888,107.57016951955148,,,0.0,-1,-1,0,147,delayed
19,208,6,8.384788213036533,23.869699478149414,-38.22959963480631,1.9873553839108664,59.04967681628506,,,0.0,-1,-1,0,147,delayed
19,1038,7,-19.026746949670606,41.529161180768696,2.93545709337507,3.2081537553469945,95.32288183776983,,,0.0,-1,-1,0,147,delayed
19,1284,12,-39.347878951750104,-2.397131164868673,24.42709755897522,3.533882628599498,105.00116326192186,,,0.0,-1,-1,0,147,delayed
19,1384,6,21.43626055145786,-32.22963730494181,21.198591550191242,1.400933245573976,41.625496910140356,,,0.0,-1,-1,0,147,delayed
19,1524,7,-10.978281731595,7.28838757106236,12.18908759525844,2.1901668776882968,65.0757521016314,,,0.0,-1,-1,0,147,delayed
19,1562,7,-35.02537867227703,-5.293087686811175,39.45818764822824,2.979820612286256,88.5384896684889,,,0.0,-1,-1,0,147,delayed
19,1656,9,-23.138497073699405,39.339433140224884,3.010796652899848,2.9475928936424243,87.58091741651477,,,0.0,-1,-1,0,147,delayed
19,2436,6,-15.079644179796134,-5.214568614959717,-37.598301569620766,1.851644747804411,55.01734859381647,,,0.0,-1,-1,0,147,delayed
19,2482,7,-19.428140716612255,-32.26130894252232,28.136912414005824,2.765507435036148,82.17066841389959,,,0.0,-1,-1,0,147,delayed
19,2640,8,11.432206473523138,20.708165407180786,-23.193156957626343,2.9481104090542645,87.59629419213528,,,0.0,-1,-1,0,147,delayed
19,3310,9,-4.611390462918788,-15.876183244917128,26.658091757032608,2.2636423301469124,67.25890553092572,,,0.0,-1,-1,0,147,delayed
19,4132,12,-7.794758595768236,47.50153398513794,42.66664441426595,4.382259279693972,130.20871671269293,,,0.0,-1,-1,0,147,delayed
19,4572,10,-5.758900102814721,13.925531029701233,46.21172304153443,2.351368669437123,69.86549115989797,,,0.0,-1,-1,0,147,delayed
19,4928,7,-15.34885033921933,-8.004953520638603,14.79136426108224,2.2521668896586093,66.91793931137353,,,0.0,-1,-1,0,147,delayed
19,5208,6,-51.95939503876983,-27.998863299687702,-21.087741851806637,3.0328078066338664,90.11288181141344,,,0.0,-1,-1,0,147,delayed
19,5248,10,-35.288522660487715,-53.191372299194335,10.105107593536378,2.3014914125308796,68.38350362780363,,,0.0,-1,-1,0,147,delayed
19,5258,10,-39.081720871443686,7.321642589569092,-19.564141941070556,3.0046819102807465,89.27718573849883,,,0.0,-1,-1,0,147,delayed
19,5338,11,8.373641622778182,-23.180246699940074,5.883923834020441,3.7945327899613615,112.74578101631784,,,0.0,-1,-1,0,147,delayed
20,308,9,4.085036578320842,4.375495698716906,-8.180992974175346,3.0336163132565868,90.13690471902322,,,0.0,-1,-1,0,147,delayed
20,456,6,-15.39500350876146,14.895468711853027,-0.3726477622985828,1.846059189495469,54.85138662463284,,,0.0,-1,-1,0,147,delayed
20,466,6,3.147672143980872,-1.7689812978108723,44.13698132832845,1.6471691225720433,48.941827484442165,,,0.0,-1,-1,0,147,delayed
20,1276,8,28.40207360282223,35.32304525375366,1.7158142328262338,2.3318886373234164,69.2866869812404,,,0.0,-1,-1,0,147,delayed
20,1420,7,8.490199300820004,34.8544077192034,23.56308937072754,2.7009642574523824,80.25291690962794,,,0.0,-1,-1,0,147,delayed
20,1550,6,-30.38298637312432,33.010205825169884,-26.079139709472656,2.2020159097874004,65.42781873334823,,,0.0,-1,-1,0,147,delayed
20,2586,6,-35.22595746058495,49.85478719075521,42.81140009562174,1.6724437831342094,49.69280566877689,,,0.0,-1,-1,0,147,delayed
20,2670,8,-24.2376271086967,-14.594095468521118,-8.269820392131805,1.8897725966987786,56.150229593933325,,,0.0,-1,-1,0,147,delayed
20,2930,6,-24.758550685926668,-12.11959966023763,-41.7029005686442,1.8219654061251322,54.13549547963782,,,0.0,-1,-1,0,147,delayed
20,3044,11,20.77181268802868,15.194008090279318,-24.147376363927666,3.8965048061646677,115.77564404426847,,,0.0,-1,-1,0,147,delayed
20,3118,6,-23.487627252475377,2.8820997873942056,-33.05660057067871,1.618280581964496,48.08347119830432,,,0.0,-1,-1,0,147,delayed
21,734,8,-33.22964571443072,-29.30596923828125,23.628524780273438,1.7155340000085442,50.973131976277024,,,0.0,-1,-1,0,147,delayed
21,1110,9,44.85373825127498,48.955671045515274,-16.38487370808919,3.739801275028591,111.11956041450182,,,0.0,-1,-1,0,147,delayed
21,1396,6,-22.39099798980348,-0.8128999074300131,3.8952834606170668,1.6488734946792707,48.99246896654509,,,0.0,-1,-1,0,147,delayed
21,1532,13,-6.2859692786953865,-23.107961507943962,-12.39005338228666,4.846037956141898,143.9888293086808,,,0.0,-1,-1,0,147,delayed
21,1960,7,30.013367977640307,-20.74478558131627,-2.2770143236432756,2.8149825078198756,83.64070597335822,,,0.0,-1,-1,0,147,delayed
21,2288,7,-40.10706454131384,-31.976266043526785,8.010980333600726,2.0885897197569587,62.05762137558139,,,0.0,-1,-1,0,147,delayed
21,2434,7,-50.84315608631012,45.72958428519113,18.723841258457725,2.902969204287479,86.2550275147427,,,0.0,-1,-1,0,147,delayed
21,3316,11,7.265873986016836,-17.972816120494496,31.607879465276543,3.5255576608246795,104.75380606522275,,,0.0,-1,-1,0,147,delayed
21,3426,6,-13.672977096432755,-15.09869416554769,-32.27750205993652,1.7185046714226133,51.06139861864421,,,0.0,-1,-1,0,147,delayed
21,3668,7,41.18768525339258,11.116671357836042,8.371242795671735,2.0983494790785673,62.34761009043903,,,0.0,-1,-1,0,147,delayed
21,3724,6,-21.26057603987015,12.073412256936232,-15.480579535166422,1.2750264104559421,37.88446599897514,,,0.0,-1,-1,0,147,delayed
21,3756,7,-58.24990956579319,-12.763585533414568,-25.687597002301896,1.8925105639616837,56.23158196971725,,,0.0,-1,-1,0,147,delayed
21,4298,6,11.392432170309474,19.648162603378296,36.152633349100746,2.054925142962003,61.05735620107233,,,0.0,-1,-1,0,147,delayed
21,4406,6,6.0628668955003375,0.4433997472127282,27.06293296813965,2.0157013733823295,59.89191244805908,,,0.0,-1,-1,0,147,delayed
21,5068,6,-52.293379646693616,-12.784700075785318,-35.56919860839844,2.587792542630701,76.8902806951557,,,0.0,-1,-1,0,147,delayed
21,5204,7,-26.91203049081994,-24.315739222935267,3.6613780430385043,1.738141953194911,51.644875107847966,,,0.0,-1,-1,0,147,delayed
21,5434,7,-13.33544524828188,12.6685722214835,-4.88738523210798,3.6914067022664803,109.6816274185214,,,0.0,-1,-1,0,147,delayed
21,5830,8,7.90964432046599,27.099361330270767,19.37119209766388,2.4492267971362374,72.77311948911412,,,0.0,-1,-1,0,147,delayed
21,6100,6,24.91513662174589,-11.375981648763021,-20.342652241388958,2.071800239262685,61.55876072633546,,,0.0,-1,-1,0,147,delayed
22,468,6,-18.31305368044831,-17.260268847147625,24.832076867421467,1.3775486306027391,40.93067706679284,,,0.0,-1,-1,0,147,delayed
22,530,10,23.615077202734764,-27.560081481933594,1.8918816566467285,3.958887915787044,117.62921411624382,,,0.0,-1,-1,0,147,delayed
22,644,7,-3.5971238405084165,7.715952055794852,-20.488262585231237,1.373675260689007,40.81558882266324,,,0.0,-1,-1,0,147,delayed
22,682,6,-48.861006810061916,14.147231101989746,0.5141525268554688,1.7145261126027993,50.94318492903108,,,0.0,-1,-1,0,147,delayed
22,720,7,-46.98202172589981,-41.87358719961984,39.90158789498465,2.441521962382598,72.54418811337297,,,0.0,-1,-1,0,147,delayed
22,896,7,-20.21877771413504,-12.969449588230678,23.28722517830985,2.485896600305624,73.86267802685686,,,0.0,-1,-1,0,147,delayed
22,1030,7,14.921280536133597,7.866390773228237,4.203752381461007,2.6645632948891675,79.17134634979699,,,0.0,-1,-1,0,147,delayed
22,1498,9,20.04828884883217,-13.027954525417751,9.679429213205973,3.649223157326678,108.42824077422696,,,0.0,-1,-1,0,147,delayed
22,1890,13,8.696578032032635,0.28991545163668175,20.88645362854004,6.287715347522751,186.8249444411731,,,0.0,-1,-1,0,147,delayed
22,3182,7,-27.506190276312946,-18.321921757289342,31.08631501879011,1.8707191354530361,55.58409998374823,,,0.0,-1,-1,0,147,delayed
22,4092,6,10.84384352129314,32.88549995422363,0.8206665515899658,3.6486176064660363,108.41024822850201,,,0.0,-1,-1,0,147,delayed
22,4142,8,40.155831165376654,29.153550386428833,-46.91284966468811,3.729214179877026,110.80498932561441,,,0.0,-1,-1,0,147,delayed
22,4222,7,5.5884697717602245,-9.960664476667132,1.1764322008405412,2.386872535658984,70.92040657316639,,,0.0,-1,-1,0,147,delayed
22,4954,11,-20.788187355171825,-13.785708860917525,12.138588818636807,2.4678179212924234,73.32551182012935,,,0.0,-1,-1,0,147,delayed
22,5218,6,7.910422049074498,7.833399772644044,-29.287699381510418,1.4539519118687807,43.2008241693132,,,0.0,-1,-1,0,147,delayed
22,5406,7,9.765486323120376,26.398135117122106,-2.4182750156947543,3.056893041635872,90.82851896138004,,,0.0,-1,-1,0,147,delayed
22,5466,6,22.564818863772846,7.316099484761556,10.050401051839193,2.0926118693903555,62.177130265577425,,,0.0,-1,-1,0,147,delayed
22,5540,6,3.564020202669589,49.8085994720459,-49.46239916483561,2.0870291672784713,62.01125316169497,,,0.0,-1,-1,0,147,delayed
22,5826,6,13.43136695571169,15.740700403849283,-24.18083318074544,2.0997014665853513,62.38778127772721,,,0.0,-1,-1,0,147,delayed
22,5966,7,-23.515845108640054,-17.55388947895595,-10.82703903743199,2.709743043687165,80.51375827408641,,,0.0,-1,-1,0,147,delayed
23,524,6,-16.232742503633173,17.080137570699055,4.986778577168783,2.2598273762101733,67.14555298268134,,,0.0,-1,-1,0,147,delayed
23,924,6,21.490347489265655,31.97098684310913,16.616791486740112,1.3908758675843187,41.32666514370521,,,0.0,-1,-1,0,147,delayed
23,1402,6,3.010981900448724,-38.87140043576559,4.671233336130778,2.812148837851604,83.55651001264326,,,0.0,-1,-1,0,147,delayed
23,1716,6,44.017562425791255,-53.13410027821859,2.8976335525512695,1.5730683855031402,46.740095166613564,0.604195773601532,48.88820266723633,48.88820266723633,5,9,1,147,delayed
23,1766,9,-0.11749665313418116,-9.776354047987196,11.782637384202745,3.193555994534522,94.88914307861461,,,0.0,-1,-1,0,147,delayed
23,3376,6,-25.148411130725865,0.9791750113169352,1.0992622375488281,1.9478698134630585,57.87645425492241,,,0.0,-1,-1,0,147,delayed
23,3944,8,4.499966542375667,18.56391042470932,-3.279364824295044,2.789704349205773,82.88962385248655,,,0.0,-1,-1,0,147,delayed
23,4618,6,-21.693481847670153,16.92771848042806,12.225831826527914,1.4783823488685328,43.926718199638614,,,0.0,-1,-1,0,147,delayed
23,5510,11,5.212579142676405,22.391699877652254,-25.04677287015048,4.322064397782095,128.42016477494343,,,0.0,-1,-1,0,147,delayed
24,178,6,-2.2363038883446076,29.971068382263184,22.376372814178467,1.857508585525561,55.19157899324088,,,0.0,-1,-1,0,147,delayed
24,476,8,-21.180510550981023,-26.953870058059692,-8.518129825592041,2.821872077681717,83.84541363512749,,,0.0,-1,-1,0,147,delayed
24,602,8,-25.015243802444928,-24.59830731153488,19.538570880889893,2.5346907735936717,75.31248422986572,,,0.0,-1,-1,0,147,delayed
24,822,11,5.858133927326639,2.6503226540305396,-12.577752373435281,3.7019186863572173,109.99396675565316,,,0.0,-1,-1,0,147,delayed
24,1194,7,-43.453075702626016,-16.04553726741246,13.297587667192731,2.432845442398378,72.28638535443713,,,0.0,-1,-1,0,147,delayed
24,1668,7,35.211264018251455,-13.131765910557338,5.362280436924527,2.476270206618997,73.5766519639274,,,0.0,-1,-1,0,147,delayed
24,2152,8,-6.983436853818767,-7.181001424789429,33.46189534664154,3.5337707605931055,104.99783936239332,,,0.0,-1,-1,0,147,delayed
24,2630,9,1.098348059960285,28.697834014892578,-3.892694208357069,3.083491823739422,91.61884036017814,,,0.0,-1,-1,0,147,delayed
24,2846,6,-52.313275338980695,40.972931543986,26.57796510060628,1.5781238244937725,46.89030586419591,,,0.0,-1,-1,0,147,delayed
24,2850,10,-21.971042237559253,8.496652030944825,35.778849840164185,3.0126957353839576,89.51529804907892,,,0.0,-1,-1,0,147,delayed
24,3002,8,-25.36545448460936,21.581109523773193,24.33409070968628,2.474465201842114,73.5230204143869,,,0.0,-1,-1,0,147,delayed
24,3080,6,-28.421138719142153,-23.246168454488117,36.58217811584473,1.6133486399466215,47.936929928137005,,,0.0,-1,-1,0,147,delayed
24,3930,6,-36.32087256273998,30.08653736114502,32.61467043558756,2.6715833697007927,79.37993166483855,,,0.0,-1,-1,0,147,delayed
24,3948,14,17.881298625786716,40.98876704488482,12.456315313066755,5.704723520878328,169.50268832704822,,,0.0,-1,-1,0,147,delayed
24,4112,9,23.104844013665527,-24.821162753634983,14.033371130625406,2.818306577044769,83.73947301574734,,,0.0,-1,-1,0,147,delayed
24,4286,6,3.576526856835631,0.9791753292083728,-18.381153742472332,2.48652732990262,73.88141870059975,,,0.0,-1,-1,0,147,delayed
24,4398,6,2.9534370919854305,4.803499698638916,-37.78620004653931,2.3769199645600994,70.62468890151183,,,0.0,-1,-1,0,147,delayed
24,4544,11,-42.88202388156372,26.740043423392557,22.309991056268867,3.7021424196744355,110.00061447461762,,,0.0,-1,-1,0,147,delayed
24,4786,7,11.178739788683332,52.055951254708425,7.870979990277972,3.0175995913614084,89.66100480740026,,,0.0,-1,-1,0,147,delayed
24,5112,9,-0.21722695710583256,6.90965027279324,-11.830785539415148,3.153527655900208,93.69979341373602,,,0.0,-1,-1,0,147,delayed
24,5692,6,-60.69020121708618,-20.756662448247273,27.794165293375652,1.8761342208859026,55.74499674500796,,,0.0,-1,-1,0,147,delayed
24,5892,7,-23.733659504257577,-27.87085669381278,10.423228536333356,2.952056862013488,87.71355393022712,,,0.0,-1,-1,0,147,delayed
24,6198,19,-19.260085264330865,-2.327850053184911,46.24529733155903,7.832089094114356,232.7124446628645,,,0.0,-1,-1,0,147,delayed
25,604,11,2.642983599132696,2.410987550562078,31.689412333748557,4.375205695932772,129.99913575658042,,,0.0,-1,-1,0,147,delayed
25,718,6,6.659469046461015,11.34826914469401,38.882314682006836,1.9977450926508737,59.35838302367985,,,0.0,-1,-1,0,147,delayed
25,730,6,-14.54137472761895,6.512437502543132,-15.509762207667032,1.7245901707899918,51.24221518211271,,,0.0,-1,-1,0,147,delayed
25,954,6,17.455697624069092,-6.133700370788574,3.924466609954834,2.5496129286546543,75.75586161515221,,,0.0,-1,-1,0,147,delayed
26,680,6,-25.9435780594068,-0.23555592695871988,31.122814814249676,2.5586893905742754,76.02554772531047,,,0.0,-1,-1,0,147,delayed
26,1020,7,14.245017480129794,6.587657383510044,34.08592169625418,2.511107786405121,74.61177021408352,,,0.0,-1,-1,0,147,delayed
26,2084,7,6.7752172673206035,40.59881237574986,-12.57292720249721,3.402899275883953,101.10929535103725,,,0.0,-1,-1,0,147,delayed
26,2962,10,-10.098820197307237,-3.1481403350830077,-46.5359603881836,3.3164764307595593,98.54144004168803,,,0.0,-1,-1,0,147,delayed
26,2992,6,1.8354470576674007,50.71387545267741,-13.577653884887695,3.199232669159717,95.05781235876587,,,0.0,-1,-1,0,147,delayed
26,3574,7,-22.39941729684228,-16.643336159842356,-7.962035655975342,2.510012222766748,74.5792180700124,,,0.0,-1,-1,0,147,delayed
26,3796,6,-23.61668860292707,-41.22696272532145,-2.6127421061197924,2.240710242484184,66.57753149175308,,,0.0,-1,-1,0,147,delayed
26,4046,6,-21.94891424481484,15.204925219217936,-1.3501462936401367,2.1143562544856236,62.823214465131954,,,0.0,-1,-1,0,147,delayed
26,4366,10,-59.15122102428944,32.51230449676514,10.997450065612792,4.883476786539003,145.10123771496106,,,0.0,-1,-1,0,147,delayed
26,4760,7,21.68295270491083,-13.416808877672468,-12.198265756879534,2.087643904039709,62.02951864524764,,,0.0,-1,-1,0,147,delayed
26,5042,6,-28.695594953504596,-21.532612164815266,46.820473988850914,1.767511062494148,52.517510383119834,,,0.0,-1,-1,0,147,delayed
26,5444,6,19.516984963666474,43.60099991162618,7.510087966918945,2.1190296483360656,62.96207357344137,,,0.0,-1,-1,0,147,delayed
27,22,6,6.406178917714251,-15.519000371297201,-14.188800970713297,2.5712606024238216,76.3990722609393,,,0.0,-1,-1,0,147,delayed
27,150,6,-13.582112897518051,-26.876505772272747,18.459673563639324,1.5386080473206643,45.71618577973243,,,0.0,-1,-1,0,147,delayed
27,1360,10,15.605463078168517,-23.899259567260742,20.809439754486085,4.3128990764984,128.1478384139407,,,0.0,-1,-1,0,147,delayed
27,1550,7,-37.60900942559879,-33.36585021018982,-15.744027546473912,2.423490879350195,72.00843611132503,,,0.0,-1,-1,0,147,delayed
27,2200,8,-5.1447770968268705,41.735024094581604,-23.80062484741211,3.071482766005402,91.26201893618777,,,0.0,-1,-1,0,147,delayed
27,2886,6,24.22552800347259,-31.111900011698406,24.41029993693034,1.9919928050559914,59.18746707870994,,,0.0,-1,-1,0,147,delayed
27,4594,6,1.4124618884472564,-18.68746217091878,31.11672528584798,1.5781623855044036,46.89145161559695,,,0.0,-1,-1,0,147,delayed
27,4804,10,-9.963121736324123,18.844499778747558,0.2170400619506836,3.925884241154545,116.64858612359774,,,0.0,-1,-1,0,147,delayed
27,4818,7,20.769160801621855,33.0847658429827,-19.601462023598806,2.0396579992030315,60.603728273136795,,,0.0,-1,-1,0,147,delayed
27,6016,8,-34.78549910153244,41.648423194885254,42.09433853626251,2.197633905052663,65.29761757985126,,,0.0,-1,-1,0,147,delayed
27,6180,7,12.527349117247297,33.87655169623239,21.39089856828962,2.7954023937657086,83.05892809090957,,,0.0,-1,-1,0,147,delayed
27,6228,8,-3.981153377372255,8.923425078392029,-9.014593422412872,2.858290201082532,84.92749408962669,,,0.0,-1,-1,0,147,delayed
27,6264,6,5.3436661620123305,-27.88339392344157,10.56308142344157,2.013678125376049,59.83179630483817,,,0.0,-1,-1,0,147,delayed
28,158,6,5.197324684481521,-22.881288210550945,-25.688015937805176,2.727451723036017,81.03993079504494,,,0.0,-1,-1,0,147,delayed
28,494,10,-9.257755987524883,-22.12566051483154,-29.68675947189331,3.750061127524042,111.42440824340243,,,0.0,-1,-1,0,147,delayed
28,598,6,5.052772106018317,19.754393418629963,-37.34888935089111,2.308275432668245,68.58507512320384,,,0.0,-1,-1,0,147,delayed
28,674,9,-26.97855637986726,-32.13726255628798,17.012043741014267,3.821900445129029,113.558947703038,,,0.0,-1,-1,0,147,delayed
28,1120,7,-14.157908500465137,-5.53854077202933,-5.008851528167725,2.2679540104668323,67.3870171568018,,,0.0,-1,-1,0,147,delayed
28,1242,6,1.9112933253806108,30.026493469874065,13.10192314783732,1.64392200772744,48.84534696379072,,,0.0,-1,-1,0,147,delayed
28,1472,10,-4.640337139223536,-2.272425355017185,-4.012770271301269,4.010575396797109,119.16498827812825,,,0.0,-1,-1,0,147,delayed
28,1502,7,-4.339828530198881,3.072128728032112,-40.3727000100272,2.145973316634377,63.762642469241754,,,0.0,-1,-1,0,147,delayed
28,1660,8,-14.703293468944253,9.484603613615036,19.286796927452087,2.4556107503640625,72.96280391997395,,,0.0,-1,-1,0,147,delayed
28,1696,7,-25.969717843368887,-0.3681806836809431,10.48926956312997,2.246917156547587,66.76195561259108,,,0.0,-1,-1,0,147,delayed
28,1910,6,18.796717709078703,-15.001700083414713,41.54733276367188,2.0955131297656187,62.263334519183076,,,0.0,-1,-1,0,147,delayed
28,1974,8,-1.3781919945489909,-18.647047519683838,6.413083374500275,3.5339409854164185,105.0028972000021,,,0.0,-1,-1,0,147,delayed
28,2026,8,-31.660088395107895,-32.33702325820923,-19.696814209222794,2.437070381357109,72.4119196610344,,,0.0,-1,-1,0,147,delayed
28,2686,6,-21.108115937546913,-27.250624656677246,24.24696667989095,2.234803253222497,66.4020189439301,,,0.0,-1,-1,0,147,delayed
28,2866,6,-37.98424245657665,13.870106061299643,37.801527659098305,1.6149333757377675,47.984016693324534,,,0.0,-1,-1,0,147,delayed
28,3250,7,11.600214956904964,1.8686139242989697,6.019638878958566,2.459202923454735,73.06953704973503,,,0.0,-1,-1,0,147,delayed
28,3748,9,-16.847331520333604,-1.2039542198181152,12.759576585557726,3.5857577120781614,106.54251159802307,,,0.0,-1,-1,0,147,delayed
28,3770,8,-40.22168483026552,53.58904644846916,53.86868762969971,4.454607584711431,132.35837955813727,,,0.0,-1,-1,0,147,delayed
28,3964,8,-49.058737101988214,-17.756784200668335,24.71734344959259,2.684675241973173,79.76892642282837,,,0.0,-1,-1,0,147,delayed
28,5004,6,-8.556586746087692,-19.657399972279865,-22.702833493550617,3.045196506649555,90.48098342928348,,,0.0,-1,-1,0,147,delayed
28,5486,9,-5.7355012597321835,26.874966197543674,5.240388923221166,2.8434597391951053,84.48684115529072,,,0.0,-1,-1,0,147,delayed
29,361,6,6.738773184829721,-16.405800024668377,-29.789467016855877,2.6474409713977645,78.66259603936103,,,0.0,-1,-1,0,147,delayed
29,689,6,32.00286715677192,15.592899680137634,-7.1838334401448565,3.3406662719786775,99.26018532388073,,,0.0,-1,-1,0,147,delayed
29,1253,6,-31.979438855278605,-26.313019116719563,-20.296464920043945,1.2821772531245195,38.09693677896853,,,0.0,-1,-1,0,147,delayed
29,2379,10,17.62654480721846,-0.7094398260116579,-14.098354721069336,4.376785233448424,130.0460680670134,,,0.0,-1,-1,0,147,delayed
29,2775,6,-25.814870078285427,-30.594599723815918,-35.79089959462484,1.9824422340973549,58.90369391308282,,,0.0,-1,-1,0,147,delayed
29,3571,6,25.882380714257554,39.96604379018148,-16.998677174250286,1.7856367564385476,53.05607352997958,,,0.0,-1,-1,0,147,delayed
29,4011,10,-40.41420846764355,14.659912490844727,-3.0547998905181886,1.9518631293987325,57.99510641816202,,,0.0,-1,-1,0,147,delayed
29,4285,7,-45.81126408340822,-46.4184387751988,-23.330773081098283,2.7847340059795993,82.74194157907553,,,0.0,-1,-1,0,147,delayed
29,4891,8,-8.451874218706248,-2.5945824682712555,2.9687016010284415,2.016844718154374,59.92588429819994,,,0.0,-1,-1,0,147,delayed
29,5201,7,-42.395744604293476,-16.31474483013153,15.24790164402553,2.1701497400047334,64.48098907103771,,,0.0,-1,-1,0,147,delayed
29,5847,6,-29.594012807786555,-30.46989345550537,-3.8999021848042794,1.9119410253385873,56.80891326837989,,,0.0,-1,-1,0,147,delayed
30,411,7,34.33930978793071,40.35335922241211,-33.34686265672956,3.3530905692647375,99.62934463245269,,,0.0,-1,-1,0,147,delayed
30,811,7,-17.41164361331167,5.688980375017438,-11.676947321210589,2.0281829183359785,60.26277273889973,,,0.0,-1,-1,0,147,delayed
30,1081,7,-7.417167832295627,6.112585340227399,-14.698871612548828,2.053290339266912,61.00878178371612,,,0.0,-1,-1,0,147,delayed
30,1755,6,-23.39457559623379,22.761200428009033,-13.539233366648356,1.241972182677573,36.90233593631689,,,0.0,-1,-1,0,147,delayed
30,1801,6,-26.6858537250578,16.77530034383138,-20.271900177001953,1.9491329430955422,57.9139852356313,,,0.0,-1,-1,0,147,delayed
30,2627,6,-28.73105661235392,40.852843602498375,35.23350238800049,2.3169694971398895,68.8433991760767,,,0.0,-1,-1,0,147,delayed
30,2669,6,-0.25948349208992855,7.828780889511108,9.423926989237467,2.0586596259344123,61.168317740403424,,,0.0,-1,-1,0,147,delayed
30,2953,8,-9.729391177037197,-1.9953000098466873,-5.0378506779670715,3.1185466480734645,92.66041353050032,,,0.0,-1,-1,0,147,delayed
30,3179,6,-30.213968521689804,15.685274680455528,-20.681291341781613,1.7607103197813814,52.31544201500074,,,0.0,-1,-1,0,147,delayed
30,3215,6,39.63478187653873,41.162299474080406,-28.46703330675761,2.277354992474591,67.66634563212534,,,0.0,-1,-1,0,147,delayed
30,3495,10,-35.971308323165545,-28.931850123405457,-16.981337547302246,3.562969728575983,105.86541928127275,,,0.0,-1,-1,0,147,delayed
30,3709,6,9.997723705751367,22.576450030008953,15.517529805501303,2.638009920723694,78.38237414304072,,,0.0,-1,-1,0,147,delayed
30,3751,6,-25.144360035780625,38.48342514038086,6.621816317240398,3.021533559814913,89.77789359722895,,,0.0,-1,-1,0,147,delayed
30,3935,6,0.3321957088561902,-18.44728724161784,30.055883407592773,1.6667585255518125,49.52388136586876,,,0.0,-1,-1,0,147,delayed
30,3981,12,15.051743630633807,-39.940640449523926,16.519900878270466,2.9601072746710795,87.95275335551214,,,0.0,-1,-1,0,147,delayed
30,4631,6,-0.03637870284761746,-15.5790433883667,-18.311872482299805,1.3343643685266369,39.647556423254244,,,0.0,-1,-1,0,147,delayed
30,4951,6,-27.107199472311823,-15.96239980061849,-11.90566635131836,1.275255034244318,37.89125902699891,,,0.0,-1,-1,0,147,delayed
30,4981,10,6.557108614118806,9.957101345062256,40.31072645187378,3.891238506244613,115.61916810100519,,,0.0,-1,-1,0,147,delayed
30,5097,6,-27.02158204312023,1.3163441022237141,17.007914861043293,2.6721726537240365,79.39744087904718,,,0.0,-1,-1,0,147,delayed
30,5237,7,-20.620918785421814,18.151687690189906,33.11058732441494,3.3114104290506523,98.39091549731937,,,0.0,-1,-1,0,147,delayed
30,5291,8,43.8350002454403,-30.09577512741089,50.18292498588562,2.514233250823608,74.7046361731901,,,0.0,-1,-1,0,147,delayed
30,5405,10,7.265694381239737,-3.1038002014160155,-13.049940204620361,3.7559749103876543,111.60012264742151,,,0.0,-1,-1,0,147,delayed
30,5947,9,-10.64420700937071,-36.03548791673448,40.49992667304145,2.392099893427864,71.07572544031738,,,0.0,-1,-1,0,147,delayed
31,404,9,-26.112027599401824,15.820758395724827,0.12057770623101129,3.413228357919027,101.41620017587022,,,0.0,-1,-1,0,147,delayed
31,456,7,-48.808033457052126,-38.544128962925505,-17.4425858770098,2.7356291751874156,81.28290490557897,,,0.0,-1,-1,0,147,delayed
31,656,6,-8.536969684580194,-3.898224870363871,-7.758028984069824,1.803717998081157,53.59331587932334,,,0.0,-1,-1,0,147,delayed
31,698,9,17.923418965328736,6.774166531032986,18.132721371120876,2.941726913120532,87.40662334871361,,,0.0,-1,-1,0,147,delayed
31,736,6,-4.899320221146053,-35.25491841634115,-23.30789041519165,1.901447296295934,56.49711633785459,,,0.0,-1,-1,0,147,delayed
31,740,8,-44.03160843011044,31.367085695266724,26.03494542837143,2.820067019587302,83.79178050137963,,,0.0,-1,-1,0,147,delayed
31,1030,10,-28.961569452112087,35.535739278793336,-13.795406055450439,4.271308595425328,126.91207329317713,,,0.0,-1,-1,0,147,delayed
31,1186,9,4.16123157859285,7.269912295871311,-1.0843566788567438,3.055765891942692,90.79502831061636,,,0.0,-1,-1,0,147,delayed
31,1320,9,-24.86563218989572,-6.340004338158502,0.09188450707329683,3.9307682774117385,116.79370398469148,,,0.0,-1,-1,0,147,delayed
31,1504,7,-10.257017020474896,45.30993720463344,20.909170423235214,2.485786929746408,73.85941941939771,,,0.0,-1,-1,0,147,delayed
31,1530,7,-32.05597705547005,48.96798760550363,36.85321235656738,2.4730750529027596,73.48171534823722,,,0.0,-1,-1,0,147,delayed
31,1970,11,8.276944125710074,11.168137203563344,23.204348867589776,3.7514526119541904,111.46575299057768,,,0.0,-1,-1,0,147,delayed
31,2660,6,51.209934227226626,-28.82099978129069,-55.30049991607666,2.3665747833274198,70.31730572619195,,,0.0,-1,-1,0,147,delayed
31,2906,6,-23.40208456183453,-28.2297998269399,-19.229532798131306,3.367358238630412,100.05327548638317,,,0.0,-1,-1,0,147,delayed
31,2928,7,-33.28871783382478,15.063723291669573,23.18033368246896,2.813056063286144,83.58346612182372,,,0.0,-1,-1,0,147,delayed
31,3338,6,-18.62694793005458,21.49104404449463,28.599506696065266,2.0713625312051884,61.54575524198963,,,0.0,-1,-1,0,147,delayed
31,3416,6,19.977295429354296,34.141798973083496,-25.07539987564087,2.077170141233099,61.71831496532824,,,0.0,-1,-1,0,147,delayed
31,3942,6,-16.790982386648178,0.5265373388926188,-5.265375137329102,1.6145980999954255,47.97405474872724,,,0.0,-1,-1,0,147,delayed
31,4178,6,-41.82017806695147,-23.925124804178875,19.351091305414837,2.017213182814689,59.936832374868025,,,0.0,-1,-1,0,147,delayed
31,5106,7,-29.2431927361303,14.081909179687502,3.529473440987723,3.750422481950979,111.43514505590186,,,0.0,-1,-1,0,147,delayed
31,5454,6,-3.9774288764418118,-20.585768540700276,3.256218512852986,1.3756221364831236,40.873435741928276,,,0.0,-1,-1,0,147,delayed
31,5526,7,-13.853493603145589,-8.49190160206386,0.9745268140520358,1.6653780101745925,49.482862538775876,,,0.0,-1,-1,0,147,delayed
31,5734,7,-23.191954586035344,26.988016401018417,23.48121302468436,3.1825825026603787,94.56309110323056,,,0.0,-1,-1,0,147,delayed
31,5990,7,13.618625756996291,-21.663257019860403,12.886942931583949,2.245143630029828,66.70925936684327,,,0.0,-1,-1,0,147,delayed
31,6000,7,4.715046260996443,-31.259700110980443,-10.138186046055385,2.8208677735960634,83.81557305796488,,,0.0,-1,-1,0,147,delayed
32,144,8,-56.57069992182612,10.804410994052887,19.844511032104492,2.1224047020742614,63.06235550292995,,,0.0,-1,-1,0,147,delayed
32,154,10,21.467920570725077,26.382300782203675,30.23635025024414,3.033627889072145,90.13724866765622,,,0.0,-1,-1,0,147,delayed
32,422,7,-11.758262801447525,-35.313642910548616,-23.333471025739396,2.419104226913518,71.87809686209553,,,0.0,-1,-1,0,147,delayed
32,466,6,26.27299308664635,-25.694106419881184,-27.817259788513184,2.5374209477970435,75.39360505287824,,,0.0,-1,-1,0,147,delayed
32,1128,7,-38.21715597750769,-27.95399478503636,-11.497359003339495,2.423097713871098,71.99675410685622,,,0.0,-1,-1,0,147,delayed
32,1164,8,-45.37557689071919,4.219228178262711,14.537721693515778,2.979602330118068,88.53200391783221,,,0.0,-1,-1,0,147,delayed
32,1432,307,-4.352592280741507,32.70679804459457,45.43939341939622,98.76999773851432,2934.7224421065384,,,0.0,-1,-1,0,147,delayed
32,1548,6,0.03764911617622069,-29.79555606842041,12.419817765553793,1.2204711795601575,36.26348327031266,,,0.0,-1,-1,0,147,delayed
32,1572,8,-4.922316504931512,4.402823328971863,-38.23647594451904,3.021215858389703,89.7684538328896,,,0.0,-1,-1,0,147,delayed
32,1836,6,32.90978575920365,0.23555612564086795,-21.8391269048055,2.309852022969574,68.6319198639678,,,0.0,-1,-1,0,147,delayed
32,1866,11,-23.329666838087938,16.695522134954278,-20.929291985251687,4.417729933923967,131.26264530830306,,,0.0,-1,-1,0,147,delayed
32,1982,7,-23.359975115517955,16.374128886631556,-27.69747189113072,1.8435162813468022,54.77582998007499,,,0.0,-1,-1,0,147,delayed
32,2294,8,2.271697492776246,17.063971519470215,33.37529397010803,2.3773745902675154,70.63819705476547,,,0.0,-1,-1,0,147,delayed
32,2968,9,-19.739511591595367,-21.006075117323135,19.62009663052029,2.707961969780637,80.46083777510677,,,0.0,-1,-1,0,147,delayed
32,3342,9,1.8233955619356037,-5.7364875475565595,-10.044731855392456,3.485882381158492,103.57494673243762,,,0.0,-1,-1,0,147,delayed
32,3868,6,-5.795002582740349,-24.86273129781087,17.69925594329834,1.1294881879723193,33.56013373729246,,,0.0,-1,-1,0,147,delayed
32,3876,7,-4.7959578108143885,18.98702117374965,-4.768618174961635,1.7523991448647236,52.068494641236875,,,0.0,-1,-1,0,147,delayed
32,4148,6,-43.182438996127495,32.72384341557821,15.317452112833662,2.7255637020548082,80.98383261066118,,,0.0,-1,-1,0,147,delayed
32,4764,6,-42.53413203071637,21.089212735493977,-3.262308120727539,1.3847392629230026,41.14433010441952,,,0.0,-1,-1,0,147,delayed
32,4824,7,-9.516554243819822,-9.426209109170097,4.606301988874163,2.289452488105434,68.02579478403393,,,0.0,-1,-1,0,147,delayed
32,5508,10,-12.371645418853351,8.468939924240113,-17.878339576721192,4.060726826217108,120.6551222134579,,,0.0,-1,-1,0,147,delayed
32,5828,6,-22.26987371283359,30.446799914042156,-42.072400410970054,1.415442200488817,42.05659700708298,,,0.0,-1,-1,0,147,delayed
32,6008,77,-0.7630470747495358,-11.22032338922674,-22.243621950025684,15.924503937222932,473.15986791562557,,,0.0,-1,-1,0,147,delayed
33,694,6,17.53385127658892,26.530100742975872,-3.399400075276693,2.214469577032103,65.79785070243173,,,0.0,-1,-1,0,147,delayed
33,1234,6,-37.48894362884953,16.184099515279133,7.953487793604533,1.9174238272736983,56.971822069159614,,,0.0,-1,-1,0,147,delayed
33,1362,8,31.71965644449422,-0.8348391205072403,30.475873112678528,2.9196073254846033,86.74939087193297,,,0.0,-1,-1,0,147,delayed
33,1500,6,-19.823843544482035,0.4757315317789714,13.600747426350914,1.3767649441686691,40.90739163378383,,,0.0,-1,-1,0,147,delayed
33,1510,6,-14.802248560517194,-20.8398011525472,5.328566710154216,2.575822974982109,76.53463262787889,,,0.0,-1,-1,0,147,delayed
33,1556,11,-28.591719956615485,26.66446443037553,-22.265445189042524,4.589008784630432,136.35180090752888,,,0.0,-1,-1,0,147,delayed
33,2422,8,1.8718405353259016,-17.202534675598145,19.997084617614746,2.6450735597406614,78.59225386786277,,,0.0,-1,-1,0,147,delayed
33,2722,10,-6.904824163785035,-6.498581171035767,28.898718070983886,4.143329303923603,123.10946412546876,,,0.0,-1,-1,0,147,delayed
33,2764,7,0.837302866402086,40.49983869280134,47.83258301871164,1.1605950079532652,34.484401073435706,,,0.0,-1,-1,0,147,delayed
33,4158,7,-21.668418727164617,11.678839683532715,32.50361088344029,2.1843363952172226,64.9025127764522,,,0.0,-1,-1,0,147,delayed
33,4180,7,-27.738816209426858,1.9398753302437919,-18.404428345816477,1.716833074380427,51.011730971927726,,,0.0,-1,-1,0,147,delayed
33,4202,9,-39.01334294490064,37.12243419223361,-24.114699787563747,3.670165835159474,109.05050409346308,,,0.0,-1,-1,0,147,delayed
33,4460,12,23.042905347814308,-31.723883668581646,9.296911716461182,4.226103044154639,125.5688947079846,,,0.0,-1,-1,0,147,delayed
33,5512,6,-12.77328882882219,-11.251274903615316,4.6848835945129395,2.8297721604097896,84.08014635363936,,,0.0,-1,-1,0,147,delayed
33,5520,6,49.6986258774539,5.468599875768025,-6.938833554585774,1.7544851961605061,52.13047683920479,,,0.0,-1,-1,0,147,delayed
33,6098,6,-12.996273690584786,11.768575350443522,43.26403681437174,3.2508372162891477,96.59112233186542,,,0.0,-1,-1,0,147,delayed
33,6264,10,-35.89867860011406,37.051612585783005,44.33646984100342,2.5593883263793162,76.04631498905059,,,0.0,-1,-1,0,147,delayed
