file_id,light_id,n_charge_hits,charge_x,charge_y,charge_z,charge_E,charge_Q,fprompt,integral,integral_total,tpc,det,n_valid_sumhits,period,window
0,181,8,3.420100524321093,8.7675421833992,35.9629487991333,2.505204918971522,74.4363801368657,,,0.0,-1,-1,0,128,prompt
0,1641,8,19.272693780893594,-23.01869559288025,-21.65747320652008,2.8096860790964997,83.48333482226577,,,0.0,-1,-1,0,128,prompt
0,1885,8,16.19987772535411,-25.970076143741608,-0.7724866867065421,3.1133905001034634,92.50721049811344,,,0.0,-1,-1,0,128,prompt
0,1913,7,-2.099828079396698,19.10974829537528,6.918315614972793,2.534582455485455,75.30926580736545,,,0.0,-1,-1,0,128,prompt
0,2239,7,8.091086180281428,-10.150692735399518,11.096246310642787,2.4455209113571117,72.6630076493561,,,0.0,-1,-1,0,128,prompt
0,2757,6,-18.08363560038312,4.937443812688191,-4.078357060750325,1.2995794449756828,38.614002731553214,,,0.0,-1,-1,0,128,prompt
0,2807,6,55.38199671392317,-16.036300202210743,12.216799974441528,2.989140484086013,88.81540814124935,,,0.0,-1,-1,0,128,prompt
0,3813,8,-11.13716168301906,0.9075843691825867,22.126224994659424,2.0407183472719073,60.6352340678662,,,0.0,-1,-1,0,128,prompt
0,3955,12,14.060436029964523,-1.9953003724416092,-22.813683072725933,4.736781292630139,140.74251980479175,,,0.0,-1,-1,0,128,prompt
0,4517,16,-12.387488019648476,18.62799620628357,-0.3873459994792938,6.46547132625755,192.10655294533336,0.3954393267631531,337.7669372558594,433.65399169921875,4,5,2,128,prompt
0,5151,7,11.989863870466124,39.05087212153843,-18.942842755998885,3.106622359601277,92.30611082940959,,,0.0,-1,-1,0,128,prompt
0,5475,9,-9.266627680762845,32.251191563076446,34.59716373019748,3.8000031719691902,112.90832078763356,,,0.0,-1,-1,0,128,prompt
0,6229,6,35.87212215759815,15.514381090799967,-34.59611415863037,2.8565063070315357,84.87448979656536,0.4312707185745239,126.38114166259766,126.38114166259766,2,4,1,128,prompt
1,150,7,-23.05471011887067,-48.91652079990932,-0.6617712293352399,1.6999955302978025,50.51144222412343,,,0.0,-1,-1,0,128,prompt
1,1076,6,10.962261855197132,8.336844166119894,35.667664766311646,1.6302302541672211,48.43852811834189,,,0.0,-1,-1,0,128,prompt
1,1610,8,-54.513925676751775,59.79664659500122,30.590187549591064,2.073638798585115,61.61338927172598,,,0.0,-1,-1,0,128,prompt
1,1692,10,-22.42874583002639,27.10005416870117,-14.553846454620361,4.966415708561084,147.56557629302517,,,0.0,-1,-1,0,128,prompt
1,2294,7,9.214317197920744,0.08313751220703125,-8.400216102600098,1.8506429719253568,54.98758313647582,,,0.0,-1,-1,0,128,prompt
1,3746,6,0.44307552753767254,34.705286502838135,16.34743316968282,2.0366149393192585,60.51331077452324,0.3585590124130249,205.21380615234375,329.8956298828125,4,6,2,128,prompt
1,3778,6,-10.711204372706236,-33.07948752244314,21.586566925048828,1.4428163924071973,42.8699579182585,,,0.0,-1,-1,0,128,prompt
1,4216,6,-38.17934936364141,14.027143478393555,21.19250202178955,1.9133537132021572,56.85088802662466,,,0.0,-1,-1,0,128,prompt
1,5140,11,-27.410329001845806,39.79766876047308,42.51320509477095,2.490373755863833,73.9957063673886,,,0.0,-1,-1,0,128,prompt
1,5994,6,-3.542734169574199,9.777892827987671,25.922101338704426,1.4584697501368444,43.3350613026398,,,0.0,-1,-1,0,128,prompt
1,6296,11,5.074420890632717,-15.216681393710049,29.85706563429399,3.808958196152268,113.17439865582648,,,0.0,-1,-1,0,128,prompt
2,413,6,-15.5209308082662,-4.577181975046794,0.8082815806070952,1.9398101487064225,57.63697992487562,,,0.0,-1,-1,0,128,prompt
2,777,9,20.36834633582895,6.567862828572591,36.16963736216227,2.9968346072256624,89.04402124611183,,,0.0,-1,-1,0,128,prompt
2,1107,7,-12.41519176051647,20.998158046177455,-18.95615713936942,2.5929952224378656,77.04486631365093,,,0.0,-1,-1,0,128,prompt
2,1937,7,-23.276274441334298,-37.376244817461284,3.600733757019043,1.9017622201821924,56.506473574036825,,,0.0,-1,-1,0,128,prompt
2,2903,6,-24.893850588650498,-6.8542253971099845,-23.64652951558431,1.122290836788571,33.346281064149885,,,0.0,-1,-1,0,128,prompt
2,3885,6,6.630479381734425,-3.6626693407694497,6.7834733327229815,2.507404170886065,74.5017258298619,,,0.0,-1,-1,0,128,prompt
2,4335,8,36.47479035701683,34.696049466729164,0.39379966259002686,2.5335411853321386,75.27832686884972,,,0.0,-1,-1,0,128,prompt
2,4561,6,8.961300005679686,10.345999141534172,-49.38850053151449,1.9310565079221682,57.37688569942366,,,0.0,-1,-1,0,128,prompt
2,5751,8,-38.911939903597016,-19.790188908576965,1.25162935256958,2.528662722338991,75.13337460442952,0.2639561593532562,216.8898468017578,374.46331787109375,7,10,2,128,prompt
2,5847,8,-10.313348061714429,23.77732563018799,19.734918773174286,2.844526973481784,84.51855155808317,0.4294060170650482,68.27015686035156,68.27015686035156,4,7,1,128,prompt
3,811,6,13.622542695310914,1.551899751027425,-21.956066449483234,2.111882415445937,62.749710049680324,,,0.0,-1,-1,0,128,prompt
3,1035,6,-28.132860228356094,30.303618748982746,-2.8881893952687583,1.5468095105481614,45.95987332395581,,,0.0,-1,-1,0,128,prompt
3,1179,6,-39.15497427682313,-11.339031358559927,0.4203062057495117,2.119171209180344,62.96627972709268,,,0.0,-1,-1,0,128,prompt
3,1445,10,-34.50152581350043,32.819913959503175,-23.37927131652832,3.649411192842317,108.43382781543677,,,0.0,-1,-1,0,128,prompt
3,2175,6,-18.04026641767376,11.990275382995605,-8.672542095184326,2.980867197579466,88.56958653411495,,,0.0,-1,-1,0,128,prompt
3,2723,7,15.54801388063221,-45.7018711907523,22.0824499470847,2.8364553663611676,84.27872238826329,,,0.0,-1,-1,0,128,prompt
3,3145,6,-31.610465885315516,35.393480936686196,41.38420613606771,2.6377952842018004,78.37599671434658,0.3859921395778656,79.78919982910156,79.78919982910156,5,15,1,128,prompt
3,3453,6,-0.044241037778672686,16.960050106048584,-2.5296042760213218,1.5053730868678112,44.728685662928456,,,0.0,-1,-1,0,128,prompt
3,3479,6,-53.81215177313812,3.2331247329711914,34.01730012893677,2.2825750670453395,67.82144809585935,,,0.0,-1,-1,0,128,prompt
3,3519,9,24.43934999102288,2.5741839938693576,1.0012194315592449,3.5595138468692973,105.76273573531657,,,0.0,-1,-1,0,128,prompt
3,3529,143,35.433918102128,-38.456423072548176,10.025830098799059,65.270352468271,1939.3578270595199,,,0.0,-1,-1,0,128,prompt
3,3777,8,-34.88792683857176,-23.517520666122437,35.29784798622131,2.3510843384754105,69.85704292183551,,,0.0,-1,-1,0,128,prompt
3,3979,6,17.748380579130714,20.174699624379475,33.1227339108785,2.0696147711242534,61.49382458642238,,,0.0,-1,-1,0,128,prompt
3,4045,7,-15.311168276077245,-26.002242497035436,-20.45389325278146,2.4802474787033164,73.69482742116614,,,0.0,-1,-1,0,128,prompt
3,4781,8,8.156739482592384,-43.50862503051758,3.176700234413147,2.0394676595990378,60.5980727712612,,,0.0,-1,-1,0,128,prompt
3,5089,6,-35.270273236914356,25.218374967575073,54.45064926147461,1.6482706719480809,48.9745574808881,,,0.0,-1,-1,0,128,prompt
3,5487,7,-17.992866824731344,28.34592914581299,5.807117462158203,3.079378831837094,91.49663230189793,,,0.0,-1,-1,0,128,prompt
3,5869,9,-19.744301688856833,25.609429412417942,-4.1194347275627985,2.3671068861415807,70.33311593279294,,,0.0,-1,-1,0,128,prompt
3,5925,6,-37.015727950736384,19.985331535339355,-15.095752080281576,1.6988533396369645,50.47750466573246,,,0.0,-1,-1,0,128,prompt
3,6451,8,23.157761090642126,3.8243243694305424,-12.2051500082016,3.1401319915693646,93.3017721761257,,,0.0,-1,-1,0,128,prompt
3,6529,6,6.167229531130108,-9.011181513468424,-18.43343162536621,2.1440262916589954,63.704791117399864,,,0.0,-1,-1,0,128,prompt
3,6587,6,-27.637959958888263,-26.811843236287434,37.00563112894694,1.664900511625543,49.468674771842046,,,0.0,-1,-1,0,128,prompt
4,361,7,10.869319182209916,-19.41458593096052,-4.367328780038016,2.667781139301325,79.26695716712801,,,0.0,-1,-1,0,128,prompt
4,581,6,32.96745049514666,0.8128998279571539,-18.70446713765462,2.2515448844639634,66.8994578631035,,,0.0,-1,-1,0,128,prompt
4,841,8,6.811784320290453,14.119519233703613,0.6895033121109009,1.8237697438545264,54.189107209402266,,,0.0,-1,-1,0,128,prompt
4,915,6,0.08467083557153525,7.094399929046631,2.076966921488444,1.695413919414941,50.37531023478663,,,0.0,-1,-1,0,128,prompt
4,1575,6,-51.7314420380637,12.890931328137716,-12.47524388631185,2.1276756184113235,63.21896861236621,,,0.0,-1,-1,0,128,prompt
4,1885,7,-3.510117655826367,-19.40270914350237,28.668670313698904,1.8182788000227326,54.02595649096068,,,0.0,-1,-1,0,128,prompt
4,1953,7,-19.94653069284107,21.865162576947892,8.586462565830775,2.5635599310537627,76.17026459052882,,,0.0,-1,-1,0,128,prompt
4,2245,6,13.948026555084937,-20.849037647247314,10.6478963692983,1.1381263920580762,33.816798027769416,,,0.0,-1,-1,0,128,prompt
4,2725,7,-15.781489913073864,-27.051358767918178,23.64622688293457,3.1792650493973422,94.46452063887305,,,0.0,-1,-1,0,128,prompt
4,2963,8,10.041596167140682,-18.750970423221588,-2.849819779396057,2.1393186228701384,63.564913608429606,,,0.0,-1,-1,0,128,prompt
5,447,7,8.72435857599186,0.0870962142944336,-31.665578365325928,1.8332993027363482,54.47225604967963,,,0.0,-1,-1,0,128,prompt
5,1419,8,-12.067450226481455,4.686876833438874,29.62592041492462,1.693383427433733,50.31497885357568,,,0.0,-1,-1,0,128,prompt
5,1673,9,-24.212249145638218,-7.396158085929023,20.316969235738117,1.6356944496726809,48.600884072023135,,,0.0,-1,-1,0,128,prompt
5,1697,6,-52.63875919875471,54.18717575073242,7.9583126703898115,2.1891052171641983,65.04420731032522,,,0.0,-1,-1,0,128,prompt
5,2027,8,-28.299555920173116,-17.240638852119446,2.5657668113708496,3.050809542028883,90.64776181617447,,,0.0,-1,-1,0,128,prompt
5,3771,11,-12.023647110169277,28.128187569704924,42.54687222567472,3.6330676901094168,107.94821836569422,,,0.0,-1,-1,0,128,prompt
5,4195,6,24.22639985854191,-20.913699467976887,-3.7688992818196616,2.537514602860702,75.39638779686356,,,0.0,-1,-1,0,128,prompt
5,4311,8,8.072062862892615,-22.145751357078552,14.885075569152832,2.0450800246713445,60.76483124152662,,,0.0,-1,-1,0,128,prompt
5,5277,7,-29.556046976331952,28.611177240099227,12.847530092511859,2.1264184464793328,63.18161465097231,0.4920708239078522,54.20343017578125,54.20343017578125,4,7,1,128,prompt
5,5335,6,29.0601930088139,52.79231262207031,47.23616282145182,2.2746706164725112,67.58658559692506,,,0.0,-1,-1,0,128,prompt
5,6449,10,-9.58738744684583,22.508092308044432,13.116449928283691,2.7254895076285752,80.98162809458613,,,0.0,-1,-1,0,128,prompt
6,755,9,-5.189740980330039,26.665583504570854,35.711822509765625,2.622667069987273,77.92649675706294,,,0.0,-1,-1,0,128,prompt
6,1171,12,23.13983836949326,-5.722631216049194,5.196829120318095,3.5727909873458517,106.15723531024517,,,0.0,-1,-1,0,128,prompt
6,1227,10,2.4572514614788488,3.408637523651123,43.193832874298096,3.6838957718912186,109.45845746369628,,,0.0,-1,-1,0,128,prompt
6,1705,6,12.081094194962715,13.773112495740255,57.766913096110024,1.6095413557321154,47.82380526798089,0.40610575675964355,159.93304443359375,159.93304443359375,1,11,1,128,prompt
6,1809,6,5.692224953949352,22.765818277994793,-1.2424434026082356,2.638808437629831,78.40610022928655,,,0.0,-1,-1,0,128,prompt
6,1861,8,-14.533580447105575,0.6062108278274536,42.206292271614075,2.5795132875535285,76.64428174572544,,,0.0,-1,-1,0,128,prompt
6,1943,11,1.367555744250681,-11.994474118406123,13.481385014273906,4.734014019502288,140.66029667289249,0.24694325029850006,184.34872436523438,184.34872436523438,4,15,1,128,prompt
6,2023,6,-10.583961470943924,-3.5194876591364554,-1.3856248060862246,1.8449761751640248,54.8192073542432,,,0.0,-1,-1,0,128,prompt
6,2553,7,-24.171137930668436,-8.709643500191824,-26.17058597292219,2.952989389117622,87.74126182010298,,,0.0,-1,-1,0,128,prompt
6,3417,8,-8.152240459607853,-10.340226670727134,17.93124532699585,3.6114071741237197,107.30462614309317,,,0.0,-1,-1,0,128,prompt
6,4113,6,-28.177619751873767,29.915644486745197,-7.1452064116795855,2.2254500549502994,66.12411025198541,,,0.0,-1,-1,0,128,prompt
6,4239,9,12.027032170005164,-11.61461681789822,25.508444256252712,2.694941596701382,80.07396745056298,,,0.0,-1,-1,0,128,prompt
6,4877,7,-33.974406363438305,-32.52655710492815,-7.807814461844308,2.711424097871174,80.56370691793741,,,0.0,-1,-1,0,128,prompt
6,5103,6,-15.856659126328628,-38.20629974206289,-30.60236644744873,1.4354808444429143,42.651999046851785,,,0.0,-1,-1,0,128,prompt
6,5221,6,-46.62371113916826,-9.316018263498941,-23.86214017868042,1.813660843455512,53.888744573528285,,,0.0,-1,-1,0,128,prompt
6,6397,7,30.244054885716253,-14.176922934395927,-3.318212372916084,2.2486757134787325,66.81420707163451,,,0.0,-1,-1,0,128,prompt
7,41,7,-9.052327241687312,21.14463778904506,20.63870198386056,2.9027997319291137,86.24999203489254,,,0.0,-1,-1,0,128,prompt
7,1311,7,9.233348406858179,-37.86715261425291,17.978302001953125,3.3438668545083337,99.35528324422756,,,0.0,-1,-1,0,128,prompt
7,1329,6,47.91770950478255,22.022199948628742,38.96859995524088,1.172155669403819,34.827899437122575,,,0.0,-1,-1,0,128,prompt
7,1569,6,-6.858033824181269,-15.22339952737093,-12.912554105122885,3.0207046815154914,89.75326539228027,,,0.0,-1,-1,0,128,prompt
7,2771,70,11.49848309075308,-7.821655283655439,-11.335670743669782,16.627651846626847,494.0522846119489,,,0.0,-1,-1,0,128,prompt
7,4063,6,-38.13503358731199,-8.40612522761027,24.705899715423584,1.1789244150002185,35.029017084803925,,,0.0,-1,-1,0,128,prompt
7,5155,8,-32.97552109989002,30.798979818820953,21.36649227142334,2.7958988692153683,83.07367971263108,,,0.0,-1,-1,0,128,prompt
7,5459,6,11.082040980287678,-26.02665678660075,-8.056777318318685,2.2726783024905184,67.52738858681522,,,0.0,-1,-1,0,128,prompt
7,6225,7,-49.85485015606473,-12.609187875475202,-8.751123768942696,1.3636438256059669,40.5175278898011,,,0.0,-1,-1,0,128,prompt
8,1401,11,-47.33833599492614,47.55968822132457,37.309209303422406,3.8091641793137696,113.18051896989549,,,0.0,-1,-1,0,128,prompt
8,1669,7,-11.005752283414541,36.631965500967844,18.391291209629603,2.3435969886614436,69.63457360894637,,,0.0,-1,-1,0,128,prompt
8,2073,8,-4.330377357843503,4.132626533508301,-17.81236445903778,2.907692274460662,86.3953626402894,,,0.0,-1,-1,0,128,prompt
8,3541,13,-27.010854220124045,-2.0485930442810067,9.697677759023813,5.680889716845193,168.79452186781657,,,0.0,-1,-1,0,128,prompt
8,3679,7,-3.6253416966730887,-8.998644828796387,-18.63008693286351,2.887997635085522,85.81018190234472,,,0.0,-1,-1,0,128,prompt
8,4107,8,-16.55309283703075,10.083885431289673,2.6511106491088867,2.670693644639085,79.35349553883185,,,0.0,-1,-1,0,128,prompt
8,5269,6,41.58118349143836,15.592900276184082,10.427666346232096,2.3285317996747468,69.18694630079473,,,0.0,-1,-1,0,128,prompt
8,5685,7,39.44492978007622,-35.800590651375906,-5.254305158342634,2.841972038886362,84.44263757542673,,,0.0,-1,-1,0,128,prompt
8,6031,7,-9.798845919838799,-11.971800191061837,0.09294652938842773,2.5543966998207135,75.89800033055549,,,0.0,-1,-1,0,128,prompt
8,6065,7,-34.63310749094769,-1.9121627807617188,52.31678662981306,1.9691378076904429,58.50838359973153,,,0.0,-1,-1,0,128,prompt
8,6357,8,-5.384689887367323,20.635420322418213,11.20513916015625,3.036454029713404,90.22122091180279,,,0.0,-1,-1,0,128,prompt
8,6391,14,-11.683001470145964,57.86369950430734,18.34126227242606,6.7607769045460895,200.8808764010955,0.20646025240421295,284.1294860839844,437.67535400390625,4,7,2,128,prompt
9,191,8,5.766496808783646,-1.1431404948234523,33.71477150917053,2.0533802837259776,61.01145427565301,0.432710200548172,79.62673950195312,79.62673950195312,4,6,1,128,prompt
9,739,6,-16.383015148629514,15.860787510871887,27.044457753499348,1.2702568973714035,37.74275092954512,,,0.0,-1,-1,0,128,prompt
9,757,9,-46.14593786794774,-19.1647334628635,7.629822307162815,2.4289014407020453,72.16919844996262,,,0.0,-1,-1,0,128,prompt
9,1149,7,9.42110871625567,-3.032538958958217,23.564350060054235,3.183446174084621,94.58875310555274,,,0.0,-1,-1,0,128,prompt
9,1421,7,-24.789876348632664,-10.669312783649989,25.879062788827078,2.557145496366507,75.97967447347776,,,0.0,-1,-1,0,128,prompt
9,1965,6,-38.27068685936613,-11.44526227315267,7.570337295532227,2.4509177678033605,72.82336277836566,,,0.0,-1,-1,0,128,prompt
9,2123,8,7.0147680660729215,12.778926610946655,-3.640729904174804,2.1746925885495925,64.61596932699544,,,0.0,-1,-1,0,128,prompt
9,3557,6,-21.824257358638707,14.632199923197428,30.139020919799805,1.6142578417541862,47.96394476067885,,,0.0,-1,-1,0,128,prompt
9,3891,7,-0.022603622540762962,-35.73724855695452,3.7761873517717635,1.6423929836389284,48.79991554321951,,,0.0,-1,-1,0,128,prompt
9,4509,6,-4.451321743593823,-33.99399979909261,-32.82713317871094,2.9347627324543946,87.19969879915652,,,0.0,-1,-1,0,128,prompt
9,5423,7,-14.583744868478119,-29.79489735194615,16.192825044904435,2.1141583970083615,62.81733558700951,,,0.0,-1,-1,0,128,prompt
9,5527,7,2.06259043260233,-25.309430258614675,41.36765193939209,2.090433703505413,62.11241109526728,,,0.0,-1,-1,0,128,prompt
10,467,7,25.000507183675847,-23.741694450378418,17.773698261805944,3.153931778539743,93.71180098492931,,,0.0,-1,-1,0,128,prompt
10,2349,6,-27.04957992529779,20.992218335469563,9.62715228398641,1.7700155895726397,52.591926622791846,,,0.0,-1,-1,0,128,prompt
10,2863,6,-9.32502620591967,-9.9534060160319,35.60300159454346,1.2531405877580368,37.23417930761012,,,0.0,-1,-1,0,128,prompt
10,3355,6,-16.23846257016631,48.69086265563965,18.65975014368693,1.8422798069019954,54.73909099672629,,,0.0,-1,-1,0,128,prompt
10,3565,7,-9.36671482394691,22.379823412214005,4.578412464686804,2.2035137889395573,65.47232475404327,0.3276478946208954,462.0979309082031,462.0979309082031,6,13,1,128,prompt
10,3935,6,-18.61586116631862,35.61979993184408,-21.88216622670491,2.034625463590182,60.45419809654581,0.5372108817100525,89.4793701171875,129.29904174804688,7,6,2,128,prompt
10,3943,7,3.5352047662602204,5.795871325901577,-8.38042150224958,2.321968418967973,68.99193059666102,,,0.0,-1,-1,0,128,prompt
10,4187,7,1.477656027704241,-17.84289084162031,-0.15107004983084543,1.8581727554633174,55.21131326950225,,,0.0,-1,-1,0,128,prompt
10,5217,6,-14.587524591944941,6.540150006612142,46.83894952138265,1.740082423694865,51.70253170858555,,,0.0,-1,-1,0,128,prompt
10,5525,7,-24.97160608478097,-24.462220328194753,35.230052539280486,2.8288703969910376,84.0533525356473,,,0.0,-1,-1,0,128,prompt
10,6451,12,-18.053333539953364,-14.950893521308899,37.32506124178568,3.2948166902160487,97.89787085956118,,,0.0,-1,-1,0,128,prompt
11,434,8,-14.313059366899854,-0.9803297519683838,18.62295436859131,1.9126277946658432,56.82931903332265,,,0.0,-1,-1,0,128,prompt
11,990,7,-44.73633232321356,-32.772011620657786,44.93464585712978,2.0364975446993845,60.509822664435,,,0.0,-1,-1,0,128,prompt
11,1474,7,30.485803404442464,18.78511619567871,15.118694714137487,3.2021238929005906,95.14371839695326,,,0.0,-1,-1,0,128,prompt
11,1508,7,-31.078365786262605,1.8567370006016322,18.008712802614486,1.575119281166733,46.80103279613846,,,0.0,-1,-1,0,128,prompt
11,2804,9,18.20696703442775,-34.79766220516629,-9.538767496744791,3.7439710278584637,111.24345499269411,,,0.0,-1,-1,0,128,prompt
11,3898,6,-18.03228415526299,10.290574630101522,38.67300001780192,1.7306533694449802,51.42236913140056,,,0.0,-1,-1,0,128,prompt
11,4194,8,-12.877204942957448,55.2379412651062,54.25666332244873,3.3995511551807915,101.0098136745016,0.26124313473701477,334.2511291503906,530.864990234375,4,15,2,128,prompt
11,4216,8,-5.356960942014302,38.15664952993393,2.3418610095977783,4.034695639869864,119.8816656120903,0.39175787568092346,226.33282470703125,323.6561279296875,4,6,2,128,prompt
11,5370,35,-17.90414872846091,38.29075742449079,-5.521460097176688,14.088464974558692,418.6062091965299,,,0.0,-1,-1,0,128,prompt
11,5766,6,-15.766193485673218,-9.971881230672201,7.865730921427409,2.6518014434218355,78.7921573980754,0.37435808777809143,182.09083557128906,182.09083557128906,6,14,1,128,prompt
11,6014,7,0.6657459082086297,-30.170994349888392,22.246026856558665,2.8295132625895985,84.07245380265704,,,0.0,-1,-1,0,128,prompt
12,147,6,-28.442823310496834,-8.664774656295776,33.887974898020424,1.652700464995503,49.10617855376261,,,0.0,-1,-1,0,128,prompt
12,755,8,-3.313236737859077,20.146987438201904,15.149603366851807,2.8053291683410704,83.35387927842683,,,0.0,-1,-1,0,128,prompt
12,1619,6,9.00792316681571,3.524106582005818,-24.832077026367188,1.8131746537765965,53.874298569736624,,,0.0,-1,-1,0,128,prompt
12,1727,10,54.34697239244559,1.4632204055786133,-1.906620407104492,3.485995572363804,103.57830994776698,,,0.0,-1,-1,0,128,prompt
12,1817,9,-23.07201819610288,1.9983789126078289,-8.018640306260851,3.522806183776556,104.67205227736252,,,0.0,-1,-1,0,128,prompt
12,3877,6,31.07831505793075,38.98686854044596,27.52795632680257,2.193414058376918,65.17223457868582,,,0.0,-1,-1,0,128,prompt
12,3997,10,18.403254918030434,-17.12632484436035,-5.725402545928955,3.6901727232559565,109.64496258124095,,,0.0,-1,-1,0,128,prompt
12,4077,6,-31.099127794216116,-3.002187430858612,-6.852754592895508,0.8858165654268702,26.31999406368595,,,0.0,-1,-1,0,128,prompt
12,5213,6,11.032637137535017,32.88549931844076,52.12280019124349,2.152401607686256,63.95364429617598,,,0.0,-1,-1,0,128,prompt
12,5643,6,-34.11110147721387,37.979981104532875,-4.4172022342681885,1.738042791373005,51.64192874325537,,,0.0,-1,-1,0,128,prompt
12,5769,8,-10.530419794190646,-33.123364210128784,52.268290519714355,2.7422184840704107,81.47869100560594,,,0.0,-1,-1,0,128,prompt
13,491,11,-18.20271735030222,32.59241862730546,-13.667814861644398,3.586670215652377,106.56962453493784,0.32628652453422546,168.8968963623047,168.8968963623047,6,6,1,128,prompt
13,1401,6,-12.576746392020143,26.677899996439617,-8.891300201416016,2.8474512442231976,84.60543951159254,0.2704460918903351,414.71484375,545.5309448242188,6,13,2,128,prompt
13,1603,7,26.77896696172862,11.698633926255363,44.13890184674944,2.632429599940274,78.21656779483553,,,0.0,-1,-1,0,128,prompt
13,1697,6,-11.48063561508725,17.200225512186687,22.211774826049805,1.8709818431421867,55.591905736190434,,,0.0,-1,-1,0,128,prompt
13,2167,7,20.185656943799106,-14.303609575544085,1.5671065194266183,2.941597060511901,87.40276507825254,,,0.0,-1,-1,0,128,prompt
13,2275,6,18.013658876304522,-31.37978744506836,37.02872403462728,2.1725678695122195,64.55283820636245,,,0.0,-1,-1,0,128,prompt
13,2627,6,5.792815125413452,22.539500554402668,13.345245997111002,1.4431462750352133,42.87975961891524,,,0.0,-1,-1,0,128,prompt
13,3405,7,6.454773783564595,13.143643379211426,3.170471123286656,2.5620577512855554,76.12563078695713,0.27370959520339966,309.9242248535156,309.9242248535156,1,5,1,128,prompt
13,3979,7,16.728641413081252,7.256716777171407,-13.278876508985247,2.409622304095546,71.59636341747307,0.43304699659347534,143.94932556152344,143.94932556152344,4,3,1,128,prompt
13,4685,7,12.590865595168363,34.727721623011995,1.0247321128845215,3.399853170807462,101.01878737155286,,,0.0,-1,-1,0,128,prompt
13,4725,7,-9.129527598026845,15.226039613996234,-7.194003513881138,1.956056688150214,58.119708334351635,,,0.0,-1,-1,0,128,prompt
13,4737,6,-33.88493737557535,-41.771974881490074,30.97816212972005,3.2892281505018106,97.73182030480264,,,0.0,-1,-1,0,128,prompt
13,4971,6,40.83744274642829,-3.4732999801635756,-8.284566481908163,2.695960471848565,80.1042409731772,,,0.0,-1,-1,0,128,prompt
13,5703,7,6.839352926356958,1.7854769059589926,-37.828369140625,2.7223063127372114,80.88704680776647,,,0.0,-1,-1,0,128,prompt
13,5737,6,-20.345276616768356,19.334088007609047,55.74389839172363,1.7983126802857567,53.43270934085935,,,0.0,-1,-1,0,128,prompt
13,5819,6,9.246992480879564,38.37719440460205,-18.873888969421387,2.2333815130767416,66.35977521802016,,,0.0,-1,-1,0,128,prompt
13,6297,6,4.866120758174365,8.092049916585287,14.242754777272543,3.6345431263166335,107.99205754609673,0.8274267911911011,50.39533996582031,50.39533996582031,4,5,1,128,prompt
13,6437,8,6.210465182577915,-24.59137988090515,-17.43242073059082,2.690723723883977,79.94864309804085,,,0.0,-1,-1,0,128,prompt
13,6529,8,-26.43075370605615,-16.894232600927353,32.859148025512695,2.6043554359148806,77.38240882859944,,,0.0,-1,-1,0,128,prompt
14,1449,7,-13.967867544664568,2.082396592412676,-15.09476443699428,1.3381620774569345,39.76039657594757,0.32573291659355164,137.85568237304688,137.85568237304688,6,12,1,128,prompt
14,1877,6,33.42422835162824,-8.424599965413412,-39.116400400797524,1.5042483605996408,44.69526701864373,,,0.0,-1,-1,0,128,prompt
14,1985,12,-32.88933421190221,-5.457053025563558,3.975375930468241,4.029112748502988,119.71578288493272,,,0.0,-1,-1,0,128,prompt
14,2683,7,-6.783528486972863,7.8901446887425015,26.925480842590332,1.3990190794829336,41.56862188418182,,,0.0,-1,-1,0,128,prompt
14,3529,9,1.0434390927836676,17.742158359951443,7.890433417426215,3.9458931304696025,117.24310407296515,,,0.0,-1,-1,0,128,prompt
14,4201,6,-27.48455326294497,-2.0738190015157056,17.04339345296224,1.4989710991641965,44.538465379258625,,,0.0,-1,-1,0,128,prompt
14,5297,20,46.90419135316453,-8.769620609283447,32.04370813369751,8.340510048181592,247.81899946798342,,,0.0,-1,-1,0,128,prompt
14,6471,7,-23.322293052375876,21.128802163260325,4.55213737487793,2.575471607313752,76.52419254885322,,,0.0,-1,-1,0,128,prompt
15,463,415,-14.574033831383641,11.491939716848982,-1.7928607245525683,178.68710552427365,5309.274786919044,0.36127910017967224,4143.26611328125,29830.8671875,4,5,30,128,prompt
15,1301,6,1.1019507709457461,3.182318369547525,-32.79480187098185,2.5018301389121707,74.33610633911215,,,0.0,-1,-1,0,128,prompt
15,1329,6,-8.00481885719543,37.17170071601868,4.72183354695638,2.1223953527828416,63.0620777103211,,,0.0,-1,-1,0,128,prompt
15,1661,14,20.582299240568204,7.634794141565051,-16.39527211870466,6.7629959390723045,200.94680988872338,,,0.0,-1,-1,0,128,prompt
15,4005,9,30.4236917262973,30.157359017266167,37.95961332321167,3.1917103005335856,94.83430254272487,,,0.0,-1,-1,0,128,prompt
15,4165,9,8.918659975412623,5.394700474209255,-23.390957832336426,3.6490903743149006,108.42429543360208,,,0.0,-1,-1,0,128,prompt
15,4225,8,-30.52660713277835,29.835970401763916,-17.51193904876709,3.2350072481177943,96.12077137596796,,,0.0,-1,-1,0,128,prompt
15,4287,11,-29.605434575288992,-18.569894920695912,41.646559715270996,3.329456102867969,98.92710103085378,,,0.0,-1,-1,0,128,prompt
15,4355,7,-29.031839924989224,-34.4664318220956,16.485785211835587,2.0775547506064873,61.729742744870315,,,0.0,-1,-1,0,128,prompt
15,4527,6,-8.197384937602976,14.484400431315102,4.7296005090077715,1.6634770974364228,49.42638130559856,,,0.0,-1,-1,0,128,prompt
15,5299,8,19.576075806415965,4.548314571380615,17.68876051902771,1.9169887590979935,56.95889502280624,,,0.0,-1,-1,0,128,prompt
15,5715,10,38.7997438516318,-4.323149847984314,13.286502695083618,3.423951148172297,101.73480313141124,,,0.0,-1,-1,0,128,prompt
15,5995,6,-24.022040275737776,-17.689812262852985,21.486425479253132,1.8495391168207744,54.95478463062966,,,0.0,-1,-1,0,128,prompt
15,6233,8,-36.48137489121385,16.99122655391693,0.35790157318115323,3.0771570413875495,91.43061692837128,,,0.0,-1,-1,0,128,prompt
15,6433,6,21.888987312994193,-7.93039337793986,9.269831816355389,2.370858201538731,70.44457760876243,,,0.0,-1,-1,0,128,prompt
16,1111,6,10.079290039997714,-27.878775278727215,38.25731213887533,2.6660229645543914,79.21471706380605,,,0.0,-1,-1,0,128,prompt
16,1291,6,9.457590615955834,-4.660318851470947,29.94965140024821,1.8812449327220568,55.89684974758077,,,0.0,-1,-1,0,128,prompt
16,1961,8,-8.031762686534506,36.87840962409973,23.609946966171265,2.8311134836681884,84.12000067740844,0.30423036217689514,101.27311706542969,101.27311706542969,6,14,1,128,prompt
16,4935,8,13.238548316567696,-26.21602487564087,-12.82395887374878,3.0456364247048824,90.4940545786124,,,0.0,-1,-1,0,128,prompt
16,4963,6,-49.81303830534163,-47.65626207987467,55.808562596639,2.1679173929594984,64.41466003264323,,,0.0,-1,-1,0,128,prompt
16,5363,7,29.421147217185275,-22.391700199672155,-11.538385391235352,1.724307269141176,51.23380941278296,,,0.0,-1,-1,0,128,prompt
17,774,7,16.738511303038695,52.73292868477957,-29.014357498713903,2.9449726419518143,87.50306268717927,0.43864426016807556,141.07164001464844,342.325927734375,1,5,3,128,prompt
17,1410,6,17.620664380558377,47.517699559529625,21.971599578857422,2.070562178129268,61.521974598198064,,,0.0,-1,-1,0,128,prompt
17,1414,6,29.54572067506264,26.16059947013855,-38.37739944458008,2.009223159036697,59.69942726571418,,,0.0,-1,-1,0,128,prompt
17,1628,6,30.112979791966414,-1.2008750438690186,15.047887007395426,2.2248867452416055,66.10737280456404,,,0.0,-1,-1,0,128,prompt
17,1680,7,-17.73971507398974,24.315739256995066,-26.305189779826573,2.0300163823021506,60.31724988754323,,,0.0,-1,-1,0,128,prompt
17,1704,7,-41.20514438690437,24.406794684273855,24.781001704079763,2.754231595491636,81.83563287555243,,,0.0,-1,-1,0,128,prompt
17,2810,10,-17.570624127212618,47.939853763580324,25.21938133239746,4.388684950394609,130.39964068193984,0.28679195046424866,278.4352111816406,278.4352111816406,4,15,1,128,prompt
17,2816,6,14.000768341013384,0.0,19.894633452097576,1.8674003962029586,55.48549130925491,,,0.0,-1,-1,0,128,prompt
17,3468,7,-9.228787114052029,25.927022661481583,-16.244290896824428,2.9963059308476323,89.02831284814948,,,0.0,-1,-1,0,128,prompt
17,4068,7,-18.53719401072175,-20.139069148472377,16.719362667628697,1.7115510373647027,50.85478743720051,,,0.0,-1,-1,0,128,prompt
17,4404,11,0.4069743609889077,-6.101788439533928,2.318286245519465,4.404852319448974,130.88001672608308,,,0.0,-1,-1,0,128,prompt
17,5796,7,31.713196852278212,4.841769695281982,-35.579698835100444,2.3001378871503433,68.34328674614753,,,0.0,-1,-1,0,128,prompt
17,5898,9,-17.127312217502205,30.622312433189816,7.276699172125922,3.101754890858921,92.16148523376806,,,0.0,-1,-1,0,128,prompt
17,6004,6,-7.018550927466014,-13.11725002527237,24.41029977798462,2.545045968665295,75.62016494328982,,,0.0,-1,-1,0,128,prompt
17,6670,7,25.489654439644678,-9.1965913772583,20.8945951461792,2.3474784116348317,69.74990113115068,,,0.0,-1,-1,0,128,prompt
18,469,8,-16.62359152442699,18.72672128677368,21.835243582725525,3.174444611202497,94.32129244736645,,,0.0,-1,-1,0,128,prompt
18,993,6,-43.591323278144436,13.731544176737467,1.1500686009724952,1.8075281890859118,53.70652690804047,,,0.0,-1,-1,0,128,prompt
18,1305,7,1.1051633596574715,9.556854384286064,3.748474529811315,2.122249189659163,63.05773481056319,,,0.0,-1,-1,0,128,prompt
18,1561,12,-45.659187764533385,24.49554047981898,25.12610363960266,2.980437682615311,88.55682448862156,,,0.0,-1,-1,0,128,prompt
18,1571,6,15.798122535316308,-7.491612593332927,10.549224535624186,2.568590285844733,76.31972996903272,,,0.0,-1,-1,0,128,prompt
18,1577,9,6.793790091909191,46.381487952338325,-2.060315238104926,3.881367901725413,115.3258858770211,,,0.0,-1,-1,0,128,prompt
18,1815,8,-30.791064547940046,-25.138701856136322,3.6673392057418814,2.7240691704674633,80.93942605512564,,,0.0,-1,-1,0,128,prompt
18,2169,7,-2.270534938262414,2.0626013619559154,27.00718014580863,1.1902037223900006,35.36415566216673,,,0.0,-1,-1,0,128,prompt
18,2891,26,-12.211146546797115,3.1784105667701135,-46.96469178566566,2.554864223223563,75.91189170905069,,,0.0,-1,-1,0,128,prompt
18,3069,8,-39.56154148007844,40.068811893463135,57.62719535827637,2.3117458186992303,68.68818963166896,,,0.0,-1,-1,0,128,prompt
18,3571,8,28.16993410160787,21.11346125602722,22.17818546295166,3.0842781828673473,91.64220520611434,,,0.0,-1,-1,0,128,prompt
18,3911,8,-18.798493004364467,1.829025149345398,-7.239891052246094,1.9526644465202243,58.018915706341936,,,0.0,-1,-1,0,128,prompt
18,3991,6,-28.364345838268463,0.21708110968271832,41.975406646728516,1.6710173323241908,49.65042197635437,,,0.0,-1,-1,0,128,prompt
18,4183,6,32.253496531381764,15.666799942652384,-15.009466807047525,1.7672162335364734,52.50875022134518,,,0.0,-1,-1,0,128,prompt
18,4469,6,21.127613071574697,3.0437564055124917,4.038464625676472,1.9934155621128893,59.22974101978666,,,0.0,-1,-1,0,128,prompt
18,4963,8,15.680021804744461,-28.155899941921234,-49.07442510128021,3.7504502162467044,111.43596911646625,,,0.0,-1,-1,0,128,prompt
18,5247,7,-33.56508173157719,-15.665480477469307,22.252683912004745,3.6473837498323607,108.37358702736707,,,0.0,-1,-1,0,128,prompt
18,5519,6,0.6302001721916556,-11.67620054880778,-29.79723326365153,2.1765712465919878,64.67178931326958,,,0.0,-1,-1,0,128,prompt
18,6059,6,-0.97157381823648,-25.791100184122723,-26.54563315709432,1.3091503096682626,38.89837887863017,,,0.0,-1,-1,0,128,prompt
18,6069,6,-42.75902571902628,-0.2956000367800395,-24.476433277130127,2.2802733091779563,67.75305667514081,,,0.0,-1,-1,0,128,prompt
18,6089,6,43.55991271424036,-29.27825617790222,2.709735234578451,2.350285668781517,69.83331229585427,,,0.0,-1,-1,0,128,prompt
19,537,6,4.855756372406243,14.927799940109253,-4.2784334023793535,2.4115988813354803,71.65509284662572,0.3190203011035919,200.6043243408203,200.6043243408203,1,4,1,128,prompt
19,539,12,-30.302468578612448,13.85394044717153,14.064932028452555,3.5567133365272676,105.67952503633624,,,0.0,-1,-1,0,128,prompt
19,797,8,-33.94700657579391,19.173586130142212,14.773123025894165,2.869815969211116,85.26995567881312,,,0.0,-1,-1,0,128,prompt
19,1001,6,-41.07603876368212,-7.223725398381551,16.05330467224121,2.1197259338527514,62.98276208998202,,,0.0,-1,-1,0,128,prompt
19,1239,8,-2.0058423494007886,8.902640998363495,11.9014151096344,2.184266608490219,64.90043922498326,,,0.0,-1,-1,0,128,prompt
19,1953,7,27.347189537460036,-9.786471503121513,-11.665071487426758,2.116683157303192,62.892353009990444,,,0.0,-1,-1,0,128,prompt
19,1993,8,-29.516197046513774,-30.459501288831234,19.551323413848877,3.264083159092676,96.98469493996946,,,0.0,-1,-1,0,128,prompt
19,2205,8,2.857351024361707,-0.1489547435194254,-30.81755805015564,2.5094480046629846,74.56245363172881,,,0.0,-1,-1,0,128,prompt
19,3137,10,46.00019570270139,-8.025539827346801,-6.5530003070831295,4.717563590162847,140.1715101459093,,,0.0,-1,-1,0,128,prompt
19,3371,8,-39.71353727627429,40.93136239051819,20.16335916519165,2.1856847012710454,64.94257457786539,,,0.0,-1,-1,0,128,prompt
19,3665,7,-36.94261625955243,-18.85637637547084,-26.204955782209122,2.3573354416157963,70.04278001907207,,,0.0,-1,-1,0,128,prompt
19,3673,6,-2.7156381912501804,-8.498499949773153,-36.96553421020508,1.0669520114114142,31.702015634640517,,,0.0,-1,-1,0,128,prompt
19,3931,9,-35.15736893961173,15.226479755507576,30.561356862386067,2.192165675923583,65.13514177635697,,,0.0,-1,-1,0,128,prompt
19,4213,6,-40.104863503704934,-6.77570645014445,10.923343539237976,1.3420475261848057,39.87584371415168,,,0.0,-1,-1,0,128,prompt
19,4355,6,37.90581017327725,-31.185799598693848,3.998366435368857,1.7594457246712167,52.27786749100609,,,0.0,-1,-1,0,128,prompt
19,4411,8,-18.261894830324767,25.945828080177307,17.787012219429016,2.722502009192358,80.89286147610613,0.22365374863147736,149.81484985351562,149.81484985351562,4,4,1,128,prompt
19,5123,6,26.3347089175346,-17.49120585123698,37.76604755719503,2.5859244501920777,76.83477464140371,,,0.0,-1,-1,0,128,prompt
19,5199,8,17.69888030336765,22.42287588119507,15.372560739517212,2.9294096741487365,87.04064503077322,0.28187358379364014,181.78529357910156,319.28472900390625,1,5,2,128,prompt
20,191,12,-11.467508529067787,3.3416655858357753,-0.06917858123779297,3.4588664486203107,102.77223067159359,,,0.0,-1,-1,0,128,prompt
20,453,6,12.400783249652855,-25.31536857287089,14.938714027404785,2.10931185508946,62.67333178361097,,,0.0,-1,-1,0,128,prompt
20,1201,7,-21.945910283994955,20.582469395228795,-0.19731521606445312,3.4991335683033067,103.9686751640348,,,0.0,-1,-1,0,128,prompt
20,1281,6,-19.773687774139763,4.078356325626373,-25.32166576385498,1.0903127866458935,32.3961271352516,,,0.0,-1,-1,0,128,prompt
20,1309,8,-43.71526630927873,14.337754905223846,-47.33310490846634,5.125465645193315,152.2913779447166,0.24950900673866272,303.9710998535156,658.422607421875,7,4,3,128,prompt
20,1585,10,2.3276277189809504,10.685939788818363,15.785040092468261,3.598618671483314,106.92464531329605,0.5356851816177368,137.48544311523438,137.48544311523438,1,15,1,128,prompt
20,1929,6,27.537369787424165,-9.496150334676107,20.864570776621502,2.7009924370662217,80.25375420179195,0.567480742931366,64.748779296875,64.748779296875,2,13,1,128,prompt
20,1967,6,-18.35908361729459,41.674981435139976,31.9634272257487,3.1357267033032294,93.17087920625036,,,0.0,-1,-1,0,128,prompt
20,2441,472,44.16860918407972,-24.620912291298982,6.915858879937964,212.61733373369896,6317.433179871687,0.3602190911769867,4479.8291015625,20877.080078125,0,1,27,128,prompt
20,2573,10,-15.514181308599706,8.299893856048584,30.182813835144042,4.5562200612976795,135.377559696474,0.3036446273326874,125.89930725097656,125.89930725097656,4,5,1,128,prompt
20,2939,6,26.913761536834958,33.550600369771324,40.668299992879234,2.3214978149086987,68.97794768357285,,,0.0,-1,-1,0,128,prompt
20,3353,11,4.2897567393177205,-13.604318532076746,-12.92541824687611,2.76716832049938,82.2200177907784,,,0.0,-1,-1,0,128,prompt
20,3927,9,-24.420684736237842,-22.27777099609375,-17.388681835598415,3.0011412294596673,89.17198258264305,,,0.0,-1,-1,0,128,prompt
20,3991,6,3.501033958452736,26.87188784281413,-5.485605239868164,3.131269936083248,93.03845665811635,,,0.0,-1,-1,0,128,prompt
20,4121,6,-44.62016327406463,-31.684624671936035,10.97562082608541,1.0915019487750415,32.43146034237541,,,0.0,-1,-1,0,128,prompt
20,4277,6,-30.32889943531653,-15.796124776204428,14.63996664683024,2.3294517737647937,69.21428120683942,,,0.0,-1,-1,0,128,prompt
20,4885,9,-5.029248789895539,-19.11854574415419,23.18367338180542,3.651624518994941,108.49959169192286,,,0.0,-1,-1,0,128,prompt
20,4889,6,7.376009025812093,21.186206261316936,-38.88231341044108,2.186958100845504,64.98041070618876,,,0.0,-1,-1,0,128,prompt
20,5111,718,-45.808743743712895,1.1623810893728872,17.537866807913712,287.8995039110213,8554.269054817965,,,0.0,-1,-1,0,128,prompt
20,5691,9,-45.059157580704415,-21.006075117323135,8.177913771735298,3.677561274148379,109.27024248838971,,,0.0,-1,-1,0,128,prompt
20,5947,6,-15.822866439067193,50.4228941599528,-6.313831329345703,2.04417119857721,60.737827572441915,,,0.0,-1,-1,0,128,prompt
20,6005,14,-10.264439407431727,60.42908532278879,-15.700657095227923,6.497376250163706,193.05453409694763,,,0.0,-1,-1,0,128,prompt
21,35,6,-11.992770822705223,15.006318092346191,2.8235270182291665,2.596532561276036,77.14997017020053,,,0.0,-1,-1,0,128,prompt
21,187,8,1.3996353243994681,-19.398749947547913,-20.469300091266632,3.3214423704031577,98.68899147280982,,,0.0,-1,-1,0,128,prompt
21,473,11,-31.88283915341942,-5.718852476640181,36.811186443675645,4.445023249886011,132.0736031771629,0.24642905592918396,198.9836883544922,198.9836883544922,5,7,1,128,prompt
21,711,7,-31.254381242279603,1.4252139500209264,-42.082957540239605,2.1767202621006323,64.67621696506116,,,0.0,-1,-1,0,128,prompt
21,1093,13,23.0142590033573,-21.875821627103367,27.165853940523586,4.6322203652155896,137.6357332574909,,,0.0,-1,-1,0,128,prompt
21,1459,6,-14.027849179192652,16.49817494551341,-0.9407539367675781,3.206579269347036,95.27609962146266,0.3516727089881897,511.7098693847656,511.7098693847656,6,14,1,128,prompt
21,1873,7,10.959759000620195,56.343470982142854,6.020899772644043,2.493586750745016,74.09117309210336,,,0.0,-1,-1,0,128,prompt
21,2031,7,-29.237845405611324,-21.64346204485212,26.377887180873326,2.2242494202422853,66.08843616366856,,,0.0,-1,-1,0,128,prompt
21,3233,6,22.152401972549654,-18.608944098154705,24.978405952453613,2.2344917610022206,66.39276367177948,,,0.0,-1,-1,0,128,prompt
21,3291,7,-7.177055450609969,37.81964499609811,18.516716275896346,1.8924614023914466,56.230121247162145,,,0.0,-1,-1,0,128,prompt
21,3359,14,19.68539667968869,21.061499731881277,-17.53427164895194,5.779514405048174,171.72492677256614,,,0.0,-1,-1,0,128,prompt
21,3883,8,14.958280947871632,19.17704999446869,35.98829960823059,2.2556982170831126,67.0228645526452,,,0.0,-1,-1,0,128,prompt
21,3889,7,-3.623197081669892,-39.15776171003069,16.512237821306503,2.5079676063871026,74.51846701491236,,,0.0,-1,-1,0,128,prompt
21,3957,6,-15.397739001449125,19.218617757161457,17.85923449198405,1.6254582780701825,48.29673986618205,,,0.0,-1,-1,0,128,prompt
21,4047,8,27.365011218507604,24.27614939212799,-5.775850057601929,2.8920964113361833,85.93196757535682,,,0.0,-1,-1,0,128,prompt
21,4335,6,-19.51825537699508,-8.951137681802114,8.433837095896402,1.8671130728560645,55.47695415937564,,,0.0,-1,-1,0,128,prompt
21,4813,8,-44.60567743238399,2.58072566986084,-33.941038727760315,2.217048932259192,65.87449028777573,,,0.0,-1,-1,0,128,prompt
21,4829,7,-2.6643394616496985,21.3940498147692,-5.561664921896798,2.150883997346424,63.90855200879466,,,0.0,-1,-1,0,128,prompt
21,5499,8,-18.563580208938912,6.626751899719238,-11.143888473510742,1.9955647035060449,59.29359779433526,,,0.0,-1,-1,0,128,prompt
21,5693,7,1.9577447596756845,14.097744362694877,-33.410205023629324,4.098837768386079,121.78750086926392,,,0.0,-1,-1,0,128,prompt
21,6057,8,-13.632627550294643,39.62887538969517,-43.31022548675537,1.8944634105179372,56.289606296393856,,,0.0,-1,-1,0,128,prompt
21,6285,6,-32.52703572174591,22.2716121673584,0.23870372772216797,2.2919615045952386,68.10034441619794,,,0.0,-1,-1,0,128,prompt
22,435,9,39.34505029397048,57.469567192925346,27.317033131917317,3.3460821846482944,99.42110666457054,,,0.0,-1,-1,0,128,prompt
22,461,10,21.606527958586486,-44.55061526298523,42.71806011199951,3.6927838943234392,109.72254750082561,,,0.0,-1,-1,0,128,prompt
22,743,8,-35.0571610504964,-59.651155948638916,63.422571659088135,4.231756796307076,125.73688289978134,,,0.0,-1,-1,0,128,prompt
22,1117,6,-22.799363786081425,-4.494043986002605,36.27734009424845,0.8548343607723234,25.39942938425414,,,0.0,-1,-1,0,128,prompt
22,1323,8,-10.42414692546878,10.683168709278105,9.78251188993454,2.9780272793793543,88.4852049216168,,,0.0,-1,-1,0,128,prompt
22,1463,10,-13.290439800577058,-4.769321298599244,23.915128707885742,3.2077265861236786,95.31018949054958,,,0.0,-1,-1,0,128,prompt
22,1555,6,-4.082468701110447,-25.74491278330485,7.33163317044576,1.9717491174554524,58.585972640392995,,,0.0,-1,-1,0,128,prompt
22,1587,7,-11.976115930432735,-28.82891845703125,-18.847828456333705,2.4000393137329783,71.31162698410822,,,0.0,-1,-1,0,128,prompt
22,1809,9,17.46971240882023,22.342433081732857,-16.84661102294922,2.977451532783008,88.46809794079316,,,0.0,-1,-1,0,128,prompt
22,1939,8,-42.539912060989366,-33.099117279052734,20.752095818519592,2.6319152033128197,78.20128368669239,,,0.0,-1,-1,0,128,prompt
22,2865,6,-16.216658051331915,7.523943821589152,30.171351591746014,1.2734600170029404,37.83792423401668,,,0.0,-1,-1,0,128,prompt
22,2885,6,-35.275714672667924,8.498499949773153,10.427666346232096,2.648538903507336,78.69521855708547,,,0.0,-1,-1,0,128,prompt
22,3029,6,-26.047272732196088,-11.84709390004476,-25.866676330566406,1.433773715221682,42.601275643471844,,,0.0,-1,-1,0,128,prompt
22,3667,6,-2.127212968730728,0.36949968338012695,-8.735732952753702,1.9813393473043233,58.87092417837877,,,0.0,-1,-1,0,128,prompt
22,3877,6,-1.2328010204650421,35.15792465209961,22.94300905863444,2.0286610937089518,60.27698061609381,,,0.0,-1,-1,0,128,prompt
22,4417,13,-18.365376761396277,-0.13643107047447792,-5.701361802908091,3.7970326808965056,112.82005950369422,,,0.0,-1,-1,0,128,prompt
22,4841,6,-36.62153778021237,2.6326872607072196,0.2664165496826172,2.0801969289267825,61.80824897338259,,,0.0,-1,-1,0,128,prompt
22,5087,6,-34.15014093419841,1.4087186654408768,6.883614699045817,1.73039784355146,51.414776769434134,,,0.0,-1,-1,0,128,prompt
22,5131,7,-21.81740804770979,-43.009800502232146,30.563735144478933,1.7680035875506073,52.532144628028064,,,0.0,-1,-1,0,128,prompt
22,5635,8,22.96475517287312,-26.271449983119965,37.989424884319305,2.290200161564128,68.04801017462658,,,0.0,-1,-1,0,128,prompt
22,5821,7,-19.920760339677006,13.895839214324951,-2.60164635522025,2.9691226878742634,88.22062554401103,,,0.0,-1,-1,0,128,prompt
22,6075,6,24.786548568104227,-0.10623117287953694,9.802664915720623,2.0302921928953213,60.32544496252633,,,0.0,-1,-1,0,128,prompt
22,6229,6,16.835343351906563,-1.9999185800552368,33.245968421300255,1.690072259814498,50.216595152611426,,,0.0,-1,-1,0,128,prompt
22,6283,7,43.96210426686004,-30.61439405168806,52.45139139039175,3.799852255502261,112.90383665325547,,,0.0,-1,-1,0,128,prompt
23,455,6,42.58873745426317,5.861193776130676,58.00246810913086,1.8896869538927372,56.14768491568438,,,0.0,-1,-1,0,128,prompt
23,841,6,-6.34490683401426,-9.436106304327646,-20.14089806874593,1.513542557815089,44.971422630409066,,,0.0,-1,-1,0,128,prompt
23,1389,8,-43.1624946373328,15.730307698249817,41.49962329864502,3.414371576367823,101.45016827260739,,,0.0,-1,-1,0,128,prompt
23,1537,8,-52.69930265260197,-18.186328411102295,44.84826850891113,2.2212113070904818,65.99816564577446,,,0.0,-1,-1,0,128,prompt
23,1647,7,-34.842888226663135,25.966612134660995,27.763512475149973,1.49657897784013,44.46738901705637,,,0.0,-1,-1,0,128,prompt
23,1739,6,-35.16292602743912,48.70933723449707,7.693366368611653,2.7197727984536724,80.8117692802223,,,0.0,-1,-1,0,128,prompt
23,2247,7,-24.543972220080313,-14.39862320465701,-23.023238045828684,1.7840448066089751,53.008772416296026,,,0.0,-1,-1,0,128,prompt
23,2369,7,39.241952250202324,15.360642978123256,16.852528708321707,3.5038386581604968,104.10847604600482,,,0.0,-1,-1,0,128,prompt
23,2607,6,-22.69206176553516,13.57912508646647,9.70419987042745,2.263816768246206,67.26408855630261,,,0.0,-1,-1,0,128,prompt
23,3107,6,-10.558624342903288,-43.98435592651367,-20.435027082761128,1.6488074230421208,48.990505800393734,,,0.0,-1,-1,0,128,prompt
23,3999,6,5.758743807372446,9.311399737993876,-16.265766461690266,2.070094837203505,61.508088641588216,,,0.0,-1,-1,0,128,prompt
23,4011,9,-5.187967144238754,2.6881123118930392,23.868229866027832,2.4826605086413323,73.76652503455799,,,0.0,-1,-1,0,128,prompt
23,4369,7,-2.157288655821351,-32.26922760690962,5.731898171561103,2.06303345101861,61.29827585446986,,,0.0,-1,-1,0,128,prompt
23,4633,10,2.6178709792896315,-2.2696542739868164,10.682286357879638,4.244123203929996,126.10432215066906,,,0.0,-1,-1,0,128,prompt
23,4689,7,13.912384726645579,2.5455909286226546,57.2575307573591,2.1734231301205535,64.57825030070887,,,0.0,-1,-1,0,128,prompt
23,5411,10,-15.60095769880807,-47.18607406616211,29.961113739013673,3.0619005610096552,90.97730583818478,,,0.0,-1,-1,0,128,prompt
23,5559,8,1.0353435751900708,-26.607463777065277,30.754102110862732,2.9632175371306144,88.04516762350679,,,0.0,-1,-1,0,128,prompt
23,6033,7,-11.567944285896775,5.958187511989048,-3.805337905883789,2.698133365123115,80.16880348004295,,,0.0,-1,-1,0,128,prompt
24,177,10,-44.65598271272749,22.322418689727783,-10.293428897857666,3.6785074879297532,109.29835704627988,,,0.0,-1,-1,0,128,prompt
24,179,6,-31.624168214259424,-39.37946140766144,28.32699994246165,0.8284537294489469,24.615589832221197,,,0.0,-1,-1,0,128,prompt
24,1593,7,0.755135534276374,5.768158844539097,9.182823181152344,2.4728800709466627,73.47592190958717,,,0.0,-1,-1,0,128,prompt
24,1653,10,9.140213573374885,11.018490040302277,-2.9698974609375,2.6702018312057407,79.33888243816148,,,0.0,-1,-1,0,128,prompt
24,1783,7,11.437200136576227,10.075473376682826,25.21648406982422,2.949826565302817,87.64728581279039,,,0.0,-1,-1,0,128,prompt
24,1945,8,-20.692882598708923,-20.233588457107544,30.93312907218933,2.3361925719640455,69.41456846213964,,,0.0,-1,-1,0,128,prompt
24,2819,9,9.12331231427614,2.919049845801459,9.824149979485405,3.001058137217771,89.16951368851892,,,0.0,-1,-1,0,128,prompt
24,3059,6,-10.484123227069425,31.14423116048177,29.20918083190918,1.3653120484876622,40.567095281128864,,,0.0,-1,-1,0,128,prompt
24,3419,6,-17.941345217797547,-3.19617509841919,-19.868391354878742,1.78067688274822,52.90870233465412,,,0.0,-1,-1,0,128,prompt
24,4445,6,-0.9445677186079532,-14.082568566004435,-15.908651987711588,2.5094829470273643,74.56349186341123,,,0.0,-1,-1,0,128,prompt
24,4607,13,-29.71173102864092,35.80454987746019,-0.2560519805321324,4.955760012031318,147.2489668725717,0.30081722140312195,574.47607421875,842.317138671875,5,6,2,128,prompt
24,4749,6,36.591397629636894,21.83283042907715,32.109756310780845,1.8736449034934055,55.671032426039076,,,0.0,-1,-1,0,128,prompt
24,4977,8,-5.436574593037333,43.57097840309143,7.842637300491333,2.8605761307318236,84.99541521138892,,,0.0,-1,-1,0,128,prompt
24,4983,7,22.325992195596086,3.2621570314679826,-9.23807157788958,3.704462861316894,110.06956104057535,,,0.0,-1,-1,0,128,prompt
24,5699,6,-16.69785599185584,8.877237717310587,14.076478481292725,1.1758679031051604,34.93819989073312,,,0.0,-1,-1,0,128,prompt
24,5989,6,18.828248200462497,-20.373306671778362,8.951343774795532,1.774449807574025,52.72367917295703,,,0.0,-1,-1,0,128,prompt
25,673,9,8.920779468663246,11.685437308417427,24.665870984395344,4.1128497221242695,122.20383372372129,0.2917305827140808,411.8423767089844,653.7501220703125,4,5,2,128,prompt
25,729,7,-7.8110110890506075,-5.4554034641810825,28.63843536376953,1.2990196706607469,38.59737033019478,,,0.0,-1,-1,0,128,prompt
25,1173,6,-8.057162084864594,-1.722794055938721,28.637926896413166,1.3659560664759036,40.58623078873732,,,0.0,-1,-1,0,128,prompt
25,1309,11,-56.82776197340059,45.9044962796298,54.78571874445135,3.7998611412409433,112.90410067246498,,,0.0,-1,-1,0,128,prompt
25,1605,6,6.769357082593463,26.27144944667816,-1.0992616017659493,1.7703010591534625,52.60040869229232,,,0.0,-1,-1,0,128,prompt
25,2029,7,31.215610253427286,0.5186196054731097,16.15845537185669,3.3672039331289145,100.0486906546675,,,0.0,-1,-1,0,128,prompt
25,2485,6,4.152046866929751,-9.727087338765461,-11.158899863560995,1.805207038927043,53.63755929015346,,,0.0,-1,-1,0,128,prompt
25,2801,8,-21.481097120075873,15.667954824864864,0.08077692985534668,2.831962901428093,84.14523916500377,,,0.0,-1,-1,0,128,prompt
25,2823,6,-41.74654880618692,-26.973500331242878,-23.449600378672283,1.9431077888360895,57.7349616877197,,,0.0,-1,-1,0,128,prompt
25,2829,10,-9.476230842624444,7.352126264572144,-7.400243663787842,3.6965416033391536,109.83419914840911,,,0.0,-1,-1,0,128,prompt
25,3283,12,-15.692090928098638,12.699253300825754,17.346657435099285,3.9007215795885197,115.90093573084947,,,0.0,-1,-1,0,128,prompt
25,3305,6,-33.50226207666835,-7.657887776692708,6.14923373858134,2.5821331675221955,76.72212543020164,,,0.0,-1,-1,0,128,prompt
25,3463,10,13.50157784164474,29.488871383666993,28.69742317199707,4.7365089872062365,140.73442887782068,0.5141168832778931,61.74156951904297,61.74156951904297,1,7,1,128,prompt
25,3669,8,-36.40685118091549,18.27639353275299,20.5951087474823,2.279038575598456,67.71636941758538,,,0.0,-1,-1,0,128,prompt
25,3885,10,-10.319892887841686,-13.038731670379638,13.92111873626709,3.5154928768818468,104.45475424798792,,,0.0,-1,-1,0,128,prompt
25,4857,7,-20.051440427382637,-6.900412559509277,38.017138072422576,2.282589197641699,67.8218679539054,,,0.0,-1,-1,0,128,prompt
25,5225,8,1.0074617106654289,34.87271702289581,24.027995347976685,2.142749371561805,63.666850384871736,,,0.0,-1,-1,0,128,prompt
25,5341,7,-2.2915051722378257,6.001735397747585,23.21596363612584,1.6033479623046232,47.639782881622494,,,0.0,-1,-1,0,128,prompt
25,5697,7,37.502566348999274,-7.062728677477155,-5.064100129263742,2.4417040780921684,72.54959926121315,,,0.0,-1,-1,0,128,prompt
26,139,7,-2.2257080479136806,-30.594599553516932,-2.5924671718052466,1.74461057718177,51.837075334824206,,,0.0,-1,-1,0,128,prompt
26,143,8,-29.81955690981982,38.911813259124756,40.19020748138428,3.4268092897721782,101.81972621015927,,,0.0,-1,-1,0,128,prompt
26,493,6,-6.560502657655831,-12.073412617047628,22.628933747609455,2.7355154450232364,81.27952567633116,,,0.0,-1,-1,0,128,prompt
26,1089,6,15.745824496576114,-1.0346000989278157,31.310713132222492,1.5160110273961762,45.044767504795445,,,0.0,-1,-1,0,128,prompt
26,1443,6,-21.13241609410954,13.597599824269613,-43.69820022583008,2.472909043174881,73.47678275245744,,,0.0,-1,-1,0,128,prompt
26,1509,7,11.77810537634501,10.8316285269601,6.4221890313284735,2.6061906275309576,77.43693731037106,0.3743208050727844,90.87361145019531,90.87361145019531,5,4,1,128,prompt
26,1703,12,13.869793550915189,18.28563153743744,14.839308222134909,3.9066014580119695,116.07564274270787,,,0.0,-1,-1,0,128,prompt
26,2719,8,3.145011389843951,35.74912476539612,4.821974873542786,1.986446370603004,59.022667584576645,0.3063211143016815,153.96852111816406,153.96852111816406,7,14,1,128,prompt
26,3619,7,-17.361875075423992,6.3224092211042136,26.323722907475062,2.0217950463495513,60.07297187117568,,,0.0,-1,-1,0,128,prompt
26,3829,7,47.31727674715223,7.69615718296596,-19.27952902657645,4.754385372075815,141.26558438112818,,,0.0,-1,-1,0,128,prompt
26,4719,6,-15.509889233459214,5.699538071950276,29.343125025431316,1.253061067203145,37.231816537919,,,0.0,-1,-1,0,128,prompt
26,4743,6,7.261596597924374,18.100881497065227,4.780405839284261,1.0844844750137428,32.22295231153897,,,0.0,-1,-1,0,128,prompt
26,5751,7,22.790155136113672,34.36349964141846,26.240586144583567,3.525027191582047,104.73804439642812,,,0.0,-1,-1,0,128,prompt
26,6143,7,6.4175361367702255,2.1496985299246654,-5.471868787493024,2.267775083197182,67.38170074609238,,,0.0,-1,-1,0,128,prompt
27,531,6,-32.96784905340595,17.763713089128334,-15.342015902201334,2.2193234304412446,65.94207174988196,,,0.0,-1,-1,0,128,prompt
27,533,6,-44.604198749243096,14.216512521107992,-0.8882711728413893,1.6637823658052988,49.435451650374475,,,0.0,-1,-1,0,128,prompt
27,1253,6,34.24326732899075,3.2515999476114907,47.91050020853678,2.7911454155642303,82.93244181218645,,,0.0,-1,-1,0,128,prompt
27,1343,8,-20.574811417758845,17.829530000686646,7.0956573486328125,2.603335451561922,77.35210234849654,,,0.0,-1,-1,0,128,prompt
27,2065,8,3.4223611169215236,-8.268717229366302,-17.246464133262634,3.451755754374366,102.56095280928382,,,0.0,-1,-1,0,128,prompt
27,2299,7,-39.733380152574235,-17.38365524155753,-11.203137806483678,2.765421715993556,82.16812147045756,,,0.0,-1,-1,0,128,prompt
27,2359,11,17.759564410796738,-31.796314586292613,24.651239568536933,2.9455702241994586,87.52081846396698,,,0.0,-1,-1,0,128,prompt
27,3763,6,38.698714906080546,24.46089967091878,-7.545567035675049,2.241413492520687,66.59842694292038,0.41314101219177246,61.559814453125,61.559814453125,0,7,1,128,prompt
27,3853,6,-24.849016326582085,6.651000022888183,-13.645258903503418,2.116989276595546,62.901448637992914,,,0.0,-1,-1,0,128,prompt
27,4019,12,-30.489912429875798,-4.410905520121257,24.54256757100423,4.307627586075559,127.99120824687094,,,0.0,-1,-1,0,128,prompt
27,4861,7,34.87982298546009,53.3663569859096,43.02644266401018,2.3574110771880363,70.04502735547337,,,0.0,-1,-1,0,128,prompt
28,1533,9,3.7411780821182226,22.73656687471602,-8.683877997928196,3.4896203127247993,103.68601073877427,,,0.0,-1,-1,0,128,prompt
28,1691,6,-13.004255952995562,-50.566075007120766,45.13925043741862,2.2490838337517496,66.82633342327696,,,0.0,-1,-1,0,128,prompt
28,2775,7,-26.65625647231015,24.73538589477539,-47.017043113708496,2.065422843476868,61.369271134725054,,,0.0,-1,-1,0,128,prompt
28,3709,10,-31.81202649411204,23.968540740013122,11.684596252441406,4.533513926133134,134.7028993141046,,,0.0,-1,-1,0,128,prompt
28,4021,39,5.674724674923291,-55.39657690586188,45.88296604156494,20.84037173870903,619.2235298551927,0.38154587149620056,106.49736022949219,106.49736022949219,1,0,1,128,prompt
28,4373,9,-9.799645150114522,28.5100040435791,-5.758531782362196,3.7694566454694742,112.0007012786765,,,0.0,-1,-1,0,128,prompt
28,4389,8,-32.800244137244235,-37.67514431476593,11.81024694442749,2.704167666515037,80.34809881387692,,,0.0,-1,-1,0,128,prompt
28,4577,6,-29.333777388107023,20.36868731180827,-18.234825293223064,2.348698424299861,69.78615099072034,,,0.0,-1,-1,0,128,prompt
28,5061,7,-13.226999085029465,-12.763585771833148,-5.386210850306919,2.669955285689022,79.33155690735776,,,0.0,-1,-1,0,128,prompt
28,5063,6,-10.300929749880966,30.359043916066486,-12.780081431070963,1.2290695652799817,36.51896444997879,,,0.0,-1,-1,0,128,prompt
28,5081,6,-27.217560805254298,26.73794428507487,25.38632615407308,2.3789442607211013,70.68483618823034,,,0.0,-1,-1,0,128,prompt
29,453,7,-17.679226546816874,-0.11876814705984932,-25.838036400931223,2.694970900320719,80.07483813995523,,,0.0,-1,-1,0,128,prompt
29,487,9,-4.461936771891812,4.51097912258572,-19.500010013580322,2.871636051555613,85.32403522346412,,,0.0,-1,-1,0,128,prompt
29,767,9,1.3045386553615386,4.4555547502305775,16.312934663560654,3.483435009724463,103.50222874077956,,,0.0,-1,-1,0,128,prompt
29,801,7,13.157046350879195,-16.81752852031163,47.910501207624165,2.262801400607532,67.2339192512056,,,0.0,-1,-1,0,128,prompt
29,1569,6,-38.23609705558612,44.695643742879234,-39.00240262349447,2.0312140474244713,60.35283574147742,,,0.0,-1,-1,0,128,prompt
29,1579,8,49.335432937763805,14.0225248336792,-15.702750205993652,2.7636611130562603,82.1158092190652,,,0.0,-1,-1,0,128,prompt
29,1905,7,-0.18789908927258128,-19.949040787560598,-27.45723819732666,2.473766999336641,73.50227493895042,,,0.0,-1,-1,0,128,prompt
29,1917,9,-10.050287449997743,-4.449396504296196,-6.009062714046902,3.5839926069137444,106.49006557334658,0.5706624388694763,68.54135131835938,122.33037567138672,7,5,2,128,prompt
29,2431,9,-27.95530900375057,-16.165624856948853,40.06576368543837,2.627150566190627,78.05971349522585,,,0.0,-1,-1,0,128,prompt
29,2747,7,-15.398238522374223,18.424853937966482,-33.70046860831125,2.8879727395580006,85.80944218922335,,,0.0,-1,-1,0,128,prompt
29,3241,6,-27.445912364219723,7.371525049209595,18.304312308629353,1.8768685715343405,55.766816279053636,,,0.0,-1,-1,0,128,prompt
29,3245,6,-15.89875789570938,4.193824867407481,0.868324279785155,1.1044479883025824,32.816122017051725,,,0.0,-1,-1,0,128,prompt
29,3547,10,-7.967822381944219,14.986920356750488,11.118255043029786,3.6980219192640553,109.87818331835632,,,0.0,-1,-1,0,128,prompt
29,3793,6,-41.657826875670146,13.024874647458395,1.7444165547688815,2.4926788179433776,74.06419596514273,0.8225719332695007,31.41675567626953,31.41675567626953,5,4,1,128,prompt
29,4067,6,-16.963059550478903,34.20646289984385,4.035316467285158,1.3291046863165625,39.49127710996401,,,0.0,-1,-1,0,128,prompt
29,4175,7,-0.5441884061153155,28.183612414768763,10.400912352970668,2.608476445234358,77.50485510591957,,,0.0,-1,-1,0,128,prompt
29,4797,6,31.313378465978342,-33.89700667063395,22.136198043823242,1.3599187363791736,40.40684546393266,,,0.0,-1,-1,0,128,prompt
29,6021,9,27.22276452375138,-1.046916855706109,50.05975781546699,3.2159517468675642,95.55458115175948,,,0.0,-1,-1,0,128,prompt
30,211,24,-33.28585436169732,-21.403287450472515,27.85819709300995,6.5521717352910125,194.68265542539956,,,0.0,-1,-1,0,128,prompt
30,435,12,-1.8893121218810645,18.535043597221375,10.965854128201803,4.251129537466161,126.31249917543627,,,0.0,-1,-1,0,128,prompt
30,1095,14,-38.555255474702115,-25.653857319482736,-30.20617130824498,6.993628466413988,207.799522953082,,,0.0,-1,-1,0,128,prompt
30,1925,8,-5.33006577918284,1.6142537593841553,42.251325368881226,3.302440750633804,98.12440221240374,,,0.0,-1,-1,0,128,prompt
30,2071,7,13.082229435925347,39.727847712380544,28.761162621634348,3.1315468327551743,93.04668400342213,,,0.0,-1,-1,0,128,prompt
30,2171,6,-32.694663232372115,-44.70949935913086,-29.13990020751953,2.578833756393383,76.62409104620686,,,0.0,-1,-1,0,128,prompt
30,2707,8,16.404412118521968,-29.593486070632935,-2.3232829570770264,2.9179415634152,86.69989659796094,,,0.0,-1,-1,0,128,prompt
30,3061,7,-1.345784219305767,15.602137429373604,-6.2465594836643765,1.7794523543528409,52.87231830058307,,,0.0,-1,-1,0,128,prompt
30,3389,6,-31.09646704007919,36.43731943766276,-3.197851816813151,2.005621324032493,59.59240705449997,,,0.0,-1,-1,0,128,prompt
30,3397,6,-21.560797510154277,-28.372981389363606,-22.060826619466145,1.6238425505224117,48.248732252500346,,,0.0,-1,-1,0,128,prompt
30,3619,6,22.62954881812833,27.513893445332844,49.66100597381592,2.6644479911574366,79.16792036562246,,,0.0,-1,-1,0,128,prompt
30,3683,8,-3.213125647333241,3.935174703598023,2.419018805027008,2.9614228803530303,87.99184354087393,,,0.0,-1,-1,0,128,prompt
30,4085,8,-15.087603847742418,5.348512411117554,31.382200062274933,3.0206007626778204,89.75017768394723,,,0.0,-1,-1,0,128,prompt
30,4213,8,-50.35555582504411,-26.30955457687378,20.19563937187195,2.920740699213516,86.78306645554835,,,0.0,-1,-1,0,128,prompt
30,4459,6,0.26075390541853344,-30.003400484720867,-37.6384007136027,2.4080707621770556,71.55026293157334,0.5006387829780579,90.05810546875,177.97030639648438,6,2,2,128,prompt
30,4627,7,23.867367542711406,23.037005356379918,16.55434880937849,2.800259942784804,83.20325894487712,,,0.0,-1,-1,0,128,prompt
30,4963,7,9.478808119062816,-7.31610015460423,-37.198899950299946,1.8634064657799883,55.366820887944044,,,0.0,-1,-1,0,128,prompt
30,5195,8,-28.40567586972336,-32.64532446861267,-39.86804962158203,2.3673936183050555,70.34163551702186,,,0.0,-1,-1,0,128,prompt
30,6099,6,-0.34589803780009376,-13.800825317700705,16.201104323069256,1.3392149975388943,39.791681665195554,,,0.0,-1,-1,0,128,prompt
30,6243,6,-4.689519202588361,-8.184424797693888,-16.561365763346355,1.80429115579443,53.61034593746368,,,0.0,-1,-1,0,128,prompt
30,6323,6,-5.822601906658618,33.92471845944723,11.365272760391235,2.080318063640544,61.81184821172555,,,0.0,-1,-1,0,128,prompt
31,405,12,-23.700288304299644,22.98289966583252,-13.727866808573404,4.005969262548853,119.0281276336084,,,0.0,-1,-1,0,128,prompt
31,739,6,13.001715126338349,-29.010368426640827,21.600423177083332,1.222158807652004,36.31362724265722,,,0.0,-1,-1,0,128,prompt
31,1245,6,-34.96833760611337,-7.722549915313721,24.68889586130778,3.1601106078988144,93.8953906336202,,,0.0,-1,-1,0,128,prompt
31,1341,7,-0.5205318427568001,-8.868000030517578,27.751635210854666,1.9236302630464335,57.15623197869468,,,0.0,-1,-1,0,128,prompt
31,1943,6,-11.320517070061792,28.04043193658193,25.432514190673828,2.311711095187665,68.6871579026926,,,0.0,-1,-1,0,128,prompt
31,2197,10,-13.077471707790673,1.6100962996482848,27.8161660194397,3.5990533990490867,106.93756223921172,,,0.0,-1,-1,0,128,prompt
31,2843,8,37.05246162619152,-29.551917139440775,49.15409851074219,3.4434614020382033,102.3145052796593,,,0.0,-1,-1,0,128,prompt
31,3425,14,-33.88107067159467,33.88644858769008,22.512624093464442,3.9143825528140295,116.30684000971823,,,0.0,-1,-1,0,128,prompt
31,3531,8,10.692860498833594,9.754799723625183,1.1234591007232666,4.070087440208914,120.93325124638929,,,0.0,-1,-1,0,128,prompt
31,3881,6,-15.957693044980992,-19.51421864827474,17.32198969523112,2.0749205289775836,61.65147293107227,,,0.0,-1,-1,0,128,prompt
31,3909,8,18.30788278479649,-16.769527196884155,14.156520128250122,1.9488054430418573,57.9042543276699,,,0.0,-1,-1,0,128,prompt
31,3915,8,-3.920243653685226,41.890908002853394,-11.196004688739777,4.044401130497326,120.17004185799723,0.22636505961418152,204.64242553710938,374.3424072265625,7,15,3,128,prompt
31,4225,6,16.671368377966314,21.87439986069997,-6.429300308227539,2.406179436262065,71.49406654871267,,,0.0,-1,-1,0,128,prompt
31,4503,7,-38.35964498020872,-47.09541348048619,35.742014339991975,1.92137996336467,57.08936951915489,,,0.0,-1,-1,0,128,prompt
31,4785,6,-42.93463549206326,-18.765981674194336,21.00628089904785,1.457408919767338,43.303541177460694,,,0.0,-1,-1,0,128,prompt
31,5645,6,12.013658297541326,31.99869950612386,20.006954828898113,1.546647869314739,45.9550705279028,,,0.0,-1,-1,0,128,prompt
32,132,6,-37.661419350939546,-14.752286593119303,18.224117279052734,2.3857187668552386,70.8861249969906,,,0.0,-1,-1,0,128,prompt
32,144,6,13.600858103956242,6.8403689066569,-3.9120810826619468,2.4002341788134376,71.31741695006855,,,0.0,-1,-1,0,128,prompt
32,196,8,7.5231923765422914,36.42115259170532,-0.5797565579414359,2.845556846853541,84.54915186754783,,,0.0,-1,-1,0,128,prompt
32,402,6,-21.056644564947074,18.66436928510666,-11.252951939900717,3.13351442047905,93.10514632986015,,,0.0,-1,-1,0,128,prompt
32,1504,6,-4.233139904366071,-32.358963330586754,-0.270829439163208,1.400664324675555,41.61750654652977,,,0.0,-1,-1,0,128,prompt
32,1536,6,29.152447548536916,34.783806482950844,10.19063949584961,1.8278401400384423,54.31004963425508,,,0.0,-1,-1,0,128,prompt
32,1706,8,-19.744988937429817,-0.0935293436050415,-11.813711047172545,3.4156705876028823,101.48876539229315,,,0.0,-1,-1,0,128,prompt
32,1814,7,-19.299335592329676,-9.917115620204381,21.747201647077286,1.9651783736256234,58.390738158057744,,,0.0,-1,-1,0,128,prompt
32,1836,6,-15.049060282032395,35.984680811564125,19.16801881790161,2.1739053182983543,64.5925774091336,,,0.0,-1,-1,0,128,prompt
32,2408,6,-31.655698705643218,26.78874985376994,4.403345743815105,2.5229822643852713,74.96459291140611,,,0.0,-1,-1,0,128,prompt
32,2818,7,-16.79968307294176,23.163690975734166,21.70761353628976,1.624512843679652,48.26864846609136,,,0.0,-1,-1,0,128,prompt
32,2860,6,3.3955955755248137,38.797499338785805,-32.0219996770223,2.993049859829583,88.93156621548215,,,0.0,-1,-1,0,128,prompt
32,3034,8,-40.98598645609688,0.19398736953735352,18.126490592956543,2.7320172589939746,81.17558515510208,,,0.0,-1,-1,0,128,prompt
32,3076,367,8.026828065839338,-35.02678764560729,34.911219789156796,165.78223324291184,4925.836301915788,,,0.0,-1,-1,0,128,prompt
32,3956,8,8.854679551755737,26.714849293231964,2.3774503469467163,3.304309514154975,98.17992820582423,0.35560765862464905,105.45721435546875,105.45721435546875,6,14,1,128,prompt
32,4466,6,-25.407376137076795,13.108012199401855,3.6842915217081704,1.3909727511266152,41.32954381447932,0.7509099245071411,43.84825134277344,43.84825134277344,7,15,1,128,prompt
32,5674,8,-35.115720235973214,-13.291607767343521,24.51406741142273,3.9903210810055447,118.56317804765338,,,0.0,-1,-1,0,128,prompt
32,6258,7,15.60765230847733,-2.347644465310233,6.911658695765904,2.1982436554512472,65.31573490515021,,,0.0,-1,-1,0,128,prompt
33,1011,6,11.244700351970343,6.8727003534634905,-20.256366729736328,2.692141212725281,79.99076050625447,,,0.0,-1,-1,0,128,prompt
33,1343,6,-18.04372428832926,-44.35847473144531,29.878899892171223,1.7257925640240463,51.27794152097077,,,0.0,-1,-1,0,128,prompt
33,1731,6,-10.788719612007343,-40.15541394551595,47.3377742767334,2.1021897922057877,62.46171612847912,,,0.0,-1,-1,0,128,prompt
33,2803,14,-13.344452374787961,1.5202285987990243,-52.62954439435686,1.0518120135166307,31.252165552504295,,,0.0,-1,-1,0,128,prompt
33,3515,6,-36.5701115965415,-3.537962277730306,15.93321673075358,1.3835895794522097,41.11016991448019,,,0.0,-1,-1,0,128,prompt
33,3881,8,-5.531707850664606,39.7812933921814,12.849465370178223,2.7612268624304193,82.04348108192904,,,0.0,-1,-1,0,128,prompt
33,3947,6,41.41002337160591,3.177699406941734,7.677833080291747,1.4114387397738963,41.93764341515039,,,0.0,-1,-1,0,128,prompt
33,4029,6,19.799896757249716,11.21894371509552,35.612239837646484,1.7916563333306164,53.23493135929642,,,0.0,-1,-1,0,128,prompt
33,4571,6,26.650466804759215,-6.650999923547111,15.97016708056132,1.5577008148684495,46.283483285932135,,,0.0,-1,-1,0,128,prompt
33,4945,10,-13.92966624181766,-25.76708221435547,-16.51400246620178,2.9726551379400026,88.32558414197506,,,0.0,-1,-1,0,128,prompt
33,5853,6,6.260634556702015,-43.0790810585022,48.04444440205892,1.881084464255236,55.89208179757961,,,0.0,-1,-1,0,128,prompt
33,6077,8,-53.483559934460274,-7.316099643707275,-30.008225440979004,3.401790655486305,101.07635525550978,,,0.0,-1,-1,0,128,prompt
34,418,6,19.457058031845833,-23.05680028597514,-21.52043342590332,2.9282774117726786,87.00700246844204,,,0.0,-1,-1,0,128,prompt
34,910,8,-33.29082046511549,42.17842507362366,-14.378375172615051,2.5492971495092913,75.74647896692036,,,0.0,-1,-1,0,128,prompt
34,1478,6,7.615551636685978,-25.089049975077316,36.1603995958964,2.6458896722607066,78.616502767151,,,0.0,-1,-1,0,128,prompt
34,1556,7,11.92331944179685,29.85823883329119,4.065189361572265,2.0922284456853375,62.1657377154335,,,0.0,-1,-1,0,128,prompt
34,1768,7,-11.831004659963515,1.6983799253191252,15.620041029793876,2.062474621494316,61.28167152538403,,,0.0,-1,-1,0,128,prompt
34,1928,6,39.642764138949495,-2.2170006434122698,33.19663302103678,2.187232355753924,64.98855955759129,,,0.0,-1,-1,0,128,prompt
34,2258,6,-58.19441383665164,54.96312586466471,57.295799255371094,2.1508406760889116,63.907264817648,,,0.0,-1,-1,0,128,prompt
34,2388,6,-13.270406105238683,-0.04156827926635742,3.4103145599365234,1.6815941575719215,49.96468791876059,,,0.0,-1,-1,0,128,prompt
34,2706,16,-3.082345505511247,0.7776818424463277,-13.45685738325119,6.823781649692998,202.75291693744697,,,0.0,-1,-1,0,128,prompt
34,2922,7,-46.93487545578033,23.19536236354283,-9.308247906821114,2.3066841868010943,68.53779492613835,,,0.0,-1,-1,0,128,prompt
34,3094,11,45.67250294213548,-9.0897001136433,28.835827567360617,2.302636659571599,68.41753199946618,,,0.0,-1,-1,0,128,prompt
34,3634,9,-36.155111765131586,17.08629560470581,-2.205173598395454,2.291220041360905,68.07831354808395,0.26417580246925354,254.89486694335938,504.83721923828125,5,7,3,128,prompt
34,4034,8,43.72858137719559,-15.851550340652466,40.261850118637085,2.9649058578959915,88.09533217704603,,,0.0,-1,-1,0,128,prompt
34,4314,6,-4.931647829048426,4.19844400882721,26.208465099334717,1.3870607908106116,41.213308945643945,,,0.0,-1,-1,0,128,prompt
34,4988,7,-17.32120379490139,-14.636158534458705,-13.523069517953056,1.296291068274629,38.51629621010292,,,0.0,-1,-1,0,128,prompt
34,5322,6,15.205292848521296,36.43270015716553,-16.191866397857666,1.1186463110469738,33.23799239623863,,,0.0,-1,-1,0,128,prompt
34,5570,8,-32.07751657867823,-32.89473795890808,2.8948534727096558,1.6921533928371717,50.278431215449245,,,0.0,-1,-1,0,128,prompt
35,881,11,-17.25086853817709,3.282671711661599,22.97176957130432,3.7763057473187316,112.2042065268846,,,0.0,-1,-1,0,128,prompt
35,1009,7,17.11600968023933,17.102571487426758,9.593113490513392,1.995270908088908,59.28486834183144,,,0.0,-1,-1,0,128,prompt
35,1757,11,-23.335996974165194,42.09276840903542,34.61353835192594,4.32100045120752,128.38855205892537,0.673289954662323,54.41334533691406,97.93115997314453,4,15,2,128,prompt
35,2089,6,9.780812279852219,-14.950893700122833,47.52714316050211,3.112518727442107,92.48130778623458,,,0.0,-1,-1,0,128,prompt
35,2159,10,-14.819724478862591,8.552077150344848,-8.93828706741333,3.3739461486676348,100.24902002293767,,,0.0,-1,-1,0,128,prompt
35,2751,6,-3.467834495481043,-15.925450007120768,12.016516526540121,2.0740195375096584,61.62470204981673,,,0.0,-1,-1,0,128,prompt
35,3943,6,-13.32580864530405,25.72643756866455,5.06214968363444,2.166159748731827,64.36243569247627,,,0.0,-1,-1,0,128,prompt
35,4051,6,58.45516774207018,-16.03630002339681,-9.680899779001871,2.543185059056244,75.56487231073483,,,0.0,-1,-1,0,128,prompt
35,5413,10,-45.22355754837726,-37.58646402359009,35.84724807739258,3.5119069657859248,104.34820717894307,,,0.0,-1,-1,0,128,prompt
35,5485,8,-29.67983342593459,23.18150606751442,39.61060631275177,3.082051740694058,91.57605161735651,0.25996044278144836,125.83425903320312,125.83425903320312,4,15,1,128,prompt
35,5593,8,-18.44128676148245,6.9073406755924225,23.631834149360657,2.0764764914383025,61.69770476317817,,,0.0,-1,-1,0,128,prompt
36,165,6,15.618581594813804,21.28320010503133,-22.768966754277546,3.152007468536741,93.65462455604722,,,0.0,-1,-1,0,128,prompt
36,917,7,18.16129303719398,-6.5797392300197055,17.586367879595077,2.8445065811598282,84.51794564731819,,,0.0,-1,-1,0,128,prompt
36,2749,6,-46.26943228069811,14.775381366411844,33.218255837758385,2.394108842243666,71.13541671610727,,,0.0,-1,-1,0,128,prompt
36,3291,7,-9.416889044814615,37.827561787196565,27.061344146728516,3.177141807271149,94.4014334012459,,,0.0,-1,-1,0,128,prompt
36,3321,10,-26.455716394886217,-21.801423096656798,-13.70383129119873,3.871865703725528,115.04355000217956,,,0.0,-1,-1,0,128,prompt
36,4089,8,9.984079737270111,19.866398572921753,33.288692116737366,2.1433473155966984,63.68461691133224,,,0.0,-1,-1,0,128,prompt
36,4475,9,-23.173362432859527,9.921075450049507,-2.078928311665853,4.657512746260825,138.3872379650669,,,0.0,-1,-1,0,128,prompt
36,6277,6,-26.021611784446907,18.789074818293255,2.27872101465861,1.7325532797823302,51.47882058055188,,,0.0,-1,-1,0,128,prompt
37,717,6,-47.696866911417885,33.47669982910156,-10.917253653208414,2.611528553143119,77.59554144570552,,,0.0,-1,-1,0,128,prompt
37,1045,7,-28.03441140913151,-19.925287561757223,38.34968730381557,1.7782360976064555,52.83618003946424,,,0.0,-1,-1,0,128,prompt
37,1129,8,7.685875945966656,0.5369299054145804,30.24142098426819,2.624397991774794,77.97792710161775,,,0.0,-1,-1,0,128,prompt
37,1883,7,-15.751777448218933,24.54535678454808,-22.00327137538365,2.742562043034993,81.48889906702773,,,0.0,-1,-1,0,128,prompt
37,2511,7,-21.128652833980368,-22.641112872532435,12.571665831974574,1.3912587388279625,41.33804127873495,0.31726813316345215,85.2249755859375,85.2249755859375,4,1,1,128,prompt
37,2759,6,-23.962113343917135,24.830400149027508,43.07005023956299,1.4028175843210138,41.681485685437316,,,0.0,-1,-1,0,128,prompt
37,2849,6,-0.3064600225562657,0.8406128883361811,19.03701623280843,2.614548936169508,77.68528515385836,,,0.0,-1,-1,0,128,prompt
37,3451,6,17.820220940827664,4.507900198300679,2.8743338584899902,2.331011835477545,69.2606348387551,,,0.0,-1,-1,0,128,prompt
37,3651,8,0.9857755160335415,11.711995601654053,23.322429656982422,4.045490347210021,120.20240541782566,,,0.0,-1,-1,0,128,prompt
37,3753,7,16.354170986628816,-16.172222825033323,-9.573319843837194,2.653394855198113,78.83950195012994,,,0.0,-1,-1,0,128,prompt
37,5049,7,24.697928516411658,-32.46717289515904,24.638480050223215,2.2662885713221685,67.33753247779282,,,0.0,-1,-1,0,128,prompt
37,6433,9,-13.489835582647736,-5.237662341859606,-21.778593010372585,4.318333118998366,128.30929844068106,,,0.0,-1,-1,0,128,prompt
37,6453,9,-27.344232320177657,1.7797586123148588,-14.565085940890842,3.1294560280508184,92.98456056889316,,,0.0,-1,-1,0,128,prompt
38,721,6,-33.947878430863234,44.74644978841146,18.821612517038982,1.7245951956496544,51.24236448421616,,,0.0,-1,-1,0,128,prompt
38,953,7,23.25050408817024,-17.55388913835798,-5.378292901175363,1.964617006212177,58.374058421455246,,,0.0,-1,-1,0,128,prompt
38,1069,6,-48.34343016669036,-13.094156265258789,-31.83410135904948,1.7081445315525872,50.75357098195214,,,0.0,-1,-1,0,128,prompt
38,1355,6,-4.328528495036042,-21.15849334994952,-9.879506429036459,1.5240320950825323,45.283095012012,,,0.0,-1,-1,0,128,prompt
38,1659,7,-22.250389242929423,25.784502029418945,25.484429495675222,2.002998343994074,59.514471258608545,,,0.0,-1,-1,0,128,prompt
38,1719,8,13.231907728457632,-7.614008903503418,31.864962458610535,1.6383468619067973,48.67969437765649,,,0.0,-1,-1,0,128,prompt
38,1957,6,22.065588868580203,38.12778123219808,11.159106492996216,2.0169884514673675,59.93015500174329,,,0.0,-1,-1,0,128,prompt
38,2047,7,-10.34095652104105,-9.980458395821708,-6.110694817134311,1.911000840856924,56.78097785721017,,,0.0,-1,-1,0,128,prompt
38,2457,7,-53.15950679412409,48.88484982081822,30.39746148245675,2.432563781286982,72.27801644481265,,,0.0,-1,-1,0,128,prompt
38,3173,7,-38.516262277675935,-2.41098758152553,37.68458785329546,1.9659299156728844,58.41306849482785,,,0.0,-1,-1,0,128,prompt
38,5633,8,-15.182528132285007,-2.047260880470276,3.474454641342163,3.3110465035889334,98.38010229245745,,,0.0,-1,-1,0,128,prompt
38,5673,7,-18.269913965213963,29.80281366620745,-36.44544356209891,4.190922195729854,124.52357702277106,0.4766979515552521,128.11558532714844,128.11558532714844,2,15,1,128,prompt
38,6051,8,-2.5732368718675502,-8.09551477432251,26.64682650566101,2.4642625361418204,73.21987175907125,0.35746970772743225,317.8258972167969,317.8258972167969,7,15,1,128,prompt
39,519,9,-6.166513303961192,-7.07284582985772,-7.272501839531793,2.893571309305476,85.97579076326213,,,0.0,-1,-1,0,128,prompt
39,521,10,-3.2174468210703075,22.70485076904297,39.93207139968872,4.360170336502405,129.55239476482447,,,0.0,-1,-1,0,128,prompt
39,1137,7,-33.62199509667152,-11.611537660871234,46.44173812866211,2.271297867217454,67.48637213983235,,,0.0,-1,-1,0,128,prompt
39,1221,13,-13.88633199054944,-9.113148835989145,-4.975798863631028,4.235726590168092,125.85483615888037,,,0.0,-1,-1,0,128,prompt
39,1665,11,22.602686128466452,3.2045725042169746,-4.512499722567472,3.003113567008419,89.23058603916085,,,0.0,-1,-1,0,128,prompt
39,1991,6,-21.821995162761073,1.214731216430664,-36.72997792561849,1.0692266094327547,31.769600063240695,0.3914954960346222,75.2162094116211,75.2162094116211,6,2,1,128,prompt
39,2695,7,-20.150699943407812,-9.374743325369698,5.925885745457241,1.8649686198223367,55.413236688602915,,,0.0,-1,-1,0,128,prompt
39,3135,10,-14.71201764433415,-29.475015068054198,-13.170744895935059,3.4729154455656537,103.18966417942593,,,0.0,-1,-1,0,128,prompt
39,3473,7,-38.36805899484359,5.81566630090986,-15.249162878308978,3.6032825249788822,107.06322095198726,,,0.0,-1,-1,0,128,prompt
39,3749,8,3.599910401648132,-13.44056236743927,52.65626573562622,2.3690723722306,70.39151581400347,,,0.0,-1,-1,0,128,prompt
39,4005,9,-19.222212641306886,29.63389958275689,-10.950144449869791,3.1093128964698673,92.38605392053398,,,0.0,-1,-1,0,128,prompt
39,4097,11,-15.904584143713674,15.176373134959828,-25.244081583890047,3.6224178299327674,107.6317823589986,,,0.0,-1,-1,0,128,prompt
39,4295,9,-5.962286573910158,-29.42143800523546,-0.4448705249362522,2.2266248958281123,66.15901793619082,,,0.0,-1,-1,0,128,prompt
39,4397,6,37.82019274408567,-46.852599461873375,-11.298933982849121,2.835711887217998,84.2566316220726,,,0.0,-1,-1,0,128,prompt
39,4957,6,6.394190749287209,30.68235683441162,15.9363644917806,2.0534374303878176,61.01315225676906,,,0.0,-1,-1,0,128,prompt
39,5705,20,2.239155806445217,43.58344841003418,7.101072478294372,7.956469104790086,236.40810951086706,,,0.0,-1,-1,0,128,prompt
39,6181,6,11.908099987133694,-36.91305033365885,-22.47336705525716,1.8265434847389947,54.271522515756615,,,0.0,-1,-1,0,128,prompt
40,1451,6,-16.692061186771966,-53.42508093516032,31.686302344004314,2.091408054480745,62.14136168491259,,,0.0,-1,-1,0,128,prompt
40,1633,7,25.697940566669864,-3.0721287727355957,-33.20830045427595,2.25358704130154,66.9601358385896,,,0.0,-1,-1,0,128,prompt
40,1703,6,-48.61748784279353,30.1973876953125,1.6180332501729329,1.4548311120611286,43.22694757312675,,,0.0,-1,-1,0,128,prompt
40,2595,7,-7.581413106684906,2.763332026345389,-18.743635450090682,2.607248288458163,77.4683632628898,,,0.0,-1,-1,0,128,prompt
40,2981,6,-21.13246128303852,-6.05979988972346,16.80930805206299,2.7656208294135274,82.1740376660179,,,0.0,-1,-1,0,128,prompt
40,2991,6,-8.403060122664685,13.482131399214268,36.9793898264567,2.423619830690527,72.01226760267946,0.22922106087207794,174.61111450195312,174.61111450195312,6,14,1,128,prompt
40,3425,6,-4.434560102253703,-32.806981563568115,-19.679022947947185,1.2260083138797542,36.42800643245447,,,0.0,-1,-1,0,128,prompt
40,3869,7,-2.19258727757775,19.921328408377512,-11.538385118756976,2.0637357509023624,61.319143074041875,,,0.0,-1,-1,0,128,prompt
40,3929,8,-26.481984520424177,9.799832582473755,14.196985960006714,2.162600571765405,64.25668296636563,,,0.0,-1,-1,0,128,prompt
40,3965,7,-18.8442952374244,-9.568730763026645,-17.854137011936732,1.9384571226101492,57.59677787829866,,,0.0,-1,-1,0,128,prompt
40,3999,13,27.270223677778674,6.186282524695764,13.131217259627123,4.90234156068107,145.66176092350221,,,0.0,-1,-1,0,128,prompt
40,4001,7,-20.675654299095676,34.88607885156359,-8.475435870034355,2.449821531762498,72.79079065540701,,,0.0,-1,-1,0,128,prompt
40,4743,8,-35.266430411781414,36.466185569763184,28.765729427337646,2.561975576398888,76.12318914992562,,,0.0,-1,-1,0,128,prompt
40,4955,7,12.134330631572828,8.21081815447126,14.523417745317731,2.947119055416823,87.56683840764123,,,0.0,-1,-1,0,128,prompt
40,5315,6,-14.850420765761397,31.167325496673584,25.760445594787598,1.196884610393418,35.5626628243187,,,0.0,-1,-1,0,128,prompt
40,5433,6,22.886770114340624,20.691999753316242,19.229533354441326,1.6376551440055362,48.65914157726247,,,0.0,-1,-1,0,128,prompt
40,5475,7,-22.125803790087897,-18.686143560068945,-2.522467613220215,4.3302174115864425,128.66241275641815,,,0.0,-1,-1,0,128,prompt
40,5805,6,1.5827501532103803,4.290818492571513,19.428139289220173,1.2329775496780586,36.63508118359258,,,0.0,-1,-1,0,128,prompt
40,6073,6,-18.410509800965457,19.948380788167317,-0.3186941146850586,1.2890711267036497,38.30177231576057,,,0.0,-1,-1,0,128,prompt
40,6561,10,19.68280271759057,9.21717700958252,39.779652786254886,3.6432689002364245,108.25132377201032,,,0.0,-1,-1,0,128,prompt
41,29,6,-15.953363319256175,-29.282874425252277,-32.63461716969808,2.093617652623409,62.20701479218998,,,0.0,-1,-1,0,128,prompt
41,709,8,-18.626130525621107,37.49847620725632,34.02307343482971,2.415283976135317,71.76458693043651,,,0.0,-1,-1,0,128,prompt
41,1263,13,-32.639802523913836,11.980326813000898,32.08947317416851,3.7041960797929376,110.06163424353757,,,0.0,-1,-1,0,128,prompt
41,1929,8,-0.9798227109221953,-8.16825920343399,-1.8082404732704163,2.0212181249299137,60.05582998319037,,,0.0,-1,-1,0,128,prompt
41,2727,7,-27.403458393191844,4.972414289202008,6.556793349129814,1.6299023927974954,48.42878647470855,,,0.0,-1,-1,0,128,prompt
41,2809,7,-7.771048379505445,15.86738555771964,29.09227521078927,2.6177996058977233,77.78187129966882,,,0.0,-1,-1,0,128,prompt
41,3325,7,-2.1649806943583263,-31.323043278285436,14.452156475612096,2.263063337252803,67.24170209385912,,,0.0,-1,-1,0,128,prompt
41,3485,6,52.72390333113628,-31.40749994913737,-36.45599921544393,1.946847307354327,57.846072846668974,,,0.0,-1,-1,0,128,prompt
41,3819,6,-13.158699620416856,-13.246575355529785,28.29004955291748,1.346957349125764,40.021727767017055,,,0.0,-1,-1,0,128,prompt
41,3851,11,4.603869491731046,17.89723621715199,36.11081630533392,3.2894497219375065,97.73840378844908,,,0.0,-1,-1,0,128,prompt
41,3889,9,-32.01084941918269,-45.23603769143423,25.11739052666558,2.421088907860809,71.93706707420243,,,0.0,-1,-1,0,128,prompt
41,3891,6,-11.19946753164264,17.061662515004475,17.057249546051025,1.3041912816003005,38.75103280902091,,,0.0,-1,-1,0,128,prompt
41,4185,6,-37.04372583291394,-16.641356547673542,-2.9883313973744716,1.4286142125906047,42.447972935076365,,,0.0,-1,-1,0,128,prompt
41,4435,7,-24.286600797897652,2.834592819213867,37.095967701503206,2.1777199848012856,64.70592141694601,,,0.0,-1,-1,0,128,prompt
41,5283,9,10.12073960858931,-27.115142186482746,14.004677878485786,1.8771828868595108,55.77615543324818,,,0.0,-1,-1,0,128,prompt
41,6279,10,15.268160447880202,5.0270473718643185,5.748455047607421,3.913422183623927,116.27830485653979,,,0.0,-1,-1,0,128,prompt
41,6303,7,19.841279336934395,-9.976500374930245,21.799928665161133,2.2702268114926665,67.45454819182943,,,0.0,-1,-1,0,128,prompt
42,569,6,9.591898736130629,-19.218618909517925,25.369322697321575,2.7005979576335655,80.24203315622675,,,0.0,-1,-1,0,128,prompt
42,695,9,-21.546489031647248,15.485129806730482,4.328817367553711,2.5481425738121155,75.71217341576924,,,0.0,-1,-1,0,128,prompt
42,1161,6,-3.8957426147157475,27.09820572535197,20.49968910217285,1.1601135503171254,34.470095671369734,,,0.0,-1,-1,0,128,prompt
42,1457,10,16.60005297455064,-7.784441328048706,21.1447612285614,5.563534491973128,165.3075823111073,,,0.0,-1,-1,0,128,prompt
42,1559,7,-14.732289772675573,24.13758795601981,-4.2037522452218195,1.6046488485441475,47.67843571273692,,,0.0,-1,-1,0,128,prompt
42,1641,6,25.770509113027035,-5.394700050354004,50.12750109036764,1.6925286779576205,50.28958194634311,,,0.0,-1,-1,0,128,prompt
42,1759,6,-35.17940903799967,-3.6765246391296387,19.42499033610026,1.9326372165219339,57.423852805917306,,,0.0,-1,-1,0,128,prompt
42,1965,8,7.330575323077539,16.68292498588562,-35.046074628829956,3.355553262836083,99.70251788604526,0.35379013419151306,102.39110565185547,161.6143798828125,3,14,2,128,prompt
42,2007,10,-18.38228901416424,37.75828161239624,15.564346313476562,4.019547765987877,119.43158151317846,,,0.0,-1,-1,0,128,prompt
42,3107,9,1.93244650572291,1.265537409318818,21.742623647054035,3.359960649577757,99.83347320727624,,,0.0,-1,-1,0,128,prompt
42,4115,8,26.578515506265205,-8.64283600449562,-0.7677642107009888,1.9516671833822143,57.98928433468238,,,0.0,-1,-1,0,128,prompt
43,33,6,-36.9607239689303,-18.719793637593586,4.1585516929626465,2.0512155769638576,60.94713501210305,,,0.0,-1,-1,0,128,prompt
43,437,10,-10.94496712620639,-31.916486072540284,6.264030838012696,3.292331929842564,97.824041941891,,,0.0,-1,-1,0,128,prompt
43,1351,6,-8.675328899700231,-3.1315128008524575,34.774775425593056,1.4070501590034352,41.80724686993464,,,0.0,-1,-1,0,128,prompt
43,1471,9,-7.683408867513957,-5.274612267812093,-0.8010733922322592,2.2705143555678107,67.46309190013906,,,0.0,-1,-1,0,128,prompt
43,1719,7,8.610390317452906,11.484851666859218,-6.704533985682896,3.0600505482671467,90.92233698086036,,,0.0,-1,-1,0,128,prompt
43,2055,8,26.502684013362877,-16.61710822582245,7.056295573711395,2.967789917407341,88.18102534669396,,,0.0,-1,-1,0,128,prompt
43,2127,6,-25.666386332356694,15.167974948883057,3.4193455378214517,1.9386379136948912,57.60214966797036,,,0.0,-1,-1,0,128,prompt
43,2981,6,-9.768778922496205,-41.25467538833618,20.761487086613972,2.1486507330064217,63.84219571510399,,,0.0,-1,-1,0,128,prompt
43,3141,8,17.343691788304643,-7.562048494815827,10.133486151695251,3.2341409295473165,96.09503071980711,,,0.0,-1,-1,0,128,prompt
43,3539,7,2.415343320734219,55.147875104631694,16.587457180023193,3.303969458192546,98.16982422802366,,,0.0,-1,-1,0,128,prompt
43,4459,6,-18.419762476704836,-19.592737515767414,29.361599763234455,1.2696031270725971,37.72332565454441,,,0.0,-1,-1,0,128,prompt
43,4653,6,10.325469761403028,3.4594434102376304,27.549372673034668,1.5698781878895824,46.64530581007183,,,0.0,-1,-1,0,128,prompt
43,4933,6,15.230510049082213,-8.600112756093344,27.691083431243896,2.521230496038116,74.9125431594624,,,0.0,-1,-1,0,128,prompt
43,5191,6,-10.672758140011439,0.018474876880645752,18.138037363688152,2.0830746406687886,61.8937535337202,,,0.0,-1,-1,0,128,prompt
43,5231,6,11.769387402683337,26.93654998143514,18.713704427083332,1.699240796324472,50.48901704663969,,,0.0,-1,-1,0,128,prompt
43,6069,7,-28.71448845359634,-9.216385909489222,1.1818278176443917,1.915134292558839,56.90379383119742,,,0.0,-1,-1,0,128,prompt
43,6439,12,-38.03771678218463,16.084796905517578,44.52800095081329,3.1725042378744397,94.26363873386747,0.5795211791992188,93.42398071289062,93.42398071289062,4,7,1,128,prompt
43,6479,6,0.7960387837502486,17.491206467151642,1.260918299357095,1.5624189433302267,46.42367157993388,,,0.0,-1,-1,0,128,prompt
43,6759,8,-4.691873650625379,-0.2805887460708618,-13.395529389381409,2.658565551917727,78.99313726502132,,,0.0,-1,-1,0,128,prompt
43,6777,6,-59.40505696895196,38.68203067779541,34.476027170817055,1.9743695286345924,58.66383210856194,,,0.0,-1,-1,0,128,prompt
44,217,6,20.978092354167966,-5.260756174723308,27.53719385464986,1.4801380522694316,43.97888487261902,,,0.0,-1,-1,0,128,prompt
44,323,6,4.142395632931088,-17.149418512980144,9.656335035959879,1.6946136924724748,50.35153333875947,,,0.0,-1,-1,0,128,prompt
45,431,8,-23.904012680439468,-1.510331630706787,1.2124215364456177,2.681905693222731,79.6866356760578,,,0.0,-1,-1,0,128,prompt
45,1251,7,6.543718993284615,12.419159071786064,5.106387070247105,3.2489005310746903,96.5335782021469,,,0.0,-1,-1,0,128,prompt
45,1399,9,-5.308853703952163,-17.7544752491845,-17.891567601097954,3.2783965082753315,97.4099830641957,,,0.0,-1,-1,0,128,prompt
45,1445,6,14.005691291027942,-17.431162516276043,42.01844549179077,2.397654213016598,71.24075922305414,,,0.0,-1,-1,0,128,prompt
45,1643,9,4.141483802035198,14.95243305630154,-6.160922156439887,2.8409557256658617,84.41244017454892,,,0.0,-1,-1,0,128,prompt
45,1727,6,-10.435357797535476,-7.117493629455566,39.508993784586586,2.045489193883129,60.77698875996275,,,0.0,-1,-1,0,128,prompt
45,2683,8,16.78562120254936,33.421274453401566,-10.702850103378296,3.0273951530263448,89.95205730622925,,,0.0,-1,-1,0,128,prompt
45,2969,9,-19.97757098473441,25.871157540215385,7.475863880581326,3.1180533234477386,92.64575552823737,0.31415310502052307,374.5201721191406,526.0538330078125,5,7,2,128,prompt
45,3477,7,5.420854925257635,-13.903756550380162,-28.717613901410783,2.5939061251761286,77.07193168542136,,,0.0,-1,-1,0,128,prompt
45,4251,8,29.240510074647695,-25.91465187072754,-19.98779582977295,2.860660027356776,84.99790800589841,,,0.0,-1,-1,0,128,prompt
45,4503,6,-45.51504851914035,32.723843574523926,18.04251456260681,2.2098222933488088,65.65976739745582,,,0.0,-1,-1,0,128,prompt
45,4619,13,-19.236643728969014,-3.6367329817551832,17.378982690664436,4.303671804930328,127.87367134326884,,,0.0,-1,-1,0,128,prompt
45,5749,6,-16.777280057704267,34.857706705729164,-2.7296820481618247,1.7527959450872364,52.08028464371439,0.46561726927757263,101.78319549560547,101.78319549560547,7,6,1,128,prompt
45,5845,12,-20.785070958315682,-10.080421924591066,-6.473913590113322,3.770764305844683,112.03955538759264,,,0.0,-1,-1,0,128,prompt
46,1309,10,0.5739606455783788,17.184521293640138,35.19411668777466,3.6187119093119513,107.52166948400021,,,0.0,-1,-1,0,128,prompt
46,1633,23,-22.140109162206755,-29.57044278020444,-6.608912975891776,8.859612334295427,263.2429253937511,,,0.0,-1,-1,0,128,prompt
46,1859,6,11.668158818000515,5.177618980407715,17.960847854614258,2.7574151625881567,81.93022522158897,,,0.0,-1,-1,0,128,prompt
46,2123,7,9.714564797907544,4.410247257777622,-15.948632035936628,1.8630407479721927,55.35595442765662,,,0.0,-1,-1,0,128,prompt
46,2915,11,-35.209893135789386,-41.77785387906161,22.195819681340996,4.155266845957273,123.46416062553905,,,0.0,-1,-1,0,128,prompt
46,3625,10,-4.022704320454958,43.05414009094238,-12.566859722137451,5.289146212594529,157.15476809848354,,,0.0,-1,-1,0,128,prompt
46,4161,6,-19.19011076308413,19.929906129837036,38.751519203186035,1.8325749386491574,54.4507332432444,,,0.0,-1,-1,0,128,prompt
46,4215,7,-42.11284165532924,25.875557013920375,14.522156851632255,2.1314904446750362,63.33231736710138,,,0.0,-1,-1,0,128,prompt
46,4299,6,19.73643721622283,8.558544238408407,11.845623016357422,1.8656088572423852,55.432259865356116,,,0.0,-1,-1,0,128,prompt
46,4409,6,7.3538059487184135,36.34956296284994,22.739782730738323,1.698036662336773,50.45323898530615,,,0.0,-1,-1,0,128,prompt
46,4493,6,-30.196215097800646,-0.06466229756673177,30.65484956900279,2.3216504391572124,68.98248256073775,,,0.0,-1,-1,0,128,prompt
46,5063,7,44.8876022901618,24.355328151157924,8.757957594735283,2.313244194773841,68.73271041726738,,,0.0,-1,-1,0,128,prompt
46,5763,9,-9.17081040588094,-14.44129138522678,-10.427666611141628,3.140192667484482,93.30357502085454,,,0.0,-1,-1,0,128,prompt
47,705,8,-17.302416639733757,51.04642581939697,15.730462312698364,3.862843653740468,114.77548061703021,0.29360508918762207,227.05870056152344,404.98419189453125,4,7,2,128,prompt
47,755,6,-26.999822713214808,33.31504503885905,-45.28390248616537,2.2384951779179496,66.51171596232022,,,0.0,-1,-1,0,128,prompt
47,1147,6,-23.392786697166184,12.479862848917643,39.45818758010864,1.8669447279930165,55.47195218044567,,,0.0,-1,-1,0,128,prompt
47,1197,8,1.8787800421304341,26.71485024690628,-20.087149918079376,2.831796445877579,84.14029332263374,,,0.0,-1,-1,0,128,prompt
47,1261,16,-14.911013237752465,21.750848531723022,17.520279705524445,4.870859974343735,144.72635827034145,,,0.0,-1,-1,0,128,prompt
47,1375,7,-5.843218926174706,26.25561441693987,26.924042429242814,3.1436411263593373,93.4060380145008,,,0.0,-1,-1,0,128,prompt
47,1647,10,-27.41172518338368,16.8048597574234,-4.226280212402343,4.199690558861978,124.78410868879897,,,0.0,-1,-1,0,128,prompt
47,1909,8,-22.531418518394304,8.985778272151947,16.20157492160797,1.7158609761257433,50.982847316675404,,,0.0,-1,-1,0,128,prompt
47,3681,9,-22.47065763520545,-23.577179378933376,-3.0643986066182443,1.549249532706937,46.03237294886777,,,0.0,-1,-1,0,128,prompt
47,4125,6,-31.834367791076403,19.463412729402382,22.05767885843913,1.251499703555753,37.185424222021396,,,0.0,-1,-1,0,128,prompt
47,4211,6,-7.249044754829355,5.246900002161662,-49.38849957784017,2.127823145018915,63.223352024900585,,,0.0,-1,-1,0,128,prompt
47,5391,6,-31.07970539873907,37.46729977925619,7.933541615804036,1.7062258576056324,50.69656201546293,,,0.0,-1,-1,0,128,prompt
47,5745,7,38.64169782984521,-16.50081443786621,-11.355014664786202,1.8207660560175596,54.099859560257165,,,0.0,-1,-1,0,128,prompt
47,5885,9,-29.83441278708431,-43.82270050048828,-54.80783462524414,3.5204644968272216,104.60247445616227,,,0.0,-1,-1,0,128,prompt
47,6181,6,29.696511805797982,-11.181994120279947,-33.56151485443115,2.8326463575926555,84.16554648696656,,,0.0,-1,-1,0,128,prompt
47,6271,7,4.5367501585763685,-25.855762890407018,45.42825181143625,2.4984362920749246,74.23526601607492,,,0.0,-1,-1,0,128,prompt
47,6315,10,-34.435521035333124,14.684853792190552,37.64390072822571,3.571045066733891,106.10535931025149,,,0.0,-1,-1,0,128,prompt
48,383,8,-35.391108289144825,-42.635682106018066,10.868022203445435,2.322247408586084,69.00022012903051,,,0.0,-1,-1,0,128,prompt
48,797,7,39.72466324994194,11.306700842721122,-8.497928823743548,2.800736459382229,83.21741753538556,0.3307676911354065,121.38359069824219,121.38359069824219,2,13,1,128,prompt
48,1923,6,-28.948839893322383,-30.72854431470235,-13.20500644048055,2.9888559514397417,88.8069539105959,0.4238766133785248,372.4205322265625,518.6459350585938,7,3,2,128,prompt
48,2041,7,-33.4863867665474,-33.05705370221819,-29.369399751935685,2.854393590831856,84.8117153125422,,,0.0,-1,-1,0,128,prompt
48,2149,8,-28.827039130586023,23.714971840381622,36.21582508087158,2.483241181448668,73.78377838636752,,,0.0,-1,-1,0,128,prompt
48,2621,8,-23.94198448080369,-33.61872646212578,25.19995129108429,2.757409098157316,81.93004503102814,,,0.0,-1,-1,0,128,prompt
48,3965,8,-16.87003279525139,-19.014239221811295,24.718601375818253,1.2101985067349257,35.95825451491227,,,0.0,-1,-1,0,128,prompt
48,4011,9,-8.811914278728988,9.659345679812962,14.606096532609728,2.7449733916238572,81.56054672301147,,,0.0,-1,-1,0,128,prompt
48,5195,7,-10.880316731245278,-13.848331792013985,16.51745687212263,2.3638892872799655,70.23751241142932,,,0.0,-1,-1,0,128,prompt
49,53,11,-23.690311908023226,31.04303806478327,-9.292561270973899,4.723331063831894,140.3428773100113,0.3185773491859436,683.6129150390625,787.3070068359375,4,7,2,128,prompt
49,197,9,26.03784201477464,26.97657913631863,13.25644048055013,4.442652197848351,132.00315284016133,0.7045650482177734,73.04547882080078,73.04547882080078,0,5,1,128,prompt
49,535,6,3.674102904832497,40.37711254755656,33.44457530975342,2.4352841163241217,72.35884491971734,,,0.0,-1,-1,0,128,prompt
49,835,8,-2.7730923508313,40.68887782096863,37.014766693115234,4.280512261804599,127.18553899016351,0.4024182856082916,240.49034118652344,286.83074951171875,4,14,2,128,prompt
49,839,7,21.674577423643647,-18.527785318238394,6.977700301579067,2.3161358914325865,68.81863050711748,,,0.0,-1,-1,0,128,prompt
49,2471,6,20.496142486054442,10.456849813461304,26.379358291625977,1.8426600485014175,54.75038899794931,,,0.0,-1,-1,0,128,prompt
49,3499,6,-41.75361402459941,-32.594518502553306,-2.338764190673828,2.2385318579859264,66.51280582585302,,,0.0,-1,-1,0,128,prompt
49,3519,6,-18.99547715282941,9.51924435297648,-22.892201900482178,2.4112165499068845,71.64373275095382,,,0.0,-1,-1,0,128,prompt
49,3523,6,11.29339104295355,-52.616799672444664,28.696499824523926,2.01070771180595,59.74353732370925,,,0.0,-1,-1,0,128,prompt
49,4643,6,13.487716089397116,24.534799973169964,8.339991728464762,2.3807353755534892,70.73805503013932,,,0.0,-1,-1,0,128,prompt
49,4819,6,36.547435222637795,6.724900563557942,60.10399881998698,2.841976983614621,84.44278449661053,,,0.0,-1,-1,0,128,prompt
49,5145,7,-27.32516911114208,-23.876298359462194,5.54852649143764,1.335253126653264,39.67396381901751,,,0.0,-1,-1,0,128,prompt
49,5157,6,0.37563963011628765,-43.23150062561035,-23.153999884923298,1.6876931951172662,50.14590673793035,,,0.0,-1,-1,0,128,prompt
49,5761,87,30.696218869704655,-5.407122870115028,3.415174730892839,19.11484899672406,567.9536054731467,,,0.0,-1,-1,0,128,prompt
49,5843,6,-55.64986102668316,-44.00283177693685,8.158389409383139,2.6873033149132177,79.84701354253308,,,0.0,-1,-1,0,128,prompt
49,6213,6,-35.408632452034404,0.5958185195922882,18.64295196533203,2.1426231293845293,63.663099390042596,,,0.0,-1,-1,0,128,prompt
49,6345,8,-1.4540234874513214,40.46025039255619,-19.92087483406067,3.236140613635409,96.15444671560354,,,0.0,-1,-1,0,128,prompt
49,6397,6,11.218092810601108,21.537230968475342,22.671972115834553,2.7647684705448077,82.14871179016455,,,0.0,-1,-1,0,128,prompt
50,31,7,-15.532835393523486,11.611536843436104,18.38085194996425,1.9247648465395921,57.18994350766152,,,0.0,-1,-1,0,128,prompt
50,473,9,-38.789258360686155,24.602541393703884,14.10838900672065,2.7830860074490458,82.69297510764785,0.4480777680873871,97.3742446899414,97.3742446899414,5,6,1,128,prompt
50,1211,8,20.83128657050977,20.43450403213501,34.924832820892334,2.938797927949229,87.3195953168048,,,0.0,-1,-1,0,128,prompt
50,1907,7,-41.01506469773612,-61.660312107631135,51.152862548828125,2.2323525420171473,66.32920171867816,,,0.0,-1,-1,0,128,prompt
50,1941,6,-25.607331255605363,-18.234825293223064,14.165912628173828,2.7737019598709525,82.41414979980351,,,0.0,-1,-1,0,128,prompt
50,3211,9,-5.206867978577338,45.54395453135172,-13.57149600982666,2.6129589626499694,77.63804276166454,,,0.0,-1,-1,0,128,prompt
50,3633,7,-48.9897378649532,-37.66128812517439,46.60801206316267,2.074051847177169,61.62566205699011,,,0.0,-1,-1,0,128,prompt
50,3737,6,-12.40697661299602,11.011100133260088,4.0489663283030195,2.051948419686813,60.96890974162451,,,0.0,-1,-1,0,128,prompt
50,3771,6,-10.970169379057163,40.61266899108887,9.516302108764648,1.8094802741854716,53.76452860978949,,,0.0,-1,-1,0,128,prompt
50,4023,9,-18.74319694500746,17.62515009774102,14.828913185331556,2.6681363855556803,79.27751248938178,0.4488576054573059,78.43980407714844,78.43980407714844,4,4,1,128,prompt
50,4199,6,29.18703735231693,-21.35248104731242,4.9374434153238935,2.49868505422066,74.24265740889209,,,0.0,-1,-1,0,128,prompt
50,5671,7,-40.54603757641497,-13.203027180262975,27.005920137677872,2.5018028226671905,74.33529469996043,,,0.0,-1,-1,0,128,prompt
51,151,6,-36.09685072949938,-9.16821845372518,-16.462901433308918,1.8861567561753236,56.04279324105059,,,0.0,-1,-1,0,128,prompt
51,1615,9,-4.913022550089963,5.588687578837077,3.970654699537489,2.89372456154022,85.98034429958795,,,0.0,-1,-1,0,128,prompt
51,1631,10,2.1812772036643464,-14.122289931774139,0.3196993827819824,3.858328669865556,114.64132829540588,,,0.0,-1,-1,0,128,prompt
51,1797,7,15.19866929798132,-18.737609250204905,41.86647646767752,3.157069152190726,93.80502079938339,,,0.0,-1,-1,0,128,prompt
51,1947,7,-14.429408217413974,0.34442693846566336,-7.88555553981236,2.5512780119206964,75.80533572004961,,,0.0,-1,-1,0,128,prompt
51,2067,8,-2.126230176864347,-0.66510009765625,-46.136900663375854,3.0096016643288834,89.42336487128503,,,0.0,-1,-1,0,128,prompt
51,2775,9,-9.005528118184976,-17.711366759406197,2.0562557644314237,2.0408111623523295,60.637991853688995,,,0.0,-1,-1,0,128,prompt
51,2781,6,39.45258018189931,0.9560813903808594,23.638968149820965,2.037581188913474,60.542020650333164,,,0.0,-1,-1,0,128,prompt
51,3215,6,50.576674742638765,-39.38870048522949,-2.3570333321889243,2.2280732238775416,66.20205166027213,,,0.0,-1,-1,0,128,prompt
51,3269,9,16.800580719546886,-30.745479159884983,26.619043164783054,3.7146900836147343,110.3734393384907,,,0.0,-1,-1,0,128,prompt
51,4795,7,-13.745150234875789,3.0840050152369907,20.49617964880807,2.2830608966328576,67.83588340036653,,,0.0,-1,-1,0,128,prompt
51,4805,6,28.855713498530054,-9.68089989821116,3.0960327784220376,2.5950953353929966,77.10726632136074,,,0.0,-1,-1,0,128,prompt
51,5009,7,-41.59132093336962,34.351622990199495,0.48109831128801617,1.5961420971872242,47.42567723659849,,,0.0,-1,-1,0,128,prompt
51,5151,7,-29.003383242442055,7.648649760654998,42.4234243120466,1.9550402984554185,58.08950866121671,,,0.0,-1,-1,0,128,prompt
52,31,6,13.744464088799383,23.86508051554362,3.8167638778686523,2.363836322233123,70.23593867734837,,,0.0,-1,-1,0,128,prompt
52,465,13,8.053174723547578,1.6435643526223993,-11.646079503572905,3.9828774840315004,118.34200874938574,,,0.0,-1,-1,0,128,prompt
52,787,7,-24.83742830173219,26.572328158787318,-27.76747158595494,2.7880907982592142,82.84168091148452,,,0.0,-1,-1,0,128,prompt
52,1627,6,-19.916098084205046,-3.7365689277648926,-32.767089207967125,2.1122439188828954,62.76045128966851,,,0.0,-1,-1,0,128,prompt
52,1639,9,36.129776774793896,16.199495527479385,11.315584977467855,3.8107592334361495,113.2279123204726,,,0.0,-1,-1,0,128,prompt
52,1657,7,-24.46489690031773,38.73415674482073,-27.577442577907018,3.458636304417659,102.76539246796992,,,0.0,-1,-1,0,128,prompt
52,2021,6,14.801256777968161,-2.3925123214721675,46.36783711115519,1.638566046665508,48.68620694670665,,,0.0,-1,-1,0,128,prompt
52,2249,8,-31.247395179654724,-22.0349018573761,3.514920473098755,2.760036072663688,82.00809951331235,,,0.0,-1,-1,0,128,prompt
52,2915,8,-23.83789398855287,6.488189168274403,54.966795444488525,2.956063115156704,87.83259049271933,,,0.0,-1,-1,0,128,prompt
52,3247,8,33.03243969237165,-4.039096713066101,-5.921340703964233,3.0147827546213133,89.57730900719591,,,0.0,-1,-1,0,128,prompt
52,3767,8,-4.965266138194298,-4.621059536933899,16.260309755802155,2.4917358525254754,74.0361779248733,,,0.0,-1,-1,0,128,prompt
52,4331,7,21.844536978164225,8.749231883457728,-5.704186030796596,2.3834762716487763,70.81949442941536,,,0.0,-1,-1,0,128,prompt
52,4551,8,-46.72791647804296,9.692447185516357,-22.88831925392151,2.995895152497404,89.01610751787968,,,0.0,-1,-1,0,128,prompt
52,4681,6,-44.6263566374078,49.01417541503906,48.69568792978922,1.7491826338548173,51.97292344287515,,,0.0,-1,-1,0,128,prompt
52,4783,7,-28.0105160193905,5.518746444157192,-2.444550105503627,3.5566915987004193,105.67887914699986,,,0.0,-1,-1,0,128,prompt
52,5929,6,-23.846031944441517,38.6035125652949,2.4557046890258802,3.5914115290967827,106.71050171716877,,,0.0,-1,-1,0,128,prompt
52,6581,12,-10.110110586166469,-13.156509717305502,-7.192232251167297,4.011907030191664,119.2045546899652,,,0.0,-1,-1,0,128,prompt
53,157,9,-7.550135581114221,2.1277041965060763,7.9110068215264215,2.766193235422884,82.1910453890119,,,0.0,-1,-1,0,128,prompt
53,713,9,16.324661236070778,-21.677333407931858,15.24348258972168,4.4882831400913625,133.35897093595153,,,0.0,-1,-1,0,128,prompt
53,1423,6,28.982159283773793,13.001781463623047,7.219106038411458,1.6518158015461528,49.079892821880826,,,0.0,-1,-1,0,128,prompt
53,2111,64,16.722465500969122,-4.938021199777722,-12.276852771639824,15.556738152588338,462.23255672479826,,,0.0,-1,-1,0,128,prompt
53,2163,7,-11.592522918367994,18.127933774675643,25.49360806601388,1.4945831908778053,44.4080888153544,,,0.0,-1,-1,0,128,prompt
53,2617,6,9.516525765227442,10.609268844127655,17.31128152211507,2.4354577193265223,72.36400313211816,,,0.0,-1,-1,0,128,prompt
53,2831,9,-21.648444631069424,-20.565753936767578,25.86772632598877,2.9896783496981847,88.83138957608806,,,0.0,-1,-1,0,128,prompt
53,3041,6,6.327273337604822,-1.3117252985636398,7.499378840128581,2.1919423505369395,65.1285061781077,,,0.0,-1,-1,0,128,prompt
53,3635,10,-18.71399519587849,-24.265065383911132,11.25328769683838,3.5117950372261397,104.34488148021033,,,0.0,-1,-1,0,128,prompt
53,4075,11,-31.14922937934208,-8.05929871038957,2.5936942534013223,3.4133079960694195,101.41856643964016,,,0.0,-1,-1,0,128,prompt
53,4145,6,-27.79228369882985,1.159306287765503,15.160414377848307,1.6750185867691538,49.769310014069,,,0.0,-1,-1,0,128,prompt
53,4443,6,-21.703726305958558,21.777406374613445,4.669556299845378,2.469540327561755,73.37668914572184,,,0.0,-1,-1,0,128,prompt
53,4663,6,8.822940790559649,-7.496230443318685,13.266726811726889,2.2287447617892227,66.22200485886746,,,0.0,-1,-1,0,128,prompt
53,5381,6,21.93648232919954,-0.26326872905095416,-16.54603926340739,1.8628978100745692,55.35170735804451,,,0.0,-1,-1,0,128,prompt
53,5713,6,-29.132431928770128,-2.9282880624135323,-14.288941144943237,2.186217899564107,64.95841733409267,,,0.0,-1,-1,0,128,prompt
0,182,8,3.420100524321093,8.7675421833992,35.9629487991333,2.505204918971522,74.4363801368657,,,0.0,-1,-1,0,128,delayed
0,1642,8,19.272693780893594,-23.01869559288025,-21.65747320652008,2.8096860790964997,83.48333482226577,,,0.0,-1,-1,0,128,delayed
0,1886,8,16.19987772535411,-25.970076143741608,-0.7724866867065421,3.1133905001034634,92.50721049811344,,,0.0,-1,-1,0,128,delayed
0,1914,7,-2.099828079396698,19.10974829537528,6.918315614972793,2.534582455485455,75.30926580736545,,,0.0,-1,-1,0,128,delayed
0,2240,7,8.091086180281428,-10.150692735399518,11.096246310642787,2.4455209113571117,72.6630076493561,,,0.0,-1,-1,0,128,delayed
0,2758,6,-18.08363560038312,4.937443812688191,-4.078357060750325,1.2995794449756828,38.614002731553214,,,0.0,-1,-1,0,128,delayed
0,2808,6,55.38199671392317,-16.036300202210743,12.216799974441528,2.989140484086013,88.81540814124935,,,0.0,-1,-1,0,128,delayed
0,3814,8,-11.13716168301906,0.9075843691825867,22.126224994659424,2.0407183472719073,60.6352340678662,,,0.0,-1,-1,0,128,delayed
0,3956,12,14.060436029964523,-1.9953003724416092,-22.813683072725933,4.736781292630139,140.74251980479175,,,0.0,-1,-1,0,128,delayed
0,4518,16,-12.387488019648476,18.62799620628357,-0.3873459994792938,6.46547132625755,192.10655294533336,,,0.0,-1,-1,0,128,delayed
0,5152,7,11.989863870466124,39.05087212153843,-18.942842755998885,3.106622359601277,92.30611082940959,,,0.0,-1,-1,0,128,delayed
0,5476,9,-9.266627680762845,32.251191563076446,34.59716373019748,3.8000031719691902,112.90832078763356,,,0.0,-1,-1,0,128,delayed
0,6230,6,35.87212215759815,15.514381090799967,-34.59611415863037,2.8565063070315357,84.87448979656536,,,0.0,-1,-1,0,128,delayed
1,151,7,-23.05471011887067,-48.91652079990932,-0.6617712293352399,1.6999955302978025,50.51144222412343,,,0.0,-1,-1,0,128,delayed
1,1077,6,10.962261855197132,8.336844166119894,35.667664766311646,1.6302302541672211,48.43852811834189,0.284226655960083,84.74785614013672,84.74785614013672,0,9,1,128,delayed
1,1611,8,-54.513925676751775,59.79664659500122,30.590187549591064,2.073638798585115,61.61338927172598,,,0.0,-1,-1,0,128,delayed
1,1693,10,-22.42874583002639,27.10005416870117,-14.553846454620361,4.966415708561084,147.56557629302517,,,0.0,-1,-1,0,128,delayed
1,2295,7,9.214317197920744,0.08313751220703125,-8.400216102600098,1.8506429719253568,54.98758313647582,,,0.0,-1,-1,0,128,delayed
1,3747,6,0.44307552753767254,34.705286502838135,16.34743316968282,2.0366149393192585,60.51331077452324,,,0.0,-1,-1,0,128,delayed
1,3779,6,-10.711204372706236,-33.07948752244314,21.586566925048828,1.4428163924071973,42.8699579182585,,,0.0,-1,-1,0,128,delayed
1,4217,6,-38.17934936364141,14.027143478393555,21.19250202178955,1.9133537132021572,56.85088802662466,,,0.0,-1,-1,0,128,delayed
1,5141,11,-27.410329001845806,39.79766876047308,42.51320509477095,2.490373755863833,73.9957063673886,,,0.0,-1,-1,0,128,delayed
1,5995,6,-3.542734169574199,9.777892827987671,25.922101338704426,1.4584697501368444,43.3350613026398,,,0.0,-1,-1,0,128,delayed
1,6297,11,5.074420890632717,-15.216681393710049,29.85706563429399,3.808958196152268,113.17439865582648,,,0.0,-1,-1,0,128,delayed
2,414,6,-15.5209308082662,-4.577181975046794,0.8082815806070952,1.9398101487064225,57.63697992487562,,,0.0,-1,-1,0,128,delayed
2,778,9,20.36834633582895,6.567862828572591,36.16963736216227,2.9968346072256624,89.04402124611183,,,0.0,-1,-1,0,128,delayed
2,1108,7,-12.41519176051647,20.998158046177455,-18.95615713936942,2.5929952224378656,77.04486631365093,,,0.0,-1,-1,0,128,delayed
2,1938,7,-23.276274441334298,-37.376244817461284,3.600733757019043,1.9017622201821924,56.506473574036825,,,0.0,-1,-1,0,128,delayed
2,2904,6,-24.893850588650498,-6.8542253971099845,-23.64652951558431,1.122290836788571,33.346281064149885,,,0.0,-1,-1,0,128,delayed
2,3886,6,6.630479381734425,-3.6626693407694497,6.7834733327229815,2.507404170886065,74.5017258298619,,,0.0,-1,-1,0,128,delayed
2,4336,8,36.47479035701683,34.696049466729164,0.39379966259002686,2.5335411853321386,75.27832686884972,,,0.0,-1,-1,0,128,delayed
2,4562,6,8.961300005679686,10.345999141534172,-49.38850053151449,1.9310565079221682,57.37688569942366,,,0.0,-1,-1,0,128,delayed
2,5752,8,-38.911939903597016,-19.790188908576965,1.25162935256958,2.528662722338991,75.13337460442952,,,0.0,-1,-1,0,128,delayed
2,5848,8,-10.313348061714429,23.77732563018799,19.734918773174286,2.844526973481784,84.51855155808317,,,0.0,-1,-1,0,128,delayed
3,812,6,13.622542695310914,1.551899751027425,-21.956066449483234,2.111882415445937,62.749710049680324,,,0.0,-1,-1,0,128,delayed
3,1036,6,-28.132860228356094,30.303618748982746,-2.8881893952687583,1.5468095105481614,45.95987332395581,,,0.0,-1,-1,0,128,delayed
3,1180,6,-39.15497427682313,-11.339031358559927,0.4203062057495117,2.119171209180344,62.96627972709268,,,0.0,-1,-1,0,128,delayed
3,1446,10,-34.50152581350043,32.819913959503175,-23.37927131652832,3.649411192842317,108.43382781543677,,,0.0,-1,-1,0,128,delayed
3,2176,6,-18.04026641767376,11.990275382995605,-8.672542095184326,2.980867197579466,88.56958653411495,,,0.0,-1,-1,0,128,delayed
3,2724,7,15.54801388063221,-45.7018711907523,22.0824499470847,2.8364553663611676,84.27872238826329,,,0.0,-1,-1,0,128,delayed
3,3146,6,-31.610465885315516,35.393480936686196,41.38420613606771,2.6377952842018004,78.37599671434658,,,0.0,-1,-1,0,128,delayed
3,3454,6,-0.044241037778672686,16.960050106048584,-2.5296042760213218,1.5053730868678112,44.728685662928456,,,0.0,-1,-1,0,128,delayed
3,3480,6,-53.81215177313812,3.2331247329711914,34.01730012893677,2.2825750670453395,67.82144809585935,,,0.0,-1,-1,0,128,delayed
3,3520,9,24.43934999102288,2.5741839938693576,1.0012194315592449,3.5595138468692973,105.76273573531657,,,0.0,-1,-1,0,128,delayed
3,3530,143,35.433918102128,-38.456423072548176,10.025830098799059,65.270352468271,1939.3578270595199,,,0.0,-1,-1,0,128,delayed
3,3778,8,-34.88792683857176,-23.517520666122437,35.29784798622131,2.3510843384754105,69.85704292183551,,,0.0,-1,-1,0,128,delayed
3,3980,6,17.748380579130714,20.174699624379475,33.1227339108785,2.0696147711242534,61.49382458642238,,,0.0,-1,-1,0,128,delayed
3,4046,7,-15.311168276077245,-26.002242497035436,-20.45389325278146,2.4802474787033164,73.69482742116614,,,0.0,-1,-1,0,128,delayed
3,4782,8,8.156739482592384,-43.50862503051758,3.176700234413147,2.0394676595990378,60.5980727712612,,,0.0,-1,-1,0,128,delayed
3,5090,6,-35.270273236914356,25.218374967575073,54.45064926147461,1.6482706719480809,48.9745574808881,,,0.0,-1,-1,0,128,delayed
3,5488,7,-17.992866824731344,28.34592914581299,5.807117462158203,3.079378831837094,91.49663230189793,,,0.0,-1,-1,0,128,delayed
3,5870,9,-19.744301688856833,25.609429412417942,-4.1194347275627985,2.3671068861415807,70.33311593279294,,,0.0,-1,-1,0,128,delayed
3,5926,6,-37.015727950736384,19.985331535339355,-15.095752080281576,1.6988533396369645,50.47750466573246,,,0.0,-1,-1,0,128,delayed
3,6452,8,23.157761090642126,3.8243243694305424,-12.2051500082016,3.1401319915693646,93.3017721761257,,,0.0,-1,-1,0,128,delayed
3,6530,6,6.167229531130108,-9.011181513468424,-18.43343162536621,2.1440262916589954,63.704791117399864,,,0.0,-1,-1,0,128,delayed
3,6588,6,-27.637959958888263,-26.811843236287434,37.00563112894694,1.664900511625543,49.468674771842046,,,0.0,-1,-1,0,128,delayed
4,362,7,10.869319182209916,-19.41458593096052,-4.367328780038016,2.667781139301325,79.26695716712801,,,0.0,-1,-1,0,128,delayed
4,582,6,32.96745049514666,0.8128998279571539,-18.70446713765462,2.2515448844639634,66.8994578631035,,,0.0,-1,-1,0,128,delayed
4,842,8,6.811784320290453,14.119519233703613,0.6895033121109009,1.8237697438545264,54.189107209402266,,,0.0,-1,-1,0,128,delayed
4,916,6,0.08467083557153525,7.094399929046631,2.076966921488444,1.695413919414941,50.37531023478663,,,0.0,-1,-1,0,128,delayed
4,1576,6,-51.7314420380637,12.890931328137716,-12.47524388631185,2.1276756184113235,63.21896861236621,,,0.0,-1,-1,0,128,delayed
4,1886,7,-3.510117655826367,-19.40270914350237,28.668670313698904,1.8182788000227326,54.02595649096068,,,0.0,-1,-1,0,128,delayed
4,1954,7,-19.94653069284107,21.865162576947892,8.586462565830775,2.5635599310537627,76.17026459052882,,,0.0,-1,-1,0,128,delayed
4,2246,6,13.948026555084937,-20.849037647247314,10.6478963692983,1.1381263920580762,33.816798027769416,,,0.0,-1,-1,0,128,delayed
4,2726,7,-15.781489913073864,-27.051358767918178,23.64622688293457,3.1792650493973422,94.46452063887305,,,0.0,-1,-1,0,128,delayed
4,2964,8,10.041596167140682,-18.750970423221588,-2.849819779396057,2.1393186228701384,63.564913608429606,,,0.0,-1,-1,0,128,delayed
5,448,7,8.72435857599186,0.0870962142944336,-31.665578365325928,1.8332993027363482,54.47225604967963,,,0.0,-1,-1,0,128,delayed
5,1420,8,-12.067450226481455,4.686876833438874,29.62592041492462,1.693383427433733,50.31497885357568,,,0.0,-1,-1,0,128,delayed
5,1674,9,-24.212249145638218,-7.396158085929023,20.316969235738117,1.6356944496726809,48.600884072023135,,,0.0,-1,-1,0,128,delayed
5,1698,6,-52.63875919875471,54.18717575073242,7.9583126703898115,2.1891052171641983,65.04420731032522,,,0.0,-1,-1,0,128,delayed
5,2028,8,-28.299555920173116,-17.240638852119446,2.5657668113708496,3.050809542028883,90.64776181617447,,,0.0,-1,-1,0,128,delayed
5,3772,11,-12.023647110169277,28.128187569704924,42.54687222567472,3.6330676901094168,107.94821836569422,,,0.0,-1,-1,0,128,delayed
5,4196,6,24.22639985854191,-20.913699467976887,-3.7688992818196616,2.537514602860702,75.39638779686356,,,0.0,-1,-1,0,128,delayed
5,4312,8,8.072062862892615,-22.145751357078552,14.885075569152832,2.0450800246713445,60.76483124152662,,,0.0,-1,-1,0,128,delayed
5,5278,7,-29.556046976331952,28.611177240099227,12.847530092511859,2.1264184464793328,63.18161465097231,,,0.0,-1,-1,0,128,delayed
5,5336,6,29.0601930088139,52.79231262207031,47.23616282145182,2.2746706164725112,67.58658559692506,,,0.0,-1,-1,0,128,delayed
5,6450,10,-9.58738744684583,22.508092308044432,13.116449928283691,2.7254895076285752,80.98162809458613,,,0.0,-1,-1,0,128,delayed
6,756,9,-5.189740980330039,26.665583504570854,35.711822509765625,2.622667069987273,77.92649675706294,,,0.0,-1,-1,0,128,delayed
6,1172,12,23.13983836949326,-5.722631216049194,5.196829120318095,3.5727909873458517,106.15723531024517,,,0.0,-1,-1,0,128,delayed
6,1228,10,2.4572514614788488,3.408637523651123,43.193832874298096,3.6838957718912186,109.45845746369628,,,0.0,-1,-1,0,128,delayed
6,1706,6,12.081094194962715,13.773112495740255,57.766913096110024,1.6095413557321154,47.82380526798089,,,0.0,-1,-1,0,128,delayed
6,1810,6,5.692224953949352,22.765818277994793,-1.2424434026082356,2.638808437629831,78.40610022928655,,,0.0,-1,-1,0,128,delayed
6,1862,8,-14.533580447105575,0.6062108278274536,42.206292271614075,2.5795132875535285,76.64428174572544,,,0.0,-1,-1,0,128,delayed
6,1944,11,1.367555744250681,-11.994474118406123,13.481385014273906,4.734014019502288,140.66029667289249,,,0.0,-1,-1,0,128,delayed
6,2024,6,-10.583961470943924,-3.5194876591364554,-1.3856248060862246,1.8449761751640248,54.8192073542432,,,0.0,-1,-1,0,128,delayed
6,2554,7,-24.171137930668436,-8.709643500191824,-26.17058597292219,2.952989389117622,87.74126182010298,,,0.0,-1,-1,0,128,delayed
6,3418,8,-8.152240459607853,-10.340226670727134,17.93124532699585,3.6114071741237197,107.30462614309317,,,0.0,-1,-1,0,128,delayed
6,4114,6,-28.177619751873767,29.915644486745197,-7.1452064116795855,2.2254500549502994,66.12411025198541,,,0.0,-1,-1,0,128,delayed
6,4240,9,12.027032170005164,-11.61461681789822,25.508444256252712,2.694941596701382,80.07396745056298,,,0.0,-1,-1,0,128,delayed
6,4878,7,-33.974406363438305,-32.52655710492815,-7.807814461844308,2.711424097871174,80.56370691793741,,,0.0,-1,-1,0,128,delayed
6,5104,6,-15.856659126328628,-38.20629974206289,-30.60236644744873,1.4354808444429143,42.651999046851785,,,0.0,-1,-1,0,128,delayed
6,5222,6,-46.62371113916826,-9.316018263498941,-23.86214017868042,1.813660843455512,53.888744573528285,,,0.0,-1,-1,0,128,delayed
6,6398,7,30.244054885716253,-14.176922934395927,-3.318212372916084,2.2486757134787325,66.81420707163451,,,0.0,-1,-1,0,128,delayed
7,42,7,-9.052327241687312,21.14463778904506,20.63870198386056,2.9027997319291137,86.24999203489254,,,0.0,-1,-1,0,128,delayed
7,1312,7,9.233348406858179,-37.86715261425291,17.978302001953125,3.3438668545083337,99.35528324422756,,,0.0,-1,-1,0,128,delayed
7,1330,6,47.91770950478255,22.022199948628742,38.96859995524088,1.172155669403819,34.827899437122575,,,0.0,-1,-1,0,128,delayed
7,1570,6,-6.858033824181269,-15.22339952737093,-12.912554105122885,3.0207046815154914,89.75326539228027,,,0.0,-1,-1,0,128,delayed
7,2772,70,11.49848309075308,-7.821655283655439,-11.335670743669782,16.627651846626847,494.0522846119489,,,0.0,-1,-1,0,128,delayed
7,4064,6,-38.13503358731199,-8.40612522761027,24.705899715423584,1.1789244150002185,35.029017084803925,,,0.0,-1,-1,0,128,delayed
7,5156,8,-32.97552109989002,30.798979818820953,21.36649227142334,2.7958988692153683,83.07367971263108,,,0.0,-1,-1,0,128,delayed
7,5460,6,11.082040980287678,-26.02665678660075,-8.056777318318685,2.2726783024905184,67.52738858681522,,,0.0,-1,-1,0,128,delayed
7,6226,7,-49.85485015606473,-12.609187875475202,-8.751123768942696,1.3636438256059669,40.5175278898011,,,0.0,-1,-1,0,128,delayed
8,1402,11,-47.33833599492614,47.55968822132457,37.309209303422406,3.8091641793137696,113.18051896989549,,,0.0,-1,-1,0,128,delayed
8,1670,7,-11.005752283414541,36.631965500967844,18.391291209629603,2.3435969886614436,69.63457360894637,,,0.0,-1,-1,0,128,delayed
8,2074,8,-4.330377357843503,4.132626533508301,-17.81236445903778,2.907692274460662,86.3953626402894,,,0.0,-1,-1,0,128,delayed
8,3542,13,-27.010854220124045,-2.0485930442810067,9.697677759023813,5.680889716845193,168.79452186781657,,,0.0,-1,-1,0,128,delayed
8,3680,7,-3.6253416966730887,-8.998644828796387,-18.63008693286351,2.887997635085522,85.81018190234472,,,0.0,-1,-1,0,128,delayed
8,4108,8,-16.55309283703075,10.083885431289673,2.6511106491088867,2.670693644639085,79.35349553883185,,,0.0,-1,-1,0,128,delayed
8,5270,6,41.58118349143836,15.592900276184082,10.427666346232096,2.3285317996747468,69.18694630079473,,,0.0,-1,-1,0,128,delayed
8,5686,7,39.44492978007622,-35.800590651375906,-5.254305158342634,2.841972038886362,84.44263757542673,,,0.0,-1,-1,0,128,delayed
8,6032,7,-9.798845919838799,-11.971800191061837,0.09294652938842773,2.5543966998207135,75.89800033055549,,,0.0,-1,-1,0,128,delayed
8,6066,7,-34.63310749094769,-1.9121627807617188,52.31678662981306,1.9691378076904429,58.50838359973153,,,0.0,-1,-1,0,128,delayed
8,6358,8,-5.384689887367323,20.635420322418213,11.20513916015625,3.036454029713404,90.22122091180279,,,0.0,-1,-1,0,128,delayed
8,6392,14,-11.683001470145964,57.86369950430734,18.34126227242606,6.7607769045460895,200.8808764010955,,,0.0,-1,-1,0,128,delayed
9,192,8,5.766496808783646,-1.1431404948234523,33.71477150917053,2.0533802837259776,61.01145427565301,,,0.0,-1,-1,0,128,delayed
9,740,6,-16.383015148629514,15.860787510871887,27.044457753499348,1.2702568973714035,37.74275092954512,,,0.0,-1,-1,0,128,delayed
9,758,9,-46.14593786794774,-19.1647334628635,7.629822307162815,2.4289014407020453,72.16919844996262,,,0.0,-1,-1,0,128,delayed
9,1150,7,9.42110871625567,-3.032538958958217,23.564350060054235,3.183446174084621,94.58875310555274,,,0.0,-1,-1,0,128,delayed
9,1422,7,-24.789876348632664,-10.669312783649989,25.879062788827078,2.557145496366507,75.97967447347776,,,0.0,-1,-1,0,128,delayed
9,1966,6,-38.27068685936613,-11.44526227315267,7.570337295532227,2.4509177678033605,72.82336277836566,,,0.0,-1,-1,0,128,delayed
9,2124,8,7.0147680660729215,12.778926610946655,-3.640729904174804,2.1746925885495925,64.61596932699544,,,0.0,-1,-1,0,128,delayed
9,3558,6,-21.824257358638707,14.632199923197428,30.139020919799805,1.6142578417541862,47.96394476067885,,,0.0,-1,-1,0,128,delayed
9,3892,7,-0.022603622540762962,-35.73724855695452,3.7761873517717635,1.6423929836389284,48.79991554321951,,,0.0,-1,-1,0,128,delayed
9,4510,6,-4.451321743593823,-33.99399979909261,-32.82713317871094,2.9347627324543946,87.19969879915652,,,0.0,-1,-1,0,128,delayed
9,5424,7,-14.583744868478119,-29.79489735194615,16.192825044904435,2.1141583970083615,62.81733558700951,,,0.0,-1,-1,0,128,delayed
9,5528,7,2.06259043260233,-25.309430258614675,41.36765193939209,2.090433703505413,62.11241109526728,,,0.0,-1,-1,0,128,delayed
10,468,7,25.000507183675847,-23.741694450378418,17.773698261805944,3.153931778539743,93.71180098492931,,,0.0,-1,-1,0,128,delayed
10,2350,6,-27.04957992529779,20.992218335469563,9.62715228398641,1.7700155895726397,52.591926622791846,,,0.0,-1,-1,0,128,delayed
10,2864,6,-9.32502620591967,-9.9534060160319,35.60300159454346,1.2531405877580368,37.23417930761012,,,0.0,-1,-1,0,128,delayed
10,3356,6,-16.23846257016631,48.69086265563965,18.65975014368693,1.8422798069019954,54.73909099672629,,,0.0,-1,-1,0,128,delayed
10,3566,7,-9.36671482394691,22.379823412214005,4.578412464686804,2.2035137889395573,65.47232475404327,,,0.0,-1,-1,0,128,delayed
10,3936,6,-18.61586116631862,35.61979993184408,-21.88216622670491,2.034625463590182,60.45419809654581,,,0.0,-1,-1,0,128,delayed
10,3944,7,3.5352047662602204,5.795871325901577,-8.38042150224958,2.321968418967973,68.99193059666102,,,0.0,-1,-1,0,128,delayed
10,4188,7,1.477656027704241,-17.84289084162031,-0.15107004983084543,1.8581727554633174,55.21131326950225,,,0.0,-1,-1,0,128,delayed
10,5218,6,-14.587524591944941,6.540150006612142,46.83894952138265,1.740082423694865,51.70253170858555,,,0.0,-1,-1,0,128,delayed
10,5526,7,-24.97160608478097,-24.462220328194753,35.230052539280486,2.8288703969910376,84.0533525356473,,,0.0,-1,-1,0,128,delayed
10,6452,12,-18.053333539953364,-14.950893521308899,37.32506124178568,3.2948166902160487,97.89787085956118,,,0.0,-1,-1,0,128,delayed
11,435,8,-14.313059366899854,-0.9803297519683838,18.62295436859131,1.9126277946658432,56.82931903332265,,,0.0,-1,-1,0,128,delayed
11,991,7,-44.73633232321356,-32.772011620657786,44.93464585712978,2.0364975446993845,60.509822664435,,,0.0,-1,-1,0,128,delayed
11,1475,7,30.485803404442464,18.78511619567871,15.118694714137487,3.2021238929005906,95.14371839695326,,,0.0,-1,-1,0,128,delayed
11,1509,7,-31.078365786262605,1.8567370006016322,18.008712802614486,1.575119281166733,46.80103279613846,,,0.0,-1,-1,0,128,delayed
11,2805,9,18.20696703442775,-34.79766220516629,-9.538767496744791,3.7439710278584637,111.24345499269411,,,0.0,-1,-1,0,128,delayed
11,3899,6,-18.03228415526299,10.290574630101522,38.67300001780192,1.7306533694449802,51.42236913140056,,,0.0,-1,-1,0,128,delayed
11,4195,8,-12.877204942957448,55.2379412651062,54.25666332244873,3.3995511551807915,101.0098136745016,,,0.0,-1,-1,0,128,delayed
11,4217,8,-5.356960942014302,38.15664952993393,2.3418610095977783,4.034695639869864,119.8816656120903,,,0.0,-1,-1,0,128,delayed
11,5371,35,-17.90414872846091,38.29075742449079,-5.521460097176688,14.088464974558692,418.6062091965299,,,0.0,-1,-1,0,128,delayed
11,5767,6,-15.766193485673218,-9.971881230672201,7.865730921427409,2.6518014434218355,78.7921573980754,,,0.0,-1,-1,0,128,delayed
11,6015,7,0.6657459082086297,-30.170994349888392,22.246026856558665,2.8295132625895985,84.07245380265704,,,0.0,-1,-1,0,128,delayed
12,148,6,-28.442823310496834,-8.664774656295776,33.887974898020424,1.652700464995503,49.10617855376261,,,0.0,-1,-1,0,128,delayed
12,756,8,-3.313236737859077,20.146987438201904,15.149603366851807,2.8053291683410704,83.35387927842683,,,0.0,-1,-1,0,128,delayed
12,1620,6,9.00792316681571,3.524106582005818,-24.832077026367188,1.8131746537765965,53.874298569736624,,,0.0,-1,-1,0,128,delayed
12,1728,10,54.34697239244559,1.4632204055786133,-1.906620407104492,3.485995572363804,103.57830994776698,,,0.0,-1,-1,0,128,delayed
12,1818,9,-23.07201819610288,1.9983789126078289,-8.018640306260851,3.522806183776556,104.67205227736252,,,0.0,-1,-1,0,128,delayed
12,3878,6,31.07831505793075,38.98686854044596,27.52795632680257,2.193414058376918,65.17223457868582,,,0.0,-1,-1,0,128,delayed
12,3998,10,18.403254918030434,-17.12632484436035,-5.725402545928955,3.6901727232559565,109.64496258124095,,,0.0,-1,-1,0,128,delayed
12,4078,6,-31.099127794216116,-3.002187430858612,-6.852754592895508,0.8858165654268702,26.31999406368595,,,0.0,-1,-1,0,128,delayed
12,5214,6,11.032637137535017,32.88549931844076,52.12280019124349,2.152401607686256,63.95364429617598,,,0.0,-1,-1,0,128,delayed
12,5644,6,-34.11110147721387,37.979981104532875,-4.4172022342681885,1.738042791373005,51.64192874325537,,,0.0,-1,-1,0,128,delayed
12,5770,8,-10.530419794190646,-33.123364210128784,52.268290519714355,2.7422184840704107,81.47869100560594,,,0.0,-1,-1,0,128,delayed
13,492,11,-18.20271735030222,32.59241862730546,-13.667814861644398,3.586670215652377,106.56962453493784,,,0.0,-1,-1,0,128,delayed
13,1402,6,-12.576746392020143,26.677899996439617,-8.891300201416016,2.8474512442231976,84.60543951159254,,,0.0,-1,-1,0,128,delayed
13,1604,7,26.77896696172862,11.698633926255363,44.13890184674944,2.632429599940274,78.21656779483553,,,0.0,-1,-1,0,128,delayed
13,1698,6,-11.48063561508725,17.200225512186687,22.211774826049805,1.8709818431421867,55.591905736190434,,,0.0,-1,-1,0,128,delayed
13,2168,7,20.185656943799106,-14.303609575544085,1.5671065194266183,2.941597060511901,87.40276507825254,,,0.0,-1,-1,0,128,delayed
13,2276,6,18.013658876304522,-31.37978744506836,37.02872403462728,2.1725678695122195,64.55283820636245,,,0.0,-1,-1,0,128,delayed
13,2628,6,5.792815125413452,22.539500554402668,13.345245997111002,1.4431462750352133,42.87975961891524,,,0.0,-1,-1,0,128,delayed
13,3406,7,6.454773783564595,13.143643379211426,3.170471123286656,2.5620577512855554,76.12563078695713,,,0.0,-1,-1,0,128,delayed
13,3980,7,16.728641413081252,7.256716777171407,-13.278876508985247,2.409622304095546,71.59636341747307,,,0.0,-1,-1,0,128,delayed
13,4686,7,12.590865595168363,34.727721623011995,1.0247321128845215,3.399853170807462,101.01878737155286,,,0.0,-1,-1,0,128,delayed
13,4726,7,-9.129527598026845,15.226039613996234,-7.194003513881138,1.956056688150214,58.119708334351635,,,0.0,-1,-1,0,128,delayed
13,4738,6,-33.88493737557535,-41.771974881490074,30.97816212972005,3.2892281505018106,97.73182030480264,,,0.0,-1,-1,0,128,delayed
13,4972,6,40.83744274642829,-3.4732999801635756,-8.284566481908163,2.695960471848565,80.1042409731772,,,0.0,-1,-1,0,128,delayed
13,5704,7,6.839352926356958,1.7854769059589926,-37.828369140625,2.7223063127372114,80.88704680776647,,,0.0,-1,-1,0,128,delayed
13,5738,6,-20.345276616768356,19.334088007609047,55.74389839172363,1.7983126802857567,53.43270934085935,,,0.0,-1,-1,0,128,delayed
13,5820,6,9.246992480879564,38.37719440460205,-18.873888969421387,2.2333815130767416,66.35977521802016,,,0.0,-1,-1,0,128,delayed
13,6298,6,4.866120758174365,8.092049916585287,14.242754777272543,3.6345431263166335,107.99205754609673,,,0.0,-1,-1,0,128,delayed
13,6438,8,6.210465182577915,-24.59137988090515,-17.43242073059082,2.690723723883977,79.94864309804085,,,0.0,-1,-1,0,128,delayed
13,6530,8,-26.43075370605615,-16.894232600927353,32.859148025512695,2.6043554359148806,77.38240882859944,,,0.0,-1,-1,0,128,delayed
14,1450,7,-13.967867544664568,2.082396592412676,-15.09476443699428,1.3381620774569345,39.76039657594757,,,0.0,-1,-1,0,128,delayed
14,1878,6,33.42422835162824,-8.424599965413412,-39.116400400797524,1.5042483605996408,44.69526701864373,,,0.0,-1,-1,0,128,delayed
14,1986,12,-32.88933421190221,-5.457053025563558,3.975375930468241,4.029112748502988,119.71578288493272,,,0.0,-1,-1,0,128,delayed
14,2684,7,-6.783528486972863,7.8901446887425015,26.925480842590332,1.3990190794829336,41.56862188418182,,,0.0,-1,-1,0,128,delayed
14,3530,9,1.0434390927836676,17.742158359951443,7.890433417426215,3.9458931304696025,117.24310407296515,,,0.0,-1,-1,0,128,delayed
14,4202,6,-27.48455326294497,-2.0738190015157056,17.04339345296224,1.4989710991641965,44.538465379258625,,,0.0,-1,-1,0,128,delayed
14,5298,20,46.90419135316453,-8.769620609283447,32.04370813369751,8.340510048181592,247.81899946798342,,,0.0,-1,-1,0,128,delayed
14,6472,7,-23.322293052375876,21.128802163260325,4.55213737487793,2.575471607313752,76.52419254885322,,,0.0,-1,-1,0,128,delayed
15,464,415,-14.574033831383641,11.491939716848982,-1.7928607245525683,178.68710552427365,5309.274786919044,,,0.0,-1,-1,0,128,delayed
15,1302,6,1.1019507709457461,3.182318369547525,-32.79480187098185,2.5018301389121707,74.33610633911215,,,0.0,-1,-1,0,128,delayed
15,1330,6,-8.00481885719543,37.17170071601868,4.72183354695638,2.1223953527828416,63.0620777103211,,,0.0,-1,-1,0,128,delayed
15,1662,14,20.582299240568204,7.634794141565051,-16.39527211870466,6.7629959390723045,200.94680988872338,,,0.0,-1,-1,0,128,delayed
15,4006,9,30.4236917262973,30.157359017266167,37.95961332321167,3.1917103005335856,94.83430254272487,,,0.0,-1,-1,0,128,delayed
15,4166,9,8.918659975412623,5.394700474209255,-23.390957832336426,3.6490903743149006,108.42429543360208,,,0.0,-1,-1,0,128,delayed
15,4226,8,-30.52660713277835,29.835970401763916,-17.51193904876709,3.2350072481177943,96.12077137596796,,,0.0,-1,-1,0,128,delayed
15,4288,11,-29.605434575288992,-18.569894920695912,41.646559715270996,3.329456102867969,98.92710103085378,,,0.0,-1,-1,0,128,delayed
15,4356,7,-29.031839924989224,-34.4664318220956,16.485785211835587,2.0775547506064873,61.729742744870315,,,0.0,-1,-1,0,128,delayed
15,4528,6,-8.197384937602976,14.484400431315102,4.7296005090077715,1.6634770974364228,49.42638130559856,,,0.0,-1,-1,0,128,delayed
15,5300,8,19.576075806415965,4.548314571380615,17.68876051902771,1.9169887590979935,56.95889502280624,,,0.0,-1,-1,0,128,delayed
15,5716,10,38.7997438516318,-4.323149847984314,13.286502695083618,3.423951148172297,101.73480313141124,,,0.0,-1,-1,0,128,delayed
15,5996,6,-24.022040275737776,-17.689812262852985,21.486425479253132,1.8495391168207744,54.95478463062966,,,0.0,-1,-1,0,128,delayed
15,6234,8,-36.48137489121385,16.99122655391693,0.35790157318115323,3.0771570413875495,91.43061692837128,,,0.0,-1,-1,0,128,delayed
15,6434,6,21.888987312994193,-7.93039337793986,9.269831816355389,2.370858201538731,70.44457760876243,,,0.0,-1,-1,0,128,delayed
16,1112,6,10.079290039997714,-27.878775278727215,38.25731213887533,2.6660229645543914,79.21471706380605,,,0.0,-1,-1,0,128,delayed
16,1292,6,9.457590615955834,-4.660318851470947,29.94965140024821,1.8812449327220568,55.89684974758077,0.6904478073120117,73.71764373779297,73.71764373779297,4,3,1,128,delayed
16,1962,8,-8.031762686534506,36.87840962409973,23.609946966171265,2.8311134836681884,84.12000067740844,,,0.0,-1,-1,0,128,delayed
16,4936,8,13.238548316567696,-26.21602487564087,-12.82395887374878,3.0456364247048824,90.4940545786124,,,0.0,-1,-1,0,128,delayed
16,4964,6,-49.81303830534163,-47.65626207987467,55.808562596639,2.1679173929594984,64.41466003264323,,,0.0,-1,-1,0,128,delayed
16,5364,7,29.421147217185275,-22.391700199672155,-11.538385391235352,1.724307269141176,51.23380941278296,,,0.0,-1,-1,0,128,delayed
17,775,7,16.738511303038695,52.73292868477957,-29.014357498713903,2.9449726419518143,87.50306268717927,,,0.0,-1,-1,0,128,delayed
17,1411,6,17.620664380558377,47.517699559529625,21.971599578857422,2.070562178129268,61.521974598198064,,,0.0,-1,-1,0,128,delayed
17,1415,6,29.54572067506264,26.16059947013855,-38.37739944458008,2.009223159036697,59.69942726571418,,,0.0,-1,-1,0,128,delayed
17,1629,6,30.112979791966414,-1.2008750438690186,15.047887007395426,2.2248867452416055,66.10737280456404,,,0.0,-1,-1,0,128,delayed
17,1681,7,-17.73971507398974,24.315739256995066,-26.305189779826573,2.0300163823021506,60.31724988754323,,,0.0,-1,-1,0,128,delayed
17,1705,7,-41.20514438690437,24.406794684273855,24.781001704079763,2.754231595491636,81.83563287555243,,,0.0,-1,-1,0,128,delayed
17,2811,10,-17.570624127212618,47.939853763580324,25.21938133239746,4.388684950394609,130.39964068193984,,,0.0,-1,-1,0,128,delayed
17,2817,6,14.000768341013384,0.0,19.894633452097576,1.8674003962029586,55.48549130925491,,,0.0,-1,-1,0,128,delayed
17,3469,7,-9.228787114052029,25.927022661481583,-16.244290896824428,2.9963059308476323,89.02831284814948,,,0.0,-1,-1,0,128,delayed
17,4069,7,-18.53719401072175,-20.139069148472377,16.719362667628697,1.7115510373647027,50.85478743720051,0.3594411015510559,91.86754608154297,159.25625610351562,4,11,2,128,delayed
17,4405,11,0.4069743609889077,-6.101788439533928,2.318286245519465,4.404852319448974,130.88001672608308,,,0.0,-1,-1,0,128,delayed
17,5797,7,31.713196852278212,4.841769695281982,-35.579698835100444,2.3001378871503433,68.34328674614753,,,0.0,-1,-1,0,128,delayed
17,5899,9,-17.127312217502205,30.622312433189816,7.276699172125922,3.101754890858921,92.16148523376806,,,0.0,-1,-1,0,128,delayed
17,6005,6,-7.018550927466014,-13.11725002527237,24.41029977798462,2.545045968665295,75.62016494328982,,,0.0,-1,-1,0,128,delayed
17,6671,7,25.489654439644678,-9.1965913772583,20.8945951461792,2.3474784116348317,69.74990113115068,,,0.0,-1,-1,0,128,delayed
18,470,8,-16.62359152442699,18.72672128677368,21.835243582725525,3.174444611202497,94.32129244736645,0.3811686635017395,149.77908325195312,149.77908325195312,5,7,1,128,delayed
18,994,6,-43.591323278144436,13.731544176737467,1.1500686009724952,1.8075281890859118,53.70652690804047,,,0.0,-1,-1,0,128,delayed
18,1306,7,1.1051633596574715,9.556854384286064,3.748474529811315,2.122249189659163,63.05773481056319,,,0.0,-1,-1,0,128,delayed
18,1562,12,-45.659187764533385,24.49554047981898,25.12610363960266,2.980437682615311,88.55682448862156,,,0.0,-1,-1,0,128,delayed
18,1572,6,15.798122535316308,-7.491612593332927,10.549224535624186,2.568590285844733,76.31972996903272,,,0.0,-1,-1,0,128,delayed
18,1578,9,6.793790091909191,46.381487952338325,-2.060315238104926,3.881367901725413,115.3258858770211,,,0.0,-1,-1,0,128,delayed
18,1816,8,-30.791064547940046,-25.138701856136322,3.6673392057418814,2.7240691704674633,80.93942605512564,,,0.0,-1,-1,0,128,delayed
18,2170,7,-2.270534938262414,2.0626013619559154,27.00718014580863,1.1902037223900006,35.36415566216673,,,0.0,-1,-1,0,128,delayed
18,2892,26,-12.211146546797115,3.1784105667701135,-46.96469178566566,2.554864223223563,75.91189170905069,,,0.0,-1,-1,0,128,delayed
18,3070,8,-39.56154148007844,40.068811893463135,57.62719535827637,2.3117458186992303,68.68818963166896,,,0.0,-1,-1,0,128,delayed
18,3572,8,28.16993410160787,21.11346125602722,22.17818546295166,3.0842781828673473,91.64220520611434,,,0.0,-1,-1,0,128,delayed
18,3912,8,-18.798493004364467,1.829025149345398,-7.239891052246094,1.9526644465202243,58.018915706341936,,,0.0,-1,-1,0,128,delayed
18,3992,6,-28.364345838268463,0.21708110968271832,41.975406646728516,1.6710173323241908,49.65042197635437,,,0.0,-1,-1,0,128,delayed
18,4184,6,32.253496531381764,15.666799942652384,-15.009466807047525,1.7672162335364734,52.50875022134518,,,0.0,-1,-1,0,128,delayed
18,4470,6,21.127613071574697,3.0437564055124917,4.038464625676472,1.9934155621128893,59.22974101978666,,,0.0,-1,-1,0,128,delayed
18,4964,8,15.680021804744461,-28.155899941921234,-49.07442510128021,3.7504502162467044,111.43596911646625,,,0.0,-1,-1,0,128,delayed
18,5248,7,-33.56508173157719,-15.665480477469307,22.252683912004745,3.6473837498323607,108.37358702736707,,,0.0,-1,-1,0,128,delayed
18,5520,6,0.6302001721916556,-11.67620054880778,-29.79723326365153,2.1765712465919878,64.67178931326958,,,0.0,-1,-1,0,128,delayed
18,6060,6,-0.97157381823648,-25.791100184122723,-26.54563315709432,1.3091503096682626,38.89837887863017,,,0.0,-1,-1,0,128,delayed
18,6070,6,-42.75902571902628,-0.2956000367800395,-24.476433277130127,2.2802733091779563,67.75305667514081,,,0.0,-1,-1,0,128,delayed
18,6090,6,43.55991271424036,-29.27825617790222,2.709735234578451,2.350285668781517,69.83331229585427,,,0.0,-1,-1,0,128,delayed
19,538,6,4.855756372406243,14.927799940109253,-4.2784334023793535,2.4115988813354803,71.65509284662572,,,0.0,-1,-1,0,128,delayed
19,540,12,-30.302468578612448,13.85394044717153,14.064932028452555,3.5567133365272676,105.67952503633624,,,0.0,-1,-1,0,128,delayed
19,798,8,-33.94700657579391,19.173586130142212,14.773123025894165,2.869815969211116,85.26995567881312,,,0.0,-1,-1,0,128,delayed
19,1002,6,-41.07603876368212,-7.223725398381551,16.05330467224121,2.1197259338527514,62.98276208998202,,,0.0,-1,-1,0,128,delayed
19,1240,8,-2.0058423494007886,8.902640998363495,11.9014151096344,2.184266608490219,64.90043922498326,,,0.0,-1,-1,0,128,delayed
19,1954,7,27.347189537460036,-9.786471503121513,-11.665071487426758,2.116683157303192,62.892353009990444,,,0.0,-1,-1,0,128,delayed
19,1994,8,-29.516197046513774,-30.459501288831234,19.551323413848877,3.264083159092676,96.98469493996946,,,0.0,-1,-1,0,128,delayed
19,2206,8,2.857351024361707,-0.1489547435194254,-30.81755805015564,2.5094480046629846,74.56245363172881,,,0.0,-1,-1,0,128,delayed
19,3138,10,46.00019570270139,-8.025539827346801,-6.5530003070831295,4.717563590162847,140.1715101459093,,,0.0,-1,-1,0,128,delayed
19,3372,8,-39.71353727627429,40.93136239051819,20.16335916519165,2.1856847012710454,64.94257457786539,,,0.0,-1,-1,0,128,delayed
19,3666,7,-36.94261625955243,-18.85637637547084,-26.204955782209122,2.3573354416157963,70.04278001907207,,,0.0,-1,-1,0,128,delayed
19,3674,6,-2.7156381912501804,-8.498499949773153,-36.96553421020508,1.0669520114114142,31.702015634640517,,,0.0,-1,-1,0,128,delayed
19,3932,9,-35.15736893961173,15.226479755507576,30.561356862386067,2.192165675923583,65.13514177635697,,,0.0,-1,-1,0,128,delayed
19,4214,6,-40.104863503704934,-6.77570645014445,10.923343539237976,1.3420475261848057,39.87584371415168,,,0.0,-1,-1,0,128,delayed
19,4356,6,37.90581017327725,-31.185799598693848,3.998366435368857,1.7594457246712167,52.27786749100609,,,0.0,-1,-1,0,128,delayed
19,4412,8,-18.261894830324767,25.945828080177307,17.787012219429016,2.722502009192358,80.89286147610613,,,0.0,-1,-1,0,128,delayed
19,5124,6,26.3347089175346,-17.49120585123698,37.76604755719503,2.5859244501920777,76.83477464140371,,,0.0,-1,-1,0,128,delayed
19,5200,8,17.69888030336765,22.42287588119507,15.372560739517212,2.9294096741487365,87.04064503077322,,,0.0,-1,-1,0,128,delayed
20,192,12,-11.467508529067787,3.3416655858357753,-0.06917858123779297,3.4588664486203107,102.77223067159359,,,0.0,-1,-1,0,128,delayed
20,454,6,12.400783249652855,-25.31536857287089,14.938714027404785,2.10931185508946,62.67333178361097,,,0.0,-1,-1,0,128,delayed
20,1202,7,-21.945910283994955,20.582469395228795,-0.19731521606445312,3.4991335683033067,103.9686751640348,,,0.0,-1,-1,0,128,delayed
20,1282,6,-19.773687774139763,4.078356325626373,-25.32166576385498,1.0903127866458935,32.3961271352516,,,0.0,-1,-1,0,128,delayed
20,1310,8,-43.71526630927873,14.337754905223846,-47.33310490846634,5.125465645193315,152.2913779447166,,,0.0,-1,-1,0,128,delayed
20,1586,10,2.3276277189809504,10.685939788818363,15.785040092468261,3.598618671483314,106.92464531329605,,,0.0,-1,-1,0,128,delayed
20,1930,6,27.537369787424165,-9.496150334676107,20.864570776621502,2.7009924370662217,80.25375420179195,,,0.0,-1,-1,0,128,delayed
20,1968,6,-18.35908361729459,41.674981435139976,31.9634272257487,3.1357267033032294,93.17087920625036,,,0.0,-1,-1,0,128,delayed
20,2442,472,44.16860918407972,-24.620912291298982,6.915858879937964,212.61733373369896,6317.433179871687,0.5908599495887756,58.24800109863281,58.24800109863281,3,10,1,128,delayed
20,2574,10,-15.514181308599706,8.299893856048584,30.182813835144042,4.5562200612976795,135.377559696474,,,0.0,-1,-1,0,128,delayed
20,2940,6,26.913761536834958,33.550600369771324,40.668299992879234,2.3214978149086987,68.97794768357285,,,0.0,-1,-1,0,128,delayed
20,3354,11,4.2897567393177205,-13.604318532076746,-12.92541824687611,2.76716832049938,82.2200177907784,,,0.0,-1,-1,0,128,delayed
20,3928,9,-24.420684736237842,-22.27777099609375,-17.388681835598415,3.0011412294596673,89.17198258264305,,,0.0,-1,-1,0,128,delayed
20,3992,6,3.501033958452736,26.87188784281413,-5.485605239868164,3.131269936083248,93.03845665811635,,,0.0,-1,-1,0,128,delayed
20,4122,6,-44.62016327406463,-31.684624671936035,10.97562082608541,1.0915019487750415,32.43146034237541,,,0.0,-1,-1,0,128,delayed
20,4278,6,-30.32889943531653,-15.796124776204428,14.63996664683024,2.3294517737647937,69.21428120683942,,,0.0,-1,-1,0,128,delayed
20,4886,9,-5.029248789895539,-19.11854574415419,23.18367338180542,3.651624518994941,108.49959169192286,,,0.0,-1,-1,0,128,delayed
20,4890,6,7.376009025812093,21.186206261316936,-38.88231341044108,2.186958100845504,64.98041070618876,,,0.0,-1,-1,0,128,delayed
20,5112,718,-45.808743743712895,1.1623810893728872,17.537866807913712,287.8995039110213,8554.269054817965,,,0.0,-1,-1,0,128,delayed
20,5692,9,-45.059157580704415,-21.006075117323135,8.177913771735298,3.677561274148379,109.27024248838971,,,0.0,-1,-1,0,128,delayed
20,5948,6,-15.822866439067193,50.4228941599528,-6.313831329345703,2.04417119857721,60.737827572441915,,,0.0,-1,-1,0,128,delayed
20,6006,14,-10.264439407431727,60.42908532278879,-15.700657095227923,6.497376250163706,193.05453409694763,,,0.0,-1,-1,0,128,delayed
21,36,6,-11.992770822705223,15.006318092346191,2.8235270182291665,2.596532561276036,77.14997017020053,,,0.0,-1,-1,0,128,delayed
21,188,8,1.3996353243994681,-19.398749947547913,-20.469300091266632,3.3214423704031577,98.68899147280982,,,0.0,-1,-1,0,128,delayed
21,474,11,-31.88283915341942,-5.718852476640181,36.811186443675645,4.445023249886011,132.0736031771629,,,0.0,-1,-1,0,128,delayed
21,712,7,-31.254381242279603,1.4252139500209264,-42.082957540239605,2.1767202621006323,64.67621696506116,,,0.0,-1,-1,0,128,delayed
21,1094,13,23.0142590033573,-21.875821627103367,27.165853940523586,4.6322203652155896,137.6357332574909,,,0.0,-1,-1,0,128,delayed
21,1460,6,-14.027849179192652,16.49817494551341,-0.9407539367675781,3.206579269347036,95.27609962146266,,,0.0,-1,-1,0,128,delayed
21,1874,7,10.959759000620195,56.343470982142854,6.020899772644043,2.493586750745016,74.09117309210336,,,0.0,-1,-1,0,128,delayed
21,2032,7,-29.237845405611324,-21.64346204485212,26.377887180873326,2.2242494202422853,66.08843616366856,,,0.0,-1,-1,0,128,delayed
21,3234,6,22.152401972549654,-18.608944098154705,24.978405952453613,2.2344917610022206,66.39276367177948,,,0.0,-1,-1,0,128,delayed
21,3292,7,-7.177055450609969,37.81964499609811,18.516716275896346,1.8924614023914466,56.230121247162145,,,0.0,-1,-1,0,128,delayed
21,3360,14,19.68539667968869,21.061499731881277,-17.53427164895194,5.779514405048174,171.72492677256614,,,0.0,-1,-1,0,128,delayed
21,3884,8,14.958280947871632,19.17704999446869,35.98829960823059,2.2556982170831126,67.0228645526452,,,0.0,-1,-1,0,128,delayed
21,3890,7,-3.623197081669892,-39.15776171003069,16.512237821306503,2.5079676063871026,74.51846701491236,,,0.0,-1,-1,0,128,delayed
21,3958,6,-15.397739001449125,19.218617757161457,17.85923449198405,1.6254582780701825,48.29673986618205,,,0.0,-1,-1,0,128,delayed
21,4048,8,27.365011218507604,24.27614939212799,-5.775850057601929,2.8920964113361833,85.93196757535682,,,0.0,-1,-1,0,128,delayed
21,4336,6,-19.51825537699508,-8.951137681802114,8.433837095896402,1.8671130728560645,55.47695415937564,,,0.0,-1,-1,0,128,delayed
21,4814,8,-44.60567743238399,2.58072566986084,-33.941038727760315,2.217048932259192,65.87449028777573,,,0.0,-1,-1,0,128,delayed
21,4830,7,-2.6643394616496985,21.3940498147692,-5.561664921896798,2.150883997346424,63.90855200879466,,,0.0,-1,-1,0,128,delayed
21,5500,8,-18.563580208938912,6.626751899719238,-11.143888473510742,1.9955647035060449,59.29359779433526,,,0.0,-1,-1,0,128,delayed
21,5694,7,1.9577447596756845,14.097744362694877,-33.410205023629324,4.098837768386079,121.78750086926392,,,0.0,-1,-1,0,128,delayed
21,6058,8,-13.632627550294643,39.62887538969517,-43.31022548675537,1.8944634105179372,56.289606296393856,,,0.0,-1,-1,0,128,delayed
21,6286,6,-32.52703572174591,22.2716121673584,0.23870372772216797,2.2919615045952386,68.10034441619794,,,0.0,-1,-1,0,128,delayed
22,436,9,39.34505029397048,57.469567192925346,27.317033131917317,3.3460821846482944,99.42110666457054,,,0.0,-1,-1,0,128,delayed
22,462,10,21.606527958586486,-44.55061526298523,42.71806011199951,3.6927838943234392,109.72254750082561,,,0.0,-1,-1,0,128,delayed
22,744,8,-35.0571610504964,-59.651155948638916,63.422571659088135,4.231756796307076,125.73688289978134,,,0.0,-1,-1,0,128,delayed
22,1118,6,-22.799363786081425,-4.494043986002605,36.27734009424845,0.8548343607723234,25.39942938425414,,,0.0,-1,-1,0,128,delayed
22,1324,8,-10.42414692546878,10.683168709278105,9.78251188993454,2.9780272793793543,88.4852049216168,,,0.0,-1,-1,0,128,delayed
22,1464,10,-13.290439800577058,-4.769321298599244,23.915128707885742,3.2077265861236786,95.31018949054958,,,0.0,-1,-1,0,128,delayed
22,1556,6,-4.082468701110447,-25.74491278330485,7.33163317044576,1.9717491174554524,58.585972640392995,,,0.0,-1,-1,0,128,delayed
22,1588,7,-11.976115930432735,-28.82891845703125,-18.847828456333705,2.4000393137329783,71.31162698410822,,,0.0,-1,-1,0,128,delayed
22,1810,9,17.46971240882023,22.342433081732857,-16.84661102294922,2.977451532783008,88.46809794079316,,,0.0,-1,-1,0,128,delayed
22,1940,8,-42.539912060989366,-33.099117279052734,20.752095818519592,2.6319152033128197,78.20128368669239,,,0.0,-1,-1,0,128,delayed
22,2866,6,-16.216658051331915,7.523943821589152,30.171351591746014,1.2734600170029404,37.83792423401668,,,0.0,-1,-1,0,128,delayed
22,2886,6,-35.275714672667924,8.498499949773153,10.427666346232096,2.648538903507336,78.69521855708547,,,0.0,-1,-1,0,128,delayed
22,3030,6,-26.047272732196088,-11.84709390004476,-25.866676330566406,1.433773715221682,42.601275643471844,0.39502641558647156,375.7807922363281,375.7807922363281,7,11,1,128,delayed
22,3668,6,-2.127212968730728,0.36949968338012695,-8.735732952753702,1.9813393473043233,58.87092417837877,,,0.0,-1,-1,0,128,delayed
22,3878,6,-1.2328010204650421,35.15792465209961,22.94300905863444,2.0286610937089518,60.27698061609381,,,0.0,-1,-1,0,128,delayed
22,4418,13,-18.365376761396277,-0.13643107047447792,-5.701361802908091,3.7970326808965056,112.82005950369422,,,0.0,-1,-1,0,128,delayed
22,4842,6,-36.62153778021237,2.6326872607072196,0.2664165496826172,2.0801969289267825,61.80824897338259,,,0.0,-1,-1,0,128,delayed
22,5088,6,-34.15014093419841,1.4087186654408768,6.883614699045817,1.73039784355146,51.414776769434134,,,0.0,-1,-1,0,128,delayed
22,5132,7,-21.81740804770979,-43.009800502232146,30.563735144478933,1.7680035875506073,52.532144628028064,,,0.0,-1,-1,0,128,delayed
22,5636,8,22.96475517287312,-26.271449983119965,37.989424884319305,2.290200161564128,68.04801017462658,,,0.0,-1,-1,0,128,delayed
22,5822,7,-19.920760339677006,13.895839214324951,-2.60164635522025,2.9691226878742634,88.22062554401103,,,0.0,-1,-1,0,128,delayed
22,6076,6,24.786548568104227,-0.10623117287953694,9.802664915720623,2.0302921928953213,60.32544496252633,,,0.0,-1,-1,0,128,delayed
22,6230,6,16.835343351906563,-1.9999185800552368,33.245968421300255,1.690072259814498,50.216595152611426,,,0.0,-1,-1,0,128,delayed
22,6284,7,43.96210426686004,-30.61439405168806,52.45139139039175,3.799852255502261,112.90383665325547,,,0.0,-1,-1,0,128,delayed
23,456,6,42.58873745426317,5.861193776130676,58.00246810913086,1.8896869538927372,56.14768491568438,,,0.0,-1,-1,0,128,delayed
23,842,6,-6.34490683401426,-9.436106304327646,-20.14089806874593,1.513542557815089,44.971422630409066,,,0.0,-1,-1,0,128,delayed
23,1390,8,-43.1624946373328,15.730307698249817,41.49962329864502,3.414371576367823,101.45016827260739,,,0.0,-1,-1,0,128,delayed
23,1538,8,-52.69930265260197,-18.186328411102295,44.84826850891113,2.2212113070904818,65.99816564577446,,,0.0,-1,-1,0,128,delayed
23,1648,7,-34.842888226663135,25.966612134660995,27.763512475149973,1.49657897784013,44.46738901705637,,,0.0,-1,-1,0,128,delayed
23,1740,6,-35.16292602743912,48.70933723449707,7.693366368611653,2.7197727984536724,80.8117692802223,,,0.0,-1,-1,0,128,delayed
23,2248,7,-24.543972220080313,-14.39862320465701,-23.023238045828684,1.7840448066089751,53.008772416296026,,,0.0,-1,-1,0,128,delayed
23,2370,7,39.241952250202324,15.360642978123256,16.852528708321707,3.5038386581604968,104.10847604600482,,,0.0,-1,-1,0,128,delayed
23,2608,6,-22.69206176553516,13.57912508646647,9.70419987042745,2.263816768246206,67.26408855630261,,,0.0,-1,-1,0,128,delayed
23,3108,6,-10.558624342903288,-43.98435592651367,-20.435027082761128,1.6488074230421208,48.990505800393734,,,0.0,-1,-1,0,128,delayed
23,4000,6,5.758743807372446,9.311399737993876,-16.265766461690266,2.070094837203505,61.508088641588216,,,0.0,-1,-1,0,128,delayed
23,4012,9,-5.187967144238754,2.6881123118930392,23.868229866027832,2.4826605086413323,73.76652503455799,,,0.0,-1,-1,0,128,delayed
23,4370,7,-2.157288655821351,-32.26922760690962,5.731898171561103,2.06303345101861,61.29827585446986,,,0.0,-1,-1,0,128,delayed
23,4634,10,2.6178709792896315,-2.2696542739868164,10.682286357879638,4.244123203929996,126.10432215066906,,,0.0,-1,-1,0,128,delayed
23,4690,7,13.912384726645579,2.5455909286226546,57.2575307573591,2.1734231301205535,64.57825030070887,,,0.0,-1,-1,0,128,delayed
23,5412,10,-15.60095769880807,-47.18607406616211,29.961113739013673,3.0619005610096552,90.97730583818478,,,0.0,-1,-1,0,128,delayed
23,5560,8,1.0353435751900708,-26.607463777065277,30.754102110862732,2.9632175371306144,88.04516762350679,,,0.0,-1,-1,0,128,delayed
23,6034,7,-11.567944285896775,5.958187511989048,-3.805337905883789,2.698133365123115,80.16880348004295,,,0.0,-1,-1,0,128,delayed
24,178,10,-44.65598271272749,22.322418689727783,-10.293428897857666,3.6785074879297532,109.29835704627988,,,0.0,-1,-1,0,128,delayed
24,180,6,-31.624168214259424,-39.37946140766144,28.32699994246165,0.8284537294489469,24.615589832221197,,,0.0,-1,-1,0,128,delayed
24,1594,7,0.755135534276374,5.768158844539097,9.182823181152344,2.4728800709466627,73.47592190958717,,,0.0,-1,-1,0,128,delayed
24,1654,10,9.140213573374885,11.018490040302277,-2.9698974609375,2.6702018312057407,79.33888243816148,,,0.0,-1,-1,0,128,delayed
24,1784,7,11.437200136576227,10.075473376682826,25.21648406982422,2.949826565302817,87.64728581279039,,,0.0,-1,-1,0,128,delayed
24,1946,8,-20.692882598708923,-20.233588457107544,30.93312907218933,2.3361925719640455,69.41456846213964,,,0.0,-1,-1,0,128,delayed
24,2820,9,9.12331231427614,2.919049845801459,9.824149979485405,3.001058137217771,89.16951368851892,,,0.0,-1,-1,0,128,delayed
24,3060,6,-10.484123227069425,31.14423116048177,29.20918083190918,1.3653120484876622,40.567095281128864,,,0.0,-1,-1,0,128,delayed
24,3420,6,-17.941345217797547,-3.19617509841919,-19.868391354878742,1.78067688274822,52.90870233465412,,,0.0,-1,-1,0,128,delayed
24,4446,6,-0.9445677186079532,-14.082568566004435,-15.908651987711588,2.5094829470273643,74.56349186341123,,,0.0,-1,-1,0,128,delayed
24,4608,13,-29.71173102864092,35.80454987746019,-0.2560519805321324,4.955760012031318,147.2489668725717,,,0.0,-1,-1,0,128,delayed
24,4750,6,36.591397629636894,21.83283042907715,32.109756310780845,1.8736449034934055,55.671032426039076,,,0.0,-1,-1,0,128,delayed
24,4978,8,-5.436574593037333,43.57097840309143,7.842637300491333,2.8605761307318236,84.99541521138892,,,0.0,-1,-1,0,128,delayed
24,4984,7,22.325992195596086,3.2621570314679826,-9.23807157788958,3.704462861316894,110.06956104057535,,,0.0,-1,-1,0,128,delayed
24,5700,6,-16.69785599185584,8.877237717310587,14.076478481292725,1.1758679031051604,34.93819989073312,,,0.0,-1,-1,0,128,delayed
24,5990,6,18.828248200462497,-20.373306671778362,8.951343774795532,1.774449807574025,52.72367917295703,,,0.0,-1,-1,0,128,delayed
25,674,9,8.920779468663246,11.685437308417427,24.665870984395344,4.1128497221242695,122.20383372372129,,,0.0,-1,-1,0,128,delayed
25,730,7,-7.8110110890506075,-5.4554034641810825,28.63843536376953,1.2990196706607469,38.59737033019478,,,0.0,-1,-1,0,128,delayed
25,1174,6,-8.057162084864594,-1.722794055938721,28.637926896413166,1.3659560664759036,40.58623078873732,,,0.0,-1,-1,0,128,delayed
25,1310,11,-56.82776197340059,45.9044962796298,54.78571874445135,3.7998611412409433,112.90410067246498,,,0.0,-1,-1,0,128,delayed
25,1606,6,6.769357082593463,26.27144944667816,-1.0992616017659493,1.7703010591534625,52.60040869229232,,,0.0,-1,-1,0,128,delayed
25,2030,7,31.215610253427286,0.5186196054731097,16.15845537185669,3.3672039331289145,100.0486906546675,,,0.0,-1,-1,0,128,delayed
25,2486,6,4.152046866929751,-9.727087338765461,-11.158899863560995,1.805207038927043,53.63755929015346,,,0.0,-1,-1,0,128,delayed
25,2802,8,-21.481097120075873,15.667954824864864,0.08077692985534668,2.831962901428093,84.14523916500377,,,0.0,-1,-1,0,128,delayed
25,2824,6,-41.74654880618692,-26.973500331242878,-23.449600378672283,1.9431077888360895,57.7349616877197,,,0.0,-1,-1,0,128,delayed
25,2830,10,-9.476230842624444,7.352126264572144,-7.400243663787842,3.6965416033391536,109.83419914840911,,,0.0,-1,-1,0,128,delayed
25,3284,12,-15.692090928098638,12.699253300825754,17.346657435099285,3.9007215795885197,115.90093573084947,,,0.0,-1,-1,0,128,delayed
25,3306,6,-33.50226207666835,-7.657887776692708,6.14923373858134,2.5821331675221955,76.72212543020164,,,0.0,-1,-1,0,128,delayed
25,3464,10,13.50157784164474,29.488871383666993,28.69742317199707,4.7365089872062365,140.73442887782068,,,0.0,-1,-1,0,128,delayed
25,3670,8,-36.40685118091549,18.27639353275299,20.5951087474823,2.279038575598456,67.71636941758538,,,0.0,-1,-1,0,128,delayed
25,3886,10,-10.319892887841686,-13.038731670379638,13.92111873626709,3.5154928768818468,104.45475424798792,0.3147493898868561,150.4620819091797,150.4620819091797,1,1,1,128,delayed
25,4858,7,-20.051440427382637,-6.900412559509277,38.017138072422576,2.282589197641699,67.8218679539054,,,0.0,-1,-1,0,128,delayed
25,5226,8,1.0074617106654289,34.87271702289581,24.027995347976685,2.142749371561805,63.666850384871736,,,0.0,-1,-1,0,128,delayed
25,5342,7,-2.2915051722378257,6.001735397747585,23.21596363612584,1.6033479623046232,47.639782881622494,,,0.0,-1,-1,0,128,delayed
25,5698,7,37.502566348999274,-7.062728677477155,-5.064100129263742,2.4417040780921684,72.54959926121315,,,0.0,-1,-1,0,128,delayed
26,140,7,-2.2257080479136806,-30.594599553516932,-2.5924671718052466,1.74461057718177,51.837075334824206,,,0.0,-1,-1,0,128,delayed
26,144,8,-29.81955690981982,38.911813259124756,40.19020748138428,3.4268092897721782,101.81972621015927,,,0.0,-1,-1,0,128,delayed
26,494,6,-6.560502657655831,-12.073412617047628,22.628933747609455,2.7355154450232364,81.27952567633116,,,0.0,-1,-1,0,128,delayed
26,1090,6,15.745824496576114,-1.0346000989278157,31.310713132222492,1.5160110273961762,45.044767504795445,,,0.0,-1,-1,0,128,delayed
26,1444,6,-21.13241609410954,13.597599824269613,-43.69820022583008,2.472909043174881,73.47678275245744,,,0.0,-1,-1,0,128,delayed
26,1510,7,11.77810537634501,10.8316285269601,6.4221890313284735,2.6061906275309576,77.43693731037106,,,0.0,-1,-1,0,128,delayed
26,1704,12,13.869793550915189,18.28563153743744,14.839308222134909,3.9066014580119695,116.07564274270787,,,0.0,-1,-1,0,128,delayed
26,2720,8,3.145011389843951,35.74912476539612,4.821974873542786,1.986446370603004,59.022667584576645,,,0.0,-1,-1,0,128,delayed
26,3620,7,-17.361875075423992,6.3224092211042136,26.323722907475062,2.0217950463495513,60.07297187117568,,,0.0,-1,-1,0,128,delayed
26,3830,7,47.31727674715223,7.69615718296596,-19.27952902657645,4.754385372075815,141.26558438112818,,,0.0,-1,-1,0,128,delayed
26,4720,6,-15.509889233459214,5.699538071950276,29.343125025431316,1.253061067203145,37.231816537919,,,0.0,-1,-1,0,128,delayed
26,4744,6,7.261596597924374,18.100881497065227,4.780405839284261,1.0844844750137428,32.22295231153897,,,0.0,-1,-1,0,128,delayed
26,5752,7,22.790155136113672,34.36349964141846,26.240586144583567,3.525027191582047,104.73804439642812,,,0.0,-1,-1,0,128,delayed
26,6144,7,6.4175361367702255,2.1496985299246654,-5.471868787493024,2.267775083197182,67.38170074609238,,,0.0,-1,-1,0,128,delayed
27,532,6,-32.96784905340595,17.763713089128334,-15.342015902201334,2.2193234304412446,65.94207174988196,,,0.0,-1,-1,0,128,delayed
27,534,6,-44.604198749243096,14.216512521107992,-0.8882711728413893,1.6637823658052988,49.435451650374475,,,0.0,-1,-1,0,128,delayed
27,1254,6,34.24326732899075,3.2515999476114907,47.91050020853678,2.7911454155642303,82.93244181218645,,,0.0,-1,-1,0,128,delayed
27,1344,8,-20.574811417758845,17.829530000686646,7.0956573486328125,2.603335451561922,77.35210234849654,,,0.0,-1,-1,0,128,delayed
27,2066,8,3.4223611169215236,-8.268717229366302,-17.246464133262634,3.451755754374366,102.56095280928382,,,0.0,-1,-1,0,128,delayed
27,2300,7,-39.733380152574235,-17.38365524155753,-11.203137806483678,2.765421715993556,82.16812147045756,,,0.0,-1,-1,0,128,delayed
27,2360,11,17.759564410796738,-31.796314586292613,24.651239568536933,2.9455702241994586,87.52081846396698,,,0.0,-1,-1,0,128,delayed
27,3764,6,38.698714906080546,24.46089967091878,-7.545567035675049,2.241413492520687,66.59842694292038,,,0.0,-1,-1,0,128,delayed
27,3854,6,-24.849016326582085,6.651000022888183,-13.645258903503418,2.116989276595546,62.901448637992914,,,0.0,-1,-1,0,128,delayed
27,4020,12,-30.489912429875798,-4.410905520121257,24.54256757100423,4.307627586075559,127.99120824687094,,,0.0,-1,-1,0,128,delayed
27,4862,7,34.87982298546009,53.3663569859096,43.02644266401018,2.3574110771880363,70.04502735547337,,,0.0,-1,-1,0,128,delayed
28,1534,9,3.7411780821182226,22.73656687471602,-8.683877997928196,3.4896203127247993,103.68601073877427,,,0.0,-1,-1,0,128,delayed
28,1692,6,-13.004255952995562,-50.566075007120766,45.13925043741862,2.2490838337517496,66.82633342327696,,,0.0,-1,-1,0,128,delayed
28,2776,7,-26.65625647231015,24.73538589477539,-47.017043113708496,2.065422843476868,61.369271134725054,,,0.0,-1,-1,0,128,delayed
28,3710,10,-31.81202649411204,23.968540740013122,11.684596252441406,4.533513926133134,134.7028993141046,,,0.0,-1,-1,0,128,delayed
28,4022,39,5.674724674923291,-55.39657690586188,45.88296604156494,20.84037173870903,619.2235298551927,,,0.0,-1,-1,0,128,delayed
28,4374,9,-9.799645150114522,28.5100040435791,-5.758531782362196,3.7694566454694742,112.0007012786765,,,0.0,-1,-1,0,128,delayed
28,4390,8,-32.800244137244235,-37.67514431476593,11.81024694442749,2.704167666515037,80.34809881387692,,,0.0,-1,-1,0,128,delayed
28,4578,6,-29.333777388107023,20.36868731180827,-18.234825293223064,2.348698424299861,69.78615099072034,,,0.0,-1,-1,0,128,delayed
28,5062,7,-13.226999085029465,-12.763585771833148,-5.386210850306919,2.669955285689022,79.33155690735776,,,0.0,-1,-1,0,128,delayed
28,5064,6,-10.300929749880966,30.359043916066486,-12.780081431070963,1.2290695652799817,36.51896444997879,,,0.0,-1,-1,0,128,delayed
28,5082,6,-27.217560805254298,26.73794428507487,25.38632615407308,2.3789442607211013,70.68483618823034,,,0.0,-1,-1,0,128,delayed
29,454,7,-17.679226546816874,-0.11876814705984932,-25.838036400931223,2.694970900320719,80.07483813995523,,,0.0,-1,-1,0,128,delayed
29,488,9,-4.461936771891812,4.51097912258572,-19.500010013580322,2.871636051555613,85.32403522346412,,,0.0,-1,-1,0,128,delayed
29,768,9,1.3045386553615386,4.4555547502305775,16.312934663560654,3.483435009724463,103.50222874077956,,,0.0,-1,-1,0,128,delayed
29,802,7,13.157046350879195,-16.81752852031163,47.910501207624165,2.262801400607532,67.2339192512056,,,0.0,-1,-1,0,128,delayed
29,1570,6,-38.23609705558612,44.695643742879234,-39.00240262349447,2.0312140474244713,60.35283574147742,,,0.0,-1,-1,0,128,delayed
29,1580,8,49.335432937763805,14.0225248336792,-15.702750205993652,2.7636611130562603,82.1158092190652,,,0.0,-1,-1,0,128,delayed
29,1906,7,-0.18789908927258128,-19.949040787560598,-27.45723819732666,2.473766999336641,73.50227493895042,,,0.0,-1,-1,0,128,delayed
29,1918,9,-10.050287449997743,-4.449396504296196,-6.009062714046902,3.5839926069137444,106.49006557334658,,,0.0,-1,-1,0,128,delayed
29,2432,9,-27.95530900375057,-16.165624856948853,40.06576368543837,2.627150566190627,78.05971349522585,,,0.0,-1,-1,0,128,delayed
29,2748,7,-15.398238522374223,18.424853937966482,-33.70046860831125,2.8879727395580006,85.80944218922335,,,0.0,-1,-1,0,128,delayed
29,3242,6,-27.445912364219723,7.371525049209595,18.304312308629353,1.8768685715343405,55.766816279053636,,,0.0,-1,-1,0,128,delayed
29,3246,6,-15.89875789570938,4.193824867407481,0.868324279785155,1.1044479883025824,32.816122017051725,,,0.0,-1,-1,0,128,delayed
29,3548,10,-7.967822381944219,14.986920356750488,11.118255043029786,3.6980219192640553,109.87818331835632,,,0.0,-1,-1,0,128,delayed
29,3794,6,-41.657826875670146,13.024874647458395,1.7444165547688815,2.4926788179433776,74.06419596514273,,,0.0,-1,-1,0,128,delayed
29,4068,6,-16.963059550478903,34.20646289984385,4.035316467285158,1.3291046863165625,39.49127710996401,,,0.0,-1,-1,0,128,delayed
29,4176,7,-0.5441884061153155,28.183612414768763,10.400912352970668,2.608476445234358,77.50485510591957,,,0.0,-1,-1,0,128,delayed
29,4798,6,31.313378465978342,-33.89700667063395,22.136198043823242,1.3599187363791736,40.40684546393266,,,0.0,-1,-1,0,128,delayed
29,6022,9,27.22276452375138,-1.046916855706109,50.05975781546699,3.2159517468675642,95.55458115175948,,,0.0,-1,-1,0,128,delayed
30,212,24,-33.28585436169732,-21.403287450472515,27.85819709300995,6.5521717352910125,194.68265542539956,,,0.0,-1,-1,0,128,delayed
30,436,12,-1.8893121218810645,18.535043597221375,10.965854128201803,4.251129537466161,126.31249917543627,,,0.0,-1,-1,0,128,delayed
30,1096,14,-38.555255474702115,-25.653857319482736,-30.20617130824498,6.993628466413988,207.799522953082,,,0.0,-1,-1,0,128,delayed
30,1926,8,-5.33006577918284,1.6142537593841553,42.251325368881226,3.302440750633804,98.12440221240374,,,0.0,-1,-1,0,128,delayed
30,2072,7,13.082229435925347,39.727847712380544,28.761162621634348,3.1315468327551743,93.04668400342213,,,0.0,-1,-1,0,128,delayed
30,2172,6,-32.694663232372115,-44.70949935913086,-29.13990020751953,2.578833756393383,76.62409104620686,,,0.0,-1,-1,0,128,delayed
30,2708,8,16.404412118521968,-29.593486070632935,-2.3232829570770264,2.9179415634152,86.69989659796094,,,0.0,-1,-1,0,128,delayed
30,3062,7,-1.345784219305767,15.602137429373604,-6.2465594836643765,1.7794523543528409,52.87231830058307,,,0.0,-1,-1,0,128,delayed
30,3390,6,-31.09646704007919,36.43731943766276,-3.197851816813151,2.005621324032493,59.59240705449997,,,0.0,-1,-1,0,128,delayed
30,3398,6,-21.560797510154277,-28.372981389363606,-22.060826619466145,1.6238425505224117,48.248732252500346,,,0.0,-1,-1,0,128,delayed
30,3620,6,22.62954881812833,27.513893445332844,49.66100597381592,2.6644479911574366,79.16792036562246,,,0.0,-1,-1,0,128,delayed
30,3684,8,-3.213125647333241,3.935174703598023,2.419018805027008,2.9614228803530303,87.99184354087393,,,0.0,-1,-1,0,128,delayed
30,4086,8,-15.087603847742418,5.348512411117554,31.382200062274933,3.0206007626778204,89.75017768394723,,,0.0,-1,-1,0,128,delayed
30,4214,8,-50.35555582504411,-26.30955457687378,20.19563937187195,2.920740699213516,86.78306645554835,,,0.0,-1,-1,0,128,delayed
30,4460,6,0.26075390541853344,-30.003400484720867,-37.6384007136027,2.4080707621770556,71.55026293157334,,,0.0,-1,-1,0,128,delayed
30,4628,7,23.867367542711406,23.037005356379918,16.55434880937849,2.800259942784804,83.20325894487712,,,0.0,-1,-1,0,128,delayed
30,4964,7,9.478808119062816,-7.31610015460423,-37.198899950299946,1.8634064657799883,55.366820887944044,,,0.0,-1,-1,0,128,delayed
30,5196,8,-28.40567586972336,-32.64532446861267,-39.86804962158203,2.3673936183050555,70.34163551702186,,,0.0,-1,-1,0,128,delayed
30,6100,6,-0.34589803780009376,-13.800825317700705,16.201104323069256,1.3392149975388943,39.791681665195554,,,0.0,-1,-1,0,128,delayed
30,6244,6,-4.689519202588361,-8.184424797693888,-16.561365763346355,1.80429115579443,53.61034593746368,,,0.0,-1,-1,0,128,delayed
30,6324,6,-5.822601906658618,33.92471845944723,11.365272760391235,2.080318063640544,61.81184821172555,,,0.0,-1,-1,0,128,delayed
31,406,12,-23.700288304299644,22.98289966583252,-13.727866808573404,4.005969262548853,119.0281276336084,,,0.0,-1,-1,0,128,delayed
31,740,6,13.001715126338349,-29.010368426640827,21.600423177083332,1.222158807652004,36.31362724265722,,,0.0,-1,-1,0,128,delayed
31,1246,6,-34.96833760611337,-7.722549915313721,24.68889586130778,3.1601106078988144,93.8953906336202,,,0.0,-1,-1,0,128,delayed
31,1342,7,-0.5205318427568001,-8.868000030517578,27.751635210854666,1.9236302630464335,57.15623197869468,,,0.0,-1,-1,0,128,delayed
31,1944,6,-11.320517070061792,28.04043193658193,25.432514190673828,2.311711095187665,68.6871579026926,,,0.0,-1,-1,0,128,delayed
31,2198,10,-13.077471707790673,1.6100962996482848,27.8161660194397,3.5990533990490867,106.93756223921172,,,0.0,-1,-1,0,128,delayed
31,2844,8,37.05246162619152,-29.551917139440775,49.15409851074219,3.4434614020382033,102.3145052796593,,,0.0,-1,-1,0,128,delayed
31,3426,14,-33.88107067159467,33.88644858769008,22.512624093464442,3.9143825528140295,116.30684000971823,,,0.0,-1,-1,0,128,delayed
31,3532,8,10.692860498833594,9.754799723625183,1.1234591007232666,4.070087440208914,120.93325124638929,,,0.0,-1,-1,0,128,delayed
31,3882,6,-15.957693044980992,-19.51421864827474,17.32198969523112,2.0749205289775836,61.65147293107227,,,0.0,-1,-1,0,128,delayed
31,3910,8,18.30788278479649,-16.769527196884155,14.156520128250122,1.9488054430418573,57.9042543276699,,,0.0,-1,-1,0,128,delayed
31,3916,8,-3.920243653685226,41.890908002853394,-11.196004688739777,4.044401130497326,120.17004185799723,,,0.0,-1,-1,0,128,delayed
31,4226,6,16.671368377966314,21.87439986069997,-6.429300308227539,2.406179436262065,71.49406654871267,,,0.0,-1,-1,0,128,delayed
31,4504,7,-38.35964498020872,-47.09541348048619,35.742014339991975,1.92137996336467,57.08936951915489,,,0.0,-1,-1,0,128,delayed
31,4786,6,-42.93463549206326,-18.765981674194336,21.00628089904785,1.457408919767338,43.303541177460694,,,0.0,-1,-1,0,128,delayed
31,5646,6,12.013658297541326,31.99869950612386,20.006954828898113,1.546647869314739,45.9550705279028,,,0.0,-1,-1,0,128,delayed
32,133,6,-37.661419350939546,-14.752286593119303,18.224117279052734,2.3857187668552386,70.8861249969906,,,0.0,-1,-1,0,128,delayed
32,145,6,13.600858103956242,6.8403689066569,-3.9120810826619468,2.4002341788134376,71.31741695006855,,,0.0,-1,-1,0,128,delayed
32,197,8,7.5231923765422914,36.42115259170532,-0.5797565579414359,2.845556846853541,84.54915186754783,,,0.0,-1,-1,0,128,delayed
32,403,6,-21.056644564947074,18.66436928510666,-11.252951939900717,3.13351442047905,93.10514632986015,,,0.0,-1,-1,0,128,delayed
32,1505,6,-4.233139904366071,-32.358963330586754,-0.270829439163208,1.400664324675555,41.61750654652977,,,0.0,-1,-1,0,128,delayed
32,1537,6,29.152447548536916,34.783806482950844,10.19063949584961,1.8278401400384423,54.31004963425508,,,0.0,-1,-1,0,128,delayed
32,1707,8,-19.744988937429817,-0.0935293436050415,-11.813711047172545,3.4156705876028823,101.48876539229315,,,0.0,-1,-1,0,128,delayed
32,1815,7,-19.299335592329676,-9.917115620204381,21.747201647077286,1.9651783736256234,58.390738158057744,,,0.0,-1,-1,0,128,delayed
32,1837,6,-15.049060282032395,35.984680811564125,19.16801881790161,2.1739053182983543,64.5925774091336,,,0.0,-1,-1,0,128,delayed
32,2409,6,-31.655698705643218,26.78874985376994,4.403345743815105,2.5229822643852713,74.96459291140611,,,0.0,-1,-1,0,128,delayed
32,2819,7,-16.79968307294176,23.163690975734166,21.70761353628976,1.624512843679652,48.26864846609136,,,0.0,-1,-1,0,128,delayed
32,2861,6,3.3955955755248137,38.797499338785805,-32.0219996770223,2.993049859829583,88.93156621548215,,,0.0,-1,-1,0,128,delayed
32,3035,8,-40.98598645609688,0.19398736953735352,18.126490592956543,2.7320172589939746,81.17558515510208,,,0.0,-1,-1,0,128,delayed
32,3077,367,8.026828065839338,-35.02678764560729,34.911219789156796,165.78223324291184,4925.836301915788,,,0.0,-1,-1,0,128,delayed
32,3957,8,8.854679551755737,26.714849293231964,2.3774503469467163,3.304309514154975,98.17992820582423,,,0.0,-1,-1,0,128,delayed
32,4467,6,-25.407376137076795,13.108012199401855,3.6842915217081704,1.3909727511266152,41.32954381447932,,,0.0,-1,-1,0,128,delayed
32,5675,8,-35.115720235973214,-13.291607767343521,24.51406741142273,3.9903210810055447,118.56317804765338,,,0.0,-1,-1,0,128,delayed
32,6259,7,15.60765230847733,-2.347644465310233,6.911658695765904,2.1982436554512472,65.31573490515021,,,0.0,-1,-1,0,128,delayed
33,1012,6,11.244700351970343,6.8727003534634905,-20.256366729736328,2.692141212725281,79.99076050625447,,,0.0,-1,-1,0,128,delayed
33,1344,6,-18.04372428832926,-44.35847473144531,29.878899892171223,1.7257925640240463,51.27794152097077,,,0.0,-1,-1,0,128,delayed
33,1732,6,-10.788719612007343,-40.15541394551595,47.3377742767334,2.1021897922057877,62.46171612847912,,,0.0,-1,-1,0,128,delayed
33,2804,14,-13.344452374787961,1.5202285987990243,-52.62954439435686,1.0518120135166307,31.252165552504295,,,0.0,-1,-1,0,128,delayed
33,3516,6,-36.5701115965415,-3.537962277730306,15.93321673075358,1.3835895794522097,41.11016991448019,,,0.0,-1,-1,0,128,delayed
33,3882,8,-5.531707850664606,39.7812933921814,12.849465370178223,2.7612268624304193,82.04348108192904,,,0.0,-1,-1,0,128,delayed
33,3948,6,41.41002337160591,3.177699406941734,7.677833080291747,1.4114387397738963,41.93764341515039,,,0.0,-1,-1,0,128,delayed
33,4030,6,19.799896757249716,11.21894371509552,35.612239837646484,1.7916563333306164,53.23493135929642,,,0.0,-1,-1,0,128,delayed
33,4572,6,26.650466804759215,-6.650999923547111,15.97016708056132,1.5577008148684495,46.283483285932135,,,0.0,-1,-1,0,128,delayed
33,4946,10,-13.92966624181766,-25.76708221435547,-16.51400246620178,2.9726551379400026,88.32558414197506,,,0.0,-1,-1,0,128,delayed
33,5854,6,6.260634556702015,-43.0790810585022,48.04444440205892,1.881084464255236,55.89208179757961,,,0.0,-1,-1,0,128,delayed
33,6078,8,-53.483559934460274,-7.316099643707275,-30.008225440979004,3.401790655486305,101.07635525550978,,,0.0,-1,-1,0,128,delayed
34,419,6,19.457058031845833,-23.05680028597514,-21.52043342590332,2.9282774117726786,87.00700246844204,,,0.0,-1,-1,0,128,delayed
34,911,8,-33.29082046511549,42.17842507362366,-14.378375172615051,2.5492971495092913,75.74647896692036,,,0.0,-1,-1,0,128,delayed
34,1479,6,7.615551636685978,-25.089049975077316,36.1603995958964,2.6458896722607066,78.616502767151,,,0.0,-1,-1,0,128,delayed
34,1557,7,11.92331944179685,29.85823883329119,4.065189361572265,2.0922284456853375,62.1657377154335,,,0.0,-1,-1,0,128,delayed
34,1769,7,-11.831004659963515,1.6983799253191252,15.620041029793876,2.062474621494316,61.28167152538403,,,0.0,-1,-1,0,128,delayed
34,1929,6,39.642764138949495,-2.2170006434122698,33.19663302103678,2.187232355753924,64.98855955759129,,,0.0,-1,-1,0,128,delayed
34,2259,6,-58.19441383665164,54.96312586466471,57.295799255371094,2.1508406760889116,63.907264817648,,,0.0,-1,-1,0,128,delayed
34,2389,6,-13.270406105238683,-0.04156827926635742,3.4103145599365234,1.6815941575719215,49.96468791876059,,,0.0,-1,-1,0,128,delayed
34,2707,16,-3.082345505511247,0.7776818424463277,-13.45685738325119,6.823781649692998,202.75291693744697,,,0.0,-1,-1,0,128,delayed
34,2923,7,-46.93487545578033,23.19536236354283,-9.308247906821114,2.3066841868010943,68.53779492613835,,,0.0,-1,-1,0,128,delayed
34,3095,11,45.67250294213548,-9.0897001136433,28.835827567360617,2.302636659571599,68.41753199946618,,,0.0,-1,-1,0,128,delayed
34,3635,9,-36.155111765131586,17.08629560470581,-2.205173598395454,2.291220041360905,68.07831354808395,,,0.0,-1,-1,0,128,delayed
34,4035,8,43.72858137719559,-15.851550340652466,40.261850118637085,2.9649058578959915,88.09533217704603,,,0.0,-1,-1,0,128,delayed
34,4315,6,-4.931647829048426,4.19844400882721,26.208465099334717,1.3870607908106116,41.213308945643945,,,0.0,-1,-1,0,128,delayed
34,4989,7,-17.32120379490139,-14.636158534458705,-13.523069517953056,1.296291068274629,38.51629621010292,,,0.0,-1,-1,0,128,delayed
34,5323,6,15.205292848521296,36.43270015716553,-16.191866397857666,1.1186463110469738,33.23799239623863,,,0.0,-1,-1,0,128,delayed
34,5571,8,-32.07751657867823,-32.89473795890808,2.8948534727096558,1.6921533928371717,50.278431215449245,,,0.0,-1,-1,0,128,delayed
35,882,11,-17.25086853817709,3.282671711661599,22.97176957130432,3.7763057473187316,112.2042065268846,,,0.0,-1,-1,0,128,delayed
35,1010,7,17.11600968023933,17.102571487426758,9.593113490513392,1.995270908088908,59.28486834183144,,,0.0,-1,-1,0,128,delayed
35,1758,11,-23.335996974165194,42.09276840903542,34.61353835192594,4.32100045120752,128.38855205892537,,,0.0,-1,-1,0,128,delayed
35,2090,6,9.780812279852219,-14.950893700122833,47.52714316050211,3.112518727442107,92.48130778623458,,,0.0,-1,-1,0,128,delayed
35,2160,10,-14.819724478862591,8.552077150344848,-8.93828706741333,3.3739461486676348,100.24902002293767,,,0.0,-1,-1,0,128,delayed
35,2752,6,-3.467834495481043,-15.925450007120768,12.016516526540121,2.0740195375096584,61.62470204981673,,,0.0,-1,-1,0,128,delayed
35,3944,6,-13.32580864530405,25.72643756866455,5.06214968363444,2.166159748731827,64.36243569247627,,,0.0,-1,-1,0,128,delayed
35,4052,6,58.45516774207018,-16.03630002339681,-9.680899779001871,2.543185059056244,75.56487231073483,,,0.0,-1,-1,0,128,delayed
35,5414,10,-45.22355754837726,-37.58646402359009,35.84724807739258,3.5119069657859248,104.34820717894307,,,0.0,-1,-1,0,128,delayed
35,5486,8,-29.67983342593459,23.18150606751442,39.61060631275177,3.082051740694058,91.57605161735651,,,0.0,-1,-1,0,128,delayed
35,5594,8,-18.44128676148245,6.9073406755924225,23.631834149360657,2.0764764914383025,61.69770476317817,,,0.0,-1,-1,0,128,delayed
36,166,6,15.618581594813804,21.28320010503133,-22.768966754277546,3.152007468536741,93.65462455604722,,,0.0,-1,-1,0,128,delayed
36,918,7,18.16129303719398,-6.5797392300197055,17.586367879595077,2.8445065811598282,84.51794564731819,,,0.0,-1,-1,0,128,delayed
36,2750,6,-46.26943228069811,14.775381366411844,33.218255837758385,2.394108842243666,71.13541671610727,,,0.0,-1,-1,0,128,delayed
36,3292,7,-9.416889044814615,37.827561787196565,27.061344146728516,3.177141807271149,94.4014334012459,,,0.0,-1,-1,0,128,delayed
36,3322,10,-26.455716394886217,-21.801423096656798,-13.70383129119873,3.871865703725528,115.04355000217956,,,0.0,-1,-1,0,128,delayed
36,4090,8,9.984079737270111,19.866398572921753,33.288692116737366,2.1433473155966984,63.68461691133224,,,0.0,-1,-1,0,128,delayed
36,4476,9,-23.173362432859527,9.921075450049507,-2.078928311665853,4.657512746260825,138.3872379650669,,,0.0,-1,-1,0,128,delayed
36,6278,6,-26.021611784446907,18.789074818293255,2.27872101465861,1.7325532797823302,51.47882058055188,,,0.0,-1,-1,0,128,delayed
37,718,6,-47.696866911417885,33.47669982910156,-10.917253653208414,2.611528553143119,77.59554144570552,,,0.0,-1,-1,0,128,delayed
37,1046,7,-28.03441140913151,-19.925287561757223,38.34968730381557,1.7782360976064555,52.83618003946424,,,0.0,-1,-1,0,128,delayed
37,1130,8,7.685875945966656,0.5369299054145804,30.24142098426819,2.624397991774794,77.97792710161775,,,0.0,-1,-1,0,128,delayed
37,1884,7,-15.751777448218933,24.54535678454808,-22.00327137538365,2.742562043034993,81.48889906702773,,,0.0,-1,-1,0,128,delayed
37,2512,7,-21.128652833980368,-22.641112872532435,12.571665831974574,1.3912587388279625,41.33804127873495,,,0.0,-1,-1,0,128,delayed
37,2760,6,-23.962113343917135,24.830400149027508,43.07005023956299,1.4028175843210138,41.681485685437316,,,0.0,-1,-1,0,128,delayed
37,2850,6,-0.3064600225562657,0.8406128883361811,19.03701623280843,2.614548936169508,77.68528515385836,,,0.0,-1,-1,0,128,delayed
37,3452,6,17.820220940827664,4.507900198300679,2.8743338584899902,2.331011835477545,69.2606348387551,,,0.0,-1,-1,0,128,delayed
37,3652,8,0.9857755160335415,11.711995601654053,23.322429656982422,4.045490347210021,120.20240541782566,,,0.0,-1,-1,0,128,delayed
37,3754,7,16.354170986628816,-16.172222825033323,-9.573319843837194,2.653394855198113,78.83950195012994,,,0.0,-1,-1,0,128,delayed
37,5050,7,24.697928516411658,-32.46717289515904,24.638480050223215,2.2662885713221685,67.33753247779282,,,0.0,-1,-1,0,128,delayed
37,6434,9,-13.489835582647736,-5.237662341859606,-21.778593010372585,4.318333118998366,128.30929844068106,,,0.0,-1,-1,0,128,delayed
37,6454,9,-27.344232320177657,1.7797586123148588,-14.565085940890842,3.1294560280508184,92.98456056889316,,,0.0,-1,-1,0,128,delayed
38,722,6,-33.947878430863234,44.74644978841146,18.821612517038982,1.7245951956496544,51.24236448421616,,,0.0,-1,-1,0,128,delayed
38,954,7,23.25050408817024,-17.55388913835798,-5.378292901175363,1.964617006212177,58.374058421455246,,,0.0,-1,-1,0,128,delayed
38,1070,6,-48.34343016669036,-13.094156265258789,-31.83410135904948,1.7081445315525872,50.75357098195214,,,0.0,-1,-1,0,128,delayed
38,1356,6,-4.328528495036042,-21.15849334994952,-9.879506429036459,1.5240320950825323,45.283095012012,,,0.0,-1,-1,0,128,delayed
38,1660,7,-22.250389242929423,25.784502029418945,25.484429495675222,2.002998343994074,59.514471258608545,,,0.0,-1,-1,0,128,delayed
38,1720,8,13.231907728457632,-7.614008903503418,31.864962458610535,1.6383468619067973,48.67969437765649,,,0.0,-1,-1,0,128,delayed
38,1958,6,22.065588868580203,38.12778123219808,11.159106492996216,2.0169884514673675,59.93015500174329,,,0.0,-1,-1,0,128,delayed
38,2048,7,-10.34095652104105,-9.980458395821708,-6.110694817134311,1.911000840856924,56.78097785721017,,,0.0,-1,-1,0,128,delayed
38,2458,7,-53.15950679412409,48.88484982081822,30.39746148245675,2.432563781286982,72.27801644481265,,,0.0,-1,-1,0,128,delayed
38,3174,7,-38.516262277675935,-2.41098758152553,37.68458785329546,1.9659299156728844,58.41306849482785,,,0.0,-1,-1,0,128,delayed
38,5634,8,-15.182528132285007,-2.047260880470276,3.474454641342163,3.3110465035889334,98.38010229245745,,,0.0,-1,-1,0,128,delayed
38,5674,7,-18.269913965213963,29.80281366620745,-36.44544356209891,4.190922195729854,124.52357702277106,,,0.0,-1,-1,0,128,delayed
38,6052,8,-2.5732368718675502,-8.09551477432251,26.64682650566101,2.4642625361418204,73.21987175907125,,,0.0,-1,-1,0,128,delayed
39,520,9,-6.166513303961192,-7.07284582985772,-7.272501839531793,2.893571309305476,85.97579076326213,,,0.0,-1,-1,0,128,delayed
39,522,10,-3.2174468210703075,22.70485076904297,39.93207139968872,4.360170336502405,129.55239476482447,,,0.0,-1,-1,0,128,delayed
39,1138,7,-33.62199509667152,-11.611537660871234,46.44173812866211,2.271297867217454,67.48637213983235,,,0.0,-1,-1,0,128,delayed
39,1222,13,-13.88633199054944,-9.113148835989145,-4.975798863631028,4.235726590168092,125.85483615888037,,,0.0,-1,-1,0,128,delayed
39,1666,11,22.602686128466452,3.2045725042169746,-4.512499722567472,3.003113567008419,89.23058603916085,,,0.0,-1,-1,0,128,delayed
39,1992,6,-21.821995162761073,1.214731216430664,-36.72997792561849,1.0692266094327547,31.769600063240695,,,0.0,-1,-1,0,128,delayed
39,2696,7,-20.150699943407812,-9.374743325369698,5.925885745457241,1.8649686198223367,55.413236688602915,,,0.0,-1,-1,0,128,delayed
39,3136,10,-14.71201764433415,-29.475015068054198,-13.170744895935059,3.4729154455656537,103.18966417942593,,,0.0,-1,-1,0,128,delayed
39,3474,7,-38.36805899484359,5.81566630090986,-15.249162878308978,3.6032825249788822,107.06322095198726,,,0.0,-1,-1,0,128,delayed
39,3750,8,3.599910401648132,-13.44056236743927,52.65626573562622,2.3690723722306,70.39151581400347,,,0.0,-1,-1,0,128,delayed
39,4006,9,-19.222212641306886,29.63389958275689,-10.950144449869791,3.1093128964698673,92.38605392053398,,,0.0,-1,-1,0,128,delayed
39,4098,11,-15.904584143713674,15.176373134959828,-25.244081583890047,3.6224178299327674,107.6317823589986,,,0.0,-1,-1,0,128,delayed
39,4296,9,-5.962286573910158,-29.42143800523546,-0.4448705249362522,2.2266248958281123,66.15901793619082,,,0.0,-1,-1,0,128,delayed
39,4398,6,37.82019274408567,-46.852599461873375,-11.298933982849121,2.835711887217998,84.2566316220726,,,0.0,-1,-1,0,128,delayed
39,4958,6,6.394190749287209,30.68235683441162,15.9363644917806,2.0534374303878176,61.01315225676906,,,0.0,-1,-1,0,128,delayed
39,5706,20,2.239155806445217,43.58344841003418,7.101072478294372,7.956469104790086,236.40810951086706,,,0.0,-1,-1,0,128,delayed
39,6182,6,11.908099987133694,-36.91305033365885,-22.47336705525716,1.8265434847389947,54.271522515756615,,,0.0,-1,-1,0,128,delayed
40,1452,6,-16.692061186771966,-53.42508093516032,31.686302344004314,2.091408054480745,62.14136168491259,,,0.0,-1,-1,0,128,delayed
40,1634,7,25.697940566669864,-3.0721287727355957,-33.20830045427595,2.25358704130154,66.9601358385896,,,0.0,-1,-1,0,128,delayed
40,1704,6,-48.61748784279353,30.1973876953125,1.6180332501729329,1.4548311120611286,43.22694757312675,,,0.0,-1,-1,0,128,delayed
40,2596,7,-7.581413106684906,2.763332026345389,-18.743635450090682,2.607248288458163,77.4683632628898,,,0.0,-1,-1,0,128,delayed
40,2982,6,-21.13246128303852,-6.05979988972346,16.80930805206299,2.7656208294135274,82.1740376660179,,,0.0,-1,-1,0,128,delayed
40,2992,6,-8.403060122664685,13.482131399214268,36.9793898264567,2.423619830690527,72.01226760267946,,,0.0,-1,-1,0,128,delayed
40,3426,6,-4.434560102253703,-32.806981563568115,-19.679022947947185,1.2260083138797542,36.42800643245447,,,0.0,-1,-1,0,128,delayed
40,3870,7,-2.19258727757775,19.921328408377512,-11.538385118756976,2.0637357509023624,61.319143074041875,,,0.0,-1,-1,0,128,delayed
40,3930,8,-26.481984520424177,9.799832582473755,14.196985960006714,2.162600571765405,64.25668296636563,,,0.0,-1,-1,0,128,delayed
40,3966,7,-18.8442952374244,-9.568730763026645,-17.854137011936732,1.9384571226101492,57.59677787829866,,,0.0,-1,-1,0,128,delayed
40,4000,13,27.270223677778674,6.186282524695764,13.131217259627123,4.90234156068107,145.66176092350221,,,0.0,-1,-1,0,128,delayed
40,4002,7,-20.675654299095676,34.88607885156359,-8.475435870034355,2.449821531762498,72.79079065540701,,,0.0,-1,-1,0,128,delayed
40,4744,8,-35.266430411781414,36.466185569763184,28.765729427337646,2.561975576398888,76.12318914992562,,,0.0,-1,-1,0,128,delayed
40,4956,7,12.134330631572828,8.21081815447126,14.523417745317731,2.947119055416823,87.56683840764123,,,0.0,-1,-1,0,128,delayed
40,5316,6,-14.850420765761397,31.167325496673584,25.760445594787598,1.196884610393418,35.5626628243187,,,0.0,-1,-1,0,128,delayed
40,5434,6,22.886770114340624,20.691999753316242,19.229533354441326,1.6376551440055362,48.65914157726247,,,0.0,-1,-1,0,128,delayed
40,5476,7,-22.125803790087897,-18.686143560068945,-2.522467613220215,4.3302174115864425,128.66241275641815,,,0.0,-1,-1,0,128,delayed
40,5806,6,1.5827501532103803,4.290818492571513,19.428139289220173,1.2329775496780586,36.63508118359258,,,0.0,-1,-1,0,128,delayed
40,6074,6,-18.410509800965457,19.948380788167317,-0.3186941146850586,1.2890711267036497,38.30177231576057,,,0.0,-1,-1,0,128,delayed
40,6562,10,19.68280271759057,9.21717700958252,39.779652786254886,3.6432689002364245,108.25132377201032,,,0.0,-1,-1,0,128,delayed
41,30,6,-15.953363319256175,-29.282874425252277,-32.63461716969808,2.093617652623409,62.20701479218998,,,0.0,-1,-1,0,128,delayed
41,710,8,-18.626130525621107,37.49847620725632,34.02307343482971,2.415283976135317,71.76458693043651,,,0.0,-1,-1,0,128,delayed
41,1264,13,-32.639802523913836,11.980326813000898,32.08947317416851,3.7041960797929376,110.06163424353757,,,0.0,-1,-1,0,128,delayed
41,1930,8,-0.9798227109221953,-8.16825920343399,-1.8082404732704163,2.0212181249299137,60.05582998319037,,,0.0,-1,-1,0,128,delayed
41,2728,7,-27.403458393191844,4.972414289202008,6.556793349129814,1.6299023927974954,48.42878647470855,,,0.0,-1,-1,0,128,delayed
41,2810,7,-7.771048379505445,15.86738555771964,29.09227521078927,2.6177996058977233,77.78187129966882,,,0.0,-1,-1,0,128,delayed
41,3326,7,-2.1649806943583263,-31.323043278285436,14.452156475612096,2.263063337252803,67.24170209385912,,,0.0,-1,-1,0,128,delayed
41,3486,6,52.72390333113628,-31.40749994913737,-36.45599921544393,1.946847307354327,57.846072846668974,,,0.0,-1,-1,0,128,delayed
41,3820,6,-13.158699620416856,-13.246575355529785,28.29004955291748,1.346957349125764,40.021727767017055,,,0.0,-1,-1,0,128,delayed
41,3852,11,4.603869491731046,17.89723621715199,36.11081630533392,3.2894497219375065,97.73840378844908,,,0.0,-1,-1,0,128,delayed
41,3890,9,-32.01084941918269,-45.23603769143423,25.11739052666558,2.421088907860809,71.93706707420243,,,0.0,-1,-1,0,128,delayed
41,3892,6,-11.19946753164264,17.061662515004475,17.057249546051025,1.3041912816003005,38.75103280902091,,,0.0,-1,-1,0,128,delayed
41,4186,6,-37.04372583291394,-16.641356547673542,-2.9883313973744716,1.4286142125906047,42.447972935076365,,,0.0,-1,-1,0,128,delayed
41,4436,7,-24.286600797897652,2.834592819213867,37.095967701503206,2.1777199848012856,64.70592141694601,,,0.0,-1,-1,0,128,delayed
41,5284,9,10.12073960858931,-27.115142186482746,14.004677878485786,1.8771828868595108,55.77615543324818,,,0.0,-1,-1,0,128,delayed
41,6280,10,15.268160447880202,5.0270473718643185,5.748455047607421,3.913422183623927,116.27830485653979,,,0.0,-1,-1,0,128,delayed
41,6304,7,19.841279336934395,-9.976500374930245,21.799928665161133,2.2702268114926665,67.45454819182943,,,0.0,-1,-1,0,128,delayed
42,570,6,9.591898736130629,-19.218618909517925,25.369322697321575,2.7005979576335655,80.24203315622675,,,0.0,-1,-1,0,128,delayed
42,696,9,-21.546489031647248,15.485129806730482,4.328817367553711,2.5481425738121155,75.71217341576924,,,0.0,-1,-1,0,128,delayed
42,1162,6,-3.8957426147157475,27.09820572535197,20.49968910217285,1.1601135503171254,34.470095671369734,,,0.0,-1,-1,0,128,delayed
42,1458,10,16.60005297455064,-7.784441328048706,21.1447612285614,5.563534491973128,165.3075823111073,,,0.0,-1,-1,0,128,delayed
42,1560,7,-14.732289772675573,24.13758795601981,-4.2037522452218195,1.6046488485441475,47.67843571273692,,,0.0,-1,-1,0,128,delayed
42,1642,6,25.770509113027035,-5.394700050354004,50.12750109036764,1.6925286779576205,50.28958194634311,,,0.0,-1,-1,0,128,delayed
42,1760,6,-35.17940903799967,-3.6765246391296387,19.42499033610026,1.9326372165219339,57.423852805917306,,,0.0,-1,-1,0,128,delayed
42,1966,8,7.330575323077539,16.68292498588562,-35.046074628829956,3.355553262836083,99.70251788604526,,,0.0,-1,-1,0,128,delayed
42,2008,10,-18.38228901416424,37.75828161239624,15.564346313476562,4.019547765987877,119.43158151317846,,,0.0,-1,-1,0,128,delayed
42,3108,9,1.93244650572291,1.265537409318818,21.742623647054035,3.359960649577757,99.83347320727624,,,0.0,-1,-1,0,128,delayed
42,4116,8,26.578515506265205,-8.64283600449562,-0.7677642107009888,1.9516671833822143,57.98928433468238,,,0.0,-1,-1,0,128,delayed
43,34,6,-36.9607239689303,-18.719793637593586,4.1585516929626465,2.0512155769638576,60.94713501210305,,,0.0,-1,-1,0,128,delayed
43,438,10,-10.94496712620639,-31.916486072540284,6.264030838012696,3.292331929842564,97.824041941891,,,0.0,-1,-1,0,128,delayed
43,1352,6,-8.675328899700231,-3.1315128008524575,34.774775425593056,1.4070501590034352,41.80724686993464,,,0.0,-1,-1,0,128,delayed
43,1472,9,-7.683408867513957,-5.274612267812093,-0.8010733922322592,2.2705143555678107,67.46309190013906,,,0.0,-1,-1,0,128,delayed
43,1720,7,8.610390317452906,11.484851666859218,-6.704533985682896,3.0600505482671467,90.92233698086036,,,0.0,-1,-1,0,128,delayed
43,2056,8,26.502684013362877,-16.61710822582245,7.056295573711395,2.967789917407341,88.18102534669396,,,0.0,-1,-1,0,128,delayed
43,2128,6,-25.666386332356694,15.167974948883057,3.4193455378214517,1.9386379136948912,57.60214966797036,,,0.0,-1,-1,0,128,delayed
43,2982,6,-9.768778922496205,-41.25467538833618,20.761487086613972,2.1486507330064217,63.84219571510399,,,0.0,-1,-1,0,128,delayed
43,3142,8,17.343691788304643,-7.562048494815827,10.133486151695251,3.2341409295473165,96.09503071980711,,,0.0,-1,-1,0,128,delayed
43,3540,7,2.415343320734219,55.147875104631694,16.587457180023193,3.303969458192546,98.16982422802366,,,0.0,-1,-1,0,128,delayed
43,4460,6,-18.419762476704836,-19.592737515767414,29.361599763234455,1.2696031270725971,37.72332565454441,,,0.0,-1,-1,0,128,delayed
43,4654,6,10.325469761403028,3.4594434102376304,27.549372673034668,1.5698781878895824,46.64530581007183,,,0.0,-1,-1,0,128,delayed
43,4934,6,15.230510049082213,-8.600112756093344,27.691083431243896,2.521230496038116,74.9125431594624,,,0.0,-1,-1,0,128,delayed
43,5192,6,-10.672758140011439,0.018474876880645752,18.138037363688152,2.0830746406687886,61.8937535337202,,,0.0,-1,-1,0,128,delayed
43,5232,6,11.769387402683337,26.93654998143514,18.713704427083332,1.699240796324472,50.48901704663969,,,0.0,-1,-1,0,128,delayed
43,6070,7,-28.71448845359634,-9.216385909489222,1.1818278176443917,1.915134292558839,56.90379383119742,,,0.0,-1,-1,0,128,delayed
43,6440,12,-38.03771678218463,16.084796905517578,44.52800095081329,3.1725042378744397,94.26363873386747,,,0.0,-1,-1,0,128,delayed
43,6480,6,0.7960387837502486,17.491206467151642,1.260918299357095,1.5624189433302267,46.42367157993388,,,0.0,-1,-1,0,128,delayed
43,6760,8,-4.691873650625379,-0.2805887460708618,-13.395529389381409,2.658565551917727,78.99313726502132,,,0.0,-1,-1,0,128,delayed
43,6778,6,-59.40505696895196,38.68203067779541,34.476027170817055,1.9743695286345924,58.66383210856194,,,0.0,-1,-1,0,128,delayed
44,218,6,20.978092354167966,-5.260756174723308,27.53719385464986,1.4801380522694316,43.97888487261902,,,0.0,-1,-1,0,128,delayed
44,324,6,4.142395632931088,-17.149418512980144,9.656335035959879,1.6946136924724748,50.35153333875947,,,0.0,-1,-1,0,128,delayed
45,432,8,-23.904012680439468,-1.510331630706787,1.2124215364456177,2.681905693222731,79.6866356760578,,,0.0,-1,-1,0,128,delayed
45,1252,7,6.543718993284615,12.419159071786064,5.106387070247105,3.2489005310746903,96.5335782021469,,,0.0,-1,-1,0,128,delayed
45,1400,9,-5.308853703952163,-17.7544752491845,-17.891567601097954,3.2783965082753315,97.4099830641957,,,0.0,-1,-1,0,128,delayed
45,1446,6,14.005691291027942,-17.431162516276043,42.01844549179077,2.397654213016598,71.24075922305414,,,0.0,-1,-1,0,128,delayed
45,1644,9,4.141483802035198,14.95243305630154,-6.160922156439887,2.8409557256658617,84.41244017454892,,,0.0,-1,-1,0,128,delayed
45,1728,6,-10.435357797535476,-7.117493629455566,39.508993784586586,2.045489193883129,60.77698875996275,,,0.0,-1,-1,0,128,delayed
45,2684,8,16.78562120254936,33.421274453401566,-10.702850103378296,3.0273951530263448,89.95205730622925,,,0.0,-1,-1,0,128,delayed
45,2970,9,-19.97757098473441,25.871157540215385,7.475863880581326,3.1180533234477386,92.64575552823737,,,0.0,-1,-1,0,128,delayed
45,3478,7,5.420854925257635,-13.903756550380162,-28.717613901410783,2.5939061251761286,77.07193168542136,,,0.0,-1,-1,0,128,delayed
45,4252,8,29.240510074647695,-25.91465187072754,-19.98779582977295,2.860660027356776,84.99790800589841,,,0.0,-1,-1,0,128,delayed
45,4504,6,-45.51504851914035,32.723843574523926,18.04251456260681,2.2098222933488088,65.65976739745582,,,0.0,-1,-1,0,128,delayed
45,4620,13,-19.236643728969014,-3.6367329817551832,17.378982690664436,4.303671804930328,127.87367134326884,,,0.0,-1,-1,0,128,delayed
45,5750,6,-16.777280057704267,34.857706705729164,-2.7296820481618247,1.7527959450872364,52.08028464371439,,,0.0,-1,-1,0,128,delayed
45,5846,12,-20.785070958315682,-10.080421924591066,-6.473913590113322,3.770764305844683,112.03955538759264,,,0.0,-1,-1,0,128,delayed
46,1310,10,0.5739606455783788,17.184521293640138,35.19411668777466,3.6187119093119513,107.52166948400021,,,0.0,-1,-1,0,128,delayed
46,1634,23,-22.140109162206755,-29.57044278020444,-6.608912975891776,8.859612334295427,263.2429253937511,,,0.0,-1,-1,0,128,delayed
46,1860,6,11.668158818000515,5.177618980407715,17.960847854614258,2.7574151625881567,81.93022522158897,,,0.0,-1,-1,0,128,delayed
46,2124,7,9.714564797907544,4.410247257777622,-15.948632035936628,1.8630407479721927,55.35595442765662,,,0.0,-1,-1,0,128,delayed
46,2916,11,-35.209893135789386,-41.77785387906161,22.195819681340996,4.155266845957273,123.46416062553905,,,0.0,-1,-1,0,128,delayed
46,3626,10,-4.022704320454958,43.05414009094238,-12.566859722137451,5.289146212594529,157.15476809848354,,,0.0,-1,-1,0,128,delayed
46,4162,6,-19.19011076308413,19.929906129837036,38.751519203186035,1.8325749386491574,54.4507332432444,,,0.0,-1,-1,0,128,delayed
46,4216,7,-42.11284165532924,25.875557013920375,14.522156851632255,2.1314904446750362,63.33231736710138,,,0.0,-1,-1,0,128,delayed
46,4300,6,19.73643721622283,8.558544238408407,11.845623016357422,1.8656088572423852,55.432259865356116,,,0.0,-1,-1,0,128,delayed
46,4410,6,7.3538059487184135,36.34956296284994,22.739782730738323,1.698036662336773,50.45323898530615,,,0.0,-1,-1,0,128,delayed
46,4494,6,-30.196215097800646,-0.06466229756673177,30.65484956900279,2.3216504391572124,68.98248256073775,,,0.0,-1,-1,0,128,delayed
46,5064,7,44.8876022901618,24.355328151157924,8.757957594735283,2.313244194773841,68.73271041726738,,,0.0,-1,-1,0,128,delayed
46,5764,9,-9.17081040588094,-14.44129138522678,-10.427666611141628,3.140192667484482,93.30357502085454,,,0.0,-1,-1,0,128,delayed
47,706,8,-17.302416639733757,51.04642581939697,15.730462312698364,3.862843653740468,114.77548061703021,,,0.0,-1,-1,0,128,delayed
47,756,6,-26.999822713214808,33.31504503885905,-45.28390248616537,2.2384951779179496,66.51171596232022,,,0.0,-1,-1,0,128,delayed
47,1148,6,-23.392786697166184,12.479862848917643,39.45818758010864,1.8669447279930165,55.47195218044567,,,0.0,-1,-1,0,128,delayed
47,1198,8,1.8787800421304341,26.71485024690628,-20.087149918079376,2.831796445877579,84.14029332263374,,,0.0,-1,-1,0,128,delayed
47,1262,16,-14.911013237752465,21.750848531723022,17.520279705524445,4.870859974343735,144.72635827034145,,,0.0,-1,-1,0,128,delayed
47,1376,7,-5.843218926174706,26.25561441693987,26.924042429242814,3.1436411263593373,93.4060380145008,,,0.0,-1,-1,0,128,delayed
47,1648,10,-27.41172518338368,16.8048597574234,-4.226280212402343,4.199690558861978,124.78410868879897,,,0.0,-1,-1,0,128,delayed
47,1910,8,-22.531418518394304,8.985778272151947,16.20157492160797,1.7158609761257433,50.982847316675404,,,0.0,-1,-1,0,128,delayed
47,3682,9,-22.47065763520545,-23.577179378933376,-3.0643986066182443,1.549249532706937,46.03237294886777,,,0.0,-1,-1,0,128,delayed
47,4126,6,-31.834367791076403,19.463412729402382,22.05767885843913,1.251499703555753,37.185424222021396,,,0.0,-1,-1,0,128,delayed
47,4212,6,-7.249044754829355,5.246900002161662,-49.38849957784017,2.127823145018915,63.223352024900585,,,0.0,-1,-1,0,128,delayed
47,5392,6,-31.07970539873907,37.46729977925619,7.933541615804036,1.7062258576056324,50.69656201546293,,,0.0,-1,-1,0,128,delayed
47,5746,7,38.64169782984521,-16.50081443786621,-11.355014664786202,1.8207660560175596,54.099859560257165,,,0.0,-1,-1,0,128,delayed
47,5886,9,-29.83441278708431,-43.82270050048828,-54.80783462524414,3.5204644968272216,104.60247445616227,,,0.0,-1,-1,0,128,delayed
47,6182,6,29.696511805797982,-11.181994120279947,-33.56151485443115,2.8326463575926555,84.16554648696656,,,0.0,-1,-1,0,128,delayed
47,6272,7,4.5367501585763685,-25.855762890407018,45.42825181143625,2.4984362920749246,74.23526601607492,,,0.0,-1,-1,0,128,delayed
47,6316,10,-34.435521035333124,14.684853792190552,37.64390072822571,3.571045066733891,106.10535931025149,,,0.0,-1,-1,0,128,delayed
48,384,8,-35.391108289144825,-42.635682106018066,10.868022203445435,2.322247408586084,69.00022012903051,,,0.0,-1,-1,0,128,delayed
48,798,7,39.72466324994194,11.306700842721122,-8.497928823743548,2.800736459382229,83.21741753538556,,,0.0,-1,-1,0,128,delayed
48,1924,6,-28.948839893322383,-30.72854431470235,-13.20500644048055,2.9888559514397417,88.8069539105959,,,0.0,-1,-1,0,128,delayed
48,2042,7,-33.4863867665474,-33.05705370221819,-29.369399751935685,2.854393590831856,84.8117153125422,,,0.0,-1,-1,0,128,delayed
48,2150,8,-28.827039130586023,23.714971840381622,36.21582508087158,2.483241181448668,73.78377838636752,,,0.0,-1,-1,0,128,delayed
48,2622,8,-23.94198448080369,-33.61872646212578,25.19995129108429,2.757409098157316,81.93004503102814,,,0.0,-1,-1,0,128,delayed
48,3966,8,-16.87003279525139,-19.014239221811295,24.718601375818253,1.2101985067349257,35.95825451491227,,,0.0,-1,-1,0,128,delayed
48,4012,9,-8.811914278728988,9.659345679812962,14.606096532609728,2.7449733916238572,81.56054672301147,,,0.0,-1,-1,0,128,delayed
48,5196,7,-10.880316731245278,-13.848331792013985,16.51745687212263,2.3638892872799655,70.23751241142932,,,0.0,-1,-1,0,128,delayed
49,54,11,-23.690311908023226,31.04303806478327,-9.292561270973899,4.723331063831894,140.3428773100113,,,0.0,-1,-1,0,128,delayed
49,198,9,26.03784201477464,26.97657913631863,13.25644048055013,4.442652197848351,132.00315284016133,,,0.0,-1,-1,0,128,delayed
49,536,6,3.674102904832497,40.37711254755656,33.44457530975342,2.4352841163241217,72.35884491971734,,,0.0,-1,-1,0,128,delayed
49,836,8,-2.7730923508313,40.68887782096863,37.014766693115234,4.280512261804599,127.18553899016351,,,0.0,-1,-1,0,128,delayed
49,840,7,21.674577423643647,-18.527785318238394,6.977700301579067,2.3161358914325865,68.81863050711748,,,0.0,-1,-1,0,128,delayed
49,2472,6,20.496142486054442,10.456849813461304,26.379358291625977,1.8426600485014175,54.75038899794931,,,0.0,-1,-1,0,128,delayed
49,3500,6,-41.75361402459941,-32.594518502553306,-2.338764190673828,2.2385318579859264,66.51280582585302,,,0.0,-1,-1,0,128,delayed
49,3520,6,-18.99547715282941,9.51924435297648,-22.892201900482178,2.4112165499068845,71.64373275095382,,,0.0,-1,-1,0,128,delayed
49,3524,6,11.29339104295355,-52.616799672444664,28.696499824523926,2.01070771180595,59.74353732370925,,,0.0,-1,-1,0,128,delayed
49,4644,6,13.487716089397116,24.534799973169964,8.339991728464762,2.3807353755534892,70.73805503013932,,,0.0,-1,-1,0,128,delayed
49,4820,6,36.547435222637795,6.724900563557942,60.10399881998698,2.841976983614621,84.44278449661053,,,0.0,-1,-1,0,128,delayed
49,5146,7,-27.32516911114208,-23.876298359462194,5.54852649143764,1.335253126653264,39.67396381901751,,,0.0,-1,-1,0,128,delayed
49,5158,6,0.37563963011628765,-43.23150062561035,-23.153999884923298,1.6876931951172662,50.14590673793035,,,0.0,-1,-1,0,128,delayed
49,5762,87,30.696218869704655,-5.407122870115028,3.415174730892839,19.11484899672406,567.9536054731467,,,0.0,-1,-1,0,128,delayed
49,5844,6,-55.64986102668316,-44.00283177693685,8.158389409383139,2.6873033149132177,79.84701354253308,,,0.0,-1,-1,0,128,delayed
49,6214,6,-35.408632452034404,0.5958185195922882,18.64295196533203,2.1426231293845293,63.663099390042596,,,0.0,-1,-1,0,128,delayed
49,6346,8,-1.4540234874513214,40.46025039255619,-19.92087483406067,3.236140613635409,96.15444671560354,,,0.0,-1,-1,0,128,delayed
49,6398,6,11.218092810601108,21.537230968475342,22.671972115834553,2.7647684705448077,82.14871179016455,,,0.0,-1,-1,0,128,delayed
50,32,7,-15.532835393523486,11.611536843436104,18.38085194996425,1.9247648465395921,57.18994350766152,,,0.0,-1,-1,0,128,delayed
50,474,9,-38.789258360686155,24.602541393703884,14.10838900672065,2.7830860074490458,82.69297510764785,,,0.0,-1,-1,0,128,delayed
50,1212,8,20.83128657050977,20.43450403213501,34.924832820892334,2.938797927949229,87.3195953168048,,,0.0,-1,-1,0,128,delayed
50,1908,7,-41.01506469773612,-61.660312107631135,51.152862548828125,2.2323525420171473,66.32920171867816,,,0.0,-1,-1,0,128,delayed
50,1942,6,-25.607331255605363,-18.234825293223064,14.165912628173828,2.7737019598709525,82.41414979980351,,,0.0,-1,-1,0,128,delayed
50,3212,9,-5.206867978577338,45.54395453135172,-13.57149600982666,2.6129589626499694,77.63804276166454,,,0.0,-1,-1,0,128,delayed
50,3634,7,-48.9897378649532,-37.66128812517439,46.60801206316267,2.074051847177169,61.62566205699011,,,0.0,-1,-1,0,128,delayed
50,3738,6,-12.40697661299602,11.011100133260088,4.0489663283030195,2.051948419686813,60.96890974162451,,,0.0,-1,-1,0,128,delayed
50,3772,6,-10.970169379057163,40.61266899108887,9.516302108764648,1.8094802741854716,53.76452860978949,,,0.0,-1,-1,0,128,delayed
50,4024,9,-18.74319694500746,17.62515009774102,14.828913185331556,2.6681363855556803,79.27751248938178,,,0.0,-1,-1,0,128,delayed
50,4200,6,29.18703735231693,-21.35248104731242,4.9374434153238935,2.49868505422066,74.24265740889209,,,0.0,-1,-1,0,128,delayed
50,5672,7,-40.54603757641497,-13.203027180262975,27.005920137677872,2.5018028226671905,74.33529469996043,,,0.0,-1,-1,0,128,delayed
51,152,6,-36.09685072949938,-9.16821845372518,-16.462901433308918,1.8861567561753236,56.04279324105059,,,0.0,-1,-1,0,128,delayed
51,1616,9,-4.913022550089963,5.588687578837077,3.970654699537489,2.89372456154022,85.98034429958795,,,0.0,-1,-1,0,128,delayed
51,1632,10,2.1812772036643464,-14.122289931774139,0.3196993827819824,3.858328669865556,114.64132829540588,,,0.0,-1,-1,0,128,delayed
51,1798,7,15.19866929798132,-18.737609250204905,41.86647646767752,3.157069152190726,93.80502079938339,,,0.0,-1,-1,0,128,delayed
51,1948,7,-14.429408217413974,0.34442693846566336,-7.88555553981236,2.5512780119206964,75.80533572004961,,,0.0,-1,-1,0,128,delayed
51,2068,8,-2.126230176864347,-0.66510009765625,-46.136900663375854,3.0096016643288834,89.42336487128503,,,0.0,-1,-1,0,128,delayed
51,2776,9,-9.005528118184976,-17.711366759406197,2.0562557644314237,2.0408111623523295,60.637991853688995,,,0.0,-1,-1,0,128,delayed
51,2782,6,39.45258018189931,0.9560813903808594,23.638968149820965,2.037581188913474,60.542020650333164,,,0.0,-1,-1,0,128,delayed
51,3216,6,50.576674742638765,-39.38870048522949,-2.3570333321889243,2.2280732238775416,66.20205166027213,,,0.0,-1,-1,0,128,delayed
51,3270,9,16.800580719546886,-30.745479159884983,26.619043164783054,3.7146900836147343,110.3734393384907,,,0.0,-1,-1,0,128,delayed
51,4796,7,-13.745150234875789,3.0840050152369907,20.49617964880807,2.2830608966328576,67.83588340036653,,,0.0,-1,-1,0,128,delayed
51,4806,6,28.855713498530054,-9.68089989821116,3.0960327784220376,2.5950953353929966,77.10726632136074,,,0.0,-1,-1,0,128,delayed
51,5010,7,-41.59132093336962,34.351622990199495,0.48109831128801617,1.5961420971872242,47.42567723659849,,,0.0,-1,-1,0,128,delayed
51,5152,7,-29.003383242442055,7.648649760654998,42.4234243120466,1.9550402984554185,58.08950866121671,,,0.0,-1,-1,0,128,delayed
52,32,6,13.744464088799383,23.86508051554362,3.8167638778686523,2.363836322233123,70.23593867734837,,,0.0,-1,-1,0,128,delayed
52,466,13,8.053174723547578,1.6435643526223993,-11.646079503572905,3.9828774840315004,118.34200874938574,,,0.0,-1,-1,0,128,delayed
52,788,7,-24.83742830173219,26.572328158787318,-27.76747158595494,2.7880907982592142,82.84168091148452,,,0.0,-1,-1,0,128,delayed
52,1628,6,-19.916098084205046,-3.7365689277648926,-32.767089207967125,2.1122439188828954,62.76045128966851,,,0.0,-1,-1,0,128,delayed
52,1640,9,36.129776774793896,16.199495527479385,11.315584977467855,3.8107592334361495,113.2279123204726,,,0.0,-1,-1,0,128,delayed
52,1658,7,-24.46489690031773,38.73415674482073,-27.577442577907018,3.458636304417659,102.76539246796992,,,0.0,-1,-1,0,128,delayed
52,2022,6,14.801256777968161,-2.3925123214721675,46.36783711115519,1.638566046665508,48.68620694670665,,,0.0,-1,-1,0,128,delayed
52,2250,8,-31.247395179654724,-22.0349018573761,3.514920473098755,2.760036072663688,82.00809951331235,,,0.0,-1,-1,0,128,delayed
52,2916,8,-23.83789398855287,6.488189168274403,54.966795444488525,2.956063115156704,87.83259049271933,,,0.0,-1,-1,0,128,delayed
52,3248,8,33.03243969237165,-4.039096713066101,-5.921340703964233,3.0147827546213133,89.57730900719591,,,0.0,-1,-1,0,128,delayed
52,3768,8,-4.965266138194298,-4.621059536933899,16.260309755802155,2.4917358525254754,74.0361779248733,,,0.0,-1,-1,0,128,delayed
52,4332,7,21.844536978164225,8.749231883457728,-5.704186030796596,2.3834762716487763,70.81949442941536,,,0.0,-1,-1,0,128,delayed
52,4552,8,-46.72791647804296,9.692447185516357,-22.88831925392151,2.995895152497404,89.01610751787968,,,0.0,-1,-1,0,128,delayed
52,4682,6,-44.6263566374078,49.01417541503906,48.69568792978922,1.7491826338548173,51.97292344287515,,,0.0,-1,-1,0,128,delayed
52,4784,7,-28.0105160193905,5.518746444157192,-2.444550105503627,3.5566915987004193,105.67887914699986,,,0.0,-1,-1,0,128,delayed
52,5930,6,-23.846031944441517,38.6035125652949,2.4557046890258802,3.5914115290967827,106.71050171716877,,,0.0,-1,-1,0,128,delayed
52,6582,12,-10.110110586166469,-13.156509717305502,-7.192232251167297,4.011907030191664,119.2045546899652,,,0.0,-1,-1,0,128,delayed
53,158,9,-7.550135581114221,2.1277041965060763,7.9110068215264215,2.766193235422884,82.1910453890119,,,0.0,-1,-1,0,128,delayed
53,714,9,16.324661236070778,-21.677333407931858,15.24348258972168,4.4882831400913625,133.35897093595153,,,0.0,-1,-1,0,128,delayed
53,1424,6,28.982159283773793,13.001781463623047,7.219106038411458,1.6518158015461528,49.079892821880826,,,0.0,-1,-1,0,128,delayed
53,2112,64,16.722465500969122,-4.938021199777722,-12.276852771639824,15.556738152588338,462.23255672479826,,,0.0,-1,-1,0,128,delayed
53,2164,7,-11.592522918367994,18.127933774675643,25.49360806601388,1.4945831908778053,44.4080888153544,,,0.0,-1,-1,0,128,delayed
53,2618,6,9.516525765227442,10.609268844127655,17.31128152211507,2.4354577193265223,72.36400313211816,,,0.0,-1,-1,0,128,delayed
53,2832,9,-21.648444631069424,-20.565753936767578,25.86772632598877,2.9896783496981847,88.83138957608806,,,0.0,-1,-1,0,128,delayed
53,3042,6,6.327273337604822,-1.3117252985636398,7.499378840128581,2.1919423505369395,65.1285061781077,,,0.0,-1,-1,0,128,delayed
53,3636,10,-18.71399519587849,-24.265065383911132,11.25328769683838,3.5117950372261397,104.34488148021033,,,0.0,-1,-1,0,128,delayed
53,4076,11,-31.14922937934208,-8.05929871038957,2.5936942534013223,3.4133079960694195,101.41856643964016,,,0.0,-1,-1,0,128,delayed
53,4146,6,-27.79228369882985,1.159306287765503,15.160414377848307,1.6750185867691538,49.769310014069,,,0.0,-1,-1,0,128,delayed
53,4444,6,-21.703726305958558,21.777406374613445,4.669556299845378,2.469540327561755,73.37668914572184,,,0.0,-1,-1,0,128,delayed
53,4664,6,8.822940790559649,-7.496230443318685,13.266726811726889,2.2287447617892227,66.22200485886746,,,0.0,-1,-1,0,128,delayed
53,5382,6,21.93648232919954,-0.26326872905095416,-16.54603926340739,1.8628978100745692,55.35170735804451,,,0.0,-1,-1,0,128,delayed
53,5714,6,-29.132431928770128,-2.9282880624135323,-14.288941144943237,2.186217899564107,64.95841733409267,,,0.0,-1,-1,0,128,delayed
