file_id,light_id,n_charge_hits,charge_x,charge_y,charge_z,charge_E,charge_Q,fprompt,integral,integral_total,tpc,det,n_valid_sumhits,period,window
0,189,6,-9.684626572663674,4.327768802642822,6.283177455266316,2.2620220206673167,67.21076177571864,,,0.0,-1,-1,0,176,prompt
0,429,8,22.819822720788316,-32.998658895492554,-0.3730151653289795,3.1989193078123828,95.04850154982014,,,0.0,-1,-1,0,176,prompt
0,559,7,-14.750129260920167,40.460250513894216,13.532424654279435,2.0197780866838713,60.01304257147714,,,0.0,-1,-1,0,176,prompt
0,775,6,-17.226474210034365,25.440074920654297,42.58193333943685,1.43046401388603,42.5029355097389,,,0.0,-1,-1,0,176,prompt
0,1121,8,-2.6490683647698763,8.57009071111679,13.945212364196777,2.8650346171611263,85.12788884185859,,,0.0,-1,-1,0,176,prompt
0,1653,7,47.93533192238624,26.69901466369629,4.260614463261196,2.752705779389861,81.79029677290048,,,0.0,-1,-1,0,176,prompt
0,1657,8,-0.33546399433708096,11.504151582717897,27.233510613441467,3.412176741439853,101.38495382016927,,,0.0,-1,-1,0,176,prompt
0,1841,6,15.345440962708942,-3.1499886512756334,21.640520731608074,2.433479962040759,72.30523864062818,,,0.0,-1,-1,0,176,prompt
0,2067,12,-14.05934230130108,-24.74264403184255,3.9798917373021445,3.9969846093487904,118.76116940758341,,,0.0,-1,-1,0,176,prompt
0,2467,7,40.58331395657704,5.542500087193081,33.6583570752825,3.3050100122226618,98.20074188859189,,,0.0,-1,-1,0,176,prompt
0,2807,8,-5.1005757348731615,-13.347033202648163,11.224820733070374,2.4981813692806236,74.22769157380935,,,0.0,-1,-1,0,176,prompt
0,3263,8,-25.244079955452616,-33.18918186426163,26.50605809688568,2.7457782165833575,81.58446023849889,,,0.0,-1,-1,0,176,prompt
0,3279,11,-45.22347930588778,35.85493651303378,-46.983390374617144,3.7973764032405826,112.83027241956049,,,0.0,-1,-1,0,176,prompt
0,3307,10,9.089623093630156,-19.595509147644044,18.96101598739624,3.893352211418622,115.68197197011716,,,0.0,-1,-1,0,176,prompt
0,3379,6,21.7665926226957,33.259618600209556,10.986535708109537,1.6850755489285678,50.06812942506855,,,0.0,-1,-1,0,176,prompt
0,3659,6,-39.05831527282456,19.366418441136677,-17.177131811777752,1.7365015186963744,51.5961333841678,,,0.0,-1,-1,0,176,prompt
0,3873,6,-44.62369588327088,27.481563091278076,54.51531219482422,1.4719203562455332,43.73471500832893,,,0.0,-1,-1,0,176,prompt
0,3961,9,-4.639270555319572,-16.30726644727919,22.650977664523655,1.408957329179697,41.86391402843768,,,0.0,-1,-1,0,176,prompt
0,4201,11,41.11100280448919,16.02286351810802,25.123957373879172,5.433568056593737,161.4459297510024,,,0.0,-1,-1,0,176,prompt
0,4381,6,-7.862408547130149,-10.230531295140585,-2.635834932327269,1.8889646638410245,56.12622373442482,,,0.0,-1,-1,0,176,prompt
0,4557,14,-0.9009941090907267,-21.778066090175084,26.108680725097656,3.7412678030420996,111.1631349084956,,,0.0,-1,-1,0,176,prompt
1,41,13,-25.534402650813885,30.739557467974148,-0.21787129915677583,5.739906599788576,170.54807228598756,,,0.0,-1,-1,0,176,prompt
1,371,6,-34.735063097133384,-7.607081214586894,34.68701855341593,2.8614805152412757,85.02228690903955,,,0.0,-1,-1,0,176,prompt
1,387,6,16.12579385241722,-14.114899476369223,-5.394699732462567,2.98981576337438,88.83547250621476,,,0.0,-1,-1,0,176,prompt
1,711,8,18.64683001855981,39.957961201667786,-20.28791093826294,3.363615456754996,99.94206736430976,,,0.0,-1,-1,0,176,prompt
1,1061,7,-4.406411692235845,-11.813442707061768,0.32004220145089285,2.9210232205157904,86.79146092375873,,,0.0,-1,-1,0,176,prompt
1,1471,8,5.715209940502564,47.270596742630005,-3.2470844984054565,3.0658351990110173,91.09421452208218,,,0.0,-1,-1,0,176,prompt
1,1795,6,-11.176317860928902,6.789562543233235,47.79041353861491,1.937601950064543,57.57136840053288,,,0.0,-1,-1,0,176,prompt
1,1877,10,3.5946607634124823,-22.133973670005798,-4.369378852844238,3.1377953843471724,93.2323452872894,,,0.0,-1,-1,0,176,prompt
1,2591,7,-26.51553963804955,27.63728036199297,25.556952340262278,3.177805892253577,94.42116515325581,,,0.0,-1,-1,0,176,prompt
1,2763,6,29.552357785594065,7.759500364462535,-49.15903186798096,2.8401678409437445,84.38902999910361,,,0.0,-1,-1,0,176,prompt
1,3033,7,-19.05942330365882,18.357551532132284,3.872462272644043,2.5551736292953273,75.92108499611479,,,0.0,-1,-1,0,176,prompt
1,3883,16,-43.63078171681527,29.7770813703537,47.58834171295166,5.642845323682613,167.66412056208674,0.25199243426322937,202.30813598632812,425.8724365234375,5,15,3,176,prompt
1,4167,9,30.728445876838563,-3.109957800971137,-1.1357224782307935,3.138648220905563,93.2576853565884,,,0.0,-1,-1,0,176,prompt
1,4897,9,-48.43831533459766,3.0945623185899525,6.12089369032118,2.315152794961184,68.78942006524808,,,0.0,-1,-1,0,176,prompt
1,5103,6,7.013349346671881,14.004050254821777,29.67567539215088,1.776368656920242,52.78069335103034,,,0.0,-1,-1,0,176,prompt
1,5155,6,-11.830863378612158,-4.203062613805135,55.16193707784017,1.5405801042345262,45.7747808978324,0.5124434232711792,65.22283172607422,65.22283172607422,6,6,1,176,prompt
1,5163,6,-15.0863560288783,-33.4813187122345,-18.27492316563924,2.2832247093238545,67.84075071626789,,,0.0,-1,-1,0,176,prompt
1,5333,8,7.431007494514171,28.921457767486572,-9.706457614898682,2.6763344524354005,79.52109911897247,,,0.0,-1,-1,0,176,prompt
1,5535,6,13.004375880475274,8.49388122558594,37.838477770487465,2.57410492603798,76.48358477014459,,,0.0,-1,-1,0,176,prompt
2,357,6,-21.62418231263042,34.27112523714701,27.939025084177654,1.7633027898491436,52.39247127755568,,,0.0,-1,-1,0,176,prompt
2,651,9,11.988243355550491,-27.241387049357098,26.711417728000217,3.6267066748600962,107.75921548390636,,,0.0,-1,-1,0,176,prompt
2,743,10,-1.3423054460483548,-13.07752866744995,-0.8968788146972656,3.0089798980344824,89.40489052138422,,,0.0,-1,-1,0,176,prompt
2,997,7,-11.304175340852598,-7.64073235648019,4.682781764439172,2.7245976336400255,80.95512811817976,,,0.0,-1,-1,0,176,prompt
2,1497,6,5.824390805726225,20.36868699391683,23.294033368428547,1.9232228304113774,57.1441260586266,,,0.0,-1,-1,0,176,prompt
2,1915,6,-11.805646178051235,-10.701643834511438,36.62689411640167,1.6944638011218993,50.34707966334706,,,0.0,-1,-1,0,176,prompt
2,2029,8,-24.58619719786596,30.86479675769806,-1.8935841917991638,2.224430904831567,66.0938285592265,,,0.0,-1,-1,0,176,prompt
2,2641,8,-8.31742748641405,8.750221729278564,28.540565311908722,1.931498301821019,57.39001258511193,,,0.0,-1,-1,0,176,prompt
2,2799,6,25.233953821366715,47.96110089619955,2.3803334236145006,3.8391755967477086,114.07223894842559,,,0.0,-1,-1,0,176,prompt
2,3075,6,-38.11195865514899,8.61396853129069,20.250276883443195,1.3430829670886106,39.906609449976806,,,0.0,-1,-1,0,176,prompt
2,3669,6,-20.207390698458347,26.525481541951496,55.452919006347656,2.09472655376351,62.239963229331245,,,0.0,-1,-1,0,176,prompt
2,4355,8,-35.87242846369806,3.3913174867630005,19.286951661109924,1.8720622265992561,55.62400683622221,,,0.0,-1,-1,0,176,prompt
2,4555,8,5.637737854605065,-42.50751042366028,26.03715205192566,3.043547619481778,90.43199055405239,,,0.0,-1,-1,0,176,prompt
2,4625,6,-18.292564763871496,14.937037150065104,17.605204264322918,1.7150148844670456,50.95770765649811,,,0.0,-1,-1,0,176,prompt
2,5021,7,-6.639911825193898,10.487201418195452,8.662765979766846,2.9577758653637383,87.88348091071462,,,0.0,-1,-1,0,176,prompt
2,5349,7,-30.698992445638908,12.336021763937813,34.07134682791574,3.0377920971820638,90.26097849729673,,,0.0,-1,-1,0,176,prompt
2,5603,10,-34.5600891720716,0.6318448066711426,23.107812643051147,3.7993207740927097,112.88804491025776,,,0.0,-1,-1,0,176,prompt
3,29,6,-33.488086450914416,15.214162826538086,3.1485163370768228,1.5672915119781714,46.56844870749528,,,0.0,-1,-1,0,176,prompt
3,109,8,16.118059535643702,13.741935849189758,-20.18981432914734,2.6473333764301166,78.6593991033132,,,0.0,-1,-1,0,176,prompt
3,1131,6,48.49914424744026,-17.04780610402425,-13.554560979207357,2.1788336795226178,64.73901228428612,,,0.0,-1,-1,0,176,prompt
3,1373,8,-28.13261619254564,32.8150634765625,15.23510193824768,2.174808890249332,64.61942496348522,,,0.0,-1,-1,0,176,prompt
3,1483,10,7.425267672967334,-4.4783398628234865,-48.26522035598755,4.027581181390023,119.67027590426122,,,0.0,-1,-1,0,176,prompt
3,1843,8,1.0882371447695949,13.897818326950077,-14.65077829360962,3.285136952485397,97.61025980152453,,,0.0,-1,-1,0,176,prompt
3,1855,6,9.46291212422968,-16.73835055033366,28.106770594914753,1.6140182550360684,47.95682599450906,,,0.0,-1,-1,0,176,prompt
3,2627,7,-10.759100850517061,16.746267591203964,27.42700351987566,2.180842355304358,64.79869544749927,,,0.0,-1,-1,0,176,prompt
3,2751,6,-8.15116033472624,23.721899668375652,-15.15726629892985,2.1621822357492633,64.24425307750239,,,0.0,-1,-1,0,176,prompt
3,3521,6,-17.150702680871884,-5.034437815348308,27.831116994222004,2.0873495946021388,62.02077391981346,,,0.0,-1,-1,0,176,prompt
3,3655,6,-5.113969451167567,20.641194661458332,6.230693499247233,1.7356562133084483,51.57101708621113,,,0.0,-1,-1,0,176,prompt
3,4373,6,-33.37188512395908,7.099018414815267,19.343531489372257,2.3742870848337088,70.5464589592488,,,0.0,-1,-1,0,176,prompt
3,5097,7,26.055254747607904,0.6017577307564862,2.2269860676356723,3.000169396011692,89.14310679551069,,,0.0,-1,-1,0,176,prompt
3,5591,11,-12.755284207543696,-9.706933108243076,23.37486002661965,3.5441805453120443,105.30714208115056,,,0.0,-1,-1,0,176,prompt
4,153,8,3.1546902991629446,23.933207750320435,12.298679530620575,2.406771255067475,71.51165107812105,,,0.0,-1,-1,0,176,prompt
4,425,6,-6.102778207554194,54.51972579956055,11.913432916005453,1.2128098349142686,36.035844102713135,,,0.0,-1,-1,0,176,prompt
4,441,7,-19.511435707815895,-4.275642667497907,27.214481898716517,1.6721854562914136,49.685130083069595,,,0.0,-1,-1,0,176,prompt
4,555,6,-28.01757594539906,37.37030601501465,7.484052181243896,2.3814849296312732,70.76032629898626,,,0.0,-1,-1,0,176,prompt
4,663,7,-33.34607561526682,8.705684116908484,-22.515233721051896,3.3660309983111425,100.01383960463552,,,0.0,-1,-1,0,176,prompt
4,1003,6,-6.193243848209602,35.79069391886393,20.157902399698894,2.5873233618959603,76.87634007286984,,,0.0,-1,-1,0,176,prompt
4,1159,6,22.457990140036603,-10.863300085067749,-7.996733109156291,2.2954543795131106,68.2041271300144,,,0.0,-1,-1,0,176,prompt
4,1575,8,5.135244187030715,6.186815395951271,-2.8405309319496155,2.577300181321737,76.57852440367914,,,0.0,-1,-1,0,176,prompt
4,1639,12,-9.228543886586253,-27.88108507792155,11.090457359949747,5.039345117007617,149.73250528520978,,,0.0,-1,-1,0,176,prompt
4,1651,6,-0.7370288959278964,2.3186120986938477,20.726008415222168,1.2229139815496994,36.33606549147774,,,0.0,-1,-1,0,176,prompt
4,1673,7,-24.904655973131664,-9.283687046595983,22.27643735068185,1.9075708357136167,56.67906317359082,,,0.0,-1,-1,0,176,prompt
4,1967,7,-49.65796726105492,16.445389407021658,30.753764833722794,2.1735089637347453,64.5808006483815,,,0.0,-1,-1,0,176,prompt
4,2493,12,-13.533208152594325,1.7204843362172444,3.9175382455190024,3.8306076831266718,113.8176631768208,,,0.0,-1,-1,0,176,prompt
4,2495,11,6.736617583339808,8.573239239779385,-6.630444613370028,4.948004323941247,147.01852450734896,,,0.0,-1,-1,0,176,prompt
4,2537,8,5.500432692323509,13.589516639709474,-12.118547916412354,3.300947176001869,98.0800240905888,,,0.0,-1,-1,0,176,prompt
4,2715,7,-33.911334301864954,13.618713651384626,56.39052363804409,2.765470943805612,82.16958416123538,,,0.0,-1,-1,0,176,prompt
4,2727,9,14.678621295013723,-22.32395871480306,-21.32077799903022,4.610592492263671,136.99311094727219,,,0.0,-1,-1,0,176,prompt
4,3201,6,-20.903237869003778,17.375737349192303,2.8174378077189126,3.2189405971141674,95.64338793616402,,,0.0,-1,-1,0,176,prompt
4,3597,7,33.70151483278182,29.92950020517622,4.81072861807687,2.6050248985818505,77.40230036608949,0.47386565804481506,209.4684295654297,209.4684295654297,3,15,1,176,prompt
4,3607,7,-44.743618678770495,36.78636418070112,0.647196497235979,2.690080136311792,79.92952037925178,0.2778346538543701,283.458984375,283.458984375,7,14,1,176,prompt
4,3809,6,-18.42341501339079,17.560487429300945,-16.3858540058136,1.5760185766887918,46.82775328627818,,,0.0,-1,-1,0,176,prompt
4,4083,6,-12.502365203665994,11.962562878926596,12.10889196395874,1.2397324022131688,36.835786031034104,,,0.0,-1,-1,0,176,prompt
4,4447,7,-3.513081544959654,-27.914405482155935,1.6291875498635429,2.833478504934858,84.1902718239739,,,0.0,-1,-1,0,176,prompt
4,4713,6,40.66096111832201,6.059799830118815,-16.339666684468586,1.6188415420709494,48.10013883271993,,,0.0,-1,-1,0,176,prompt
4,4775,6,-10.855756951169438,0.12932443618774414,-0.968466599782308,1.4799657125573382,43.973764195973004,,,0.0,-1,-1,0,176,prompt
4,4861,8,1.0550003125225338,-7.094399705529212,11.458015441894531,2.776593882809674,82.50007661304065,,,0.0,-1,-1,0,176,prompt
4,5043,6,-11.424759778211845,11.717768430709839,-21.368014653523762,2.597383255459018,77.1752465837606,,,0.0,-1,-1,0,176,prompt
4,5401,12,-34.47383589490482,40.11615260442098,18.787707050641377,2.0844556418291766,61.93478679473836,,,0.0,-1,-1,0,176,prompt
4,5781,6,20.71912734781704,26.294544378916424,-6.333777189254761,1.7949199743267392,53.33190291638461,,,0.0,-1,-1,0,176,prompt
5,127,8,-6.704356588136232,-13.575660467147827,16.116076290607452,2.320541340723117,68.94952826146093,,,0.0,-1,-1,0,176,prompt
5,443,8,-31.287571518706315,23.763468384742737,23.946115255355835,2.735060134718729,81.26599718185558,0.360137403011322,577.3739013671875,577.3739013671875,5,6,1,176,prompt
5,507,10,2.6493217590215687,-2.5162954330444327,6.045984840393066,2.877928314747556,85.51099529660215,,,0.0,-1,-1,0,176,prompt
5,839,6,-5.541359084663269,0.14318084716796756,-13.722306410471598,1.4291947940748813,42.465223573432034,,,0.0,-1,-1,0,176,prompt
5,845,7,-38.55196658241237,-5.609801633017404,3.6561587197440013,2.287235480426794,67.95992151950222,,,0.0,-1,-1,0,176,prompt
5,1193,8,26.035276744115443,-40.95907545089722,-17.525950014591217,2.389787568678715,71.00702004910401,,,0.0,-1,-1,0,176,prompt
5,1455,10,-18.335635957607924,24.700151252746583,9.350321197509766,2.1685588221363035,64.43371861969692,,,0.0,-1,-1,0,176,prompt
5,1715,6,-8.29797510906708,21.934444427490234,-28.573264757792156,2.042583342111291,60.69064808360854,,,0.0,-1,-1,0,176,prompt
5,1805,7,-7.132467386643728,10.867259093693324,39.26815945761545,1.5471035644214441,45.96861045588728,,,0.0,-1,-1,0,176,prompt
5,3107,8,-2.7767845633422183,41.95326042175293,13.41410779953003,2.9885381979168697,88.79751259829476,,,0.0,-1,-1,0,176,prompt
5,3163,6,21.481493371785565,-6.226075172424314,-25.4940284093221,1.8686278610634297,55.521962593606446,,,0.0,-1,-1,0,176,prompt
5,3183,7,-5.560657598575579,39.53386109215872,9.996925149645124,2.168105651600143,64.42025370349742,,,0.0,-1,-1,0,176,prompt
5,3267,12,-15.074915895812028,-29.58771268526713,-27.446290016174316,3.818070753924707,113.44515727091293,,,0.0,-1,-1,0,176,prompt
5,3393,8,-34.410332768226176,4.7526936531066895,19.2441246509552,3.018391248029362,89.68452705750741,,,0.0,-1,-1,0,176,prompt
5,3487,6,22.636260667210497,30.095774968465168,35.515246073404946,2.418660742713313,71.86491975300513,,,0.0,-1,-1,0,176,prompt
5,3639,7,-26.758074194488593,18.844500950404573,-34.60849952697754,2.383500109418641,70.82020271371015,,,0.0,-1,-1,0,176,prompt
5,3649,9,-34.73403347646072,28.99959161546495,33.703224394056534,3.486245712239308,103.58574227664334,,,0.0,-1,-1,0,176,prompt
5,3825,6,-3.751663333062576,42.2846573193868,39.99858180681864,2.1309352749905375,63.31582178170519,,,0.0,-1,-1,0,176,prompt
5,3943,9,-7.151653522989022,4.2385524936763534e-07,33.92492442660861,2.9021346550534806,86.23023081106612,,,0.0,-1,-1,0,176,prompt
5,4159,7,17.539359811884015,10.186323370252337,10.58428396497454,2.448454893799707,72.75018416364364,,,0.0,-1,-1,0,176,prompt
5,4751,8,-32.32097558220675,39.0469126701355,-7.868143796920776,2.830914421677368,84.1140860099466,,,0.0,-1,-1,0,176,prompt
5,4891,6,-1.9631180673107715,7.034356355667114,-21.50951902071635,4.053840040793417,120.4504972848395,,,0.0,-1,-1,0,176,prompt
5,4907,9,-52.49153080317827,-34.551328870985245,7.793998718261719,3.2707082552517677,97.18154437627979,0.6361574530601501,45.48127746582031,45.48127746582031,0,6,1,176,prompt
5,5289,8,-4.006052974601021,-5.51132345199585,25.827101588249207,2.8683423971056206,85.2261718858894,,,0.0,-1,-1,0,176,prompt
5,5297,8,4.559777456543397,24.310790538787842,22.424134343862534,3.3961947813641133,100.91008677575263,,,0.0,-1,-1,0,176,prompt
5,5591,6,3.851900135196363,-42.062955935796104,6.118372281392415,2.7914566916292345,82.94169066178225,,,0.0,-1,-1,0,176,prompt
5,5969,7,15.757086045370214,20.820005450929916,-12.154541083744594,3.0470726755813806,90.53672945738393,0.39678505063056946,122.49531555175781,271.47100830078125,4,6,3,176,prompt
6,31,7,-56.41626985771883,-46.25216293334961,18.23041275569371,1.9213009633601903,57.087022216417395,,,0.0,-1,-1,0,176,prompt
6,161,7,-28.72589168561172,-30.214542525155206,23.04303196498326,2.490429735714426,73.99736967940238,,,0.0,-1,-1,0,176,prompt
6,341,6,-15.683236810618553,-1.7966938813527424,-0.8437606493631998,2.6045241140022855,77.38742070852182,0.3055863380432129,251.88829040527344,422.632568359375,6,15,2,176,prompt
6,361,7,-29.900424583196664,30.80442319597517,-2.778537205287389,2.666284450683514,79.22248652041237,,,0.0,-1,-1,0,176,prompt
6,599,8,-20.588425404370174,24.771511256694794,10.08860731124878,1.6759369171174152,49.79659608012163,,,0.0,-1,-1,0,176,prompt
6,1089,9,-51.8068300719432,-23.937441084120007,10.244878556993273,3.276434603031555,97.35168957953411,0.32944777607917786,114.7435531616211,114.7435531616211,5,13,1,176,prompt
6,1389,6,-0.42572066190781044,45.928850173950195,12.912554423014322,1.3710489818045304,40.73755500917762,,,0.0,-1,-1,0,176,prompt
6,1483,6,-21.362556552142575,29.42143710454305,7.360816319783528,2.4849012923211724,73.8331047480712,,,0.0,-1,-1,0,176,prompt
6,1567,6,-37.23748758809935,9.514625271161398,10.409191131591799,2.5937605172019156,77.06760528064807,,,0.0,-1,-1,0,176,prompt
6,1705,7,-26.401165696530565,33.583590916224885,28.794094494410924,2.345715306677167,69.69751453799975,,,0.0,-1,-1,0,176,prompt
6,1807,6,-11.191883827491154,-5.1499067942301435,-11.551493803660074,1.2252658349367842,36.40594538490341,,,0.0,-1,-1,0,176,prompt
6,2017,6,-38.32354857277429,-3.9028435548146567,8.481702009836832,1.8614138466541585,55.307614811189595,,,0.0,-1,-1,0,176,prompt
6,2323,7,-25.306558218035953,25.143155097961426,14.403212819780622,2.119097355995396,62.964085350214596,,,0.0,-1,-1,0,176,prompt
6,2429,7,-43.54127360800093,35.77683639526367,50.21063722882952,2.3862366525702803,70.9015127753158,0.3459533452987671,130.01766967773438,185.00039672851562,5,14,2,176,prompt
6,3111,7,-38.422858570132384,7.288387366703577,35.70512274333409,2.190232513459234,65.07770231702457,,,0.0,-1,-1,0,176,prompt
6,3131,6,-47.14164115187012,38.53885014851888,24.51191234588623,2.0342633309065308,60.443438159944996,,,0.0,-1,-1,0,176,prompt
6,3171,13,-32.90832011406215,21.66477995652419,36.09567378117488,3.5028841749396453,104.08011578081313,,,0.0,-1,-1,0,176,prompt
6,3293,8,-31.77622006436833,29.139694213867188,11.138218879699707,3.3578644752490785,99.77119022675797,,,0.0,-1,-1,0,176,prompt
6,3619,6,-32.72305967280895,10.992625633875528,28.133012374242146,1.3550886028369513,40.2633291975634,,,0.0,-1,-1,0,176,prompt
6,3703,8,-27.209413155410616,-4.35779082775116,23.448394060134888,2.937935908866026,87.29398240998165,,,0.0,-1,-1,0,176,prompt
6,3711,6,-1.044286035002739,9.805606524149576,16.364231189092,1.6971035245727268,50.42551295108092,,,0.0,-1,-1,0,176,prompt
6,4063,9,-3.0133240479795025,-14.703021155463325,31.60925441318088,3.517079759022944,104.50190478700873,,,0.0,-1,-1,0,176,prompt
6,4223,11,-14.84217681637969,24.462579705498435,21.8867451060902,3.539044517978948,105.15453688703467,,,0.0,-1,-1,0,176,prompt
6,4895,8,-14.259179095627147,15.182985723018646,31.265679478645325,1.4864439430845575,44.1662498591164,,,0.0,-1,-1,0,176,prompt
6,5209,8,-33.89148571152603,42.21306550502777,-2.433978021144867,3.5389455073066536,105.15159501350382,,,0.0,-1,-1,0,176,prompt
6,5225,10,-5.53032341978064,-23.55285382270813,37.42774276733398,2.4533118014789492,72.89449596167816,,,0.0,-1,-1,0,176,prompt
6,5357,8,-9.398370151771593,-15.176057815551758,29.146775901317596,3.5484572292616336,105.43421387068206,,,0.0,-1,-1,0,176,prompt
6,5719,7,-39.763775860159356,-9.117412294660296,32.197512081691194,2.359697377888127,70.11295950215343,,,0.0,-1,-1,0,176,prompt
6,5803,6,0.0022621958776352833,24.308481852213543,13.499135335286459,2.5578083506932208,75.99936965939447,,,0.0,-1,-1,0,176,prompt
7,25,10,-33.269321362005954,-41.57706413269043,18.422511100769043,4.76343257865547,141.53440123640425,,,0.0,-1,-1,0,176,prompt
7,175,6,-15.879734058491623,26.576288143793743,-2.5942668120066323,1.7721232053238818,52.65454955876561,,,0.0,-1,-1,0,176,prompt
7,1111,6,-24.092963593436433,2.808199723561604,10.767983277638754,1.9933259796079064,59.22707928247966,,,0.0,-1,-1,0,176,prompt
7,1279,6,4.560412663207701,2.0091561079025273,34.07734394073486,2.5484710520589267,75.72193338848093,,,0.0,-1,-1,0,176,prompt
7,1749,6,-31.60022142702711,-20.992218335469563,-4.013693491617838,1.8251294146140848,54.22950668680751,,,0.0,-1,-1,0,176,prompt
7,1979,7,-47.6548124148077,38.302633558000835,-22.842386518205917,2.4674631207868405,73.31496974227124,,,0.0,-1,-1,0,176,prompt
7,2503,8,-37.34875814538652,-32.26081496477127,21.858389258384705,2.050829800161992,60.93567254511913,,,0.0,-1,-1,0,176,prompt
7,2757,9,-6.159763616755395,-17.91767120361328,-2.4145566092597113,3.3786778510350075,100.3896116342047,,,0.0,-1,-1,0,176,prompt
7,3017,7,6.111485102410113,24.153423036847794,-5.69104848589216,2.307017369168676,68.54769467093783,,,0.0,-1,-1,0,176,prompt
7,3691,8,-13.226130004734234,-10.783626317977905,16.12190142273903,2.941934928535537,87.4128040465034,,,0.0,-1,-1,0,176,prompt
7,3789,6,20.198491392049288,51.582200368245445,-30.026699384053547,2.6435651515415346,78.54743500084656,0.5475493669509888,189.83432006835938,189.83432006835938,7,7,1,176,prompt
7,3969,6,-0.2597621228695015,7.759500185648601,-31.35060437520345,1.346115599151666,39.996717109973545,,,0.0,-1,-1,0,176,prompt
7,4799,7,-9.067202840798625,47.31315585545131,6.926233836582729,2.2366886739513423,66.4580398678184,,,0.0,-1,-1,0,176,prompt
7,5171,8,23.169136646869354,1.6281092911958694,12.985821664333344,2.1068089761360747,62.5989645141713,,,0.0,-1,-1,0,176,prompt
7,5375,7,-28.47764284904137,30.25413158961705,15.60690416608538,2.6930702680261085,80.01836523951077,,,0.0,-1,-1,0,176,prompt
7,5603,6,-37.22465711422476,-1.182400107383728,-10.732504526774088,1.7515126721665266,52.042155151702815,,,0.0,-1,-1,0,176,prompt
8,139,10,-49.319220413100155,7.856493663787842,23.22785940170288,3.1033887133095486,92.21003049571054,,,0.0,-1,-1,0,176,prompt
8,331,7,-1.60577790925661,13.238657133919853,-10.130267892565046,2.0633170053276135,61.306701016090194,,,0.0,-1,-1,0,176,prompt
8,429,6,4.119320700768088,26.20216902097066,-18.424193143844604,2.1239143614477856,63.10721154570466,0.3263256251811981,412.29473876953125,412.29473876953125,6,6,1,176,prompt
8,727,16,-18.796497438761776,-29.908716291189194,37.459423542022705,6.180551306941703,183.64081239621117,,,0.0,-1,-1,0,176,prompt
8,877,9,-1.762769603625312,0.05234569973415799,27.21640141805013,2.2731928327573883,67.54267666574505,,,0.0,-1,-1,0,176,prompt
8,1241,7,-28.432435603959853,-36.125223704746794,2.826045445033482,2.9303650348636228,87.06903136867422,,,0.0,-1,-1,0,176,prompt
8,1447,8,-34.47517756920553,-17.005082547664642,27.387033700942993,2.125675523521144,63.159540410534206,,,0.0,-1,-1,0,176,prompt
8,1591,10,-13.224674157365332,2.7906490325927735,14.891939043998718,4.158629368754202,123.56407022703937,,,0.0,-1,-1,0,176,prompt
8,1679,7,-19.49268205862864,-12.664612633841378,16.678512368883407,4.355120028026808,129.40233650865105,,,0.0,-1,-1,0,176,prompt
8,1781,6,3.2660157393341223,11.306699593861898,-14.196566104888916,1.9453180139549016,57.80063342414573,,,0.0,-1,-1,0,176,prompt
8,2437,6,4.509579703826574,19.3848934173584,14.39517323176066,2.048158285528318,60.856294655786634,,,0.0,-1,-1,0,176,prompt
8,2581,8,-6.407671204636986,24.137587875127792,-3.1165531873703003,2.702779226405954,80.30684452167341,0.7625117301940918,42.707218170166016,42.707218170166016,6,13,1,176,prompt
8,2629,8,-23.967870779725644,41.270840883255005,14.73170980811119,2.211680295323121,65.71497363635771,,,0.0,-1,-1,0,176,prompt
8,2635,6,-32.78651921383584,13.13110637664795,37.995514233907066,1.7414372605864403,51.742787558764114,,,0.0,-1,-1,0,176,prompt
8,2833,6,7.599985670123723,-23.98516845703125,-26.90127690633138,2.2807273999330784,67.7665489335221,,,0.0,-1,-1,0,176,prompt
8,3221,6,-41.65076165725766,16.124055862426758,22.975339372952778,2.0094299480956725,59.70557152516595,,,0.0,-1,-1,0,176,prompt
8,3373,10,-22.80143666323505,-33.568152236938474,-22.41487584114075,3.7356100943146084,110.99502915620606,,,0.0,-1,-1,0,176,prompt
8,3451,6,-36.92613416515029,19.334086338678997,13.454624811808268,1.7424844594024826,51.77390265380464,,,0.0,-1,-1,0,176,prompt
8,3523,10,-0.5712188971678313,19.57333869934082,-7.235733222961426,3.019869031933842,89.72843599431371,,,0.0,-1,-1,0,176,prompt
8,4013,8,-25.338226511386704,-22.821243554353714,2.93642196059227,2.030654019434717,60.33619580275746,,,0.0,-1,-1,0,176,prompt
8,4497,6,24.608751337740358,-19.167812983194988,19.532899697621662,1.8615667987285751,55.312159428944334,,,0.0,-1,-1,0,176,prompt
8,4509,6,18.156941041439122,-22.05915029843648,36.21729532877604,2.629634630582628,78.13352173341313,,,0.0,-1,-1,0,176,prompt
8,4863,7,-3.5716310470945403,38.70644542149135,20.632044996534074,2.307892194388007,68.57368808252915,,,0.0,-1,-1,0,176,prompt
8,5273,9,-29.72972633174599,8.898791790008545,13.634197129143608,1.9287374874934957,57.307981361552294,,,0.0,-1,-1,0,176,prompt
8,5283,9,36.90517872623791,5.47783719168769,-46.19638442993164,3.7194685824679103,110.51542139928938,,,0.0,-1,-1,0,176,prompt
8,5851,6,-29.483651474844077,45.951943715413414,13.979485511779785,1.4346946838892793,42.628640101092174,,,0.0,-1,-1,0,176,prompt
9,551,6,18.64239396913712,6.207599560419719,1.921399752298991,2.6638490885714803,79.15012535803024,,,0.0,-1,-1,0,176,prompt
9,997,6,-8.733466932453268,-7.565512339274089,3.2238874435424805,1.613703230300455,47.947465761821086,,,0.0,-1,-1,0,176,prompt
9,1311,9,-25.789189430788397,31.416737344529892,-22.62522580888536,2.866853778264181,85.1819410139471,0.35678353905677795,298.65435791015625,406.02734375,4,7,2,176,prompt
9,1369,7,-3.8288996742945867,-27.99754306248256,-20.94479955945696,2.390741533932111,71.03536492408867,,,0.0,-1,-1,0,176,prompt
9,1567,7,31.066582199514418,5.479157311575753,-34.22844314575195,3.6001357384003416,106.9697214541234,,,0.0,-1,-1,0,176,prompt
9,2189,7,-1.7672981208950926,-10.875177315303258,13.213012422834124,1.3412855631470137,39.853203741707986,,,0.0,-1,-1,0,176,prompt
9,2199,10,28.117623428808827,-18.19879913330078,4.5088237762451175,3.3995765260360895,101.01056751089044,,,0.0,-1,-1,0,176,prompt
9,2411,6,9.600872781090432,53.78534444173177,25.072251796722412,1.5714878465272561,46.69313310010192,,,0.0,-1,-1,0,176,prompt
9,2461,11,-10.515831356223792,9.109854568134654,-4.284959706393155,5.026983450036154,149.36520689183484,,,0.0,-1,-1,0,176,prompt
9,2603,8,3.6332710712017082,19.530384182929993,0.1684812307357788,3.1220836512887113,92.76550741478962,,,0.0,-1,-1,0,176,prompt
9,2627,6,-16.830021843632714,-3.99521932999293,13.295910835266113,2.185769417650134,64.94509172947639,,,0.0,-1,-1,0,176,prompt
9,3383,6,8.787952428520347,8.387649774551392,-1.848970651626587,1.906601002948471,56.65024683212955,,,0.0,-1,-1,0,176,prompt
9,3603,6,-10.406961357098632,28.61315631866455,1.381005922953289,1.0816102163097017,32.1375503502521,,,0.0,-1,-1,0,176,prompt
9,3957,11,-19.436339722875985,3.8520367362282495,17.08904860236428,4.801820516566089,142.67501018114413,,,0.0,-1,-1,0,176,prompt
9,4553,6,-41.49735496131438,12.738512535889944,-13.623841444651285,1.9744270501527108,58.66554122766685,,,0.0,-1,-1,0,176,prompt
9,4583,12,-17.628507327579356,41.46482835213343,18.135728120803833,3.2874990913158912,97.68044530315406,0.31014782190322876,91.84349822998047,169.49200439453125,4,6,2,176,prompt
9,5293,6,22.5036215186236,8.794100761413574,-6.28149954477946,2.1896578122195063,65.06062639655933,,,0.0,-1,-1,0,176,prompt
9,5471,8,-22.109700284924124,13.208470344543457,-3.0113736391067505,4.011652356622413,119.19698765284662,0.4964670240879059,83.05342864990234,83.05342864990234,4,5,1,176,prompt
10,109,9,-8.305178393335058,14.764603932698568,2.6054659949408645,4.348685861191255,129.211160096371,,,0.0,-1,-1,0,176,prompt
10,143,16,-2.491241195853381,-11.47297493647784,-24.257726669311523,5.9265901497202735,176.09494295624003,,,0.0,-1,-1,0,176,prompt
10,497,8,10.64893589335803,18.47384512424469,9.761882543563843,2.238749407544432,66.51926980870445,,,0.0,-1,-1,0,176,prompt
10,509,6,-16.57025972076321,30.793206085761387,15.318922996520996,2.040034285312943,60.61490874612145,0.5747730731964111,56.84111022949219,56.84111022949219,1,7,1,176,prompt
10,901,9,-10.63284682795758,13.643787595960829,23.508104430304634,3.370534973587007,100.14766483115591,,,0.0,-1,-1,0,176,prompt
10,1193,6,-53.64718501664884,-2.905193646748861,43.03918965657552,2.3716685785492064,70.46865609062597,,,0.0,-1,-1,0,176,prompt
10,1383,7,-21.652454202343076,-27.63332121712821,43.12145669119699,2.8314396798796135,84.12969284470742,,,0.0,-1,-1,0,176,prompt
10,2545,9,-9.920561835780575,12.830887582567003,20.522293090820312,2.2811245081267812,67.7783480866525,,,0.0,-1,-1,0,176,prompt
10,2937,8,-20.89139640337197,29.014988005161285,-9.318328738212585,2.446464869679314,72.69105519148437,,,0.0,-1,-1,0,176,prompt
10,2969,6,-0.35566919927847174,-10.221294085184732,2.3309974670410156,3.0176757284059956,89.66326704389456,0.17775745689868927,287.0517883300781,287.0517883300781,5,1,1,176,prompt
10,2975,7,-20.034792659830885,-20.661648205348424,44.098052161080496,1.4454029432450366,42.94681130456263,,,0.0,-1,-1,0,176,prompt
10,3037,6,-31.4295346040047,20.867512543996174,35.903221130371094,2.0971612308213325,62.31230403690916,0.40254950523376465,113.14946746826172,204.43692016601562,5,13,2,176,prompt
10,3111,10,0.047893574464629295,0.11362113952636684,-23.007040786743165,4.328571585891716,128.61351084579044,,,0.0,-1,-1,0,176,prompt
10,3491,8,14.176673122918022,-15.397757217288017,-1.3475211262702924,1.8166586265463804,53.97781677677598,,,0.0,-1,-1,0,176,prompt
10,3511,10,-30.249072400725602,-17.885647583007813,42.69500722885132,2.3755248610482007,70.58323662167813,,,0.0,-1,-1,0,176,prompt
10,3551,6,6.868278282469677,4.969775040944417,8.84028720855713,1.682943935505448,50.0047934536809,,,0.0,-1,-1,0,176,prompt
10,3685,7,-14.016850044839433,52.2934878213065,20.89081232888358,2.081401809018016,61.84404920346006,,,0.0,-1,-1,0,176,prompt
10,3771,6,-6.855253142564631,58.260912577311196,-1.3963336944580078,1.467929422586137,43.61613362892872,,,0.0,-1,-1,0,176,prompt
10,3837,7,-33.78242638259976,25.463828495570592,3.9860106195722307,2.1843415717960726,64.902666586541,,,0.0,-1,-1,0,176,prompt
10,4031,6,17.61454575576595,30.15119965871175,-3.9891294638315835,1.3445852275898187,39.951245652343204,,,0.0,-1,-1,0,176,prompt
10,4365,7,-31.620476387464855,6.8608230863298685,20.046122687203543,2.5242214756178196,75.00141321208382,,,0.0,-1,-1,0,176,prompt
10,4981,7,11.298422327353597,-17.466792924063547,22.22749263899667,2.0159628652379755,59.89968207481583,,,0.0,-1,-1,0,176,prompt
10,5165,7,-15.494811709016295,-10.332803675106593,-22.164150510515487,2.831897709325836,84.1433021322011,,,0.0,-1,-1,0,176,prompt
10,5383,397,15.39453632294589,-17.346210079769644,36.882343236985676,174.93647754909526,5197.833536106333,,,0.0,-1,-1,0,176,prompt
10,5657,6,-34.58963866360087,-8.826431274414062,10.128918011983233,1.771282731867241,52.62957683049109,,,0.0,-1,-1,0,176,prompt
11,405,9,3.3184238556801,-1.4379698435465493,-6.883545345730251,3.203172410374196,95.17487267285875,,,0.0,-1,-1,0,176,prompt
11,1147,7,-36.56324291892874,16.211812700544083,19.560612542288645,2.344584096546036,69.66390324069712,,,0.0,-1,-1,0,176,prompt
11,1481,6,-13.776746507772783,-22.23928165435791,17.82081476847331,2.0072939911691785,59.64210649660383,,,0.0,-1,-1,0,176,prompt
11,2319,8,-7.255132694479463,-7.361132860183715,23.05223321914673,2.735973814522114,81.2931450677044,,,0.0,-1,-1,0,176,prompt
11,2563,8,-41.13499998499686,34.10369539260864,0.623685896396637,2.7063942004171633,80.41425512814536,,,0.0,-1,-1,0,176,prompt
11,2673,8,-3.1273163264174446,1.3405919075012207,5.013601541519165,3.1230869736672355,92.79531882279147,0.3360946774482727,81.41111755371094,81.41111755371094,7,14,1,176,prompt
11,2689,6,-39.83167768267109,-15.689894676208496,26.2823650042216,1.0795623196256379,32.07670182847984,,,0.0,-1,-1,0,176,prompt
11,2745,6,2.033289457419821,-20.073087692260742,41.26873747507731,2.3532626224251323,69.92176560016799,,,0.0,-1,-1,0,176,prompt
11,2969,6,26.547050762749496,-38.35410022735596,43.91213266054788,2.2569614434062055,67.06039840629228,,,0.0,-1,-1,0,176,prompt
11,3015,9,-6.9715193581967805,49.01109494103326,-4.961165375179714,3.496756426433288,103.89804388172492,0.2614733576774597,174.99093627929688,461.42999267578125,7,13,3,176,prompt
11,3111,6,27.44019229768659,14.747669219970703,-32.73160966237386,2.1558938892918715,64.05740938108858,,,0.0,-1,-1,0,176,prompt
11,3543,6,-3.257634918664062,10.06425658861796,29.755664507548016,1.4852714732710988,44.13141262561399,,,0.0,-1,-1,0,176,prompt
11,3703,7,3.981805778283397,2.541632516043527,19.867971692766464,2.4359864580163486,72.37971338153166,,,0.0,-1,-1,0,176,prompt
11,3939,8,20.15574264119335,-5.972043812274933,-19.66674041748047,2.6299827566612244,78.1438654960833,,,0.0,-1,-1,0,176,prompt
11,3959,10,-10.805764668815568,-6.8948698997497555,16.864944887161254,2.9140075751013246,86.58300721802716,,,0.0,-1,-1,0,176,prompt
11,4657,6,-54.99086585579537,31.09804431597392,24.39791488647461,1.3158721481991542,39.09810279115925,,,0.0,-1,-1,0,176,prompt
11,5117,7,-35.76089980139315,0.855128550103733,-17.372585977826798,2.9532912910338167,87.75023213850994,,,0.0,-1,-1,0,176,prompt
11,5347,6,24.08855912916087,12.272018591562906,-22.65202713012695,2.0495756743153604,60.89840909111887,,,0.0,-1,-1,0,176,prompt
11,5575,9,-35.39776370580708,23.644920455084907,30.54288164774577,4.165623929819068,123.77189746000228,,,0.0,-1,-1,0,176,prompt
12,770,8,15.292284240433114,-21.830522447824478,-8.88075304031372,2.431547206174407,72.2478112624165,,,0.0,-1,-1,0,176,prompt
12,1088,8,-17.01445735555705,14.954357981681824,37.8473984003067,2.2378914224057187,66.49377676122822,,,0.0,-1,-1,0,176,prompt
12,1450,9,-11.975245266198636,36.743695471021866,28.39880116780599,2.6772408857063716,79.54803169084146,,,0.0,-1,-1,0,176,prompt
12,1476,6,-5.376512255653708,32.02641248703003,4.757312774658203,1.9033744634124354,56.55437765926781,,,0.0,-1,-1,0,176,prompt
12,1644,6,-0.7130821086955811,11.930232048034668,15.974785010019938,1.5906599571318882,47.26278810204815,,,0.0,-1,-1,0,176,prompt
12,1854,10,-4.073835643014342,23.608279323577882,9.463818454742432,3.353584980519128,99.64403492137757,,,0.0,-1,-1,0,176,prompt
12,2222,64,0.013127305002061496,-21.587171530351043,-55.7562874853611,29.256512398654934,869.2897183353961,,,0.0,-1,-1,0,176,prompt
12,3174,14,-15.984586856139009,40.167289052690776,9.310769762311663,5.796417312448363,172.22715764044074,,,0.0,-1,-1,0,176,prompt
12,3186,7,10.74041126294473,-13.492028508867536,21.68907826287406,2.3990874665544553,71.28334504282823,,,0.0,-1,-1,0,176,prompt
12,3294,8,-17.86352554669797,39.220115303993225,14.526071727275848,2.0943097260130554,62.2275781551006,,,0.0,-1,-1,0,176,prompt
12,3332,15,-15.65005820528136,8.72204745610555,11.094614156087239,5.459486015628798,162.21602206420826,,,0.0,-1,-1,0,176,prompt
12,3406,6,-6.201226110620375,24.294624785582226,7.074454307556152,1.9228664355608676,57.13353660849002,,,0.0,-1,-1,0,176,prompt
12,3588,6,-7.765749543131577,-19.26018770535787,-24.616466522216797,2.77049159548592,82.31876123420855,,,0.0,-1,-1,0,176,prompt
12,4114,8,29.47997794697084,11.694675207138062,-39.097925305366516,4.149451119718641,123.29135974773763,,,0.0,-1,-1,0,176,prompt
12,4392,6,-38.012638897013495,23.89741325378418,-12.967978795369467,3.238855925387453,96.23512593518942,,,0.0,-1,-1,0,176,prompt
12,4404,7,-29.05355746330976,-21.196103232247488,29.091014317103795,2.5647951670447333,76.20696677608113,,,0.0,-1,-1,0,176,prompt
12,4658,6,0.21373218602322197,36.37265634536743,-7.154443899790451,1.5559459846228814,46.231342556746434,,,0.0,-1,-1,0,176,prompt
12,4926,10,-13.410056937120354,36.46133642196655,17.077448463439943,3.110598207764118,92.42424397810913,,,0.0,-1,-1,0,176,prompt
12,5224,7,-5.947620182753634,10.221953800746373,15.424792970929827,2.2024005383964353,65.43924708443315,,,0.0,-1,-1,0,176,prompt
12,5320,8,-22.006917575277278,-15.85847783088684,39.51361274719238,2.0214969949330737,60.06411596147774,,,0.0,-1,-1,0,176,prompt
13,137,7,5.761012860681299,23.5397891998291,19.130349023001536,3.002683554960946,89.21780922398429,,,0.0,-1,-1,0,176,prompt
13,369,9,-8.819590859806995,19.946841769748264,-9.117903179592556,3.5417554804247855,105.2350868770283,,,0.0,-1,-1,0,176,prompt
13,513,6,-36.58075461308919,18.558136622111004,3.878278970718384,2.557969056926697,76.00414467408282,,,0.0,-1,-1,0,176,prompt
13,1211,7,13.970212252682563,-23.74169376918248,17.757862499782018,2.453625285890331,72.90381042718789,,,0.0,-1,-1,0,176,prompt
13,1277,9,-3.3532393891397296,8.129000451829699,27.535516526963974,2.895295049969196,86.027007737303,0.4035029709339142,115.13731384277344,115.13731384277344,4,15,1,176,prompt
13,1479,10,9.78100935374026,-39.32957992553711,12.74422001838684,3.1347675446827443,93.14238002235314,,,0.0,-1,-1,0,176,prompt
13,1489,10,-5.94997840098903,22.757504892349242,6.525287342071533,3.3724233440465303,100.20377339948097,,,0.0,-1,-1,0,176,prompt
13,2009,6,-7.848706218186245,-12.133456309636435,-9.593143463134766,2.3267346043397215,69.13354679078853,,,0.0,-1,-1,0,176,prompt
13,2097,14,50.66204753875546,-44.57951532091413,45.015174525124685,3.4634121982866737,102.90729712767863,,,0.0,-1,-1,0,176,prompt
13,2291,12,15.04592623108544,53.35580031077067,-19.4589999516805,4.8305714039015,143.52927641811505,,,0.0,-1,-1,0,176,prompt
13,2407,11,-19.134899862533306,-3.582470373673873,1.0636659535494717,5.0891898521616055,151.21352650852225,,,0.0,-1,-1,0,176,prompt
13,2951,7,-16.961608967560267,-4.754672731672015,6.609520094735282,1.972007009588499,58.59363530970374,,,0.0,-1,-1,0,176,prompt
13,3275,7,-2.012074590369517,-31.588291031973704,9.562879971095494,1.773340766870681,52.6907265890162,,,0.0,-1,-1,0,176,prompt
13,4161,7,-21.213822788607057,52.84773799351284,23.717487335205078,1.4322948694419804,42.557335155494975,,,0.0,-1,-1,0,176,prompt
13,4781,6,-36.918151902739524,-7.565512577692668,53.99801222483317,2.327713529696062,69.16263329760417,,,0.0,-1,-1,0,176,prompt
13,4951,9,-11.606021653705675,-10.133537504408094,32.40787675645616,4.577031745172007,135.9959308326738,,,0.0,-1,-1,0,176,prompt
14,1087,6,-48.319483379458056,-10.877156734466553,9.04518953959147,2.4871901202945765,73.90111198684278,,,0.0,-1,-1,0,176,prompt
14,1151,6,-36.602040646184584,-4.5171371698379525,27.24768352508545,1.4892931024978928,44.25090605292934,,,0.0,-1,-1,0,176,prompt
14,1197,10,-14.496717964425835,44.65315170288086,20.63862862586975,2.0394825157861827,60.59851418856217,,,0.0,-1,-1,0,176,prompt
14,1513,7,-29.522926205996026,38.714362553187776,42.72826222011021,2.5684167631423964,76.31457414256293,,,0.0,-1,-1,0,176,prompt
14,2107,11,-15.499817721847034,-5.250258705832741,12.388915842229672,3.474043557390905,103.22318341772274,,,0.0,-1,-1,0,176,prompt
14,2271,8,0.9246007653487816,2.33477783203125,17.97627878189087,2.246223361631191,66.74134109848774,,,0.0,-1,-1,0,176,prompt
14,2401,6,-28.994072713650088,-47.665499766667686,22.2239548365275,2.8364447318871218,84.27840640941997,,,0.0,-1,-1,0,176,prompt
14,2741,9,-31.29692036826804,11.639249589708117,45.7427666982015,2.321952050663668,68.99144425028985,,,0.0,-1,-1,0,176,prompt
14,2751,7,-31.552804299717657,23.547706876482284,8.499188831874303,1.9680169150844036,58.47507886386586,,,0.0,-1,-1,0,176,prompt
14,3117,7,4.009579218100348,12.438952854701451,-28.340078626360214,2.3903391747987692,71.02340975141031,,,0.0,-1,-1,0,176,prompt
14,3561,11,-1.9031795514278138,43.18363363092596,22.75167430530895,5.290352189694468,157.19060092364194,0.39813974499702454,66.65873718261719,131.167724609375,5,13,2,176,prompt
14,3615,7,3.40670252997506,24.402835198811122,18.9336644581386,2.6468408938052495,78.64476611916177,,,0.0,-1,-1,0,176,prompt
14,3635,6,20.731679190912057,37.41187540690104,29.8618958791097,2.5379002449784247,75.40784626201912,,,0.0,-1,-1,0,176,prompt
14,3701,9,-23.68187215434474,1.2994084358215332,18.401727570427788,2.7773865371679536,82.52362850721235,,,0.0,-1,-1,0,176,prompt
14,3787,7,-6.806740633983663,-13.2188629422869,-5.012633800506592,1.1273927027752182,33.49787123272792,,,0.0,-1,-1,0,176,prompt
14,3955,7,22.17066941380432,-5.7166933332170755,-0.5654965128217425,3.2981324207180127,97.99639013605088,,,0.0,-1,-1,0,176,prompt
14,3971,9,-2.948273349314928,43.13296635945638,-43.77210023668077,4.813322381418659,143.0167615396718,,,0.0,-1,-1,0,176,prompt
14,4173,6,7.202262890393473,18.70131842295329,-21.31406052907308,2.0490033967807952,60.88140518545666,0.4197702407836914,115.05909729003906,115.05909729003906,4,15,1,176,prompt
14,4419,8,-12.916219498927909,-3.554128021001816,-17.125221967697144,2.344810571264962,69.67063241408397,,,0.0,-1,-1,0,176,prompt
14,4729,7,-32.00658887231516,-7.620937347412109,24.32716260637556,2.492290982147362,74.05267231990148,,,0.0,-1,-1,0,176,prompt
14,4831,8,-5.512705004634131,26.922693729400635,5.318593502044678,2.45836580772561,73.04466408858133,0.5075224041938782,67.8583984375,67.8583984375,1,14,1,176,prompt
14,5031,6,23.00205439729767,28.132806460062664,29.20141454537709,2.0528309503299598,60.99513210209419,,,0.0,-1,-1,0,176,prompt
15,683,8,-7.161397165065953,14.084877729415894,-13.015740156173704,2.1022841137686017,62.46451867594801,,,0.0,-1,-1,0,176,prompt
15,997,6,-23.536865978819353,18.03159999847412,-29.649433771769207,1.5764238309008278,46.839794479535755,,,0.0,-1,-1,0,176,prompt
15,1665,6,-23.03791461440628,32.756174087524414,3.1514581044514975,1.8737220257523879,55.673323935904456,,,0.0,-1,-1,0,176,prompt
15,1757,11,-0.621294228550039,19.066199931231413,-8.813088503750889,3.853674383508733,114.50303692215387,,,0.0,-1,-1,0,176,prompt
15,1775,6,-45.14167108490171,-3.385544031858443,37.7183895111084,1.2150529850056762,36.10249412868251,,,0.0,-1,-1,0,176,prompt
15,2323,7,17.70431365725073,-9.948786871773857,-16.026373045785085,2.4713477898654226,73.43039371499678,,,0.0,-1,-1,0,176,prompt
15,2757,10,-33.441977365034184,43.58899154663086,-28.367521286010742,4.22177474684895,125.44028934674172,,,0.0,-1,-1,0,176,prompt
15,3133,7,-34.90262944949087,25.630104064941406,39.477982657296316,2.15863037421932,64.13871771269683,,,0.0,-1,-1,0,176,prompt
15,3203,10,-18.729720585744456,15.313927400112153,20.597060012817384,2.806307262849654,83.38294109851957,,,0.0,-1,-1,0,176,prompt
15,3429,9,25.50839191735337,-7.020500077141656,22.867499616410996,4.5712507003214,135.82416043224498,,,0.0,-1,-1,0,176,prompt
15,3595,7,11.970465711916349,8.194981847490583,33.57917846952166,2.9542221347130257,87.77789000930082,,,0.0,-1,-1,0,176,prompt
15,3879,7,-21.684827668333885,35.8203855242048,-27.950842448643275,3.7719598492224864,112.07507819878717,0.3270009160041809,134.7791748046875,236.62545776367188,6,6,2,176,prompt
15,3969,6,-39.90883955264188,31.019524892171223,-4.3401540120442705,2.001336612634398,59.465096747869936,,,0.0,-1,-1,0,176,prompt
15,4141,12,-29.385838778442196,22.421722094217937,47.53869120279948,4.76413026394149,141.55513134385885,,,0.0,-1,-1,0,176,prompt
15,5061,7,-20.806334386801304,9.814184512410845,-11.09768397467477,2.8055770701998544,83.36124510980343,,,0.0,-1,-1,0,176,prompt
15,5161,312,29.57320855794209,-2.9727874046716933,-13.977754968863268,155.21103294986165,4611.737492050973,,,0.0,-1,-1,0,176,prompt
16,343,9,16.184744064665157,14.509032991197374,-63.478766123453774,3.7480513122058547,111.36469122149475,0.3307170569896698,431.7679138183594,753.5906982421875,3,4,2,176,prompt
16,375,10,-37.87425256853607,-2.765707474946976,-28.49688720703125,3.248351955056955,96.51727853233511,1.0,24.340147018432617,24.340147018432617,7,4,1,176,prompt
16,423,13,-27.973325322113006,17.654994524442234,21.690890312194824,4.432873756576817,131.71260903429464,,,0.0,-1,-1,0,176,prompt
16,477,7,-29.413899594996018,-12.304349831172399,8.435845920017787,2.3747428793431435,70.56000184075587,,,0.0,-1,-1,0,176,prompt
16,639,10,-9.729471717757562,-17.253802919387816,25.17692985534668,4.478403979116105,133.06543447663086,,,0.0,-1,-1,0,176,prompt
16,1405,9,-40.487746393915764,8.227533446417915,15.10505814022488,2.5613351799609516,76.10416124832302,,,0.0,-1,-1,0,176,prompt
16,1429,8,-20.08354730688888,36.23755764961243,33.726266622543335,2.0767137369035065,61.70475396442312,,,0.0,-1,-1,0,176,prompt
16,1437,8,2.4629168180272387,21.10653245449066,-22.731333017349243,2.871050076950789,85.30662434098303,0.4548202455043793,68.70600128173828,133.55181884765625,7,14,2,176,prompt
16,1755,6,-41.94257275724997,-5.948950449625652,38.86698659261068,1.8144128363520537,53.91108830624384,,,0.0,-1,-1,0,176,prompt
16,1851,6,4.301920953666802,0.2678879102071126,-18.07631683349609,2.8575712985992494,84.9061335621418,,,0.0,-1,-1,0,176,prompt
16,2033,11,-6.1771008468721815,6.27562153339386,17.621539896184746,4.502942462642099,133.79453886002514,,,0.0,-1,-1,0,176,prompt
16,2387,6,-10.362127095030214,12.156550725301107,57.68377494812012,2.264234996851224,67.27651525369231,,,0.0,-1,-1,0,176,prompt
16,2643,6,-28.81353999059856,29.42143742243449,35.2458872795105,1.4154632252504458,42.057221709332694,,,0.0,-1,-1,0,176,prompt
16,2793,8,-12.198114800652943,-16.849200069904327,-25.463374733924866,3.0051453209320336,89.29095491607684,,,0.0,-1,-1,0,176,prompt
16,3139,8,-12.392637474110604,-19.01770257949829,-4.599172353744507,3.4906998693402445,103.71808727111619,,,0.0,-1,-1,0,176,prompt
16,3151,6,23.53206295628451,-35.402718941370644,3.7380396525065103,2.2800043467113773,67.74506507642838,,,0.0,-1,-1,0,176,prompt
16,3323,7,-31.3600382811663,-0.05146666935511896,-3.1639913831438338,2.652388690722629,78.80960609577882,,,0.0,-1,-1,0,176,prompt
16,3679,7,21.994312336422222,-39.44280597141811,30.480598994663783,2.5783254651034637,76.60898834407251,,,0.0,-1,-1,0,176,prompt
16,3693,6,54.806401965278305,-13.080299695332846,28.31146701176961,1.7687741908622543,52.55504132626066,,,0.0,-1,-1,0,176,prompt
16,3697,7,-20.411440937703784,19.988629954201834,3.6678593499319896,3.59754772861949,106.89282471869609,0.25214099884033203,127.86573028564453,301.51910400390625,7,14,3,176,prompt
16,4035,10,-22.214776354287267,7.108256149291992,19.975293350219726,2.693131090023212,80.02017242472856,,,0.0,-1,-1,0,176,prompt
16,4477,8,-13.921539644467801,-15.439326524734497,23.008457899093628,3.024678671796324,89.87134333830541,,,0.0,-1,-1,0,176,prompt
16,4483,6,8.257191941943903,23.421681086222332,2.8774817784627267,1.9025704114919548,56.53048711285004,,,0.0,-1,-1,0,176,prompt
16,5073,6,0.5334212407133693,-4.3462443351745605,12.121277014414469,2.7095207248486335,80.50715258309033,,,0.0,-1,-1,0,176,prompt
16,5199,9,-3.753830514310743,4.159953753153483,-0.1298155254787861,2.587882544981557,76.89295490721346,0.46884867548942566,74.4995346069336,74.4995346069336,1,5,1,176,prompt
16,5417,6,-1.9224548276673126,-15.791506131490072,25.30466039975484,1.910443690883712,56.764423432106966,,,0.0,-1,-1,0,176,prompt
16,5737,6,-20.61448608140769,-6.360018094380696,37.05181837081909,1.836982743111632,54.58170097608457,,,0.0,-1,-1,0,176,prompt
17,145,9,-18.339107973354377,1.6411960919698079,37.79124016231961,3.3594114835026607,99.81715600527232,,,0.0,-1,-1,0,176,prompt
17,183,7,0.7403239967799838,-7.054810660226004,2.2203287397112166,1.6538134293767768,49.13924772073412,,,0.0,-1,-1,0,176,prompt
17,415,6,-33.20025170731661,53.02324930826823,15.52382516860962,3.131238650777516,93.0375270874882,0.44585588574409485,190.1867218017578,325.29742431640625,4,6,2,176,prompt
17,461,6,3.0536287051902424,9.436106046040853,6.554006099700928,1.5547690317010545,46.19637211802948,,,0.0,-1,-1,0,176,prompt
17,517,7,49.588458943252355,37.52668353489467,-36.62485613141741,2.4937909840936863,74.09724141452406,,,0.0,-1,-1,0,176,prompt
17,1037,7,-4.685739479121541,4.18062823159354,22.986346108572825,2.332029430847265,69.29087033573673,,,0.0,-1,-1,0,176,prompt
17,1163,6,26.06903206210151,-23.735756238301594,17.822285652160645,2.8328283753214527,84.17095472353428,,,0.0,-1,-1,0,176,prompt
17,1339,11,-24.74425335664814,44.460927746512674,31.731439113616943,3.540874768429833,105.20891855349083,,,0.0,-1,-1,0,176,prompt
17,1655,6,-19.044242582363356,-6.900412440299988,-6.606283664703369,1.7649250409104438,52.4406727223804,,,0.0,-1,-1,0,176,prompt
17,1775,6,3.3103767045925125,2.156956434249878,26.950406710306805,1.8834732879000673,55.963060176857105,,,0.0,-1,-1,0,176,prompt
17,1853,6,13.140029152529413,3.870512326558431,2.289429028828939,1.8586879402417424,55.2266207957318,,,0.0,-1,-1,0,176,prompt
17,2011,7,3.034551483293392,12.276637349809919,34.70873423985073,2.7973313866780605,83.11624366163109,,,0.0,-1,-1,0,176,prompt
17,2165,6,12.304552353535337,-1.5934688647588093,14.77390988667806,3.0303413585705528,90.03959700176043,,,0.0,-1,-1,0,176,prompt
17,2347,8,-31.899257348736572,28.938778162002563,15.960193753242493,3.1355564935827442,93.16582181738724,,,0.0,-1,-1,0,176,prompt
17,2611,9,-41.23572398772412,20.131590949164497,-15.588350269529554,3.1767717839845653,94.39043901359678,,,0.0,-1,-1,0,176,prompt
17,2873,6,32.477871733952675,-13.87010637919108,3.6364275614420585,2.3266524335031455,69.13110527409614,,,0.0,-1,-1,0,176,prompt
17,3063,8,-34.228471271383384,-52.68146324157715,28.465458869934082,2.9207170845216477,86.78236479950121,,,0.0,-1,-1,0,176,prompt
17,3151,18,-21.19552534120557,49.48836686876085,53.423186249203155,2.8385668412550187,84.34145998974968,,,0.0,-1,-1,0,176,prompt
17,3359,6,-52.76913615146398,-22.825862248738606,43.458024660746254,2.2070880621732996,65.57852603088298,,,0.0,-1,-1,0,176,prompt
17,3799,6,16.62966816684485,17.50968114535014,24.183980464935303,2.693053068417351,80.01785419284708,,,0.0,-1,-1,0,176,prompt
17,4093,6,-8.46286712700562,-12.56299908955892,-33.41833305358887,2.3899433246381157,71.01164797782744,,,0.0,-1,-1,0,176,prompt
17,4205,6,-0.5547072738087575,0.36949920654296875,-34.6824000676473,3.6814580368902,109.3860257963965,,,0.0,-1,-1,0,176,prompt
17,4485,12,6.376200676993043,25.774933973948162,10.885761737823486,4.823788072572848,143.32772538907543,0.43936800956726074,99.2171401977539,99.2171401977539,7,14,1,176,prompt
17,4515,7,4.327336372473257,17.03526966912406,7.202098097120012,1.797980726456453,53.42284609923836,,,0.0,-1,-1,0,176,prompt
17,4823,9,-9.148066067900954,-6.543228997124566,-5.611711714002821,3.251370609136364,96.60697086882024,,,0.0,-1,-1,0,176,prompt
17,4931,7,31.990688409108547,18.084385463169642,-47.53044237409319,3.4922636449255835,103.76455125218119,,,0.0,-1,-1,0,176,prompt
17,5233,6,5.258522029630768,-2.3786560694376626,-1.6780768235524484,2.2992954845446687,68.31825669766351,,,0.0,-1,-1,0,176,prompt
17,5451,8,-1.4673946092812358,5.043676137924194,-5.542500078678131,3.184505814939084,94.62023788703871,,,0.0,-1,-1,0,176,prompt
18,26,10,-27.564939778540044,17.02656021118164,13.720582199096679,3.0431388378136965,90.41984455058267,,,0.0,-1,-1,0,176,prompt
18,120,75,48.5812570489705,-41.98813145955403,51.31260322570801,81.73529335990355,2428.575531311727,,,0.0,-1,-1,0,176,prompt
18,422,10,-23.052886794060885,-16.034452390670776,-11.444379615783692,2.7885977931329133,82.856745093604,,,0.0,-1,-1,0,176,prompt
18,432,8,12.35880280447461,-17.109004735946655,21.555758357048035,3.9568342319585907,117.56819364283741,,,0.0,-1,-1,0,176,prompt
18,822,6,-10.187907662801562,8.346081256866455,-2.2216186523437513,1.6284534523657426,48.385734555100356,,,0.0,-1,-1,0,176,prompt
18,954,6,0.010244458288408254,-2.83591236670812,19.194053888320923,1.6616889385264282,49.37325029209882,,,0.0,-1,-1,0,176,prompt
18,1238,9,-6.479981007058465,-24.035974502563477,30.015364434983994,3.308461195515072,98.30328583201563,,,0.0,-1,-1,0,176,prompt
18,1532,8,-9.71437946221211,40.830904960632324,29.96429479122162,2.2378855802244546,66.49360317430042,,,0.0,-1,-1,0,176,prompt
18,1564,7,2.0930889351700794,22.823222637176514,-8.162681034633092,1.8886109019456414,56.11571251647084,,,0.0,-1,-1,0,176,prompt
18,1770,8,-22.139278796356994,52.23113393783569,12.985821783542633,2.981810281549809,88.59760809689645,,,0.0,-1,-1,0,176,prompt
18,1784,9,-16.559950373797985,13.006400214301216,37.268900341457794,3.988081849036297,118.4966444396378,,,0.0,-1,-1,0,176,prompt
18,2036,7,-26.676376606957824,15.226038796561104,14.745117732456752,1.924534730369066,57.183106136947764,,,0.0,-1,-1,0,176,prompt
18,2990,10,-14.932116065273258,43.32018051147461,1.9952999114990235,3.6810913829473746,109.375131521018,,,0.0,-1,-1,0,176,prompt
18,3052,7,17.154780669091654,24.165299551827566,23.186814171927313,2.1037634021371194,62.50847231442972,,,0.0,-1,-1,0,176,prompt
18,3068,14,0.23478716632574198,40.49587985447475,45.05215385981968,4.874445059818178,144.83288080795018,,,0.0,-1,-1,0,176,prompt
18,3414,6,-10.93252026288094,35.25029969215393,-22.852104822794598,2.3400528688910147,69.52926827265057,,,0.0,-1,-1,0,176,prompt
18,3436,6,26.04456678913019,29.190499623616535,-18.778367201487224,2.0050975453000808,59.576844178769456,,,0.0,-1,-1,0,176,prompt
18,3732,20,59.99015680366151,-44.11830139160156,52.34450149536133,7.56691693429546,224.83346616473176,,,0.0,-1,-1,0,176,prompt
18,3762,6,-5.94233584282019,11.071143945058187,-5.545647939046224,1.559661816732183,46.34174992874148,,,0.0,-1,-1,0,176,prompt
18,3898,10,20.714918112189842,-30.93546371459961,11.966380596160889,2.3494075603991433,69.80722133265333,,,0.0,-1,-1,0,176,prompt
18,3998,11,9.816795110769801,8.830210252241654,-6.580859834497625,6.509703397671601,193.4208068241614,,,0.0,-1,-1,0,176,prompt
18,4550,8,5.712616537510938,-25.661775588989258,-45.416375398635864,3.4405927701162735,102.22927050521172,,,0.0,-1,-1,0,176,prompt
18,4792,6,-13.161240447074064,-38.936062494913735,17.69757843017578,2.9425580554671313,87.43131882459696,,,0.0,-1,-1,0,176,prompt
18,4844,12,2.5803756578017247,-23.463250199953716,-14.639966011047363,3.6637450488616854,108.85972525296967,,,0.0,-1,-1,0,176,prompt
18,4854,9,-23.72293608995043,45.95964219835069,22.920963923136394,2.873916366303763,85.39178951140264,,,0.0,-1,-1,0,176,prompt
18,5540,6,1.0806647378503549,29.929500579833984,4.5925083955128985,2.5797273464554795,76.6506420117766,,,0.0,-1,-1,0,176,prompt
19,157,8,-57.469358334339894,39.330965518951416,62.307143688201904,3.630455328336184,107.87059806703729,0.5397846698760986,927.17919921875,1580.64404296875,5,14,2,176,prompt
19,205,8,15.887261708730053,12.037616491317749,-30.907623052597046,2.6611743720839014,79.07065233300139,,,0.0,-1,-1,0,176,prompt
19,441,7,5.30914198487453,-12.537926537649971,8.075584309441702,2.2975224104591794,68.26557389489604,,,0.0,-1,-1,0,176,prompt
19,637,9,-10.813568380261621,-27.934199863009983,25.37813886006673,2.4201059471254482,71.90786066541612,,,0.0,-1,-1,0,176,prompt
19,1019,6,-21.622911899301815,2.3786562283833823,4.3710142771403,1.9501091336341654,57.9429904836526,0.6604835391044617,190.69532775878906,190.69532775878906,4,6,1,176,prompt
19,1105,7,-31.407487439283212,35.98666068485805,-27.754156930106028,2.681014152169719,79.66014559206222,,,0.0,-1,-1,0,176,prompt
19,1375,10,-16.80256330482866,-33.448987579345705,18.619270086288452,3.5757797854391167,106.2460405450337,,,0.0,-1,-1,0,176,prompt
19,1779,6,26.27835978384917,-26.008180975914,15.048093875249227,2.2069413577015373,65.5741670462166,,,0.0,-1,-1,0,176,prompt
19,2061,6,33.94839691660223,30.07729959487915,-3.7844335238138833,2.0902645767449526,62.107385884060946,,,0.0,-1,-1,0,176,prompt
19,2109,23,-18.858683523278035,15.098492912624193,35.831848973813266,6.635230114433456,197.150543395992,,,0.0,-1,-1,0,176,prompt
19,2389,12,27.19057730009027,9.978809515635172,19.22334082921346,3.944631361392153,117.20561351800788,,,0.0,-1,-1,0,176,prompt
19,2587,8,-9.667827562048185,35.634810388088226,5.265529692173004,1.8027752294234267,53.56530368532815,,,0.0,-1,-1,0,176,prompt
19,2641,8,-23.03105375597929,9.131268739700317,24.81433743238449,3.121394348786277,92.74502638239505,,,0.0,-1,-1,0,176,prompt
19,2801,7,-27.40727238165287,-5.166401590619769,13.680165563310895,2.512449364998153,74.65163212453172,,,0.0,-1,-1,0,176,prompt
19,2807,17,4.03122959532033,13.191149936002844,24.516706186182358,5.091793839280815,151.29089797367035,,,0.0,-1,-1,0,176,prompt
19,3257,12,-0.6153067815690741,-9.685518423716227,-13.566945791244507,5.328701181025496,158.33005266068932,,,0.0,-1,-1,0,176,prompt
19,3493,6,-15.458861608047632,48.39064375559489,20.35965633392334,2.0796637149972437,61.79240575255348,0.24845720827579498,171.07850646972656,171.07850646972656,4,7,1,176,prompt
19,3589,7,-33.19858090341191,21.782025473458425,9.945635386875697,1.8259326463004246,54.25337286186152,,,0.0,-1,-1,0,176,prompt
19,3595,6,6.388869241013361,-16.849201202392578,3.103800137837728,2.8168733043077205,83.6968866255136,,,0.0,-1,-1,0,176,prompt
19,3909,6,-13.886829209935689,3.131512006123861,12.367541074752808,2.607735921700951,77.48285215884904,,,0.0,-1,-1,0,176,prompt
19,4423,6,-31.674323984601685,21.731218814849854,15.391352335611979,1.3514601598091467,40.155518390360655,,,0.0,-1,-1,0,176,prompt
19,5155,7,-53.25529394305335,-19.295818396977015,30.302446637834823,2.0720209705376473,61.565319246545435,,,0.0,-1,-1,0,176,prompt
19,5379,8,12.115941638335013,-22.613399982452393,-17.925575137138367,2.4218120612874507,71.95855390865461,,,0.0,-1,-1,0,176,prompt
20,147,7,-28.22414947693466,1.9873823438371931,-33.2333139692034,2.0557794441487163,61.08273978842041,,,0.0,-1,-1,0,176,prompt
20,847,8,-10.90772769262244,-4.638379871845245,-25.135392367839813,3.2619280349602735,96.92066040213709,,,0.0,-1,-1,0,176,prompt
20,1091,6,35.52888487393498,24.835018157958984,3.881426970163981,2.1930078516389604,65.16016508331965,,,0.0,-1,-1,0,176,prompt
20,1153,9,-29.558275593557116,-12.264320903354221,20.373512691921658,2.3702523082044173,70.42657488722304,,,0.0,-1,-1,0,176,prompt
20,1491,72,46.82801352070263,-41.290470388200546,52.50512335035536,18.143004955430666,539.0775035847785,,,0.0,-1,-1,0,176,prompt
20,1549,6,-3.634988709297215,-9.149743715922039,39.83377742767334,1.5164532468678815,45.0579070353985,,,0.0,-1,-1,0,176,prompt
20,1773,11,-10.418658301845149,4.9202282645485615,15.977115284312855,4.917709588641644,146.1183863925664,,,0.0,-1,-1,0,176,prompt
20,2483,8,-16.24211741340186,-13.464811086654663,36.892420291900635,2.70837759513231,80.47318712283374,,,0.0,-1,-1,0,176,prompt
20,2503,8,-19.522438399924667,18.789075136184692,7.274531185626984,1.957064093419505,58.14964105602601,,,0.0,-1,-1,0,176,prompt
20,3025,6,26.12450934071762,-10.059637705485025,-38.0477925936381,1.9736397060056314,58.64214711416071,,,0.0,-1,-1,0,176,prompt
20,3241,6,4.532534708509856,20.396399974822998,-21.80826695760091,1.9454425578010457,57.804333956986426,,,0.0,-1,-1,0,176,prompt
20,3689,9,20.55791121804264,-0.566566891140408,-14.831855456034342,2.8722888052206854,85.34343029154064,,,0.0,-1,-1,0,176,prompt
20,3991,9,-16.6897559396683,-16.144071049160427,3.300376627180312,2.5722244173716042,76.42770979685163,,,0.0,-1,-1,0,176,prompt
20,4461,7,-44.41326657168937,23.151814443724497,4.3527532305036285,2.181870330216559,64.8292393486214,,,0.0,-1,-1,0,176,prompt
20,5051,15,-41.216739886331645,41.21033503214518,17.624349530537923,5.915836989785144,175.77543763572027,,,0.0,-1,-1,0,176,prompt
20,5099,7,4.318658203208666,11.492770058768135,14.12482670375279,2.0953682643918903,62.259030179068674,,,0.0,-1,-1,0,176,prompt
20,5219,6,20.315609763002907,-24.13296862443288,21.440443515777588,2.522780712090914,74.95860425032427,,,0.0,-1,-1,0,176,prompt
20,5629,73,47.51739930685041,-43.00069056471733,50.84966581161708,17.773906646758693,528.1105995187188,,,0.0,-1,-1,0,176,prompt
21,23,6,12.784405142179914,4.803499857584634,3.955120881398519,2.3039551849575344,68.45670893709085,,,0.0,-1,-1,0,176,prompt
21,471,6,-1.4271559999401948,15.523618698120117,17.27433141072591,2.14053805963565,63.601146356474715,,,0.0,-1,-1,0,176,prompt
21,519,9,-28.729943964628667,-5.9366338517930775,20.273860878414578,3.6572252749901595,108.66600522526568,,,0.0,-1,-1,0,176,prompt
21,989,9,11.775067493389905,-3.9875206549962363,-33.800640159183075,3.1635629679888333,93.99796954286789,,,0.0,-1,-1,0,176,prompt
21,1393,7,-28.92321899696924,7.993076869419643,-4.60756254196167,2.672669493684571,79.41220333136773,,,0.0,-1,-1,0,176,prompt
21,1463,8,-23.69447829215672,-26.839555740356445,7.0298410058021545,3.5847313419045563,106.5120153780033,,,0.0,-1,-1,0,176,prompt
21,1733,8,6.84041002172687,23.406670093536377,-18.990145087242126,3.0383266489862804,90.276861469983,,,0.0,-1,-1,0,176,prompt
21,1829,7,-40.65472256604987,-1.9121624061039515,23.27408763340541,2.248369448033049,66.80510710102332,,,0.0,-1,-1,0,176,prompt
21,2367,11,-20.107977508933796,14.526388255032627,35.0023158680309,4.232753884271656,125.76650906656687,0.4997335970401764,91.53245544433594,91.53245544433594,4,13,1,176,prompt
21,2537,7,44.04648818377391,-18.8801303591047,4.944248165403094,2.3258277869962245,69.1066028070912,,,0.0,-1,-1,0,176,prompt
21,2581,10,-11.639591134411251,22.206025695800783,6.584613704681397,4.062449901555333,120.7063194188878,,,0.0,-1,-1,0,176,prompt
21,2757,15,-26.879616417066448,-27.542530389626823,18.85050188700358,3.8533965997368127,114.49478321871987,,,0.0,-1,-1,0,176,prompt
21,3559,7,29.923572668592538,-9.153042793273926,12.4185288974217,1.7816507036679157,52.93763717491998,,,0.0,-1,-1,0,176,prompt
21,3835,8,-12.65774878057429,-14.552526712417603,-2.8498206734657288,3.929323844490349,116.75078599534675,,,0.0,-1,-1,0,176,prompt
21,3863,11,-6.941036369729066,10.598772135647861,6.71026052128185,3.5933039369651785,106.76673024777685,,,0.0,-1,-1,0,176,prompt
21,4169,6,14.865986732323654,-26.728705883026123,5.7765858968098955,1.801664965575416,53.532314758467564,,,0.0,-1,-1,0,176,prompt
21,4389,9,20.263955711949475,17.9576997756958,4.54030015733507,3.619292746719816,107.53892772653442,,,0.0,-1,-1,0,176,prompt
21,4693,7,-26.710141886656277,23.702105385916575,9.626223972865514,1.5439519008419054,45.87496604919883,,,0.0,-1,-1,0,176,prompt
21,4947,10,-2.007981287976249,-1.9093913078308113,12.233303928375246,2.867279684648034,85.19459583880835,,,0.0,-1,-1,0,176,prompt
21,5045,14,5.781741519799012,-22.427330493927002,40.36604309082031,5.334293466860501,158.49621452277736,,,0.0,-1,-1,0,176,prompt
21,5135,6,2.337013987288423,7.311481475830078,4.01222292582194,2.846675559795902,84.58239183973974,,,0.0,-1,-1,0,176,prompt
21,5371,6,-9.146162454456032,44.746450424194336,39.44894981384277,1.3615431540252463,40.45511128382165,,,0.0,-1,-1,0,176,prompt
22,109,8,-25.465288818657058,-16.25338089466095,-10.85416567325592,2.3394387628461484,69.51102152937862,,,0.0,-1,-1,0,176,prompt
22,117,11,-19.512435923404492,4.182068499651822,3.907061056657271,4.250094693753686,126.28175118377271,,,0.0,-1,-1,0,176,prompt
22,685,6,-4.095299174985034,4.54485019048055,35.245887756347656,1.454729923225266,43.22394098049442,,,0.0,-1,-1,0,176,prompt
22,985,7,-2.769249196191265,-26.029955455235072,-14.69491297858102,1.8721552970372295,55.62677220940508,,,0.0,-1,-1,0,176,prompt
22,1081,6,-16.790583828388886,-16.003969113032024,-35.418252189954124,1.3857445064561715,41.17419859509605,,,0.0,-1,-1,0,176,prompt
22,1151,6,25.434855533515343,6.3692560394605,5.026877244313558,1.948138024545792,57.88442352799866,,,0.0,-1,-1,0,176,prompt
22,1411,6,-9.71961493470297,-42.681869188944496,11.67011054356893,1.854613601103505,55.10556121509484,,,0.0,-1,-1,0,176,prompt
22,1861,9,0.9048141721574408,8.62166678905487,21.217066870795357,2.4970930043485096,74.1953533226743,,,0.0,-1,-1,0,176,prompt
22,2597,8,6.92985550124053,12.352846622467041,14.20044994354248,3.207258459064919,95.29628017581275,,,0.0,-1,-1,0,176,prompt
22,2725,16,-32.64526085738454,56.50405550003052,33.18469214439392,5.067390085576565,150.56579677586427,,,0.0,-1,-1,0,176,prompt
22,3157,6,0.6452928419438825,-35.61980072657267,4.647933642069499,3.4382712042585433,102.16029053579281,,,0.0,-1,-1,0,176,prompt
22,3401,6,41.11062856746213,28.525399843851726,20.330267270406086,2.1338813780796584,63.40335843302002,,,0.0,-1,-1,0,176,prompt
22,3547,9,-6.118965386655897,-8.895712322658962,5.964973502688938,4.10838020482485,122.07103233641425,,,0.0,-1,-1,0,176,prompt
22,3669,8,-33.792395214390105,-3.3151078820228568,38.873864352703094,1.657932865456597,49.26164725287017,,,0.0,-1,-1,0,176,prompt
22,3783,6,-9.300606121877328,23.86969979604085,10.333820660909016,1.3447635486447995,39.95654405078337,,,0.0,-1,-1,0,176,prompt
22,3827,6,-28.848603091188597,28.035812695821125,32.14355802536011,1.8129924454114412,53.868884668849674,,,0.0,-1,-1,0,176,prompt
22,4133,8,-11.505089590826316,9.758263945579529,11.613898098468779,3.2611682683415077,96.89808569121368,,,0.0,-1,-1,0,176,prompt
22,4739,6,-13.881906259921129,20.225506067276,44.3586810429891,1.8032917071540235,53.58064962864632,,,0.0,-1,-1,0,176,prompt
22,5031,13,-7.6222820086160175,-5.303746260129488,25.310569029587967,4.191233100817555,124.53281484963281,,,0.0,-1,-1,0,176,prompt
22,5179,9,-54.00638682513356,19.03540802001953,6.196891784667969,3.0221605111687726,89.79652200920029,,,0.0,-1,-1,0,176,prompt
23,346,6,-0.8234434416380617,0.08775647481282493,-17.17565993467967,2.544165011752263,75.59398934257705,,,0.0,-1,-1,0,176,prompt
23,368,6,-5.02171491144455,-11.52839994430542,2.086204051971434,1.1219650963130097,33.33660243798991,,,0.0,-1,-1,0,176,prompt
23,370,7,-30.455749318222427,2.632687432425363,35.41216244016375,1.8256964272128866,54.24635415705921,,,0.0,-1,-1,0,176,prompt
23,424,6,-15.952964760996887,6.761849721272786,-4.016841729482015,1.9316299145044422,57.393923152131784,,,0.0,-1,-1,0,176,prompt
23,638,11,-34.28054784944601,16.44862800294703,15.860423738306219,2.8759141034857887,85.45114765938034,0.7280335426330566,62.26214599609375,62.26214599609375,4,7,1,176,prompt
23,1176,7,22.034513872349873,-19.703587702342443,-1.8575450352260046,2.4202696412244316,71.91272445762961,0.6648136973381042,77.59947967529297,77.59947967529297,3,9,1,176,prompt
23,1320,16,-3.959456101632205,24.17915627360344,17.707338988780975,4.838261671658423,143.75777496918116,,,0.0,-1,-1,0,176,prompt
23,1448,8,2.2846236963888575,25.75876845419407,-6.6521031856536865,3.1484111317402927,93.54776771138219,,,0.0,-1,-1,0,176,prompt
23,1730,6,-25.096067903056706,-26.239118655522663,24.31477705637614,1.1580533669944646,34.408882080499026,,,0.0,-1,-1,0,176,prompt
23,1802,6,-0.37683530489414974,-36.58050028483073,1.166866938273112,2.0194513364702527,60.0033339432821,,,0.0,-1,-1,0,176,prompt
23,1926,7,-22.59361386246898,45.08823721749442,17.731587682451522,1.7245232566997144,51.24022698441173,,,0.0,-1,-1,0,176,prompt
23,2716,8,-23.230610316248576,0.367190957069397,21.148256421089172,2.36587341784439,70.29646627018002,,,0.0,-1,-1,0,176,prompt
23,2972,7,-4.505226791913309,21.124842439379012,-18.39272826058524,2.523557880583105,74.981696017739,,,0.0,-1,-1,0,176,prompt
23,3514,8,22.902627612191907,24.165300369262695,10.930375218391418,2.9807385099138775,88.56576287724678,,,0.0,-1,-1,0,176,prompt
23,3730,6,54.15006754852743,-44.63559945424398,52.41063276926676,2.4157789664726614,71.77929442547438,,,0.0,-1,-1,0,176,prompt
23,3906,6,-3.7675079304044043,38.409524738788605,32.23593362172445,2.46838565807026,73.3423808076891,0.3835473358631134,194.86834716796875,194.86834716796875,4,14,1,176,prompt
23,4270,6,12.250465415727547,-13.154200236002604,-24.853700002034504,2.255755184408118,67.02455720518125,,,0.0,-1,-1,0,176,prompt
23,4922,6,-38.83088075785742,-2.8220561345418296,32.30374399820963,1.214768590934796,36.09404401547685,,,0.0,-1,-1,0,176,prompt
23,5710,6,-0.415476203619401,28.96879990895589,-6.8882330258687325,1.8246082148300604,54.21402043857403,,,0.0,-1,-1,0,176,prompt
24,345,7,1.1568321892154347,23.955476760864258,4.59838376726423,3.3613249341036995,99.87400977209731,,,0.0,-1,-1,0,176,prompt
24,407,7,19.563382097124038,46.27195712498256,-16.4224431174142,3.1086259029985057,92.36564149566664,,,0.0,-1,-1,0,176,prompt
24,493,6,18.289904009734567,-10.715499560038252,13.30976676940918,2.863186415961645,85.07297381035272,,,0.0,-1,-1,0,176,prompt
24,1069,7,0.5668920751634788,30.87964289528983,-8.48461423601423,3.3925324859311186,100.80127012248829,,,0.0,-1,-1,0,176,prompt
24,1107,7,-40.19492082532363,-1.6785855974469877,35.82911096300398,2.515226685088604,74.73415377872816,,,0.0,-1,-1,0,176,prompt
24,1241,9,9.41030840415673,-38.42799970838759,10.875263743930393,2.3368531509957666,69.43419604291884,,,0.0,-1,-1,0,176,prompt
24,1371,6,10.148988133296728,9.168218294779459,-36.93320242563883,3.169963654208366,94.18815115594307,,,0.0,-1,-1,0,176,prompt
24,1499,8,-21.229001962834587,-3.703082799911499,51.46116352081299,2.567962384873133,76.30107334136272,,,0.0,-1,-1,0,176,prompt
24,1619,7,-9.351091920490473,-7.803047980581012,24.868098395211355,2.3704269817681802,70.431764908883,,,0.0,-1,-1,0,176,prompt
24,1699,8,-9.451861558740049,42.140320777893066,18.505176544189453,2.11655702564725,62.88860529904757,0.4876788854598999,698.8467407226562,698.8467407226562,6,15,1,176,prompt
24,2451,10,-14.698510889837138,-14.485323524475097,10.510468864440918,3.5676196103790927,106.00357978338042,,,0.0,-1,-1,0,176,prompt
24,2489,819,-23.524780346870816,0.3674359325233105,27.44799175512805,335.02827210431803,9954.591590532393,,,0.0,-1,-1,0,176,prompt
24,2949,7,23.282369076198396,14.220471518380302,18.51275716509138,2.3374580670189595,69.45216972591471,,,0.0,-1,-1,0,176,prompt
24,3295,7,-17.632866314410197,4.307314327784948,48.10052844456264,1.530914960581848,45.48760346912787,,,0.0,-1,-1,0,176,prompt
24,3377,6,-9.860634903959934,-15.77303155263265,-1.3994817733764648,1.389492986333231,41.2855760201327,,,0.0,-1,-1,0,176,prompt
24,3489,11,-25.493585611626155,25.67941005663438,-13.274801340970127,5.562169061461511,165.26701169596785,,,0.0,-1,-1,0,176,prompt
24,3629,9,-9.332495195693843,25.061336835225422,9.864179187350803,2.7953788555562142,83.05822870735962,,,0.0,-1,-1,0,176,prompt
24,3735,8,7.041009337602395,-24.258829832077026,11.252532720565796,3.7123461907775273,110.30379597442527,,,0.0,-1,-1,0,176,prompt
24,3909,8,-30.028070704712658,8.310286283493042,10.482407689094543,1.7305220932358778,51.41846856193828,,,0.0,-1,-1,0,176,prompt
24,4659,8,-22.083791823785845,2.2654967308044434,-0.006928443908691406,2.460281576051661,73.1015867212539,,,0.0,-1,-1,0,176,prompt
24,4923,10,-23.97251538026958,-13.404536485671997,33.632013130187985,3.2590030350943127,96.83375078437525,,,0.0,-1,-1,0,176,prompt
24,5063,18,-20.307893206098328,29.823268784417046,-6.489481131235759,7.25825798272532,215.6623780522457,,,0.0,-1,-1,0,176,prompt
25,19,7,-19.61628138074254,12.510214124407087,-5.515418461390904,1.9575427258744142,58.163862514354506,,,0.0,-1,-1,0,176,prompt
25,135,6,-1.161359217027387,9.302162359158197,22.778204282124843,2.2432277196284396,66.6523325127301,,,0.0,-1,-1,0,176,prompt
25,1019,7,-27.5665760085032,15.000380788530622,-7.980569703238351,2.5006438658538515,74.30085897405769,,,0.0,-1,-1,0,176,prompt
25,1065,6,-46.03921708411435,4.909731388092041,31.021202723185223,1.9034519410901087,56.55667972957899,,,0.0,-1,-1,0,176,prompt
25,1247,6,-7.9373829597740455,-8.498499790827431,-23.28626759847005,2.0336544069719342,60.42534539111526,0.38537874817848206,431.2521667480469,586.6126708984375,7,2,2,176,prompt
25,1331,10,-26.832479180674625,38.91943511962891,42.706975078582765,2.9282877647785206,87.00731008410756,,,0.0,-1,-1,0,176,prompt
25,1521,9,-46.27955681150681,11.50376664267646,-31.84956667158339,3.4658683054661843,102.98027468184456,,,0.0,-1,-1,0,176,prompt
25,2553,7,-17.25587641517219,29.573196002415248,30.047814096723283,1.2031571502572906,35.74903686430045,,,0.0,-1,-1,0,176,prompt
25,3307,6,0.5268293191109151,1.5380435784657795,16.34134340286255,2.6970155536205898,80.13559029205452,,,0.0,-1,-1,0,176,prompt
25,3335,14,-15.848907761839738,1.3876048326492314,11.487638405391149,3.7304864709364383,110.84279251697254,0.21771152317523956,173.4454345703125,298.4643249511719,1,1,2,176,prompt
25,3557,6,-33.50977104226909,10.188961585362753,-10.972679456075033,2.158768607120538,64.14282498420367,,,0.0,-1,-1,0,176,prompt
25,3585,14,-21.085339919005744,50.99100031171526,21.83303710392543,4.103884981163645,121.93746714391776,,,0.0,-1,-1,0,176,prompt
25,3809,6,-36.4268294314069,-51.854705810546875,5.257814725240071,2.183741674861865,64.88484203418626,,,0.0,-1,-1,0,176,prompt
25,3923,6,-28.1820694050783,26.557812690734863,-26.399304389953613,2.0897231627046664,62.09129901587345,,,0.0,-1,-1,0,176,prompt
25,4691,9,-19.769666805147175,29.723196241590713,50.20447879367404,2.524027637864282,74.99565377077107,,,0.0,-1,-1,0,176,prompt
25,4801,6,-31.933732738140876,-17.588199615478516,35.63386185963949,1.4050184058888031,41.74687801705569,,,0.0,-1,-1,0,176,prompt
25,4815,6,-14.879689061267557,19.334087451299034,-10.603179136912027,1.2568651790798315,37.34484693938111,,,0.0,-1,-1,0,176,prompt
25,4979,7,1.9132207573243625,-40.12770026070731,-32.58152852739607,3.4895889692288256,103.68507943915743,,,0.0,-1,-1,0,176,prompt
25,5101,8,-25.3661644298244,2.0195486545562744,-4.942114353179932,2.474535909749731,73.52512133661095,,,0.0,-1,-1,0,176,prompt
25,5181,6,-1.6545905149073217,-0.30483768383661786,9.505387624104818,2.5766612258344646,76.55953931659863,,,0.0,-1,-1,0,176,prompt
25,5405,6,34.88498237279941,-3.177700678507487,-11.462266286214193,3.1177704790491485,92.63735145996593,,,0.0,-1,-1,0,176,prompt
25,5621,13,-20.044018102539845,30.434720112727238,18.36752223968506,4.478234881842459,133.06041014155713,0.33356207609176636,217.758544921875,383.92462158203125,4,5,2,176,prompt
26,569,6,16.11872863400474,-32.06798060735067,40.35107739766439,2.8168720179297577,83.69684840376243,,,0.0,-1,-1,0,176,prompt
26,1439,7,-35.62028576211517,4.576521737234933,35.234010560171946,2.0253792434170603,60.17946801182358,,,0.0,-1,-1,0,176,prompt
26,1461,6,11.258921166653252,-9.777893463770548,1.279393196105957,2.278877462799175,67.71158232273282,,,0.0,-1,-1,0,176,prompt
26,1603,6,-22.15911382163182,26.756418863932293,14.533735275268555,1.5835557726566647,47.051703662545584,,,0.0,-1,-1,0,176,prompt
26,1711,6,9.083769434528923,5.630256096522014,-20.989276727040608,1.8857201297809187,56.02981989582619,,,0.0,-1,-1,0,176,prompt
26,1735,8,-41.00064319831445,-12.557226464152336,-20.715248823165894,3.953322937416207,117.4638636324059,,,0.0,-1,-1,0,176,prompt
26,2095,7,8.63319678148368,17.977494921003068,11.446069989885602,2.634744943464292,78.28536288197435,,,0.0,-1,-1,0,176,prompt
26,2489,7,-4.109077560508021,11.057287897382464,1.940505027770996,2.5427507185201734,75.55196688451319,,,0.0,-1,-1,0,176,prompt
26,2527,6,16.911234808548745,35.435049057006836,12.136603991190592,2.1927759161596754,65.15327365604657,,,0.0,-1,-1,0,176,prompt
26,2655,7,-25.429268707454423,1.7894360678536552,3.5334320068359375,1.8274060472745706,54.297151570012296,,,0.0,-1,-1,0,176,prompt
26,2935,7,30.43750414699781,-53.3030150277274,-44.93338557652065,2.3176247651562716,68.86286895229723,,,0.0,-1,-1,0,176,prompt
26,3351,6,-28.04950499504213,-3.085325082143148,18.74918325742086,1.1740836018296765,34.88518349793634,,,0.0,-1,-1,0,176,prompt
26,3625,6,-39.331974390668414,0.25403102238973013,35.73085689544678,2.2521721692402576,66.91809618195266,,,0.0,-1,-1,0,176,prompt
26,3903,7,-2.3268037939942205,27.823349680219376,48.48058482578823,2.115974394663144,62.87129376453636,,,0.0,-1,-1,0,176,prompt
26,4015,7,-39.939385633196345,0.8194983346121659,-0.6274020331246513,3.0960525707772413,91.99205395808772,,,0.0,-1,-1,0,176,prompt
26,4537,11,-27.77265890560907,13.949465058066629,8.58726488460194,3.411990536891335,101.3794211819201,,,0.0,-1,-1,0,176,prompt
26,5513,6,3.8820402857718412,18.742887496948242,32.30206616719564,2.0144074601624475,59.85346680412398,,,0.0,-1,-1,0,176,prompt
26,5599,7,-29.346607861981617,-12.597310202462333,-22.90051133292062,1.5623956754676913,46.422980229119595,,,0.0,-1,-1,0,176,prompt
27,25,7,21.232067959831678,43.61155673435756,-1.1501570429120744,3.693486503498881,109.7434239102861,0.33306220173835754,526.307373046875,526.307373046875,3,14,1,176,prompt
27,521,7,-19.97781523312164,-5.352471760341099,-44.42664234978812,3.1213636302035273,92.74411365063187,,,0.0,-1,-1,0,176,prompt
27,875,6,6.015048059586445,-16.3642315864563,27.344676812489826,2.8108698430500163,83.51850763506404,,,0.0,-1,-1,0,176,prompt
27,1301,7,-23.973024581598104,36.7705283164978,-3.817214012145996,2.701987346145071,80.28331562801858,0.3138025999069214,474.37908935546875,685.2236328125,7,15,2,176,prompt
27,1777,10,10.89280730733689,16.05662245750427,20.146105098724366,4.493238663266175,133.5062128657529,,,0.0,-1,-1,0,176,prompt
27,2675,7,-9.508862205282847,40.85218375069754,-0.9970194952828534,2.595172426820226,77.10955691513178,0.4380720555782318,105.18612670898438,105.18612670898438,7,13,1,176,prompt
27,2715,6,3.132180915969355,31.62920029958089,-38.451300462087,2.725242110420084,80.97427725772779,,,0.0,-1,-1,0,176,prompt
27,3357,6,33.396703766260714,4.91896931330363,-16.659831047058105,2.2673050394640213,67.36773448180097,,,0.0,-1,-1,0,176,prompt
27,3567,10,-9.744673994581941,41.79876365661621,14.885513281822204,3.149353354886035,93.57576369674814,,,0.0,-1,-1,0,176,prompt
27,3731,6,18.592711495604885,-33.3289000193278,30.913500785827637,1.9491826495430886,57.91546214795763,,,0.0,-1,-1,0,176,prompt
27,4125,6,-37.20643039352557,-20.391781042019527,6.720281600952151,1.3837805198585782,41.11584326781121,,,0.0,-1,-1,0,176,prompt
27,4401,6,20.817620439812192,-48.52920579910278,10.872744083404541,2.1718551651142013,64.53166184067103,,,0.0,-1,-1,0,176,prompt
27,5099,8,-40.81314997727111,-8.819503128528595,15.619612455368042,2.2459738841147683,66.73392845008223,,,0.0,-1,-1,0,176,prompt
27,5381,6,13.32453823197545,-3.186937173207602,17.15256690979004,1.6894426639355906,50.197888164683995,,,0.0,-1,-1,0,176,prompt
27,5917,6,-31.75807777617493,12.15655012925466,47.53176180521647,2.083192832083662,61.8972653187322,,,0.0,-1,-1,0,176,prompt
28,121,10,-24.603353245676097,-14.01421103477478,15.29830617904663,4.6075240771761745,136.90194007732018,,,0.0,-1,-1,0,176,prompt
28,427,12,-24.827095086822386,6.602503299713135,26.445594827334087,4.0913901557857075,121.56621225593126,,,0.0,-1,-1,0,176,prompt
28,639,8,5.167771074062733,-4.981322318315505,28.643384635448456,3.4057388976476477,101.19366815561169,,,0.0,-1,-1,0,176,prompt
28,831,13,-19.318922433818503,-14.026788853682005,2.814997746394231,3.5927914899197515,106.75150406696243,,,0.0,-1,-1,0,176,prompt
28,965,7,-6.464643673522032,-34.6802146094186,-2.5370428902762288,1.8182060473087915,54.02379481203778,,,0.0,-1,-1,0,176,prompt
28,2225,7,-20.354424777626843,-21.679092407226562,9.423057283673968,2.2182975863513583,65.91159116122525,,,0.0,-1,-1,0,176,prompt
28,2427,11,-19.17213398811243,0.773430889303034,-10.84274417703802,4.467230198898857,132.73343139555823,,,0.0,-1,-1,0,176,prompt
28,2583,7,2.0170415661556986,18.927637372698104,-7.735116686139787,1.4911557375332025,44.30624995254193,,,0.0,-1,-1,0,176,prompt
28,2959,6,-16.7395562029773,3.5148684183756522,0.2817436854044608,1.5869430482068585,47.15234873495987,,,0.0,-1,-1,0,176,prompt
28,3429,8,-8.069977351680135,1.0703953504562378,-16.408160865306854,2.1343662277923388,63.41776462280875,,,0.0,-1,-1,0,176,prompt
28,3453,6,-1.2420988851333927,25.703344027201336,5.804297924041745,6.934322667971956,206.03738807791825,,,0.0,-1,-1,0,176,prompt
28,3735,6,-17.209637830143503,-8.115142822265625,46.92670567830404,2.2233456255118793,66.06158198994059,,,0.0,-1,-1,0,176,prompt
28,3783,8,2.4252660985738146,19.44031858444214,21.20588755607605,1.9913007961479923,59.1669056317226,,,0.0,-1,-1,0,176,prompt
28,3849,8,-12.365443392584679,25.502428233623505,16.799599707126617,2.4856127495577027,73.85424405723847,,,0.0,-1,-1,0,176,prompt
28,3921,8,-1.1404207691340762,18.07894253730774,8.87618601322174,2.2939504178057355,68.1594403802345,,,0.0,-1,-1,0,176,prompt
28,3995,6,-54.723918587033666,-44.552462895711265,23.283324877421062,1.100349962679181,32.6943586471956,,,0.0,-1,-1,0,176,prompt
28,4073,6,-25.408247992146112,16.90924326578776,-2.7189733187357583,1.8532631754427698,55.065436434456004,,,0.0,-1,-1,0,176,prompt
28,4501,6,-26.24416853832845,35.18563683827718,8.367703755696613,1.6388339697732528,48.694167663270996,,,0.0,-1,-1,0,176,prompt
28,4859,6,-27.185631755611215,6.706424395243328,34.74853324890137,2.1774449006379553,64.69774792614842,,,0.0,-1,-1,0,176,prompt
28,5627,8,-13.885055517927126,17.985412687063217,7.348534822463989,1.6975676221894154,50.4393025402498,,,0.0,-1,-1,0,176,prompt
29,179,8,18.873281741660556,-17.001618146896362,21.39294672012329,3.726892805574009,110.73601504780153,,,0.0,-1,-1,0,176,prompt
29,775,10,30.631769839888875,14.532435035705566,32.40258522033692,4.3882865186413875,130.3878022022942,,,0.0,-1,-1,0,176,prompt
29,1061,6,9.911263971112227,32.32663114865621,16.119643688201904,1.703250269752406,50.60814929245729,,,0.0,-1,-1,0,176,prompt
29,1503,7,14.201240782123605,-12.573556900024414,4.557356970650809,3.146151915398217,93.48064031386808,,,0.0,-1,-1,0,176,prompt
29,3427,6,-21.480501589236535,19.657399654388428,26.581112543741863,2.2592341949810484,67.12792797199788,,,0.0,-1,-1,0,176,prompt
29,3595,9,1.9161664496946793,13.683816697862413,-1.8008224699232314,3.560852504518463,105.80251085666164,,,0.0,-1,-1,0,176,prompt
29,3643,11,-6.884804248473884,-17.11120891571045,-15.480809125033291,2.9813377592847297,88.58356818875153,,,0.0,-1,-1,0,176,prompt
29,3955,10,-27.44739736439005,12.268324279785157,10.799561023712158,3.8712354973171754,115.02482487377924,,,0.0,-1,-1,0,176,prompt
29,4795,7,-16.541183991681176,-22.24917766026088,4.6115215846470425,1.784264052447782,53.015286800200215,,,0.0,-1,-1,0,176,prompt
29,5513,8,-14.517260949676512,36.18213331699371,-37.731826424598694,2.7081710830521013,80.4670510931665,,,0.0,-1,-1,0,176,prompt
29,5543,6,19.986548105093675,2.674255927403768,7.062068939208984,1.0810015368287864,32.1194648447991,,,0.0,-1,-1,0,176,prompt
29,5641,6,-18.96128590730869,29.70780038833618,-49.306833267211914,2.516931714437251,74.7848147892424,,,0.0,-1,-1,0,176,prompt
30,180,8,8.929767207746293,32.2019248008728,-37.601449966430664,3.445325217949554,102.36988426627704,,,0.0,-1,-1,0,176,prompt
30,410,7,32.525790214504035,25.052100317818777,-24.46032796587263,2.3093709718059565,68.61762653929438,,,0.0,-1,-1,0,176,prompt
30,518,8,-15.177139272865862,8.774470508098602,41.23525142669678,2.9645360357060184,88.08434376451844,,,0.0,-1,-1,0,176,prompt
30,1308,7,15.105226857070063,-2.9335658890860423,9.74499123437064,2.8256426455618615,83.95744735417892,,,0.0,-1,-1,0,176,prompt
30,1532,7,-12.482419431915954,-22.969703946794784,7.025207519531251,2.825517215757131,83.95372049712434,0.2899785041809082,108.09233856201172,108.09233856201172,6,9,1,176,prompt
30,1660,6,-7.613687999067632,-0.018475214640297704,1.4857667287190754,2.351023857894617,69.85524588101514,,,0.0,-1,-1,0,176,prompt
30,1786,9,-17.639339485217334,4.01523314581977,-24.065432866414387,3.466250000795105,102.99161587728324,,,0.0,-1,-1,0,176,prompt
30,1872,389,-28.623383934492757,-24.12590412906632,50.59733015712552,145.80001007434493,4332.110675524407,,,0.0,-1,-1,0,176,prompt
30,1970,7,-8.276668638258453,-20.53892149244036,-2.8537570408412387,1.8312389900726007,54.41103861573717,,,0.0,-1,-1,0,176,prompt
30,2110,6,11.557797485058037,-11.50992520650228,25.952962080637615,1.7333043254681293,51.50113616908715,,,0.0,-1,-1,0,176,prompt
30,2616,13,7.10349712220384,-8.599401584038368,29.702613757206844,4.60720338474944,136.89241144227614,,,0.0,-1,-1,0,176,prompt
30,2648,6,10.724109585131567,-0.9329878489176432,-9.781042098999023,2.462939721484857,73.18056737566106,,,0.0,-1,-1,0,176,prompt
30,3314,8,5.709668161911791,12.23160457611084,-5.372761011123657,2.1918628817483508,65.12614494653275,,,0.0,-1,-1,0,176,prompt
30,3564,6,-6.704980497568292,28.844094276428223,14.429181178410849,1.4067646013610149,41.79876218388713,,,0.0,-1,-1,0,176,prompt
30,4062,8,-32.16800481379812,29.84636163711548,7.510087490081787,2.1302133261102787,63.294370737567704,,,0.0,-1,-1,0,176,prompt
30,5130,7,-31.28477694986474,-23.13597869873047,31.995606967381068,1.8316794053958747,54.42412454023501,,,0.0,-1,-1,0,176,prompt
30,5568,6,44.65296417877704,28.968798955281574,32.3759671052297,2.1780085159966043,64.71449445525255,,,0.0,-1,-1,0,176,prompt
31,511,6,-34.7808144032001,42.55716196695963,18.747712930043537,1.527588791319892,45.38877402898605,,,0.0,-1,-1,0,176,prompt
31,723,12,-13.509201401622148,21.590346654256184,17.017990668614704,4.0874366860569795,121.44874403073393,0.4157012701034546,202.43739318847656,202.43739318847656,5,6,1,176,prompt
31,909,9,24.5283075010932,-0.25249163309733075,28.302366786532932,3.21628121608038,95.56437056873804,,,0.0,-1,-1,0,176,prompt
31,1061,6,-36.977560348821164,-43.32387479146322,44.42796325683594,2.197037302044476,65.27989089890313,,,0.0,-1,-1,0,176,prompt
31,1567,7,6.841800429357568,21.849327087402344,-16.853966304234095,2.401776663825855,71.36324833091497,,,0.0,-1,-1,0,176,prompt
31,1605,10,-20.94109125161416,12.595331192016602,44.77067413330078,2.3451075123466762,69.67945533274799,,,0.0,-1,-1,0,176,prompt
31,1815,8,14.363692343878949,37.983444690704346,21.815717220306396,2.0023135222374626,59.49412336123093,,,0.0,-1,-1,0,176,prompt
31,1927,9,1.6814886746329978,2.454094992743598,28.638976732889812,3.5751764588170802,106.22811408742358,0.34870725870132446,111.52056884765625,111.52056884765625,4,14,1,176,prompt
31,2121,8,-0.9348775120567119,20.583459615707397,3.6730091571807852,2.7093620542944183,80.50243805391126,,,0.0,-1,-1,0,176,prompt
31,2277,6,-23.53019931866616,-5.8380997975667315,-39.26420021057129,2.3077394901895225,68.56915082983542,,,0.0,-1,-1,0,176,prompt
31,2571,7,-4.055089351179291,-2.102191380092076,29.570044653756277,1.5349353840554598,45.60706107027126,,,0.0,-1,-1,0,176,prompt
31,2621,9,-38.943316395121556,10.416820949978298,-15.546359697977701,3.10340476999097,92.21050758292722,,,0.0,-1,-1,0,176,prompt
31,3137,6,14.390508858332865,-3.842800140380858,-18.20270045598348,2.6764619603234787,79.5248877214758,,,0.0,-1,-1,0,176,prompt
31,3221,8,39.05735116559586,-50.49217441678047,-16.92792522907257,3.0316185132972335,90.07754470576215,,,0.0,-1,-1,0,176,prompt
31,3237,6,-10.996378362167114,-2.835912356774012,35.3382625579834,1.4585789098893363,43.33830473265648,,,0.0,-1,-1,0,176,prompt
31,3557,7,5.882737219372154,5.142648696899414,-2.707275935581752,1.9720508530877825,58.59493801805887,,,0.0,-1,-1,0,176,prompt
31,3599,10,-38.28506396949132,9.272602558135986,47.15672054290771,3.299890185280116,98.04861805167769,,,0.0,-1,-1,0,176,prompt
31,3711,7,-7.314577477524829,10.831628254481723,50.37295395987375,3.018305790938404,89.68198789735337,,,0.0,-1,-1,0,176,prompt
31,3875,7,-50.79903776693883,-31.730812072753906,21.722187450953893,2.248021009135524,66.79475404366093,,,0.0,-1,-1,0,176,prompt
31,3955,8,-15.647494917712443,-25.8592267036438,31.502338469028473,2.650611933205128,78.75681384833342,,,0.0,-1,-1,0,176,prompt
31,4487,7,-15.946379696825655,-8.17122847693307,2.6741675649370467,1.7860613762524573,53.06869012738544,,,0.0,-1,-1,0,176,prompt
31,4787,6,-20.759955703869185,-5.916618665059407,5.547118504842122,7.871279410493429,233.87689443125885,,,0.0,-1,-1,0,176,prompt
31,5571,6,9.72545492871582,-30.08653736114502,-6.141466776529946,1.7683852105847935,52.543483675395635,,,0.0,-1,-1,0,176,prompt
31,5827,6,-58.290200985580896,-0.8175185124079386,26.26388994852702,3.0571878946345925,90.83727983747885,,,0.0,-1,-1,0,176,prompt
31,5837,9,-14.327933159952162,10.010370890299479,-10.301421377393934,4.010595057444084,119.16557244886049,,,0.0,-1,-1,0,176,prompt
32,23,6,-7.469608717414453,-16.69216235478719,21.40181605021159,1.6991151177222656,50.48528279714256,,,0.0,-1,-1,0,176,prompt
32,185,9,20.3275782316821,46.2152126232783,34.05117077297635,3.5693403319088053,106.05470705082487,,,0.0,-1,-1,0,176,prompt
32,499,7,25.94425037820224,19.4343809400286,26.087448120117188,2.649534940228759,78.72481348860771,,,0.0,-1,-1,0,176,prompt
32,507,7,-23.24359808734608,29.945335115705216,29.17019271850586,2.5198269630455643,74.87084041707313,,,0.0,-1,-1,0,176,prompt
32,905,7,-21.589446202384643,7.9020216805594305,20.240110533578054,2.862402614874004,85.04968497067759,,,0.0,-1,-1,0,176,prompt
32,1249,6,-15.496112165964567,14.738431692123413,17.914660453796387,1.2488383666838958,37.1063487413828,,,0.0,-1,-1,0,176,prompt
32,1397,9,15.927587657129683,18.1516875161065,0.6234624120924208,4.028006739225087,119.68292037279997,,,0.0,-1,-1,0,176,prompt
32,1439,8,31.308603822036215,-14.68416142463684,12.790576577186584,2.5447723115638494,75.61203385434132,,,0.0,-1,-1,0,176,prompt
32,1555,7,-20.151788869118043,-16.195977074759348,-17.66410936628069,3.3648064994619067,99.9774564484599,,,0.0,-1,-1,0,176,prompt
32,1631,9,-1.6639360675732242,8.575479401482475,8.343071513705784,3.8555562980531293,114.5589536678663,,,0.0,-1,-1,0,176,prompt
32,1647,6,-41.80774615133617,-1.616562287012736,37.379749615987144,1.1868070339749308,35.26323090820511,,,0.0,-1,-1,0,176,prompt
32,1665,8,-46.39799426229665,-1.260919094085697,8.766593873500824,3.6053461674858545,107.1245373245332,,,0.0,-1,-1,0,176,prompt
32,1667,8,-0.1363523522851029,-0.8452311754226685,23.366359889507294,3.1872918686611507,94.70301904093434,,,0.0,-1,-1,0,176,prompt
32,2213,6,-13.58175952818774,2.581880569458009,5.711922804514569,1.6215216956367886,48.17977340797609,,,0.0,-1,-1,0,176,prompt
32,2415,6,-26.828617404453396,27.675550937652588,16.04112482070923,1.4453083131053472,42.94399958844434,,,0.0,-1,-1,0,176,prompt
32,2467,10,-45.51699371365024,31.800094223022462,-1.8615214347839355,3.5223305669263345,104.6579204207649,0.3474222421646118,800.9983520507812,800.9983520507812,7,14,1,176,prompt
32,2661,7,-9.346189006319216,24.929373741149902,-18.090412821088517,2.1417128635259384,63.6360529416812,,,0.0,-1,-1,0,176,prompt
32,2955,7,0.15944240672541657,-1.2628981726510193,29.830072947910853,2.272420013340902,67.51971412107373,,,0.0,-1,-1,0,176,prompt
32,3215,12,11.205446841045278,5.413175503412883,-15.074129740397135,4.277411992823803,127.09342165531658,,,0.0,-1,-1,0,176,prompt
32,3217,7,-16.769248631988933,27.40370355333601,12.248471328190394,1.475799794773475,43.84998356731852,,,0.0,-1,-1,0,176,prompt
32,3335,8,-55.481774994057815,-32.880880892276764,31.317641139030457,2.4356262005060003,72.3690091613761,,,0.0,-1,-1,0,176,prompt
32,3453,6,-24.29871351704888,-49.656181971232094,39.34418932596842,2.3608142459084838,70.14614465674754,,,0.0,-1,-1,0,176,prompt
32,3471,7,15.196794334558266,9.57268932887486,-7.564882550920759,2.6328473208262424,78.22897940652591,,,0.0,-1,-1,0,176,prompt
32,3477,6,-24.93022929149812,32.7885065873464,23.769763628641766,1.7971784407929499,53.39900803306873,,,0.0,-1,-1,0,176,prompt
32,3487,9,-15.975431405893817,-19.68203356530931,14.01601399315728,3.2903267905351314,97.76446385684686,,,0.0,-1,-1,0,176,prompt
32,3701,10,1.0283993765933803,7.87866370677948,11.403693199157715,3.5169494229361686,104.49803215111085,,,0.0,-1,-1,0,176,prompt
32,4845,6,11.556008585990426,-37.051612536112465,-12.69085419178009,2.2405822641988458,66.57372891248122,,,0.0,-1,-1,0,176,prompt
32,5237,8,-3.184623783203339,16.007432520389557,33.28397059440613,2.225279904213928,66.11905461569908,,,0.0,-1,-1,0,176,prompt
32,5273,6,-17.502794082015146,18.909162839253742,1.6719874540964768,1.6527414828758695,49.1073973053754,,,0.0,-1,-1,0,176,prompt
32,5591,9,29.210999202525564,6.383112748463948,-34.15068456861708,3.5387252003172667,105.14504909996012,,,0.0,-1,-1,0,176,prompt
33,363,8,-29.867117673893254,3.4709904193878174,19.049034774303436,2.5718870439832875,76.41768552554726,,,0.0,-1,-1,0,176,prompt
33,421,11,-8.167336725122286,2.2623478282581675,29.531159487637606,3.0118450544096764,89.4900220279849,0.5342374444007874,131.5000762939453,131.5000762939453,4,13,1,176,prompt
33,493,8,-16.605011434397497,-45.54549264907837,22.73369336128235,2.8147219362296205,83.63296369016285,,,0.0,-1,-1,0,176,prompt
33,1083,6,12.16496791401567,13.814681688944498,19.568172693252563,1.5237367995003805,45.274320985568366,,,0.0,-1,-1,0,176,prompt
33,1277,8,5.9950340430968705,32.42016100883484,25.683818101882935,3.8848395154171076,115.42903686258973,,,0.0,-1,-1,0,176,prompt
33,1453,10,-8.636664015479036,-0.8008908271789551,29.05945167541504,3.6262727796871554,107.74632329062186,,,0.0,-1,-1,0,176,prompt
33,1605,6,43.36921027145116,44.00283145904541,-24.927393198013306,2.535862489717064,75.34729906920793,,,0.0,-1,-1,0,176,prompt
33,1733,6,-15.361684118310057,-22.243900299072266,27.2924002011617,1.265028746589001,37.587408499828214,,,0.0,-1,-1,0,176,prompt
33,2003,11,6.6091187801816265,8.968772367997603,-20.661554553292014,4.498522865481954,133.66322073440077,,,0.0,-1,-1,0,176,prompt
33,2119,11,-14.445683526314669,22.0213605707342,-14.603171521967107,5.366362692438077,159.44907751921735,0.36159512400627136,320.6277160644531,474.1517333984375,4,4,2,176,prompt
33,2353,7,-27.068989409652264,-31.857498168945312,-7.410484313964844,2.6673981541109497,79.25557764643428,,,0.0,-1,-1,0,176,prompt
33,2731,6,12.230569723440473,3.570294141769408,27.130743900934856,2.1538185457794055,63.995745340179724,,,0.0,-1,-1,0,176,prompt
33,3517,10,4.589038638196412,28.568816566467284,11.644034051895142,3.627855226818835,107.7933420535774,,,0.0,-1,-1,0,176,prompt
33,4055,9,-6.967705980508026,-32.472891595628525,45.60728348626031,3.6562237826672916,108.63624819314244,,,0.0,-1,-1,0,176,prompt
33,4709,6,-55.66137589830016,7.95810604095459,-16.518327077229817,1.8354603300196068,54.53646598601044,,,0.0,-1,-1,0,176,prompt
33,4729,12,-4.239615105043222,-4.046024759610494,13.212772369384766,4.07647125114837,121.12293144947878,,,0.0,-1,-1,0,176,prompt
33,5035,7,-30.367551412847536,18.373387336730957,31.754112788609095,2.4493246738394103,72.77602766937066,,,0.0,-1,-1,0,176,prompt
33,5573,7,24.925993156719414,-25.875557490757533,25.347128459385463,3.6190191744718003,107.53079915880969,,,0.0,-1,-1,0,176,prompt
34,147,6,18.208292486559248,-18.28563165664673,8.066014687220255,2.818555728843671,83.74687598620869,,,0.0,-1,-1,0,176,prompt
34,485,12,-24.073443864944156,-36.0678186416626,15.837899923324585,4.344302038462662,129.08090492538403,0.24261589348316193,118.69278717041016,118.69278717041016,6,14,1,176,prompt
34,893,6,11.796866799121892,41.23620065053304,-31.794004599253338,2.28199145969762,67.80410755095761,,,0.0,-1,-1,0,176,prompt
34,1091,6,-31.044123812410035,-2.7804874579111725,1.6982297897338867,1.535008551221934,45.6092350636943,,,0.0,-1,-1,0,176,prompt
34,1565,6,18.08943040546699,45.406930923461914,49.35616906483968,1.9289739039642662,57.31500593114164,,,0.0,-1,-1,0,176,prompt
34,1709,7,-15.10362945339719,-21.010033743722097,-30.58352988106864,2.045540700709872,60.77851916640019,,,0.0,-1,-1,0,176,prompt
34,1827,7,17.920227761197967,-30.43624292101179,-0.7567858695983892,3.210429608881239,95.39050357103723,,,0.0,-1,-1,0,176,prompt
34,1965,7,-16.66131094669916,20.578511101858957,7.8236494745527,2.248911287481381,66.82120660922871,,,0.0,-1,-1,0,176,prompt
34,2059,8,-32.13538798115631,8.961529582738876,47.20146942138672,3.7195567866129298,110.51804218181243,,,0.0,-1,-1,0,176,prompt
34,2703,7,40.37573640052928,-31.639757701328822,27.000699179513113,3.4463563111257347,102.40052081941387,,,0.0,-1,-1,0,176,prompt
34,2829,8,-12.73191751826512,-41.170382499694824,11.161364197731018,2.1534050729855148,63.98345995073744,,,0.0,-1,-1,0,176,prompt
34,2853,8,-48.315045023485766,16.208348497748375,23.32242876291275,2.701513099363316,80.26922447984222,,,0.0,-1,-1,0,176,prompt
34,3417,8,-29.847849800865042,29.264400362968445,22.016477704048157,2.6824546110479712,79.70294550189041,,,0.0,-1,-1,0,176,prompt
34,3485,6,-41.90706590947166,-38.53885014851888,12.173553784688314,2.0149122861603925,59.86846654310798,,,0.0,-1,-1,0,176,prompt
34,3663,6,-16.87791541809734,3.468681017557781,32.351402282714844,1.603619430603395,47.647848935353046,,,0.0,-1,-1,0,176,prompt
34,3885,10,-35.74863918014894,28.042278671264647,52.8848934173584,3.3762097663233193,100.31627819532393,,,0.0,-1,-1,0,176,prompt
34,4041,11,29.15188887932558,0.425764647397128,-14.197673819281839,3.533414373583371,104.9872501452273,,,0.0,-1,-1,0,176,prompt
34,4099,6,-19.850849644110557,-11.648487448692322,6.818745295206704,1.8249803731447625,54.22507826365433,0.27054527401924133,98.17007446289062,98.17007446289062,4,10,1,176,prompt
34,4163,10,6.813871215432687,-9.031503295898437,-8.037631130218506,3.408317998464837,101.27030018175284,,,0.0,-1,-1,0,176,prompt
34,4579,7,2.672270326569163,14.311526571001325,1.6529408182416634,2.1782270978617415,64.72098911071214,,,0.0,-1,-1,0,176,prompt
34,4587,9,4.850011393022861,-5.524024645487469,39.27133867475722,3.967576162814603,117.88736531719702,,,0.0,-1,-1,0,176,prompt
34,4921,7,-28.430535312289567,-23.393308190362795,-26.972987038748606,2.087486506310765,62.024841935132805,,,0.0,-1,-1,0,176,prompt
34,5735,6,-2.5609158930493128,-14.604487548271814,-18.704466819763184,2.6774880878068736,79.55537673051633,,,0.0,-1,-1,0,176,prompt
35,705,8,26.965266368883373,12.564154863357544,-2.2689608931541443,3.9009810488155994,115.9086452598682,,,0.0,-1,-1,0,176,prompt
35,1199,14,-31.381108561649114,21.752333164215088,4.667034881455558,3.3862921422119174,100.6158527166108,,,0.0,-1,-1,0,176,prompt
35,1261,6,-23.584759553283984,20.22550555070241,1.8676520983378095,1.7349915985324642,51.55126959260888,,,0.0,-1,-1,0,176,prompt
35,1353,10,-37.56325542595939,53.64308662414551,13.339156436920167,4.0331831147648565,119.83672442072096,0.5449185371398926,210.48341369628906,506.47662353515625,7,14,3,176,prompt
35,1447,7,-25.823073230841715,31.255741459982737,29.228316170828684,1.9385726222840116,57.600209684441225,,,0.0,-1,-1,0,176,prompt
35,1513,6,-28.86143356506319,13.034112294514975,13.93791667620341,1.953470806802201,58.042874840391974,,,0.0,-1,-1,0,176,prompt
35,1517,10,50.24811662275838,12.56761884689331,15.528196620941163,4.072469926536369,121.00404132691257,,,0.0,-1,-1,0,176,prompt
35,1669,11,-25.383326024795902,36.98610999367454,-2.1476624228737573,3.908961759555273,116.14577365359042,,,0.0,-1,-1,0,176,prompt
35,1685,9,-17.04420762671812,-30.767032941182453,9.025527636210123,3.213094221465441,95.46967638190516,,,0.0,-1,-1,0,176,prompt
35,1737,6,4.169875029369642,19.04772520065308,34.3775626818339,2.151939860825695,63.93992455429799,,,0.0,-1,-1,0,176,prompt
35,1839,12,-17.01939390935345,17.72676259279251,28.679495414098103,3.2249286522611507,95.82130916960324,,,0.0,-1,-1,0,176,prompt
35,2021,6,-1.4802511551989561,34.02633126576742,-6.193742752075194,2.5175278100634513,74.80252639450622,,,0.0,-1,-1,0,176,prompt
35,2699,6,5.817678956644056,-22.220805803934734,27.429285049438477,1.8304285097587376,54.386957064451956,,,0.0,-1,-1,0,176,prompt
35,3029,9,-35.70524871226449,-5.973583857218425,16.099491543240017,3.119630261175763,92.69261059198345,,,0.0,-1,-1,0,176,prompt
35,3089,9,7.274264093093218,-44.463166024949814,0.287833743625217,3.5797558924540778,106.36418138492633,,,0.0,-1,-1,0,176,prompt
35,3281,7,9.897763814498882,-0.7799094063895089,5.993187495640346,2.9026554820009465,86.24570598132206,,,0.0,-1,-1,0,176,prompt
35,3341,7,-20.54103209969918,47.526937757219585,31.144437517438615,3.719192767555443,110.50722619596834,,,0.0,-1,-1,0,176,prompt
35,4203,6,32.84192175390121,23.574099858601887,-43.838232596715294,2.419252253167469,71.8824951204679,,,0.0,-1,-1,0,176,prompt
35,4209,6,-23.95015472511186,-20.02228176593781,14.883289019266762,1.736145304527559,51.585549302570605,,,0.0,-1,-1,0,176,prompt
35,4471,6,50.044523915254,43.157599767049156,35.19969940185547,2.352430449448825,69.89703950150238,,,0.0,-1,-1,0,176,prompt
35,5831,10,-28.352035695372553,-10.120605313777924,-5.562022686004638,3.790441145233056,112.62420724002725,,,0.0,-1,-1,0,176,prompt
36,361,6,-19.873526018014267,0.8128999869028727,-6.9850209554036455,2.9679486930986565,88.18574299977922,,,0.0,-1,-1,0,176,prompt
36,391,7,-8.480735093842592,35.503670828683035,-38.28238541739328,2.989477097358215,88.8254098274583,,,0.0,-1,-1,0,176,prompt
36,741,6,17.741788657528264,12.96483071645101,-1.1038808822631836,2.549054781511823,75.73927756145609,,,0.0,-1,-1,0,176,prompt
36,1423,9,-27.568928267057665,24.64257091946072,-11.761925591362846,2.96178046645191,88.00246838620548,,,0.0,-1,-1,0,176,prompt
36,1499,7,-9.74996621464655,22.237301553998673,47.21768842424665,2.2143432110421792,65.79409602879562,,,0.0,-1,-1,0,176,prompt
36,1659,11,-28.021310257872685,-37.14482723582875,-29.807482025840066,4.18521712939498,124.35406414851764,0.31381213665008545,159.89320373535156,159.89320373535156,7,8,1,176,prompt
36,2347,6,-6.988012218631248,-1.2932497660319011,0.5542502403259283,2.1735323443598684,64.5814953496757,,,0.0,-1,-1,0,176,prompt
36,2709,7,-12.330705048619988,38.46099008832659,-5.343923841203962,1.5903101622793443,47.25239475561302,,,0.0,-1,-1,0,176,prompt
36,2739,8,-11.887849322239099,-15.924295246601105,-26.320101976394653,2.6909502049147416,79.95537245896944,,,0.0,-1,-1,0,176,prompt
36,2971,6,29.218447916221006,-1.7597436904907227,15.309685071309408,1.6432595019055407,48.82566213288993,,,0.0,-1,-1,0,176,prompt
36,2979,6,-15.338729113626778,3.607243448495865,15.215839703877768,1.5316356473048371,45.50901701117618,,,0.0,-1,-1,0,176,prompt
36,3325,7,2.7391951099712313,42.14675385611398,47.958007540021626,3.273585821733543,97.26704462054502,,,0.0,-1,-1,0,176,prompt
36,3479,10,-20.883023892727188,-4.675098657608032,14.055903244018555,3.20845395328907,95.33180152652001,,,0.0,-1,-1,0,176,prompt
36,3537,7,-33.04315532663753,-1.583570957183838,12.067621231079102,1.6995463712313448,50.49809649948447,,,0.0,-1,-1,0,176,prompt
36,3741,9,14.03170253270798,20.695079273647732,27.918451415167915,3.2894167764036943,97.73742488797664,,,0.0,-1,-1,0,176,prompt
36,3895,9,-20.22239049128405,6.891175376044379,-7.4849634700351295,3.87820944934758,115.23203975686536,,,0.0,-1,-1,0,176,prompt
36,3961,8,-0.27708470007984154,-8.861071959137917,-18.835365772247314,2.766243536848722,82.1925399797445,,,0.0,-1,-1,0,176,prompt
36,4069,12,-30.049497656475037,3.399400075276693,20.915377457936604,4.716131540181986,140.1289600870526,,,0.0,-1,-1,0,176,prompt
36,4323,6,-32.64283849044195,28.086618105570476,15.012614568074545,1.9925362612897277,59.2036146259608,,,0.0,-1,-1,0,176,prompt
36,4345,11,-13.259261775480839,7.895542838356712,5.494231960990212,4.875577344190084,144.86652402383726,,,0.0,-1,-1,0,176,prompt
36,4369,6,-13.802083635813418,19.66201949119568,7.086839516957601,1.208077454411425,35.89523234221628,,,0.0,-1,-1,0,176,prompt
36,4659,14,-22.682217450823902,-17.047146583242075,18.4454550913402,4.7058343056353,139.8230015368074,,,0.0,-1,-1,0,176,prompt
36,4953,7,16.95442540698593,8.266242640359062,11.981785637991768,3.0123812405410955,89.50595356093064,,,0.0,-1,-1,0,176,prompt
36,5333,9,-11.553337981979585,34.77302911546495,21.636951128641766,2.3332174043940768,69.32616822688064,,,0.0,-1,-1,0,176,prompt
36,5619,9,22.59689582914535,40.71890004475912,9.565500047471788,5.360636476846653,159.27893624363503,,,0.0,-1,-1,0,176,prompt
37,159,12,-14.119904439786024,40.014541029930115,16.18808654944102,5.500057396174041,163.4215069656921,,,0.0,-1,-1,0,176,prompt
37,369,6,-3.224435455692374,19.07081874211629,-7.317776997884114,2.391725275252179,71.06459452614732,,,0.0,-1,-1,0,176,prompt
37,379,7,-23.813482128365287,-12.225171685218811,25.20586715425764,2.5550150584059814,75.91637342824717,,,0.0,-1,-1,0,176,prompt
37,381,7,-45.52771662508146,-10.83558818272182,17.897862706865585,2.320695509248206,68.95410902323887,,,0.0,-1,-1,0,176,prompt
37,683,8,-25.034156702865612,16.180635690689087,2.0253732204437256,3.035907916404873,90.20499441570908,,,0.0,-1,-1,0,176,prompt
37,691,7,19.84247105762724,23.456651960100448,27.24219458443778,3.63200024843933,107.91650180098256,,,0.0,-1,-1,0,176,prompt
37,829,10,-37.89722508617304,-19.833836126327515,-1.2332067489624023,2.851358988455336,84.72154910922995,,,0.0,-1,-1,0,176,prompt
37,1071,6,-28.641064268508543,-3.219268798828125,27.26006825764974,1.158737615984301,34.429212959434324,,,0.0,-1,-1,0,176,prompt
37,1169,6,-1.772460813450546,-3.9351744651794447,33.02888711293539,1.0092853428605464,29.98858371976097,,,0.0,-1,-1,0,176,prompt
37,1419,10,-24.967344411607275,30.12071576118469,23.633343410491943,3.4989951663074756,103.96456286827194,,,0.0,-1,-1,0,176,prompt
37,1421,7,-25.846221316237592,24.90166105542864,26.44518906729562,1.8244475857182927,54.20924771537921,,,0.0,-1,-1,0,176,prompt
37,1429,6,1.5522114443756128,34.32193120320638,50.94501876831055,2.136070071520956,63.468390405361184,0.26079466938972473,124.70198059082031,193.2574920654297,4,14,2,176,prompt
37,1805,7,-32.81846025844309,29.49401719229562,16.92918607166835,2.6477605277940093,78.67209091988195,,,0.0,-1,-1,0,176,prompt
37,2103,13,-22.761154088133043,3.7880859375,27.661868462195763,6.178143475497877,183.56926924407188,,,0.0,-1,-1,0,176,prompt
37,2517,7,-25.71012983639807,19.99258940560477,39.881792885916575,1.7953247736344546,53.343930593210594,,,0.0,-1,-1,0,176,prompt
37,2715,7,-4.689553467582567,23.575420243399485,9.152412959507533,2.938631011450184,87.31463577841338,,,0.0,-1,-1,0,176,prompt
37,3489,8,-29.310354870741946,17.095148026943207,13.430170774459839,2.782570499481231,82.67765797859175,,,0.0,-1,-1,0,176,prompt
37,3963,6,-34.19092410132159,27.541606187820435,6.6648562749226885,1.83248611840826,54.448094154854765,,,0.0,-1,-1,0,176,prompt
37,4385,15,-23.929691076652755,-0.957004992167155,12.33059139251709,4.989803112177942,148.2604789945389,,,0.0,-1,-1,0,176,prompt
37,4725,7,-12.989470237744296,-12.61710514341082,-2.4405911649976457,1.183638191976853,35.169076084471406,0.38128215074539185,104.15396118164062,104.15396118164062,4,3,1,176,prompt
37,5647,7,-6.589737604326193,-28.801205226353236,-4.0783258846827914,2.4527366967669852,72.87740805296697,,,0.0,-1,-1,0,176,prompt
37,5671,7,2.7491290615435924,-21.829531942095077,26.566478865487234,2.6699207624536876,79.33053112912725,,,0.0,-1,-1,0,176,prompt
38,472,6,-24.9621583411412,-23.744993209838867,32.968844731648765,2.15992168363682,64.17708599065581,,,0.0,-1,-1,0,176,prompt
38,1262,12,-5.596400435744724,5.944331169128418,-20.773666381835938,3.561336599698323,105.81689462724967,,,0.0,-1,-1,0,176,prompt
38,1622,11,-46.77639217489241,-24.072085163810037,49.671503283760764,4.085119704638023,121.37990027732859,,,0.0,-1,-1,0,176,prompt
38,1726,6,8.132535055767777,38.85292522112528,-18.769128640492763,1.9823951972817828,58.90229632270695,,,0.0,-1,-1,0,176,prompt
38,1826,7,35.81066833928084,-3.515528883252825,-6.3242996760777075,2.7813328951340606,82.64088542280305,0.3869139552116394,99.96829986572266,99.96829986572266,2,4,1,176,prompt
38,1838,15,-1.1433140598881906,13.970794677734375,5.650031614303589,5.996579034165517,178.17450106682372,,,0.0,-1,-1,0,176,prompt
38,1954,7,-36.07488170067273,-3.8362016677856445,8.88194465637207,2.5492037834087324,75.74370480880638,,,0.0,-1,-1,0,176,prompt
38,1976,7,-0.6246942729532368,17.621190820421493,30.67062704903739,1.3684522363312688,40.66039871281932,,,0.0,-1,-1,0,176,prompt
38,2586,8,-10.21416761896872,14.351611196994781,48.386178493499756,2.2289988689934046,66.22955506775565,,,0.0,-1,-1,0,176,prompt
38,2722,17,-20.879817495737367,-22.694907356710996,33.35706665936638,5.576157993996305,165.68266052851774,0.2911853492259979,100.22193145751953,170.02542114257812,4,9,2,176,prompt
38,2730,6,24.463326904207836,-23.13069995244344,-40.58663368225098,1.8732576714674285,55.659526720430506,,,0.0,-1,-1,0,176,prompt
38,2944,6,5.326431223862186,-17.366499265034992,38.62681229909261,2.350961245791905,69.85338550694219,,,0.0,-1,-1,0,176,prompt
38,3364,10,-3.802154742962093,12.961135864257812,9.08516435623169,2.667956670592684,79.2721726741832,,,0.0,-1,-1,0,176,prompt
38,3460,11,-11.260035164197705,23.875578967007723,37.690428430383854,3.0852090074553358,91.66986250965367,,,0.0,-1,-1,0,176,prompt
38,5578,8,5.200798933225113,6.328842222690582,22.010807752609253,2.011579901600726,59.769452429744604,,,0.0,-1,-1,0,176,prompt
39,137,1191,23.77923612276351,-33.920100038337864,-55.03613344427921,558.0329459763566,16580.660600268966,,,0.0,-1,-1,0,176,prompt
39,189,6,-40.66096111832201,41.4486624399821,39.19029871622721,2.088742451971546,62.0621594607089,,,0.0,-1,-1,0,176,prompt
39,631,8,11.434202039125832,21.71274444460869,8.355319023132324,3.2429688151768348,96.35733095941917,,,0.0,-1,-1,0,176,prompt
39,1025,9,-0.210347492546401,23.72190022468567,-9.27507750193278,3.8347572808644363,113.94095889298528,,,0.0,-1,-1,0,176,prompt
39,1283,7,-27.022996126857915,-24.30782154628209,34.60058280399868,2.715223480496678,80.67659680061955,,,0.0,-1,-1,0,176,prompt
39,1399,7,-20.433158476024325,-8.428559167044503,29.230837685721262,2.3458801912057963,69.7024137010817,,,0.0,-1,-1,0,176,prompt
39,1839,6,-18.74489296714854,32.502143224080406,40.83919302622477,2.2041251139697717,65.49048886588564,,,0.0,-1,-1,0,176,prompt
39,1887,7,-21.387151915240953,46.248204708099365,25.195429120744972,3.9722092970896483,118.02502820517506,,,0.0,-1,-1,0,176,prompt
39,1937,7,21.30466828999737,-6.670795134135655,25.262730734688894,1.7754482600530221,52.75334588313806,,,0.0,-1,-1,0,176,prompt
39,2525,9,-21.17340221576503,-14.247304068671333,52.72421799765693,3.6165581245080394,107.4576747412217,,,0.0,-1,-1,0,176,prompt
39,2735,7,-30.13948677253978,32.79972364859922,2.848537717546735,2.1482233828308614,63.829497991305566,,,0.0,-1,-1,0,176,prompt
39,3003,7,-27.345694928769777,29.56131907871791,30.81440884726388,1.223745123768459,36.360760963562626,,,0.0,-1,-1,0,176,prompt
39,3575,6,-13.393199353796467,7.343812624613444,-9.09117086728414,1.5507299085636042,46.07635889954901,,,0.0,-1,-1,0,176,prompt
39,3577,6,-22.738759665221924,-33.70301818847657,-44.932876904805504,2.039542926856066,60.60030916402634,,,0.0,-1,-1,0,176,prompt
39,3697,7,-20.67109300628952,-12.747750282287598,-2.9104434422084267,2.2641272509217756,67.27331383216315,,,0.0,-1,-1,0,176,prompt
39,3755,8,-30.452117314176725,-2.6707921028137216,-31.585476279258728,2.932492035909113,87.13223029390967,,,0.0,-1,-1,0,176,prompt
39,4107,10,-34.16707788337563,29.749367904663085,11.632948780059815,3.3851094803549775,100.58071265006782,,,0.0,-1,-1,0,176,prompt
39,4143,6,-22.147080464275806,-29.846362113952637,-0.3340209325154622,1.9728604742749059,58.618994042376535,,,0.0,-1,-1,0,176,prompt
39,4391,9,-32.50251754767465,29.710879855685764,45.894627041286896,3.4140736970571504,101.44131747663609,0.4701867699623108,143.45924377441406,263.386962890625,5,13,2,176,prompt
39,4407,6,-6.468766603671813,11.158899903297424,23.5818665822347,2.1909929586855967,65.10029719120598,,,0.0,-1,-1,0,176,prompt
39,4709,8,-5.375963788044776,31.599177837371826,28.07527792453766,1.9868218011622174,59.03382263684761,,,0.0,-1,-1,0,176,prompt
39,5023,8,-4.801629758773485,25.95622032880783,18.402357518672943,1.669228041841883,49.597257340795935,,,0.0,-1,-1,0,176,prompt
39,5101,6,-17.497074015482013,22.539499918619793,-11.240566571553549,2.322230731039255,68.9997245942317,,,0.0,-1,-1,0,176,prompt
39,5367,8,-9.543713630376976,-28.017337322235107,-10.931477904319763,4.040077159471281,120.04156504216547,,,0.0,-1,-1,0,176,prompt
39,5573,6,-15.878742275942592,-14.61372478802999,28.39166323343913,1.391201816517706,41.33634996370819,,,0.0,-1,-1,0,176,prompt
39,5663,7,-23.30517554022918,8.951137508664813,18.00871249607631,2.5699926795356745,76.36139885970508,,,0.0,-1,-1,0,176,prompt
40,383,6,7.415003293867663,38.44647510846456,18.997124989827473,2.4250706984349524,72.05537678793392,,,0.0,-1,-1,0,176,prompt
40,621,9,-4.389790728862106,18.046995374891495,-9.568578932020399,3.0610791178480112,90.95289855118884,,,0.0,-1,-1,0,176,prompt
40,731,6,-23.95591998057397,38.79750061035156,23.80062452952067,1.3511603444148983,40.14661006813594,,,0.0,-1,-1,0,176,prompt
40,1031,12,-39.17669623745318,-34.264196733633675,15.402163624763489,3.578226787149939,106.31874755122027,,,0.0,-1,-1,0,176,prompt
40,1083,7,-14.81963757872273,5.170359475272043,27.49160657610212,2.1099237890325613,62.69151398789389,,,0.0,-1,-1,0,176,prompt
40,1151,9,-1.8699667596681908,-24.78113259209527,42.11131159464518,1.9583577289500624,58.188078449063966,,,0.0,-1,-1,0,176,prompt
40,1535,8,34.913548110495974,-38.35410022735596,-30.1570246219635,3.6336015418597487,107.96408053789557,,,0.0,-1,-1,0,176,prompt
40,1813,6,-8.787080573451034,25.075193723042805,17.1557141939799,2.538326731873306,75.42051833542533,,,0.0,-1,-1,0,176,prompt
40,2747,6,-22.958610476037567,-6.738755861918132,16.33504803975423,2.290928430889647,68.0696490162023,,,0.0,-1,-1,0,176,prompt
40,3023,11,-43.910034309206296,36.134580785577946,22.090007955377754,3.8065726471584815,113.10351757524425,0.39430612325668335,129.99514770507812,129.99514770507812,5,6,1,176,prompt
40,3521,9,-4.652880007336957,-19.124704149034287,-21.686218049791123,4.489923095967761,133.40769843847985,,,0.0,-1,-1,0,176,prompt
40,3825,9,-20.171530481349734,3.768900235493978,22.60884994930691,2.980804812563894,88.5677329074121,,,0.0,-1,-1,0,176,prompt
40,4027,11,35.550801458369854,45.09327624060891,30.90338507565585,3.8001023165478194,112.91126663988199,,,0.0,-1,-1,0,176,prompt
40,4873,10,-14.552566687943852,18.614486312866212,46.52852897644043,3.9669682733860543,117.86930328632603,0.3297167420387268,735.8977661132812,865.4379272460938,4,13,2,176,prompt
40,4959,6,48.49648349330334,29.37063217163086,-16.250439484914143,2.3960239136095343,71.19231864021714,,,0.0,-1,-1,0,176,prompt
40,5241,6,-30.405542819548316,6.955837567647298,16.54289150238037,3.0658355579234513,91.09422518633653,,,0.0,-1,-1,0,176,prompt
40,5549,6,-21.823858800379423,16.008588155110676,26.3594122727712,1.5912970333521903,47.28171735104947,,,0.0,-1,-1,0,176,prompt
40,5567,9,38.75057962383728,-23.435537550184463,-18.423282305399578,3.218145816820443,95.61977287472897,,,0.0,-1,-1,0,176,prompt
41,626,6,-16.606518496131113,-42.00753084818522,-46.198414166768394,2.532555489935941,75.24903920593044,,,0.0,-1,-1,0,176,prompt
41,682,8,3.8144786767425067,13.357425212860107,-7.0447998046875,2.9303837350313966,87.06958700098454,,,0.0,-1,-1,0,176,prompt
41,1120,10,-18.84945452190603,15.787811851501464,10.974273872375488,2.895438801779848,86.03127899046157,,,0.0,-1,-1,0,176,prompt
41,1276,6,-1.592401387209043,-32.340487480163574,-4.056733767191569,2.4994043645167636,74.26403005359339,,,0.0,-1,-1,0,176,prompt
41,1422,7,-1.3989223293067592,-6.6312054225376675,4.87011228288923,1.7929758811443635,53.27413867600295,,,0.0,-1,-1,0,176,prompt
41,1704,7,-7.911256735803406,27.866898400442942,1.1066089017050607,1.5526322054049015,46.13288125815515,,,0.0,-1,-1,0,176,prompt
41,2864,8,-26.359302208663458,-6.581718683242798,23.544284760951996,2.8265023181625106,83.98299054069057,,,0.0,-1,-1,0,176,prompt
41,2986,7,7.581413106684901,26.402094227927073,48.99128777640207,3.8524816078291138,114.46759634672074,,,0.0,-1,-1,0,176,prompt
41,3712,7,-9.883332631735286,13.036751849310738,-9.223673139299665,2.263136433898082,67.24387399190766,,,0.0,-1,-1,0,176,prompt
41,4840,11,16.567772169037926,-23.064358126033436,-10.645435159856623,4.149038579135569,123.2791020567875,,,0.0,-1,-1,0,176,prompt
42,159,6,4.437739342129631,-42.741912841796875,39.45818758010864,2.571826746027653,76.4158939110118,,,0.0,-1,-1,0,176,prompt
42,469,7,-30.386949571397313,-19.192885943821498,-18.94950076511928,2.856516474974434,84.87479191351278,,,0.0,-1,-1,0,176,prompt
42,667,6,37.30535159340179,-10.091968456904093,32.41606489817301,2.4233870959608734,72.00535242752699,0.3287559747695923,484.4649353027344,484.4649353027344,4,5,1,176,prompt
42,971,7,-1.150331871371305,10.795998011316572,38.674319403512136,2.4667125992975345,73.2926697290245,,,0.0,-1,-1,0,176,prompt
42,1381,11,1.1436176059207661,12.153190959583629,6.56081806529652,3.329981816653797,98.94272140222887,,,0.0,-1,-1,0,176,prompt
42,1817,6,-15.904552700793253,2.715825398763021,43.16242472330729,2.2030864306749924,65.45962678989876,,,0.0,-1,-1,0,176,prompt
42,1985,8,-0.29534370919854336,-3.5229514241218567,-10.193632900714874,1.6837354618476308,50.02831183145865,,,0.0,-1,-1,0,176,prompt
42,2517,9,-0.45391414781233724,8.680171012878418,16.29669565624661,2.6992005339923355,80.20051193910669,0.4444981515407562,74.60406494140625,74.60406494140625,4,6,1,176,prompt
42,2551,8,-43.080676447622395,31.699635863304138,45.61492991447449,2.433412083925655,72.30322179915521,0.37662115693092346,162.34373474121094,242.00906372070312,5,13,2,176,prompt
42,2719,6,-15.188456468630436,-4.512518644332886,13.582273165384928,1.4523191083122342,43.15230918145591,,,0.0,-1,-1,0,176,prompt
42,2783,6,-47.01658570743471,-8.62782573699951,26.03904151916504,3.1175089219561913,92.62957989483309,,,0.0,-1,-1,0,176,prompt
42,3013,6,-35.36566182758433,-43.33773136138916,18.310402552286785,3.044361979382768,90.45618737831188,,,0.0,-1,-1,0,176,prompt
42,3103,6,-24.84635557244516,-7.034356435139974,14.174943606058756,2.7315739633910487,81.16241364974438,,,0.0,-1,-1,0,176,prompt
42,3309,7,-18.954449507502336,14.572816167558942,-27.764773777553014,1.7313745161292973,51.44379634013778,,,0.0,-1,-1,0,176,prompt
42,3357,10,0.10567695526558367,-12.35977554321289,19.185487031936646,3.347230712411081,99.45523251531479,,,0.0,-1,-1,0,176,prompt
42,3755,7,-4.722229821570779,9.576648371560234,22.871537344796316,1.8235179453776034,54.18162559901417,,,0.0,-1,-1,0,176,prompt
42,4077,6,-14.814560548652786,26.100556055704754,-38.97468908627828,1.8864533081659278,56.05160459877059,,,0.0,-1,-1,0,176,prompt
42,4477,7,-3.116996375169287,10.986027036394391,2.756044524056571,2.0876659762425485,62.03017446979461,,,0.0,-1,-1,0,176,prompt
42,4885,7,-19.232688368677792,-31.17260421173913,-3.968914304460798,2.5677746233535297,76.29549444131251,,,0.0,-1,-1,0,176,prompt
42,5029,6,42.29426560013394,-5.630256414413452,40.34036827087402,1.989538874485319,59.11455419745031,,,0.0,-1,-1,0,176,prompt
42,5301,43,-3.1901998257674604,-14.214578779284345,-21.73308609807214,8.837092155059713,262.5737902624708,,,0.0,-1,-1,0,176,prompt
42,5583,6,-0.19689580613236105,8.175187716881434,-14.704629103342691,1.9271127186555599,57.259705106807914,,,0.0,-1,-1,0,176,prompt
43,681,6,-15.751544563109254,36.01239331563314,28.66416867574056,1.4311620350140641,42.52367559596356,,,0.0,-1,-1,0,176,prompt
43,721,6,0.5636813187685608,15.191068490346273,31.87105147043864,2.99512901476474,88.99334350401641,,,0.0,-1,-1,0,176,prompt
43,753,10,2.495494364562725,-22.10349044799805,5.274695110321045,3.136434685098067,93.19191525069186,,,0.0,-1,-1,0,176,prompt
43,755,6,-21.32097626850082,-37.83680041631063,43.65201282501221,2.7405254538388486,81.42838652115223,,,0.0,-1,-1,0,176,prompt
43,913,6,-34.688958421736366,-17.338786999384563,1.1454505920410156,1.657752222451492,49.25627986304299,,,0.0,-1,-1,0,176,prompt
43,1441,7,-16.050947810002118,14.319444681916918,7.000015735626221,2.1606249321263755,64.19798139585913,0.3530193269252777,73.74629211425781,73.74629211425781,3,14,1,176,prompt
43,1497,7,51.41937358857592,37.65732874189104,14.14210047040667,1.8386233836345867,54.63044882130464,,,0.0,-1,-1,0,176,prompt
43,1501,13,-42.02892059750219,-19.394486693235542,9.97897118788499,4.515217969364404,134.1592772005236,,,0.0,-1,-1,0,176,prompt
43,1637,6,-26.045483833128483,-1.9352563222249348,31.335277557373047,1.8736041385892577,55.66982119103056,,,0.0,-1,-1,0,176,prompt
43,1679,6,-3.513465874068038,-29.24130630493164,31.215189297993977,1.6521446255447219,49.08966306780772,,,0.0,-1,-1,0,176,prompt
43,1771,8,-24.326418696908366,22.000260857865214,23.929898500442505,3.7444228898173444,111.25688102754096,0.5495989918708801,79.74018859863281,79.74018859863281,4,6,1,176,prompt
43,1969,9,-29.74280437275099,-13.348187605539957,26.064792315165203,4.853650780212223,144.215026799402,,,0.0,-1,-1,0,176,prompt
43,2021,8,10.453392626510453,-14.06409402191639,12.108156323432922,2.4107881849144324,71.63100487421448,,,0.0,-1,-1,0,176,prompt
43,2163,8,-36.837893351097144,-6.741065628826618,40.04707860946655,2.9324615511938092,87.1313245109777,,,0.0,-1,-1,0,176,prompt
43,2337,6,-5.456289690832445,-1.8059310913085938,44.940643628438316,1.90527349445095,56.61080298208436,,,0.0,-1,-1,0,176,prompt
43,2561,7,8.68286252438875,-13.005080086844307,-15.6450548853193,3.365042417109821,99.98446619667979,,,0.0,-1,-1,0,176,prompt
43,2775,8,-13.955255286628901,-22.090326443314552,5.316232800483704,3.3174862330317514,98.57144398476939,,,0.0,-1,-1,0,176,prompt
43,3097,6,-36.77892083255016,-22.308562596638996,31.68945026397705,1.4381641460893948,42.73172716005592,,,0.0,-1,-1,0,176,prompt
43,3441,7,-24.32240789761668,4.992209298270093,22.119341169084823,3.2373655502761767,96.1908428797438,,,0.0,-1,-1,0,176,prompt
43,3501,9,-28.47000687547655,46.43999123573303,16.225875006781685,3.441637766224322,102.26032015186982,0.34294775128364563,206.7348175048828,206.7348175048828,5,7,1,176,prompt
43,3679,6,-24.16214320099645,-6.480106353759766,18.549106121063232,1.6848181202587202,50.06048052649671,,,0.0,-1,-1,0,176,prompt
43,4593,9,-6.8751509725546445,-9.659345626831055,11.793698734707302,2.5141066448918155,74.70087437023531,,,0.0,-1,-1,0,176,prompt
43,4705,6,-15.927507705476541,-35.06554985046387,-15.443628629048666,2.0583533945906116,61.159218783050946,,,0.0,-1,-1,0,176,prompt
43,4785,11,0.8788708988577405,-3.809209043329412,10.688263806429775,3.815378269429095,113.36515631054823,,,0.0,-1,-1,0,176,prompt
44,1305,6,-23.092046741143047,-3.621100584665933,21.084800084431965,1.5740548510993064,46.76940571424666,,,0.0,-1,-1,0,176,prompt
44,1767,6,-20.614012784597662,56.64435068766276,18.886274655659992,1.042870699059228,30.986495037156693,,,0.0,-1,-1,0,176,prompt
44,1853,11,33.33166709318646,2.07591831006787,29.48077310215343,2.962864683865419,88.03468340340098,,,0.0,-1,-1,0,176,prompt
44,1895,11,-29.731031149205034,-0.20658372207121414,15.227272640575062,4.139403640693486,122.9928221061779,,,0.0,-1,-1,0,176,prompt
44,1967,7,-23.992803094880667,1.6983800615583147,11.683605091912407,2.2299424725945793,66.25759207016758,,,0.0,-1,-1,0,176,prompt
44,2259,6,-15.20557147930087,41.9752000172933,-46.35859934488932,2.3275570447165883,69.15798370773244,0.42568302154541016,66.62095642089844,66.62095642089844,6,5,1,176,prompt
44,2453,8,-24.164478964395776,33.31735289096832,-14.584805965423584,2.741118415469373,81.44600500697031,,,0.0,-1,-1,0,176,prompt
44,2813,6,23.496082811696184,-11.228180885314941,6.543298244476318,1.9749576283778612,58.68130613462536,,,0.0,-1,-1,0,176,prompt
44,2933,12,6.000177263428353,-5.036746655901273,-7.437761306762695,3.855815293986979,114.56664913406951,,,0.0,-1,-1,0,176,prompt
44,2991,12,-7.338299945896016,10.378331025441488,8.972760339577993,4.738439448141417,140.79178806745114,,,0.0,-1,-1,0,176,prompt
44,3393,10,-38.2369583734285,43.514167404174806,14.568585205078126,2.9969949231951207,89.04878466500591,,,0.0,-1,-1,0,176,prompt
44,3765,6,-16.846384926713544,-6.336925188700358,24.964550177256267,2.3835061589924265,70.82038246282788,,,0.0,-1,-1,0,176,prompt
44,3855,11,-8.81131285741569,19.169492071325127,-37.791200464422054,4.887278625817534,145.214200591416,,,0.0,-1,-1,0,176,prompt
44,4327,6,-29.03791519316947,14.068712790807089,-5.568741003672282,1.5323197675686628,45.529344065315286,,,0.0,-1,-1,0,176,prompt
44,4503,7,-41.54952199376909,-13.883961813790458,43.17166246686663,2.485102406986128,73.83908040600576,,,0.0,-1,-1,0,176,prompt
44,4913,6,-47.9230310130564,-22.95056875546773,-8.401506344477335,2.235245293545368,66.4151531515392,,,0.0,-1,-1,0,176,prompt
45,31,7,48.814875396261364,-9.786471366882324,54.68818664550781,48.411577345319145,1438.4382479102162,,,0.0,-1,-1,0,176,prompt
45,111,12,29.54198878672675,-9.1751469373703,29.23217272758484,55.23088463261517,1641.0582194994686,,,0.0,-1,-1,0,176,prompt
45,117,11,26.045845745902174,-8.4044453014027,20.926773418079723,49.212132210466706,1462.2248874027673,,,0.0,-1,-1,0,176,prompt
45,151,7,48.028052387199594,-9.913157054356166,54.68818664550781,48.857447440578035,1451.686248363599,,,0.0,-1,-1,0,176,prompt
45,311,10,42.688914119757825,1.6405803680419921,30.781280708312988,50.030719581822545,1486.5473211837516,,,0.0,-1,-1,0,176,prompt
45,325,11,32.830961541965344,-16.977684887972746,47.16226300326261,56.62314111915355,1682.4259065478136,,,0.0,-1,-1,0,176,prompt
45,385,8,36.90878090279764,-8.258324801921844,42.916425704956055,48.0723868440176,1428.3599852888651,,,0.0,-1,-1,0,176,prompt
45,435,10,27.32551674934735,2.416530418395996,46.30317554473877,56.147214641226164,1668.284850077772,0.3563743829727173,90.27300262451172,161.0120849609375,5,6,2,176,prompt
45,443,15,12.041378111557218,8.371022923787434,19.622086334228516,56.83051140504158,1688.5874358153628,,,0.0,-1,-1,0,176,prompt
45,529,11,36.919331216718646,13.662262656471945,33.91225398670543,49.305735763906775,1465.0061008808593,,,0.0,-1,-1,0,176,prompt
45,567,12,37.02287572735321,-2.357871929804484,38.71834929784139,56.36722343964655,1674.8219035653558,,,0.0,-1,-1,0,176,prompt
45,595,7,47.88893295661187,-9.849814142499651,54.56150109427316,48.51489511995973,1441.5080970430367,,,0.0,-1,-1,0,176,prompt
45,597,14,19.262046548044005,-12.927881240844727,30.633647646222794,56.88839454548508,1690.3072996927406,,,0.0,-1,-1,0,176,prompt
45,603,10,29.585854329122242,7.280073928833008,46.55535888671875,47.46327970103287,1410.2617728448686,,,0.0,-1,-1,0,176,prompt
45,753,7,48.846804445904446,-9.976499829973493,54.37147194998605,47.446761870565865,1409.770983648996,,,0.0,-1,-1,0,176,prompt
45,755,8,37.88860361371983,-3.22504186630249,48.65527391433716,46.70976313012343,1387.8727676633407,,,0.0,-1,-1,0,176,prompt
45,905,10,38.366794137524586,-7.493459796905517,45.60016059875488,55.211457330732976,1640.480982077897,,,0.0,-1,-1,0,176,prompt
45,961,8,42.00012264656911,-1.4237296581268302,50.061683177948,47.60677587925681,1414.5254304760574,,,0.0,-1,-1,0,176,prompt
45,989,9,41.265267838610406,-12.68616665734185,42.33818901909722,54.59706622579523,1622.2257689041055,,,0.0,-1,-1,0,176,prompt
45,1023,9,30.799399320489858,-8.387650065951878,51.18057547675239,47.69172846888715,1417.0496005379346,,,0.0,-1,-1,0,176,prompt
45,1039,11,28.854408955951783,0.8288558613170278,43.62514027682218,47.878468493378904,1422.5981492193503,0.34118375182151794,209.73606872558594,209.73606872558594,4,7,1,176,prompt
45,1083,10,33.11318011019822,-11.694674682617187,54.456193161010745,53.558956197756316,1591.3807262148555,,,0.0,-1,-1,0,176,prompt
45,1101,14,18.085265034863447,-3.5669943434851517,51.79420934404646,55.16548204235055,1639.1149325316019,,,0.0,-1,-1,0,176,prompt
45,1141,8,36.64137511203679,-12.027224779129028,42.63930082321167,48.450473997414576,1439.5939721224358,,,0.0,-1,-1,0,176,prompt
45,1233,8,38.76930193580937,-15.570961117744446,51.52351784706116,47.86761139135108,1422.2755554995283,,,0.0,-1,-1,0,176,prompt
45,1295,9,29.13495983015396,-14.204195764329699,42.53833558824327,47.77150160428512,1419.419875075648,,,0.0,-1,-1,0,176,prompt
45,1335,14,30.393810877290395,-25.780542986733572,8.868000439235143,50.6664819680568,1505.437532639141,,,0.0,-1,-1,0,176,prompt
45,1355,7,48.36102676204893,-9.913156918116979,54.434814998081755,47.82258353211663,1420.9376566229364,,,0.0,-1,-1,0,176,prompt
45,1357,12,29.224028667364355,4.821974992752075,35.04025065898895,49.362527238706605,1466.6935284340789,,,0.0,-1,-1,0,176,prompt
45,1365,8,35.4939248904884,-10.021532535552979,48.939327359199524,47.6883565547284,1416.9494118938005,,,0.0,-1,-1,0,176,prompt
45,1373,8,40.559324281424864,-5.487074851989746,47.1841504573822,48.213346793479545,1432.5482847380497,,,0.0,-1,-1,0,176,prompt
45,1431,9,35.58073452871538,-4.015233463711208,38.64318985409207,49.582493501133904,1473.2293180628353,,,0.0,-1,-1,0,176,prompt
45,1521,12,19.570436694809967,-11.133496761322021,26.49713706970215,48.36529531131648,1437.063084126032,,,0.0,-1,-1,0,176,prompt
45,1541,8,49.13986750869991,-9.865649819374084,54.561501026153564,54.567886981829304,1621.358775038851,,,0.0,-1,-1,0,176,prompt
45,1563,10,43.570155889907,1.108500003814697,37.25958070755005,54.79101545876365,1627.9885225707467,,,0.0,-1,-1,0,176,prompt
45,1577,10,23.095228763081884,-17.167893600463866,43.263114261627194,48.3336755800938,1436.1235768165527,,,0.0,-1,-1,0,176,prompt
45,1657,11,12.286917848287265,-6.351201317527077,44.26584902676669,49.744439082439726,1478.0411571105233,,,0.0,-1,-1,0,176,prompt
45,1667,11,22.3849226477292,-5.90780106457797,47.05141327597878,48.50514106465728,1441.2182778099386,,,0.0,-1,-1,0,176,prompt
45,1677,8,49.55694071966271,-2.6603997945785522,43.30440092086792,48.080315375920094,1428.5955633089113,,,0.0,-1,-1,0,176,prompt
45,1697,7,49.57889194129233,-9.849814142499651,54.49815804617746,48.41378268571679,1438.5037745084308,,,0.0,-1,-1,0,176,prompt
45,1783,7,48.386113872482774,-9.976499829973493,54.30812890189035,46.94125687782039,1394.7510699021664,,,0.0,-1,-1,0,176,prompt
45,1793,8,36.795033663444144,-15.300764083862305,52.21633005142212,47.811900819791475,1420.6202444904968,,,0.0,-1,-1,0,176,prompt
45,1799,8,38.35955709595534,-3.0310544967651367,54.48182725906372,47.292238331614875,1405.1796734538316,,,0.0,-1,-1,0,176,prompt
45,1849,12,24.73779791338117,-22.126121600468952,29.837228775024414,55.704674878131556,1655.135802755562,,,0.0,-1,-1,0,176,prompt
45,1895,7,50.01677605068322,-9.976499829973493,54.62484359741211,47.67840006669979,1416.6535778396226,,,0.0,-1,-1,0,176,prompt
45,1939,8,41.19391414308119,-3.1765451431274414,49.99240207672119,48.03101009756465,1427.130570798867,,,0.0,-1,-1,0,176,prompt
45,1981,18,46.49094898770219,-15.420466581980387,44.730211867226494,104.06134948741258,3091.942742624134,,,0.0,-1,-1,0,176,prompt
45,2031,7,48.641546269627455,-9.976499829973493,54.37147194998605,47.90985213105125,1423.5306415540756,,,0.0,-1,-1,0,176,prompt
45,2095,15,13.186518721097343,-4.73329512278239,40.05921360651652,50.10929584604037,1488.8820334576894,,,0.0,-1,-1,0,176,prompt
45,2189,10,30.512035903727302,-2.571719741821289,28.29824047088623,49.858548727413734,1481.4316617539735,,,0.0,-1,-1,0,176,prompt
45,2227,9,38.848721845570694,-3.276233355204264,41.64845614963107,54.458981435547045,1618.1228981727754,,,0.0,-1,-1,0,176,prompt
45,2383,6,-10.070435922517627,-23.089130719502766,15.594577153523764,1.4776937406448414,43.90625779613392,,,0.0,-1,-1,0,176,prompt
45,2395,6,-26.0915885085255,-6.8218936920166025,11.548551877339682,2.5684830836104164,76.3165447021491,,,0.0,-1,-1,0,176,prompt
45,2417,10,29.340762894867645,1.950960063934326,26.70200080871582,49.55637482789227,1472.4532619903914,,,0.0,-1,-1,0,176,prompt
45,2425,9,31.833545761707583,-12.29203298356798,49.573250664605034,47.85674066243001,1421.9525568880354,,,0.0,-1,-1,0,176,prompt
45,2431,9,36.00796332120828,4.095291561550564,46.32165018717448,48.600955139993104,1444.0651718424986,,,0.0,-1,-1,0,176,prompt
45,2617,10,30.780763033770814,-15.829379844665528,28.830320262908934,48.90667739773524,1453.1490028781398,,,0.0,-1,-1,0,176,prompt
45,2621,12,14.409032191176918,-15.978565533955893,42.07932861646017,49.91642190216683,1483.1512295238695,0.26559120416641235,376.1929016113281,376.1929016113281,5,3,1,176,prompt
45,2641,8,39.5715193080919,-12.8031747341156,46.02022576332092,49.43890164134712,1468.962817474917,,,0.0,-1,-1,0,176,prompt
45,2649,9,28.546627484561036,-7.500849829779731,50.01665051778158,47.203198923068086,1402.5340730035216,,,0.0,-1,-1,0,176,prompt
45,2981,8,36.09259457129625,-0.987257719039917,48.37814927101135,48.088682970071034,1428.8441870499607,,,0.0,-1,-1,0,176,prompt
45,2989,13,26.82877084001671,-7.486638435950646,19.961961892934944,57.08383405420107,1696.1143334624644,,,0.0,-1,-1,0,176,prompt
45,2999,8,48.56314904952167,-9.976499795913696,54.450650691986084,54.182111997944645,1609.8963620720424,,,0.0,-1,-1,0,176,prompt
45,3075,8,48.78266126581788,-9.865649819374084,54.506075859069824,53.87659621677057,1600.8186660109072,,,0.0,-1,-1,0,176,prompt
45,3089,10,32.213020045218784,9.558041381835938,46.078704261779784,48.37872218713983,1437.4620327410812,,,0.0,-1,-1,0,176,prompt
45,3177,13,15.06293690296837,-14.327362500704252,39.9626338665302,57.904628071536266,1720.5023326340095,,,0.0,-1,-1,0,176,prompt
45,3213,8,36.54558796310753,-2.5876548290252686,54.280911445617676,48.06135905707836,1428.0323200609787,,,0.0,-1,-1,0,176,prompt
45,3235,12,13.133636510056604,-8.299893935521444,38.8122984568278,49.27168507178141,1463.9943631807723,,,0.0,-1,-1,0,176,prompt
45,3285,10,34.28018687465301,-4.3231500625610355,44.9618905544281,56.255959936267445,1671.5159654482109,,,0.0,-1,-1,0,176,prompt
45,3463,8,36.91476759960572,-7.250282645225525,50.137892723083496,47.5758814409546,1413.60747357115,,,0.0,-1,-1,0,176,prompt
45,3469,10,45.406838492381596,-5.187779808044434,41.16616039276123,55.72882633550151,1655.8534075502976,,,0.0,-1,-1,0,176,prompt
45,3481,7,48.737333418556716,-10.03984260559082,54.49815804617746,48.07868142018101,1428.5470140866103,,,0.0,-1,-1,0,176,prompt
45,3485,8,38.104124698810665,-16.125210762023926,47.955533266067505,47.723977607153344,1418.0078092245335,0.4060693085193634,77.11297607421875,77.11297607421875,5,15,1,176,prompt
45,3507,15,11.964748392413814,-17.50690984725952,37.45423882802327,49.183185784452554,1461.3648111854186,,,0.0,-1,-1,0,176,prompt
45,3543,9,39.02255778251639,3.661129633585612,50.23527145385742,47.966886181517516,1425.225276683163,,,0.0,-1,-1,0,176,prompt
45,3605,10,22.935060401824863,-11.49237356185913,48.91646461486816,50.42807711469269,1498.3538828518138,,,0.0,-1,-1,0,176,prompt
45,3639,14,15.82117901695386,11.961902890886579,52.13665635245187,50.40722028005007,1497.734170164778,,,0.0,-1,-1,0,176,prompt
45,3653,11,21.6982306849887,-12.097765705802225,43.481539032676004,48.83116807585806,1450.9054177148812,,,0.0,-1,-1,0,176,prompt
45,3657,7,47.85244261416263,-9.913157054356166,54.68818664550781,48.60390970159423,1444.1529598189688,,,0.0,-1,-1,0,176,prompt
45,3741,9,41.7317867306177,-15.146420902676052,50.53702947828505,55.192670010825296,1639.9227602431038,,,0.0,-1,-1,0,176,prompt
45,3789,13,42.962449724058565,-4.314622805668757,38.66373084141658,57.14792152070623,1698.0185445641835,,,0.0,-1,-1,0,176,prompt
45,3795,14,12.988786995014092,-23.38341167994908,12.609906877790179,48.01142883620288,1426.5487588268218,,,0.0,-1,-1,0,176,prompt
45,3807,12,21.908484447021976,4.399359067281087,20.577369530995686,48.76444164539508,1448.9227958920098,,,0.0,-1,-1,0,176,prompt
45,3823,10,43.201375366529355,-7.612623500823974,52.22533645629883,49.263922341961845,1463.7637115868158,,,0.0,-1,-1,0,176,prompt
45,3869,7,47.770339343651834,-9.913156918116979,54.434814998081755,48.10735455191627,1429.3989699954452,,,0.0,-1,-1,0,176,prompt
45,3901,8,-35.862450635684596,10.617351531982422,36.87856388092041,3.500548836417099,104.01072658845763,,,0.0,-1,-1,0,176,prompt
45,3919,12,15.949808115585446,10.493800242741903,27.572467009226482,49.71651496381488,1477.2114563969385,,,0.0,-1,-1,0,176,prompt
45,3935,10,31.474696750466336,-11.084999465942383,33.93408012390137,48.679402130064446,1446.3960430336426,,,0.0,-1,-1,0,176,prompt
45,3995,10,22.505614684125362,-20.027823734283448,46.58861408233643,48.81386322428172,1450.3912440038232,,,0.0,-1,-1,0,176,prompt
45,4037,14,13.234723154373901,-9.511325827666692,30.768251146589005,56.77674349930798,1686.9898466361146,,,0.0,-1,-1,0,176,prompt
45,4045,11,24.795065689964925,4.340785286643288,44.68325393850153,56.07906846729034,1666.260043855516,,,0.0,-1,-1,0,176,prompt
45,4281,8,49.66869239341351,-9.921074867248535,54.395225524902344,55.888100207593595,1660.5858629271556,,,0.0,-1,-1,0,176,prompt
45,4287,7,48.84452379950136,-9.849814142499651,54.49815804617746,48.232221924030256,1433.1091156633627,,,0.0,-1,-1,0,176,prompt
45,4293,8,35.67153022912807,-4.285045385360718,54.571892738342285,46.58818558500048,1384.2603716088918,,,0.0,-1,-1,0,176,prompt
45,4309,9,38.30592800163824,-14.364312277899849,54.26282162136502,56.25368356960705,1671.4483284685848,,,0.0,-1,-1,0,176,prompt
45,4499,10,39.23047493037006,-7.307786369323731,40.90843467712402,54.25923914927148,1612.188017302144,,,0.0,-1,-1,0,176,prompt
45,4595,9,25.83917237255099,0.05542511410183377,54.79551781548394,47.76117045118649,1419.112908713943,,,0.0,-1,-1,0,176,prompt
45,4625,7,47.7429715868149,-9.849814142499651,54.49815804617746,49.30098031140208,1464.8648035890965,,,0.0,-1,-1,0,176,prompt
45,4649,12,28.261034948927577,-18.11935607592265,40.8537859916687,49.4199109079121,1468.3985516768012,,,0.0,-1,-1,0,176,prompt
45,4659,13,30.292375679389348,4.278383621802697,37.09623028681828,56.27893473908287,1672.1986086695251,,,0.0,-1,-1,0,176,prompt
45,4785,8,36.188381720225514,-15.037495255470276,52.2509708404541,48.37834583101179,1437.4508501876694,,,0.0,-1,-1,0,176,prompt
45,4919,8,-44.62390254980596,27.785244710743427,5.473373532295227,4.235858685865803,125.85876107755459,,,0.0,-1,-1,0,176,prompt
45,4971,18,47.909712179395456,-14.213433106740316,41.82088957892524,103.55916473814372,3077.0214822464154,,,0.0,-1,-1,0,176,prompt
45,4979,12,13.745809240678726,-19.80519970258077,25.281567255655926,57.542333662351396,1709.7375907323296,,,0.0,-1,-1,0,176,prompt
45,4991,11,28.520605255137706,-0.7507566105235705,38.40843460776589,48.23970743112329,1433.3315302240537,,,0.0,-1,-1,0,176,prompt
45,5055,8,47.95250597509765,-3.1592249870300293,50.016650438308716,47.56453694819502,1413.2703981610239,,,0.0,-1,-1,0,176,prompt
45,5065,7,47.45561014002714,-9.849814142499651,54.49815804617746,47.75351344490829,1418.885398450923,,,0.0,-1,-1,0,176,prompt
45,5103,13,29.84622912482538,-1.2875652313232417,26.040979238656853,58.78118456594889,1746.5471850672081,,,0.0,-1,-1,0,176,prompt
45,5119,10,38.8026256651527,-2.6604000091552735,33.85006046295166,49.16963379489084,1460.9621451044975,,,0.0,-1,-1,0,176,prompt
45,5277,11,12.657980323187179,-13.88396237113259,35.811017686670475,50.686022197640426,1506.018125446633,,,0.0,-1,-1,0,176,prompt
45,5293,10,31.08675879730285,-8.006141090393067,47.14374694824219,55.63529731802023,1653.0744087361322,,,0.0,-1,-1,0,176,prompt
45,5335,12,19.08594279348482,-21.93213415145874,49.876513163248696,55.719280866264995,1655.569785970565,,,0.0,-1,-1,0,176,prompt
45,5511,9,37.90504104500838,-3.100720829433865,53.87484656439887,53.869991262478095,1600.6224150436597,,,0.0,-1,-1,0,176,prompt
45,5575,9,31.063700898090953,-1.5518998569912381,49.72720845540365,47.393062970837235,1408.1754448238637,,,0.0,-1,-1,0,176,prompt
45,5585,15,-3.2265011402998733,-4.108839988708495,39.24203011194865,50.352080314649896,1496.0958134003558,,,0.0,-1,-1,0,176,prompt
45,5641,13,26.985318311732676,-8.876526612501879,31.212558159461388,54.638712930268454,1623.463204573396,,,0.0,-1,-1,0,176,prompt
46,17,8,48.996186785306016,-9.865649819374084,54.561501026153564,54.40837278292372,1616.6191789055981,,,0.0,-1,-1,0,176,prompt
46,111,13,27.74587769595967,-5.687457634852483,38.07963672051063,48.556202647294484,1442.735454846751,,,0.0,-1,-1,0,176,prompt
46,117,11,32.433582552268184,1.4158570549704814,39.940982125022195,48.347874729908206,1436.545471770216,,,0.0,-1,-1,0,176,prompt
46,139,14,11.048742943707913,-24.953126430511475,57.47923060825893,57.18952900780385,1699.254814979703,,,0.0,-1,-1,0,176,prompt
46,287,10,42.273836474397726,-23.27849988937378,33.04728031158447,49.21934072899357,1462.4390718877276,,,0.0,-1,-1,0,176,prompt
46,307,11,36.03257442890385,-16.64009649103338,33.86186755787242,55.412588435547725,1646.457128484908,,,0.0,-1,-1,0,176,prompt
46,309,9,41.290101543888355,-6.801879141065809,51.02969657050239,55.475621421930526,1648.33000814438,,,0.0,-1,-1,0,176,prompt
46,363,9,42.29941427982812,-15.559029261271158,53.54229651557075,55.053364990892135,1635.7836332039567,,,0.0,-1,-1,0,176,prompt
46,369,12,28.582986199495366,1.2724656065305076,32.70400150616964,50.508097344348975,1500.73149922492,,,0.0,-1,-1,0,176,prompt
46,417,8,-45.892428381816636,35.54820942878723,36.45830941200256,1.7649001527811705,52.43993322908088,,,0.0,-1,-1,0,176,prompt
46,509,12,20.265528731211386,-10.489181359608969,39.237958908081055,53.94544195472081,1602.8642581626943,,,0.0,-1,-1,0,176,prompt
46,545,11,30.06190756063575,3.9981578480113638,39.3287880637429,54.84270098342875,1629.5242386043572,,,0.0,-1,-1,0,176,prompt
46,575,9,26.422764446582953,-18.40725835164388,52.3383420308431,48.350867707199725,1436.6344011802316,,,0.0,-1,-1,0,176,prompt
46,579,18,19.223730621765906,-19.26942480934991,44.08715565999349,58.96712072607394,1752.0718487749334,,,0.0,-1,-1,0,176,prompt
46,693,8,49.42523338988498,-3.7688999176025386,50.34920024871826,48.61054239612778,1444.3500350234326,,,0.0,-1,-1,0,176,prompt
46,785,8,48.419468326127785,-9.810224890708923,54.561501026153564,56.49187384901639,1678.525602686256,,,0.0,-1,-1,0,176,prompt
46,809,9,23.969549132339196,-5.684141370985243,49.32075860765245,47.81621518255038,1420.7484358188542,,,0.0,-1,-1,0,176,prompt
46,841,13,38.058905379531886,-7.066687290485088,39.778626662034256,56.00478235848748,1664.0528036445996,,,0.0,-1,-1,0,176,prompt
46,911,9,7.30034022345007,18.785995483398438,-7.720098707411024,2.042581394360123,60.69059021067955,,,0.0,-1,-1,0,176,prompt
46,939,16,45.14409128080681,-1.3024872541427615,40.948837995529175,97.23752202853717,2889.188464572595,,,0.0,-1,-1,0,176,prompt
46,943,19,29.609621065381827,-2.472246722171181,35.14809979890522,104.29776584893901,3098.9673089675443,,,0.0,-1,-1,0,176,prompt
46,967,8,38.622971755510804,-4.582954406738281,50.137892723083496,47.140020081138516,1400.6568595832289,,,0.0,-1,-1,0,176,prompt
46,1109,7,47.74753287962107,-9.976499829973493,54.30812890189035,47.194469969896815,1402.2747123134905,,,0.0,-1,-1,0,176,prompt
46,1209,10,25.937960407399697,-6.429299890995026,28.564280319213868,49.30231234711832,1464.9043819549934,,,0.0,-1,-1,0,176,prompt
46,1217,12,18.35802725790651,-19.11931562423706,45.090753396352135,48.19442836808895,1431.9861674065287,,,0.0,-1,-1,0,176,prompt
46,1253,15,11.608018019342012,0.7168299039204916,27.89955717722575,50.145187932087595,1489.9484839267448,,,0.0,-1,-1,0,176,prompt
46,1255,17,23.377159189564136,15.404889836030847,24.282484222860898,58.07182820273774,1725.4702985001136,,,0.0,-1,-1,0,176,prompt
46,1261,9,42.01737434131419,-11.900979148017036,51.23907979329427,54.87924903451859,1630.6101795601585,,,0.0,-1,-1,0,176,prompt
46,1301,9,23.437398304954435,-20.913699891832138,35.189345041910805,49.43029719295125,1468.7071561568296,,,0.0,-1,-1,0,176,prompt
46,1425,9,36.98561271301115,-6.035166369544135,42.88012292650011,47.593017334506236,1414.116627084595,0.2581135034561157,133.03900146484375,133.03900146484375,5,7,1,176,prompt
46,1489,11,34.01647294466033,-5.300645568154075,33.5074462890625,55.78228322464746,1657.4417555897212,,,0.0,-1,-1,0,176,prompt
46,1491,14,14.44554355291807,8.826431410653251,36.554943902151926,55.8690465071511,1660.019726209791,,,0.0,-1,-1,0,176,prompt
46,1517,9,27.81225934277006,-0.043108092414008245,51.543916914198135,47.782804441659735,1419.7557127921843,,,0.0,-1,-1,0,176,prompt
46,1549,12,33.69427230206152,-4.960537592569987,26.82349395751953,49.601630584762084,1473.7979323190466,,,0.0,-1,-1,0,176,prompt
46,1557,13,46.37576025936927,-22.050623233501728,33.99097706721379,57.51835370216433,1709.0250815804307,,,0.0,-1,-1,0,176,prompt
46,1587,9,38.882424731305065,-1.9952996571858723,44.94932301839193,53.579839003013284,1592.0012105587346,,,0.0,-1,-1,0,176,prompt
46,1625,8,48.59707366476745,-9.976499795913696,54.395225524902344,54.81022038546296,1628.5591526271808,,,0.0,-1,-1,0,176,prompt
46,1673,9,30.961399641509452,-1.9829832712809248,54.77704196506076,49.25106750659117,1463.3817598330884,,,0.0,-1,-1,0,176,prompt
46,1709,11,30.483266045059693,-11.750099962407893,31.138484608043324,48.73140796999342,1447.941276495774,,,0.0,-1,-1,0,176,prompt
46,1721,11,27.76903866350102,-4.338265679099343,37.9305666143244,51.22178910213186,1521.937202032132,,,0.0,-1,-1,0,176,prompt
46,1779,11,24.900060967341368,4.486905704845082,43.92826045643199,48.23804100419256,1433.2820161952625,,,0.0,-1,-1,0,176,prompt
46,1955,14,20.91132754964164,9.275769914899554,35.97100217001779,51.332187523584416,1525.2174362371352,,,0.0,-1,-1,0,176,prompt
46,2085,12,23.24108634208615,-19.567334175109863,42.76825785636902,50.434282723743756,1498.538268197223,0.5241172313690186,105.62030029296875,105.62030029296875,1,9,1,176,prompt
46,2091,14,14.452791175107327,-7.991097160748073,47.66702624729702,49.322441227054796,1465.5024651486415,,,0.0,-1,-1,0,176,prompt
46,2131,7,48.25839767391044,-10.03984260559082,54.49815804617746,47.698782673784024,1417.2591999496597,,,0.0,-1,-1,0,176,prompt
46,2147,12,12.78996329885878,7.570131540298462,33.85323158899943,48.12632389216197,1429.962600144333,0.4224989116191864,290.1007995605469,383.9168395996094,7,14,2,176,prompt
46,2155,8,41.24978997995659,-4.146482467651366,53.7543740272522,47.07393081243491,1398.6931695509547,,,0.0,-1,-1,0,176,prompt
46,2331,8,43.43987825610711,-9.643949925899506,53.00960063934326,49.02364201271986,1456.6243363638857,,,0.0,-1,-1,0,176,prompt
46,2495,7,49.40784346106152,-9.976499829973493,54.37147194998605,49.206837540104324,1462.0675684973119,,,0.0,-1,-1,0,176,prompt
46,2521,8,38.98083188969481,-9.238654553890228,55.687320709228516,47.76317977014516,1419.1726109876738,,,0.0,-1,-1,0,176,prompt
46,2539,11,20.57733574929352,-8.134878331964666,42.154660658402875,48.81754151205513,1450.5005358325598,,,0.0,-1,-1,0,176,prompt
46,2541,9,39.033782035776966,-10.222833262549507,40.86018922593858,48.43876434685715,1439.246046891425,,,0.0,-1,-1,0,176,prompt
46,2563,7,49.45117574272,-9.849814142499651,54.49815804617746,48.54416135363022,1442.37767560652,,,0.0,-1,-1,0,176,prompt
46,2591,14,-1.5603551585614603,-6.082893558910913,39.816470759255544,49.07250762715499,1458.0762652756362,,,0.0,-1,-1,0,176,prompt
46,2627,7,48.096471779291925,-9.976499829973493,54.37147194998605,48.07074179324031,1428.31110640312,,,0.0,-1,-1,0,176,prompt
46,2673,14,27.703788444860418,-9.750840766089302,25.806995255606516,51.17787403472479,1520.632367195471,,,0.0,-1,-1,0,176,prompt
46,2717,10,29.60684734634582,0.9283688306808473,44.52214431762695,49.663684121785685,1475.641709902169,,,0.0,-1,-1,0,176,prompt
46,2781,8,38.060222255551416,-5.875049948692322,46.35277581214905,48.68100057397642,1446.4435371039915,,,0.0,-1,-1,0,176,prompt
46,2817,10,32.207468439775155,1.0309054374694826,41.29275560379028,49.65481289951437,1475.3781220143014,,,0.0,-1,-1,0,176,prompt
46,2939,7,48.753297943378264,-9.976499829973493,54.37147194998605,47.132973633302385,1400.4474906546543,,,0.0,-1,-1,0,176,prompt
46,2971,7,48.137523414547324,-9.913156918116979,54.434814998081755,45.23010571053723,1343.9081636812161,,,0.0,-1,-1,0,176,prompt
46,2975,12,20.630052047969947,4.110687732696533,41.413390239079796,57.094432235705405,1696.4292339567287,,,0.0,-1,-1,0,176,prompt
46,2981,8,47.230111226922844,-15.29729962348938,43.85865068435669,47.95528205418913,1424.8804868312704,,,0.0,-1,-1,0,176,prompt
46,3009,10,24.4293128117639,1.626723575592041,52.61885414123535,48.00344009298487,1426.311391766551,,,0.0,-1,-1,0,176,prompt
46,3027,9,34.76095654903665,-9.570050133599175,47.53484196133084,48.200920715461,1432.1790725191233,,,0.0,-1,-1,0,176,prompt
46,3037,11,16.398508650053717,-12.190980651161887,41.721337751908735,48.24941580028788,1433.6199919990454,,,0.0,-1,-1,0,176,prompt
46,3053,11,42.76184709558608,-2.9803536155007104,28.330247012051668,48.91153735793124,1453.293405374662,,,0.0,-1,-1,0,176,prompt
46,3133,11,33.83941185118503,13.425446597012607,30.335624174638227,49.44495177278804,1469.1425831621082,,,0.0,-1,-1,0,176,prompt
46,3139,14,48.27208155232889,20.269714423588344,46.9920289175851,50.63609261703331,1504.5345832365724,,,0.0,-1,-1,0,176,prompt
46,3237,10,38.40115384413482,-15.180907249450684,52.66042289733887,48.11843422049826,1429.7281767665615,,,0.0,-1,-1,0,176,prompt
46,3241,11,30.223479686600037,-14.065353133461691,35.76647186279297,53.97831364497287,1603.8409645442023,,,0.0,-1,-1,0,176,prompt
46,3263,18,24.04491225336846,19.57426251305474,43.33485900031196,59.14393325408837,1757.3254248191818,,,0.0,-1,-1,0,176,prompt
46,3283,10,38.82976535734933,-1.7929986000061031,42.68757667541504,54.46213633941957,1618.2166388572887,,,0.0,-1,-1,0,176,prompt
46,3323,7,47.489819836073295,-9.786471366882324,54.68818664550781,47.81075491721264,1420.5861966410328,,,0.0,-1,-1,0,176,prompt
46,3375,9,38.38135601134431,2.3401667277018228,34.35181172688802,46.841077487982616,1391.774470627842,,,0.0,-1,-1,0,176,prompt
46,3381,7,48.383833226079695,-9.976499829973493,54.37147194998605,46.971968557506386,1395.6635965567473,,,0.0,-1,-1,0,176,prompt
46,3461,19,35.042147608417224,-5.683979536357679,52.106756712260996,110.86522122736648,3294.104082561788,,,0.0,-1,-1,0,176,prompt
46,3479,21,36.04204429677938,-7.899381910051618,39.516193140120734,102.85660836678815,3056.1466417374522,,,0.0,-1,-1,0,176,prompt
46,3667,10,39.27860763979026,9.311400032043457,35.525660610198976,49.673060500287264,1475.9203073411106,,,0.0,-1,-1,0,176,prompt
46,3703,11,37.831018613881284,-13.591721448031338,44.5782450762662,55.231553886075304,1641.0781048208607,,,0.0,-1,-1,0,176,prompt
46,3715,15,18.886202824415875,-2.4313098907470705,18.578248723347983,57.43094033997228,1706.4277953433264,,,0.0,-1,-1,0,176,prompt
46,3959,12,17.26110138308974,-7.639412085215251,32.83175261815389,56.145869620294455,1668.2448858861776,,,0.0,-1,-1,0,176,prompt
46,3975,12,22.12779738418855,-13.096465428670248,32.07732264200846,47.52531088806887,1412.1048863497108,,,0.0,-1,-1,0,176,prompt
46,3985,10,25.887424154369732,-8.898483276367188,37.36765899658203,47.08229202689833,1398.941603734319,,,0.0,-1,-1,0,176,prompt
46,4043,14,8.21618011108559,10.03192526953561,44.838371821812224,49.018035066706716,1456.4577389084518,,,0.0,-1,-1,0,176,prompt
46,4159,9,39.430540083511374,-13.326633135477701,45.983922746446396,54.89244241042778,1631.002190264364,,,0.0,-1,-1,0,176,prompt
46,4199,9,35.20796324403985,2.4694918526543512,44.18470907211304,48.76210768382389,1448.8534476125847,0.4041634798049927,128.07028198242188,128.07028198242188,4,6,1,176,prompt
46,4223,7,49.36679182580612,-9.913156918116979,54.434814998081755,47.00128361269368,1396.5346257388833,,,0.0,-1,-1,0,176,prompt
46,4259,10,35.67441300461529,0.5154525756835937,47.256485557556154,48.19061099329964,1431.8727429282396,,,0.0,-1,-1,0,176,prompt
46,4297,8,38.09280519649649,-1.2228139638900757,55.09843063354492,47.71157999611701,1417.6394428362587,,,0.0,-1,-1,0,176,prompt
46,4315,12,35.72708846267131,-7.907299796740214,49.361523389816284,54.22074359533863,1611.0442107957685,,,0.0,-1,-1,0,176,prompt
46,4367,7,49.72257266468621,-9.849814142499651,54.49815804617746,49.36304351473106,1466.7088683841648,,,0.0,-1,-1,0,176,prompt
46,4717,14,25.49637696566266,-3.4838570867265974,22.93677180153983,56.4632642760094,1677.6755352782866,,,0.0,-1,-1,0,176,prompt
46,4749,10,35.768842836017974,-2.336163711547851,40.758786582946776,48.47059552333994,1440.1918368086222,,,0.0,-1,-1,0,176,prompt
46,4753,7,48.1808556962058,-9.976499829973493,54.561500549316406,46.965080957122474,1395.4589474134675,,,0.0,-1,-1,0,176,prompt
46,4757,8,46.264257475219495,-15.131024599075317,44.246625900268555,47.54370228599594,1412.6513442769567,,,0.0,-1,-1,0,176,prompt
46,4789,11,39.992034746542856,7.099438580599698,45.57841422341087,54.93652722285099,1632.3120686822713,,,0.0,-1,-1,0,176,prompt
46,4841,13,23.63546348106076,-0.1321671926058253,39.861085414886475,57.317069045229594,1703.0443727266954,,,0.0,-1,-1,0,176,prompt
47,21,8,43.25828178626206,-4.655699968338013,45.18885064125061,48.5704773391536,1443.1595943578604,,,0.0,-1,-1,0,176,prompt
47,99,10,27.968887099655518,-7.975657272338867,49.84483289718628,54.18162343745266,1609.8818456250142,,,0.0,-1,-1,0,176,prompt
47,111,7,49.95063730499397,-10.03984260559082,54.49815804617746,47.9212594778749,1423.8695845275972,,,0.0,-1,-1,0,176,prompt
47,143,15,11.208348762480114,-3.249752553304036,46.24707940419515,56.018866677885086,1664.4712866775485,,,0.0,-1,-1,0,176,prompt
47,293,11,34.035557505772665,2.929967099970037,36.59280846335671,56.88682217519981,1690.2605803400108,,,0.0,-1,-1,0,176,prompt
47,305,7,50.09659867479094,-9.913157054356166,54.561500549316406,46.572851950255995,1383.8047680548364,,,0.0,-1,-1,0,176,prompt
47,481,9,41.336221282261704,3.975204255845812,48.892754872639976,48.66162526809337,1445.8678446234849,,,0.0,-1,-1,0,176,prompt
47,617,14,14.266544841083942,-22.150205203465053,25.616966247558594,49.42748490292111,1468.623595451614,,,0.0,-1,-1,0,176,prompt
47,661,8,37.770865243160955,-1.9502671957015991,53.934505462646484,49.080647526265025,1458.318123584249,,,0.0,-1,-1,0,176,prompt
47,675,15,6.534173184448255,7.704075622558594,27.5866587638855,51.318612169710384,1524.814075939617,,,0.0,-1,-1,0,176,prompt
47,677,9,49.6125948270267,-5.14836671617296,43.02792273627387,55.948157734976014,1662.3703336921872,,,0.0,-1,-1,0,176,prompt
47,693,14,24.961565384140975,6.953857558114188,20.610901355743408,58.16071359482586,1728.1113227069484,,,0.0,-1,-1,0,176,prompt
47,951,10,37.72130422169266,-11.187536144256592,47.46432960033417,49.045250891410376,1457.266394303481,,,0.0,-1,-1,0,176,prompt
47,969,16,21.1540468203429,4.522333741188049,41.569533824920654,52.07952539669388,1547.422855678947,,,0.0,-1,-1,0,176,prompt
47,1001,8,48.952284342046774,-9.810224890708923,54.506075859069824,55.69925653364626,1654.9748091590839,,,0.0,-1,-1,0,176,prompt
47,1011,7,50.10572126040324,-9.849814142499651,54.49815804617746,47.7192532725017,1417.8674365279285,,,0.0,-1,-1,0,176,prompt
47,1059,10,27.157366125679555,-11.68913230895996,45.737840461730954,48.859910351337405,1451.7594280704323,,,0.0,-1,-1,0,176,prompt
47,1089,12,25.7040502233438,-11.641559362411499,35.951717933019005,49.260382244187966,1463.6585257548616,,,0.0,-1,-1,0,176,prompt
47,1139,15,15.199320544562116,14.44375483194987,51.74960556030273,52.16472459614871,1549.9543531823842,,,0.0,-1,-1,0,176,prompt
47,1161,9,42.595644907072305,-15.565187242296007,54.293613009982636,55.619839946877974,1652.6151286407007,,,0.0,-1,-1,0,176,prompt
47,1197,11,31.87675106126304,-9.366824756969105,43.51177096366882,50.18460168231876,1491.119572516189,,,0.0,-1,-1,0,176,prompt
47,1249,7,48.5161107174582,-9.976499829973493,54.62484359741211,48.24780018475552,1433.5719877136432,,,0.0,-1,-1,0,176,prompt
47,1317,7,47.83875873574417,-9.849814142499651,54.49815804617746,47.375228207740754,1407.6455260154469,,,0.0,-1,-1,0,176,prompt
47,1349,10,33.6101999451898,1.9537313461303711,34.79593906402588,49.544964599583295,1472.1142334001854,,,0.0,-1,-1,0,176,prompt
47,1363,11,24.769917685202913,-11.750100049105557,31.491991476579145,56.97754042994971,1692.9560638291175,,,0.0,-1,-1,0,176,prompt
47,1377,12,17.246031307802,4.265415509541829,33.978776613871254,49.11723622862275,1459.405272398619,,,0.0,-1,-1,0,176,prompt
47,1389,10,34.362129064284474,-11.495144939422607,45.57156562805176,56.5278019902008,1679.593124450468,,,0.0,-1,-1,0,176,prompt
47,1439,9,36.33164843204078,-4.744995541042751,49.34231313069662,55.80421296277177,1658.0933471265896,,,0.0,-1,-1,0,176,prompt
47,1515,9,34.82836232050539,4.095291561550564,46.802000257703995,47.8279047068558,1421.095763044754,,,0.0,-1,-1,0,176,prompt
47,1539,8,45.35562123469225,-10.475324869155884,50.07207536697388,48.02537824483959,1426.9632332979932,,,0.0,-1,-1,0,176,prompt
47,1565,13,19.822582079419615,-16.122279772391686,45.052528821505035,57.50016956538302,1708.4847819396048,,,0.0,-1,-1,0,176,prompt
47,1637,9,47.682661159711294,-14.903166559007433,48.79730076260037,55.755426747349055,1656.6437773731761,,,0.0,-1,-1,0,176,prompt
47,1645,10,34.72879002213836,-16.10650477409363,43.22154567241669,49.160135778663,1460.679933481357,,,0.0,-1,-1,0,176,prompt
47,1651,9,44.446602892499065,-2.6357665591769748,44.11178970336914,54.84059723631373,1629.461730615977,,,0.0,-1,-1,0,176,prompt
47,1819,10,30.581206473501528,-7.088857340812683,50.60969791412354,54.46489596769802,1618.2986348401387,,,0.0,-1,-1,0,176,prompt
47,1865,9,34.766278057310494,5.265375243292914,46.937483893500435,48.19873355561422,1432.1140861140027,,,0.0,-1,-1,0,176,prompt
47,1901,13,22.385134433531036,17.01760695530818,42.651520655705376,59.21954731333763,1759.5721220116338,0.21831153333187103,125.38143920898438,125.38143920898438,4,7,1,176,prompt
47,1925,7,49.77274688555392,-9.786471366882324,54.62484359741211,48.58440897464845,1443.573540741156,,,0.0,-1,-1,0,176,prompt
47,1969,10,32.883290952768014,-14.49917984008789,48.6365683555603,54.501656753213986,1619.3908967082496,,,0.0,-1,-1,0,176,prompt
47,2071,10,32.28462127196015,0.22170019149780273,38.94450073242187,54.194886552657955,1610.275928471389,,,0.0,-1,-1,0,176,prompt
47,2187,9,33.23368367444239,3.4178751839531794,48.11372587415907,48.18460419294369,1431.694264724195,,,0.0,-1,-1,0,176,prompt
47,2203,9,41.98544529167111,-2.68811215294732,50.62940470377604,55.368520210481826,1645.1477429220258,,,0.0,-1,-1,0,176,prompt
47,2377,12,28.25930601359983,-10.096587737401327,54.49221992492676,57.349187647151304,1703.998702827201,,,0.0,-1,-1,0,176,prompt
47,2379,9,35.88734246700107,4.994408713446723,46.771209081014,48.321528235026456,1435.7626465037315,,,0.0,-1,-1,0,176,prompt
47,2397,7,49.37591441141843,-10.03984260559082,54.49815804617746,48.07718400661176,1428.5025218996361,,,0.0,-1,-1,0,176,prompt
47,2425,15,29.717185976414125,-8.090202331542969,29.76486126581828,57.822899213857674,1718.0739483241089,,,0.0,-1,-1,0,176,prompt
47,2433,9,-18.798000109984166,26.687137285868328,24.617584705352783,2.411636293861097,71.65620447344618,,,0.0,-1,-1,0,176,prompt
47,2551,7,48.085068547276535,-9.976499829973493,54.561500549316406,48.29362738219489,1434.933637079478,,,0.0,-1,-1,0,176,prompt
47,2563,11,16.81503761585215,-15.098273624073375,32.07234928824685,47.7437723800525,1418.5959651989554,,,0.0,-1,-1,0,176,prompt
47,2573,10,33.07007589318006,-4.550392436981201,49.994480514526366,55.68052141294973,1654.4181383033326,,,0.0,-1,-1,0,176,prompt
47,2579,10,48.12612018253193,-12.060479736328125,45.383120727539065,55.716976104386,1655.5013052925772,,,0.0,-1,-1,0,176,prompt
47,2805,13,13.352734412113367,-7.979068242586576,39.03252029418945,50.52003663667386,1501.0862477308533,,,0.0,-1,-1,0,176,prompt
47,2819,12,14.736940156682847,2.8613154888153076,41.082414309183754,57.512620013806654,1708.8547182688521,,,0.0,-1,-1,0,176,prompt
47,2847,13,41.89979240859315,17.70402402144212,41.48759570488563,49.91143043729551,1483.0029196695386,,,0.0,-1,-1,0,176,prompt
47,2851,9,39.91892624532696,-8.5970332092709,48.200922860039604,55.380969190783155,1645.517635629409,,,0.0,-1,-1,0,176,prompt
47,2893,10,34.678465790706596,-12.016139888763428,37.397260665893555,50.333337896504325,1495.5389257177544,,,0.0,-1,-1,0,176,prompt
47,2897,14,26.510295102513187,1.2450830595833915,34.64800105776106,50.74901739925339,1507.8898824189073,,,0.0,-1,-1,0,176,prompt
47,2901,11,18.659165687142263,-3.0030272006988525,52.46542809226296,49.814037934227464,1480.1091263011983,,,0.0,-1,-1,0,176,prompt
47,2947,9,26.976201307063103,0.4711125691731769,39.982627073923744,49.167262151104126,1460.8916771850388,,,0.0,-1,-1,0,176,prompt
47,2959,9,32.849953842012475,-4.086053848266601,41.58379364013672,48.57942722474924,1443.4255195447918,,,0.0,-1,-1,0,176,prompt
47,3035,9,37.66379933659396,-1.271695560879178,36.40463564130995,50.03487516599509,1486.670794773004,,,0.0,-1,-1,0,176,prompt
47,3067,14,22.658505535889056,-19.107768365315028,33.46095289502825,56.91388272702966,1691.0646221600898,,,0.0,-1,-1,0,176,prompt
47,3089,11,36.106849933154656,-1.4108180132779204,40.751400687477805,56.231584391065674,1670.7917024009278,,,0.0,-1,-1,0,176,prompt
47,3133,7,48.68715919768901,-9.976499829973493,54.37147194998605,48.2374718017646,1433.2651036592936,,,0.0,-1,-1,0,176,prompt
47,3251,17,45.79360437416261,-7.029194158666274,41.042618471033435,99.02358900778916,2942.257321180176,,,0.0,-1,-1,0,176,prompt
47,3293,10,38.22737965853557,-8.48279619216919,41.24564447402954,48.78253132325133,1449.460288903964,,,0.0,-1,-1,0,176,prompt
47,3333,16,3.3940682258763006,-27.459623396396637,26.770430266857147,58.27670501745121,1731.5577400286502,,,0.0,-1,-1,0,176,prompt
47,3335,10,32.7539783017135,-23.954685020446778,53.84651832580566,50.740307294077326,1507.6310817535377,,,0.0,-1,-1,0,176,prompt
47,3343,12,27.83467908035547,-8.97885004679362,16.077133814493816,49.5902501973369,1473.4597903818062,,,0.0,-1,-1,0,176,prompt
47,3345,9,40.68699727285229,-2.386353916592068,50.58013788859049,56.5175122772978,1679.2873893884987,,,0.0,-1,-1,0,176,prompt
47,3347,12,27.79500441670663,-0.14779977997144048,25.798867384592693,48.96851410786509,1454.9863379507246,,,0.0,-1,-1,0,176,prompt
47,3367,8,40.467528263701,-2.0507249832153316,44.135775566101074,47.79802098011003,1420.20783710021,,,0.0,-1,-1,0,176,prompt
47,3411,10,24.014785392802757,-2.3694185256958002,30.378566932678222,49.8458158327305,1481.053333186236,,,0.0,-1,-1,0,176,prompt
47,3445,7,49.71116943267083,-9.976499829973493,54.37147194998605,47.31037014584317,1405.7184184507967,,,0.0,-1,-1,0,176,prompt
47,3515,20,3.848532686318927,-8.29573655128479,29.9083984375,52.58579476768733,1562.4654811606147,,,0.0,-1,-1,0,176,prompt
47,3531,12,37.827058683368506,-1.9953000545501707,25.05986698468526,57.24018531465512,1700.7599501822397,,,0.0,-1,-1,0,176,prompt
47,3539,8,49.03210696615449,-10.641599893569946,42.47302532196045,47.98244250078923,1425.6874967938097,,,0.0,-1,-1,0,176,prompt
47,3541,10,48.39432419953385,-14.011439895629882,44.80204048156738,55.01586850128605,1634.669511587406,,,0.0,-1,-1,0,176,prompt
47,3689,13,28.13126392773692,2.127467522254357,29.800673484802246,50.8963739537359,1512.2682422177627,,,0.0,-1,-1,0,176,prompt
47,3715,9,43.44380426421154,-21.307833247714573,45.93983395894369,49.57056161600657,1472.8747896446762,,,0.0,-1,-1,0,176,prompt
47,3719,15,23.382510498217805,3.99429505666097,30.530985514322918,59.4403648276048,1766.1332046234372,,,0.0,-1,-1,0,176,prompt
47,3751,9,33.062814172966384,-1.2070331573486337,35.731278313530815,50.118451448192744,1489.1540710371448,,,0.0,-1,-1,0,176,prompt
47,3817,13,18.180747454686955,5.661877045264611,35.08804468008188,50.969069302570716,1514.4282166689832,0.5697301030158997,57.647857666015625,57.647857666015625,7,15,1,176,prompt
47,3835,9,37.305484446154885,-12.242766486273872,44.50592295328776,56.76447326024335,1686.6252648119018,,,0.0,-1,-1,0,176,prompt
47,3861,27,-18.98086228042197,16.1543348453663,12.334886727509675,51.62794567493868,1534.0052068566422,,,0.0,-1,-1,0,176,prompt
47,3939,14,35.51649698409129,-2.0922934668404713,16.95285109111241,50.00694191933082,1485.840822840803,,,0.0,-1,-1,0,176,prompt
47,4003,9,38.98175955241689,3.0299000210232205,42.92938947677612,47.93116292505008,1424.163842595277,,,0.0,-1,-1,0,176,prompt
47,4005,12,7.794855928783465,-21.061500025292236,19.919933716456097,49.93066955156312,1483.574565530632,,,0.0,-1,-1,0,176,prompt
47,4213,19,5.061930390118234,6.680171163458573,25.41948870608681,59.36795937621284,1763.9818438054142,,,0.0,-1,-1,0,176,prompt
47,4247,11,41.67480808728285,-4.04350571198897,45.71193807775324,55.852572068722296,1659.5302263081498,,,0.0,-1,-1,0,176,prompt
47,4433,9,25.064006000660527,-20.845957967970108,53.29904259575738,49.482394221105864,1470.2550990665497,,,0.0,-1,-1,0,176,prompt
47,4499,10,20.496204122134706,3.1924799919128417,33.042620515823366,47.87389110224466,1422.4621426101012,,,0.0,-1,-1,0,176,prompt
47,4565,9,39.3666819842252,-15.269587410820854,53.5053465101454,53.60367057943385,1592.7093108296024,,,0.0,-1,-1,0,176,prompt
47,4573,8,34.953126612158634,-12.771998167037964,51.627439975738525,49.90514257144764,1482.8160902533273,,,0.0,-1,-1,0,176,prompt
47,4671,8,43.04276070117123,-12.082649827003479,50.40462589263916,49.565747014622715,1472.731734880532,,,0.0,-1,-1,0,176,prompt
47,4835,13,43.10532565815769,3.3937154549818773,8.73336205115685,51.23312404449907,1522.2739936743983,,,0.0,-1,-1,0,176,prompt
47,4873,8,48.662927329656306,-9.865649819374084,54.506075859069824,54.991402183311834,1633.9425514367663,,,0.0,-1,-1,0,176,prompt
47,4875,10,36.08972978493098,-9.053673648834229,50.828626823425296,56.74568611312297,1686.0670481110842,,,0.0,-1,-1,0,176,prompt
47,4913,8,47.535432764134846,-15.740699887275696,55.33745098114014,48.28472268202184,1434.6690544730545,,,0.0,-1,-1,0,176,prompt
47,4977,10,32.09623987906595,-0.4932825088500973,50.7538028717041,48.44972243399133,1439.5716411505277,,,0.0,-1,-1,0,176,prompt
47,4987,9,28.698596151698453,-10.561541451348198,53.957984076605904,49.31392582364312,1465.2494495966716,,,0.0,-1,-1,0,176,prompt
47,5019,11,33.66525339858638,-2.4815283688631924,41.635681108994916,57.47899457765697,1707.8556160682492,,,0.0,-1,-1,0,176,prompt
47,5043,20,1.3986208067314716,7.095785903930664,36.83519973754883,61.18200689888422,1817.882077659075,,,0.0,-1,-1,0,176,prompt
47,5189,9,35.14672592306403,-1.8505789438883464,39.84098508622911,49.00941349059017,1456.2015686796892,,,0.0,-1,-1,0,176,prompt
47,5225,7,48.65523014804593,-9.849814142499651,54.56150109427316,48.70374991687426,1447.1194813043971,,,0.0,-1,-1,0,176,prompt
47,5427,10,35.97957456366233,0.2798960685729993,37.86560192108154,47.695645986671714,1417.1660005341168,,,0.0,-1,-1,0,176,prompt
47,5435,13,22.7102913359903,4.655700170076811,8.972115883460411,49.07532231594209,1458.1598972543768,,,0.0,-1,-1,0,176,prompt
47,5479,9,36.2084067995232,-18.06239191691081,43.291750563515556,48.752352426977765,1448.5635926783907,,,0.0,-1,-1,0,176,prompt
47,5507,12,27.63136803728581,-11.459118510286013,49.670244455337524,55.42692110740171,1646.8829907377008,,,0.0,-1,-1,0,176,prompt
47,5515,8,37.730953931107095,-13.894354343414307,55.61803913116455,49.65572554397721,1475.4052391373964,,,0.0,-1,-1,0,176,prompt
47,5525,11,31.290893161491457,5.109177502718839,41.809513959017664,54.37242366821185,1615.5510339614411,,,0.0,-1,-1,0,176,prompt
48,25,20,7.957645829662363,-8.34284815788269,11.386122226715088,112.39409126582575,3339.530925891369,,,0.0,-1,-1,0,176,prompt
48,143,16,9.591175772648269,-20.35136717557907,19.037936568260193,96.58540611152264,2869.812345707189,,,0.0,-1,-1,0,176,prompt
48,153,19,3.5428176894618515,-24.254271607649954,19.789410540932103,98.85393511472786,2937.2164474456654,,,0.0,-1,-1,0,176,prompt
48,183,18,12.405583196788244,-13.948625008265177,20.626357369952732,106.39184920994212,3161.1881612090083,,,0.0,-1,-1,0,176,prompt
48,357,14,15.687761202373823,-20.99815709250314,17.76767213003976,96.96035465034157,2880.9530758550222,,,0.0,-1,-1,0,176,prompt
48,381,15,13.688042090209686,-19.67772250175476,20.36654624938965,97.150303242478,2886.5969597160424,,,0.0,-1,-1,0,176,prompt
48,421,19,15.871102973583863,-12.030142206894723,18.696489836040296,104.9527630395645,3118.4290382260015,,,0.0,-1,-1,0,176,prompt
48,443,19,15.107364368431012,-12.530425523456774,16.096355086878727,110.93847035301586,3296.2805112124906,,,0.0,-1,-1,0,176,prompt
48,505,18,8.403094885388855,-9.888743930392796,19.540951093037922,98.8390256749349,2936.773447865211,,,0.0,-1,-1,0,176,prompt
48,513,16,8.15005046185303,-16.37635549902916,13.830270171165466,97.70195078011747,2902.987892650245,,,0.0,-1,-1,0,176,prompt
48,659,25,20.36336023122349,-18.933179931640623,28.37490348815918,159.1696733054115,4729.3593504863375,,,0.0,-1,-1,0,176,prompt
48,683,20,15.869876352817197,-23.443389320373534,23.703004598617554,98.70282008309029,2932.726413175739,,,0.0,-1,-1,0,176,prompt
48,685,16,8.606364147719344,-21.139441430568695,13.760988712310791,98.02231807015511,2912.506867008019,,,0.0,-1,-1,0,176,prompt
48,691,15,14.073319289236254,-21.770940017700195,15.280967203776042,102.82448551785725,3055.192185446874,,,0.0,-1,-1,0,176,prompt
48,837,18,9.105243359180301,-11.074223068025377,9.821492671966553,99.77043421644439,2964.448102235196,,,0.0,-1,-1,0,176,prompt
48,847,19,19.14635127644566,-15.88072099183735,11.739658205132736,101.58713684076646,3018.427226304295,,,0.0,-1,-1,0,176,prompt
48,975,18,10.500788916083556,-10.045781188540989,5.676934480667114,97.73650468894365,2904.0145822727677,0.2140391319990158,171.20556640625,217.05825805664062,5,5,2,176,prompt
48,993,22,6.69480783576596,-8.571980183774775,17.5752215385437,111.67328104450371,3318.113714375239,,,0.0,-1,-1,0,176,prompt
48,1073,17,11.495939294625801,-11.174658046049231,12.379596710205078,98.35159768940603,2922.2906506515337,,,0.0,-1,-1,0,176,prompt
48,1089,21,2.9558067060901547,-6.573141098022461,2.581852231706892,104.8490066294767,3115.346156053591,,,0.0,-1,-1,0,176,prompt
48,1155,17,10.741990936852673,-14.470815406126135,17.57598652559168,103.4487040930825,3073.7393992105426,,,0.0,-1,-1,0,176,prompt
48,1181,20,0.67147267935411,-25.246087408065797,14.523680353164673,106.76333019436758,3172.225860983949,,,0.0,-1,-1,0,176,prompt
48,1265,16,15.09607600117539,-16.572075128555298,17.98541283607483,104.14855707343747,3094.533914697527,,,0.0,-1,-1,0,176,prompt
48,1301,20,11.701574900156269,-15.477431344985963,19.603381538391112,105.18297391035672,3125.2692227395155,,,0.0,-1,-1,0,176,prompt
48,1361,16,11.469329950433245,-18.799467265605927,23.322981595993042,99.1820703495648,2946.9662283484786,,,0.0,-1,-1,0,176,prompt
48,1427,22,0.5094338570921622,-12.921583034775473,6.281061692671343,107.55101164244185,3195.6299966103784,,,0.0,-1,-1,0,176,prompt
48,1461,17,7.564294402636964,-12.513008790857652,15.71598866406609,95.94178421663801,2850.6886070983287,,,0.0,-1,-1,0,176,prompt
48,1511,18,12.797600972961687,-19.509600030051338,11.69824488957723,105.16210068756445,3124.6490231164503,,,0.0,-1,-1,0,176,prompt
48,1515,15,17.720473665835815,-20.292939949035645,20.279713948567707,104.1026447168128,3093.1697350231166,,,0.0,-1,-1,0,176,prompt
48,1519,15,16.997812842247306,-20.174700037638345,20.25015385945638,104.41077701529964,3102.325174855172,,,0.0,-1,-1,0,176,prompt
48,1535,11,-24.15161441199549,-9.074583920565518,0.2614952434193011,49.15521897488067,1460.5338420089079,,,0.0,-1,-1,0,176,prompt
48,1585,12,-16.559519371200288,-27.42382828394572,-12.469992558161417,49.5837243361,1473.2658894820945,,,0.0,-1,-1,0,176,prompt
48,1599,15,17.627879421870865,-20.2042599995931,20.25015385945638,103.41748703355562,3072.8118563608145,,,0.0,-1,-1,0,176,prompt
48,1677,15,13.045203890728892,-21.711819966634113,15.369647216796874,104.18721020545684,3095.6824032729264,,,0.0,-1,-1,0,176,prompt
48,1685,25,-1.0068539016391347,-11.543918986320495,-2.826900615692139,98.88458107802388,2938.1270214894444,,,0.0,-1,-1,0,176,prompt
48,1707,14,15.943193599518509,-20.934814316885813,17.8943578175136,97.52691324999941,2897.7870565703624,,,0.0,-1,-1,0,176,prompt
48,1733,17,19.242124201922223,-15.686905243817497,17.021736481610468,104.01994397136951,3090.7124733121886,,,0.0,-1,-1,0,176,prompt
48,1783,17,11.212782587794369,-14.69740592732149,12.6458298739265,106.037247500589,3150.6519901218826,,,0.0,-1,-1,0,176,prompt
48,1797,16,20.117722408199842,-21.006075024604797,16.461225628852844,105.53635540188257,3135.7691378711493,,,0.0,-1,-1,0,176,prompt
48,1817,16,10.384740045369675,-18.851428151130676,19.46401607990265,95.64498198617503,2841.869814078681,,,0.0,-1,-1,0,176,prompt
48,1819,24,-8.628854044636645,-17.49582502245903,25.29043674468994,102.89043501931764,3057.1517226182123,,,0.0,-1,-1,0,176,prompt
48,1899,18,10.457778315806918,-20.11003753874037,17.13507260216607,111.60269534278262,3316.016423217239,,,0.0,-1,-1,0,176,prompt
48,1915,19,16.17642261597935,-16.044078927291068,11.853889666105571,111.861870929955,3323.717227404099,,,0.0,-1,-1,0,176,prompt
48,1927,27,23.924550033409023,-12.808307047243472,25.527200910780167,159.98803573408114,4753.67510061475,,,0.0,-1,-1,0,176,prompt
48,1981,19,10.760411243072443,-16.345999366358708,23.904516722026624,102.20487667949784,3036.7819393711893,,,0.0,-1,-1,0,176,prompt
48,2025,18,-1.3888887466239817,-11.673120922512478,16.595728238423664,98.18015880269184,2917.1967399518294,,,0.0,-1,-1,0,176,prompt
48,2065,19,5.8027687160913555,-10.136940956115723,14.327595459787469,104.52971171007373,3105.859044713331,,,0.0,-1,-1,0,176,prompt
48,2111,18,18.295723727668694,-15.446639531188541,15.813060998916626,105.45735968367451,3133.4219624903285,,,0.0,-1,-1,0,176,prompt
48,2173,7,-17.652264472959974,-5.637514114379883,4.618178606033325,1.4721532927602836,43.7416361790597,,,0.0,-1,-1,0,176,prompt
48,2293,19,2.908437887342649,-10.797665144267835,21.955890253970498,98.30442646009398,2920.889066481709,,,0.0,-1,-1,0,176,prompt
48,2409,16,12.57302718806963,-22.452320963144302,20.73359501361847,96.4114310204082,2864.6430775493336,,,0.0,-1,-1,0,176,prompt
48,2439,15,12.493546891530553,-23.2507874806722,20.085726420084637,97.00108594551654,2882.1633122505173,,,0.0,-1,-1,0,176,prompt
48,2569,24,-7.908813744498846,-8.162485917409262,11.142786383628845,112.1069979295637,3331.000610246958,,,0.0,-1,-1,0,176,prompt
48,2573,33,10.8401753053726,-19.94124311389345,17.039962826353133,206.53648371386882,6136.754761031137,,,0.0,-1,-1,0,176,prompt
48,2605,21,10.407868393320557,-16.944214457557315,4.158405213128953,105.3584205164973,3130.4822135689296,,,0.0,-1,-1,0,176,prompt
48,2623,21,1.36417752931296,2.8966160955883207,7.958077362605503,99.23244799100556,2948.463083651726,0.35507461428642273,120.60407257080078,120.60407257080078,7,14,1,176,prompt
48,2629,17,15.520694734078669,-10.90568385404699,20.178812363568476,105.26614501827348,3127.740460185368,,,0.0,-1,-1,0,176,prompt
48,2643,16,12.707727866251396,-17.458875089883804,8.7819504737854,97.66463902583013,2901.879260017172,,,0.0,-1,-1,0,176,prompt
48,2777,16,15.334546090697186,-22.474837511777878,15.796125531196594,98.19213300468843,2917.552525718057,,,0.0,-1,-1,0,176,prompt
48,2787,21,6.815407724442501,-1.5888500213623047,15.047257650466193,106.56694268184606,3166.3906594698988,,,0.0,-1,-1,0,176,prompt
48,2801,18,16.446805283839407,-26.57936668395996,15.792556020948622,104.546226647013,3106.3497479347084,,,0.0,-1,-1,0,176,prompt
48,2817,15,14.987554410683272,-17.94476744333903,18.2677864074707,97.25586862686887,2889.7335913832994,,,0.0,-1,-1,0,176,prompt
48,3077,16,16.01503396121545,-20.89522498846054,17.791425585746765,107.9651643478361,3207.9355880532116,,,0.0,-1,-1,0,176,prompt
48,3083,15,17.88331181901555,-22.835100173950195,13.359567260742187,100.09378486292407,2974.0557201416564,,,0.0,-1,-1,0,176,prompt
48,3111,14,15.489344965306074,-20.903142860957555,17.799343517848424,96.04255822891835,2853.682874205667,,,0.0,-1,-1,0,176,prompt
48,3115,17,14.464359494391609,-16.95515952390783,22.237688176772174,104.25975427018815,3097.837882666297,,,0.0,-1,-1,0,176,prompt
48,3167,17,13.77506765797911,-22.913347188164206,20.47601800806382,104.09741927516293,3093.0144730890183,,,0.0,-1,-1,0,176,prompt
48,3259,15,14.82309581952544,-20.3224999109904,19.718073908487955,96.98863988282679,2881.7935062332267,,,0.0,-1,-1,0,176,prompt
48,3269,22,-3.5809713931170735,-11.731204943223434,18.456982786005195,108.18447095147708,3214.4517774441565,,,0.0,-1,-1,0,176,prompt
48,3361,18,6.691806504237308,-18.157845709058975,12.014908684624565,105.21136768379358,3126.112878161498,,,0.0,-1,-1,0,176,prompt
48,3385,19,14.443011315619195,-18.746776982357627,15.329156273289732,104.71284194163273,3111.3003367320593,,,0.0,-1,-1,0,176,prompt
48,3387,14,15.833722572170787,-20.966485704694474,17.767671857561385,97.71087695212135,2903.2531132425474,,,0.0,-1,-1,0,176,prompt
48,3433,21,24.918801153396004,-3.452185585385277,24.540347689674014,98.92081366827274,2939.2035892546924,,,0.0,-1,-1,0,176,prompt
48,3497,35,10.273647713045563,-21.36317035130092,16.513357203347343,215.20027668685916,6394.179366212486,,,0.0,-1,-1,0,176,prompt
48,3649,16,9.33806588675727,-11.871342182159424,18.061070799827576,96.18928270772057,2858.0424533350206,,,0.0,-1,-1,0,176,prompt
48,3667,19,11.133766573849005,-13.20135992451718,14.06021539788497,98.76760226009172,2934.651265995904,,,0.0,-1,-1,0,176,prompt
48,3669,18,4.193954669355054,-8.289116806454128,14.589092254638672,97.96177720232033,2910.708034897385,,,0.0,-1,-1,0,176,prompt
48,3681,15,11.893280758240538,-19.96778008143107,12.679687245686848,98.5521347713656,2928.249147040886,,,0.0,-1,-1,0,176,prompt
48,3689,15,10.697005698279593,-22.096100171407063,12.94572728474935,99.49161656695367,2956.163679516244,,,0.0,-1,-1,0,176,prompt
48,3691,14,16.56124877475253,-20.96648563657488,17.831014769417898,96.40268296633904,2864.3831493202224,,,0.0,-1,-1,0,176,prompt
48,3695,17,8.545011758172645,-15.975441091200885,16.465856327730066,96.47720588842319,2866.597425891036,,,0.0,-1,-1,0,176,prompt
48,3735,11,-1.0123516127011507,-9.492790742353959,-12.958281603726475,55.835020967881825,1659.0087358687501,,,0.0,-1,-1,0,176,prompt
48,3855,26,-0.5230830277102825,-17.351222698505108,5.602141196911152,149.9872472663989,4456.524761170905,,,0.0,-1,-1,0,176,prompt
48,3947,17,10.129704455461733,-17.29749034432804,20.41570270762724,102.48866860126986,3045.2141611063544,,,0.0,-1,-1,0,176,prompt
48,3991,17,13.822820564822814,-13.055847728953642,13.797824579126695,103.13350007301696,3064.3738394990046,,,0.0,-1,-1,0,176,prompt
48,3993,24,11.683555487303058,-22.5579750140508,18.47426501909892,113.21252382073911,3363.8487596592067,,,0.0,-1,-1,0,176,prompt
48,4019,17,15.08728367598566,-20.77948449639713,21.40957316230325,98.06992206490025,2913.9213098035157,,,0.0,-1,-1,0,176,prompt
48,4035,22,19.31568311432221,-4.228675582192161,7.333679415962913,105.73253153235788,3141.598058655735,,,0.0,-1,-1,0,176,prompt
48,4071,23,7.801137917069686,-12.24049066460651,10.759871627973473,112.46592359532065,3341.6652577154487,,,0.0,-1,-1,0,176,prompt
48,4127,20,6.133459733845518,-7.357668685913086,13.86412284374237,102.68935855633248,3051.1771997670094,,,0.0,-1,-1,0,176,prompt
48,4151,9,-32.695284444911564,-0.5973580148484969,19.794491397009956,3.8498668949497783,114.38990619037423,,,0.0,-1,-1,0,176,prompt
48,4227,16,11.580083841382697,-19.77460080385208,17.730804443359375,104.46450749606697,3103.921652037955,,,0.0,-1,-1,0,176,prompt
48,4273,23,8.698849296403202,-8.013732080874236,15.742534461228743,98.5005563414304,2926.7166130799133,,,0.0,-1,-1,0,176,prompt
48,4277,16,10.433631402635651,-17.864170253276825,16.938714504241943,94.93203679259699,2820.6862937031447,,,0.0,-1,-1,0,176,prompt
48,4513,14,14.325074976534982,-20.903142860957555,17.831015041896276,97.14064838653721,2886.3100879629446,,,0.0,-1,-1,0,176,prompt
48,4539,18,5.973999186957083,-17.560487588246662,14.453608724806044,98.42259964131436,2924.400309722807,,,0.0,-1,-1,0,176,prompt
48,4743,19,23.981067312739544,-11.516731613560728,17.43630027770996,104.7031297740652,3111.011762096294,,,0.0,-1,-1,0,176,prompt
48,4825,20,12.292882577507509,-18.56044692993164,1.9504574298858643,98.84822077652203,2937.0466590791734,,,0.0,-1,-1,0,176,prompt
48,4849,15,16.19178774755905,-15.858939997355144,19.067753728230795,97.5181520928619,2897.526739013828,,,0.0,-1,-1,0,176,prompt
48,4871,16,14.530006207160971,-16.378087520599365,17.985413074493408,104.10163302164992,3093.139674837159,,,0.0,-1,-1,0,176,prompt
48,4881,26,9.940983193266762,-19.805910697350136,27.441865407503567,102.04378211197685,3031.995386233293,,,0.0,-1,-1,0,176,prompt
48,4997,16,15.653836587128044,-20.922937631607056,17.819138050079346,111.0741583742896,3300.3121674874183,,,0.0,-1,-1,0,176,prompt
48,5013,17,19.391887844663216,-19.67913537866929,25.06925369711483,103.67606020839516,3080.494761256057,,,0.0,-1,-1,0,176,prompt
48,5157,16,11.1181104043593,-22.47483742237091,13.27137541770935,105.15534298395721,3124.4482335559833,,,0.0,-1,-1,0,176,prompt
48,5171,18,18.647233892099077,-9.174377282460531,18.67878450287713,103.45484163154075,3073.9217619954493,0.39129161834716797,69.16566467285156,69.16566467285156,0,5,1,176,prompt
48,5205,19,11.792223689433209,-15.128107974403783,16.844128056576377,103.45438050562548,3073.9080607035266,,,0.0,-1,-1,0,176,prompt
48,5215,21,1.8842872257520855,-15.162696611313592,24.20779818580264,106.72440649893872,3171.0693332415126,,,0.0,-1,-1,0,176,prompt
48,5275,15,12.672698311559556,-21.564020093282064,15.369647343953451,104.40314714401812,3102.098470845929,,,0.0,-1,-1,0,176,prompt
48,5281,17,17.138563284260105,-16.262347053079043,13.665782928466797,109.48279658542795,3253.0285260759124,,,0.0,-1,-1,0,176,prompt
48,5349,9,37.13874385357433,-14.14877086215549,49.51474645402696,53.184664016933986,1580.2594982294875,,,0.0,-1,-1,0,176,prompt
48,5491,18,11.919419255023731,-15.76533317565918,10.244878239101833,104.97213352764336,3119.0045875565797,,,0.0,-1,-1,0,176,prompt
48,5509,17,11.98940976587766,-19.375927981208353,20.371169482960422,103.37653631887694,3071.595100421364,,,0.0,-1,-1,0,176,prompt
48,5545,15,17.52038495473915,-20.23381996154785,20.279713821411132,103.34692160545987,3070.715167586782,,,0.0,-1,-1,0,176,prompt
48,5791,21,16.974731919785967,0.9290284202212379,3.7893253508068265,98.80275781436285,2935.695832123741,,,0.0,-1,-1,0,176,prompt
48,5811,15,12.979217188133186,-19.31745999654134,14.069006983439127,97.8664154389361,2907.874580270166,,,0.0,-1,-1,0,176,prompt
48,5813,43,30.10225751157362,-34.79658838760021,38.15734297730202,118.73800618118545,3528.0257107369594,,,0.0,-1,-1,0,176,prompt
48,5831,18,7.884247828688714,-22.491772916581894,17.211002667744953,110.22845955490206,3275.184179623226,,,0.0,-1,-1,0,176,prompt
48,5835,18,7.936152522272014,-8.516975031958687,17.559507343504166,96.4918712381305,2867.0331728981514,,,0.0,-1,-1,0,176,prompt
49,30,15,17.391604454512034,-20.174699974060058,20.30927391052246,103.6282722063757,3079.0748511092406,,,0.0,-1,-1,0,176,prompt
49,144,18,9.632057615314894,-25.629443910386826,15.258320649464926,98.40446379301281,2923.861444862668,,,0.0,-1,-1,0,176,prompt
49,154,19,14.720728959617041,-0.5863381435996606,27.34815968965229,100.11721516708556,2974.7518975338053,,,0.0,-1,-1,0,176,prompt
49,196,18,17.955743497831648,-14.090266625086466,14.38586680094401,97.41616406989027,2894.496400381712,,,0.0,-1,-1,0,176,prompt
49,400,18,5.817438163988111,-17.61283344692654,14.06304497188992,104.33627493766613,3100.111517629083,,,0.0,-1,-1,0,176,prompt
49,416,18,11.770259257752652,-21.604972786373562,15.587791442871094,104.10787208354881,3093.3250541567054,,,0.0,-1,-1,0,176,prompt
49,464,17,6.155659859559651,-14.726748578688678,15.409521102905273,102.25178904849236,3038.1758321043353,,,0.0,-1,-1,0,176,prompt
49,470,16,10.637179094110323,-13.977492153644562,22.110559701919556,95.72035788236909,2844.1094348058195,,,0.0,-1,-1,0,176,prompt
49,514,18,18.685967667750855,-8.39996666378445,3.1232562594943576,99.55001425351115,2957.8988319434116,,,0.0,-1,-1,0,176,prompt
49,528,17,11.453820925954407,-22.460166201871985,25.2616107043098,103.75762019132645,3082.91812784274,,,0.0,-1,-1,0,176,prompt
49,658,19,9.736599995040287,-8.729437326130114,18.169952392578125,109.06480610480973,3240.608904002976,,,0.0,-1,-1,0,176,prompt
49,698,17,8.133831139215,-23.07962215647978,12.934957784764906,97.88229589008913,2908.3464312113083,,,0.0,-1,-1,0,176,prompt
49,724,22,1.7874505839829424,-4.6531806859103115,18.402416185899213,103.48685829095609,3074.873063109743,,,0.0,-1,-1,0,176,prompt
49,732,15,14.560213310797367,-19.494819966952004,13.004847081502279,96.86727925162502,2878.1875552751335,,,0.0,-1,-1,0,176,prompt
49,918,17,18.670666958607633,-18.19244109883028,24.443276910220874,105.74066840454196,3141.8398270262314,,,0.0,-1,-1,0,176,prompt
49,922,25,25.424295062274084,-18.401099853515625,20.968612480163575,152.26332368649952,4524.153116976912,,,0.0,-1,-1,0,176,prompt
49,1034,18,15.413240079334567,-14.28579372829861,18.642324871487087,98.1907817853508,2917.512377355142,,,0.0,-1,-1,0,176,prompt
49,1058,21,7.588909830322535,-2.527116139729817,14.74811890011742,105.66091775697176,3139.4702206623992,,,0.0,-1,-1,0,176,prompt
49,1090,22,10.407978469718534,-3.8621151230551978,17.873760483481668,98.5361076862772,2927.7729392109027,,,0.0,-1,-1,0,176,prompt
49,1106,14,15.04803988631057,-20.99815709250314,17.86268629346575,97.92323511845629,2909.5628458615315,,,0.0,-1,-1,0,176,prompt
49,1158,16,14.767805459532415,-22.036633610725403,20.782091975212097,103.91228092470394,3087.5135144535325,,,0.0,-1,-1,0,176,prompt
49,1172,17,15.698631067681212,-18.21037264431224,21.354148331810446,105.03058238048447,3120.7412602717322,,,0.0,-1,-1,0,176,prompt
49,1232,16,13.21093734378099,-18.58989143371582,15.409882664680481,100.09674673826689,2974.143725429075,,,0.0,-1,-1,0,176,prompt
49,1246,25,22.99281666926844,-15.159845924377441,29.124249629974365,159.75913530648512,4746.873852895254,,,0.0,-1,-1,0,176,prompt
49,1358,18,4.571185457109032,-11.426787482367622,13.622233602735731,103.14493115229358,3064.713487627574,,,0.0,-1,-1,0,176,prompt
49,1424,14,15.943193599518509,-20.966485704694474,17.92602906908308,96.6710546128556,2872.357193178584,,,0.0,-1,-1,0,176,prompt
49,1454,20,8.053694535112415,-24.981433057785033,15.171208572387695,111.88059073008274,3324.2734430445203,,,0.0,-1,-1,0,176,prompt
49,1464,8,-15.570265696596355,-33.088725090026855,-14.09542465209961,48.9207211051022,1453.566279218363,,,0.0,-1,-1,0,176,prompt
49,1486,9,-27.244631793559645,35.8414997127321,-46.18616655137804,4.214079248258623,125.21163537353803,,,0.0,-1,-1,0,176,prompt
49,1540,14,15.392417493175278,-21.029828480311803,17.86268629346575,96.18278807619059,2857.849480353947,,,0.0,-1,-1,0,176,prompt
49,1644,15,15.464869717351466,-23.160260073343913,17.05767396291097,94.6768083775035,2813.102770621357,,,0.0,-1,-1,0,176,prompt
49,1664,18,8.595423248539916,-9.942629019419352,17.96903657913208,98.5165527550856,2927.191909579073,,,0.0,-1,-1,0,176,prompt
49,1700,19,10.692603674049623,-25.809088807356986,22.772680382979544,100.31142724145188,2980.522460925735,,,0.0,-1,-1,0,176,prompt
49,1734,21,2.4117415326706886,-4.361419609614781,15.326122283935547,104.8078402326906,3114.122991618286,,,0.0,-1,-1,0,176,prompt
49,1804,15,-9.43220679954508,-1.354217402140299,8.417504564921062,65.48882076263563,1945.849108025811,,,0.0,-1,-1,0,176,prompt
49,1822,20,13.723601536282459,-17.442247462272643,15.576755356788635,104.3657433051301,3100.9871021315516,,,0.0,-1,-1,0,176,prompt
49,1824,17,15.872811042502216,-18.66192344795255,18.965982773724726,98.54017407213598,2927.893762478204,,,0.0,-1,-1,0,176,prompt
49,1892,22,3.252558566469081,-8.96247438950972,22.288865609602496,113.29349731207117,3366.2547000021127,0.448598712682724,68.33860778808594,68.33860778808594,4,7,1,176,prompt
49,1910,19,7.9284217696515285,-15.15582049520392,15.699164189790425,113.45970058352293,3371.1930464823113,,,0.0,-1,-1,0,176,prompt
49,1914,22,-4.298161468303448,-19.091393145647917,27.10162214799361,108.0406836033588,3210.1794683718117,0.2925220727920532,206.8040771484375,349.0265808105469,5,11,3,176,prompt
49,1966,18,19.66275505435833,-16.84919998380873,18.477589395311142,109.51791902920802,3254.0721084019533,,,0.0,-1,-1,0,176,prompt
49,2028,15,13.404937850040993,-21.711819966634113,15.280967076619467,101.4981358631965,3015.7827677417313,,,0.0,-1,-1,0,176,prompt
49,2066,17,11.33204697910825,-17.85337069455315,16.195771049050723,107.22313585404811,3185.887924559615,,,0.0,-1,-1,0,176,prompt
49,2120,16,13.753060350563096,-22.064346134662628,22.413665294647217,101.88965801129125,3027.4159444239594,,,0.0,-1,-1,0,176,prompt
49,2258,18,7.403114776841611,-10.075033320320976,18.963607258266872,99.06290766632227,2943.4255843393607,,,0.0,-1,-1,0,176,prompt
49,2348,18,3.1595176097808935,-17.642085605197483,16.791745556725395,98.23540171504119,2918.838155547162,,,0.0,-1,-1,0,176,prompt
49,2382,16,9.835632558978148,-17.039723426103592,20.33349573612213,96.63542732430938,2871.2986105559057,,,0.0,-1,-1,0,176,prompt
49,2554,21,6.415386249653666,-8.131639253525506,14.704150313422794,104.09177124626264,3092.846654950445,,,0.0,-1,-1,0,176,prompt
49,2556,18,9.370589620430387,-13.346648030810886,19.76929982503255,105.12408861109992,3123.51958202679,,,0.0,-1,-1,0,176,prompt
49,2564,15,12.711013171131262,-16.71063741048177,18.482096227010093,94.93118428534623,2820.6609634184624,,,0.0,-1,-1,0,176,prompt
49,2572,16,6.589518160547216,-19.630842208862305,18.2827707529068,96.45701901763016,2865.9976196329753,,,0.0,-1,-1,0,176,prompt
49,2594,23,10.581171034075744,-24.95329881751019,17.059480584186055,101.96472790534023,3029.646473003856,,,0.0,-1,-1,0,176,prompt
49,2612,16,15.064146951532301,-20.036137580871582,15.823838114738464,104.80906305911554,3114.1593250822357,,,0.0,-1,-1,0,176,prompt
49,2792,23,20.91037167479161,-14.277961938277535,29.381958173668902,145.59690106976345,4326.075760392412,,,0.0,-1,-1,0,176,prompt
49,2806,18,14.214299710207232,-13.023335456848145,18.87942049238417,110.54065534879877,3284.460356839566,,,0.0,-1,-1,0,176,prompt
49,2818,24,-7.088288696590001,-7.588606238365173,24.144986669222515,98.37990954450201,2923.131872059149,,,0.0,-1,-1,0,176,prompt
49,2872,16,15.482217945296458,-20.922937512397766,17.902275443077087,109.62616345010127,3257.288341453505,,,0.0,-1,-1,0,176,prompt
49,2950,17,20.720699763632815,-14.38441775826847,18.128606347476733,104.13659021562628,3094.1783471468125,,,0.0,-1,-1,0,176,prompt
49,3092,9,-13.635475895985953,20.356370819939507,21.3351927863227,2.7344455151402163,81.24773518011702,,,0.0,-1,-1,0,176,prompt
49,3120,18,1.7812469668543573,-24.617937564849854,14.438213136461046,105.90277489031018,3146.656446978521,,,0.0,-1,-1,0,176,prompt
49,3190,18,12.802922481235534,-15.728383408652412,21.95347801844279,105.03303372825079,3120.814096410924,,,0.0,-1,-1,0,176,prompt
49,3204,16,15.809490704138089,-20.922937512397766,17.736000537872314,109.89945562963376,3265.4085875898827,,,0.0,-1,-1,0,176,prompt
49,3278,15,11.498773586348772,-18.81494007110596,14.453287124633789,100.22233329229856,2977.875239927226,,,0.0,-1,-1,0,176,prompt
49,3282,17,1.241095770056722,-16.940488268347348,9.020383273853975,98.36329211201614,2922.638123419248,,,0.0,-1,-1,0,176,prompt
49,3368,16,18.061486486776978,-11.620197594165802,20.345620274543762,98.71445655764842,2933.072164150881,,,0.0,-1,-1,0,176,prompt
49,3384,10,-20.739059191247286,-23.519598770141602,-9.870433568954468,55.552289602595174,1650.6080261209295,,,0.0,-1,-1,0,176,prompt
49,3476,35,12.816479569207493,-19.850859614780973,16.966510908944265,214.42918479847341,6371.268151050135,,,0.0,-1,-1,0,176,prompt
49,3540,21,7.155735152520374,-15.203605356670561,6.609402157011486,106.48644797799369,3163.9989451915244,,,0.0,-1,-1,0,176,prompt
49,3578,18,7.126529199354628,-12.760066668192545,8.668344815572103,106.7662251129002,3172.3118768043414,,,0.0,-1,-1,0,176,prompt
49,3596,17,15.770940974225846,-17.744150834925033,21.80080851386575,103.98051246500701,3089.540857140297,,,0.0,-1,-1,0,176,prompt
49,3608,19,9.52723123391269,-19.4250041058189,18.151455778824655,106.25905813463994,3157.2425809951405,,,0.0,-1,-1,0,176,prompt
49,3622,17,15.492970424391926,-18.34893535165226,15.67412410062902,106.10948739667754,3152.798431846299,,,0.0,-1,-1,0,176,prompt
49,3626,16,8.808914056392668,-19.532116413116455,14.523082494735718,96.98264019692147,2881.6152394186565,,,0.0,-1,-1,0,176,prompt
49,3632,22,4.6965896951050805,-13.538815931840377,11.216004913503474,97.2252612208294,2888.824162979376,,,0.0,-1,-1,0,176,prompt
49,3634,28,-0.37931225979046446,5.124833175114223,4.6005904504231045,108.9776214705444,3238.0184138881264,,,0.0,-1,-1,0,176,prompt
49,3640,15,17.69280182281181,-20.11558005015055,20.250153986612954,104.39058750482482,3101.7252901650613,,,0.0,-1,-1,0,176,prompt
49,3658,24,6.7752515272421645,-7.2883875370025635,24.593005379041035,99.89755020972416,2968.2250604894266,,,0.0,-1,-1,0,176,prompt
49,3758,33,13.241121278840447,-16.729112509525184,24.03168032386086,187.80948633280894,5580.325270843588,0.4077015221118927,76.9004898071289,76.9004898071289,4,13,1,176,prompt
49,3832,14,15.160931883262908,-20.839800085340226,17.83101490565709,98.66929152860541,2931.730189590125,,,0.0,-1,-1,0,176,prompt
49,3844,17,15.849824508638175,-19.524271347943476,20.102195431204404,104.49563574511176,3104.8465560892546,,,0.0,-1,-1,0,176,prompt
49,3910,20,-2.8428423469090633,-22.602314949035645,19.658806443214417,98.28114547632912,2920.197325800395,,,0.0,-1,-1,0,176,prompt
49,3942,20,20.76725589834627,-25.131080436706544,23.500703620910645,108.00741935463591,3209.191098021685,,,0.0,-1,-1,0,176,prompt
49,3954,16,12.386292344870613,-16.750474333763123,17.893615245819092,101.28615067983031,3009.484117450518,,,0.0,-1,-1,0,176,prompt
49,3976,19,9.829716967373503,-17.21383802514327,15.809020293386359,103.40460223690135,3072.4290143767194,,,0.0,-1,-1,0,176,prompt
49,4000,19,12.914193338689586,-21.278824555246455,17.855833856683027,97.8973750102547,2908.7944724522763,,,0.0,-1,-1,0,176,prompt
49,4032,8,-19.35081975809308,33.4628427028656,35.5368686914444,2.267245082013115,67.36595298457736,0.29120883345603943,113.10211181640625,113.10211181640625,7,14,1,176,prompt
49,4104,16,15.015255594266328,-16.62750017642975,16.350375652313232,103.75920716471279,3082.965281092903,,,0.0,-1,-1,0,176,prompt
49,4142,16,12.791392162217264,-19.558096885681152,19.235388040542603,99.07470786904557,2943.776200118913,,,0.0,-1,-1,0,176,prompt
49,4160,20,12.572976398891715,-27.562852382659912,28.201687812805176,98.38893140244079,2923.3999357380862,,,0.0,-1,-1,0,176,prompt
49,4250,16,14.497555779714764,-16.59978750348091,18.290250658988953,97.64661715580394,2901.3437817583326,,,0.0,-1,-1,0,176,prompt
49,4252,16,10.338991495854971,-13.411117911338806,20.94836688041687,96.88099238076639,2878.5950092466237,,,0.0,-1,-1,0,176,prompt
49,4284,23,12.142069163550154,-16.663646615069844,19.604211060897164,105.7396614818014,3141.8099086417837,,,0.0,-1,-1,0,176,prompt
49,4304,18,14.515561227368828,-14.30580825275845,13.01563811302185,97.44837630652775,2895.453512621613,,,0.0,-1,-1,0,176,prompt
49,4508,22,4.394735427175201,-17.020513577894732,12.77758095481179,110.97773642023513,3297.4472117422074,,,0.0,-1,-1,0,176,prompt
49,4538,20,19.390160086766496,-27.490799856185912,8.43978042602539,105.5820380432666,3137.1264920875506,,,0.0,-1,-1,0,176,prompt
49,4548,15,17.296881607237545,-18.63758004506429,15.22184715270996,97.17095715873467,2887.2106431517373,,,0.0,-1,-1,0,176,prompt
49,4736,22,10.497742941480345,-6.412924376401036,23.766903270374645,97.85638528931358,2907.576557531795,,,0.0,-1,-1,0,176,prompt
49,4812,15,17.65980847151395,-20.2042599995931,20.309274037679035,105.1175330602862,3123.324798969851,,,0.0,-1,-1,0,176,prompt
49,4838,20,3.718683365544149,-5.603467273712158,12.738995361328126,97.3663739754333,2893.017002680557,,,0.0,-1,-1,0,176,prompt
49,4866,18,5.674511505886772,-14.262700027889675,3.7637227376302085,106.51202407237153,3164.758879785739,,,0.0,-1,-1,0,176,prompt
49,4966,22,10.69256635657785,-12.031003865328701,13.570307558233088,104.61394270971823,3108.36177439479,,,0.0,-1,-1,0,176,prompt
49,5140,15,14.740080290453417,-18.10550003051758,14.364607238769532,99.4283634264114,2954.2842584842165,,,0.0,-1,-1,0,176,prompt
49,5162,19,14.67128076935834,-18.7278158288253,18.29929888875861,105.05947394195317,3121.5997063157847,,,0.0,-1,-1,0,176,prompt
49,5196,17,6.114339912962716,-20.6066889482386,10.68750426348518,97.76590799095978,2904.888233505677,,,0.0,-1,-1,0,176,prompt
49,5200,16,13.283775488279279,-20.17470008134842,18.678225576877594,104.52664306025606,3105.7678668689146,,,0.0,-1,-1,0,176,prompt
49,5248,20,11.00537962889399,-7.116569900512696,12.52605037689209,97.89722016220531,2908.7898715000024,,,0.0,-1,-1,0,176,prompt
49,5260,15,13.646534325673676,-21.62314001719157,15.458327356974284,104.8895117466436,3116.5496720917763,,,0.0,-1,-1,0,176,prompt
49,5474,17,11.979079779228428,-22.4797280255486,22.38603131911334,104.00146449818402,3090.1633984319874,,,0.0,-1,-1,0,176,prompt
49,5492,15,13.528396841994253,-21.593580055236817,15.369647216796874,103.21677869105861,3066.8482713599988,,,0.0,-1,-1,0,176,prompt
49,5508,16,10.184185702299043,-20.07251015305519,18.115315318107605,102.73821217313268,3052.6287721967387,,,0.0,-1,-1,0,176,prompt
49,5574,17,15.68924017072736,-21.087582475998822,13.926606570973115,111.6994240112525,3318.890492273159,,,0.0,-1,-1,0,176,prompt
49,5620,25,8.383964960212749,-14.321820220947266,11.531196365356445,116.67645798263368,3466.771565730382,,,0.0,-1,-1,0,176,prompt
49,5628,23,-4.176936136516371,-3.0025891843049424,26.738426374352496,107.5984069271127,3197.0382380678893,0.3991559147834778,118.04911041259766,118.04911041259766,4,13,1,176,prompt
49,5686,18,19.470136072850835,-24.21456660164727,12.833966996934679,99.36942173493368,2952.5329422068453,,,0.0,-1,-1,0,176,prompt
49,5748,17,17.890774130263388,-18.467936010921704,20.585237839642694,104.27620408980151,3098.3266510766775,,,0.0,-1,-1,0,176,prompt
49,5750,19,16.143779188690697,-12.288305935106779,12.264207689385666,98.65432945078022,2931.285625992074,,,0.0,-1,-1,0,176,prompt
49,5768,17,10.621787455843409,-16.471005888546216,8.889971003812903,99.77133125678705,2964.4747557178866,,,0.0,-1,-1,0,176,prompt
49,5788,21,2.623592546708522,-17.540692828950426,19.56043615795317,105.25619197760632,3127.4447285615756,,,0.0,-1,-1,0,176,prompt
49,5814,18,9.111742403856233,-14.296570857365927,19.17348093456692,104.83487946247376,3114.926399902977,,,0.0,-1,-1,0,176,prompt
49,5838,18,3.091515538622952,-22.086862564086914,16.670608652962578,103.65714849276178,3079.93284328948,,,0.0,-1,-1,0,176,prompt
50,21,17,15.967210720561283,-17.95769993697896,11.289547443389893,95.89687526465616,2849.354241276214,,,0.0,-1,-1,0,176,prompt
50,131,17,10.857498969385011,-11.609907542957979,20.3548682717716,103.77721614980378,3083.5003765056413,,,0.0,-1,-1,0,176,prompt
50,133,17,15.643224775653504,-22.62644111408907,17.111394798054416,110.35738329986621,3279.014851045012,,,0.0,-1,-1,0,176,prompt
50,179,14,16.609142349217155,-20.99815709250314,17.799343517848424,95.5151042867455,2838.010798102452,,,0.0,-1,-1,0,176,prompt
50,333,15,12.4743894617447,-21.939062372843424,20.126371383666992,97.28870474906743,2890.709240942216,,,0.0,-1,-1,0,176,prompt
50,357,17,11.025903738412781,-14.071429308723001,12.387747371897978,103.91901018756592,3087.7134589629186,,,0.0,-1,-1,0,176,prompt
50,413,17,9.531504319501567,-15.752110873951631,16.591377594891718,96.11331105431569,2855.7851310578503,,,0.0,-1,-1,0,176,prompt
50,415,17,17.979987651324947,-21.718449227950153,16.428882206187527,97.02598228369621,2882.903049458728,,,0.0,-1,-1,0,176,prompt
50,465,16,13.643975079565339,-15.257463276386261,19.396466970443726,104.17344568550439,3095.2734223421357,,,0.0,-1,-1,0,176,prompt
50,481,17,14.361059627899273,-22.99159397798426,12.492076873779297,104.4079473660198,3102.2410983599307,,,0.0,-1,-1,0,176,prompt
50,577,14,16.115382402950864,-20.839800085340226,17.799343517848424,97.54862785762421,2898.4322560011324,,,0.0,-1,-1,0,176,prompt
50,615,15,13.381523213636061,-21.68226000467936,15.487887191772462,103.0486602502165,3061.8530200431214,,,0.0,-1,-1,0,176,prompt
50,641,17,4.150703359912941,-23.4349941926844,10.976559134090648,105.23601525298233,3126.845223773503,,,0.0,-1,-1,0,176,prompt
50,651,17,8.075915291655013,-9.904773487764245,15.504069496603574,98.17795482528524,2917.1312538517473,,,0.0,-1,-1,0,176,prompt
50,803,9,-10.365133506326474,-16.476620780097115,-17.892684512668186,46.82087525810819,1391.1742080101387,,,0.0,-1,-1,0,176,prompt
50,805,8,-17.433081213905247,-31.980225324630737,-18.978649616241455,54.246015839282975,1611.7951171758841,,,0.0,-1,-1,0,176,prompt
50,945,17,8.966663031400456,-18.357086069443646,14.625939537497128,103.19780627531087,3066.284549829668,,,0.0,-1,-1,0,176,prompt
50,957,17,17.815646954632594,-17.201311840730554,8.603065266328699,105.94350902672103,3147.8667677947797,,,0.0,-1,-1,0,176,prompt
50,1019,15,9.735941304022711,-15.45433750152588,20.702791468302408,98.2826777549741,2920.2428539225975,,,0.0,-1,-1,0,176,prompt
50,1029,19,6.633175727817454,-13.506197377255088,15.406459507189298,106.23051002051506,3156.3943396959567,,,0.0,-1,-1,0,176,prompt
50,1099,15,13.734871363019545,-16.695857683817547,20.599331283569335,98.58224615143706,2929.1438371783947,,,0.0,-1,-1,0,176,prompt
50,1117,19,-18.875018741499062,3.5880392978065894,11.129518584201211,52.92021578884767,1572.402029691371,,,0.0,-1,-1,0,176,prompt
50,1163,26,-4.079201588638567,-16.99522355428109,19.71497293619009,107.6911674808757,3199.7944037569,,,0.0,-1,-1,0,176,prompt
50,1183,25,18.246893575663126,-12.863033962249755,28.11108070373535,154.84918610097986,4600.986048370371,,,0.0,-1,-1,0,176,prompt
50,1205,16,7.23109250181297,-15.969328045845032,18.840484738349915,97.77202895802841,2905.0701039100004,,,0.0,-1,-1,0,176,prompt
50,1261,24,-2.1072573127038026,-28.038121898969013,24.4986887772878,105.63270705871793,3138.6320048967964,,,0.0,-1,-1,0,176,prompt
50,1349,18,20.790914808414026,-25.817272928025986,13.094156795077854,103.82876582347457,3085.0320560406094,,,0.0,-1,-1,0,176,prompt
50,1383,16,11.699817777544268,-18.873944580554962,16.0957670211792,104.01252716502846,3090.4921000357253,,,0.0,-1,-1,0,176,prompt
50,1403,8,-8.924378348327146,-27.047400176525116,-9.60599970817566,50.11612973442455,1489.0850866729077,,,0.0,-1,-1,0,176,prompt
50,1405,12,-18.20696210949079,-0.5519404411315918,-2.2956218719482417,47.99354952816371,1426.017516468279,0.5966663360595703,90.86622619628906,90.86622619628906,5,12,1,176,prompt
50,1417,11,4.302576579341747,-27.672191273082387,-27.594717892733488,50.23309612826407,1492.5604730132204,,,0.0,-1,-1,0,176,prompt
50,1427,15,14.996576989252873,-20.825020027160644,18.65391387939453,97.15867609974363,2886.845739838392,,,0.0,-1,-1,0,176,prompt
50,1459,16,13.632523063752302,-12.93480932712555,19.28388500213623,97.27053900374577,2890.1694877611517,,,0.0,-1,-1,0,176,prompt
50,1481,17,16.423608312518333,-18.32285286398495,13.248465257532457,109.88715100156658,3265.0429839758567,,,0.0,-1,-1,0,176,prompt
50,1539,19,14.58165061012207,-13.102178310093127,13.208885594418174,110.49055652057797,3282.971785827425,,,0.0,-1,-1,0,176,prompt
50,1549,27,-3.1284649157418776,-10.70523597576,11.95764015339039,102.34334559541355,3040.8962235098593,,,0.0,-1,-1,0,176,prompt
50,1567,16,13.082223362407301,-20.701237499713898,9.835025668144226,95.84379075900435,2847.776957752558,,,0.0,-1,-1,0,176,prompt
50,1585,23,21.759132672283478,-18.34326503587806,0.6077874225118886,99.8508543289427,2966.8376002037026,,,0.0,-1,-1,0,176,prompt
50,1649,15,12.18099094705604,-18.883297475179038,19.117636235555015,97.73763443983138,2904.0481502120215,,,0.0,-1,-1,0,176,prompt
50,1685,18,11.679197317408043,-12.761606242921617,16.253381808598835,103.40261986828513,3072.3701128701923,,,0.0,-1,-1,0,176,prompt
50,1697,10,-16.711520670215418,-14.604487752914428,-10.904992198944091,47.943249766659235,1424.522975187529,,,0.0,-1,-1,0,176,prompt
50,1707,10,-15.458305471724307,-20.219040203094483,-8.671364688873291,49.34774225656613,1466.2542268254197,,,0.0,-1,-1,0,176,prompt
50,1777,16,13.621026075134372,-15.04269140958786,20.622745037078857,103.40432380301334,3072.4207413565864,,,0.0,-1,-1,0,176,prompt
50,1789,19,7.478455305210724,-8.636090128045334,19.048001214077598,105.65663956510623,3139.343104068627,,,0.0,-1,-1,0,176,prompt
50,1797,18,9.237088466648087,-7.1790771484375,11.117821799384224,97.52583225388656,2897.754937266679,,,0.0,-1,-1,0,176,prompt
50,1869,18,11.023764881679146,-12.54606458875868,21.077945709228516,109.03035518957398,3239.5852745972015,,,0.0,-1,-1,0,176,prompt
50,1907,23,27.042002168664474,0.7940234723298446,25.920688877934996,100.98490320206692,3000.5332441705496,,,0.0,-1,-1,0,176,prompt
50,1943,20,3.631676705266738,-15.193378138542176,16.618242144584656,113.84703989504568,3382.701939833157,,,0.0,-1,-1,0,176,prompt
50,2031,19,16.855736223125575,-16.1607632386057,12.673132193715949,103.33973746679234,3070.5017074930547,,,0.0,-1,-1,0,176,prompt
50,2113,21,14.991194536916183,-8.361257144383021,14.429244404747372,105.56074873831463,3136.493929543763,,,0.0,-1,-1,0,176,prompt
50,2209,22,5.739222024837953,-10.690726792270487,16.366751063953746,105.8934456937827,3146.379251443006,,,0.0,-1,-1,0,176,prompt
50,2237,18,11.502700626325428,-3.7904541757371693,16.476621362898086,99.49434269558206,2956.2446801343367,,,0.0,-1,-1,0,176,prompt
50,2415,94,40.52293213553532,-37.82874193090073,43.909637192462355,120.35161004654523,3575.9702240989823,,,0.0,-1,-1,0,176,prompt
50,2431,19,8.267438926654341,-9.654159897252134,22.361368028741133,97.28049786004135,2890.4653921829145,,,0.0,-1,-1,0,176,prompt
50,2459,16,15.412046203551213,-18.12570708990097,19.50385284423828,96.51570142609994,2867.7412319143996,,,0.0,-1,-1,0,176,prompt
50,2467,22,-5.045829272694586,-18.883549430153586,17.380832585421476,98.63775619107187,2930.7931898442707,,,0.0,-1,-1,0,176,prompt
50,2479,16,15.675787808757665,-11.40196180343628,20.276338577270508,95.46842854796432,2836.6239362897622,,,0.0,-1,-1,0,176,prompt
50,2633,17,18.36313624704198,-15.558123420266543,15.62470032187069,103.55460594837677,3076.8860283338486,,,0.0,-1,-1,0,176,prompt
50,2637,18,13.880951377799212,-7.365366723802355,17.07348918914795,105.7404680711818,3141.8338745829647,,,0.0,-1,-1,0,176,prompt
50,2655,24,25.038245167086227,-18.03968282540639,33.54298861821493,156.83020087799486,4659.847328691971,,,0.0,-1,-1,0,176,prompt
50,2665,28,-3.274658907154849,-15.481389969055142,10.521886842591423,106.27204060271842,3157.628325060102,,,0.0,-1,-1,0,176,prompt
50,2697,16,15.738648125242491,-21.14463746547699,12.855688095092773,96.83669540927956,2877.2788270119745,,,0.0,-1,-1,0,176,prompt
50,2881,17,11.702987408785276,-25.16458017685834,12.500227479373708,101.67837803354179,3021.138247689465,,,0.0,-1,-1,0,176,prompt
50,2885,9,-13.84065964586185,-22.58876673380534,-10.167055130004883,54.937804284402205,1632.3500136177793,,,0.0,-1,-1,0,176,prompt
50,2909,10,-19.370376300999474,-33.04161396026611,-14.709036064147949,56.0077887804079,1664.1421325307224,,,0.0,-1,-1,0,176,prompt
50,2921,21,7.043302872096046,-17.5618071329026,21.093861171177455,106.53911176946733,3165.5637281647223,,,0.0,-1,-1,0,176,prompt
50,2963,17,8.783540540800406,-17.514299953685086,12.332841648774988,104.82915836574873,3114.756410722691,,,0.0,-1,-1,0,176,prompt
50,2973,23,9.87883591364767,-7.466711624808934,16.650638746178668,107.83391096733403,3204.035696890093,,,0.0,-1,-1,0,176,prompt
50,3051,15,19.224331904025153,-17.48474006652832,20.66399383544922,98.40522795501215,2923.8841501721777,,,0.0,-1,-1,0,176,prompt
50,3067,23,-3.6258129752857173,-16.204583168029785,20.28179761637812,112.80729932895424,3351.8084494702707,0.49140042066574097,69.33199310302734,69.33199310302734,5,5,1,176,prompt
50,3129,16,10.474540497490855,-16.604983687400818,17.79315757751465,102.65418593298728,3050.1321264710455,,,0.0,-1,-1,0,176,prompt
50,3155,9,-15.455697431148032,-25.15987099541558,-12.479509565565321,53.722477450731965,1596.2393827082929,,,0.0,-1,-1,0,176,prompt
50,3275,22,12.35412318729583,-15.677716948769309,6.699669718742371,99.79156990364469,2965.0761003821667,,,0.0,-1,-1,0,176,prompt
50,3341,20,25.127118092187025,-8.22507004737854,-0.09566955566406214,99.14121501054642,2945.7523062765695,,,0.0,-1,-1,0,176,prompt
50,3393,24,11.690406651775012,-16.32612645626068,20.884097814559937,108.09891323363175,3211.9096273944942,,,0.0,-1,-1,0,176,prompt
50,3411,18,10.614472191528982,-16.173322863048977,13.355885876549614,98.27081171890451,2919.8902820571566,,,0.0,-1,-1,0,176,prompt
50,3427,23,2.8016317514061613,-4.736427506674891,7.472544213999873,99.27167877480915,2949.628735816209,,,0.0,-1,-1,0,176,prompt
50,3551,20,5.0993532060868105,-23.520984268188478,22.33400707244873,97.73113633104263,2903.8550739122315,,,0.0,-1,-1,0,176,prompt
50,3575,16,14.453176931457294,-17.29260003566742,16.71063804626465,103.67753908214328,3080.538702575051,,,0.0,-1,-1,0,176,prompt
50,3593,18,24.477660295565123,-12.784699969821506,16.35394485791524,101.91363651110099,3028.128410184119,,,0.0,-1,-1,0,176,prompt
50,3595,17,11.535829443006769,-22.81064785228056,17.06738062465892,111.69770601098097,3318.8394458616194,,,0.0,-1,-1,0,176,prompt
50,3679,24,-3.9427717215165017,-20.03498274087906,18.833372990290325,110.32783693005138,3278.1369488827786,,,0.0,-1,-1,0,176,prompt
50,3721,18,12.316891392224116,-15.731462584601509,16.94724358452691,104.85691430797145,3115.5811144627733,,,0.0,-1,-1,0,176,prompt
50,3753,20,15.851136025273842,-21.291514015197755,19.541972827911376,104.66587378077308,3109.9047862724533,,,0.0,-1,-1,0,176,prompt
50,3761,16,18.338348727748166,-20.396399974822998,15.851550459861755,95.67242916022539,2842.685343485407,,,0.0,-1,-1,0,176,prompt
50,3807,22,8.068136154275463,-15.743219343098728,18.611920963634144,113.11407825338212,3360.9236769168415,,,0.0,-1,-1,0,176,prompt
50,3831,11,-8.501858027167772,-6.255467068065297,-10.579130519520152,49.20313867973187,1461.957665401293,,,0.0,-1,-1,0,176,prompt
50,3875,21,16.03774922335784,-9.047471455165319,26.564259756179084,106.36988535216936,3160.5355558855617,0.4027526378631592,106.46086883544922,106.46086883544922,0,13,1,176,prompt
50,3897,18,11.030436754934739,-18.0500750541687,13.437483628590902,98.31796811431323,2921.2914254717916,0.3336355686187744,91.17001342773438,91.17001342773438,7,15,1,176,prompt
50,3969,25,-3.823737407043613,-17.642885856628418,23.37743236541748,101.37679084921527,3012.177280813289,,,0.0,-1,-1,0,176,prompt
50,4009,18,6.981828705162008,-13.77465205722385,18.67003716362847,104.44144800226682,3103.236492419565,,,0.0,-1,-1,0,176,prompt
50,4015,15,10.359622073717656,-18.284707514444985,17.05582637786865,97.86270605840026,2907.7643645917815,0.4654867351055145,64.76332092285156,64.76332092285156,6,15,1,176,prompt
50,4197,18,9.459414277747609,-15.157197952270508,7.284259372287327,98.75138731609482,2934.1694763721844,,,0.0,-1,-1,0,176,prompt
50,4217,18,11.033230361824758,-19.190906233257717,20.803899976942276,105.46500025649323,3133.648984471042,,,0.0,-1,-1,0,176,prompt
50,4223,15,17.01662153000543,-21.948299916585288,20.131913884480795,97.98787233616218,2911.4833915509116,,,0.0,-1,-1,0,176,prompt
50,4231,17,15.134728869275484,-14.395828808055205,12.568693721995635,104.54667483613368,3106.3630648396484,,,0.0,-1,-1,0,176,prompt
50,4415,16,17.295665700341146,-20.50724995136261,15.934687972068787,102.74198934931816,3052.7410022663253,,,0.0,-1,-1,0,176,prompt
50,4489,18,9.316911090755802,-17.897656228807236,15.766873253716362,110.38430520396815,3279.8147732679663,,,0.0,-1,-1,0,176,prompt
50,4535,20,13.487446136401411,-22.391700172424315,15.49683051109314,112.61800723365783,3346.1840718971293,,,0.0,-1,-1,0,176,prompt
50,4549,14,14.834799447622816,-20.934814316885813,17.86268629346575,96.55836523385135,2869.008888459308,,,0.0,-1,-1,0,176,prompt
50,4553,19,15.745380445797693,-15.745075526990389,17.216523622211657,110.13777607431103,3272.4897293679646,,,0.0,-1,-1,0,176,prompt
50,4639,17,10.924972759831796,-23.762653799617993,12.092690860523897,103.5271187231714,3076.069308899522,,,0.0,-1,-1,0,176,prompt
50,4651,18,8.348105966559096,-25.002833472357857,17.03702958424886,98.08579940784594,2914.393068391454,,,0.0,-1,-1,0,176,prompt
50,4815,17,9.01281909409524,-15.494547857957727,17.03151747759651,97.27257521229603,2890.229988997014,,,0.0,-1,-1,0,176,prompt
50,4839,21,25.30234698934398,-1.117737293243408,16.694650990622385,105.14344361520526,3124.094671286844,,,0.0,-1,-1,0,176,prompt
50,4859,20,7.078940727279435,-13.714916276931763,21.260147857666016,111.18927817883196,3303.73268669018,,,0.0,-1,-1,0,176,prompt
50,4867,15,16.93821194958021,-22.98289992014567,17.116793791453045,97.6628629643691,2901.826488451438,,,0.0,-1,-1,0,176,prompt
50,4919,19,9.65818252457611,-5.503119042045192,20.4598802265368,97.30386393421102,2891.1596611291516,,,0.0,-1,-1,0,176,prompt
50,4937,15,11.871279165518107,-15.179059918721517,8.035660362243652,90.3928640654063,2685.815256180685,,,0.0,-1,-1,0,176,prompt
50,4979,9,-5.516126821126026,21.455633375379776,-10.511922306484646,3.4595066240083625,102.79125200520917,0.5263225436210632,54.03012466430664,54.03012466430664,6,14,1,176,prompt
50,5151,14,15.03777697749672,-20.934814316885813,17.799343381609237,98.2318346355873,2918.7321680168816,,,0.0,-1,-1,0,176,prompt
50,5193,15,13.107997688360294,-21.68226006825765,15.369647216796874,103.59291055975491,3078.024161423061,0.35916024446487427,339.48590087890625,339.48590087890625,7,5,1,176,prompt
50,5335,16,17.00598174229969,-12.80317497253418,9.059075474739075,98.55361807311598,2928.293219927743,,,0.0,-1,-1,0,176,prompt
50,5431,23,14.977476308381648,-12.279047219649605,5.155101133429485,99.44959366537053,2954.9150660183986,,,0.0,-1,-1,0,176,prompt
50,5443,19,14.708377108395373,-23.568752088044818,19.400970860531455,100.32477825261802,2980.9191553976516,,,0.0,-1,-1,0,176,prompt
50,5447,17,21.21215138787298,-14.72348830279182,23.03482998118681,102.55333885815261,3047.1356884785932,,,0.0,-1,-1,0,176,prompt
50,5463,17,9.982267373286307,-19.89757509792552,18.76436368156882,96.79221221409695,2875.9571115701597,,,0.0,-1,-1,0,176,prompt
50,5473,16,15.106053829188856,-19.157997608184814,20.87215769290924,102.92744784500837,3058.251473278204,,,0.0,-1,-1,0,176,prompt
50,5519,19,11.037139186771247,-7.199415558262875,8.887658570942126,99.21184193859139,2947.8508223796016,,,0.0,-1,-1,0,176,prompt
50,5533,19,20.823741943509628,-22.1583315949691,9.0325843660455,98.40013573074518,2923.732846485039,,,0.0,-1,-1,0,176,prompt
51,47,28,-13.215688964654772,-0.5176299810409538,25.24320684160505,101.78052128172139,3024.173198480249,,,0.0,-1,-1,0,176,prompt
51,133,15,14.51394017431084,-22.836947441101074,20.802556228637695,96.75403229842814,2874.822683526053,,,0.0,-1,-1,0,176,prompt
51,147,16,13.94330991996927,-19.397017940878868,15.71125590801239,95.86083242561463,2848.2833115299923,,,0.0,-1,-1,0,176,prompt
51,187,16,10.972107169711729,-19.674143135547638,17.356685638427734,97.63990638083743,2901.1443865740757,,,0.0,-1,-1,0,176,prompt
51,331,17,8.018182439061732,-20.513770622365616,9.855018279131722,105.76916419482893,3142.686513643377,,,0.0,-1,-1,0,176,prompt
51,353,18,7.599547136037864,-18.253299872080486,18.957939359876846,105.09885904169366,3122.7699436220464,,,0.0,-1,-1,0,176,prompt
51,407,17,18.102069311724982,-17.815877185148352,21.807329290053424,105.70635303807336,3140.8202251391162,,,0.0,-1,-1,0,176,prompt
51,409,16,13.847522771040012,-20.368687510490417,11.94117546081543,99.05495140885415,2943.1891825181447,,,0.0,-1,-1,0,176,prompt
51,467,22,20.769635707371194,-28.50986402684992,18.90753949772228,99.10014904722821,2944.5321259898833,,,0.0,-1,-1,0,176,prompt
51,477,19,12.099349668628633,-8.964264518336245,20.580475455836247,105.33177837452772,3129.6906038318225,,,0.0,-1,-1,0,176,prompt
51,579,19,8.56419245522617,-21.94829996008622,8.444258288333291,112.02186046797416,3328.470947141647,,,0.0,-1,-1,0,176,prompt
51,619,16,12.073464950246061,-14.299649894237518,14.549062848091125,96.51122237638208,2867.608147293287,,,0.0,-1,-1,0,176,prompt
51,655,21,8.36889090017506,-7.405835651216053,23.579647972470237,111.9665313519945,3326.8269702044663,,,0.0,-1,-1,0,176,prompt
51,675,16,12.882666802138015,-23.056799948215485,13.465363085269928,104.2703877314299,3098.153831416504,,,0.0,-1,-1,0,176,prompt
51,799,18,16.119823143354218,-14.347377035352919,17.647754033406574,104.60958784667541,3108.232379694004,,,0.0,-1,-1,0,176,prompt
51,801,18,15.266607983447313,-7.316100120544434,13.720767127143013,95.90577230757772,2849.6185963650883,,,0.0,-1,-1,0,176,prompt
51,917,16,18.512960717983795,-15.574425041675568,22.477750658988953,103.81356585953769,3084.580424205982,,,0.0,-1,-1,0,176,prompt
51,927,24,23.030835792211963,-15.40814999739329,26.258800665537517,152.16653534192915,4521.277274783446,,,0.0,-1,-1,0,176,prompt
51,963,22,8.614558299303724,-4.742616350000555,9.486893913962625,105.95163596825503,3148.1082410989375,,,0.0,-1,-1,0,176,prompt
51,969,17,8.220394437123359,-23.032347623039694,20.816199695362766,96.72031756246716,2873.8209279877333,,,0.0,-1,-1,0,176,prompt
51,1031,19,8.536739918979068,-8.338545247128135,18.06493648729826,111.0800786326487,3300.4880742958344,,,0.0,-1,-1,0,176,prompt
51,1039,20,9.213361717675804,-14.370316803455353,13.226232290267944,110.86478642043367,3294.0911632776647,,,0.0,-1,-1,0,176,prompt
51,1077,20,16.007290833760255,-25.724127960205077,12.059095001220703,98.89004666780906,2938.289418870928,,,0.0,-1,-1,0,176,prompt
51,1115,16,11.92132555944318,-17.741196155548096,16.016093373298645,103.63054036616998,3079.1422442407884,,,0.0,-1,-1,0,176,prompt
51,1141,20,7.374404003955766,-21.504900169372558,21.59824056625366,104.17897836719055,3095.4378132045554,,,0.0,-1,-1,0,176,prompt
51,1183,8,-20.439056902862674,-25.69987988471985,-12.51927638053894,54.252740433403225,1611.994922964389,,,0.0,-1,-1,0,176,prompt
51,1261,26,17.87580829541724,-20.352699444844173,23.711628712140598,153.33820485183654,4556.090729113579,,,0.0,-1,-1,0,176,prompt
51,1303,167,46.863399310105365,36.445090242488654,40.38549342126903,286.7517959069145,8520.167561310245,0.34203121066093445,1895.729248046875,5779.1142578125,0,14,8,176,prompt
51,1315,15,14.07544789254579,-21.65270004272461,15.251407114664712,104.44464281407889,3103.3314188763616,,,0.0,-1,-1,0,176,prompt
51,1319,20,7.3828033686090295,-5.075544548034668,20.571050786972044,104.46805737820313,3104.0271285896442,,,0.0,-1,-1,0,176,prompt
51,1335,18,20.85122523551763,-15.662181178728739,22.570851114061142,104.70667373595036,3111.117062741393,0.43131548166275024,63.55914306640625,63.55914306640625,0,3,1,176,prompt
51,1351,21,7.256695670940907,-7.428269795009068,12.502506982712518,104.97732864555866,3119.158948490917,,,0.0,-1,-1,0,176,prompt
51,1401,20,11.008035864138018,-7.882820701599121,23.50026206970215,104.97028954499046,3118.9497978694453,,,0.0,-1,-1,0,176,prompt
51,1407,16,14.381336569760354,-14.327362418174744,12.941737920045853,98.79464847806445,2935.454881918512,,,0.0,-1,-1,0,176,prompt
51,1501,17,-20.768331208194663,-13.192780438591452,-0.5991152454825003,51.22210128635785,1521.9464778656345,,,0.0,-1,-1,0,176,prompt
51,1551,19,11.718282732365012,-13.523699860823783,13.884195277565404,110.19365697162233,3274.1501012134586,,,0.0,-1,-1,0,176,prompt
51,1565,15,14.161656326582124,-20.686457506815593,19.01787134806315,95.99155702170297,2852.1674910851184,,,0.0,-1,-1,0,176,prompt
51,1641,18,10.00030143283569,-14.732272995842827,20.61299154493544,106.35453431943398,3160.079435390375,,,0.0,-1,-1,0,176,prompt
51,1651,16,15.456275592461452,-20.16603982448578,20.69549024105072,102.7740751495887,3053.6943577414995,,,0.0,-1,-1,0,176,prompt
51,1661,16,10.938509500116943,-16.653480410575867,15.745896577835083,105.35847838646302,3130.4839330413515,,,0.0,-1,-1,0,176,prompt
51,1669,18,17.456275785382516,-12.932499991522896,17.021633783976238,102.1655667591538,3035.613935847118,,,0.0,-1,-1,0,176,prompt
51,1745,20,10.79707855821677,-10.198200011253357,5.404820251464844,99.57815951615211,2958.7351034408566,,,0.0,-1,-1,0,176,prompt
51,1759,19,3.9372905642658105,-10.163194957532381,8.978553094361958,107.8135871419622,3203.4318213429237,,,0.0,-1,-1,0,176,prompt
51,1765,15,17.860961484265392,-20.174700037638345,20.191033808390298,104.35725485796544,3100.734887522225,,,0.0,-1,-1,0,176,prompt
51,1821,12,-21.874751723500406,-10.320597012837728,-11.847196737925211,56.53950936556392,1679.9409820793333,0.5089061856269836,96.11878967285156,96.11878967285156,7,14,1,176,prompt
51,1877,16,15.84441310218521,-20.867512583732605,17.957700729370117,111.59740406989155,3315.8592052597996,,,0.0,-1,-1,0,176,prompt
51,1923,17,5.249438303513246,-19.62208024193259,10.80161464915556,97.38967841398753,2893.7094402667854,,,0.0,-1,-1,0,176,prompt
51,1993,14,16.78931341506028,-20.966485704694474,17.767671993800572,96.97457769022834,2881.3756806470274,,,0.0,-1,-1,0,176,prompt
51,2065,19,9.082745253354995,-17.588686390926963,20.14145098234478,97.28927748364629,2890.7262584278947,,,0.0,-1,-1,0,176,prompt
51,2163,17,13.924690633099184,-18.04083751229679,21.138968860401828,105.48747734328741,3134.3168392099137,,,0.0,-1,-1,0,176,prompt
51,2305,22,5.793917027424763,-20.140689329667524,10.222133853218772,111.70196898697556,3318.966110350916,,,0.0,-1,-1,0,176,prompt
51,2335,20,15.453738924695212,-22.679910278320314,17.42795057296753,112.37583254730225,3338.988410226271,,,0.0,-1,-1,0,176,prompt
51,2509,19,4.476723455604262,-8.008912437840513,12.575873362390618,102.20536560388848,3036.7964666306257,0.4061678647994995,60.6614875793457,60.6614875793457,5,6,1,176,prompt
51,2511,16,14.916475096933034,-23.36163765192032,12.717125654220581,105.08177376346387,3122.2622940260294,,,0.0,-1,-1,0,176,prompt
51,2521,19,11.48301605078438,-15.478160556993986,16.211580577649567,105.54278538710791,3135.9601900365356,,,0.0,-1,-1,0,176,prompt
51,2547,17,4.534791045325355,-15.096791996675378,13.308780670166016,103.51863504088097,3075.8172358674324,,,0.0,-1,-1,0,176,prompt
51,2553,15,17.915240868658643,-20.11558005015055,20.309274037679035,104.7571630304667,3112.6172355579965,,,0.0,-1,-1,0,176,prompt
51,2557,19,17.115808866004876,-20.08135266053049,15.893616299880179,103.70018540055594,3081.211585640743,,,0.0,-1,-1,0,176,prompt
51,2659,14,16.220292137492432,-20.934814316885813,17.672657557896205,94.79085334469231,2816.4913535137493,,,0.0,-1,-1,0,176,prompt
51,2669,18,12.194787320282062,-18.51348951127794,20.48982482486301,112.02976522965513,3328.7058188844408,,,0.0,-1,-1,0,176,prompt
51,2683,8,-17.151706463925553,-31.813950300216675,-18.867799520492554,54.88202290805965,1630.692598808097,,,0.0,-1,-1,0,176,prompt
51,2693,24,-31.374404910590666,-16.410418550173443,-8.115982135136921,60.30827898180936,1791.9212698708338,,,0.0,-1,-1,0,176,prompt
51,2911,15,13.65717734222137,-21.711819966634113,15.310527165730795,102.31050589902925,3039.920467752264,,,0.0,-1,-1,0,176,prompt
51,2917,20,20.298958651354777,-14.840043592453004,19.350315618515015,106.44987116396977,3162.9121496115454,,,0.0,-1,-1,0,176,prompt
51,2955,10,-18.433781807016494,-21.45778884887695,-0.804668807983397,47.81275197902441,1420.6455347219428,,,0.0,-1,-1,0,176,prompt
51,2969,6,25.111513942139243,33.47669939945141,32.095900217692055,2.3807857038427764,70.73955041905728,,,0.0,-1,-1,0,176,prompt
51,2999,21,9.983837655002343,-24.673362731933594,16.391133149464924,106.98144032383577,3178.7064999072727,,,0.0,-1,-1,0,176,prompt
51,3001,19,15.6619215464425,-16.83899016129343,15.676291817112974,105.48545983401611,3134.2568935799536,,,0.0,-1,-1,0,176,prompt
51,3013,25,24.281778012062247,-15.817186393737792,25.598463897705077,153.93513133811638,4573.827021466356,,,0.0,-1,-1,0,176,prompt
51,3077,15,11.860287406942685,-14.889002426465352,15.936241277058919,90.01464968649277,2674.577489134629,,,0.0,-1,-1,0,176,prompt
51,3097,18,9.766578539895928,-13.612995836469862,19.24430211385091,111.29120233377672,3306.761127631336,,,0.0,-1,-1,0,176,prompt
51,3167,16,9.788736767314864,-14.51442176103592,18.04028618335724,96.93802357329483,2880.289559458687,,,0.0,-1,-1,0,176,prompt
51,3183,21,16.304200523409527,-4.688691139221191,25.475554511660622,98.20124066360553,2917.8231387749684,,,0.0,-1,-1,0,176,prompt
51,3203,23,5.276568482637801,-6.246156485184379,16.117639541625977,112.84841050366316,3353.029973109048,,,0.0,-1,-1,0,176,prompt
51,3273,8,-21.78805925028305,-20.670060873031616,-12.020451307296753,47.3963253957573,1408.2723802480596,,,0.0,-1,-1,0,176,prompt
51,3359,17,20.262423992284997,-21.009335405686322,15.624700546264648,105.58861332264976,3137.321861333382,,,0.0,-1,-1,0,176,prompt
51,3437,27,-1.4957506874938853,-27.840798907809788,18.61549797764531,105.82059813613037,3144.214754458193,,,0.0,-1,-1,0,176,prompt
51,3443,19,-4.362968779607782,-16.720847387062875,1.1373742756090666,99.62695446514388,2960.1849326921106,,,0.0,-1,-1,0,176,prompt
51,3449,18,11.840483548961657,-8.844906489054361,20.772617869906956,104.98632536442183,3119.4262652202638,,,0.0,-1,-1,0,176,prompt
51,3613,17,14.492532185253156,-14.254005908966064,12.518159193151137,96.19811415678292,2858.3048594538122,,,0.0,-1,-1,0,176,prompt
51,3621,21,16.934554373786632,-14.001410938444591,15.258820579165505,105.56811733018175,3136.7128702384507,,,0.0,-1,-1,0,176,prompt
51,3701,17,9.110792135969145,-14.464294770184685,17.103243771721335,102.81857312610416,3055.0165123764928,,,0.0,-1,-1,0,176,prompt
51,3741,22,6.488611635817148,-2.252270622686906,21.490699377926912,107.46971571962152,3193.2144759602293,,,0.0,-1,-1,0,176,prompt
51,3753,17,8.927669645369091,-21.56358539356905,18.943160884520587,104.72682227171998,3111.7157299627424,,,0.0,-1,-1,0,176,prompt
51,3771,16,7.803148992635467,-17.976752161979675,14.623540163040161,96.96083727502585,2880.96741593323,,,0.0,-1,-1,0,176,prompt
51,3787,23,10.641993968380163,-5.790707712588103,22.77192443350087,98.93664322604636,2939.6739280165684,,,0.0,-1,-1,0,176,prompt
51,3825,15,12.181706506683083,-16.100962511698405,19.461271286010742,96.81459328195714,2876.6221133280983,,,0.0,-1,-1,0,176,prompt
51,3887,13,-31.79282256793283,-33.92649547870342,3.134662921612079,52.35769920870505,1555.6881482536894,,,0.0,-1,-1,0,176,prompt
51,3927,18,13.035585627549985,-21.74661456214057,8.950088712904188,98.30580823414174,2920.930122707291,,,0.0,-1,-1,0,176,prompt
51,4003,20,16.839162144440426,-12.393030071258545,16.804860401153565,99.2466683618787,2948.885609140154,,,0.0,-1,-1,0,176,prompt
51,4047,17,9.749373128830863,-16.353635226978977,14.623789955587949,97.40063278754802,2894.0349241856193,,,0.0,-1,-1,0,176,prompt
51,4049,22,14.457021087435589,-21.21391866423867,16.502393115650523,113.01062041180425,3357.849666018367,,,0.0,-1,-1,0,176,prompt
51,4273,20,11.262789602519412,-13.774498128890992,7.952543687820435,98.42439751585424,2924.453729413816,,,0.0,-1,-1,0,176,prompt
51,4277,17,15.804748203259702,-21.076171342064352,23.21251588709214,102.3717089686978,3041.7389756614944,,,0.0,-1,-1,0,176,prompt
51,4285,18,12.562434838113653,-20.812087641821968,19.583010143703884,103.13745144015009,3064.4912452504286,,,0.0,-1,-1,0,176,prompt
51,4303,19,9.131792260457297,-27.190338235152396,25.230805748387386,104.52360621238827,3105.677633946014,,,0.0,-1,-1,0,176,prompt
51,4487,8,-7.43369084311558,-25.883475065231323,-24.46572494506836,47.951726999546764,1424.7748565905017,,,0.0,-1,-1,0,176,prompt
51,4551,16,10.541064999530072,-17.256227254867554,16.50799012184143,98.73053699120834,2933.549957107523,,,0.0,-1,-1,0,176,prompt
51,4579,18,4.178877062579149,-17.218699879116482,5.093922826978894,103.10052347578333,3063.39401604875,,,0.0,-1,-1,0,176,prompt
51,4627,22,6.816025799860322,-11.557372223247182,22.411510250785135,98.95525791348848,2940.227020476223,,,0.0,-1,-1,0,176,prompt
51,4633,26,-1.717059116092177,-12.171116975637583,5.242218017578125,108.0757530430916,3211.221475804964,0.37846875190734863,156.553955078125,156.553955078125,6,12,1,176,prompt
51,4721,21,1.691568383317497,-17.985412416004,14.668940317063104,105.34907455001164,3130.204519752826,,,0.0,-1,-1,0,176,prompt
51,4865,14,16.27502765116629,-20.966485704694474,17.86268629346575,96.44223848017268,2865.5584500878094,,,0.0,-1,-1,0,176,prompt
51,4903,19,-1.4479073197999865,-9.702292090968081,16.292794779727334,98.2699372454882,2919.86429909858,,,0.0,-1,-1,0,176,prompt
51,4917,15,15.823539375008796,-19.524379992485045,19.215553919474285,96.99544715380803,2881.9957685737704,,,0.0,-1,-1,0,176,prompt
51,4939,16,15.58798292223918,-21.371533572673798,22.441377878189087,101.71612267046734,3022.2597424306905,,,0.0,-1,-1,0,176,prompt
51,4999,15,18.038699860611906,-19.96778008143107,20.19103406270345,97.58644540680473,2899.5559171616737,,,0.0,-1,-1,0,176,prompt
51,5003,18,13.482168851443646,-7.19447316063775,20.119834476047092,103.73301424194217,3082.187018867132,,,0.0,-1,-1,0,176,prompt
51,5061,16,19.172822095324776,-15.131025075912476,21.895788073539734,104.80673901590734,3114.0902715040675,,,0.0,-1,-1,0,176,prompt
51,5077,9,-25.847991727306916,-24.205329259236652,-15.58330938551161,49.118348012808674,1459.438306498811,,,0.0,-1,-1,0,176,prompt
51,5237,15,17.35116099163079,-20.174699974060058,20.220594024658205,100.33728557070441,2981.2907814776268,,,0.0,-1,-1,0,176,prompt
51,5249,15,12.476866807081967,-23.43553746541341,19.734701283772786,96.35779960453159,2863.049543851058,,,0.0,-1,-1,0,176,prompt
51,5299,15,18.136615612850697,-20.174700037638345,20.30927391052246,103.47467924593042,3074.5111909058483,,,0.0,-1,-1,0,176,prompt
51,5441,16,13.645970645168035,-18.01312494277954,13.077387809753418,103.52369641301672,3075.9676228547232,,,0.0,-1,-1,0,176,prompt
51,5491,16,15.171907494077718,-15.683542847633362,20.17241680622101,103.96524038501039,3089.0870825434563,,,0.0,-1,-1,0,176,prompt
51,5511,16,9.920444097092592,-18.00446492433548,14.997659265995026,103.73140665977976,3082.1392532747705,,,0.0,-1,-1,0,176,prompt
51,5521,17,9.700540464670848,-23.658324073342715,17.188011674319995,105.34192030003351,3129.991947732496,,,0.0,-1,-1,0,176,prompt
51,5539,19,17.26564657909174,-14.200468464901572,5.711395163285104,99.02251205475213,2942.2253220071552,0.52968430519104,57.53508758544922,57.53508758544922,2,10,1,176,prompt
51,5541,22,2.1275147406197346,-11.718608444387263,12.665872313759543,99.35222711197046,2952.0220436845298,0.27917519211769104,116.103759765625,116.103759765625,2,10,1,176,prompt
51,5579,19,12.243431575178922,-24.527021106920746,15.3452003880551,110.19698364328347,3274.2489455812315,,,0.0,-1,-1,0,176,prompt
52,29,20,9.025397427024092,1.6488939285278321,10.916395449638367,97.17513392719908,2887.3347461833123,,,0.0,-1,-1,0,176,prompt
52,99,19,7.023760606368068,-21.761605312949733,3.284363596062911,98.25047821323345,2919.2861188822462,,,0.0,-1,-1,0,176,prompt
52,103,18,13.120148523218667,-10.852523220909966,10.557413419087728,97.02572681772828,2882.895458877313,,,0.0,-1,-1,0,176,prompt
52,137,19,19.853705936981626,-8.973015684830514,6.320605528982062,111.60173440715141,3315.9878712335703,,,0.0,-1,-1,0,176,prompt
52,301,23,-1.7990200196011459,-8.124582124793012,19.323087941045348,107.50011814227335,3194.1178137560546,,,0.0,-1,-1,0,176,prompt
52,331,19,13.060544238679517,-17.121949396635358,16.944768152738874,105.00051934390058,3119.8480065493395,,,0.0,-1,-1,0,176,prompt
52,387,16,16.871608009768913,-19.5927374958992,16.461225390434265,96.58758379582274,2869.877050568317,,,0.0,-1,-1,0,176,prompt
52,391,15,13.437931201338847,-21.65270004272461,15.251407114664712,103.75735750190918,3082.910322633205,,,0.0,-1,-1,0,176,prompt
52,435,16,8.76401383033208,-19.67587500810623,10.66640043258667,104.6442936987121,3109.263583958219,,,0.0,-1,-1,0,176,prompt
52,437,15,18.495285270508028,-20.23381996154785,20.279713948567707,103.44481470301947,3073.623834964664,,,0.0,-1,-1,0,176,prompt
52,571,24,1.6781410504299439,8.321832537651062,-3.5064182678858438,61.1721499131897,1817.5892000870233,,,0.0,-1,-1,0,176,prompt
52,639,16,13.530227840211849,-20.56267499923706,14.964750528335571,105.16966600833453,3124.873809156282,,,0.0,-1,-1,0,176,prompt
52,663,19,8.890480179498516,-21.367795944213867,20.75550159655119,98.87101595133814,2937.7239650692145,,,0.0,-1,-1,0,176,prompt
52,671,23,8.355276746268855,-18.930047138877537,-1.1364579615385637,113.1262597500936,3361.2856219669184,,,0.0,-1,-1,0,176,prompt
52,869,16,14.589873175241756,-21.208722591400146,21.336341977119446,103.77240644252853,3083.357467158635,,,0.0,-1,-1,0,176,prompt
52,871,22,8.830046676900086,-28.60433864593506,17.9929706400091,101.14769633339574,3005.370266210343,,,0.0,-1,-1,0,176,prompt
52,1001,14,14.86900914366898,-20.96648563657488,17.831014769417898,96.11887823782635,2855.9505470623258,,,0.0,-1,-1,0,176,prompt
52,1023,18,15.887450615396205,-20.290168815188938,11.693626138899061,96.35923471819696,2863.0921849402253,,,0.0,-1,-1,0,176,prompt
52,1081,15,12.258336225826486,-19.672180032730104,13.448247146606445,97.17465267612624,2887.320446918798,,,0.0,-1,-1,0,176,prompt
52,1153,20,7.004683265294039,-7.769199371337891,19.22510607242584,97.78568790902413,2905.47594810298,,,0.0,-1,-1,0,176,prompt
52,1171,16,9.807694640540445,-20.52110630273819,20.37160050868988,102.96138930423298,3059.259965374843,,,0.0,-1,-1,0,176,prompt
52,1215,18,11.317201902033307,-16.58131245772044,19.081106079949272,102.48634367282578,3045.1450812254457,,,0.0,-1,-1,0,176,prompt
52,1235,8,-12.556961636530136,-26.105175137519836,-14.15084981918335,47.68877247447415,1416.9617699887679,,,0.0,-1,-1,0,176,prompt
52,1285,18,12.508465690082627,-9.545416673024496,21.77488644917806,97.62880779048004,2900.8146175860898,,,0.0,-1,-1,0,176,prompt
52,1331,21,5.10149773115518,-23.739055497305735,5.039447421119327,108.47524731471323,3223.091525731713,,,0.0,-1,-1,0,176,prompt
52,1425,21,16.239717436315672,-13.403612545558385,9.760709263029552,109.8202027625839,3263.053771624935,,,0.0,-1,-1,0,176,prompt
52,1443,18,4.775772907295728,-9.630093839433458,16.38837464650472,95.09667961614915,2825.5782750767753,,,0.0,-1,-1,0,176,prompt
52,1463,16,11.058243436278516,-18.24868130683899,17.787409782409668,95.16311941377583,2827.5523802666958,,,0.0,-1,-1,0,176,prompt
52,1477,19,9.479612982101528,-10.075681485627827,14.980562260276393,103.75451925164388,3082.825990579539,,,0.0,-1,-1,0,176,prompt
52,1609,17,9.928739260649369,-11.997882450328154,21.90676835004021,105.56846845609385,3136.7233031342475,,,0.0,-1,-1,0,176,prompt
52,1643,16,9.813010500198173,-20.609439820051193,16.86478865146637,103.27837758028441,3068.6785401335023,,,0.0,-1,-1,0,176,prompt
52,1651,17,5.96502465139652,-16.506869035608627,17.525451996747186,97.45694676624504,2895.708164044589,,,0.0,-1,-1,0,176,prompt
52,1737,19,7.661337628742648,-5.096182873374538,17.010867269415606,99.3834201245774,2952.948872035552,,,0.0,-1,-1,0,176,prompt
52,1743,18,18.711688291074452,-14.213433530595568,8.788922680748833,98.32828340149355,2921.5979204143646,,,0.0,-1,-1,0,176,prompt
52,1751,20,10.229503722567006,-11.500687599182129,16.613644218444826,109.44855954188067,3252.0112513735726,,,0.0,-1,-1,0,176,prompt
52,1795,17,17.892652309654153,-18.348935323603012,19.119735829970416,104.36390431693275,3100.9324608431343,,,0.0,-1,-1,0,176,prompt
52,1807,20,16.955725597202907,-19.77564024925232,4.429340648651123,111.8490713200589,3323.3369165478434,,,0.0,-1,-1,0,176,prompt
52,1821,14,16.533881017915597,-21.029828480311803,17.86268629346575,95.80538917514961,2846.6359433500943,,,0.0,-1,-1,0,176,prompt
52,1873,17,16.454598272466033,-18.87058235617245,20.241277133717258,112.99081684290468,3357.261248691101,,,0.0,-1,-1,0,176,prompt
52,1933,18,13.900040103693783,-17.711366573969524,10.589744673834907,103.42627533500612,3073.0729804479392,,,0.0,-1,-1,0,176,prompt
52,1957,28,5.260877739019031,-1.5340848650251115,18.93595916884286,107.10182820153585,3182.283547740962,,,0.0,-1,-1,0,176,prompt
52,1999,22,7.110719839052313,-19.465512188998137,19.250167153098367,108.6770949620391,3229.0889625450845,,,0.0,-1,-1,0,176,prompt
52,2073,17,13.104557615474311,-21.418502190533808,22.263770383947037,104.5817306832294,3107.4046683989714,,,0.0,-1,-1,0,176,prompt
52,2229,17,15.361049485863237,-25.286841168123132,13.561453538782457,99.00345418399289,2941.6590613784574,,,0.0,-1,-1,0,176,prompt
52,2329,20,14.187476993147374,-3.2395912170410157,14.259970378875732,96.45788826291684,2866.0234472497505,,,0.0,-1,-1,0,176,prompt
52,2347,20,7.421118228180734,-10.554305696487427,17.160524749755858,111.62677751161857,3316.731969263159,,,0.0,-1,-1,0,176,prompt
52,2491,16,17.015810110965923,-17.95770013332367,16.29495060443878,104.89714711901647,3116.7765395532488,,,0.0,-1,-1,0,176,prompt
52,2497,25,22.69022493263422,-18.20489543914795,29.52885208129883,156.98571160615154,4664.467970935156,,,0.0,-1,-1,0,176,prompt
52,2503,25,26.418984158593044,-16.99995583534241,21.944092483520507,153.144910525837,4550.347434495467,0.48208996653556824,75.5970687866211,75.5970687866211,1,7,1,176,prompt
52,2525,17,18.88071533681997,-13.888852792627672,11.527029935051413,104.08787604612557,3092.73091807163,,,0.0,-1,-1,0,176,prompt
52,2531,14,15.414083634004516,-20.966485704694474,17.799343245370046,94.79228440944107,2816.5338742987083,,,0.0,-1,-1,0,176,prompt
52,2635,17,15.228637838813972,-24.94777062359978,14.96990046781652,104.76370869283886,3112.811724802725,,,0.0,-1,-1,0,176,prompt
52,2649,19,9.201092971790885,-8.46835648386102,18.247255626477692,98.5135588771319,2927.1029534079603,,,0.0,-1,-1,0,176,prompt
52,2673,18,12.940685396666368,-17.873022927178276,10.532290193769667,96.3615993718524,2863.1624451640723,,,0.0,-1,-1,0,176,prompt
52,2893,16,20.991780142179316,-22.391700088977814,20.648725628852844,103.62717926347395,3079.042376834307,,,0.0,-1,-1,0,176,prompt
52,2921,18,2.1700076892016718,-17.371118810441757,7.761530187394884,103.87038318129694,3086.2686197419257,,,0.0,-1,-1,0,176,prompt
52,2949,15,18.001449302694972,-18.253299967447916,17.885353724161785,96.88354180716333,2878.67075956588,,,0.0,-1,-1,0,176,prompt
52,2963,7,-19.085979694535702,-32.019814355032786,-18.772785459245956,48.0098148224729,1426.5008021352787,,,0.0,-1,-1,0,176,prompt
52,2999,21,4.000705733936417,-8.730757077534994,-3.554966517857143,99.62000425666051,2959.9784232937054,,,0.0,-1,-1,0,176,prompt
52,3001,16,11.910349948628365,-22.398627996444702,21.521669268608093,96.16790814454991,2857.407357540109,,,0.0,-1,-1,0,176,prompt
52,3047,18,18.4119099916477,-16.17948118845622,22.99269702699449,99.30068105092555,2950.4904714903982,,,0.0,-1,-1,0,176,prompt
52,3095,16,15.7645904780775,-20.8120875954628,17.819138169288635,111.23003336241975,3304.943632874708,,,0.0,-1,-1,0,176,prompt
52,3153,22,6.583197567216706,0.4232454083182596,21.56627880443226,97.01994695419364,2882.72372357696,,,0.0,-1,-1,0,176,prompt
52,3195,17,14.078252961967499,-17.96911116207347,19.62019101311179,111.73116135095276,3319.8334940470145,,,0.0,-1,-1,0,176,prompt
52,3219,15,13.932831470806677,-21.741379928588866,15.517447153727213,103.45213262102146,3073.8412700024464,,,0.0,-1,-1,0,176,prompt
52,3245,17,5.437887618731729,-10.29437884162454,12.239404061261345,97.80660401045006,2906.097421765646,,,0.0,-1,-1,0,176,prompt
52,3353,14,-22.72515671362596,-13.878023965018135,-7.985877684184482,50.944845937069815,1513.708475290158,,,0.0,-1,-1,0,176,prompt
52,3389,18,11.27181131610226,-24.5809875064426,22.720681031545002,105.76537893702871,3142.574043447267,,,0.0,-1,-1,0,176,prompt
52,3395,16,8.759024916325348,-18.912049174308777,16.504526376724243,102.80054458718044,3054.4808359667604,,,0.0,-1,-1,0,176,prompt
52,3399,18,9.755644904991792,-13.340489678912693,19.476288424597847,97.74049494799367,2904.1331436077066,,,0.0,-1,-1,0,176,prompt
52,3407,15,12.695048646309719,-21.179740079243977,13.034407297770182,99.97015980713184,2970.382487034973,,,0.0,-1,-1,0,176,prompt
52,3409,16,8.843836454439794,-16.954853892326355,14.103930875658989,96.91532712794718,2879.6151869868554,,,0.0,-1,-1,0,176,prompt
52,3427,36,14.180776115689223,-21.096140662829082,13.42803540494707,165.94650630243643,4930.71729660505,,,0.0,-1,-1,0,176,prompt
52,3453,20,-4.098452224123416,-5.39700939655304,11.474361133575439,99.9565861665893,2969.9791776451443,,,0.0,-1,-1,0,176,prompt
52,3491,20,18.87252835854992,-23.89510293006897,16.39100000858307,112.2438474193147,3335.0667768760827,0.48405909538269043,149.2491912841797,149.2491912841797,2,8,1,176,prompt
52,3565,22,9.845591799868728,-17.584840969605878,11.309620900587602,113.02629943082472,3358.3155318687586,,,0.0,-1,-1,0,176,prompt
52,3573,17,17.11884240065702,-16.653582404641543,13.639700496897978,112.24389536452202,3335.0682014572217,,,0.0,-1,-1,0,176,prompt
52,3581,18,12.977049036537661,-16.33959788746304,13.755687448713514,102.40850585955235,3042.8323103163802,,,0.0,-1,-1,0,176,prompt
52,3583,20,8.250200179460398,-15.438633632659911,17.14761276245117,111.54421175049166,3314.27871829954,,,0.0,-1,-1,0,176,prompt
52,3675,17,17.818604891339675,-20.696347124436322,17.082571141860065,105.89918085899636,3146.54965863595,,,0.0,-1,-1,0,176,prompt
52,3701,22,25.116565874547735,-17.37321810288863,26.025873270901766,145.99001898966787,4337.756351749639,,,0.0,-1,-1,0,176,prompt
52,3727,16,20.029917521681355,-21.837449967861176,20.03905063867569,105.68463944928453,3140.175055980705,,,0.0,-1,-1,0,176,prompt
52,3729,16,14.669024962199119,-18.88087260723114,20.127384185791016,98.1478337053415,2916.2362743164203,,,0.0,-1,-1,0,176,prompt
52,3781,16,10.315893032076772,-18.047765731811523,21.24454426765442,97.77485063234388,2905.153943447588,,,0.0,-1,-1,0,176,prompt
52,3831,16,14.547295460434853,-19.86986255645752,12.02431321144104,104.05170963839811,3091.656316767203,,,0.0,-1,-1,0,176,prompt
52,3855,20,7.503597087532475,-4.851073160767555,20.914686059951784,104.72045027633975,3111.526400831715,,,0.0,-1,-1,0,176,prompt
52,3903,18,14.913191130172553,-17.92536867989434,10.54509703318278,96.83448023100664,2877.213008104011,,,0.0,-1,-1,0,176,prompt
52,3955,18,14.710377516077143,-18.31334373686049,21.007124794854057,112.26466131232426,3335.685213651635,,,0.0,-1,-1,0,176,prompt
52,4007,16,9.929424142304711,-17.02759939432144,15.132757663726807,103.8060306239085,3084.356532076653,,,0.0,-1,-1,0,176,prompt
52,4011,17,12.315722271351015,-12.349994154537425,11.866100647870232,97.12173291413447,2885.7480583726397,,,0.0,-1,-1,0,176,prompt
52,4227,11,-16.10384983459211,-25.815453486009076,-10.800830494273793,49.007618629901145,1456.1482385382983,,,0.0,-1,-1,0,176,prompt
52,4245,8,-16.638846104033487,-20.6077082157135,-14.21666693687439,50.02124223206289,1486.2657236169987,,,0.0,-1,-1,0,176,prompt
52,4275,21,15.989471319784824,-14.683666036242531,11.490819931030273,99.1712372344788,2946.644347345252,,,0.0,-1,-1,0,176,prompt
52,4451,15,14.043518842902708,-21.74138005574544,15.310527038574218,105.65027354848415,3139.1539525825956,,,0.0,-1,-1,0,176,prompt
52,4497,18,5.420562326476929,-8.19982099533081,14.67530886332194,105.1573495494053,3124.507854015504,,,0.0,-1,-1,0,176,prompt
52,4553,16,12.539950896277963,-22.42460858821869,17.297796726226807,103.79377644673457,3083.9924274944383,,,0.0,-1,-1,0,176,prompt
52,4565,19,7.553385962577959,-6.3359527587890625,0.4606055209511201,104.80868223979022,3114.148009915222,0.40713948011398315,223.18482971191406,304.3528137207031,6,6,2,176,prompt
52,4633,16,7.2899616870924095,-16.50106167793274,16.566879451274872,97.94054875415858,2910.077280572611,,,0.0,-1,-1,0,176,prompt
52,4761,17,8.051989668095588,-13.145505849052878,15.892044712515439,104.17740278072833,3095.390998290553,,,0.0,-1,-1,0,176,prompt
52,4797,18,8.12016802882929,-19.19244596693251,19.136531088087295,103.66196145161085,3080.0758492494947,,,0.0,-1,-1,0,176,prompt
52,4855,15,18.232402761779955,-20.11558005015055,20.191033935546876,103.74975322526383,3082.684379109482,,,0.0,-1,-1,0,176,prompt
52,4911,21,19.22533267939256,-10.14937314533052,17.85635675702776,104.79150638768311,3113.6376691255577,,,0.0,-1,-1,0,176,prompt
52,4923,22,2.3292809890409694,-7.125891447067261,14.031342766501687,107.65575530832272,3198.742212809299,,,0.0,-1,-1,0,176,prompt
52,4945,17,8.891535855769668,-15.39510861565085,15.83661937713623,104.45991426078625,3103.785174656474,,,0.0,-1,-1,0,176,prompt
52,4981,20,18.82541058876115,-23.415676975250243,21.69850869178772,93.42792407642406,2775.9950570454644,,,0.0,-1,-1,0,176,prompt
52,5135,17,19.34117700111243,-10.70680595846737,19.250147426829617,98.14800674993883,2916.2414159371033,,,0.0,-1,-1,0,176,prompt
52,5211,15,12.664183898321403,-16.810402552286785,19.91945152282715,97.95841569541476,2910.6081554807497,,,0.0,-1,-1,0,176,prompt
52,5365,16,11.62199071903925,-23.678599178791046,14.543866991996765,102.9400592856577,3058.6261931197378,0.45545873045921326,177.37953186035156,177.37953186035156,4,7,1,176,prompt
52,5367,18,9.437108473853481,-9.00656255086263,17.600516849093967,104.38837000702425,3101.659402337688,,,0.0,-1,-1,0,176,prompt
52,5385,18,17.769781326603418,-11.87326685587565,13.989144961039225,104.38941079180532,3101.6903268544884,,,0.0,-1,-1,0,176,prompt
52,5399,15,17.570407132513314,-20.174700037638345,20.33883399963379,102.47928581039153,3044.935373138441,,,0.0,-1,-1,0,176,prompt
52,5403,21,25.228094974958488,-1.7208145686558312,20.338604881649925,106.13512787212763,3153.5602793754333,,,0.0,-1,-1,0,176,prompt
52,5419,11,-18.26168051597395,-32.3404879136519,-4.502535126426003,49.56639577969143,1472.7510114366771,,,0.0,-1,-1,0,176,prompt
52,5431,10,-23.952718037823868,-26.540261650085448,-13.511855983734131,49.596719577691424,1473.6520130825013,,,0.0,-1,-1,0,176,prompt
52,5461,19,3.344796809068788,-4.824892244840923,18.573971296611585,103.08898934892602,3063.0513060992384,,,0.0,-1,-1,0,176,prompt
53,37,17,8.214900566571975,-19.897574929630053,15.334534308489632,97.51883836673542,2897.5471300575064,,,0.0,-1,-1,0,176,prompt
53,123,19,12.45909745669053,-22.928447422228363,11.620521445023385,106.49110079296192,3164.1371928458607,,,0.0,-1,-1,0,176,prompt
53,129,16,11.978199179119922,-20.95065003633499,13.27137553691864,105.45079131339645,3133.2267985326034,,,0.0,-1,-1,0,176,prompt
53,161,19,10.47516932757377,-4.702373605025442,21.020958247937653,104.03543748555441,3091.172827314685,,,0.0,-1,-1,0,176,prompt
53,367,21,16.846369379534302,-22.26501446678525,8.294586272466749,110.0436162157699,3269.6919865681934,,,0.0,-1,-1,0,176,prompt
53,401,14,16.440374515389415,-20.87147147314889,17.86268629346575,98.580693539855,2929.097704909912,,,0.0,-1,-1,0,176,prompt
53,445,15,17.231959206296604,-19.87910000483195,19.30423380533854,96.40608380349929,2864.484197344568,,,0.0,-1,-1,0,176,prompt
53,447,16,9.059357539530625,-13.277751386165619,20.347351908683777,97.97269286555904,2911.032368628382,,,0.0,-1,-1,0,176,prompt
53,499,14,-19.250762729219865,-19.107768774032593,-20.50607749394008,56.83670242969776,1688.7713878191507,,,0.0,-1,-1,0,176,prompt
53,507,8,-21.095597986148633,-35.53781747817993,-14.79862928390503,48.93138102438813,1453.8830141082665,,,0.0,-1,-1,0,176,prompt
53,611,17,10.672498299394192,-25.400951441596536,19.797358007992017,98.60613502408204,2929.853639874285,,,0.0,-1,-1,0,176,prompt
53,653,17,10.309070587280246,-15.871111757615033,10.74455945632037,103.4778816717804,3074.6063435962037,,,0.0,-1,-1,0,176,prompt
53,671,15,12.882365737549154,-21.711819966634113,15.428767267862955,102.97364141143255,3059.6240084525475,,,0.0,-1,-1,0,176,prompt
53,679,17,8.531864502437257,-12.245664820951575,10.115841585047106,97.79669821175577,2905.803093828006,,,0.0,-1,-1,0,176,prompt
53,685,16,15.474235682885688,-20.86751252412796,17.902275681495667,108.91995528556896,3236.304996341574,,,0.0,-1,-1,0,176,prompt
53,839,7,15.07214482010182,45.238677161080496,29.102891785757883,2.8402890118834936,84.39263031381815,,,0.0,-1,-1,0,176,prompt
53,1005,16,15.968138169552168,-17.3203125,18.42881292104721,102.35071792541919,3041.115275274702,,,0.0,-1,-1,0,176,prompt
53,1021,15,14.119084260391345,-21.623140080769858,15.399207178751627,103.49030585411288,3074.975499489195,,,0.0,-1,-1,0,176,prompt
53,1061,15,10.520331623587852,-22.362139892578124,15.16272710164388,97.08325412175245,2884.604749897047,,,0.0,-1,-1,0,176,prompt
53,1075,14,15.233912568161388,-20.934814316885813,17.831014769417898,95.42804812387068,2835.424125218356,,,0.0,-1,-1,0,176,prompt
53,1147,22,18.319698109776443,-6.659817738966509,26.122867064042524,126.52983345891786,3759.5418684827287,,,0.0,-1,-1,0,176,prompt
53,1185,17,4.137248390623679,-14.697405815124512,13.245724089005414,98.11391756223261,2915.2285344297097,,,0.0,-1,-1,0,176,prompt
53,1209,17,8.064197834135593,-18.559224240920123,12.13833505967084,98.46480436288961,2925.6543255819306,,,0.0,-1,-1,0,176,prompt
53,1255,18,3.9580344692144758,-9.362206300099691,16.40377076466878,106.02176777474078,3150.192045807976,,,0.0,-1,-1,0,176,prompt
53,1321,17,9.318330958649202,-17.634930891149185,21.906768237843234,103.01677124328158,3060.9055118275583,,,0.0,-1,-1,0,176,prompt
53,1377,15,15.765002783996469,-19.90866009394328,19.363353983561197,98.27789350679382,2920.100701033818,,,0.0,-1,-1,0,176,prompt
53,1403,19,11.272681191005347,-9.229720918755783,10.710384469283255,100.08179231305259,2973.699389210688,,,0.0,-1,-1,0,176,prompt
53,1429,8,-18.273214332638936,-32.03565001487732,-18.70152473449707,54.85719454419983,1629.9548812998603,,,0.0,-1,-1,0,176,prompt
53,1439,12,-7.151810507906336,-6.26995309193929,0.07306146621704102,55.02642572530224,1634.9831951244723,,,0.0,-1,-1,0,176,prompt
53,1457,16,15.404390886791436,-17.98541247844696,15.823837876319885,104.10933055676341,3093.3683893209472,,,0.0,-1,-1,0,176,prompt
53,1495,23,21.893925225753627,-14.956315745478092,27.985872766245965,151.046187852174,4487.988735789585,,,0.0,-1,-1,0,176,prompt
53,1573,15,12.886622944168233,-21.564020093282064,15.487887318929037,105.62671775464395,3138.4540465543746,,,0.0,-1,-1,0,176,prompt
53,1597,19,12.315817916453048,-12.139533419358102,14.792408993369655,103.02917196954427,3061.273970777592,,,0.0,-1,-1,0,176,prompt
53,1607,17,17.87870663184431,-16.158017663394702,18.311183031867532,103.75096332216282,3082.720334344957,,,0.0,-1,-1,0,176,prompt
53,1697,20,8.303419781091772,-15.488516283035278,15.482091522216797,100.41686594332803,2983.6553285145524,,,0.0,-1,-1,0,176,prompt
53,1701,15,16.370939167588055,-23.367180188496906,19.865873845418296,98.67570620195781,2931.9207867985615,,,0.0,-1,-1,0,176,prompt
53,1713,16,15.443304416043947,-18.040837466716766,15.38043788075447,96.13296004541107,2856.3689554625544,,,0.0,-1,-1,0,176,prompt
53,1811,11,-25.002805790083627,21.215177709406074,16.552546674555,3.064807664578416,91.06368370879441,,,0.0,-1,-1,0,176,prompt
53,1819,10,36.76981854232871,-6.3433911323547365,49.515054321289064,57.010262504909115,1693.9283247376363,,,0.0,-1,-1,0,176,prompt
53,1869,17,7.14215242088857,-16.461225004757154,18.783925224752988,95.69622937771194,2843.3925119979517,,,0.0,-1,-1,0,176,prompt
53,1947,17,11.381818732963652,-11.17954854404225,20.716760859769934,104.41167450070382,3102.3518415618387,,,0.0,-1,-1,0,176,prompt
53,1993,18,6.478059255237763,-16.967747847239178,9.886155446370443,103.47459258078511,3074.508615851149,,,0.0,-1,-1,0,176,prompt
53,2049,17,16.41703468465064,-18.89666456334731,17.111394433414233,102.33811479718555,3040.740802417408,,,0.0,-1,-1,0,176,prompt
53,2151,19,14.544278948431568,-19.68462627812436,17.10467933353625,111.09251840996306,3300.857693557708,,,0.0,-1,-1,0,176,prompt
53,2277,16,8.544174668384873,-19.088716447353363,18.035641998052597,98.4512354914433,2925.2511578947856,,,0.0,-1,-1,0,176,prompt
53,2305,16,16.57977902677753,-21.78202497959137,17.957700610160828,103.34605002705649,3070.689270646831,,,0.0,-1,-1,0,176,prompt
53,2463,17,13.942084956136695,-16.28679915035472,17.963961432961856,107.493446888678,3193.9195928580943,,,0.0,-1,-1,0,176,prompt
53,2487,16,18.68358157701403,-18.567375242710114,16.990675628185272,92.21743347353168,2740.0281235676266,,,0.0,-1,-1,0,176,prompt
53,2519,18,19.261404650792368,-22.145366562737358,9.084522618187798,97.75270906374455,2904.49605785723,,,0.0,-1,-1,0,176,prompt
53,2535,22,0.5087285801141118,5.985900185324929,18.333993391557172,98.50295969986112,2926.7880233267956,,,0.0,-1,-1,0,176,prompt
53,2537,16,23.204341017762577,-19.759012639522552,19.62336301803589,97.67666152423766,2902.2364807997446,,,0.0,-1,-1,0,176,prompt
53,2667,9,-22.898102307504047,-26.52394183476766,-9.582994302113852,49.096661392634545,1458.79393865052,,,0.0,-1,-1,0,176,prompt
53,2681,9,-12.276136213350648,-23.32776663038466,-13.763521830240885,50.30198225082209,1494.6072651003874,,,0.0,-1,-1,0,176,prompt
53,2693,7,-16.602355761584246,-31.89312880379813,-18.772785186767578,49.37355618814822,1467.0212282030395,,,0.0,-1,-1,0,176,prompt
53,2945,17,18.068262082691128,-16.228113903718835,18.143277785357306,105.54519720436829,3136.031851618012,,,0.0,-1,-1,0,176,prompt
53,2957,14,15.176896408084449,-20.99815709250314,17.736000605991908,95.04597842302607,2824.071806182306,,,0.0,-1,-1,0,176,prompt
53,2979,20,10.216612535231986,-10.016683197021484,19.47407732009888,102.94172195909722,3058.675595622205,,,0.0,-1,-1,0,176,prompt
53,2985,15,13.83704432187742,-17.135562578837078,19.93053652445475,97.49706038656352,2896.9000476578135,,,0.0,-1,-1,0,176,prompt
53,3013,25,1.7517203335412435,1.6006742095947266,22.36683303833008,100.38374774167862,2982.671297616019,,,0.0,-1,-1,0,176,prompt
53,3019,19,-11.128915392480558,-11.693216574819465,-1.3411716661955175,55.55049340952987,1650.554656391054,,,0.0,-1,-1,0,176,prompt
53,3023,7,-18.823705358181787,-31.956471579415457,-18.83612823486328,48.71508980417601,1447.4564198739768,,,0.0,-1,-1,0,176,prompt
53,3079,25,11.309932224162175,-7.926883506774902,9.181126651763917,112.10358862637015,3330.8993106739786,,,0.0,-1,-1,0,176,prompt
53,3127,17,16.882963841182463,-18.870582468369427,17.241806479061353,94.52922071081332,2808.7175438568447,,,0.0,-1,-1,0,176,prompt
53,3197,29,-13.305653322360975,-9.724220851372028,25.792930405715417,106.27789828758812,3157.802372641751,,,0.0,-1,-1,0,176,prompt
53,3223,16,13.028343091134593,-13.191149950027466,13.911675453186035,95.89571118881524,2849.319653450225,,,0.0,-1,-1,0,176,prompt
53,3261,20,6.040723500837558,-10.89932632446289,24.070194721221924,104.84911119652311,3115.3492630219503,,,0.0,-1,-1,0,176,prompt
53,3311,16,9.149157991651801,-16.849200069904327,10.971238136291504,98.84769062518461,2937.0309068561983,,,0.0,-1,-1,0,176,prompt
53,3403,16,20.896990776051403,-21.671175062656403,22.006637692451477,103.35387713842397,3070.92183518984,,,0.0,-1,-1,0,176,prompt
53,3443,17,19.525238581407873,-18.03594707040226,20.348347383386947,95.77346302772776,2845.6873315907114,,,0.0,-1,-1,0,176,prompt
53,3455,14,15.264701294602938,-20.966485704694474,17.894357681274414,95.99269216613645,2852.2012192811308,,,0.0,-1,-1,0,176,prompt
53,3479,16,13.618032726730334,-13.116672694683075,20.955294966697693,96.22979901548183,2859.246301875881,,,0.0,-1,-1,0,176,prompt
53,3489,21,6.20556678057053,-2.251310734521775,7.410425276983351,100.26707848572087,2979.20474004183,,,0.0,-1,-1,0,176,prompt
53,3493,18,15.135344112692406,-17.218700038062202,12.979178322686089,113.75634016454921,3380.0070067494726,,,0.0,-1,-1,0,176,prompt
53,3497,15,12.052926006455971,-22.559822463989256,19.117636235555015,95.22281010231994,2829.3259512626064,,,0.0,-1,-1,0,176,prompt
53,3527,24,8.523056779274398,0.16973920663197806,16.692214488983154,109.60972543881795,3256.7999239003884,,,0.0,-1,-1,0,176,prompt
53,3571,22,4.042205965864481,-5.424092032692649,19.31652762673118,96.34784282982159,2862.7537012788043,,,0.0,-1,-1,0,176,prompt
53,3653,9,-16.207803933851828,-26.108254114786785,-10.336409674750435,48.85518207311675,1451.6189381997792,,,0.0,-1,-1,0,176,prompt
53,3669,11,-23.7198138741002,-18.985581918196246,-1.1803565025329588,50.12310621001668,1489.292376537804,,,0.0,-1,-1,0,176,prompt
53,3745,15,15.502120275268396,-17.33694012959798,20.63443374633789,95.54594933579719,2838.9272875198108,,,0.0,-1,-1,0,176,prompt
53,3769,16,14.871247925221448,-19.28270384669304,21.693140149116516,96.4260825087049,2865.078412696637,,,0.0,-1,-1,0,176,prompt
53,3797,20,14.173526023050481,-20.83010067939758,16.01089735031128,100.66829649130257,2991.1260067434364,,,0.0,-1,-1,0,176,prompt
53,3805,18,12.913323790004585,-9.976500087314182,15.127455711364746,97.81825260193956,2906.4435327674273,,,0.0,-1,-1,0,176,prompt
53,3849,17,13.810304685228934,-15.714617504793054,9.828935679267435,98.5710155432485,2928.81014558536,,,0.0,-1,-1,0,176,prompt
53,3911,151,33.70646428904626,24.958134395397263,9.370096121402765,169.7920736431925,5044.979451469393,,,0.0,-1,-1,0,176,prompt
53,3933,14,15.221369012944463,-20.966485704694474,17.831014769417898,96.14240599582469,2856.649620070235,,,0.0,-1,-1,0,176,prompt
53,3951,10,-18.52082444553782,-14.477009916305542,-8.062572097778318,50.174705211033675,1490.8255217209776,,,0.0,-1,-1,0,176,prompt
53,4001,16,15.765588260878843,-20.86751252412796,17.846850633621216,111.75723344029927,3320.6081659865695,,,0.0,-1,-1,0,176,prompt
53,4037,17,11.112299990388188,-11.635989525738884,18.40899175756118,99.33200748689657,2951.4212642086363,,,0.0,-1,-1,0,176,prompt
53,4057,15,17.517192049774835,-20.2042599995931,20.25015385945638,101.24721396784219,3008.3272029510777,,,0.0,-1,-1,0,176,prompt
53,4281,19,12.669432316469564,-19.131834783052142,19.05337088986447,99.42858322239142,2954.2907892142966,,,0.0,-1,-1,0,176,prompt
53,4313,25,22.09177888834056,-12.217886962890624,27.43046142578125,152.33251785604403,4526.209061969063,,,0.0,-1,-1,0,176,prompt
53,4325,18,3.808568790610634,-12.735433419545492,14.948864301045736,98.82620659566528,2936.392558521472,,,0.0,-1,-1,0,176,prompt
53,4501,20,-4.947489831430008,-20.849499320983888,19.388168621063233,98.28334396508004,2920.2626488177457,,,0.0,-1,-1,0,176,prompt
53,4553,9,-21.301068588636884,-22.440966818067764,-27.11996629503038,49.09084611273226,1458.6211510345724,,,0.0,-1,-1,0,176,prompt
53,4603,24,24.129280025994593,-15.047887563705444,30.283305923144024,153.33956519931905,4556.131148698245,,,0.0,-1,-1,0,176,prompt
53,4611,29,24.418329321999714,-4.802862907278127,19.401160881437104,154.70229806105726,4596.621609399956,,,0.0,-1,-1,0,176,prompt
53,4625,34,9.013372161909409,-14.287423919228946,12.290753757252412,207.5773951858157,6167.683042158124,,,0.0,-1,-1,0,176,prompt
53,4723,22,4.497900200256503,-21.33484614979137,23.006470506841485,112.00813168715071,3328.0630281165586,,,0.0,-1,-1,0,176,prompt
53,4861,13,-27.46603394664733,-10.999731063842773,-34.267422456007736,56.90054452042626,1690.6683081461915,,,0.0,-1,-1,0,176,prompt
53,4927,19,4.953978723953543,-9.96191426327354,13.128200405522398,105.99320840058567,3149.343469942991,,,0.0,-1,-1,0,176,prompt
53,4967,18,9.247440864839344,-16.83534370528327,13.331252442465889,105.15023035703902,3124.2963236511696,,,0.0,-1,-1,0,176,prompt
53,5025,22,4.180286478665881,-21.013632926073942,10.005528775128452,99.1814566650188,2946.9479941290724,,,0.0,-1,-1,0,176,prompt
53,5029,17,11.680449256096038,-18.140276516185086,10.011512083165785,104.18015901352368,3095.4728933844617,,,0.0,-1,-1,0,176,prompt
53,5063,20,5.377517061980239,-5.981743335723877,11.105784893035889,97.5961018697554,2899.8428366633602,,,0.0,-1,-1,0,176,prompt
53,5089,15,12.202992539778473,-19.30083246231079,17.177761205037434,96.59235841556219,2870.018917370207,,,0.0,-1,-1,0,176,prompt
53,5235,16,12.457611328764436,-21.60016167163849,20.66777765750885,101.9929400517164,3030.4847317970716,,,0.0,-1,-1,0,176,prompt
53,5249,16,19.4033099224358,-19.315612494945526,17.874562859535217,104.65226020197352,3109.5002902095266,,,0.0,-1,-1,0,176,prompt
53,5259,16,13.76670236413095,-16.86478841304779,20.446077823638916,104.5452564822433,3106.3209217284975,,,0.0,-1,-1,0,176,prompt
53,5321,16,16.60771694521523,-19.771136701107025,21.76242160797119,102.11076890118596,3033.985744015188,,,0.0,-1,-1,0,176,prompt
53,5457,22,3.402770231835416,-10.81543289531361,22.604638879949395,104.48992304474875,3104.6768163874804,0.6844663023948669,39.594383239746094,39.594383239746094,5,13,1,176,prompt
53,5459,16,12.7469683411549,-21.116925060749054,13.714775443077087,103.49628202715708,3075.1530676733837,,,0.0,-1,-1,0,176,prompt
53,5507,9,-14.219333675524101,0.7543958889113536,57.01559490627713,2.6823225814642675,79.69902254764128,,,0.0,-1,-1,0,176,prompt
53,5533,15,17.463976967036356,-23.219380124409994,18.358314005533853,96.76555344489861,2875.1650077933396,,,0.0,-1,-1,0,176,prompt
53,5577,16,10.84970683079711,-12.494873464107513,19.20074737071991,96.07642940896748,2854.6892781188662,,,0.0,-1,-1,0,176,prompt
53,5615,15,10.92902345901935,-16.65705992380778,14.512407302856445,95.96221222947504,2851.295578335477,,,0.0,-1,-1,0,176,prompt
53,5643,19,8.216333861746238,-11.067497253417969,15.353951604742752,111.95011728641649,3326.3392641426967,,,0.0,-1,-1,0,176,prompt
54,23,21,4.435435107668169,-16.29231053306943,18.298016922814504,100.52844458597463,2986.970630267435,0.32984817028045654,297.5657653808594,361.25189208984375,4,1,2,176,prompt
54,119,15,10.436251792861055,-16.243219884236655,16.286007022857667,95.62643471828954,2841.3187248354934,,,0.0,-1,-1,0,176,prompt
54,127,16,8.530205709166022,-19.824829697608948,20.86003351211548,96.92908103914789,2880.023852703082,,,0.0,-1,-1,0,176,prompt
54,161,21,12.55549844342356,-5.447485753468105,17.60958380926223,99.58386899742591,2958.904747494827,,,0.0,-1,-1,0,176,prompt
54,371,16,12.364341123240992,-17.065703749656677,18.59681987762451,96.43498145285074,2865.342824276001,,,0.0,-1,-1,0,176,prompt
54,391,17,11.422199589865198,-20.984883027918197,18.75621301987592,111.7779009513476,3321.222253360111,,,0.0,-1,-1,0,176,prompt
54,433,22,8.488639897532053,-16.918481306596235,16.45160549337214,112.69768690283615,3348.5515693019215,,,0.0,-1,-1,0,176,prompt
54,439,15,10.966274016936284,-22.5561274210612,17.720926157633464,96.27049322473388,2860.4554363488005,,,0.0,-1,-1,0,176,prompt
54,505,15,11.17487714127111,-20.5127924601237,20.591941197713215,97.3283342405091,2891.886739783627,,,0.0,-1,-1,0,176,prompt
54,513,17,16.972036694623103,-14.12359405966366,15.389959391425638,104.34992404940948,3100.5170694713956,,,0.0,-1,-1,0,176,prompt
54,599,12,-7.915882872738128,-23.784252961476643,-8.45703411102295,50.85879141555162,1511.1515638663795,,,0.0,-1,-1,0,176,prompt
54,637,16,10.560022872755654,-21.726600110530853,11.38692569732666,102.97391441751707,3059.6321201980313,,,0.0,-1,-1,0,176,prompt
54,651,23,28.599676686730735,-16.60822167603866,32.223092120626696,161.13368768456112,4787.715503235978,,,0.0,-1,-1,0,176,prompt
54,655,29,25.226907806427736,-5.166947726545663,27.79048876926817,154.23058066485643,4582.605616075467,,,0.0,-1,-1,0,176,prompt
54,659,27,16.314044870074127,-8.650405389291269,32.654491106669106,154.16034112296921,4580.5186102577145,,,0.0,-1,-1,0,176,prompt
54,805,17,15.764367346358153,-10.602476344389075,9.388277053833008,98.64402368123271,2930.979413843985,,,0.0,-1,-1,0,176,prompt
54,825,17,9.159484132508233,-13.11290303398581,15.764892914715935,102.87377767105639,3056.6567879732024,,,0.0,-1,-1,0,176,prompt
54,929,12,-11.638217946554684,3.0853246053059897,-1.5326894124348953,49.880372637166914,1482.0801088451312,,,0.0,-1,-1,0,176,prompt
54,999,15,17.374575628035718,-20.23381996154785,20.191033681233723,103.59366518992846,3078.046583516374,,,0.0,-1,-1,0,176,prompt
54,1015,18,16.30239540800322,-7.386920770009358,17.10169219970703,96.77282423781725,2875.3810426180708,,,0.0,-1,-1,0,176,prompt
54,1077,17,19.404096010703224,-17.749041332918054,20.47601800806382,104.3337448936815,3100.0363432134586,,,0.0,-1,-1,0,176,prompt
54,1089,21,4.7866546537421115,-7.0600894292195635,23.563392094203405,106.25616088977257,3157.1564960530814,0.378191202878952,103.33782958984375,159.5753631591797,5,6,2,176,prompt
54,1151,16,21.215283489680917,-22.253137469291687,17.070900321006775,101.40099915611391,3012.8965747605153,,,0.0,-1,-1,0,176,prompt
54,1169,17,4.486897470860725,-9.270646151374368,18.987174651202032,97.95421975281934,2910.483482734142,,,0.0,-1,-1,0,176,prompt
54,1209,11,-10.740527862267335,-24.243399013172496,3.64413781599565,49.03761963121024,1457.0396490257278,,,0.0,-1,-1,0,176,prompt
54,1295,16,9.192733489260052,-21.948300004005432,10.860388040542603,99.01586133702898,2942.0277112852245,,,0.0,-1,-1,0,176,prompt
54,1397,18,19.963553124583814,-13.84393342336019,22.864911821153427,99.53211364585606,2957.3669567159586,,,0.0,-1,-1,0,176,prompt
54,1413,19,3.554706884043816,-13.580583396710848,19.570627513684723,106.232785434957,3156.4619483826095,,,0.0,-1,-1,0,176,prompt
54,1435,16,17.219507261787825,-20.645812571048737,15.072688043117523,97.82476279465219,2906.6369681131146,,,0.0,-1,-1,0,176,prompt
54,1443,17,10.92166478222506,-14.314321293550378,17.823768840116614,104.29986970504855,3099.0298201944456,,,0.0,-1,-1,0,176,prompt
54,1449,15,18.19728080717256,-20.23381996154785,20.16147371927897,102.87117979783216,3056.579598168328,,,0.0,-1,-1,0,176,prompt
54,1461,17,7.26033705488614,-15.862960983725156,20.806418699376724,95.66218877212013,2842.3810739959213,,,0.0,-1,-1,0,176,prompt
54,1487,20,16.778257815162988,-15.697745609283448,11.385680985450744,105.96093132152068,3148.3844310600643,,,0.0,-1,-1,0,176,prompt
54,1501,18,13.680665665087627,-24.953566710154217,8.320889366997612,103.74017555403971,3082.3998007220353,,,0.0,-1,-1,0,176,prompt
54,1575,16,12.844751055686853,-17.931719541549683,21.440263748168945,105.37262860173864,3130.904374018174,,,0.0,-1,-1,0,176,prompt
54,1593,22,23.824890684441083,-17.03940842368386,30.09794989499179,145.04569347452352,4309.697899330871,,,0.0,-1,-1,0,176,prompt
54,1607,26,20.733832957548547,-14.876283132112944,25.701647134927605,155.01994289253145,4606.059692187142,,,0.0,-1,-1,0,176,prompt
54,1637,16,15.687761202373823,-21.006074905395508,17.846850514411926,109.28564080130906,3247.1704971451372,,,0.0,-1,-1,0,176,prompt
54,1681,17,8.25403462022426,-20.839799937079935,17.874303481158087,95.80580201383226,2846.648209898385,,,0.0,-1,-1,0,176,prompt
54,1703,16,12.538431735673498,-14.80020694155246,16.577271699905396,96.66304233130329,2872.1191267310555,,,0.0,-1,-1,0,176,prompt
54,1737,19,10.741926003805387,-18.85908563513505,18.308979335584137,113.6963117410245,3378.223400738378,,,0.0,-1,-1,0,176,prompt
54,1739,18,4.3101409333340595,-11.185073057810465,9.32266773117913,98.72427274249588,2933.3638294199636,,,0.0,-1,-1,0,176,prompt
54,1801,18,8.500655870409396,-23.32776641845703,9.456611527336968,104.61602122483448,3108.423532672583,,,0.0,-1,-1,0,176,prompt
54,1811,21,18.608151593414608,-12.384848049708776,2.547541482107979,107.01103131605615,3179.585727921263,,,0.0,-1,-1,0,176,prompt
54,1819,16,18.712517278253078,-17.40344989299774,17.791425466537476,103.2777707680919,3068.660510110213,,,0.0,-1,-1,0,176,prompt
54,1869,24,-1.0059456582491586,-16.191027919451397,12.867102444171906,106.56477057731233,3166.3261203986453,,,0.0,-1,-1,0,176,prompt
54,1911,14,15.72767251442768,-20.966485704694474,17.894357545035227,96.90437014622198,2879.2896255724277,,,0.0,-1,-1,0,176,prompt
54,1939,15,9.879113862085156,-13.4904452641805,14.97738889058431,90.39959465988473,2686.0152402559793,,,0.0,-1,-1,0,176,prompt
54,1997,18,13.111860579475135,-16.34267716937595,19.50757058461507,109.29329970440513,3247.3980637677214,,,0.0,-1,-1,0,176,prompt
54,2053,16,13.9353276575585,-18.291982054710388,15.122365355491638,96.87560758802188,2878.435012562659,,,0.0,-1,-1,0,176,prompt
54,2261,23,0.8618223711541438,-0.8434238433837891,26.93641239663829,99.08832127226549,2944.1806909648953,,,0.0,-1,-1,0,176,prompt
54,2281,20,3.620501537891657,-4.7693212032318115,16.956837797164916,98.79641784476928,2935.507454565023,,,0.0,-1,-1,0,176,prompt
54,2415,21,18.78769767145005,-19.440978686014812,11.37421262831915,104.7962487850736,3113.778578514745,,,0.0,-1,-1,0,176,prompt
54,2419,15,14.39899559559573,-19.001537545522055,20.037691370646158,96.76723687726339,2875.215027099341,,,0.0,-1,-1,0,176,prompt
54,2421,18,13.341148882186689,-10.17202705807156,17.447117699517143,97.74948898600866,2904.40038068184,,,0.0,-1,-1,0,176,prompt
54,2433,15,15.981056019914684,-23.426300112406413,20.131913884480795,96.44302944381235,2865.5819517461805,,,0.0,-1,-1,0,176,prompt
54,2453,21,15.417937426862622,-12.44687134878976,9.85968253726051,96.95825211696163,2880.890603929978,,,0.0,-1,-1,0,176,prompt
54,2457,10,3.3733489379224557,-37.60032005310059,-21.705559539794923,48.955060496684744,1454.5865949562694,,,0.0,-1,-1,0,176,prompt
54,2463,13,-13.018638441800402,-13.00568962097168,-20.848856559166542,57.62127995014671,1712.0832974025602,,,0.0,-1,-1,0,176,prompt
54,2615,20,7.873712506871476,-13.228561800718307,17.000233602523803,99.70231967868132,2962.424236008772,,,0.0,-1,-1,0,176,prompt
54,2621,20,5.331361929040771,-17.573881912231446,18.842673432826995,112.14923925813805,3332.2557137985414,,,0.0,-1,-1,0,176,prompt
54,2633,16,18.02704049372808,-20.11927503347397,15.463575839996338,102.63518355637825,3049.567514722896,,,0.0,-1,-1,0,176,prompt
54,2645,18,10.592432093141046,-21.989868733617996,13.863948345184326,106.23696830835446,3156.5862328081757,,,0.0,-1,-1,0,176,prompt
54,2679,14,16.319500256026306,-20.903142860957555,17.799343517848424,97.43426284290518,2895.0341636353073,,,0.0,-1,-1,0,176,prompt
54,2867,19,9.1691639221478,-13.856249859458522,17.795568968120374,111.60618701436691,3316.120170176776,,,0.0,-1,-1,0,176,prompt
54,2869,17,8.024124690787922,-11.516989062814151,17.27552025458392,96.70480695948706,2873.3600662311414,,,0.0,-1,-1,0,176,prompt
54,2891,15,12.789771493584206,-21.68226000467936,15.310527038574218,103.57939795032868,3077.6226654319444,,,0.0,-1,-1,0,176,prompt
54,2899,15,12.695048646309715,-21.62314001719157,15.280967203776042,102.48080592640015,3044.9805398759854,,,0.0,-1,-1,0,176,prompt
54,2935,20,5.366341894605157,-19.835221928358077,10.939068579673767,97.22788532228944,2888.902132095722,,,0.0,-1,-1,0,176,prompt
54,2945,22,6.193280250871959,-9.902180118994279,25.59632934223522,114.50476281707805,3402.244657907186,0.5340519547462463,60.421302795410156,60.421302795410156,5,15,1,176,prompt
54,2999,15,18.025928240754663,-23.18981997172038,17.737553787231445,97.771902343104,2905.066341839851,,,0.0,-1,-1,0,176,prompt
54,3013,16,16.106829978939324,-20.89522498846054,17.763713121414185,110.97946143528405,3297.498466581662,,,0.0,-1,-1,0,176,prompt
54,3085,20,5.038949568285743,-18.323504948616026,18.192815399169923,104.89314462298812,3116.6576146247503,,,0.0,-1,-1,0,176,prompt
54,3117,19,2.0610387786602726,-9.582690489919562,20.81092673853824,102.64794673706052,3049.9467431691714,,,0.0,-1,-1,0,176,prompt
54,3119,17,5.262585559248635,-18.53151169945212,18.219894521376666,103.48008343318048,3074.671763852768,,,0.0,-1,-1,0,176,prompt
54,3135,21,14.48325673070921,-6.48736404237293,21.42599105834961,104.379932468396,3101.408700357984,,,0.0,-1,-1,0,176,prompt
54,3203,17,19.542773572066306,-18.74017059101778,19.435465195599726,104.32006963036355,3099.6300143374865,,,0.0,-1,-1,0,176,prompt
54,3309,19,6.765807494777876,-21.872455371053594,17.53011211596037,105.67722544032861,3139.954765822083,,,0.0,-1,-1,0,176,prompt
54,3337,20,6.986190937592785,-5.082472407817841,13.96665916442871,99.04424235804849,2942.870987798568,,,0.0,-1,-1,0,176,prompt
54,3363,15,-24.597327060800684,-12.15470248858134,-1.1587589263916003,57.137540953737414,1697.7101099834133,,,0.0,-1,-1,0,176,prompt
54,3367,12,-33.37274220421751,-27.680169105529785,-1.0839354197184246,58.77955540501432,1746.498778311453,,,0.0,-1,-1,0,176,prompt
54,3373,15,-8.90075345621577,-11.33626028696696,-23.07019147872925,50.18484010155905,1491.12665659345,,,0.0,-1,-1,0,176,prompt
54,3375,8,-17.634633339777224,-31.980225086212158,-18.867799520492554,54.52582679091056,1620.1090535744918,,,0.0,-1,-1,0,176,prompt
54,3379,16,-6.140459846028268,0.05888906121253967,6.31443452835083,52.15103508501399,1549.5476009654324,0.32188910245895386,135.80291748046875,191.6153106689453,0,6,2,176,prompt
54,3381,15,-33.97024684118498,-13.939387671152751,10.139374415079752,53.04241613421918,1576.0329308172813,,,0.0,-1,-1,0,176,prompt
54,3419,24,22.53071365403511,-13.253503113985062,28.415021340052288,139.74587573413305,4152.226051422411,,,0.0,-1,-1,0,176,prompt
54,3471,20,10.138386363606426,-14.011440086364747,7.890190505981446,112.19153384503849,3333.512399798322,,,0.0,-1,-1,0,176,prompt
54,3523,14,15.760741887272303,-20.90314292907715,17.831014769417898,97.06652977168287,2884.1078244479977,,,0.0,-1,-1,0,176,prompt
54,3553,16,7.9188917975916535,-16.84746804833412,16.542630910873413,98.00783277879654,2912.076470019016,,,0.0,-1,-1,0,176,prompt
54,3583,19,2.179400767284255,-16.545821039300215,15.493508288734837,105.99580321043852,3149.420568726857,,,0.0,-1,-1,0,176,prompt
54,3587,24,6.59503410097319,-3.6973095933596283,25.315840085347492,100.37571859846145,2982.432730163049,0.4925467073917389,110.47496032714844,110.47496032714844,4,14,1,176,prompt
54,3661,20,4.716989279932167,-28.761418056488036,19.5678582906723,101.38626846695459,3012.458886342439,,,0.0,-1,-1,0,176,prompt
54,3713,15,17.983356174563887,-20.174699974060058,20.250153986612954,102.79802372303035,3054.405934308726,,,0.0,-1,-1,0,176,prompt
54,3735,24,23.470525413338624,-17.532774964968365,24.965550581614178,156.02247737895544,4635.847689794304,,,0.0,-1,-1,0,176,prompt
54,3783,22,11.822322944357866,-1.3591720841147679,14.607464530251242,99.34202112896799,2951.7187964632385,,,0.0,-1,-1,0,176,prompt
54,3837,25,10.846542513904161,-10.536292533874512,15.522551803588867,113.06065188071803,3359.3362356042203,,,0.0,-1,-1,0,176,prompt
54,3865,17,11.573393030822162,-19.446024291655597,18.325854245354147,110.50159560897089,3283.2997868519146,,,0.0,-1,-1,0,176,prompt
54,3891,20,5.552732154339936,-10.61111614704132,18.72810778617859,97.80718271319351,2906.1146165815553,,,0.0,-1,-1,0,176,prompt
54,3961,15,-8.541226891199273,-8.893865076700846,9.617120107014975,58.37516989271477,1734.4833964608822,,,0.0,-1,-1,0,176,prompt
54,4007,15,12.600325799035234,-16.703247515360513,18.633591334025066,96.39576743199657,2864.1776701838576,,,0.0,-1,-1,0,176,prompt
54,4031,17,21.987839476260888,-18.76625291038962,23.660806319292853,103.80785379747908,3084.4107034699496,,,0.0,-1,-1,0,176,prompt
54,4237,17,9.817926676593956,-18.389689080855426,11.049396851483513,97.80635807779154,2906.0901144445083,,,0.0,-1,-1,0,176,prompt
54,4257,15,13.541168461851493,-21.65270004272461,15.251407114664714,104.36148337112795,3100.8605280280367,,,0.0,-1,-1,0,176,prompt
54,4261,17,8.047925595760171,-14.314321461845847,10.433201060575598,98.33895770342899,2921.9150826514915,,,0.0,-1,-1,0,176,prompt
54,4269,22,8.565668578470202,-18.04083735292608,21.564561757174406,98.42950428715942,2924.605465332609,,,0.0,-1,-1,0,176,prompt
54,4431,19,2.9757827997257604,-15.011423713282534,15.607739900287829,98.22868063718208,2918.6384542362384,,,0.0,-1,-1,0,176,prompt
54,4543,18,22.216906197225526,-21.455633269415962,25.99334494272868,105.56724756977023,3136.6870273159307,,,0.0,-1,-1,0,176,prompt
54,4571,21,-0.8223160295590878,-12.08660888671875,8.332435448964437,105.98911977424005,3149.2219858509725,,,0.0,-1,-1,0,176,prompt
54,4591,16,12.975460602663233,-15.851550161838531,18.73365044593811,104.63665812073626,3109.0367103877293,0.4027988612651825,198.23667907714844,198.23667907714844,7,14,1,176,prompt
54,4593,21,13.149454471268152,-12.71211967014131,10.029496238345192,113.79571335165397,3381.1768900992674,,,0.0,-1,-1,0,176,prompt
54,4667,22,22.062024233443648,-15.23053806478327,31.271952455694024,145.53889570705192,4324.352264962529,,,0.0,-1,-1,0,176,prompt
54,4693,36,6.574568025121156,-22.275461461808945,24.39319308598836,211.61216648648988,6287.566955856329,,,0.0,-1,-1,0,176,prompt
54,4837,18,23.824001695927507,-14.977066728803846,9.946689340803358,97.61110936521165,2900.2887497414577,,,0.0,-1,-1,0,176,prompt
54,4885,22,15.368341624994775,-9.895881826227361,22.385859511115335,106.45698081233999,3163.1233963980717,,,0.0,-1,-1,0,176,prompt
54,4901,19,12.565368646558218,-13.828537539431924,14.611548473960475,105.2370909892355,3126.8771867926002,,,0.0,-1,-1,0,176,prompt
54,4911,15,12.26826368274714,-22.397242546081543,18.219751358032227,95.76661253553723,2845.483785031723,,,0.0,-1,-1,0,176,prompt
54,4985,15,12.930259312013785,-21.7118200302124,15.340087127685546,103.32017754497878,3069.9205295764154,,,0.0,-1,-1,0,176,prompt
54,4989,25,20.026828047985365,-16.719505519866942,24.396849975585937,145.75683356078892,4330.827785110253,,,0.0,-1,-1,0,176,prompt
54,5039,15,11.217449207461891,-21.97786013285319,15.872167015075684,95.62309681071099,2841.219546618376,,,0.0,-1,-1,0,176,prompt
54,5045,18,18.854482096422696,-27.399964650472004,8.380442513359917,97.35015723369524,2892.5351596411106,,,0.0,-1,-1,0,176,prompt
54,5205,21,-1.0320216248538536,-17.535414309728715,17.981302851722354,98.54568947813746,2928.0576400335385,,,0.0,-1,-1,0,176,prompt
54,5221,19,21.55109858727102,-12.263510578557066,16.1245318964908,105.73402570476365,3141.642454539019,,,0.0,-1,-1,0,176,prompt
54,5265,16,16.303869595802794,-15.546712398529053,19.318525582551956,103.56380084856818,3077.1592335638024,,,0.0,-1,-1,0,176,prompt
54,5513,15,11.641041266060164,-21.35710004170736,13.063967005411781,99.16518227537253,2946.4644382151305,,,0.0,-1,-1,0,176,prompt
54,5519,16,16.046963010858537,-20.92293745279312,17.902275681495667,111.02249150376493,3298.777005718521,,,0.0,-1,-1,0,176,prompt
55,53,17,8.863670878461997,-18.756472138797534,16.443034340353574,103.23588243396011,3067.4158949734942,,,0.0,-1,-1,0,176,prompt
55,159,19,6.579839541305408,-20.10468944750334,6.904026834588302,108.53874678036397,3224.9782657456217,,,0.0,-1,-1,0,176,prompt
55,163,18,17.046056201360145,-14.730733394622803,17.070900281270344,110.3962133294488,3280.16859572308,,,0.0,-1,-1,0,176,prompt
55,207,12,-25.018868663810547,-15.56749677658081,-0.1340468724568682,55.68858528694807,1654.6577377012784,,,0.0,-1,-1,0,176,prompt
55,383,15,14.924204476728546,-20.795459938049316,19.333794021606444,96.44737263131593,2865.7109995352757,,,0.0,-1,-1,0,176,prompt
55,411,18,19.56976151231909,-23.86969984902276,15.248033814960056,105.53931935849204,3135.8572049986,,,0.0,-1,-1,0,176,prompt
55,445,16,13.756724536117488,-14.77076256275177,14.632200598716736,97.69868225986635,2902.8907761173596,,,0.0,-1,-1,0,176,prompt
55,451,20,12.084044837110003,-5.86535062789917,13.278003597259522,105.00293429086739,3119.919761122817,,,0.0,-1,-1,0,176,prompt
55,527,10,-19.784380606919022,-22.93209409713745,-16.039235949516296,56.62531332047304,1682.4904484948327,,,0.0,-1,-1,0,176,prompt
55,537,10,-13.833116844891242,-12.17687258720398,-9.874087524414062,49.982153390779374,1485.1042889467826,,,0.0,-1,-1,0,176,prompt
55,653,16,11.91434107983375,-18.456525087356567,11.719475507736206,106.19425198467249,3155.3170158736393,,,0.0,-1,-1,0,176,prompt
55,701,15,17.66619428144257,-22.59862009684245,14.896687189737955,95.27300931822343,2830.817505062964,,,0.0,-1,-1,0,176,prompt
55,731,16,9.286852018237608,-23.429186820983887,15.926027774810791,97.35816944024592,2892.7732238601384,,,0.0,-1,-1,0,176,prompt
55,733,17,12.791700079290221,-18.044097900390625,18.514951257144702,109.64988824244995,3257.9932688822196,,,0.0,-1,-1,0,176,prompt
55,741,18,17.088918885907365,-16.487397723727756,16.48123992813958,98.52438019636736,2927.424483924722,,,0.0,-1,-1,0,176,prompt
55,905,18,6.112781873186656,-17.384974996248882,13.973258720503914,102.79829864454045,3054.4141029666575,0.3195403218269348,119.70195007324219,119.70195007324219,5,7,1,176,prompt
55,1021,15,17.865218690884472,-20.263379923502605,20.279713821411132,103.68216828206596,3080.6762485628315,,,0.0,-1,-1,0,176,prompt
55,1039,21,8.809304757417404,-8.881196430751256,17.979083651588077,103.87961198963689,3086.5428324742243,,,0.0,-1,-1,0,176,prompt
55,1099,16,11.113270949699803,-19.11989325284958,14.21131706237793,98.98909087638697,2941.232288855028,,,0.0,-1,-1,0,176,prompt
55,1121,25,12.75243996718948,-23.04793186187744,16.463668384552,106.59343297136449,3167.177757262018,,,0.0,-1,-1,0,176,prompt
55,1199,14,15.004707604652095,-20.839800085340226,17.926029205322266,98.05374580122562,2913.4406694762674,,,0.0,-1,-1,0,176,prompt
55,1235,18,4.595728544030547,-13.061824904547798,14.690704451666939,105.89256394105516,3146.353052196502,,,0.0,-1,-1,0,176,prompt
55,1255,17,6.152842590473495,-18.24134568607106,16.964681400972253,106.5182908374603,3164.9450822416115,,,0.0,-1,-1,0,176,prompt
55,1289,17,10.44791519457628,-20.913156705744125,10.795093872967888,96.92430141933437,2879.8818373355343,,,0.0,-1,-1,0,176,prompt
55,1343,15,14.163784929891664,-21.65270004272461,15.251407114664712,103.6661335760625,3080.199814294953,,,0.0,-1,-1,0,176,prompt
55,1425,16,20.803199192724843,-18.04083752632141,18.151687920093536,103.0232695962307,3061.098595382009,,,0.0,-1,-1,0,176,prompt
55,1455,18,8.520035214660409,-22.707314623726738,12.962242974175346,104.01261462340855,3090.494698659566,,,0.0,-1,-1,0,176,prompt
55,1477,12,-15.764153163389713,-8.491572062174479,-5.635713418324788,55.026030612574466,1634.971455262005,,,0.0,-1,-1,0,176,prompt
55,1491,10,-23.822332047328807,-26.04420762062073,-6.581842231750488,55.17668947563719,1639.4479355359335,,,0.0,-1,-1,0,176,prompt
55,1495,7,-17.770046719959954,-31.956471579415457,-18.899471010480607,49.430109441494544,1468.7015775557752,,,0.0,-1,-1,0,176,prompt
55,1543,23,28.381032107653077,-17.668525986049485,31.06639621568763,149.8747445419811,4453.182002461715,,,0.0,-1,-1,0,176,prompt
55,1571,17,10.228308873477147,-18.391319106606876,19.849522646735696,105.95663049791756,3148.2566420164626,,,0.0,-1,-1,0,176,prompt
55,1663,18,11.590372660090818,-12.904787487453884,20.48828517066108,109.86552566807653,3264.400437119884,,,0.0,-1,-1,0,176,prompt
55,1683,16,20.093775620967527,-20.839800119400024,20.094475626945496,104.38897004618212,3101.6772311158907,,,0.0,-1,-1,0,176,prompt
55,1705,22,4.607224790441196,-10.34054166620428,12.662951989607377,105.8909853229853,3146.306147205278,,,0.0,-1,-1,0,176,prompt
55,1725,15,19.114708833583894,-23.60366007486979,15.547007115681964,97.99749911375588,2911.769429020754,,,0.0,-1,-1,0,176,prompt
55,1775,16,15.21381437173427,-15.759752333164215,20.065030932426453,102.3191499602419,3040.1773060737432,,,0.0,-1,-1,0,176,prompt
55,1805,12,5.754613360777274,-11.574587802092234,-6.659501850605011,49.31744807925058,1465.3541052898452,,,0.0,-1,-1,0,176,prompt
55,1815,22,1.9894219035649796,1.6866835680874912,20.935189593922008,106.02812412005997,3150.380909933572,,,0.0,-1,-1,0,176,prompt
55,1825,16,11.111125924749876,-22.930361688137054,14.665109068155289,103.79092421989237,3083.907680159059,,,0.0,-1,-1,0,176,prompt
55,1873,14,15.612499871072263,-20.90314292907715,17.8943578175136,96.40967163743878,2864.59080154647,,,0.0,-1,-1,0,176,prompt
55,1889,21,5.910751317888406,-8.192342860358101,13.52037189120338,98.90233213013379,2938.6544530191672,,,0.0,-1,-1,0,176,prompt
55,1893,17,8.048541022867923,-24.370698423946607,18.845871027778177,99.41708125930134,2953.9490349368675,,,0.0,-1,-1,0,176,prompt
55,1965,17,11.730221009951437,-16.42699196759392,19.199612785788144,109.73585519078203,3260.547578270962,,,0.0,-1,-1,0,176,prompt
55,2013,16,14.970355368205738,-19.980712413787842,17.929988026618958,103.00031963352559,3060.4166902272227,,,0.0,-1,-1,0,176,prompt
55,2059,16,15.140127903781865,-14.46592503786087,8.17227554321289,100.32202209706568,2980.8372625988404,,,0.0,-1,-1,0,176,prompt
55,2121,15,13.973274933687918,-21.800499979654948,13.270887120564778,95.57968883871136,2839.929778950963,,,0.0,-1,-1,0,176,prompt
55,2177,19,10.213981123892504,-8.989059937627692,17.31232329418785,103.88906789473069,3086.823792862244,,,0.0,-1,-1,0,176,prompt
55,2271,16,13.280455194224245,-21.061500012874603,8.587962985038757,97.02380726120303,2882.838423687047,,,0.0,-1,-1,0,176,prompt
55,2415,18,13.753989244519412,-13.232718573676216,17.915641493267483,111.42898823053604,3310.855117432732,,,0.0,-1,-1,0,176,prompt
55,2449,12,-21.687863727251436,-21.511828343073528,-9.962746620178223,58.32292903014752,1732.931179843676,,,0.0,-1,-1,0,176,prompt
55,2585,18,7.431032707366023,-9.85025405883789,13.508304437001547,105.39317346592152,3131.514817223278,,,0.0,-1,-1,0,176,prompt
55,2587,16,12.15296062870278,-15.091188222169876,22.489874601364136,98.55936413704437,2928.4639509508324,,,0.0,-1,-1,0,176,prompt
55,2591,16,14.32179654733056,-11.339608609676361,22.59726059436798,97.83832856451875,2907.0400436439786,,,0.0,-1,-1,0,176,prompt
55,2611,15,13.411323659969609,-21.593580055236817,15.399207305908202,105.59390360808138,3137.4790499507435,,,0.0,-1,-1,0,176,prompt
55,2627,17,15.968149810256671,-20.696347124436322,14.422171087826,104.56304240144183,3106.849389253258,,,0.0,-1,-1,0,176,prompt
55,2635,10,-21.46201303070761,-29.317053842544556,-5.476113510131836,49.70811843880877,1476.9619730423233,,,0.0,-1,-1,0,176,prompt
55,2661,18,14.902680966377956,-11.416010326809353,21.0497428311242,105.8011628588065,3143.6372800647855,,,0.0,-1,-1,0,176,prompt
55,2799,23,5.660399399713426,-19.787929617840312,23.08196507329526,101.63058555751526,3019.7182046078588,,,0.0,-1,-1,0,176,prompt
55,2803,23,-0.35957160371219343,-18.37338748185531,18.513017301974088,106.82466903913156,3174.04840313666,,,0.0,-1,-1,0,176,prompt
55,2811,15,12.116784105742143,-15.572577412923177,18.127376302083334,98.72801641069617,2933.4750638771343,,,0.0,-1,-1,0,176,prompt
55,2831,23,-1.3480878948179618,-30.653639793395996,13.864930152893066,105.54138412240577,3135.9185546911594,,,0.0,-1,-1,0,176,prompt
55,2871,18,19.114639702152022,-23.524833308325874,12.929911507500542,111.31137923639798,3307.360637708187,,,0.0,-1,-1,0,176,prompt
55,3049,11,-17.72298247146008,-5.628157182173296,-3.08999980579723,49.19823312283554,1461.8119081040945,,,0.0,-1,-1,0,176,prompt
55,3053,8,-18.231307454982392,-33.58755016326904,-23.468074798583984,47.41843056478041,1408.92918430905,,,0.0,-1,-1,0,176,prompt
55,3077,20,13.050696815054426,-11.89281930923462,16.323607158660888,106.13786166758422,3153.641507795624,0.35286402702331543,95.48461151123047,95.48461151123047,6,15,1,176,prompt
55,3083,16,12.013121577167048,-20.53323046863079,16.026485562324524,103.54490357067579,3076.5977445813646,,,0.0,-1,-1,0,176,prompt
55,3109,17,15.47324954078884,-20.957170542548685,10.011512307559743,107.25092916927336,3186.71373875218,,,0.0,-1,-1,0,176,prompt
55,3115,23,13.265624945592174,-18.77582118822181,14.950099882872209,97.84789405706714,2907.324260170193,,,0.0,-1,-1,0,176,prompt
55,3173,16,9.208027176931243,-21.948300004005432,10.444700241088867,104.22624226656643,3096.8421508513693,,,0.0,-1,-1,0,176,prompt
55,3189,20,13.945889555300486,-12.711723852157593,19.874523162841797,108.31868052632187,3218.4395050968924,0.3409081995487213,83.04981231689453,83.04981231689453,5,7,1,176,prompt
55,3263,14,15.653551506327663,-20.87147147314889,17.799343517848424,96.91685929653718,2879.6607118390293,,,0.0,-1,-1,0,176,prompt
55,3295,19,14.872812064495951,-4.794262534693668,19.164220809936523,96.37170745442063,2863.462783499993,,,0.0,-1,-1,0,176,prompt
55,3301,19,12.279122760572417,-16.38392172361675,15.308736801147461,105.11853975845656,3123.354710681714,,,0.0,-1,-1,0,176,prompt
55,3323,16,10.488509456709703,-16.68292510509491,12.55085039138794,103.45552336709856,3073.9420181935548,,,0.0,-1,-1,0,176,prompt
55,3381,17,9.362775887886167,-22.127616142525394,20.92215908274931,96.65204826998401,2871.7924635820996,,,0.0,-1,-1,0,176,prompt
55,3457,15,13.583740528042274,-21.6527001063029,15.31052729288737,104.56101237011326,3106.789071559276,,,0.0,-1,-1,0,176,prompt
55,3495,15,10.761928099220535,-21.794957542419432,17.410546429951985,97.29265739933743,2890.8266848190888,,,0.0,-1,-1,0,176,prompt
55,3513,16,15.804501790131354,-19.66375070810318,22.929810404777527,103.20844607023132,3066.600686770515,,,0.0,-1,-1,0,176,prompt
55,3517,17,5.874872040639573,-13.538371310514563,18.07103213141946,98.10070254708806,2914.8358807655864,,,0.0,-1,-1,0,176,prompt
55,3531,19,16.282292622690633,-18.98160377301668,23.35464261707507,104.47553237778067,3104.249230943772,,,0.0,-1,-1,0,176,prompt
55,3537,16,9.805699074937753,-20.51244606077671,14.74824658036232,103.98378253708793,3089.638019782222,,,0.0,-1,-1,0,176,prompt
55,3539,15,12.51837457161798,-21.107687505086265,16.760226233800253,96.52763458889648,2868.0957982955497,,,0.0,-1,-1,0,176,prompt
55,3547,20,1.699707645339256,-19.34193935394287,22.702142572402956,104.4614473283692,3103.830726220147,,,0.0,-1,-1,0,176,prompt
55,3549,18,11.793609745295766,-20.231664657592773,17.0878357357449,104.65083838945311,3109.458044333171,,,0.0,-1,-1,0,176,prompt
55,3581,19,8.191691632786204,-17.57555906396163,18.99741614492316,102.53781249820861,3046.6743585401996,,,0.0,-1,-1,0,176,prompt
55,3643,8,-15.66301452431668,-33.42127537727356,-19.588324546813965,50.09446900484568,1488.4414881038788,,,0.0,-1,-1,0,176,prompt
55,3689,20,9.638137645406628,-11.715459489822388,12.513138723373412,100.25730171795846,2978.9142459604222,,,0.0,-1,-1,0,176,prompt
55,3701,24,27.751866801546438,-20.35945002237956,25.519800424575806,153.19281958410826,4551.77094154931,,,0.0,-1,-1,0,176,prompt
55,3749,21,-3.9004155471235284,-23.91192867642357,21.248318286169145,93.88311986203092,2789.5201488563343,,,0.0,-1,-1,0,176,prompt
55,3751,23,7.7415484481524235,-12.679071136142896,25.662842543228813,114.47715294290427,3401.424294241936,0.3425244688987732,291.9861755371094,352.57427978515625,1,14,2,176,prompt
55,3799,16,15.222794416946387,-19.324272632598877,16.144263744354248,96.7864539855687,2875.786019104072,,,0.0,-1,-1,0,176,prompt
55,3845,15,9.313413547079211,-15.947620010375976,12.384086990356446,99.17365290195225,2946.7161233269194,,,0.0,-1,-1,0,176,prompt
55,3847,20,6.5201823585254335,-9.290615653991699,14.239627027511597,100.41173663664433,2983.5029230090163,,,0.0,-1,-1,0,176,prompt
55,3865,16,8.679202292217633,-23.508860170841217,18.357799768447876,103.47089064181748,3074.3986212817817,,,0.0,-1,-1,0,176,prompt
55,3875,16,11.347749908016212,-15.267855435609818,21.422943472862244,96.8430374913788,2877.4672673389214,,,0.0,-1,-1,0,176,prompt
55,3907,17,13.974953095475163,-19.240625718060663,17.207573385799634,102.60220303991656,3048.587574821828,,,0.0,-1,-1,0,176,prompt
55,3943,18,9.456753523610685,-17.081677277882893,22.601642820570206,103.43563486817798,3073.351077366801,,,0.0,-1,-1,0,176,prompt
55,3963,8,-17.68851361104993,-30.650025129318237,-23.80062460899353,47.827598998995526,1421.086679641506,,,0.0,-1,-1,0,176,prompt
55,4067,16,16.223570566696853,-15.295567870140076,20.265946626663208,104.68182894843052,3110.378857242018,,,0.0,-1,-1,0,176,prompt
55,4115,15,13.603962259482891,-21.711819966634113,15.34008700052897,101.95768525407108,3029.4372168815044,,,0.0,-1,-1,0,176,prompt
55,4121,21,7.861941057012519,-12.31622668675014,16.27626528058733,107.11718809993612,3182.739931658912,,,0.0,-1,-1,0,176,prompt
55,4357,19,14.382238846273564,-8.354589562667044,14.575084686279297,103.34300669526897,3070.598845069225,,,0.0,-1,-1,0,176,prompt
55,4365,18,5.7549304296836885,-16.034760369194878,12.919134245978462,97.92645765159227,2909.658595993466,,,0.0,-1,-1,0,176,prompt
55,4391,15,12.64928367515463,-21.593580055236817,15.487887191772462,105.3428596002568,3130.0198568699693,,,0.0,-1,-1,0,176,prompt
55,4565,13,-19.42140163449967,-11.40049618941087,-15.152097812065712,51.45428058560671,1528.8451496860198,,,0.0,-1,-1,0,176,prompt
55,4629,14,14.289724957287282,-20.99815709250314,17.831014769417898,95.94507729107113,2850.78645320204,,,0.0,-1,-1,0,176,prompt
55,4659,17,8.027881049569457,-20.657223589280072,13.150137172025794,97.70176068576768,2902.982244435532,,,0.0,-1,-1,0,176,prompt
55,4689,21,9.05677202464842,-23.398587544759113,19.020281746273948,110.85975342841665,3293.9416195400777,,,0.0,-1,-1,0,176,prompt
55,4695,15,13.9285742641876,-21.65270004272461,15.369647343953451,102.23119942405563,3037.564058951632,,,0.0,-1,-1,0,176,prompt
55,4787,14,15.54978209498763,-20.966485704694474,17.767671857561385,95.53941024043117,2838.732993398507,,,0.0,-1,-1,0,176,prompt
55,4797,19,13.037456625513551,-14.640951156616211,15.035987352070055,111.52234387733414,3313.6289649373257,,,0.0,-1,-1,0,176,prompt
55,4943,17,9.131311441646686,-14.035566217759076,13.39791971094468,96.98457978710093,2881.6728698627026,,,0.0,-1,-1,0,176,prompt
55,4971,25,1.4829554522765125,-18.91766082763672,16.12260326385498,100.56316363231697,2988.00222656998,,,0.0,-1,-1,0,176,prompt
55,4999,18,12.36152791286262,-12.439833190706041,10.959244675106472,96.41682924267478,2864.803473260541,,,0.0,-1,-1,0,176,prompt
55,5009,16,10.6990416277938,-16.747010231018066,15.652366876602173,105.54700083835377,3136.085442437651,,,0.0,-1,-1,0,176,prompt
55,5101,21,12.703377484386857,-25.579957280840194,17.293289366222563,110.30057927705592,3277.327050656632,,,0.0,-1,-1,0,176,prompt
55,5105,15,13.785957842448484,-15.86078732808431,17.927846145629882,95.07524542204176,2824.9414074862552,,,0.0,-1,-1,0,176,prompt
55,5145,17,13.081878795164151,-17.91694632698508,15.28125841477338,106.16563065844416,3154.4665992458345,,,0.0,-1,-1,0,176,prompt
55,5153,19,16.8276071810686,-21.82432302675749,18.18162084880628,98.1120272085092,2915.1723669332778,,,0.0,-1,-1,0,176,prompt
55,5321,17,18.20161281943578,-21.478817603167364,12.385006399715648,105.156445841313,3124.481002416028,,,0.0,-1,-1,0,176,prompt
55,5345,17,16.806756908235368,-19.52264123804429,13.717947511111989,106.37837773626494,3160.7878874717,,,0.0,-1,-1,0,176,prompt
55,5367,16,16.78033336984816,-23.417062520980835,12.60627555847168,103.36498272080965,3071.2518119298024,,,0.0,-1,-1,0,176,prompt
55,5587,16,15.991087173983138,-20.895225048065186,17.874562978744507,111.78408947040202,3321.4061309157273,,,0.0,-1,-1,0,176,prompt
55,5589,18,21.795620125545916,-9.483833260006374,14.780000607172648,97.33874367274585,2892.1960320291887,,,0.0,-1,-1,0,176,prompt
55,5621,18,15.433944875717076,-12.61226659350925,18.748556084103054,105.57053955611596,3136.7848410896377,,,0.0,-1,-1,0,176,prompt
56,25,16,14.577228944475246,-21.232971161603928,15.250535488128662,98.19651871886758,2917.6828370891308,,,0.0,-1,-1,0,176,prompt
56,129,22,24.383032090683002,-20.29562718218023,10.738136659968983,105.05755634123811,3121.5427292379027,,,0.0,-1,-1,0,176,prompt
56,139,16,10.225765634304599,-18.26253753900528,11.303788185119629,105.4865798494359,3134.2901722522547,,,0.0,-1,-1,0,176,prompt
56,157,20,15.888914215125265,-14.820645022392274,16.166590428352357,98.94577360739204,2939.9452162179837,,,0.0,-1,-1,0,176,prompt
56,337,10,-17.773923818845184,-22.04806504249573,-5.550937461853026,55.227624638395035,1640.9613562979096,,,0.0,-1,-1,0,176,prompt
56,369,16,9.878537219436044,-19.265383630990982,16.334787368774414,96.8703907872862,2878.280007373375,,,0.0,-1,-1,0,176,prompt
56,377,16,12.961491643444383,-18.56737506389618,10.63868796825409,96.57915169075312,2869.626510034262,,,0.0,-1,-1,0,176,prompt
56,427,19,7.252580705414149,-5.44331841719778,8.350446349696108,96.31582342473087,2861.802318583104,,,0.0,-1,-1,0,176,prompt
56,431,17,11.533951263615998,-17.81913746104521,17.29560100331026,103.41571375448439,3072.759167467369,,,0.0,-1,-1,0,176,prompt
56,499,16,16.145743508191835,-18.44093656539917,17.38786232471466,98.2409321748004,2919.0024803901524,,,0.0,-1,-1,0,176,prompt
56,507,15,17.885440422325093,-20.23381996154785,20.33883374532064,101.66795724718932,3020.828618082569,,,0.0,-1,-1,0,176,prompt
56,667,16,9.472439619288046,-21.846110105514526,17.35322141647339,101.81641248430279,3025.2396226991577,,,0.0,-1,-1,0,176,prompt
56,707,19,16.351192150867817,-18.132726368151214,16.93502288115652,103.66398322421546,3080.1359215545613,,,0.0,-1,-1,0,176,prompt
56,739,19,0.3216342209457649,-18.361719181663112,11.351153925845498,104.63522120600055,3108.9940157839137,,,0.0,-1,-1,0,176,prompt
56,741,24,6.781704133454831,6.50435467561086,22.30861445267995,107.59524788490387,3196.944374422267,,,0.0,-1,-1,0,176,prompt
56,749,18,5.373265051701503,-11.30670001771715,20.3923405541314,96.04973839384196,2853.896216228768,,,0.0,-1,-1,0,176,prompt
56,877,19,12.991518849999398,-23.780242016440944,17.90350171139366,111.41157399875682,3310.337693741483,,,0.0,-1,-1,0,176,prompt
56,879,18,7.084844051209489,-14.061014758216011,19.47013039059109,94.70536820240521,2813.951359879237,,,0.0,-1,-1,0,176,prompt
56,1009,15,17.54699249610838,-22.65774002075195,16.197327041625975,98.87859646370946,2937.949202492401,,,0.0,-1,-1,0,176,prompt
56,1023,16,11.576092710177312,-16.11481875181198,17.527604967355728,95.44394633299272,2835.896503796548,,,0.0,-1,-1,0,176,prompt
56,1077,18,9.158749060275218,-20.350212574005127,14.82877680990431,104.41397663641214,3102.420244209228,,,0.0,-1,-1,0,176,prompt
56,1097,24,5.90355562870515,-8.21098279953003,11.264344771703085,104.83295686929279,3114.869274485498,,,0.0,-1,-1,0,176,prompt
56,1153,17,18.775396623315938,-12.793394088745117,16.746241625617532,103.67226149756976,3080.381891334364,,,0.0,-1,-1,0,176,prompt
56,1175,18,1.2890074515234538,-13.14342282546891,15.640137195587158,96.14747473654245,2856.800225997928,,,0.0,-1,-1,0,176,prompt
56,1219,9,-11.10518851329847,8.840287393993801,18.41096560160319,2.4446538144919634,72.63724386796603,,,0.0,-1,-1,0,176,prompt
56,1271,15,18.37182627855476,-20.263379987080892,20.250153732299804,102.39757048585066,3042.507390934484,,,0.0,-1,-1,0,176,prompt
56,1351,16,13.256835352642925,-21.17234992980957,15.047887861728668,97.0807550471722,2884.530495665772,,,0.0,-1,-1,0,176,prompt
56,1405,14,15.79039029051231,-20.99815709250314,17.799343245370046,95.45681953357364,2836.279001230097,,,0.0,-1,-1,0,176,prompt
56,1435,18,12.077423519900973,-7.012802018059625,15.236766338348389,96.92571952484401,2879.9239730666236,0.26942408084869385,128.2896270751953,128.2896270751953,4,7,1,176,prompt
56,1453,19,11.260203479280747,-9.019689459549753,9.38018472571122,104.71504999487692,3111.3659439362455,,,0.0,-1,-1,0,176,prompt
56,1455,17,13.349211644794961,-18.774403852574967,16.87176311717314,103.10776558122176,3063.6091984912414,,,0.0,-1,-1,0,176,prompt
56,1477,18,10.22777592362939,-19.999187469482422,17.067330810758804,104.14952585789655,3094.562699890994,0.42703089118003845,66.29169464111328,66.29169464111328,7,5,1,176,prompt
56,1491,21,10.202382469466842,-11.10347502572196,20.518497012910387,112.38332132354978,3339.2109219223394,,,0.0,-1,-1,0,176,prompt
56,1531,16,8.57443509807626,-23.99902492761612,12.772550582885742,100.32162479571703,2980.825457706557,,,0.0,-1,-1,0,176,prompt
56,1619,23,22.169020137046967,-18.286635357400645,27.99792181927225,151.8203155721363,4510.990153678088,,,0.0,-1,-1,0,176,prompt
56,1637,17,14.091400217702889,-19.61229933009428,19.294161628274356,110.62218147366139,3286.882717411911,,,0.0,-1,-1,0,176,prompt
56,1667,21,13.693768746135994,-14.630880423954554,8.451623439788818,107.11278659029452,3182.60915096214,,,0.0,-1,-1,0,176,prompt
56,1685,16,9.75880328327447,-17.36361336708069,12.891509056091309,97.79927001899829,2905.8795091424145,,,0.0,-1,-1,0,176,prompt
56,1759,16,15.45926894086549,-20.368687510490417,11.96888792514801,96.96896853425338,2881.209017527681,,,0.0,-1,-1,0,176,prompt
56,1781,16,5.201602283874331,-13.470007061958313,15.240143179893494,95.93686376111441,2850.542407122819,,,0.0,-1,-1,0,176,prompt
56,1797,15,11.541345652539555,-15.661257616678874,17.8761163075765,97.65036059777124,2901.4550094935134,,,0.0,-1,-1,0,176,prompt
56,1805,15,17.831161037931846,-18.667140007019043,17.67843392690023,98.50819607581907,2926.9436101486135,,,0.0,-1,-1,0,176,prompt
56,1869,9,-16.601329840610365,-25.621745957268608,-16.931984159681534,49.19778558855751,1461.7986106562923,,,0.0,-1,-1,0,176,prompt
56,1881,8,-8.104200885620381,-21.17234992980957,-10.714499711990356,48.28947695304052,1434.8103166596889,,,0.0,-1,-1,0,176,prompt
56,1889,9,-18.563458263075045,-21.60343360900879,-23.22789976331923,56.53309165889165,1679.7502947428018,,,0.0,-1,-1,0,176,prompt
56,1939,23,23.443405683670996,-16.450380926546842,28.089493544205375,148.3694993396346,4408.457116592078,,,0.0,-1,-1,0,176,prompt
56,1993,25,14.105706682297862,-9.641732949018479,8.117016468048096,100.98438636997722,3000.517887698269,,,0.0,-1,-1,0,176,prompt
56,2019,15,18.211116728684566,-20.292939949035645,20.220593643188476,103.40029071061291,3072.3009073275325,,,0.0,-1,-1,0,176,prompt
56,2079,18,13.70343491591786,-20.43642912970649,26.384398884243435,103.9101885018713,3087.4513429400577,,,0.0,-1,-1,0,176,prompt
56,2121,17,12.650080530253812,-11.096410975736731,20.630363015567553,97.06336673502972,2884.013842116685,,,0.0,-1,-1,0,176,prompt
56,2199,11,-21.94099522253458,-36.608212904496625,-13.273196480490945,50.48772492032198,1500.1261796809185,,,0.0,-1,-1,0,176,prompt
56,2307,18,10.400434324172998,-16.558218638102215,13.217323356204563,103.74744063259782,3082.615665757738,,,0.0,-1,-1,0,176,prompt
56,2335,22,24.96853118983888,-28.45821831443093,22.436246156692505,106.02922226801415,3150.413538864621,,,0.0,-1,-1,0,176,prompt
56,2475,17,5.248499213817863,-14.790324155022116,16.454964132869947,97.54823365793607,2898.42054326753,0.4119201898574829,91.6185302734375,91.6185302734375,7,14,1,176,prompt
56,2477,15,12.008574078983374,-22.243900044759116,15.81304702758789,96.84098877117287,2877.4063943480987,,,0.0,-1,-1,0,176,prompt
56,2493,17,1.0459481083833746,-18.536402225494385,6.531148125143612,98.0549432046382,2913.4762475541006,,,0.0,-1,-1,0,176,prompt
56,2517,11,-31.39051794794292,-13.511103716763584,-4.25060324235396,48.046773738477526,1427.5989509934154,,,0.0,-1,-1,0,176,prompt
56,2527,6,-29.497353803787984,40.843606313069664,15.659239768981934,1.3722517970473251,40.77329388705106,,,0.0,-1,-1,0,176,prompt
56,2661,10,-15.731298846172688,-4.999335289001465,-2.824909591674804,49.64485868820477,1475.0823556075725,,,0.0,-1,-1,0,176,prompt
56,2683,14,15.642148274312275,-20.87147147314889,17.86268629346575,97.41255092817191,2894.389044217593,,,0.0,-1,-1,0,176,prompt
56,2697,17,9.415996286969229,-12.297829515793744,11.840018048005945,96.18647478549346,2857.959022408988,,,0.0,-1,-1,0,176,prompt
56,2715,18,14.96729313095667,-21.775866826375324,22.62473644150628,98.80839312210843,2935.8632722825723,,,0.0,-1,-1,0,176,prompt
56,2931,17,10.181985764849411,-12.323911891264075,3.986488566679113,98.55417223516505,2928.309685573579,,,0.0,-1,-1,0,176,prompt
56,2935,20,-3.3972284604591017,-1.658593225479126,4.691223812103272,99.55603714534236,2958.077788268492,,,0.0,-1,-1,0,176,prompt
56,2971,20,22.225840819071088,-20.462910079956053,10.419900608062743,98.07401301660435,2914.0428629881926,,,0.0,-1,-1,0,176,prompt
56,2977,22,20.80640659989314,-4.296697356484153,27.9212589263916,107.38079695621065,3190.572460201587,,,0.0,-1,-1,0,176,prompt
56,3011,17,10.240517039517151,-14.694145651424632,14.040197372436523,98.32560768244441,2921.5184176005337,,,0.0,-1,-1,0,176,prompt
56,3013,15,18.18131628235102,-20.174700037638345,20.36839396158854,103.80453562092684,3084.3121115147237,,,0.0,-1,-1,0,176,prompt
56,3019,15,17.900340645491863,-21.475339953104655,12.413647206624349,96.37753023126864,2863.635793870373,,,0.0,-1,-1,0,176,prompt
56,3131,10,-16.97889048273235,-23.563938903808594,-18.21189601421356,56.90036625828614,1690.6630114982704,0.28527405858039856,236.87991333007812,236.87991333007812,4,2,1,176,prompt
56,3223,16,10.321031405430737,-14.862560212612152,20.75091552734375,95.88632793564014,2849.040851746232,,,0.0,-1,-1,0,176,prompt
56,3283,18,15.0454747717262,-16.7583646774292,21.60399293899536,106.08890725919291,3152.1869405764733,,,0.0,-1,-1,0,176,prompt
56,3337,18,21.51683724085812,-15.592899958292643,22.640622562832302,102.10315852846968,3033.7596193607924,,,0.0,-1,-1,0,176,prompt
56,3507,18,12.195250767218168,-13.055666711595324,12.708211580912272,110.21214071064644,3274.6993028432044,,,0.0,-1,-1,0,176,prompt
56,3525,15,9.660375886534075,-16.63304239908854,20.148541259765626,95.26592038400416,2830.606873749607,,,0.0,-1,-1,0,176,prompt
56,3541,17,16.864349093207714,-16.105853024651022,15.387218026553883,111.71455079441083,3319.339949709912,,,0.0,-1,-1,0,176,prompt
56,3569,16,12.16278899736901,-11.556112289428711,18.016038060188293,97.95593856543722,2910.5345532826786,,,0.0,-1,-1,0,176,prompt
56,3573,15,13.777443429210326,-21.62314001719157,15.369647216796874,104.7813295433474,3113.3352876924732,,,0.0,-1,-1,0,176,prompt
56,3601,16,10.138958530587459,-17.138449281454086,15.427202939987183,98.76851183606496,2934.678291945915,,,0.0,-1,-1,0,176,prompt
56,3657,20,-0.5651217571173941,-13.846550607681275,8.597803592681885,98.69639654855702,2932.5355526777744,,,0.0,-1,-1,0,176,prompt
56,3699,19,17.89202518288233,-6.060286170557926,26.75744578712865,106.90938147051146,3176.5654374506043,,,0.0,-1,-1,0,176,prompt
56,3719,17,15.328322014145693,-19.142816992367017,17.099983551922968,105.04279426669979,3121.104108275753,,,0.0,-1,-1,0,176,prompt
56,3727,15,13.725292648126619,-21.623140080769858,15.428767267862955,104.07602670673096,3092.3788423093374,,,0.0,-1,-1,0,176,prompt
56,3731,17,12.089892363283843,-15.39673900604248,17.09346311232623,109.63046051061009,3257.4160186854483,,,0.0,-1,-1,0,176,prompt
56,3825,18,15.740089367066657,-23.418602095709907,18.833232985602486,103.26515734180764,3068.285731270121,,,0.0,-1,-1,0,176,prompt
56,3855,17,9.406605390015379,-23.31762347501867,19.58921802745146,98.4930295783309,2926.492972692242,,,0.0,-1,-1,0,176,prompt
56,3863,17,8.213513095701789,-16.596527267904843,10.247364549075856,105.4016622583809,3131.7670420922395,,,0.0,-1,-1,0,176,prompt
56,3877,20,0.3459159404724179,-11.079457664489746,16.61830406188965,102.4168048101617,3043.0788944730757,,,0.0,-1,-1,0,176,prompt
56,3889,18,18.64694327374264,-20.616560459136963,11.471435825030008,103.96905877261003,3089.2005371150663,,,0.0,-1,-1,0,176,prompt
56,3927,17,10.23192456463776,-24.419603011187384,18.262278388528262,105.45645542899085,3133.395094650152,,,0.0,-1,-1,0,176,prompt
56,3985,17,12.030729712474598,-17.786534589879654,20.389620163861444,111.51611176710988,3313.4437921707404,,,0.0,-1,-1,0,176,prompt
56,4025,16,15.720688034818256,-18.596819460392,21.263596653938293,105.2329297958481,3126.753546538479,,,0.0,-1,-1,0,176,prompt
56,4067,9,-9.387749820029791,-29.486100090874565,-10.758255004882812,60.67095473388838,1802.6973424961668,,,0.0,-1,-1,0,176,prompt
56,4159,16,13.934329874757152,-20.507250010967255,16.10096311569214,103.14051805659591,3064.5823626778965,,,0.0,-1,-1,0,176,prompt
56,4161,17,5.148955706107066,-16.21344263413373,20.991144629085767,103.78079559046408,3083.606731320631,,,0.0,-1,-1,0,176,prompt
56,4375,16,10.911242418829598,-18.551786720752716,13.19981062412262,97.91313436440635,2909.262725275612,,,0.0,-1,-1,0,176,prompt
56,4385,11,-16.891158464887372,-25.223413814197887,-9.235531720248135,57.44245661245283,1706.7699747912554,,,0.0,-1,-1,0,176,prompt
56,4395,9,-16.05440708778246,-27.269100295172798,-13.714255226982964,55.22922523981306,1641.0089144735691,,,0.0,-1,-1,0,176,prompt
56,4403,7,-16.985504357301274,-31.89312880379813,-18.772785186767578,49.18616747904974,1461.4534053562215,,,0.0,-1,-1,0,176,prompt
56,4611,19,10.153208654546873,-21.754312414872018,16.266011639645225,105.54648003303195,3136.0699679099507,,,0.0,-1,-1,0,176,prompt
56,4673,27,11.618349937842591,4.426815456814236,25.608985123810946,107.93218152550783,3206.9555796386417,,,0.0,-1,-1,0,176,prompt
56,4721,11,-9.801958329501264,-29.42815555225719,-11.691866744648326,56.673898230727396,1683.934036929943,,,0.0,-1,-1,0,176,prompt
56,4725,11,-1.5232164069905225,-11.772773742675781,-6.453289725563743,48.82044020168979,1450.5866637025438,,,0.0,-1,-1,0,176,prompt
56,4827,16,8.585083763240075,-11.822845220565796,21.296505212783813,96.61076546962244,2870.565840483304,,,0.0,-1,-1,0,176,prompt
56,5001,9,-17.557427493811655,-31.111900117662216,-20.32116635640462,49.099867826041745,1458.8892104161846,,,0.0,-1,-1,0,176,prompt
56,5047,20,11.040501583501385,-7.745643925666809,15.322682881355286,104.70591721333521,3111.094584418549,,,0.0,-1,-1,0,176,prompt
56,5065,15,12.612033117237697,-21.652699979146323,15.399207178751627,103.44105726947643,3073.512191502116,,,0.0,-1,-1,0,176,prompt
56,5087,20,9.208155257986846,-7.755343055725097,16.62246103286743,106.9463608256453,3177.664193610275,,,0.0,-1,-1,0,176,prompt
56,5169,17,15.329568817394954,-8.804424341987161,13.44897326301126,97.4127919584622,2894.396205876176,,,0.0,-1,-1,0,176,prompt
56,5175,14,15.39925943238451,-20.934814316885813,17.73600046975272,98.54068808472344,2927.909035175484,,,0.0,-1,-1,0,176,prompt
56,5207,18,19.90399676277276,-13.006400108337402,15.34656704796685,110.65009300768912,3287.7120442032474,,,0.0,-1,-1,0,176,prompt
56,5241,18,14.672836339803771,-11.947166707780626,2.9754559199015294,98.6179857429273,2930.2057566237695,,,0.0,-1,-1,0,176,prompt
56,5401,16,10.337517308055396,-19.203030467033386,17.148842096328735,103.31214360477168,3069.6818195919654,,,0.0,-1,-1,0,176,prompt
56,5419,18,10.955512167991337,-8.498500135209826,3.1725227567884655,103.80533271550708,3084.3357953398386,,,0.0,-1,-1,0,176,prompt
56,5469,14,15.975122649161593,-20.966485704694474,17.799343381609237,91.3279184683905,2713.5982389068067,,,0.0,-1,-1,0,176,prompt
56,5595,20,9.129547962362702,-6.450084137916565,24.41244478225708,99.4010284459783,2953.4720626517937,,,0.0,-1,-1,0,176,prompt
56,5641,7,-17.619524057356838,-31.829786028180802,-18.899471010480607,48.69418877174146,1446.8353939515987,,,0.0,-1,-1,0,176,prompt
56,5669,9,-21.556500985781568,-26.514704174465603,-15.817326068878174,55.306444751568165,1643.3033139805545,,,0.0,-1,-1,0,176,prompt
56,5725,23,10.44831784418386,-17.9962565795235,-1.5128214255623196,99.01182944027498,2941.9079127820437,,,0.0,-1,-1,0,176,prompt
56,5791,15,19.147702184881744,-22.33257993062337,17.471513748168945,96.05546178294404,2854.066273521746,,,0.0,-1,-1,0,176,prompt
57,29,22,-3.9792174482349365,-9.9550857110457,17.80236122824929,106.04632113485353,3150.921592214799,,,0.0,-1,-1,0,176,prompt
57,133,18,7.339680148664971,-11.845554086897108,16.494606097539265,105.18837197494594,3125.4296137657043,0.32328978180885315,179.88365173339844,253.64102172851562,5,6,2,176,prompt
57,137,17,15.664823838647354,-16.105852800257065,19.797876806820142,110.59080063246684,3285.950308168067,,,0.0,-1,-1,0,176,prompt
57,179,21,1.9706813337490183,-19.05696255820138,13.167606898716517,105.14232680905715,3124.0614879706422,,,0.0,-1,-1,0,176,prompt
57,371,21,9.140758701331341,-17.86400558834984,16.14166175751459,112.5786607987996,3345.0149834285735,,,0.0,-1,-1,0,176,prompt
57,409,15,18.16428745587471,-16.095420138041177,15.783487383524577,97.4163195688558,2894.5010206744564,,,0.0,-1,-1,0,176,prompt
57,459,10,-17.94769800444443,-16.139760208129882,-16.46877975463867,57.013663959656036,1694.0293911121444,,,0.0,-1,-1,0,176,prompt
57,461,20,24.914789912060503,-1.3967100143432618,17.629810428619386,100.50410261848558,2986.247364904362,,,0.0,-1,-1,0,176,prompt
57,517,16,17.944224521216327,-21.39404994249344,22.33918797969818,102.67744444208267,3050.8231993694462,,,0.0,-1,-1,0,176,prompt
57,527,18,6.746331976130963,-8.563162644704184,19.79547267489963,104.94344367289668,3118.1521347620705,,,0.0,-1,-1,0,176,prompt
57,651,17,15.789722768133542,-14.262156626757454,20.235867444206686,103.7538348465192,3082.8056550614165,,,0.0,-1,-1,0,176,prompt
57,711,15,9.750841527189488,-21.74138005574544,13.950767262776692,99.96713587272214,2970.2926378056645,,,0.0,-1,-1,0,176,prompt
57,725,20,13.968656992293143,-23.717743039131165,16.088492393493652,111.62621577845407,3316.715278659109,,,0.0,-1,-1,0,176,prompt
57,731,14,14.847343002839741,-20.903142860957555,17.76767213003976,97.38616396334326,2893.6050164800727,,,0.0,-1,-1,0,176,prompt
57,875,22,11.232457559633664,-5.216248425570401,13.10423382845792,107.00204940463738,3179.318851160939,,,0.0,-1,-1,0,176,prompt
57,877,15,10.006273924334174,-19.3969025293986,20.222441482543946,97.62644510985145,2900.7444159861807,,,0.0,-1,-1,0,176,prompt
57,1009,19,4.738602435283495,-13.163437341388903,13.998956479524312,106.5542764413116,3166.0143113763,,,0.0,-1,-1,0,176,prompt
57,1021,17,13.537337297425813,-23.62246115067426,14.04886739394244,105.23863280725234,3126.922998355213,,,0.0,-1,-1,0,176,prompt
57,1063,14,15.467678824476838,-20.934814316885813,17.95770059313093,98.32475949220172,2921.4932155857787,,,0.0,-1,-1,0,176,prompt
57,1081,17,9.738594761006825,-11.86910080909729,20.604280696195715,97.25185914317093,2889.614458832332,,,0.0,-1,-1,0,176,prompt
57,1129,15,14.80074548477528,-16.59794012705485,20.397953923543295,97.74643628239853,2904.3096766421636,,,0.0,-1,-1,0,176,prompt
57,1139,16,17.19987855141189,-21.726599991321564,18.48423793911934,103.32456338455756,3070.0508446734493,,,0.0,-1,-1,0,176,prompt
57,1195,19,9.537188231191783,-10.031924799868936,16.3136793437757,112.52149051636121,3343.3163004809676,,,0.0,-1,-1,0,176,prompt
57,1207,20,-3.0205716854697826,-23.056799697875977,2.453880763053894,98.16199005083271,2916.6568974384454,,,0.0,-1,-1,0,176,prompt
57,1297,18,6.141917315939722,-8.17826673719618,19.742636680603027,96.85580834643032,2877.8467238113594,,,0.0,-1,-1,0,176,prompt
57,1381,16,12.639878635759839,-11.611537337303162,11.054375290870667,97.90667846368095,2909.0709030909743,,,0.0,-1,-1,0,176,prompt
57,1409,18,8.871387613487448,-21.367877165476482,10.588205496470133,101.77370699969175,3023.970727822589,,,0.0,-1,-1,0,176,prompt
57,1453,17,9.254332191742106,-13.220492755665498,16.40717102499569,104.17658424603472,3095.3666774219696,,,0.0,-1,-1,0,176,prompt
57,1457,16,16.820244681902018,-15.777072668075562,20.262482404708862,104.82138550798109,3114.5254582001407,,,0.0,-1,-1,0,176,prompt
57,1465,16,11.134224388528079,-12.115558445453644,22.469090342521667,97.93149259608211,2909.8081977442753,,,0.0,-1,-1,0,176,prompt
57,1483,20,10.613867646767607,-10.094278281927108,7.6841734647750854,98.154112537237,2916.4228353095946,,,0.0,-1,-1,0,176,prompt
57,1517,10,-10.689462772573878,-28.41362624168396,-12.785788631439209,49.97276310231209,1484.825278205325,,,0.0,-1,-1,0,176,prompt
57,1605,18,18.441468905510302,-16.405799945195515,20.96555625067817,112.60324489990094,3345.7454432328973,,,0.0,-1,-1,0,176,prompt
57,1615,19,13.978798674489548,-14.177131502251877,10.334542475248638,111.14260163589047,3302.345800983724,,,0.0,-1,-1,0,176,prompt
57,1635,20,4.304581426494769,-24.71123628616333,23.294245719909668,111.16388770288712,3302.978267319145,,,0.0,-1,-1,0,176,prompt
57,1673,20,8.243552813010988,-10.591717338562011,11.481289029121399,109.06397718050273,3240.5842744310194,,,0.0,-1,-1,0,176,prompt
57,1737,28,12.474707423890232,8.598793038300105,2.9579501322337554,108.72216999243741,3230.4282630039015,,,0.0,-1,-1,0,176,prompt
57,1759,17,10.365415969003337,-16.15801769144395,16.065359283896054,103.21555700740825,3066.811971850958,,,0.0,-1,-1,0,176,prompt
57,1775,16,6.095615673880735,-23.97131246328354,15.238963007926941,97.1126815456281,2885.4791178553196,,,0.0,-1,-1,0,176,prompt
57,1781,15,17.1446864706055,-20.2042599995931,20.16147384643555,103.02813860647825,3061.243266779919,,,0.0,-1,-1,0,176,prompt
57,1867,20,21.20239521053241,-10.64852819442749,16.43678722381592,107.08782225520231,3181.867393382665,,,0.0,-1,-1,0,176,prompt
57,1875,24,21.371855587839963,-17.046651581923168,28.081684410572052,146.46984089034112,4352.013151712801,,,0.0,-1,-1,0,176,prompt
57,1879,22,24.8546025354306,-17.957699949091133,27.83978236805309,151.71498881304422,4507.860612210647,,,0.0,-1,-1,0,176,prompt
57,1923,24,0.663777202235354,-12.114981214205423,17.430427471796673,107.89095010334943,3205.73048312453,,,0.0,-1,-1,0,176,prompt
57,1963,22,-1.5306144143836802,-4.74639542536302,15.264549125324596,96.9586698714474,2880.9030165400095,,,0.0,-1,-1,0,176,prompt
57,1993,18,4.919453630689612,-13.763874954647488,13.649946318732368,105.08624869672795,3122.3952563362213,,,0.0,-1,-1,0,176,prompt
57,2049,17,12.823769796554233,-12.349994210635915,12.859970934250775,98.68168736981129,2932.0985033919733,,,0.0,-1,-1,0,176,prompt
57,2111,24,-8.168673200383576,-21.358254710833233,9.561232109864553,100.81536731889378,2995.4958768274037,0.8206208348274231,225.65386962890625,225.65386962890625,5,1,1,176,prompt
57,2223,28,15.256319681273949,-11.401714103562492,17.151743275778635,162.20390332438456,4819.514490053799,,,0.0,-1,-1,0,176,prompt
57,2335,20,8.594355256842434,-23.131623935699462,21.196850299835205,103.40996675996342,3072.5884087938703,,,0.0,-1,-1,0,176,prompt
57,2351,16,15.317583783074298,-18.20711249113083,15.768413066864014,105.03416887530841,3120.847824684907,,,0.0,-1,-1,0,176,prompt
57,2495,12,-15.327094314530049,-23.90203134218852,-1.0146541595458982,55.1735694570392,1639.3552313868095,,,0.0,-1,-1,0,176,prompt
57,2497,12,-18.028890861446534,-4.84506893157959,-0.10014168421427379,49.929939472340905,1483.5528729121547,,,0.0,-1,-1,0,176,prompt
57,2499,8,-18.488735417729767,-34.5297749042511,-23.0800998210907,48.76900095707777,1449.0582653120978,,,0.0,-1,-1,0,176,prompt
57,2531,17,12.772918285382522,-20.482797790976132,20.20704381606158,111.95851250047042,3326.5887085453955,,,0.0,-1,-1,0,176,prompt
57,2537,13,-10.270284091753252,-15.088390588760376,1.2615502430842476,48.996587889874434,1455.820485566236,0.35246625542640686,130.88360595703125,130.88360595703125,4,15,1,176,prompt
57,2547,25,17.746789004270177,-17.17842439651489,20.825615997314454,147.7532398078026,4390.1463874269575,,,0.0,-1,-1,0,176,prompt
57,2647,15,12.866401212727613,-22.33257993062337,13.536927159627279,95.90507617909691,2849.5979125145054,,,0.0,-1,-1,0,176,prompt
57,2649,21,6.622177767988596,-14.163726852053689,17.99971887043544,113.07688717485995,3359.8186298855135,,,0.0,-1,-1,0,176,prompt
57,2669,13,-5.820746784523447,-24.069372250483585,-10.984564267672026,56.209423057106534,1670.133229528537,,,0.0,-1,-1,0,176,prompt
57,2677,14,12.27043477553597,-22.55005727495466,12.506886073521205,96.03022459551836,2853.316408765144,,,0.0,-1,-1,0,176,prompt
57,2881,16,14.58720677248871,-15.946811735630035,19.43803584575653,96.44047699832888,2865.506111721739,,,0.0,-1,-1,0,176,prompt
57,2889,16,13.583110328683208,-12.054937481880188,15.352725505828857,97.59639902005603,2899.851665798481,,,0.0,-1,-1,0,176,prompt
57,2901,18,10.527844841412577,-15.947004212273491,23.111735317442154,104.49271488088472,3104.759769352455,,,0.0,-1,-1,0,176,prompt
57,2913,18,9.145445289590599,-20.31942081451416,19.0564726723565,110.92670143899664,3295.9308251045404,,,0.0,-1,-1,0,176,prompt
57,2939,20,6.958789688875368,-25.987396717071533,15.671922159194946,98.72967164550488,2933.524245357859,,,0.0,-1,-1,0,176,prompt
57,2941,16,10.028531585288999,-13.393797755241394,12.915757417678833,98.88366395713092,2938.0997713595634,,,0.0,-1,-1,0,176,prompt
57,2949,17,19.5229120208423,-22.96551165861242,13.512029647827148,98.1309250174797,2915.7338716954746,,,0.0,-1,-1,0,176,prompt
57,3009,20,4.019495090952442,-22.538576316833495,16.00352783203125,99.97292826704297,2970.464745429397,,,0.0,-1,-1,0,176,prompt
57,3019,16,7.32089295393415,-12.387487590312958,10.888100504875183,95.26162142547273,2830.4791401223038,,,0.0,-1,-1,0,176,prompt
57,3071,10,-21.54047833728874,-35.86551761627197,-9.763237380981446,56.118695340328486,1667.4374648971102,,,0.0,-1,-1,0,176,prompt
57,3089,17,-28.299673948526674,-15.771672865923714,10.813617257510915,50.76926757290183,1508.4915695751629,,,0.0,-1,-1,0,176,prompt
57,3113,9,-25.425237500868793,-17.110929277208115,-14.881259547339546,49.43781677885555,1468.9305832907162,,,0.0,-1,-1,0,176,prompt
57,3171,16,6.053708796224186,-22.897453248500824,20.31617558002472,96.97792495664129,2881.475136940303,,,0.0,-1,-1,0,176,prompt
57,3263,18,8.962276725252394,-17.540472772386337,19.08572440677219,105.23078020568471,3126.689676429759,,,0.0,-1,-1,0,176,prompt
57,3313,18,10.526800157763594,-15.221860514746773,7.087192959255642,104.3211562845758,3099.6623017585307,,,0.0,-1,-1,0,176,prompt
57,3327,18,16.30771691627707,-20.009964572058784,13.654565122392443,103.76438518463395,3083.1191339998204,,,0.0,-1,-1,0,176,prompt
57,3333,20,15.681077857680501,-17.115239953994752,11.328870391845703,104.35658072616135,3100.7148572521073,,,0.0,-1,-1,0,176,prompt
57,3343,18,8.946179347677749,-13.548333406448364,13.437483681572807,102.82616307908755,3055.24203030567,,,0.0,-1,-1,0,176,prompt
57,3355,22,9.860375490401681,-12.990864038467407,14.539442886005748,112.044922025739,3329.1561680859813,,,0.0,-1,-1,0,176,prompt
57,3357,17,11.983326846530552,-17.40834042605232,19.962002922506894,96.56777762627581,2869.2885559688198,,,0.0,-1,-1,0,176,prompt
57,3383,16,8.376874103409666,-21.60016170144081,14.79327940940857,97.76952890205982,2904.9958205190364,,,0.0,-1,-1,0,176,prompt
57,3485,113,-45.36705621064624,42.79643820872349,-13.877466066748696,153.34986317316114,4556.437129214945,0.2533973157405853,1964.3077392578125,6151.419921875,7,14,11,176,prompt
57,3535,21,6.746193851888281,-12.95361428033738,16.42760385785784,104.71239913645373,3111.2871797985167,,,0.0,-1,-1,0,176,prompt
57,3545,17,6.833682619627529,-11.642510161680335,17.903646020328296,95.73911866959459,2844.6668682832205,,,0.0,-1,-1,0,176,prompt
57,3651,16,10.107029480944373,-17.569725155830383,13.770200431346893,103.73199866509547,3082.156843345902,,,0.0,-1,-1,0,176,prompt
57,3669,17,10.37950231443411,-19.600888532750748,14.31784169814166,104.24307026370042,3097.3421559336366,,,0.0,-1,-1,0,176,prompt
57,3681,16,18.20564361516909,-19.038487501442432,17.680575489997864,102.62342420158214,3049.21811264519,,,0.0,-1,-1,0,176,prompt
57,3731,18,20.919650777785105,-17.14480005370246,2.77838929494222,97.6549998646118,2901.592854596516,,,0.0,-1,-1,0,176,prompt
57,3781,17,12.439233729967016,-18.539662529440488,17.745521769804114,110.21549319353389,3274.7989141319745,,,0.0,-1,-1,0,176,prompt
57,3803,21,3.1410501787587504,-19.260187512352353,18.590078376588366,110.70015487291022,3289.199516945193,,,0.0,-1,-1,0,176,prompt
57,3821,20,4.51519358666135,-11.748714303970337,12.994894695281982,99.23918807909075,2948.6633498076258,,,0.0,-1,-1,0,176,prompt
57,3907,17,10.131441967231577,-12.51300884695614,15.249766686383415,104.05721257788976,3091.8198239089816,,,0.0,-1,-1,0,176,prompt
57,3987,9,-1.0971855865345286,-27.909566826290554,-7.698544184366862,47.87043886931566,1422.3595674791497,,,0.0,-1,-1,0,176,prompt
57,3993,12,-4.916777032890335,-17.775259494781494,0.5857427914937338,57.37583633816841,1704.7905071541356,,,0.0,-1,-1,0,176,prompt
57,4245,17,14.516807849712237,-20.8414301591761,19.949480729944565,109.75131375608467,3261.006893848113,,,0.0,-1,-1,0,176,prompt
57,4261,16,16.211597173080698,-18.226164638996124,18.783328026533127,98.30882874101016,2921.019870095124,,,0.0,-1,-1,0,176,prompt
57,4265,9,-5.8628718011451895,-27.909566773308647,-18.64609972635905,49.21709825181311,1462.3724418557533,,,0.0,-1,-1,0,176,prompt
57,4277,11,-27.28908638924473,-24.46257972717285,-5.201188347556374,49.81222913271961,1480.055381940563,,,0.0,-1,-1,0,176,prompt
57,4457,16,11.729751261584664,-23.515788197517395,15.967596530914307,101.94668544877372,3029.110383063502,,,0.0,-1,-1,0,176,prompt
57,4521,16,8.325660234890004,-23.83794605731964,17.08995258808136,97.88132795555275,2908.317671271332,,,0.0,-1,-1,0,176,prompt
57,4553,17,11.680939964616622,-20.88218380423153,14.40535051682416,96.4649514678546,2866.2333140769115,,,0.0,-1,-1,0,176,prompt
57,4575,11,-18.396870712152065,-29.662452350963246,-10.22310430353338,56.380344705664115,1675.2117716906193,,,0.0,-1,-1,0,176,prompt
57,4689,20,15.470084573515337,-20.13036003112793,19.489760398864746,110.75520097605877,3290.8350848095183,,,0.0,-1,-1,0,176,prompt
57,4701,19,6.907933602377688,-19.95299990553605,17.58308438250893,103.43596629447462,3073.3609249340066,,,0.0,-1,-1,0,176,prompt
57,4809,9,-25.55885644442786,-29.338300122155083,-1.3800945281982422,48.98614679528259,1455.5102525468938,,,0.0,-1,-1,0,176,prompt
57,4865,15,16.670723492205337,-15.947619883219401,20.30927391052246,97.53001822505749,2897.8793137354305,,,0.0,-1,-1,0,176,prompt
57,4877,20,7.28913578520352,-9.915532493591309,19.666679191589356,111.070838254802,3300.2135178023536,,,0.0,-1,-1,0,176,prompt
57,4961,23,18.504267571406164,-20.844619595486186,16.858701405317888,104.01864887217539,3090.673992429767,,,0.0,-1,-1,0,176,prompt
57,4965,16,9.131197901227566,-19.37796577811241,21.351930260658264,99.32112148860193,2951.097811902961,,,0.0,-1,-1,0,176,prompt
57,5015,15,11.762371654703887,-20.47029997507731,15.813047281901042,95.69102690429406,2843.2379325118372,,,0.0,-1,-1,0,176,prompt
57,5021,18,14.477714369762689,-22.55027696821425,21.4228122499254,110.56724805901663,3285.2504978263005,,,0.0,-1,-1,0,176,prompt
57,5179,25,-3.2936864003732604,-9.672770957946778,21.852136249542237,105.89474943981816,3146.417989246353,,,0.0,-1,-1,0,176,prompt
57,5209,16,9.969335454358568,-22.74330246448517,17.349757432937622,104.43239524028255,3102.9675104982666,,,0.0,-1,-1,0,176,prompt
57,5245,20,13.283898444926738,-10.181572771072387,26.11216535568237,100.03273772280784,2972.241845319063,,,0.0,-1,-1,0,176,prompt
57,5387,20,5.96287845321058,-13.608223104476929,15.481147480010986,112.7099563766616,3348.9161283888175,,,0.0,-1,-1,0,176,prompt
57,5453,26,8.65017586555055,-13.843459686980797,20.495573117182804,99.94147350727317,2969.530139865754,0.41465747356414795,75.60405731201172,75.60405731201172,1,11,1,176,prompt
57,5471,10,-16.209400386333982,-17.314770317077638,-9.297667121887207,54.95050021149369,1632.727243778879,,,0.0,-1,-1,0,176,prompt
57,5541,18,3.5471007957261276,-13.797745704650879,16.67368819978502,96.99445197671783,2881.9661991842054,,,0.0,-1,-1,0,176,prompt
57,5571,17,16.092109650047476,-20.22197412042057,18.537773468915155,102.78706666407922,3054.0803705997077,,,0.0,-1,-1,0,176,prompt
59,139,7,-1.5179216252468157,-22.00372518811907,11.758825097765241,3.3975488384462444,100.95031945569401,,,0.0,-1,-1,0,176,prompt
59,167,7,6.7512578159646734,17.67265728541783,-6.4959716796875,2.0885958986150093,62.05780496608259,,,0.0,-1,-1,0,176,prompt
59,369,7,-3.1709845844980182,13.951264245169503,-16.502881595066615,2.5538970248631028,75.8831536428423,,,0.0,-1,-1,0,176,prompt
59,483,11,-5.4669950102110825,-11.120270295576615,31.61635277488015,5.192517728087586,154.28367577771607,,,0.0,-1,-1,0,176,prompt
59,657,7,-16.986998965991535,50.14774785723005,4.234162739345005,1.3039552575752738,38.74401990005077,,,0.0,-1,-1,0,176,prompt
59,845,9,-25.270036692755493,33.34429592556424,-9.069754176669651,2.2354249881242922,66.42049236107215,0.2667883336544037,146.20208740234375,235.18783569335938,4,6,2,176,prompt
59,1215,8,-3.460011836374952,5.445506513118744,27.717221975326538,2.349536987346955,69.81106695558594,,,0.0,-1,-1,0,176,prompt
59,1457,6,11.79905425644879,4.863544464111329,-1.0392186244328816,2.6238453769929135,77.96150742925408,,,0.0,-1,-1,0,176,prompt
59,1469,13,-32.74273947038687,-34.3805539057805,35.77242506467379,4.117746735623074,122.34933717358763,,,0.0,-1,-1,0,176,prompt
59,1745,6,-41.182468929159064,32.07259996732076,30.396199941635132,0.7921884799972141,23.53805167416278,,,0.0,-1,-1,0,176,prompt
59,2561,6,-30.258802783758217,2.8266750971476235,1.6228585243225098,1.9836402821254702,58.93929114417866,,,0.0,-1,-1,0,176,prompt
59,2611,8,-31.248347989651176,33.116437673568726,-4.489425182342529,3.47850392781173,103.3557130266507,,,0.0,-1,-1,0,176,prompt
59,3057,7,-58.436922570845546,-25.444035121372767,-14.972038269042969,3.4427873596488276,102.29447766629163,,,0.0,-1,-1,0,176,prompt
59,3099,8,-41.76095369294043,-18.155151844024658,22.30871719121933,3.5572606306817796,105.6957866185419,,,0.0,-1,-1,0,176,prompt
59,3505,9,10.670047560174023,36.95615832010905,35.982788721720375,3.808329628662786,113.15572222411646,,,0.0,-1,-1,0,176,prompt
59,3605,8,-26.97983316549115,-30.6015282869339,31.172150254249573,2.949379483486759,87.63400180885111,,,0.0,-1,-1,0,176,prompt
59,3607,8,-20.892050294673957,-29.454923033714294,31.16978919506073,2.431136998468167,72.23562288751529,,,0.0,-1,-1,0,176,prompt
59,3805,7,-38.433817385800054,12.63690001623971,-19.779614312308176,2.7654160415514855,82.16795286751261,,,0.0,-1,-1,0,176,prompt
59,3891,10,-40.10745045611435,6.135547733306884,39.80270500183106,4.162751458694793,123.686548612521,,,0.0,-1,-1,0,176,prompt
59,5247,12,-7.306408265528302,10.225912445535263,6.609430988629659,4.505993221314358,133.88518511036355,,,0.0,-1,-1,0,176,prompt
59,5285,6,-1.237649231928862,40.05380090077718,-29.94503370920817,2.4039709709368804,71.42844710049123,,,0.0,-1,-1,0,176,prompt
59,5533,7,-1.4420157845827444,34.22889682224819,-5.632924488612583,2.209955508087754,65.6637255658567,,,0.0,-1,-1,0,176,prompt
59,5773,9,4.925754933935626,21.498741149902344,10.138224919637045,4.168341954044886,123.85265727448376,,,0.0,-1,-1,0,176,prompt
60,139,8,-13.82250520124493,22.776210948824883,26.182642936706543,2.5476281549584234,75.69688864722475,0.4046260416507721,86.3766860961914,86.3766860961914,5,13,1,176,prompt
60,635,7,-11.726333751804438,25.467788696289062,27.597237586975098,3.234485310373854,96.10526320095939,,,0.0,-1,-1,0,176,prompt
60,1047,6,-8.367951833145673,52.90316263834635,11.460796038309732,1.1958008473489974,35.530461307651585,,,0.0,-1,-1,0,176,prompt
60,1093,6,-45.20374028512026,-37.19017465909322,26.861179033915203,2.9910695258322204,88.87272516295612,,,0.0,-1,-1,0,176,prompt
60,1499,10,-20.50897574199194,5.944331264495849,-0.9560814857482913,2.897932333822273,86.10536853802228,,,0.0,-1,-1,0,176,prompt
60,1535,11,-8.806635319215411,42.77046491341157,32.77695508436723,3.988430855113671,118.50701434943988,0.3156580924987793,227.5951385498047,227.5951385498047,0,14,1,176,prompt
60,1643,7,-16.06452889343797,-11.294822897229876,23.710829871041433,2.305104877449639,68.49086939507765,,,0.0,-1,-1,0,176,prompt
60,1653,10,-23.027848937614948,-1.4355075120925904,57.554450607299806,2.7801772525822375,82.6065481725293,,,0.0,-1,-1,0,176,prompt
60,2121,6,-39.96205463538036,0.8175185521443691,-13.571564038594564,2.0593587644705327,61.189091027829484,,,0.0,-1,-1,0,176,prompt
60,2469,8,-13.709056880585905,46.22791451215744,1.7482484579086304,2.2184535656839013,65.91622572696586,0.36849623918533325,147.87071228027344,147.87071228027344,7,14,1,176,prompt
60,2615,7,20.039695574002142,-0.906595093863351,18.337126868111746,2.131841082209335,63.34273575187927,,,0.0,-1,-1,0,176,prompt
60,2857,6,-22.954559381092327,-32.391294399897255,32.5361525217692,1.4713247640454092,43.71701836120867,,,0.0,-1,-1,0,176,prompt
60,2965,6,47.96826383338411,-5.17300017674764,30.610133171081543,1.5248818242614932,45.3083427527056,,,0.0,-1,-1,0,176,prompt
60,3503,8,-39.67463482812994,-11.694674968719482,-33.660449504852295,1.7473350319831837,51.91802621901253,,,0.0,-1,-1,0,176,prompt
60,3737,7,-13.431232397211135,-30.729203087942942,31.02962875366211,2.3516799221045503,69.87473931428877,,,0.0,-1,-1,0,176,prompt
60,4013,8,18.342461291344257,18.733649909496307,23.428712844848633,2.8232653193517563,83.88681059462898,,,0.0,-1,-1,0,176,prompt
60,4271,13,-24.771182379450522,-2.811752612774188,28.12232186244084,4.057470564740737,120.55836992176124,,,0.0,-1,-1,0,176,prompt
60,4621,6,-0.6403698919293195,5.528643449147542,-9.583906491597494,2.1569967701885115,64.09017894059498,,,0.0,-1,-1,0,176,prompt
60,4819,7,-13.844815433880987,32.011897155216765,7.034385681152341,1.4363113183184368,42.67667466066046,,,0.0,-1,-1,0,176,prompt
60,4973,9,-13.573156053237518,-12.553762329949272,17.47391806708442,2.793444265887775,83.00074684195279,,,0.0,-1,-1,0,176,prompt
60,5579,6,-55.64720027254623,26.188313007354736,39.77226320902506,1.3377248934275539,39.747406661887325,,,0.0,-1,-1,0,176,prompt
61,667,9,-10.956983398149317,-5.102179262373182,7.817651536729601,2.9385545979415784,87.31236532742908,,,0.0,-1,-1,0,176,prompt
61,699,8,-13.125398914603135,20.905617237091064,16.775351762771606,2.6858377681135526,79.80346820304324,,,0.0,-1,-1,0,176,prompt
61,709,6,15.955625515133809,17.99926821390788,34.36370595296224,1.261625963800571,37.48630266563292,,,0.0,-1,-1,0,176,prompt
61,871,8,-29.991829442953396,-5.968579590320587,41.52733564376831,2.21450081997088,65.79877901422365,,,0.0,-1,-1,0,176,prompt
61,1237,6,-11.790553508299018,2.5818812847137447,5.23157278696696,1.221902220132497,36.306003336925684,,,0.0,-1,-1,0,176,prompt
61,1509,8,-37.846307871759024,32.059898376464844,34.266661643981934,3.2370140313241866,96.1803983056742,,,0.0,-1,-1,0,176,prompt
61,1731,6,23.95385245072679,-8.350699663162231,-7.767266909281413,3.3046273853624575,98.18937301485184,,,0.0,-1,-1,0,176,prompt
61,2085,6,-8.581803946648611,-8.632444063822428,5.851955572764079,1.8398780856552615,54.667729394986324,,,0.0,-1,-1,0,176,prompt
61,2499,9,10.9165006992565,55.23717074924045,-2.6569680107964415,3.7032962949267945,110.03489921366817,,,0.0,-1,-1,0,176,prompt
61,3069,6,-18.705454951904716,-3.4040180842081704,23.052181243896484,2.6892574001026603,79.90507467233513,,,0.0,-1,-1,0,176,prompt
61,3479,14,-41.54575940279937,-18.24076325552804,35.711691515786306,5.642946355655399,167.66712249389488,,,0.0,-1,-1,0,176,prompt
61,3533,8,-4.851817817535273,19.592737048864365,40.982375144958496,2.491557086509882,74.03086630545587,,,0.0,-1,-1,0,176,prompt
61,3571,6,-57.66758451754072,37.25945631663004,44.73888905843099,2.361994130794572,70.18120221201315,,,0.0,-1,-1,0,176,prompt
61,3721,8,-1.4495244644667893,-36.847233057022095,-10.946592032909393,3.2515295679355236,96.61169396253236,,,0.0,-1,-1,0,176,prompt
61,4419,9,-30.259491960373946,19.189367400275337,-21.019019232855904,2.750909129533777,81.73691347054164,,,0.0,-1,-1,0,176,prompt
61,4439,9,-3.9028628719311262,40.358637703789604,50.67251253128052,2.719883109084745,80.81504690593883,0.3270505368709564,406.9440612792969,544.02734375,4,15,2,176,prompt
61,5225,6,30.62332610051678,19.440318425496418,-28.859627723693848,2.5895876397062563,76.94361786022618,,,0.0,-1,-1,0,176,prompt
62,19,7,-25.89799294077817,-25.305471352168492,11.444632121494836,3.125374371733662,92.86328357517856,,,0.0,-1,-1,0,176,prompt
62,137,7,-47.15837880328191,17.486586706978933,47.60566329956055,2.2130537517387845,65.75578272270573,,,0.0,-1,-1,0,176,prompt
62,359,8,2.7721955947479007,18.349138498306274,16.870139122009277,1.6345205657069086,48.56600482024972,,,0.0,-1,-1,0,176,prompt
62,643,6,5.8961859784941915,4.683412551879883,33.64003324508667,2.2368811850125008,66.46375988953018,,,0.0,-1,-1,0,176,prompt
62,1303,8,16.25480075223306,31.897087574005127,21.55701506137848,2.891593547412084,85.91702613486709,,,0.0,-1,-1,0,176,prompt
62,1531,10,14.274066551182283,28.4163969039917,-35.01486749649048,3.504298430094485,104.12213710749943,,,0.0,-1,-1,0,176,prompt
62,1755,11,0.3099532870354842,-22.351390838623047,-13.268045078624379,3.375269904317868,100.2883523657903,,,0.0,-1,-1,0,176,prompt
62,2079,6,11.589253237891091,20.3455934325854,2.507981300354004,1.9601454257229003,58.24119573122507,,,0.0,-1,-1,0,176,prompt
62,2991,17,-8.360756753632234,-2.652249308193431,27.552112691542682,7.807073134458135,231.96915317865995,,,0.0,-1,-1,0,176,prompt
62,3365,8,-17.892805139436376,16.78684651851654,6.607225060462952,2.4712829263735054,73.42846644609165,,,0.0,-1,-1,0,176,prompt
62,3457,7,2.6190681549532515,-22.474837166922434,1.0815944671630846,2.678997668772234,79.60023044357352,0.4578211307525635,155.10194396972656,155.10194396972656,1,2,1,176,prompt
62,3905,6,-21.98390260685414,35.67984390258789,26.613444010416668,1.2296488252720956,36.53617582324593,,,0.0,-1,-1,0,176,prompt
62,4109,9,-12.31375212817476,12.898629506429037,8.68275981479221,4.925846163344023,146.36014592408085,0.3641582727432251,150.50384521484375,262.7978515625,5,7,2,176,prompt
62,5609,8,-17.685565235450788,28.98034654557705,12.669334471225739,1.9850998683034313,58.98265937755649,,,0.0,-1,-1,0,176,prompt
63,377,6,15.42347468774905,6.022849877675374,-21.198591550191242,2.004675955230634,59.56431760322522,,,0.0,-1,-1,0,176,prompt
63,431,10,-1.217809265797704,-1.9869863510131835,-10.604691171646119,2.819055833246164,83.76173543388511,,,0.0,-1,-1,0,176,prompt
63,655,9,23.741601344735468,10.173567003673977,9.801478068033854,2.678140172835873,79.5747519316157,,,0.0,-1,-1,0,176,prompt
63,1831,6,-22.523238580131096,-11.265130966901777,43.591968615849815,1.8003537068707915,53.49335373350068,,,0.0,-1,-1,0,176,prompt
63,2615,11,6.827833375539941,0.45851612091064453,3.7954091158780185,4.125910412516664,122.59190198414021,,,0.0,-1,-1,0,176,prompt
63,2787,7,-1.0636673080543613,-21.27132306780134,-17.83038411821638,1.692259206022071,50.28157520993648,,,0.0,-1,-1,0,176,prompt
63,2831,16,7.600869975700082,19.88718318939209,42.13992367684841,5.677582172686996,168.6962458296312,,,0.0,-1,-1,0,176,prompt
63,3243,6,-7.4976065995920145,5.86581261952718,-10.0489288965861,1.207893100422044,35.88975468905929,,,0.0,-1,-1,0,176,prompt
63,3277,6,-16.572401989161133,-10.687787850697836,25.45707893371582,1.8173977251032394,53.99977738395839,,,0.0,-1,-1,0,176,prompt
63,3291,6,-6.241610719484259,28.054287592569988,11.683966954549154,2.125119657367294,63.14302413115928,,,0.0,-1,-1,0,176,prompt
63,3569,6,10.672638212531725,14.572156508763632,-16.444426854451496,2.634504595859717,78.27822150782022,,,0.0,-1,-1,0,176,prompt
63,3647,6,8.781759065177184,9.085081497828165,-14.439889589945475,1.768378382106414,52.54328078292622,,,0.0,-1,-1,0,176,prompt
63,3757,7,5.664986885369552,25.903270176478795,12.854187488555908,2.7126309910095223,80.59956696106218,,,0.0,-1,-1,0,176,prompt
63,4727,7,7.942096859736266,-17.92998777117048,-8.305202756609239,3.680147210623568,109.34707762032613,,,0.0,-1,-1,0,176,prompt
63,4839,10,1.8326554930252936,47.14727668762207,19.2713960647583,4.085706292707702,121.39732938750147,,,0.0,-1,-1,0,176,prompt
63,4979,6,-32.82504018508138,8.729437351226807,0.8051332632700602,2.2371720664720405,66.47240276051174,,,0.0,-1,-1,0,176,prompt
63,5157,6,15.892639270916959,21.31553077697754,11.483888943990072,1.7408609370087418,51.72566343427174,,,0.0,-1,-1,0,176,prompt
63,5613,7,-6.9519546994354995,-2.256589208330427,11.625482014247348,1.9269947901431805,57.256201133336546,,,0.0,-1,-1,0,176,prompt
64,339,202,37.803492324439866,-39.770318548278055,-49.391241857320956,96.11674070458635,2855.887035197248,,,0.0,-1,-1,0,176,prompt
64,497,8,21.437493595511096,-22.502549171447754,-8.412949740886688,3.1395587308608466,93.28473905771946,,,0.0,-1,-1,0,176,prompt
64,681,6,28.69694010538394,27.638601144154865,-25.95443296432495,2.957765255340526,87.88316565837134,,,0.0,-1,-1,0,176,prompt
64,1117,9,-1.9871198933459813,-11.319016999668545,-11.986706256866455,3.285525121901847,97.62179335952678,,,0.0,-1,-1,0,176,prompt
64,1199,9,-14.2442473324552,15.278825031386482,7.144294261932373,3.2114970415155883,95.42221986727279,,,0.0,-1,-1,0,176,prompt
64,1523,9,-2.7876513815267923,32.35280397203233,-0.8821128209431967,3.01031322018694,89.44450711076324,,,0.0,-1,-1,0,176,prompt
64,1659,7,-12.418967015609807,-37.043694087437224,21.843476159232004,2.039090611261523,60.58686965044315,,,0.0,-1,-1,0,176,prompt
64,2265,7,-14.8095288623828,26.350629125322616,11.560878481183734,2.3639022273111414,70.23789689457969,,,0.0,-1,-1,0,176,prompt
64,2413,7,-23.352283076980985,37.08724294389997,7.831567764282227,1.4815427198390607,44.020621326346635,,,0.0,-1,-1,0,176,prompt
64,2589,9,-28.762689830538168,-47.283684200710724,6.595222473144532,2.559771426448002,76.05769792308811,,,0.0,-1,-1,0,176,prompt
64,2785,10,-20.634811509996112,24.018423855304718,5.644153881072998,4.098361308508592,121.77334396405749,,,0.0,-1,-1,0,176,prompt
64,2849,8,-21.562261418484294,37.477692008018494,-2.1187488734722137,2.969448549807688,88.23030777901099,,,0.0,-1,-1,0,176,prompt
64,2855,6,7.272712911282093,43.55019346872965,-2.9990402857462564,1.6476688108391597,48.956674567616616,,,0.0,-1,-1,0,176,prompt
64,3047,6,5.889120760081712,16.56283696492513,0.851320743560791,2.5172148538615913,74.7932276235229,,,0.0,-1,-1,0,176,prompt
64,3349,8,-35.095499552948546,0.49536123126745224,-11.98108959197998,2.3252274902091896,69.08876637403286,,,0.0,-1,-1,0,176,prompt
64,3713,6,21.034013379972336,18.147069295247395,28.36227321624756,1.690927475170112,50.24200590237776,,,0.0,-1,-1,0,176,prompt
64,3837,8,-0.02055349341585977,-41.97404524683952,-0.2379172444343567,2.4885323418458727,73.94099300131134,,,0.0,-1,-1,0,176,prompt
64,3873,7,-53.49704246177958,41.76273727416992,27.985212053571427,2.4855766195902316,73.85317053867215,,,0.0,-1,-1,0,176,prompt
64,4007,10,-30.80306852539053,-28.29723415374756,-15.17460594177246,3.8764319421505173,115.17922523442267,,,0.0,-1,-1,0,176,prompt
64,4249,7,-10.584477208207712,-20.277631214686803,-15.37854630606515,2.279496340023841,67.72997083059677,,,0.0,-1,-1,0,176,prompt
64,4879,6,3.6235485762309474,37.89222542444865,33.54618740081787,1.4967098851275455,44.47127862486248,,,0.0,-1,-1,0,176,prompt
64,4983,8,-14.948602038552636,20.2543728351593,-0.6813175678253174,3.340629570744001,99.25909483142831,,,0.0,-1,-1,0,176,prompt
64,5017,6,14.689031807407337,-5.353131095568339,45.92905616760254,2.214065433373097,65.78584250669341,,,0.0,-1,-1,0,176,prompt
65,435,7,-11.131935139928936,-14.921202114650182,12.050348009381976,1.735180440048737,51.55688058226664,,,0.0,-1,-1,0,176,prompt
65,1175,10,-17.812522656502903,13.426706218719483,-7.606199026107788,3.6354874123758165,108.02011482617272,,,0.0,-1,-1,0,176,prompt
65,1289,6,-38.78246869765379,53.02324994405111,22.766024669011433,1.7629086131465062,52.38075922691408,,,0.0,-1,-1,0,176,prompt
65,1705,6,-21.284996123912496,1.5519002278645833,-14.278233210245768,2.7054208542972757,80.38533439545957,,,0.0,-1,-1,0,176,prompt
65,1917,6,-5.047450597744475,39.48569377263387,6.0522392590840655,1.4784867167800093,43.92981925116295,,,0.0,-1,-1,0,176,prompt
65,2459,9,13.942163785924784,-10.342920727199978,5.029887305365668,3.008112453045946,89.37911639631145,,,0.0,-1,-1,0,176,prompt
65,3517,11,-24.56720838114836,16.637577577070758,-5.521831555800005,3.694020927542584,109.75930308686368,,,0.0,-1,-1,0,176,prompt
65,4033,6,7.756098309132912,-17.94384280840556,37.347419102986656,2.130850973972974,63.31331697160295,,,0.0,-1,-1,0,176,prompt
65,4265,6,31.520000244660107,25.380030632019043,47.77655601501465,2.130124290342258,63.291725245287225,,,0.0,-1,-1,0,176,prompt
65,4491,7,-2.956603822608728,34.783146381378174,-14.80972181047712,2.319532997332642,68.91956766568154,,,0.0,-1,-1,0,176,prompt
65,5591,8,-37.78179588117087,-14.143767356872559,13.932614088058472,2.9882458582414753,88.7888263997958,,,0.0,-1,-1,0,176,prompt
66,41,6,-44.13145636793997,-30.917912125587463,-19.923817316691082,1.924582976358521,57.18453965513381,,,0.0,-1,-1,0,176,prompt
66,1035,8,-24.10756037191414,-15.712986469268799,-0.909790575504303,2.599871511855942,77.24917937769567,,,0.0,-1,-1,0,176,prompt
66,1099,6,-7.948943020320034,-23.648000240325928,-2.7911957105000815,1.3854055539521457,41.16412740401425,,,0.0,-1,-1,0,176,prompt
66,1179,6,-27.031751762857894,-15.181831151247025,4.398727297782898,1.5484019569635317,46.00718919253983,,,0.0,-1,-1,0,176,prompt
66,1413,19,-33.669837107738715,36.602378845214844,18.195407214917633,9.284480518886614,275.86690256096546,,,0.0,-1,-1,0,176,prompt
66,1447,7,-46.710624803933584,-46.05817474637713,12.320992878505162,1.2929099266661772,38.41583339360542,,,0.0,-1,-1,0,176,prompt
66,1469,11,-28.66736524834017,34.47686914964156,27.345305876298383,3.1798491830511275,94.48187682174442,0.5425698757171631,111.74047088623047,111.74047088623047,4,6,1,176,prompt
66,1485,6,-45.494634341114285,-36.922288258870445,46.49716313680013,2.273720738413586,67.55836216348759,,,0.0,-1,-1,0,176,prompt
66,1681,10,-22.439397884359877,5.924932813644409,0.7870356798171997,3.3864229808706963,100.61974028527544,,,0.0,-1,-1,0,176,prompt
66,2293,8,-15.567582347994943,14.337754428386688,-0.923801600933075,2.5820120736558896,76.71852740554652,,,0.0,-1,-1,0,176,prompt
66,2509,6,5.324169027984545,38.386430740356445,20.15013535817464,1.9905626978206823,59.1449747440519,,,0.0,-1,-1,0,176,prompt
66,2687,9,2.1409122222751775,-3.125354137685564,-17.78995354970296,3.1336112889731718,93.1080245535125,,,0.0,-1,-1,0,176,prompt
66,2751,11,12.631380997986845,-44.44833079251376,25.30786774375222,4.286043952806673,127.3499004166927,,,0.0,-1,-1,0,176,prompt
66,2961,7,32.975927655238046,6.5797392981393,6.984357016427176,2.548046516735682,75.7093193015201,,,0.0,-1,-1,0,176,prompt
66,3219,7,-14.637630282824242,28.531998770577566,-31.40824862888881,1.9176074290331155,56.97727737153996,,,0.0,-1,-1,0,176,prompt
66,3477,7,-34.59433650209537,-3.8322433744158046,26.71565818786621,2.1503468388237725,63.89259158348849,,,0.0,-1,-1,0,176,prompt
66,3587,6,-23.08227557966467,9.634713013966879,41.45348676045736,1.1034559752351205,32.786646639117116,,,0.0,-1,-1,0,176,prompt
66,4327,6,16.761315532882723,28.67319965362549,17.15256643295288,2.990796278056679,88.86460623618181,,,0.0,-1,-1,0,176,prompt
67,352,12,17.980376855128487,32.53678432106972,15.476799090703329,3.736094668095994,111.00942714733343,,,0.0,-1,-1,0,176,prompt
67,622,6,-7.6096369041223895,0.5311568578084321,-1.7966937224070232,2.1358627557236796,63.46223049509692,,,0.0,-1,-1,0,176,prompt
68,107,7,25.098574979008184,51.679854256766184,18.19604274204799,2.321008426561826,68.96340663874793,,,0.0,-1,-1,0,176,prompt
68,159,6,-28.498699147372236,-1.8105497360229492,55.35592460632324,2.30687601701347,68.54349471800049,0.4127114713191986,75.85845947265625,75.85845947265625,4,13,1,176,prompt
68,437,6,-18.55546093768795,4.087594032287598,18.846176783243816,1.5721512273277116,46.71284392897036,,,0.0,-1,-1,0,176,prompt
68,651,40,36.14892487258782,-7.961801135540009,25.607700371742247,20.20729683346667,600.4131706926073,,,0.0,-1,-1,0,176,prompt
68,1067,7,-16.818333927146405,12.894230161394391,-4.100819451468332,2.124331603112722,63.11960891844848,0.28400513529777527,119.82554626464844,191.78549194335938,5,14,2,176,prompt
68,1211,11,19.584157012170678,13.579124797474254,-30.37764982743697,4.510977690053113,134.03328709076783,,,0.0,-1,-1,0,176,prompt
68,1501,8,-23.32595254696053,-18.71632945537567,27.87200093269348,1.964981704428232,58.384894586928155,,,0.0,-1,-1,0,176,prompt
68,1823,6,6.318374031195763,12.78469999631246,-13.76093339920044,3.268362009053957,97.11183108753747,,,0.0,-1,-1,0,176,prompt
68,2253,7,-2.371733479325566,-33.04913520812988,16.176989759717667,2.638301961815092,78.39105146980557,,,0.0,-1,-1,0,176,prompt
68,2505,10,1.7978894729917436,9.189465522766113,-11.671622562408448,2.475664809946919,73.55866399955966,,,0.0,-1,-1,0,176,prompt
68,2515,8,-1.2754653388152057,-20.247445464134216,29.672211408615112,2.794139112006477,83.02139259010562,,,0.0,-1,-1,0,176,prompt
68,2679,11,-19.399798550021554,15.813760475678878,-9.30676286870783,3.601997911918205,107.02505164081066,,,0.0,-1,-1,0,176,prompt
68,2993,11,-17.94804332087116,-18.111378409645774,4.853410720825195,3.8113932377730237,113.24675029555027,,,0.0,-1,-1,0,176,prompt
68,3741,7,-15.0686724530059,-9.552893911089216,8.551916326795306,2.5265666980149155,75.07109608095165,,,0.0,-1,-1,0,176,prompt
68,3979,9,-2.732396757190841,39.043833043840195,10.077622201707628,2.1397163160050834,63.57673014173847,,,0.0,-1,-1,0,176,prompt
68,4015,9,39.936349075033085,-15.69143279393514,9.51623280843099,2.314249229667963,68.76257270871633,,,0.0,-1,-1,0,176,prompt
68,4033,7,-9.264085735808424,-31.82582664489746,-18.413784095219203,1.9347037792824164,57.48525594705402,,,0.0,-1,-1,0,176,prompt
68,4053,8,-22.036163276318952,27.88570261001587,27.049915671348572,2.6225968687777783,77.92441089020372,,,0.0,-1,-1,0,176,prompt
68,4443,6,8.861063203545894,32.36820030212402,-15.518999656041464,2.4358176023239033,72.37469622448553,,,0.0,-1,-1,0,176,prompt
68,4697,7,-5.583566857588967,31.06175320489066,-1.910271508353097,3.094995448961953,91.96064402403488,,,0.0,-1,-1,0,176,prompt
68,4827,89,30.37680310877436,41.628845530949285,18.877551753869216,39.49614452466028,1173.53674564281,,,0.0,-1,-1,0,176,prompt
68,4947,7,-3.3659925160847664,19.347283908299037,19.910259246826172,2.9799333341761844,88.54183893919522,,,0.0,-1,-1,0,176,prompt
68,5039,7,-3.4497319236361164,-15.00829805646624,35.247148513793945,3.135531972466813,93.16509322904183,,,0.0,-1,-1,0,176,prompt
68,5335,7,-20.61894102701615,36.81011799403599,27.791224888392858,2.557277581628009,75.98359908206413,,,0.0,-1,-1,0,176,prompt
68,5553,6,3.6310123529027116,35.30110613505045,21.12636884053548,1.9396207885700072,57.63135352561772,,,0.0,-1,-1,0,176,prompt
69,705,7,28.71030751552297,-56.47015871320452,37.20555714198521,4.174678616930578,124.04093658201126,,,0.0,-1,-1,0,176,prompt
69,769,8,-39.55451202766412,29.243615090847015,54.93561792373657,1.831232685359327,54.41085128573858,,,0.0,-1,-1,0,176,prompt
69,1147,7,-26.068532943046346,-3.198814255850656,15.862796102251325,3.5390552411248364,105.15485550055708,,,0.0,-1,-1,0,176,prompt
69,1469,6,22.799837082891457,24.243818600972492,9.723939100901285,1.8481034811864707,54.91212803235949,,,0.0,-1,-1,0,176,prompt
69,1933,8,-12.865975386253066,7.30224347114563,18.286940574645996,2.452286979129183,72.86404573167012,,,0.0,-1,-1,0,176,prompt
69,1975,9,-0.6724416441994252,13.412849956088596,3.8249527083502874,3.38036822632209,100.43983723311295,,,0.0,-1,-1,0,176,prompt
69,2465,10,-16.516036062525878,35.17547659873962,-1.8974246978759766,4.549196389859592,135.16886751598102,0.31514766812324524,123.26215362548828,123.26215362548828,7,14,1,176,prompt
69,2969,6,-23.812712553990114,9.62547508875529,12.550820708274843,2.506431802187573,74.4728341389962,,,0.0,-1,-1,0,176,prompt
69,3005,7,-18.62300847471096,21.251528876168386,44.380397251674104,2.1050498723316173,62.546696806050015,,,0.0,-1,-1,0,176,prompt
69,3037,6,-3.116614949407102,-36.26180632909139,-11.893281618754068,1.9524716479758881,58.01318714273129,,,0.0,-1,-1,0,176,prompt
69,3133,6,4.327656639966726,-4.858924865722656,16.80783748626709,2.093880783389506,62.214833115386824,,,0.0,-1,-1,0,176,prompt
69,3365,6,-48.11547716598424,-3.658050060272217,-0.8576165835062662,1.7117070398732386,50.85942269156222,,,0.0,-1,-1,0,176,prompt
69,3535,7,-29.99621173212592,-44.57753569739206,29.161014284406388,1.8319818273635287,54.43311031077042,,,0.0,-1,-1,0,176,prompt
69,3541,7,-2.63053544858356,-28.47657302447728,-24.98560551234654,2.2343265266741987,66.38785411521621,,,0.0,-1,-1,0,176,prompt
69,3561,9,10.495600260562806,19.571183522542317,16.55226665072971,2.450484934237456,72.81050212828325,,,0.0,-1,-1,0,176,prompt
69,4019,11,-5.639136521565227,-24.389518997885965,4.775424176996404,2.755720273975938,81.87986551964474,,,0.0,-1,-1,0,176,prompt
69,4087,7,-26.191346227447436,-1.0570343562534876,-29.406291348593577,2.0187436245470756,59.982305917453935,,,0.0,-1,-1,0,176,prompt
69,4317,9,-26.616989648704468,28.232879426744248,30.504951900906033,3.0948212625013123,91.95546847551957,,,0.0,-1,-1,0,176,prompt
69,4341,7,17.153247327033704,8.04454231262207,10.406132970537458,1.9755754474204485,58.699663201052,,,0.0,-1,-1,0,176,prompt
69,4515,6,-1.5893420748128324,-22.359368801116943,37.71691926320394,2.0270480190472733,60.22905182679733,0.7688241600990295,85.59184265136719,85.59184265136719,2,3,1,176,prompt
69,4753,7,-21.089984640110664,21.952259608677455,0.2831520012446812,2.3766303580419237,70.61608391246929,,,0.0,-1,-1,0,176,prompt
69,4903,9,-17.516974920871487,-8.399966345893013,-46.6788330078125,3.969696800668092,117.95037517487354,,,0.0,-1,-1,0,176,prompt
69,5145,8,-4.34604296397058,15.730307579040527,21.395307302474976,2.7967757183414763,83.09973325993948,,,0.0,-1,-1,0,176,prompt
69,5319,8,-26.52389139808073,6.152174830436706,-23.20008420944214,1.8370072961488715,54.58243051289796,,,0.0,-1,-1,0,176,prompt
69,5597,6,-41.00912135199974,-0.5912000338236494,-19.97629968325297,2.830326317737349,84.09661185918644,0.36959969997406006,216.95953369140625,216.95953369140625,7,12,1,176,prompt
70,31,6,-17.21849194762359,-28.451500435670216,-39.47813336054484,2.3799030852838703,70.71332544637379,,,0.0,-1,-1,0,176,prompt
70,133,6,-46.54297147106226,1.6304187973340352,-16.327281951904297,2.393462343207917,71.11620748990039,,,0.0,-1,-1,0,176,prompt
70,391,6,-18.92768788607771,35.85535589853922,-1.105352242787679,2.7530172969450044,81.79955279781818,,,0.0,-1,-1,0,176,prompt
70,871,6,-1.757368143698318,15.075599988301596,51.3653252919515,2.056496153794726,61.10403516080857,,,0.0,-1,-1,0,176,prompt
70,1079,6,11.011869590178629,-2.1430999437967944,-33.410567124684654,2.5097300961130924,74.57083532787453,1.0,17.694908142089844,17.694908142089844,3,4,1,176,prompt
70,1095,6,-18.479689408525477,-17.708287318547566,-15.933216492335001,2.180333357912967,64.78357176518993,,,0.0,-1,-1,0,176,prompt
70,1171,7,-0.4103135110639481,-18.816788128444127,45.07320887701852,2.18057055181661,64.79061943440217,,,0.0,-1,-1,0,176,prompt
70,1341,11,-18.531691532490797,4.935344609347257,4.3177104429765185,3.2331085726723177,96.06435661877752,,,0.0,-1,-1,0,176,prompt
70,1493,6,-19.133836367949446,34.53901290893555,44.8159376780192,2.1238488935735558,63.10526631897449,,,0.0,-1,-1,0,176,prompt
70,1663,8,-11.717183490403963,-5.8819780349731445,5.528644144535065,2.870412078994983,85.2876677047393,,,0.0,-1,-1,0,176,prompt
70,1783,10,-36.49255892347545,-32.625926399230956,51.992551231384276,2.5707114536063367,76.38275557170543,,,0.0,-1,-1,0,176,prompt
70,1857,7,7.300893599106366,-1.682544435773577,7.512155805315289,3.1833410052217443,94.58562825560682,,,0.0,-1,-1,0,176,prompt
70,2745,11,3.411642459143927,-0.43080364574085583,20.272664763710715,5.135233646725716,152.58161155783833,,,0.0,-1,-1,0,176,prompt
70,3229,7,-4.6222230012004735,8.836328097752162,33.74671418326242,2.4865476281601566,73.88202181645774,,,0.0,-1,-1,0,176,prompt
70,3487,6,10.942764721169349,13.140344301859537,-4.4031392733256025,1.6071881020958307,47.753883769383144,,,0.0,-1,-1,0,176,prompt
70,3507,10,17.222908577546384,-15.18922119140625,15.44152898788452,4.073268239573953,121.02776135567503,0.4877952039241791,67.18730163574219,67.18730163574219,1,11,1,176,prompt
70,3537,13,-16.89004253016804,-4.613065572885369,35.25790463961088,4.7161575997121075,140.12973438582375,,,0.0,-1,-1,0,176,prompt
70,3799,6,-18.15328850475317,1.2101125717163086,-10.233679294586182,1.8540368897120576,55.088425567612276,,,0.0,-1,-1,0,176,prompt
70,3905,10,-0.7801421507318551,12.650755405426025,21.545586395263673,3.642692177911342,108.23418779966008,,,0.0,-1,-1,0,176,prompt
70,4309,7,-1.5251692474360752,-44.118300029209685,-4.3673287119184225,2.466709014143183,73.2925632044404,,,0.0,-1,-1,0,176,prompt
70,4359,10,-21.61791514755975,11.702989196777343,30.150441360473632,3.6139276069097845,107.3795149841425,,,0.0,-1,-1,0,176,prompt
70,4735,7,-41.07405861621873,-19.774848120553152,40.51252365112305,2.742773412917471,81.49517943507367,,,0.0,-1,-1,0,176,prompt
70,5665,9,3.709780443487519,-24.858112335205078,-11.700342708163792,4.294326712405538,127.59600349489378,,,0.0,-1,-1,0,176,prompt
71,141,6,-1.0577097331670717,9.73632558186849,2.6589293479919447,2.061459264415428,61.25150253404665,,,0.0,-1,-1,0,176,prompt
71,491,9,-21.919340267975915,-6.158333248562283,8.377922005123564,3.0958054734964118,91.98471203288739,,,0.0,-1,-1,0,176,prompt
71,673,7,-16.97341788255568,1.3539537702287947,20.455153465270996,2.6730359933324257,79.42309302222739,,,0.0,-1,-1,0,176,prompt
71,863,6,-39.00950465436163,16.01782528559367,-2.3079042434692383,1.8296486792482411,54.36378620130935,,,0.0,-1,-1,0,176,prompt
71,1017,8,-45.83589865363925,0.6304588913917542,28.116846799850464,3.17284509942754,94.27376664793486,,,0.0,-1,-1,0,176,prompt
71,1065,6,-27.593170885748822,-58.454898834228516,9.898187478383383,2.242341993766756,66.62601521371872,,,0.0,-1,-1,0,176,prompt
71,1783,11,0.35522703102656483,20.58031064813787,-14.141446612098001,3.751224074617802,111.45896253127513,0.2768435776233673,433.8577880859375,1020.093994140625,4,6,3,176,prompt
71,1855,6,17.932844469647776,2.88209992647171,25.29710054397583,1.7584770233991864,52.24908476925032,,,0.0,-1,-1,0,176,prompt
71,2531,7,-14.827432412242315,17.193626965795243,-11.184780393327985,3.171379291748258,94.23021355700953,,,0.0,-1,-1,0,176,prompt
71,2533,6,-10.478801718795577,27.10282548268636,10.028983116149904,2.9176763906075047,86.69201760021262,0.4676441252231598,116.41608428955078,116.41608428955078,4,7,1,176,prompt
71,2537,6,30.285410325127454,4.761931101481121,5.822772582372029,1.9066051625409317,56.650370424815826,,,0.0,-1,-1,0,176,prompt
71,3549,9,-2.2848586511752558,31.151929749382866,4.518746270073784,3.7939458226863527,112.72834063893409,,,0.0,-1,-1,0,176,prompt
71,3719,6,-32.39312615983041,-38.22939316431681,-24.142205675443012,2.3405586317325153,69.54429584777782,,,0.0,-1,-1,0,176,prompt
71,3823,6,-18.502764340688476,-10.7385942141215,22.836776574452717,2.0605747854938823,61.22522228498255,,,0.0,-1,-1,0,176,prompt
71,3897,6,-26.846844125152572,-32.13264433542887,13.691652377446493,1.559379735517405,46.33336853671496,,,0.0,-1,-1,0,176,prompt
71,4021,7,-36.94792485670371,41.87358692714146,44.72356196812221,2.3888578547611465,70.9793957465719,,,0.0,-1,-1,0,176,prompt
72,31,10,24.099397374356933,37.999380874633786,-3.90658016204834,2.8195980687746034,83.7778467106964,,,0.0,-1,-1,0,176,prompt
72,385,14,-41.47827749241856,-20.28554998125349,5.029276609420776,4.404084345882942,130.8571981646699,,,0.0,-1,-1,0,176,prompt
72,627,9,-44.318651114373175,52.96166631910536,50.1582916047838,3.288953764460687,97.7236675570946,0.3014152944087982,251.85467529296875,411.2037353515625,5,15,3,176,prompt
72,651,11,-11.894545006147546,-1.87185356833718,20.420390129089355,3.4082585095945737,101.26853260732119,,,0.0,-1,-1,0,176,prompt
72,953,8,-23.808281585423266,40.15541276335716,-28.209118843078613,3.19656920500819,94.97867367092338,0.3814984858036041,173.41287231445312,283.9573669433594,7,7,2,176,prompt
72,1089,6,-24.98031032328964,-10.604650179545084,25.675837834676106,1.957195615669903,58.15354893603732,,,0.0,-1,-1,0,176,prompt
72,1375,12,15.920280577209782,17.89072783788045,-25.154550711313885,4.856152787671133,144.28936817439552,,,0.0,-1,-1,0,176,prompt
72,1561,7,3.194982769221638,25.998283999306814,17.79619128363473,2.482206717024427,73.75304166437815,0.4764895439147949,169.21804809570312,169.21804809570312,1,5,1,176,prompt
72,2023,7,-27.230573682905668,20.400358949388778,5.527294158935547,1.76936067879805,52.57246746118638,0.32114046812057495,132.1903533935547,132.1903533935547,6,15,1,176,prompt
72,2131,6,-4.65985234882291,-37.73980601628622,41.753706534703575,2.771695871502786,82.3545435156109,,,0.0,-1,-1,0,176,prompt
72,2255,10,-44.187175909373096,47.61838827133179,31.696798706054686,3.3248298430536325,98.78964240160388,,,0.0,-1,-1,0,176,prompt
72,2459,7,15.8536204986446,3.705557414463588,-18.949499675205775,3.8217180160551205,113.55352724430003,,,0.0,-1,-1,0,176,prompt
72,2465,9,-6.050367015808756,6.650999916924372,34.839300844404434,4.566140874780828,135.67233376389916,,,0.0,-1,-1,0,176,prompt
72,2879,6,13.209727245828434,1.8013122479120902,20.393458604812622,2.4233730554171986,72.00493524518859,,,0.0,-1,-1,0,176,prompt
72,3561,7,-10.119328136962503,20.162823268345424,3.070237704685756,1.347833152578032,40.04775024454157,,,0.0,-1,-1,0,176,prompt
72,3931,10,-36.56359219404479,-24.08770473599434,19.002585029602052,3.3424830003601027,99.31416521326265,,,0.0,-1,-1,0,176,prompt
72,4211,7,6.460932480043617,40.28605706351144,-6.489314624241421,2.202239021458833,65.43444798154344,,,0.0,-1,-1,0,176,prompt
72,4235,6,35.88895853748901,12.817031224568685,16.472139358520508,1.3106343442007582,38.9424735384165,,,0.0,-1,-1,0,176,prompt
72,4851,9,-43.450052666357614,-43.03443309995863,11.940655125512016,2.89437356283148,85.99962787454017,,,0.0,-1,-1,0,176,prompt
72,4927,6,-19.350154569558853,47.979574839274086,6.988375027974446,2.1758896149918674,64.65153620402666,,,0.0,-1,-1,0,176,prompt
72,4987,8,-18.98643114362512,-26.181384563446045,32.405356645584106,2.196453678207544,65.2625498640625,,,0.0,-1,-1,0,176,prompt
72,5159,6,-4.109076242479681,1.1962564786275227,34.225143909454346,2.916146538610807,86.64656158026114,,,0.0,-1,-1,0,176,prompt
72,5195,17,-31.350171371002656,21.498379539040958,32.00404394374174,5.247843518774492,155.92755391149922,,,0.0,-1,-1,0,176,prompt
72,5389,9,-26.549819456789272,-2.2477915816836886,37.22677252027724,3.608311846699211,107.21265563518223,,,0.0,-1,-1,0,176,prompt
73,173,9,-53.58421383540831,16.187179035610622,19.38202084435357,3.09018775780491,91.81779458132614,,,0.0,-1,-1,0,176,prompt
73,467,6,-47.010392344091535,-4.803499857584636,-11.847300132115683,2.1447287462432083,63.725662933538885,,,0.0,-1,-1,0,176,prompt
73,979,6,18.082838483864542,32.529856046040855,-21.04470221201579,1.561782451328532,46.404759689639626,,,0.0,-1,-1,0,176,prompt
73,1121,7,-56.630650619608126,35.44824654715402,47.11205782209124,2.4276337005444395,72.13153047814451,,,0.0,-1,-1,0,176,prompt
73,1153,7,-21.618005679914425,-5.2416212899344305,3.1533753531319753,1.5892287892198667,47.22026425183047,,,0.0,-1,-1,0,176,prompt
73,1637,6,0.460709023947107,-25.00129286448161,-41.23787752787272,2.383987820331326,70.83469391745103,,,0.0,-1,-1,0,176,prompt
73,1661,7,-7.178080314705279,-10.780162675040108,-8.03599384852818,2.166347059886134,64.3680012109615,,,0.0,-1,-1,0,176,prompt
73,1933,6,-11.434012453951224,12.738511880238852,20.042433897654217,1.5968807777679288,47.44762542458449,,,0.0,-1,-1,0,176,prompt
73,2179,16,-45.135455127094055,27.885702669620514,50.352663189172745,4.4798581870139715,133.10864290683307,0.28337568044662476,741.3609008789062,741.3609008789062,5,13,1,176,prompt
73,2555,7,-17.211694034185978,11.14438394989286,-3.2061023712158203,3.3126258965443167,98.42703030761588,,,0.0,-1,-1,0,176,prompt
73,3873,8,-33.99486625856181,-13.603373289108276,23.597348928451538,2.762641340650343,82.0855090364793,,,0.0,-1,-1,0,176,prompt
73,3921,6,-24.422423809604954,42.67725054423014,25.417187531789143,0.9866656990988447,29.316493229735215,,,0.0,-1,-1,0,176,prompt
73,3967,6,19.83222436515209,22.359368960062664,3.5965356826782227,2.001029844952336,59.455981854464305,,,0.0,-1,-1,0,176,prompt
73,4127,6,-27.821551994336005,-38.187824639181294,0.6359168688456217,2.018238885929316,59.967308774770395,,,0.0,-1,-1,0,176,prompt
73,4383,7,26.78397267088249,-0.6334280286516462,41.65539387294224,4.89773773352037,145.52496882876252,,,0.0,-1,-1,0,176,prompt
73,4549,9,-61.976232383266016,53.863863203260635,40.80686230129666,3.4579863257230516,102.74607985173391,0.3286917805671692,79.51336669921875,79.51336669921875,5,15,1,176,prompt
73,4671,6,-4.529993881852647,-2.337087949117025,24.30386257171631,1.7225551398234062,51.181748935430896,,,0.0,-1,-1,0,176,prompt
73,5015,6,32.9151072674775,-34.7376192410787,12.566147804260254,1.9254633712824856,57.21069855763897,,,0.0,-1,-1,0,176,prompt
73,5167,13,-22.176551520445916,3.2871288886437044,7.77766746741075,4.153443140833786,123.40997343837466,,,0.0,-1,-1,0,176,prompt
73,5657,8,-28.670765013970723,-15.134488582611084,-4.242373466491699,2.0784199755866597,61.75545090752013,,,0.0,-1,-1,0,176,prompt
73,5671,12,-14.924759971740992,8.607040882110596,-5.02362585067749,4.693312223241518,139.45093676952627,,,0.0,-1,-1,0,176,prompt
73,5695,6,-26.988262652668826,40.29859320322672,-17.164952278137207,1.8103320546015698,53.78983729825871,,,0.0,-1,-1,0,176,prompt
74,316,8,-24.136242127263614,-27.35916566848755,-8.118659138679504,3.10298547270605,92.19804913218161,,,0.0,-1,-1,0,176,prompt
74,372,10,-0.29960995360341336,-27.82057900428772,21.88456120491028,3.3555882820904905,99.70355840233732,,,0.0,-1,-1,0,176,prompt
74,1252,6,6.008854696243284,43.009799559911094,-13.161966641743978,2.918079741562296,86.70400224257546,,,0.0,-1,-1,0,176,prompt
74,1380,6,3.4438877082487305,19.287899653116863,-6.297033468882243,2.255749521361253,67.02438894081855,0.393192321062088,243.26739501953125,243.26739501953125,6,14,1,176,prompt
74,1580,6,-48.50128651583819,-31.056474685668945,8.561691761016846,2.1046724992995904,62.5354840376842,,,0.0,-1,-1,0,176,prompt
74,1628,8,-16.96221767727952,-11.112712651491165,16.45209050178528,2.0790400751921343,61.77387573560753,,,0.0,-1,-1,0,176,prompt
74,2264,6,-35.62594243619284,-35.69370047251383,-11.773400068283081,2.215520887669859,65.8290879707611,,,0.0,-1,-1,0,176,prompt
74,2404,8,1.5023059262202008,4.333542227745056,42.47759282588959,2.566578804408043,76.25996344226047,,,0.0,-1,-1,0,176,prompt
74,2406,6,-7.536406201617126,35.125594774881996,1.365472714106242,1.8601583090331075,55.270309409571965,,,0.0,-1,-1,0,176,prompt
74,2914,6,31.960813576320138,25.37079366048177,-0.09993569056193034,2.017820621458513,59.95488101171171,,,0.0,-1,-1,0,176,prompt
74,2964,6,-7.203014817983072,-29.116600195566814,-15.165033022562662,1.4544935354813915,43.21691726445846,,,0.0,-1,-1,0,176,prompt
74,3492,6,15.135594755222277,-35.40271910031637,6.708101908365886,2.0809231465390323,61.829826853035534,,,0.0,-1,-1,0,176,prompt
74,3580,8,-15.301608177144594,-37.48115634918213,-12.221212476491928,2.6897874649491715,79.9208243254327,,,0.0,-1,-1,0,176,prompt
74,3658,7,-36.67013041187597,-24.743303775787354,-13.77248137337821,2.109753196574844,62.686445226877595,,,0.0,-1,-1,0,176,prompt
74,3772,6,-1.2753730866558257,9.87950611114502,-1.0129768053690593,1.3878102339104061,41.23557691703615,,,0.0,-1,-1,0,176,prompt
74,3844,10,-13.240309860970408,17.33971118927002,31.171143341064454,4.354467442867267,129.38294644732736,,,0.0,-1,-1,0,176,prompt
74,3902,7,-17.794006171315882,-27.459128039223806,29.99365016392299,2.047246821754048,60.829212614126575,,,0.0,-1,-1,0,176,prompt
74,4238,6,3.8061488291296555,10.373712380727133,41.16712506612142,1.8314642354678088,54.41773126260801,,,0.0,-1,-1,0,176,prompt
74,4460,9,7.743187883605178,5.816546016269261,21.248976283603245,2.857352417906378,84.89963002770602,,,0.0,-1,-1,0,176,prompt
74,4578,6,-6.8106135465266675,7.200631300608317,3.956797997156779,2.746453450710222,81.60452326159454,,,0.0,-1,-1,0,176,prompt
74,4598,7,17.69028815746716,-9.932952012334551,21.398815972464426,1.6030908917149924,47.63214462257755,0.1970592886209488,240.19232177734375,346.81396484375,0,3,2,176,prompt
74,4808,7,-12.21068088858462,15.055805138179235,1.371680532182967,3.0172511451271893,89.65065153204498,,,0.0,-1,-1,0,176,prompt
74,4980,14,-14.694304821536077,19.55314826965332,25.694884061813354,5.160554651804272,153.33396676247708,,,0.0,-1,-1,0,176,prompt
74,5042,12,-16.81365876055188,19.454174677530926,2.7797522544860835,3.15603404132688,93.77426486993365,,,0.0,-1,-1,0,176,prompt
74,5554,6,21.27395454910551,25.892711798350017,36.62227471669515,2.262978243798768,67.2391737383367,,,0.0,-1,-1,0,176,prompt
75,217,8,3.9471388165166896,10.586174011230469,25.950549840927124,3.6401093410132512,108.15744476450078,,,0.0,-1,-1,0,176,prompt
75,491,6,-14.803444235295059,15.893118619918823,-3.339356263478597,1.6111005003442678,47.870131650369686,,,0.0,-1,-1,0,176,prompt
75,759,7,0.785872863226614,11.607578686305455,8.039952686854772,2.171678303929944,64.52640681891886,,,0.0,-1,-1,0,176,prompt
75,1209,6,-16.172417013553243,-0.31407515207926134,35.07037544250488,2.172930054014533,64.5635996826352,,,0.0,-1,-1,0,176,prompt
75,1263,6,-20.286740025756032,37.24559966723124,30.525524457295734,0.8844781826239091,26.280227108761256,,,0.0,-1,-1,0,176,prompt
75,1525,6,3.9604725690712375,2.3971312840779624,19.372714360555012,2.1414795401993407,63.62912027772947,,,0.0,-1,-1,0,176,prompt
75,1677,6,-61.18776224069092,-8.290656407674154,3.5241066614786782,2.631158515841103,78.17880046551437,,,0.0,-1,-1,0,176,prompt
75,1713,6,-41.83574403351373,49.961018085479736,37.30270226796468,1.6231417608902,48.22790990656598,,,0.0,-1,-1,0,176,prompt
75,1735,6,7.747597560983141,17.135562419891357,5.0621501604715995,1.8720863046262466,55.62472225920276,,,0.0,-1,-1,0,176,prompt
75,1835,6,-2.7272729903469073,14.576775074005127,-6.891174952189128,1.0543151435223914,31.326540281385647,,,0.0,-1,-1,0,176,prompt
75,1893,6,-15.627360973743151,-4.877400080362956,1.2470624446868896,1.234257426996777,36.673109783130776,,,0.0,-1,-1,0,176,prompt
75,2655,7,13.72656344228606,23.793161119733536,6.653067793164935,2.691024235700446,79.95757211284398,,,0.0,-1,-1,0,176,prompt
75,3125,8,-24.598824482784106,1.5137948989868164,40.96615743637085,3.1683583523464662,94.14045331744617,,,0.0,-1,-1,0,176,prompt
75,3237,8,-9.868635851008388,17.898810923099518,19.636667132377625,3.0483354587053695,90.57425014239291,,,0.0,-1,-1,0,176,prompt
75,3693,6,-10.340442503675538,26.765655517578125,54.676968256632485,1.443382323263225,42.8867732470212,0.37409502267837524,512.6402587890625,757.828369140625,4,7,3,176,prompt
75,3931,6,-42.0560681411394,-6.20759932200114,42.16477505366007,2.5260005315574485,75.05427375183613,,,0.0,-1,-1,0,176,prompt
75,3983,7,1.147709603603126,-4.034148624965122,-5.91652992793492,2.5908809648796645,76.982046031718,,,0.0,-1,-1,0,176,prompt
75,4175,7,-37.48769074988797,31.72685374532427,-5.671253204345703,1.589848791642563,47.23868619235602,,,0.0,-1,-1,0,176,prompt
75,4479,6,-40.325706097069606,15.251112620035807,-30.667029062906902,2.0509282467805967,60.93859765909688,,,0.0,-1,-1,0,176,prompt
75,4689,6,6.6425127390904395,-11.907138029734293,33.860262870788574,2.429225080526753,72.17881466013243,,,0.0,-1,-1,0,176,prompt
75,4801,6,-8.674457044630914,26.66404374440511,-11.077439467112223,2.614336579578591,77.67897546804932,,,0.0,-1,-1,0,176,prompt
75,4829,6,-51.69153072600984,0.40183138847351074,7.3270144065221166,2.507134014823519,74.49369876620108,0.26092329621315,296.1564025878906,296.1564025878906,5,3,1,176,prompt
75,4943,8,-11.563614884606402,-13.17036521434784,17.25575280189514,2.5606567431293397,76.08400306425021,,,0.0,-1,-1,0,176,prompt
76,339,9,-8.002779315597957,12.4121216668023,-2.316023508707682,2.9498889073302603,87.64913816220027,,,0.0,-1,-1,0,176,prompt
76,591,10,-17.749214783615706,-0.5348514556884766,21.785926580429077,2.675740848794921,79.50346155731084,,,0.0,-1,-1,0,176,prompt
76,1247,6,-17.23572688577374,-6.082893848419189,-3.126893679300944,2.392477232490093,71.08693719934908,,,0.0,-1,-1,0,176,prompt
76,1311,6,-12.942660049587024,-4.803500175476073,18.713704188664753,1.2318598410697854,36.601871052869306,,,0.0,-1,-1,0,176,prompt
76,1719,11,-9.673589944686448,33.11139835010875,-2.4356669946150347,3.9452773129733476,117.2248064778666,0.29613521695137024,613.1519775390625,840.262939453125,4,6,3,176,prompt
76,2039,9,24.20875129915615,37.24867953194512,19.702253977457683,2.9236206879648345,86.86863867196053,0.2671552896499634,110.26377868652344,110.26377868652344,0,5,1,176,prompt
76,2417,12,-9.560864136021348,8.318368275960287,-17.600585142771404,3.9947331699112123,118.69427308283107,0.2570205628871918,232.54811096191406,232.54811096191406,6,5,1,176,prompt
76,2629,6,2.7862828781692603,-14.313506126403809,-1.1962560017903658,2.4400445540136313,72.50029033473739,,,0.0,-1,-1,0,176,prompt
76,2979,7,13.969059265357412,-21.94434082508087,14.353185108729772,2.532015964431977,75.2330084512395,,,0.0,-1,-1,0,176,prompt
76,2991,13,-22.167060602694736,39.43062488849346,3.920687565436729,4.672844482657063,138.842785114087,,,0.0,-1,-1,0,176,prompt
76,3313,6,-35.20022177428502,14.0964248975118,7.296153704325358,0.7672807977548587,22.797977403319756,,,0.0,-1,-1,0,176,prompt
76,3423,7,-34.3568076548102,-6.168011018208095,30.19159712110247,1.7188099141906026,51.07046820274889,,,0.0,-1,-1,0,176,prompt
76,3459,7,-40.31841735245492,-18.056674139840258,-9.76748411996024,2.4320450277152785,72.26260288013049,,,0.0,-1,-1,0,176,prompt
76,3501,8,-41.45667491133466,-44.45431399345398,41.4361674785614,2.319294350836756,68.91247683604458,,,0.0,-1,-1,0,176,prompt
76,3661,10,-6.986527218460926,13.842393869161606,46.98213119506836,3.4776565634392167,103.33053555072084,,,0.0,-1,-1,0,176,prompt
0,190,6,-9.684626572663674,4.327768802642822,6.283177455266316,2.2620220206673167,67.21076177571864,,,0.0,-1,-1,0,176,delayed
0,430,8,22.819822720788316,-32.998658895492554,-0.3730151653289795,3.1989193078123828,95.04850154982014,,,0.0,-1,-1,0,176,delayed
0,560,7,-14.750129260920167,40.460250513894216,13.532424654279435,2.0197780866838713,60.01304257147714,,,0.0,-1,-1,0,176,delayed
0,776,6,-17.226474210034365,25.440074920654297,42.58193333943685,1.43046401388603,42.5029355097389,,,0.0,-1,-1,0,176,delayed
0,1122,8,-2.6490683647698763,8.57009071111679,13.945212364196777,2.8650346171611263,85.12788884185859,,,0.0,-1,-1,0,176,delayed
0,1654,7,47.93533192238624,26.69901466369629,4.260614463261196,2.752705779389861,81.79029677290048,,,0.0,-1,-1,0,176,delayed
0,1658,8,-0.33546399433708096,11.504151582717897,27.233510613441467,3.412176741439853,101.38495382016927,,,0.0,-1,-1,0,176,delayed
0,1842,6,15.345440962708942,-3.1499886512756334,21.640520731608074,2.433479962040759,72.30523864062818,,,0.0,-1,-1,0,176,delayed
0,2068,12,-14.05934230130108,-24.74264403184255,3.9798917373021445,3.9969846093487904,118.76116940758341,,,0.0,-1,-1,0,176,delayed
0,2468,7,40.58331395657704,5.542500087193081,33.6583570752825,3.3050100122226618,98.20074188859189,,,0.0,-1,-1,0,176,delayed
0,2808,8,-5.1005757348731615,-13.347033202648163,11.224820733070374,2.4981813692806236,74.22769157380935,,,0.0,-1,-1,0,176,delayed
0,3264,8,-25.244079955452616,-33.18918186426163,26.50605809688568,2.7457782165833575,81.58446023849889,,,0.0,-1,-1,0,176,delayed
0,3280,11,-45.22347930588778,35.85493651303378,-46.983390374617144,3.7973764032405826,112.83027241956049,,,0.0,-1,-1,0,176,delayed
0,3308,10,9.089623093630156,-19.595509147644044,18.96101598739624,3.893352211418622,115.68197197011716,,,0.0,-1,-1,0,176,delayed
0,3380,6,21.7665926226957,33.259618600209556,10.986535708109537,1.6850755489285678,50.06812942506855,,,0.0,-1,-1,0,176,delayed
0,3660,6,-39.05831527282456,19.366418441136677,-17.177131811777752,1.7365015186963744,51.5961333841678,,,0.0,-1,-1,0,176,delayed
0,3874,6,-44.62369588327088,27.481563091278076,54.51531219482422,1.4719203562455332,43.73471500832893,,,0.0,-1,-1,0,176,delayed
0,3962,9,-4.639270555319572,-16.30726644727919,22.650977664523655,1.408957329179697,41.86391402843768,,,0.0,-1,-1,0,176,delayed
0,4202,11,41.11100280448919,16.02286351810802,25.123957373879172,5.433568056593737,161.4459297510024,,,0.0,-1,-1,0,176,delayed
0,4382,6,-7.862408547130149,-10.230531295140585,-2.635834932327269,1.8889646638410245,56.12622373442482,,,0.0,-1,-1,0,176,delayed
0,4558,14,-0.9009941090907267,-21.778066090175084,26.108680725097656,3.7412678030420996,111.1631349084956,,,0.0,-1,-1,0,176,delayed
1,42,13,-25.534402650813885,30.739557467974148,-0.21787129915677583,5.739906599788576,170.54807228598756,,,0.0,-1,-1,0,176,delayed
1,372,6,-34.735063097133384,-7.607081214586894,34.68701855341593,2.8614805152412757,85.02228690903955,,,0.0,-1,-1,0,176,delayed
1,388,6,16.12579385241722,-14.114899476369223,-5.394699732462567,2.98981576337438,88.83547250621476,,,0.0,-1,-1,0,176,delayed
1,712,8,18.64683001855981,39.957961201667786,-20.28791093826294,3.363615456754996,99.94206736430976,0.6454306840896606,57.558189392089844,57.558189392089844,6,14,1,176,delayed
1,1062,7,-4.406411692235845,-11.813442707061768,0.32004220145089285,2.9210232205157904,86.79146092375873,,,0.0,-1,-1,0,176,delayed
1,1472,8,5.715209940502564,47.270596742630005,-3.2470844984054565,3.0658351990110173,91.09421452208218,,,0.0,-1,-1,0,176,delayed
1,1796,6,-11.176317860928902,6.789562543233235,47.79041353861491,1.937601950064543,57.57136840053288,,,0.0,-1,-1,0,176,delayed
1,1878,10,3.5946607634124823,-22.133973670005798,-4.369378852844238,3.1377953843471724,93.2323452872894,,,0.0,-1,-1,0,176,delayed
1,2592,7,-26.51553963804955,27.63728036199297,25.556952340262278,3.177805892253577,94.42116515325581,,,0.0,-1,-1,0,176,delayed
1,2764,6,29.552357785594065,7.759500364462535,-49.15903186798096,2.8401678409437445,84.38902999910361,,,0.0,-1,-1,0,176,delayed
1,3034,7,-19.05942330365882,18.357551532132284,3.872462272644043,2.5551736292953273,75.92108499611479,,,0.0,-1,-1,0,176,delayed
1,3884,16,-43.63078171681527,29.7770813703537,47.58834171295166,5.642845323682613,167.66412056208674,,,0.0,-1,-1,0,176,delayed
1,4168,9,30.728445876838563,-3.109957800971137,-1.1357224782307935,3.138648220905563,93.2576853565884,,,0.0,-1,-1,0,176,delayed
1,4898,9,-48.43831533459766,3.0945623185899525,6.12089369032118,2.315152794961184,68.78942006524808,,,0.0,-1,-1,0,176,delayed
1,5104,6,7.013349346671881,14.004050254821777,29.67567539215088,1.776368656920242,52.78069335103034,,,0.0,-1,-1,0,176,delayed
1,5156,6,-11.830863378612158,-4.203062613805135,55.16193707784017,1.5405801042345262,45.7747808978324,,,0.0,-1,-1,0,176,delayed
1,5164,6,-15.0863560288783,-33.4813187122345,-18.27492316563924,2.2832247093238545,67.84075071626789,,,0.0,-1,-1,0,176,delayed
1,5334,8,7.431007494514171,28.921457767486572,-9.706457614898682,2.6763344524354005,79.52109911897247,,,0.0,-1,-1,0,176,delayed
1,5536,6,13.004375880475274,8.49388122558594,37.838477770487465,2.57410492603798,76.48358477014459,,,0.0,-1,-1,0,176,delayed
2,358,6,-21.62418231263042,34.27112523714701,27.939025084177654,1.7633027898491436,52.39247127755568,,,0.0,-1,-1,0,176,delayed
2,652,9,11.988243355550491,-27.241387049357098,26.711417728000217,3.6267066748600962,107.75921548390636,,,0.0,-1,-1,0,176,delayed
2,744,10,-1.3423054460483548,-13.07752866744995,-0.8968788146972656,3.0089798980344824,89.40489052138422,,,0.0,-1,-1,0,176,delayed
2,998,7,-11.304175340852598,-7.64073235648019,4.682781764439172,2.7245976336400255,80.95512811817976,,,0.0,-1,-1,0,176,delayed
2,1498,6,5.824390805726225,20.36868699391683,23.294033368428547,1.9232228304113774,57.1441260586266,,,0.0,-1,-1,0,176,delayed
2,1916,6,-11.805646178051235,-10.701643834511438,36.62689411640167,1.6944638011218993,50.34707966334706,,,0.0,-1,-1,0,176,delayed
2,2030,8,-24.58619719786596,30.86479675769806,-1.8935841917991638,2.224430904831567,66.0938285592265,,,0.0,-1,-1,0,176,delayed
2,2642,8,-8.31742748641405,8.750221729278564,28.540565311908722,1.931498301821019,57.39001258511193,,,0.0,-1,-1,0,176,delayed
2,2800,6,25.233953821366715,47.96110089619955,2.3803334236145006,3.8391755967477086,114.07223894842559,,,0.0,-1,-1,0,176,delayed
2,3076,6,-38.11195865514899,8.61396853129069,20.250276883443195,1.3430829670886106,39.906609449976806,,,0.0,-1,-1,0,176,delayed
2,3670,6,-20.207390698458347,26.525481541951496,55.452919006347656,2.09472655376351,62.239963229331245,,,0.0,-1,-1,0,176,delayed
2,4356,8,-35.87242846369806,3.3913174867630005,19.286951661109924,1.8720622265992561,55.62400683622221,,,0.0,-1,-1,0,176,delayed
2,4556,8,5.637737854605065,-42.50751042366028,26.03715205192566,3.043547619481778,90.43199055405239,,,0.0,-1,-1,0,176,delayed
2,4626,6,-18.292564763871496,14.937037150065104,17.605204264322918,1.7150148844670456,50.95770765649811,,,0.0,-1,-1,0,176,delayed
2,5022,7,-6.639911825193898,10.487201418195452,8.662765979766846,2.9577758653637383,87.88348091071462,,,0.0,-1,-1,0,176,delayed
2,5350,7,-30.698992445638908,12.336021763937813,34.07134682791574,3.0377920971820638,90.26097849729673,,,0.0,-1,-1,0,176,delayed
2,5604,10,-34.5600891720716,0.6318448066711426,23.107812643051147,3.7993207740927097,112.88804491025776,,,0.0,-1,-1,0,176,delayed
3,30,6,-33.488086450914416,15.214162826538086,3.1485163370768228,1.5672915119781714,46.56844870749528,,,0.0,-1,-1,0,176,delayed
3,110,8,16.118059535643702,13.741935849189758,-20.18981432914734,2.6473333764301166,78.6593991033132,,,0.0,-1,-1,0,176,delayed
3,1132,6,48.49914424744026,-17.04780610402425,-13.554560979207357,2.1788336795226178,64.73901228428612,,,0.0,-1,-1,0,176,delayed
3,1374,8,-28.13261619254564,32.8150634765625,15.23510193824768,2.174808890249332,64.61942496348522,,,0.0,-1,-1,0,176,delayed
3,1484,10,7.425267672967334,-4.4783398628234865,-48.26522035598755,4.027581181390023,119.67027590426122,,,0.0,-1,-1,0,176,delayed
3,1844,8,1.0882371447695949,13.897818326950077,-14.65077829360962,3.285136952485397,97.61025980152453,,,0.0,-1,-1,0,176,delayed
3,1856,6,9.46291212422968,-16.73835055033366,28.106770594914753,1.6140182550360684,47.95682599450906,,,0.0,-1,-1,0,176,delayed
3,2628,7,-10.759100850517061,16.746267591203964,27.42700351987566,2.180842355304358,64.79869544749927,,,0.0,-1,-1,0,176,delayed
3,2752,6,-8.15116033472624,23.721899668375652,-15.15726629892985,2.1621822357492633,64.24425307750239,,,0.0,-1,-1,0,176,delayed
3,3522,6,-17.150702680871884,-5.034437815348308,27.831116994222004,2.0873495946021388,62.02077391981346,,,0.0,-1,-1,0,176,delayed
3,3656,6,-5.113969451167567,20.641194661458332,6.230693499247233,1.7356562133084483,51.57101708621113,,,0.0,-1,-1,0,176,delayed
3,4374,6,-33.37188512395908,7.099018414815267,19.343531489372257,2.3742870848337088,70.5464589592488,,,0.0,-1,-1,0,176,delayed
3,5098,7,26.055254747607904,0.6017577307564862,2.2269860676356723,3.000169396011692,89.14310679551069,,,0.0,-1,-1,0,176,delayed
3,5592,11,-12.755284207543696,-9.706933108243076,23.37486002661965,3.5441805453120443,105.30714208115056,,,0.0,-1,-1,0,176,delayed
4,154,8,3.1546902991629446,23.933207750320435,12.298679530620575,2.406771255067475,71.51165107812105,,,0.0,-1,-1,0,176,delayed
4,426,6,-6.102778207554194,54.51972579956055,11.913432916005453,1.2128098349142686,36.035844102713135,,,0.0,-1,-1,0,176,delayed
4,442,7,-19.511435707815895,-4.275642667497907,27.214481898716517,1.6721854562914136,49.685130083069595,,,0.0,-1,-1,0,176,delayed
4,556,6,-28.01757594539906,37.37030601501465,7.484052181243896,2.3814849296312732,70.76032629898626,,,0.0,-1,-1,0,176,delayed
4,664,7,-33.34607561526682,8.705684116908484,-22.515233721051896,3.3660309983111425,100.01383960463552,,,0.0,-1,-1,0,176,delayed
4,1004,6,-6.193243848209602,35.79069391886393,20.157902399698894,2.5873233618959603,76.87634007286984,,,0.0,-1,-1,0,176,delayed
4,1160,6,22.457990140036603,-10.863300085067749,-7.996733109156291,2.2954543795131106,68.2041271300144,,,0.0,-1,-1,0,176,delayed
4,1576,8,5.135244187030715,6.186815395951271,-2.8405309319496155,2.577300181321737,76.57852440367914,,,0.0,-1,-1,0,176,delayed
4,1640,12,-9.228543886586253,-27.88108507792155,11.090457359949747,5.039345117007617,149.73250528520978,,,0.0,-1,-1,0,176,delayed
4,1652,6,-0.7370288959278964,2.3186120986938477,20.726008415222168,1.2229139815496994,36.33606549147774,,,0.0,-1,-1,0,176,delayed
4,1674,7,-24.904655973131664,-9.283687046595983,22.27643735068185,1.9075708357136167,56.67906317359082,,,0.0,-1,-1,0,176,delayed
4,1968,7,-49.65796726105492,16.445389407021658,30.753764833722794,2.1735089637347453,64.5808006483815,,,0.0,-1,-1,0,176,delayed
4,2494,12,-13.533208152594325,1.7204843362172444,3.9175382455190024,3.8306076831266718,113.8176631768208,,,0.0,-1,-1,0,176,delayed
4,2496,11,6.736617583339808,8.573239239779385,-6.630444613370028,4.948004323941247,147.01852450734896,,,0.0,-1,-1,0,176,delayed
4,2538,8,5.500432692323509,13.589516639709474,-12.118547916412354,3.300947176001869,98.0800240905888,,,0.0,-1,-1,0,176,delayed
4,2716,7,-33.911334301864954,13.618713651384626,56.39052363804409,2.765470943805612,82.16958416123538,,,0.0,-1,-1,0,176,delayed
4,2728,9,14.678621295013723,-22.32395871480306,-21.32077799903022,4.610592492263671,136.99311094727219,,,0.0,-1,-1,0,176,delayed
4,3202,6,-20.903237869003778,17.375737349192303,2.8174378077189126,3.2189405971141674,95.64338793616402,,,0.0,-1,-1,0,176,delayed
4,3598,7,33.70151483278182,29.92950020517622,4.81072861807687,2.6050248985818505,77.40230036608949,,,0.0,-1,-1,0,176,delayed
4,3608,7,-44.743618678770495,36.78636418070112,0.647196497235979,2.690080136311792,79.92952037925178,,,0.0,-1,-1,0,176,delayed
4,3810,6,-18.42341501339079,17.560487429300945,-16.3858540058136,1.5760185766887918,46.82775328627818,,,0.0,-1,-1,0,176,delayed
4,4084,6,-12.502365203665994,11.962562878926596,12.10889196395874,1.2397324022131688,36.835786031034104,,,0.0,-1,-1,0,176,delayed
4,4448,7,-3.513081544959654,-27.914405482155935,1.6291875498635429,2.833478504934858,84.1902718239739,,,0.0,-1,-1,0,176,delayed
4,4714,6,40.66096111832201,6.059799830118815,-16.339666684468586,1.6188415420709494,48.10013883271993,,,0.0,-1,-1,0,176,delayed
4,4776,6,-10.855756951169438,0.12932443618774414,-0.968466599782308,1.4799657125573382,43.973764195973004,,,0.0,-1,-1,0,176,delayed
4,4862,8,1.0550003125225338,-7.094399705529212,11.458015441894531,2.776593882809674,82.50007661304065,,,0.0,-1,-1,0,176,delayed
4,5044,6,-11.424759778211845,11.717768430709839,-21.368014653523762,2.597383255459018,77.1752465837606,,,0.0,-1,-1,0,176,delayed
4,5402,12,-34.47383589490482,40.11615260442098,18.787707050641377,2.0844556418291766,61.93478679473836,,,0.0,-1,-1,0,176,delayed
4,5782,6,20.71912734781704,26.294544378916424,-6.333777189254761,1.7949199743267392,53.33190291638461,,,0.0,-1,-1,0,176,delayed
5,128,8,-6.704356588136232,-13.575660467147827,16.116076290607452,2.320541340723117,68.94952826146093,,,0.0,-1,-1,0,176,delayed
5,444,8,-31.287571518706315,23.763468384742737,23.946115255355835,2.735060134718729,81.26599718185558,,,0.0,-1,-1,0,176,delayed
5,508,10,2.6493217590215687,-2.5162954330444327,6.045984840393066,2.877928314747556,85.51099529660215,,,0.0,-1,-1,0,176,delayed
5,840,6,-5.541359084663269,0.14318084716796756,-13.722306410471598,1.4291947940748813,42.465223573432034,,,0.0,-1,-1,0,176,delayed
5,846,7,-38.55196658241237,-5.609801633017404,3.6561587197440013,2.287235480426794,67.95992151950222,,,0.0,-1,-1,0,176,delayed
5,1194,8,26.035276744115443,-40.95907545089722,-17.525950014591217,2.389787568678715,71.00702004910401,,,0.0,-1,-1,0,176,delayed
5,1456,10,-18.335635957607924,24.700151252746583,9.350321197509766,2.1685588221363035,64.43371861969692,,,0.0,-1,-1,0,176,delayed
5,1716,6,-8.29797510906708,21.934444427490234,-28.573264757792156,2.042583342111291,60.69064808360854,,,0.0,-1,-1,0,176,delayed
5,1806,7,-7.132467386643728,10.867259093693324,39.26815945761545,1.5471035644214441,45.96861045588728,,,0.0,-1,-1,0,176,delayed
5,3108,8,-2.7767845633422183,41.95326042175293,13.41410779953003,2.9885381979168697,88.79751259829476,,,0.0,-1,-1,0,176,delayed
5,3164,6,21.481493371785565,-6.226075172424314,-25.4940284093221,1.8686278610634297,55.521962593606446,,,0.0,-1,-1,0,176,delayed
5,3184,7,-5.560657598575579,39.53386109215872,9.996925149645124,2.168105651600143,64.42025370349742,,,0.0,-1,-1,0,176,delayed
5,3268,12,-15.074915895812028,-29.58771268526713,-27.446290016174316,3.818070753924707,113.44515727091293,,,0.0,-1,-1,0,176,delayed
5,3394,8,-34.410332768226176,4.7526936531066895,19.2441246509552,3.018391248029362,89.68452705750741,,,0.0,-1,-1,0,176,delayed
5,3488,6,22.636260667210497,30.095774968465168,35.515246073404946,2.418660742713313,71.86491975300513,,,0.0,-1,-1,0,176,delayed
5,3640,7,-26.758074194488593,18.844500950404573,-34.60849952697754,2.383500109418641,70.82020271371015,,,0.0,-1,-1,0,176,delayed
5,3650,9,-34.73403347646072,28.99959161546495,33.703224394056534,3.486245712239308,103.58574227664334,,,0.0,-1,-1,0,176,delayed
5,3826,6,-3.751663333062576,42.2846573193868,39.99858180681864,2.1309352749905375,63.31582178170519,,,0.0,-1,-1,0,176,delayed
5,3944,9,-7.151653522989022,4.2385524936763534e-07,33.92492442660861,2.9021346550534806,86.23023081106612,,,0.0,-1,-1,0,176,delayed
5,4160,7,17.539359811884015,10.186323370252337,10.58428396497454,2.448454893799707,72.75018416364364,,,0.0,-1,-1,0,176,delayed
5,4752,8,-32.32097558220675,39.0469126701355,-7.868143796920776,2.830914421677368,84.1140860099466,,,0.0,-1,-1,0,176,delayed
5,4892,6,-1.9631180673107715,7.034356355667114,-21.50951902071635,4.053840040793417,120.4504972848395,,,0.0,-1,-1,0,176,delayed
5,4908,9,-52.49153080317827,-34.551328870985245,7.793998718261719,3.2707082552517677,97.18154437627979,,,0.0,-1,-1,0,176,delayed
5,5290,8,-4.006052974601021,-5.51132345199585,25.827101588249207,2.8683423971056206,85.2261718858894,,,0.0,-1,-1,0,176,delayed
5,5298,8,4.559777456543397,24.310790538787842,22.424134343862534,3.3961947813641133,100.91008677575263,,,0.0,-1,-1,0,176,delayed
5,5592,6,3.851900135196363,-42.062955935796104,6.118372281392415,2.7914566916292345,82.94169066178225,,,0.0,-1,-1,0,176,delayed
5,5970,7,15.757086045370214,20.820005450929916,-12.154541083744594,3.0470726755813806,90.53672945738393,,,0.0,-1,-1,0,176,delayed
6,32,7,-56.41626985771883,-46.25216293334961,18.23041275569371,1.9213009633601903,57.087022216417395,,,0.0,-1,-1,0,176,delayed
6,162,7,-28.72589168561172,-30.214542525155206,23.04303196498326,2.490429735714426,73.99736967940238,,,0.0,-1,-1,0,176,delayed
6,342,6,-15.683236810618553,-1.7966938813527424,-0.8437606493631998,2.6045241140022855,77.38742070852182,0.27474087476730347,163.40122985839844,163.40122985839844,6,12,1,176,delayed
6,362,7,-29.900424583196664,30.80442319597517,-2.778537205287389,2.666284450683514,79.22248652041237,,,0.0,-1,-1,0,176,delayed
6,600,8,-20.588425404370174,24.771511256694794,10.08860731124878,1.6759369171174152,49.79659608012163,,,0.0,-1,-1,0,176,delayed
6,1090,9,-51.8068300719432,-23.937441084120007,10.244878556993273,3.276434603031555,97.35168957953411,,,0.0,-1,-1,0,176,delayed
6,1390,6,-0.42572066190781044,45.928850173950195,12.912554423014322,1.3710489818045304,40.73755500917762,,,0.0,-1,-1,0,176,delayed
6,1484,6,-21.362556552142575,29.42143710454305,7.360816319783528,2.4849012923211724,73.8331047480712,,,0.0,-1,-1,0,176,delayed
6,1568,6,-37.23748758809935,9.514625271161398,10.409191131591799,2.5937605172019156,77.06760528064807,,,0.0,-1,-1,0,176,delayed
6,1706,7,-26.401165696530565,33.583590916224885,28.794094494410924,2.345715306677167,69.69751453799975,,,0.0,-1,-1,0,176,delayed
6,1808,6,-11.191883827491154,-5.1499067942301435,-11.551493803660074,1.2252658349367842,36.40594538490341,,,0.0,-1,-1,0,176,delayed
6,2018,6,-38.32354857277429,-3.9028435548146567,8.481702009836832,1.8614138466541585,55.307614811189595,,,0.0,-1,-1,0,176,delayed
6,2324,7,-25.306558218035953,25.143155097961426,14.403212819780622,2.119097355995396,62.964085350214596,,,0.0,-1,-1,0,176,delayed
6,2430,7,-43.54127360800093,35.77683639526367,50.21063722882952,2.3862366525702803,70.9015127753158,,,0.0,-1,-1,0,176,delayed
6,3112,7,-38.422858570132384,7.288387366703577,35.70512274333409,2.190232513459234,65.07770231702457,,,0.0,-1,-1,0,176,delayed
6,3132,6,-47.14164115187012,38.53885014851888,24.51191234588623,2.0342633309065308,60.443438159944996,,,0.0,-1,-1,0,176,delayed
6,3172,13,-32.90832011406215,21.66477995652419,36.09567378117488,3.5028841749396453,104.08011578081313,,,0.0,-1,-1,0,176,delayed
6,3294,8,-31.77622006436833,29.139694213867188,11.138218879699707,3.3578644752490785,99.77119022675797,,,0.0,-1,-1,0,176,delayed
6,3620,6,-32.72305967280895,10.992625633875528,28.133012374242146,1.3550886028369513,40.2633291975634,,,0.0,-1,-1,0,176,delayed
6,3704,8,-27.209413155410616,-4.35779082775116,23.448394060134888,2.937935908866026,87.29398240998165,,,0.0,-1,-1,0,176,delayed
6,3712,6,-1.044286035002739,9.805606524149576,16.364231189092,1.6971035245727268,50.42551295108092,,,0.0,-1,-1,0,176,delayed
6,4064,9,-3.0133240479795025,-14.703021155463325,31.60925441318088,3.517079759022944,104.50190478700873,,,0.0,-1,-1,0,176,delayed
6,4224,11,-14.84217681637969,24.462579705498435,21.8867451060902,3.539044517978948,105.15453688703467,,,0.0,-1,-1,0,176,delayed
6,4896,8,-14.259179095627147,15.182985723018646,31.265679478645325,1.4864439430845575,44.1662498591164,,,0.0,-1,-1,0,176,delayed
6,5210,8,-33.89148571152603,42.21306550502777,-2.433978021144867,3.5389455073066536,105.15159501350382,,,0.0,-1,-1,0,176,delayed
6,5226,10,-5.53032341978064,-23.55285382270813,37.42774276733398,2.4533118014789492,72.89449596167816,,,0.0,-1,-1,0,176,delayed
6,5358,8,-9.398370151771593,-15.176057815551758,29.146775901317596,3.5484572292616336,105.43421387068206,,,0.0,-1,-1,0,176,delayed
6,5720,7,-39.763775860159356,-9.117412294660296,32.197512081691194,2.359697377888127,70.11295950215343,,,0.0,-1,-1,0,176,delayed
6,5804,6,0.0022621958776352833,24.308481852213543,13.499135335286459,2.5578083506932208,75.99936965939447,,,0.0,-1,-1,0,176,delayed
7,26,10,-33.269321362005954,-41.57706413269043,18.422511100769043,4.76343257865547,141.53440123640425,,,0.0,-1,-1,0,176,delayed
7,176,6,-15.879734058491623,26.576288143793743,-2.5942668120066323,1.7721232053238818,52.65454955876561,,,0.0,-1,-1,0,176,delayed
7,1112,6,-24.092963593436433,2.808199723561604,10.767983277638754,1.9933259796079064,59.22707928247966,,,0.0,-1,-1,0,176,delayed
7,1280,6,4.560412663207701,2.0091561079025273,34.07734394073486,2.5484710520589267,75.72193338848093,,,0.0,-1,-1,0,176,delayed
7,1750,6,-31.60022142702711,-20.992218335469563,-4.013693491617838,1.8251294146140848,54.22950668680751,,,0.0,-1,-1,0,176,delayed
7,1980,7,-47.6548124148077,38.302633558000835,-22.842386518205917,2.4674631207868405,73.31496974227124,,,0.0,-1,-1,0,176,delayed
7,2504,8,-37.34875814538652,-32.26081496477127,21.858389258384705,2.050829800161992,60.93567254511913,,,0.0,-1,-1,0,176,delayed
7,2758,9,-6.159763616755395,-17.91767120361328,-2.4145566092597113,3.3786778510350075,100.3896116342047,,,0.0,-1,-1,0,176,delayed
7,3018,7,6.111485102410113,24.153423036847794,-5.69104848589216,2.307017369168676,68.54769467093783,,,0.0,-1,-1,0,176,delayed
7,3692,8,-13.226130004734234,-10.783626317977905,16.12190142273903,2.941934928535537,87.4128040465034,,,0.0,-1,-1,0,176,delayed
7,3790,6,20.198491392049288,51.582200368245445,-30.026699384053547,2.6435651515415346,78.54743500084656,,,0.0,-1,-1,0,176,delayed
7,3970,6,-0.2597621228695015,7.759500185648601,-31.35060437520345,1.346115599151666,39.996717109973545,,,0.0,-1,-1,0,176,delayed
7,4800,7,-9.067202840798625,47.31315585545131,6.926233836582729,2.2366886739513423,66.4580398678184,,,0.0,-1,-1,0,176,delayed
7,5172,8,23.169136646869354,1.6281092911958694,12.985821664333344,2.1068089761360747,62.5989645141713,,,0.0,-1,-1,0,176,delayed
7,5376,7,-28.47764284904137,30.25413158961705,15.60690416608538,2.6930702680261085,80.01836523951077,,,0.0,-1,-1,0,176,delayed
7,5604,6,-37.22465711422476,-1.182400107383728,-10.732504526774088,1.7515126721665266,52.042155151702815,,,0.0,-1,-1,0,176,delayed
8,140,10,-49.319220413100155,7.856493663787842,23.22785940170288,3.1033887133095486,92.21003049571054,,,0.0,-1,-1,0,176,delayed
8,332,7,-1.60577790925661,13.238657133919853,-10.130267892565046,2.0633170053276135,61.306701016090194,,,0.0,-1,-1,0,176,delayed
8,430,6,4.119320700768088,26.20216902097066,-18.424193143844604,2.1239143614477856,63.10721154570466,,,0.0,-1,-1,0,176,delayed
8,728,16,-18.796497438761776,-29.908716291189194,37.459423542022705,6.180551306941703,183.64081239621117,,,0.0,-1,-1,0,176,delayed
8,878,9,-1.762769603625312,0.05234569973415799,27.21640141805013,2.2731928327573883,67.54267666574505,,,0.0,-1,-1,0,176,delayed
8,1242,7,-28.432435603959853,-36.125223704746794,2.826045445033482,2.9303650348636228,87.06903136867422,,,0.0,-1,-1,0,176,delayed
8,1448,8,-34.47517756920553,-17.005082547664642,27.387033700942993,2.125675523521144,63.159540410534206,,,0.0,-1,-1,0,176,delayed
8,1592,10,-13.224674157365332,2.7906490325927735,14.891939043998718,4.158629368754202,123.56407022703937,,,0.0,-1,-1,0,176,delayed
8,1680,7,-19.49268205862864,-12.664612633841378,16.678512368883407,4.355120028026808,129.40233650865105,,,0.0,-1,-1,0,176,delayed
8,1782,6,3.2660157393341223,11.306699593861898,-14.196566104888916,1.9453180139549016,57.80063342414573,,,0.0,-1,-1,0,176,delayed
8,2438,6,4.509579703826574,19.3848934173584,14.39517323176066,2.048158285528318,60.856294655786634,,,0.0,-1,-1,0,176,delayed
8,2582,8,-6.407671204636986,24.137587875127792,-3.1165531873703003,2.702779226405954,80.30684452167341,,,0.0,-1,-1,0,176,delayed
8,2630,8,-23.967870779725644,41.270840883255005,14.73170980811119,2.211680295323121,65.71497363635771,,,0.0,-1,-1,0,176,delayed
8,2636,6,-32.78651921383584,13.13110637664795,37.995514233907066,1.7414372605864403,51.742787558764114,,,0.0,-1,-1,0,176,delayed
8,2834,6,7.599985670123723,-23.98516845703125,-26.90127690633138,2.2807273999330784,67.7665489335221,,,0.0,-1,-1,0,176,delayed
8,3222,6,-41.65076165725766,16.124055862426758,22.975339372952778,2.0094299480956725,59.70557152516595,,,0.0,-1,-1,0,176,delayed
8,3374,10,-22.80143666323505,-33.568152236938474,-22.41487584114075,3.7356100943146084,110.99502915620606,,,0.0,-1,-1,0,176,delayed
8,3452,6,-36.92613416515029,19.334086338678997,13.454624811808268,1.7424844594024826,51.77390265380464,,,0.0,-1,-1,0,176,delayed
8,3524,10,-0.5712188971678313,19.57333869934082,-7.235733222961426,3.019869031933842,89.72843599431371,,,0.0,-1,-1,0,176,delayed
8,4014,8,-25.338226511386704,-22.821243554353714,2.93642196059227,2.030654019434717,60.33619580275746,,,0.0,-1,-1,0,176,delayed
8,4498,6,24.608751337740358,-19.167812983194988,19.532899697621662,1.8615667987285751,55.312159428944334,,,0.0,-1,-1,0,176,delayed
8,4510,6,18.156941041439122,-22.05915029843648,36.21729532877604,2.629634630582628,78.13352173341313,,,0.0,-1,-1,0,176,delayed
8,4864,7,-3.5716310470945403,38.70644542149135,20.632044996534074,2.307892194388007,68.57368808252915,,,0.0,-1,-1,0,176,delayed
8,5274,9,-29.72972633174599,8.898791790008545,13.634197129143608,1.9287374874934957,57.307981361552294,,,0.0,-1,-1,0,176,delayed
8,5284,9,36.90517872623791,5.47783719168769,-46.19638442993164,3.7194685824679103,110.51542139928938,,,0.0,-1,-1,0,176,delayed
8,5852,6,-29.483651474844077,45.951943715413414,13.979485511779785,1.4346946838892793,42.628640101092174,,,0.0,-1,-1,0,176,delayed
9,552,6,18.64239396913712,6.207599560419719,1.921399752298991,2.6638490885714803,79.15012535803024,,,0.0,-1,-1,0,176,delayed
9,998,6,-8.733466932453268,-7.565512339274089,3.2238874435424805,1.613703230300455,47.947465761821086,,,0.0,-1,-1,0,176,delayed
9,1312,9,-25.789189430788397,31.416737344529892,-22.62522580888536,2.866853778264181,85.1819410139471,,,0.0,-1,-1,0,176,delayed
9,1370,7,-3.8288996742945867,-27.99754306248256,-20.94479955945696,2.390741533932111,71.03536492408867,,,0.0,-1,-1,0,176,delayed
9,1568,7,31.066582199514418,5.479157311575753,-34.22844314575195,3.6001357384003416,106.9697214541234,,,0.0,-1,-1,0,176,delayed
9,2190,7,-1.7672981208950926,-10.875177315303258,13.213012422834124,1.3412855631470137,39.853203741707986,,,0.0,-1,-1,0,176,delayed
9,2200,10,28.117623428808827,-18.19879913330078,4.5088237762451175,3.3995765260360895,101.01056751089044,,,0.0,-1,-1,0,176,delayed
9,2412,6,9.600872781090432,53.78534444173177,25.072251796722412,1.5714878465272561,46.69313310010192,,,0.0,-1,-1,0,176,delayed
9,2462,11,-10.515831356223792,9.109854568134654,-4.284959706393155,5.026983450036154,149.36520689183484,,,0.0,-1,-1,0,176,delayed
9,2604,8,3.6332710712017082,19.530384182929993,0.1684812307357788,3.1220836512887113,92.76550741478962,,,0.0,-1,-1,0,176,delayed
9,2628,6,-16.830021843632714,-3.99521932999293,13.295910835266113,2.185769417650134,64.94509172947639,,,0.0,-1,-1,0,176,delayed
9,3384,6,8.787952428520347,8.387649774551392,-1.848970651626587,1.906601002948471,56.65024683212955,,,0.0,-1,-1,0,176,delayed
9,3604,6,-10.406961357098632,28.61315631866455,1.381005922953289,1.0816102163097017,32.1375503502521,,,0.0,-1,-1,0,176,delayed
9,3958,11,-19.436339722875985,3.8520367362282495,17.08904860236428,4.801820516566089,142.67501018114413,,,0.0,-1,-1,0,176,delayed
9,4554,6,-41.49735496131438,12.738512535889944,-13.623841444651285,1.9744270501527108,58.66554122766685,,,0.0,-1,-1,0,176,delayed
9,4584,12,-17.628507327579356,41.46482835213343,18.135728120803833,3.2874990913158912,97.68044530315406,,,0.0,-1,-1,0,176,delayed
9,5294,6,22.5036215186236,8.794100761413574,-6.28149954477946,2.1896578122195063,65.06062639655933,,,0.0,-1,-1,0,176,delayed
9,5472,8,-22.109700284924124,13.208470344543457,-3.0113736391067505,4.011652356622413,119.19698765284662,,,0.0,-1,-1,0,176,delayed
10,110,9,-8.305178393335058,14.764603932698568,2.6054659949408645,4.348685861191255,129.211160096371,,,0.0,-1,-1,0,176,delayed
10,144,16,-2.491241195853381,-11.47297493647784,-24.257726669311523,5.9265901497202735,176.09494295624003,,,0.0,-1,-1,0,176,delayed
10,498,8,10.64893589335803,18.47384512424469,9.761882543563843,2.238749407544432,66.51926980870445,,,0.0,-1,-1,0,176,delayed
10,510,6,-16.57025972076321,30.793206085761387,15.318922996520996,2.040034285312943,60.61490874612145,,,0.0,-1,-1,0,176,delayed
10,902,9,-10.63284682795758,13.643787595960829,23.508104430304634,3.370534973587007,100.14766483115591,,,0.0,-1,-1,0,176,delayed
10,1194,6,-53.64718501664884,-2.905193646748861,43.03918965657552,2.3716685785492064,70.46865609062597,,,0.0,-1,-1,0,176,delayed
10,1384,7,-21.652454202343076,-27.63332121712821,43.12145669119699,2.8314396798796135,84.12969284470742,,,0.0,-1,-1,0,176,delayed
10,2546,9,-9.920561835780575,12.830887582567003,20.522293090820312,2.2811245081267812,67.7783480866525,,,0.0,-1,-1,0,176,delayed
10,2938,8,-20.89139640337197,29.014988005161285,-9.318328738212585,2.446464869679314,72.69105519148437,,,0.0,-1,-1,0,176,delayed
10,2970,6,-0.35566919927847174,-10.221294085184732,2.3309974670410156,3.0176757284059956,89.66326704389456,,,0.0,-1,-1,0,176,delayed
10,2976,7,-20.034792659830885,-20.661648205348424,44.098052161080496,1.4454029432450366,42.94681130456263,,,0.0,-1,-1,0,176,delayed
10,3038,6,-31.4295346040047,20.867512543996174,35.903221130371094,2.0971612308213325,62.31230403690916,,,0.0,-1,-1,0,176,delayed
10,3112,10,0.047893574464629295,0.11362113952636684,-23.007040786743165,4.328571585891716,128.61351084579044,,,0.0,-1,-1,0,176,delayed
10,3492,8,14.176673122918022,-15.397757217288017,-1.3475211262702924,1.8166586265463804,53.97781677677598,,,0.0,-1,-1,0,176,delayed
10,3512,10,-30.249072400725602,-17.885647583007813,42.69500722885132,2.3755248610482007,70.58323662167813,,,0.0,-1,-1,0,176,delayed
10,3552,6,6.868278282469677,4.969775040944417,8.84028720855713,1.682943935505448,50.0047934536809,,,0.0,-1,-1,0,176,delayed
10,3686,7,-14.016850044839433,52.2934878213065,20.89081232888358,2.081401809018016,61.84404920346006,,,0.0,-1,-1,0,176,delayed
10,3772,6,-6.855253142564631,58.260912577311196,-1.3963336944580078,1.467929422586137,43.61613362892872,,,0.0,-1,-1,0,176,delayed
10,3838,7,-33.78242638259976,25.463828495570592,3.9860106195722307,2.1843415717960726,64.902666586541,,,0.0,-1,-1,0,176,delayed
10,4032,6,17.61454575576595,30.15119965871175,-3.9891294638315835,1.3445852275898187,39.951245652343204,,,0.0,-1,-1,0,176,delayed
10,4366,7,-31.620476387464855,6.8608230863298685,20.046122687203543,2.5242214756178196,75.00141321208382,,,0.0,-1,-1,0,176,delayed
10,4982,7,11.298422327353597,-17.466792924063547,22.22749263899667,2.0159628652379755,59.89968207481583,,,0.0,-1,-1,0,176,delayed
10,5166,7,-15.494811709016295,-10.332803675106593,-22.164150510515487,2.831897709325836,84.1433021322011,,,0.0,-1,-1,0,176,delayed
10,5384,397,15.39453632294589,-17.346210079769644,36.882343236985676,174.93647754909526,5197.833536106333,,,0.0,-1,-1,0,176,delayed
10,5658,6,-34.58963866360087,-8.826431274414062,10.128918011983233,1.771282731867241,52.62957683049109,,,0.0,-1,-1,0,176,delayed
11,406,9,3.3184238556801,-1.4379698435465493,-6.883545345730251,3.203172410374196,95.17487267285875,,,0.0,-1,-1,0,176,delayed
11,1148,7,-36.56324291892874,16.211812700544083,19.560612542288645,2.344584096546036,69.66390324069712,,,0.0,-1,-1,0,176,delayed
11,1482,6,-13.776746507772783,-22.23928165435791,17.82081476847331,2.0072939911691785,59.64210649660383,,,0.0,-1,-1,0,176,delayed
11,2320,8,-7.255132694479463,-7.361132860183715,23.05223321914673,2.735973814522114,81.2931450677044,,,0.0,-1,-1,0,176,delayed
11,2564,8,-41.13499998499686,34.10369539260864,0.623685896396637,2.7063942004171633,80.41425512814536,,,0.0,-1,-1,0,176,delayed
11,2674,8,-3.1273163264174446,1.3405919075012207,5.013601541519165,3.1230869736672355,92.79531882279147,,,0.0,-1,-1,0,176,delayed
11,2690,6,-39.83167768267109,-15.689894676208496,26.2823650042216,1.0795623196256379,32.07670182847984,,,0.0,-1,-1,0,176,delayed
11,2746,6,2.033289457419821,-20.073087692260742,41.26873747507731,2.3532626224251323,69.92176560016799,,,0.0,-1,-1,0,176,delayed
11,2970,6,26.547050762749496,-38.35410022735596,43.91213266054788,2.2569614434062055,67.06039840629228,,,0.0,-1,-1,0,176,delayed
11,3016,9,-6.9715193581967805,49.01109494103326,-4.961165375179714,3.496756426433288,103.89804388172492,,,0.0,-1,-1,0,176,delayed
11,3112,6,27.44019229768659,14.747669219970703,-32.73160966237386,2.1558938892918715,64.05740938108858,,,0.0,-1,-1,0,176,delayed
11,3544,6,-3.257634918664062,10.06425658861796,29.755664507548016,1.4852714732710988,44.13141262561399,,,0.0,-1,-1,0,176,delayed
11,3704,7,3.981805778283397,2.541632516043527,19.867971692766464,2.4359864580163486,72.37971338153166,,,0.0,-1,-1,0,176,delayed
11,3940,8,20.15574264119335,-5.972043812274933,-19.66674041748047,2.6299827566612244,78.1438654960833,,,0.0,-1,-1,0,176,delayed
11,3960,10,-10.805764668815568,-6.8948698997497555,16.864944887161254,2.9140075751013246,86.58300721802716,,,0.0,-1,-1,0,176,delayed
11,4658,6,-54.99086585579537,31.09804431597392,24.39791488647461,1.3158721481991542,39.09810279115925,,,0.0,-1,-1,0,176,delayed
11,5118,7,-35.76089980139315,0.855128550103733,-17.372585977826798,2.9532912910338167,87.75023213850994,,,0.0,-1,-1,0,176,delayed
11,5348,6,24.08855912916087,12.272018591562906,-22.65202713012695,2.0495756743153604,60.89840909111887,,,0.0,-1,-1,0,176,delayed
11,5576,9,-35.39776370580708,23.644920455084907,30.54288164774577,4.165623929819068,123.77189746000228,,,0.0,-1,-1,0,176,delayed
12,771,8,15.292284240433114,-21.830522447824478,-8.88075304031372,2.431547206174407,72.2478112624165,,,0.0,-1,-1,0,176,delayed
12,1089,8,-17.01445735555705,14.954357981681824,37.8473984003067,2.2378914224057187,66.49377676122822,,,0.0,-1,-1,0,176,delayed
12,1451,9,-11.975245266198636,36.743695471021866,28.39880116780599,2.6772408857063716,79.54803169084146,,,0.0,-1,-1,0,176,delayed
12,1477,6,-5.376512255653708,32.02641248703003,4.757312774658203,1.9033744634124354,56.55437765926781,,,0.0,-1,-1,0,176,delayed
12,1645,6,-0.7130821086955811,11.930232048034668,15.974785010019938,1.5906599571318882,47.26278810204815,,,0.0,-1,-1,0,176,delayed
12,1855,10,-4.073835643014342,23.608279323577882,9.463818454742432,3.353584980519128,99.64403492137757,,,0.0,-1,-1,0,176,delayed
12,2223,64,0.013127305002061496,-21.587171530351043,-55.7562874853611,29.256512398654934,869.2897183353961,,,0.0,-1,-1,0,176,delayed
12,3175,14,-15.984586856139009,40.167289052690776,9.310769762311663,5.796417312448363,172.22715764044074,,,0.0,-1,-1,0,176,delayed
12,3187,7,10.74041126294473,-13.492028508867536,21.68907826287406,2.3990874665544553,71.28334504282823,,,0.0,-1,-1,0,176,delayed
12,3295,8,-17.86352554669797,39.220115303993225,14.526071727275848,2.0943097260130554,62.2275781551006,,,0.0,-1,-1,0,176,delayed
12,3333,15,-15.65005820528136,8.72204745610555,11.094614156087239,5.459486015628798,162.21602206420826,,,0.0,-1,-1,0,176,delayed
12,3407,6,-6.201226110620375,24.294624785582226,7.074454307556152,1.9228664355608676,57.13353660849002,,,0.0,-1,-1,0,176,delayed
12,3589,6,-7.765749543131577,-19.26018770535787,-24.616466522216797,2.77049159548592,82.31876123420855,,,0.0,-1,-1,0,176,delayed
12,4115,8,29.47997794697084,11.694675207138062,-39.097925305366516,4.149451119718641,123.29135974773763,,,0.0,-1,-1,0,176,delayed
12,4393,6,-38.012638897013495,23.89741325378418,-12.967978795369467,3.238855925387453,96.23512593518942,,,0.0,-1,-1,0,176,delayed
12,4405,7,-29.05355746330976,-21.196103232247488,29.091014317103795,2.5647951670447333,76.20696677608113,,,0.0,-1,-1,0,176,delayed
12,4659,6,0.21373218602322197,36.37265634536743,-7.154443899790451,1.5559459846228814,46.231342556746434,,,0.0,-1,-1,0,176,delayed
12,4927,10,-13.410056937120354,36.46133642196655,17.077448463439943,3.110598207764118,92.42424397810913,,,0.0,-1,-1,0,176,delayed
12,5225,7,-5.947620182753634,10.221953800746373,15.424792970929827,2.2024005383964353,65.43924708443315,,,0.0,-1,-1,0,176,delayed
12,5321,8,-22.006917575277278,-15.85847783088684,39.51361274719238,2.0214969949330737,60.06411596147774,,,0.0,-1,-1,0,176,delayed
13,138,7,5.761012860681299,23.5397891998291,19.130349023001536,3.002683554960946,89.21780922398429,,,0.0,-1,-1,0,176,delayed
13,370,9,-8.819590859806995,19.946841769748264,-9.117903179592556,3.5417554804247855,105.2350868770283,,,0.0,-1,-1,0,176,delayed
13,514,6,-36.58075461308919,18.558136622111004,3.878278970718384,2.557969056926697,76.00414467408282,,,0.0,-1,-1,0,176,delayed
13,1212,7,13.970212252682563,-23.74169376918248,17.757862499782018,2.453625285890331,72.90381042718789,,,0.0,-1,-1,0,176,delayed
13,1278,9,-3.3532393891397296,8.129000451829699,27.535516526963974,2.895295049969196,86.027007737303,,,0.0,-1,-1,0,176,delayed
13,1480,10,9.78100935374026,-39.32957992553711,12.74422001838684,3.1347675446827443,93.14238002235314,,,0.0,-1,-1,0,176,delayed
13,1490,10,-5.94997840098903,22.757504892349242,6.525287342071533,3.3724233440465303,100.20377339948097,,,0.0,-1,-1,0,176,delayed
13,2010,6,-7.848706218186245,-12.133456309636435,-9.593143463134766,2.3267346043397215,69.13354679078853,,,0.0,-1,-1,0,176,delayed
13,2098,14,50.66204753875546,-44.57951532091413,45.015174525124685,3.4634121982866737,102.90729712767863,,,0.0,-1,-1,0,176,delayed
13,2292,12,15.04592623108544,53.35580031077067,-19.4589999516805,4.8305714039015,143.52927641811505,,,0.0,-1,-1,0,176,delayed
13,2408,11,-19.134899862533306,-3.582470373673873,1.0636659535494717,5.0891898521616055,151.21352650852225,,,0.0,-1,-1,0,176,delayed
13,2952,7,-16.961608967560267,-4.754672731672015,6.609520094735282,1.972007009588499,58.59363530970374,,,0.0,-1,-1,0,176,delayed
13,3276,7,-2.012074590369517,-31.588291031973704,9.562879971095494,1.773340766870681,52.6907265890162,,,0.0,-1,-1,0,176,delayed
13,4162,7,-21.213822788607057,52.84773799351284,23.717487335205078,1.4322948694419804,42.557335155494975,,,0.0,-1,-1,0,176,delayed
13,4782,6,-36.918151902739524,-7.565512577692668,53.99801222483317,2.327713529696062,69.16263329760417,,,0.0,-1,-1,0,176,delayed
13,4952,9,-11.606021653705675,-10.133537504408094,32.40787675645616,4.577031745172007,135.9959308326738,,,0.0,-1,-1,0,176,delayed
14,1088,6,-48.319483379458056,-10.877156734466553,9.04518953959147,2.4871901202945765,73.90111198684278,,,0.0,-1,-1,0,176,delayed
14,1152,6,-36.602040646184584,-4.5171371698379525,27.24768352508545,1.4892931024978928,44.25090605292934,,,0.0,-1,-1,0,176,delayed
14,1198,10,-14.496717964425835,44.65315170288086,20.63862862586975,2.0394825157861827,60.59851418856217,,,0.0,-1,-1,0,176,delayed
14,1514,7,-29.522926205996026,38.714362553187776,42.72826222011021,2.5684167631423964,76.31457414256293,,,0.0,-1,-1,0,176,delayed
14,2108,11,-15.499817721847034,-5.250258705832741,12.388915842229672,3.474043557390905,103.22318341772274,,,0.0,-1,-1,0,176,delayed
14,2272,8,0.9246007653487816,2.33477783203125,17.97627878189087,2.246223361631191,66.74134109848774,,,0.0,-1,-1,0,176,delayed
14,2402,6,-28.994072713650088,-47.665499766667686,22.2239548365275,2.8364447318871218,84.27840640941997,,,0.0,-1,-1,0,176,delayed
14,2742,9,-31.29692036826804,11.639249589708117,45.7427666982015,2.321952050663668,68.99144425028985,,,0.0,-1,-1,0,176,delayed
14,2752,7,-31.552804299717657,23.547706876482284,8.499188831874303,1.9680169150844036,58.47507886386586,,,0.0,-1,-1,0,176,delayed
14,3118,7,4.009579218100348,12.438952854701451,-28.340078626360214,2.3903391747987692,71.02340975141031,,,0.0,-1,-1,0,176,delayed
14,3562,11,-1.9031795514278138,43.18363363092596,22.75167430530895,5.290352189694468,157.19060092364194,,,0.0,-1,-1,0,176,delayed
14,3616,7,3.40670252997506,24.402835198811122,18.9336644581386,2.6468408938052495,78.64476611916177,,,0.0,-1,-1,0,176,delayed
14,3636,6,20.731679190912057,37.41187540690104,29.8618958791097,2.5379002449784247,75.40784626201912,,,0.0,-1,-1,0,176,delayed
14,3702,9,-23.68187215434474,1.2994084358215332,18.401727570427788,2.7773865371679536,82.52362850721235,,,0.0,-1,-1,0,176,delayed
14,3788,7,-6.806740633983663,-13.2188629422869,-5.012633800506592,1.1273927027752182,33.49787123272792,,,0.0,-1,-1,0,176,delayed
14,3956,7,22.17066941380432,-5.7166933332170755,-0.5654965128217425,3.2981324207180127,97.99639013605088,,,0.0,-1,-1,0,176,delayed
14,3972,9,-2.948273349314928,43.13296635945638,-43.77210023668077,4.813322381418659,143.0167615396718,,,0.0,-1,-1,0,176,delayed
14,4174,6,7.202262890393473,18.70131842295329,-21.31406052907308,2.0490033967807952,60.88140518545666,,,0.0,-1,-1,0,176,delayed
14,4420,8,-12.916219498927909,-3.554128021001816,-17.125221967697144,2.344810571264962,69.67063241408397,,,0.0,-1,-1,0,176,delayed
14,4730,7,-32.00658887231516,-7.620937347412109,24.32716260637556,2.492290982147362,74.05267231990148,,,0.0,-1,-1,0,176,delayed
14,4832,8,-5.512705004634131,26.922693729400635,5.318593502044678,2.45836580772561,73.04466408858133,,,0.0,-1,-1,0,176,delayed
14,5032,6,23.00205439729767,28.132806460062664,29.20141454537709,2.0528309503299598,60.99513210209419,,,0.0,-1,-1,0,176,delayed
15,684,8,-7.161397165065953,14.084877729415894,-13.015740156173704,2.1022841137686017,62.46451867594801,,,0.0,-1,-1,0,176,delayed
15,998,6,-23.536865978819353,18.03159999847412,-29.649433771769207,1.5764238309008278,46.839794479535755,,,0.0,-1,-1,0,176,delayed
15,1666,6,-23.03791461440628,32.756174087524414,3.1514581044514975,1.8737220257523879,55.673323935904456,,,0.0,-1,-1,0,176,delayed
15,1758,11,-0.621294228550039,19.066199931231413,-8.813088503750889,3.853674383508733,114.50303692215387,,,0.0,-1,-1,0,176,delayed
15,1776,6,-45.14167108490171,-3.385544031858443,37.7183895111084,1.2150529850056762,36.10249412868251,,,0.0,-1,-1,0,176,delayed
15,2324,7,17.70431365725073,-9.948786871773857,-16.026373045785085,2.4713477898654226,73.43039371499678,,,0.0,-1,-1,0,176,delayed
15,2758,10,-33.441977365034184,43.58899154663086,-28.367521286010742,4.22177474684895,125.44028934674172,,,0.0,-1,-1,0,176,delayed
15,3134,7,-34.90262944949087,25.630104064941406,39.477982657296316,2.15863037421932,64.13871771269683,,,0.0,-1,-1,0,176,delayed
15,3204,10,-18.729720585744456,15.313927400112153,20.597060012817384,2.806307262849654,83.38294109851957,,,0.0,-1,-1,0,176,delayed
15,3430,9,25.50839191735337,-7.020500077141656,22.867499616410996,4.5712507003214,135.82416043224498,,,0.0,-1,-1,0,176,delayed
15,3596,7,11.970465711916349,8.194981847490583,33.57917846952166,2.9542221347130257,87.77789000930082,,,0.0,-1,-1,0,176,delayed
15,3880,7,-21.684827668333885,35.8203855242048,-27.950842448643275,3.7719598492224864,112.07507819878717,,,0.0,-1,-1,0,176,delayed
15,3970,6,-39.90883955264188,31.019524892171223,-4.3401540120442705,2.001336612634398,59.465096747869936,,,0.0,-1,-1,0,176,delayed
15,4142,12,-29.385838778442196,22.421722094217937,47.53869120279948,4.76413026394149,141.55513134385885,,,0.0,-1,-1,0,176,delayed
15,5062,7,-20.806334386801304,9.814184512410845,-11.09768397467477,2.8055770701998544,83.36124510980343,,,0.0,-1,-1,0,176,delayed
15,5162,312,29.57320855794209,-2.9727874046716933,-13.977754968863268,155.21103294986165,4611.737492050973,,,0.0,-1,-1,0,176,delayed
16,344,9,16.184744064665157,14.509032991197374,-63.478766123453774,3.7480513122058547,111.36469122149475,,,0.0,-1,-1,0,176,delayed
16,376,10,-37.87425256853607,-2.765707474946976,-28.49688720703125,3.248351955056955,96.51727853233511,,,0.0,-1,-1,0,176,delayed
16,424,13,-27.973325322113006,17.654994524442234,21.690890312194824,4.432873756576817,131.71260903429464,,,0.0,-1,-1,0,176,delayed
16,478,7,-29.413899594996018,-12.304349831172399,8.435845920017787,2.3747428793431435,70.56000184075587,,,0.0,-1,-1,0,176,delayed
16,640,10,-9.729471717757562,-17.253802919387816,25.17692985534668,4.478403979116105,133.06543447663086,,,0.0,-1,-1,0,176,delayed
16,1406,9,-40.487746393915764,8.227533446417915,15.10505814022488,2.5613351799609516,76.10416124832302,,,0.0,-1,-1,0,176,delayed
16,1430,8,-20.08354730688888,36.23755764961243,33.726266622543335,2.0767137369035065,61.70475396442312,,,0.0,-1,-1,0,176,delayed
16,1438,8,2.4629168180272387,21.10653245449066,-22.731333017349243,2.871050076950789,85.30662434098303,,,0.0,-1,-1,0,176,delayed
16,1756,6,-41.94257275724997,-5.948950449625652,38.86698659261068,1.8144128363520537,53.91108830624384,,,0.0,-1,-1,0,176,delayed
16,1852,6,4.301920953666802,0.2678879102071126,-18.07631683349609,2.8575712985992494,84.9061335621418,,,0.0,-1,-1,0,176,delayed
16,2034,11,-6.1771008468721815,6.27562153339386,17.621539896184746,4.502942462642099,133.79453886002514,,,0.0,-1,-1,0,176,delayed
16,2388,6,-10.362127095030214,12.156550725301107,57.68377494812012,2.264234996851224,67.27651525369231,,,0.0,-1,-1,0,176,delayed
16,2644,6,-28.81353999059856,29.42143742243449,35.2458872795105,1.4154632252504458,42.057221709332694,,,0.0,-1,-1,0,176,delayed
16,2794,8,-12.198114800652943,-16.849200069904327,-25.463374733924866,3.0051453209320336,89.29095491607684,,,0.0,-1,-1,0,176,delayed
16,3140,8,-12.392637474110604,-19.01770257949829,-4.599172353744507,3.4906998693402445,103.71808727111619,,,0.0,-1,-1,0,176,delayed
16,3152,6,23.53206295628451,-35.402718941370644,3.7380396525065103,2.2800043467113773,67.74506507642838,,,0.0,-1,-1,0,176,delayed
16,3324,7,-31.3600382811663,-0.05146666935511896,-3.1639913831438338,2.652388690722629,78.80960609577882,,,0.0,-1,-1,0,176,delayed
16,3680,7,21.994312336422222,-39.44280597141811,30.480598994663783,2.5783254651034637,76.60898834407251,,,0.0,-1,-1,0,176,delayed
16,3694,6,54.806401965278305,-13.080299695332846,28.31146701176961,1.7687741908622543,52.55504132626066,,,0.0,-1,-1,0,176,delayed
16,3698,7,-20.411440937703784,19.988629954201834,3.6678593499319896,3.59754772861949,106.89282471869609,,,0.0,-1,-1,0,176,delayed
16,4036,10,-22.214776354287267,7.108256149291992,19.975293350219726,2.693131090023212,80.02017242472856,,,0.0,-1,-1,0,176,delayed
16,4478,8,-13.921539644467801,-15.439326524734497,23.008457899093628,3.024678671796324,89.87134333830541,,,0.0,-1,-1,0,176,delayed
16,4484,6,8.257191941943903,23.421681086222332,2.8774817784627267,1.9025704114919548,56.53048711285004,,,0.0,-1,-1,0,176,delayed
16,5074,6,0.5334212407133693,-4.3462443351745605,12.121277014414469,2.7095207248486335,80.50715258309033,,,0.0,-1,-1,0,176,delayed
16,5200,9,-3.753830514310743,4.159953753153483,-0.1298155254787861,2.587882544981557,76.89295490721346,,,0.0,-1,-1,0,176,delayed
16,5418,6,-1.9224548276673126,-15.791506131490072,25.30466039975484,1.910443690883712,56.764423432106966,,,0.0,-1,-1,0,176,delayed
16,5738,6,-20.61448608140769,-6.360018094380696,37.05181837081909,1.836982743111632,54.58170097608457,,,0.0,-1,-1,0,176,delayed
17,146,9,-18.339107973354377,1.6411960919698079,37.79124016231961,3.3594114835026607,99.81715600527232,,,0.0,-1,-1,0,176,delayed
17,184,7,0.7403239967799838,-7.054810660226004,2.2203287397112166,1.6538134293767768,49.13924772073412,,,0.0,-1,-1,0,176,delayed
17,462,6,3.0536287051902424,9.436106046040853,6.554006099700928,1.5547690317010545,46.19637211802948,,,0.0,-1,-1,0,176,delayed
17,518,7,49.588458943252355,37.52668353489467,-36.62485613141741,2.4937909840936863,74.09724141452406,,,0.0,-1,-1,0,176,delayed
17,1038,7,-4.685739479121541,4.18062823159354,22.986346108572825,2.332029430847265,69.29087033573673,,,0.0,-1,-1,0,176,delayed
17,1164,6,26.06903206210151,-23.735756238301594,17.822285652160645,2.8328283753214527,84.17095472353428,,,0.0,-1,-1,0,176,delayed
17,1340,11,-24.74425335664814,44.460927746512674,31.731439113616943,3.540874768429833,105.20891855349083,,,0.0,-1,-1,0,176,delayed
17,1656,6,-19.044242582363356,-6.900412440299988,-6.606283664703369,1.7649250409104438,52.4406727223804,,,0.0,-1,-1,0,176,delayed
17,1776,6,3.3103767045925125,2.156956434249878,26.950406710306805,1.8834732879000673,55.963060176857105,,,0.0,-1,-1,0,176,delayed
17,1854,6,13.140029152529413,3.870512326558431,2.289429028828939,1.8586879402417424,55.2266207957318,,,0.0,-1,-1,0,176,delayed
17,2012,7,3.034551483293392,12.276637349809919,34.70873423985073,2.7973313866780605,83.11624366163109,,,0.0,-1,-1,0,176,delayed
17,2166,6,12.304552353535337,-1.5934688647588093,14.77390988667806,3.0303413585705528,90.03959700176043,,,0.0,-1,-1,0,176,delayed
17,2348,8,-31.899257348736572,28.938778162002563,15.960193753242493,3.1355564935827442,93.16582181738724,,,0.0,-1,-1,0,176,delayed
17,2612,9,-41.23572398772412,20.131590949164497,-15.588350269529554,3.1767717839845653,94.39043901359678,,,0.0,-1,-1,0,176,delayed
17,2874,6,32.477871733952675,-13.87010637919108,3.6364275614420585,2.3266524335031455,69.13110527409614,,,0.0,-1,-1,0,176,delayed
17,3064,8,-34.228471271383384,-52.68146324157715,28.465458869934082,2.9207170845216477,86.78236479950121,,,0.0,-1,-1,0,176,delayed
17,3152,18,-21.19552534120557,49.48836686876085,53.423186249203155,2.8385668412550187,84.34145998974968,,,0.0,-1,-1,0,176,delayed
17,3360,6,-52.76913615146398,-22.825862248738606,43.458024660746254,2.2070880621732996,65.57852603088298,,,0.0,-1,-1,0,176,delayed
17,3800,6,16.62966816684485,17.50968114535014,24.183980464935303,2.693053068417351,80.01785419284708,,,0.0,-1,-1,0,176,delayed
17,4094,6,-8.46286712700562,-12.56299908955892,-33.41833305358887,2.3899433246381157,71.01164797782744,,,0.0,-1,-1,0,176,delayed
17,4206,6,-0.5547072738087575,0.36949920654296875,-34.6824000676473,3.6814580368902,109.3860257963965,,,0.0,-1,-1,0,176,delayed
17,4486,12,6.376200676993043,25.774933973948162,10.885761737823486,4.823788072572848,143.32772538907543,,,0.0,-1,-1,0,176,delayed
17,4516,7,4.327336372473257,17.03526966912406,7.202098097120012,1.797980726456453,53.42284609923836,,,0.0,-1,-1,0,176,delayed
17,4824,9,-9.148066067900954,-6.543228997124566,-5.611711714002821,3.251370609136364,96.60697086882024,,,0.0,-1,-1,0,176,delayed
17,4932,7,31.990688409108547,18.084385463169642,-47.53044237409319,3.4922636449255835,103.76455125218119,,,0.0,-1,-1,0,176,delayed
17,5234,6,5.258522029630768,-2.3786560694376626,-1.6780768235524484,2.2992954845446687,68.31825669766351,,,0.0,-1,-1,0,176,delayed
17,5452,8,-1.4673946092812358,5.043676137924194,-5.542500078678131,3.184505814939084,94.62023788703871,,,0.0,-1,-1,0,176,delayed
18,27,10,-27.564939778540044,17.02656021118164,13.720582199096679,3.0431388378136965,90.41984455058267,,,0.0,-1,-1,0,176,delayed
18,121,75,48.5812570489705,-41.98813145955403,51.31260322570801,81.73529335990355,2428.575531311727,,,0.0,-1,-1,0,176,delayed
18,423,10,-23.052886794060885,-16.034452390670776,-11.444379615783692,2.7885977931329133,82.856745093604,,,0.0,-1,-1,0,176,delayed
18,433,8,12.35880280447461,-17.109004735946655,21.555758357048035,3.9568342319585907,117.56819364283741,,,0.0,-1,-1,0,176,delayed
18,823,6,-10.187907662801562,8.346081256866455,-2.2216186523437513,1.6284534523657426,48.385734555100356,,,0.0,-1,-1,0,176,delayed
18,955,6,0.010244458288408254,-2.83591236670812,19.194053888320923,1.6616889385264282,49.37325029209882,,,0.0,-1,-1,0,176,delayed
18,1239,9,-6.479981007058465,-24.035974502563477,30.015364434983994,3.308461195515072,98.30328583201563,,,0.0,-1,-1,0,176,delayed
18,1533,8,-9.71437946221211,40.830904960632324,29.96429479122162,2.2378855802244546,66.49360317430042,,,0.0,-1,-1,0,176,delayed
18,1565,7,2.0930889351700794,22.823222637176514,-8.162681034633092,1.8886109019456414,56.11571251647084,,,0.0,-1,-1,0,176,delayed
18,1771,8,-22.139278796356994,52.23113393783569,12.985821783542633,2.981810281549809,88.59760809689645,,,0.0,-1,-1,0,176,delayed
18,1785,9,-16.559950373797985,13.006400214301216,37.268900341457794,3.988081849036297,118.4966444396378,,,0.0,-1,-1,0,176,delayed
18,2037,7,-26.676376606957824,15.226038796561104,14.745117732456752,1.924534730369066,57.183106136947764,,,0.0,-1,-1,0,176,delayed
18,2991,10,-14.932116065273258,43.32018051147461,1.9952999114990235,3.6810913829473746,109.375131521018,,,0.0,-1,-1,0,176,delayed
18,3053,7,17.154780669091654,24.165299551827566,23.186814171927313,2.1037634021371194,62.50847231442972,,,0.0,-1,-1,0,176,delayed
18,3069,14,0.23478716632574198,40.49587985447475,45.05215385981968,4.874445059818178,144.83288080795018,,,0.0,-1,-1,0,176,delayed
18,3415,6,-10.93252026288094,35.25029969215393,-22.852104822794598,2.3400528688910147,69.52926827265057,,,0.0,-1,-1,0,176,delayed
18,3437,6,26.04456678913019,29.190499623616535,-18.778367201487224,2.0050975453000808,59.576844178769456,,,0.0,-1,-1,0,176,delayed
18,3733,20,59.99015680366151,-44.11830139160156,52.34450149536133,7.56691693429546,224.83346616473176,,,0.0,-1,-1,0,176,delayed
18,3763,6,-5.94233584282019,11.071143945058187,-5.545647939046224,1.559661816732183,46.34174992874148,,,0.0,-1,-1,0,176,delayed
18,3899,10,20.714918112189842,-30.93546371459961,11.966380596160889,2.3494075603991433,69.80722133265333,,,0.0,-1,-1,0,176,delayed
18,3999,11,9.816795110769801,8.830210252241654,-6.580859834497625,6.509703397671601,193.4208068241614,,,0.0,-1,-1,0,176,delayed
18,4551,8,5.712616537510938,-25.661775588989258,-45.416375398635864,3.4405927701162735,102.22927050521172,,,0.0,-1,-1,0,176,delayed
18,4793,6,-13.161240447074064,-38.936062494913735,17.69757843017578,2.9425580554671313,87.43131882459696,,,0.0,-1,-1,0,176,delayed
18,4845,12,2.5803756578017247,-23.463250199953716,-14.639966011047363,3.6637450488616854,108.85972525296967,,,0.0,-1,-1,0,176,delayed
18,4855,9,-23.72293608995043,45.95964219835069,22.920963923136394,2.873916366303763,85.39178951140264,,,0.0,-1,-1,0,176,delayed
18,5541,6,1.0806647378503549,29.929500579833984,4.5925083955128985,2.5797273464554795,76.6506420117766,,,0.0,-1,-1,0,176,delayed
19,158,8,-57.469358334339894,39.330965518951416,62.307143688201904,3.630455328336184,107.87059806703729,,,0.0,-1,-1,0,176,delayed
19,206,8,15.887261708730053,12.037616491317749,-30.907623052597046,2.6611743720839014,79.07065233300139,,,0.0,-1,-1,0,176,delayed
19,442,7,5.30914198487453,-12.537926537649971,8.075584309441702,2.2975224104591794,68.26557389489604,,,0.0,-1,-1,0,176,delayed
19,638,9,-10.813568380261621,-27.934199863009983,25.37813886006673,2.4201059471254482,71.90786066541612,,,0.0,-1,-1,0,176,delayed
19,1020,6,-21.622911899301815,2.3786562283833823,4.3710142771403,1.9501091336341654,57.9429904836526,,,0.0,-1,-1,0,176,delayed
19,1106,7,-31.407487439283212,35.98666068485805,-27.754156930106028,2.681014152169719,79.66014559206222,,,0.0,-1,-1,0,176,delayed
19,1376,10,-16.80256330482866,-33.448987579345705,18.619270086288452,3.5757797854391167,106.2460405450337,,,0.0,-1,-1,0,176,delayed
19,1780,6,26.27835978384917,-26.008180975914,15.048093875249227,2.2069413577015373,65.5741670462166,,,0.0,-1,-1,0,176,delayed
19,2062,6,33.94839691660223,30.07729959487915,-3.7844335238138833,2.0902645767449526,62.107385884060946,,,0.0,-1,-1,0,176,delayed
19,2110,23,-18.858683523278035,15.098492912624193,35.831848973813266,6.635230114433456,197.150543395992,0.3880692422389984,97.11735534667969,97.11735534667969,2,14,1,176,delayed
19,2390,12,27.19057730009027,9.978809515635172,19.22334082921346,3.944631361392153,117.20561351800788,,,0.0,-1,-1,0,176,delayed
19,2588,8,-9.667827562048185,35.634810388088226,5.265529692173004,1.8027752294234267,53.56530368532815,,,0.0,-1,-1,0,176,delayed
19,2642,8,-23.03105375597929,9.131268739700317,24.81433743238449,3.121394348786277,92.74502638239505,,,0.0,-1,-1,0,176,delayed
19,2802,7,-27.40727238165287,-5.166401590619769,13.680165563310895,2.512449364998153,74.65163212453172,,,0.0,-1,-1,0,176,delayed
19,2808,17,4.03122959532033,13.191149936002844,24.516706186182358,5.091793839280815,151.29089797367035,,,0.0,-1,-1,0,176,delayed
19,3258,12,-0.6153067815690741,-9.685518423716227,-13.566945791244507,5.328701181025496,158.33005266068932,,,0.0,-1,-1,0,176,delayed
19,3494,6,-15.458861608047632,48.39064375559489,20.35965633392334,2.0796637149972437,61.79240575255348,,,0.0,-1,-1,0,176,delayed
19,3590,7,-33.19858090341191,21.782025473458425,9.945635386875697,1.8259326463004246,54.25337286186152,,,0.0,-1,-1,0,176,delayed
19,3596,6,6.388869241013361,-16.849201202392578,3.103800137837728,2.8168733043077205,83.6968866255136,,,0.0,-1,-1,0,176,delayed
19,3910,6,-13.886829209935689,3.131512006123861,12.367541074752808,2.607735921700951,77.48285215884904,,,0.0,-1,-1,0,176,delayed
19,4424,6,-31.674323984601685,21.731218814849854,15.391352335611979,1.3514601598091467,40.155518390360655,,,0.0,-1,-1,0,176,delayed
19,5156,7,-53.25529394305335,-19.295818396977015,30.302446637834823,2.0720209705376473,61.565319246545435,,,0.0,-1,-1,0,176,delayed
19,5380,8,12.115941638335013,-22.613399982452393,-17.925575137138367,2.4218120612874507,71.95855390865461,,,0.0,-1,-1,0,176,delayed
20,148,7,-28.22414947693466,1.9873823438371931,-33.2333139692034,2.0557794441487163,61.08273978842041,,,0.0,-1,-1,0,176,delayed
20,848,8,-10.90772769262244,-4.638379871845245,-25.135392367839813,3.2619280349602735,96.92066040213709,,,0.0,-1,-1,0,176,delayed
20,1092,6,35.52888487393498,24.835018157958984,3.881426970163981,2.1930078516389604,65.16016508331965,,,0.0,-1,-1,0,176,delayed
20,1154,9,-29.558275593557116,-12.264320903354221,20.373512691921658,2.3702523082044173,70.42657488722304,,,0.0,-1,-1,0,176,delayed
20,1492,72,46.82801352070263,-41.290470388200546,52.50512335035536,18.143004955430666,539.0775035847785,,,0.0,-1,-1,0,176,delayed
20,1550,6,-3.634988709297215,-9.149743715922039,39.83377742767334,1.5164532468678815,45.0579070353985,,,0.0,-1,-1,0,176,delayed
20,1774,11,-10.418658301845149,4.9202282645485615,15.977115284312855,4.917709588641644,146.1183863925664,,,0.0,-1,-1,0,176,delayed
20,2484,8,-16.24211741340186,-13.464811086654663,36.892420291900635,2.70837759513231,80.47318712283374,,,0.0,-1,-1,0,176,delayed
20,2504,8,-19.522438399924667,18.789075136184692,7.274531185626984,1.957064093419505,58.14964105602601,,,0.0,-1,-1,0,176,delayed
20,3026,6,26.12450934071762,-10.059637705485025,-38.0477925936381,1.9736397060056314,58.64214711416071,,,0.0,-1,-1,0,176,delayed
20,3242,6,4.532534708509856,20.396399974822998,-21.80826695760091,1.9454425578010457,57.804333956986426,,,0.0,-1,-1,0,176,delayed
20,3690,9,20.55791121804264,-0.566566891140408,-14.831855456034342,2.8722888052206854,85.34343029154064,,,0.0,-1,-1,0,176,delayed
20,3992,9,-16.6897559396683,-16.144071049160427,3.300376627180312,2.5722244173716042,76.42770979685163,,,0.0,-1,-1,0,176,delayed
20,4462,7,-44.41326657168937,23.151814443724497,4.3527532305036285,2.181870330216559,64.8292393486214,,,0.0,-1,-1,0,176,delayed
20,5052,15,-41.216739886331645,41.21033503214518,17.624349530537923,5.915836989785144,175.77543763572027,,,0.0,-1,-1,0,176,delayed
20,5100,7,4.318658203208666,11.492770058768135,14.12482670375279,2.0953682643918903,62.259030179068674,,,0.0,-1,-1,0,176,delayed
20,5220,6,20.315609763002907,-24.13296862443288,21.440443515777588,2.522780712090914,74.95860425032427,,,0.0,-1,-1,0,176,delayed
20,5630,73,47.51739930685041,-43.00069056471733,50.84966581161708,17.773906646758693,528.1105995187188,,,0.0,-1,-1,0,176,delayed
21,24,6,12.784405142179914,4.803499857584634,3.955120881398519,2.3039551849575344,68.45670893709085,,,0.0,-1,-1,0,176,delayed
21,472,6,-1.4271559999401948,15.523618698120117,17.27433141072591,2.14053805963565,63.601146356474715,,,0.0,-1,-1,0,176,delayed
21,520,9,-28.729943964628667,-5.9366338517930775,20.273860878414578,3.6572252749901595,108.66600522526568,,,0.0,-1,-1,0,176,delayed
21,990,9,11.775067493389905,-3.9875206549962363,-33.800640159183075,3.1635629679888333,93.99796954286789,,,0.0,-1,-1,0,176,delayed
21,1394,7,-28.92321899696924,7.993076869419643,-4.60756254196167,2.672669493684571,79.41220333136773,,,0.0,-1,-1,0,176,delayed
21,1464,8,-23.69447829215672,-26.839555740356445,7.0298410058021545,3.5847313419045563,106.5120153780033,,,0.0,-1,-1,0,176,delayed
21,1734,8,6.84041002172687,23.406670093536377,-18.990145087242126,3.0383266489862804,90.276861469983,,,0.0,-1,-1,0,176,delayed
21,1830,7,-40.65472256604987,-1.9121624061039515,23.27408763340541,2.248369448033049,66.80510710102332,,,0.0,-1,-1,0,176,delayed
21,2368,11,-20.107977508933796,14.526388255032627,35.0023158680309,4.232753884271656,125.76650906656687,,,0.0,-1,-1,0,176,delayed
21,2538,7,44.04648818377391,-18.8801303591047,4.944248165403094,2.3258277869962245,69.1066028070912,,,0.0,-1,-1,0,176,delayed
21,2582,10,-11.639591134411251,22.206025695800783,6.584613704681397,4.062449901555333,120.7063194188878,,,0.0,-1,-1,0,176,delayed
21,2758,15,-26.879616417066448,-27.542530389626823,18.85050188700358,3.8533965997368127,114.49478321871987,,,0.0,-1,-1,0,176,delayed
21,3560,7,29.923572668592538,-9.153042793273926,12.4185288974217,1.7816507036679157,52.93763717491998,,,0.0,-1,-1,0,176,delayed
21,3836,8,-12.65774878057429,-14.552526712417603,-2.8498206734657288,3.929323844490349,116.75078599534675,,,0.0,-1,-1,0,176,delayed
21,3864,11,-6.941036369729066,10.598772135647861,6.71026052128185,3.5933039369651785,106.76673024777685,,,0.0,-1,-1,0,176,delayed
21,4170,6,14.865986732323654,-26.728705883026123,5.7765858968098955,1.801664965575416,53.532314758467564,,,0.0,-1,-1,0,176,delayed
21,4390,9,20.263955711949475,17.9576997756958,4.54030015733507,3.619292746719816,107.53892772653442,,,0.0,-1,-1,0,176,delayed
21,4694,7,-26.710141886656277,23.702105385916575,9.626223972865514,1.5439519008419054,45.87496604919883,,,0.0,-1,-1,0,176,delayed
21,4948,10,-2.007981287976249,-1.9093913078308113,12.233303928375246,2.867279684648034,85.19459583880835,,,0.0,-1,-1,0,176,delayed
21,5046,14,5.781741519799012,-22.427330493927002,40.36604309082031,5.334293466860501,158.49621452277736,,,0.0,-1,-1,0,176,delayed
21,5136,6,2.337013987288423,7.311481475830078,4.01222292582194,2.846675559795902,84.58239183973974,,,0.0,-1,-1,0,176,delayed
21,5372,6,-9.146162454456032,44.746450424194336,39.44894981384277,1.3615431540252463,40.45511128382165,,,0.0,-1,-1,0,176,delayed
22,110,8,-25.465288818657058,-16.25338089466095,-10.85416567325592,2.3394387628461484,69.51102152937862,,,0.0,-1,-1,0,176,delayed
22,118,11,-19.512435923404492,4.182068499651822,3.907061056657271,4.250094693753686,126.28175118377271,,,0.0,-1,-1,0,176,delayed
22,686,6,-4.095299174985034,4.54485019048055,35.245887756347656,1.454729923225266,43.22394098049442,,,0.0,-1,-1,0,176,delayed
22,986,7,-2.769249196191265,-26.029955455235072,-14.69491297858102,1.8721552970372295,55.62677220940508,,,0.0,-1,-1,0,176,delayed
22,1082,6,-16.790583828388886,-16.003969113032024,-35.418252189954124,1.3857445064561715,41.17419859509605,,,0.0,-1,-1,0,176,delayed
22,1152,6,25.434855533515343,6.3692560394605,5.026877244313558,1.948138024545792,57.88442352799866,,,0.0,-1,-1,0,176,delayed
22,1412,6,-9.71961493470297,-42.681869188944496,11.67011054356893,1.854613601103505,55.10556121509484,,,0.0,-1,-1,0,176,delayed
22,1862,9,0.9048141721574408,8.62166678905487,21.217066870795357,2.4970930043485096,74.1953533226743,,,0.0,-1,-1,0,176,delayed
22,2598,8,6.92985550124053,12.352846622467041,14.20044994354248,3.207258459064919,95.29628017581275,,,0.0,-1,-1,0,176,delayed
22,2726,16,-32.64526085738454,56.50405550003052,33.18469214439392,5.067390085576565,150.56579677586427,,,0.0,-1,-1,0,176,delayed
22,3158,6,0.6452928419438825,-35.61980072657267,4.647933642069499,3.4382712042585433,102.16029053579281,,,0.0,-1,-1,0,176,delayed
22,3402,6,41.11062856746213,28.525399843851726,20.330267270406086,2.1338813780796584,63.40335843302002,,,0.0,-1,-1,0,176,delayed
22,3548,9,-6.118965386655897,-8.895712322658962,5.964973502688938,4.10838020482485,122.07103233641425,,,0.0,-1,-1,0,176,delayed
22,3670,8,-33.792395214390105,-3.3151078820228568,38.873864352703094,1.657932865456597,49.26164725287017,0.2977433204650879,172.25135803222656,172.25135803222656,4,2,1,176,delayed
22,3784,6,-9.300606121877328,23.86969979604085,10.333820660909016,1.3447635486447995,39.95654405078337,,,0.0,-1,-1,0,176,delayed
22,3828,6,-28.848603091188597,28.035812695821125,32.14355802536011,1.8129924454114412,53.868884668849674,,,0.0,-1,-1,0,176,delayed
22,4134,8,-11.505089590826316,9.758263945579529,11.613898098468779,3.2611682683415077,96.89808569121368,,,0.0,-1,-1,0,176,delayed
22,4740,6,-13.881906259921129,20.225506067276,44.3586810429891,1.8032917071540235,53.58064962864632,,,0.0,-1,-1,0,176,delayed
22,5032,13,-7.6222820086160175,-5.303746260129488,25.310569029587967,4.191233100817555,124.53281484963281,,,0.0,-1,-1,0,176,delayed
22,5180,9,-54.00638682513356,19.03540802001953,6.196891784667969,3.0221605111687726,89.79652200920029,,,0.0,-1,-1,0,176,delayed
23,347,6,-0.8234434416380617,0.08775647481282493,-17.17565993467967,2.544165011752263,75.59398934257705,,,0.0,-1,-1,0,176,delayed
23,369,6,-5.02171491144455,-11.52839994430542,2.086204051971434,1.1219650963130097,33.33660243798991,,,0.0,-1,-1,0,176,delayed
23,371,7,-30.455749318222427,2.632687432425363,35.41216244016375,1.8256964272128866,54.24635415705921,,,0.0,-1,-1,0,176,delayed
23,425,6,-15.952964760996887,6.761849721272786,-4.016841729482015,1.9316299145044422,57.393923152131784,,,0.0,-1,-1,0,176,delayed
23,639,11,-34.28054784944601,16.44862800294703,15.860423738306219,2.8759141034857887,85.45114765938034,,,0.0,-1,-1,0,176,delayed
23,1177,7,22.034513872349873,-19.703587702342443,-1.8575450352260046,2.4202696412244316,71.91272445762961,,,0.0,-1,-1,0,176,delayed
23,1321,16,-3.959456101632205,24.17915627360344,17.707338988780975,4.838261671658423,143.75777496918116,,,0.0,-1,-1,0,176,delayed
23,1449,8,2.2846236963888575,25.75876845419407,-6.6521031856536865,3.1484111317402927,93.54776771138219,,,0.0,-1,-1,0,176,delayed
23,1731,6,-25.096067903056706,-26.239118655522663,24.31477705637614,1.1580533669944646,34.408882080499026,,,0.0,-1,-1,0,176,delayed
23,1803,6,-0.37683530489414974,-36.58050028483073,1.166866938273112,2.0194513364702527,60.0033339432821,,,0.0,-1,-1,0,176,delayed
23,1927,7,-22.59361386246898,45.08823721749442,17.731587682451522,1.7245232566997144,51.24022698441173,,,0.0,-1,-1,0,176,delayed
23,2717,8,-23.230610316248576,0.367190957069397,21.148256421089172,2.36587341784439,70.29646627018002,,,0.0,-1,-1,0,176,delayed
23,2973,7,-4.505226791913309,21.124842439379012,-18.39272826058524,2.523557880583105,74.981696017739,,,0.0,-1,-1,0,176,delayed
23,3515,8,22.902627612191907,24.165300369262695,10.930375218391418,2.9807385099138775,88.56576287724678,,,0.0,-1,-1,0,176,delayed
23,3731,6,54.15006754852743,-44.63559945424398,52.41063276926676,2.4157789664726614,71.77929442547438,,,0.0,-1,-1,0,176,delayed
23,3907,6,-3.7675079304044043,38.409524738788605,32.23593362172445,2.46838565807026,73.3423808076891,,,0.0,-1,-1,0,176,delayed
23,4271,6,12.250465415727547,-13.154200236002604,-24.853700002034504,2.255755184408118,67.02455720518125,,,0.0,-1,-1,0,176,delayed
23,4923,6,-38.83088075785742,-2.8220561345418296,32.30374399820963,1.214768590934796,36.09404401547685,,,0.0,-1,-1,0,176,delayed
23,5711,6,-0.415476203619401,28.96879990895589,-6.8882330258687325,1.8246082148300604,54.21402043857403,,,0.0,-1,-1,0,176,delayed
24,346,7,1.1568321892154347,23.955476760864258,4.59838376726423,3.3613249341036995,99.87400977209731,,,0.0,-1,-1,0,176,delayed
24,408,7,19.563382097124038,46.27195712498256,-16.4224431174142,3.1086259029985057,92.36564149566664,,,0.0,-1,-1,0,176,delayed
24,494,6,18.289904009734567,-10.715499560038252,13.30976676940918,2.863186415961645,85.07297381035272,,,0.0,-1,-1,0,176,delayed
24,1070,7,0.5668920751634788,30.87964289528983,-8.48461423601423,3.3925324859311186,100.80127012248829,,,0.0,-1,-1,0,176,delayed
24,1108,7,-40.19492082532363,-1.6785855974469877,35.82911096300398,2.515226685088604,74.73415377872816,,,0.0,-1,-1,0,176,delayed
24,1242,9,9.41030840415673,-38.42799970838759,10.875263743930393,2.3368531509957666,69.43419604291884,,,0.0,-1,-1,0,176,delayed
24,1372,6,10.148988133296728,9.168218294779459,-36.93320242563883,3.169963654208366,94.18815115594307,,,0.0,-1,-1,0,176,delayed
24,1500,8,-21.229001962834587,-3.703082799911499,51.46116352081299,2.567962384873133,76.30107334136272,,,0.0,-1,-1,0,176,delayed
24,1620,7,-9.351091920490473,-7.803047980581012,24.868098395211355,2.3704269817681802,70.431764908883,,,0.0,-1,-1,0,176,delayed
24,1700,8,-9.451861558740049,42.140320777893066,18.505176544189453,2.11655702564725,62.88860529904757,0.5573073625564575,46.732608795166016,46.732608795166016,1,14,1,176,delayed
24,2452,10,-14.698510889837138,-14.485323524475097,10.510468864440918,3.5676196103790927,106.00357978338042,,,0.0,-1,-1,0,176,delayed
24,2490,819,-23.524780346870816,0.3674359325233105,27.44799175512805,335.02827210431803,9954.591590532393,,,0.0,-1,-1,0,176,delayed
24,2950,7,23.282369076198396,14.220471518380302,18.51275716509138,2.3374580670189595,69.45216972591471,,,0.0,-1,-1,0,176,delayed
24,3296,7,-17.632866314410197,4.307314327784948,48.10052844456264,1.530914960581848,45.48760346912787,,,0.0,-1,-1,0,176,delayed
24,3378,6,-9.860634903959934,-15.77303155263265,-1.3994817733764648,1.389492986333231,41.2855760201327,,,0.0,-1,-1,0,176,delayed
24,3490,11,-25.493585611626155,25.67941005663438,-13.274801340970127,5.562169061461511,165.26701169596785,,,0.0,-1,-1,0,176,delayed
24,3630,9,-9.332495195693843,25.061336835225422,9.864179187350803,2.7953788555562142,83.05822870735962,,,0.0,-1,-1,0,176,delayed
24,3736,8,7.041009337602395,-24.258829832077026,11.252532720565796,3.7123461907775273,110.30379597442527,,,0.0,-1,-1,0,176,delayed
24,3910,8,-30.028070704712658,8.310286283493042,10.482407689094543,1.7305220932358778,51.41846856193828,,,0.0,-1,-1,0,176,delayed
24,4660,8,-22.083791823785845,2.2654967308044434,-0.006928443908691406,2.460281576051661,73.1015867212539,,,0.0,-1,-1,0,176,delayed
24,4924,10,-23.97251538026958,-13.404536485671997,33.632013130187985,3.2590030350943127,96.83375078437525,,,0.0,-1,-1,0,176,delayed
24,5064,18,-20.307893206098328,29.823268784417046,-6.489481131235759,7.25825798272532,215.6623780522457,,,0.0,-1,-1,0,176,delayed
25,20,7,-19.61628138074254,12.510214124407087,-5.515418461390904,1.9575427258744142,58.163862514354506,,,0.0,-1,-1,0,176,delayed
25,136,6,-1.161359217027387,9.302162359158197,22.778204282124843,2.2432277196284396,66.6523325127301,,,0.0,-1,-1,0,176,delayed
25,1020,7,-27.5665760085032,15.000380788530622,-7.980569703238351,2.5006438658538515,74.30085897405769,,,0.0,-1,-1,0,176,delayed
25,1066,6,-46.03921708411435,4.909731388092041,31.021202723185223,1.9034519410901087,56.55667972957899,,,0.0,-1,-1,0,176,delayed
25,1248,6,-7.9373829597740455,-8.498499790827431,-23.28626759847005,2.0336544069719342,60.42534539111526,,,0.0,-1,-1,0,176,delayed
25,1332,10,-26.832479180674625,38.91943511962891,42.706975078582765,2.9282877647785206,87.00731008410756,,,0.0,-1,-1,0,176,delayed
25,1522,9,-46.27955681150681,11.50376664267646,-31.84956667158339,3.4658683054661843,102.98027468184456,,,0.0,-1,-1,0,176,delayed
25,2554,7,-17.25587641517219,29.573196002415248,30.047814096723283,1.2031571502572906,35.74903686430045,,,0.0,-1,-1,0,176,delayed
25,3308,6,0.5268293191109151,1.5380435784657795,16.34134340286255,2.6970155536205898,80.13559029205452,,,0.0,-1,-1,0,176,delayed
25,3336,14,-15.848907761839738,1.3876048326492314,11.487638405391149,3.7304864709364383,110.84279251697254,,,0.0,-1,-1,0,176,delayed
25,3558,6,-33.50977104226909,10.188961585362753,-10.972679456075033,2.158768607120538,64.14282498420367,,,0.0,-1,-1,0,176,delayed
25,3586,14,-21.085339919005744,50.99100031171526,21.83303710392543,4.103884981163645,121.93746714391776,,,0.0,-1,-1,0,176,delayed
25,3810,6,-36.4268294314069,-51.854705810546875,5.257814725240071,2.183741674861865,64.88484203418626,,,0.0,-1,-1,0,176,delayed
25,3924,6,-28.1820694050783,26.557812690734863,-26.399304389953613,2.0897231627046664,62.09129901587345,,,0.0,-1,-1,0,176,delayed
25,4692,9,-19.769666805147175,29.723196241590713,50.20447879367404,2.524027637864282,74.99565377077107,,,0.0,-1,-1,0,176,delayed
25,4802,6,-31.933732738140876,-17.588199615478516,35.63386185963949,1.4050184058888031,41.74687801705569,,,0.0,-1,-1,0,176,delayed
25,4816,6,-14.879689061267557,19.334087451299034,-10.603179136912027,1.2568651790798315,37.34484693938111,,,0.0,-1,-1,0,176,delayed
25,4980,7,1.9132207573243625,-40.12770026070731,-32.58152852739607,3.4895889692288256,103.68507943915743,,,0.0,-1,-1,0,176,delayed
25,5102,8,-25.3661644298244,2.0195486545562744,-4.942114353179932,2.474535909749731,73.52512133661095,,,0.0,-1,-1,0,176,delayed
25,5182,6,-1.6545905149073217,-0.30483768383661786,9.505387624104818,2.5766612258344646,76.55953931659863,,,0.0,-1,-1,0,176,delayed
25,5406,6,34.88498237279941,-3.177700678507487,-11.462266286214193,3.1177704790491485,92.63735145996593,,,0.0,-1,-1,0,176,delayed
25,5622,13,-20.044018102539845,30.434720112727238,18.36752223968506,4.478234881842459,133.06041014155713,,,0.0,-1,-1,0,176,delayed
26,570,6,16.11872863400474,-32.06798060735067,40.35107739766439,2.8168720179297577,83.69684840376243,,,0.0,-1,-1,0,176,delayed
26,1440,7,-35.62028576211517,4.576521737234933,35.234010560171946,2.0253792434170603,60.17946801182358,,,0.0,-1,-1,0,176,delayed
26,1462,6,11.258921166653252,-9.777893463770548,1.279393196105957,2.278877462799175,67.71158232273282,,,0.0,-1,-1,0,176,delayed
26,1604,6,-22.15911382163182,26.756418863932293,14.533735275268555,1.5835557726566647,47.051703662545584,,,0.0,-1,-1,0,176,delayed
26,1712,6,9.083769434528923,5.630256096522014,-20.989276727040608,1.8857201297809187,56.02981989582619,,,0.0,-1,-1,0,176,delayed
26,1736,8,-41.00064319831445,-12.557226464152336,-20.715248823165894,3.953322937416207,117.4638636324059,,,0.0,-1,-1,0,176,delayed
26,2096,7,8.63319678148368,17.977494921003068,11.446069989885602,2.634744943464292,78.28536288197435,,,0.0,-1,-1,0,176,delayed
26,2490,7,-4.109077560508021,11.057287897382464,1.940505027770996,2.5427507185201734,75.55196688451319,,,0.0,-1,-1,0,176,delayed
26,2528,6,16.911234808548745,35.435049057006836,12.136603991190592,2.1927759161596754,65.15327365604657,,,0.0,-1,-1,0,176,delayed
26,2656,7,-25.429268707454423,1.7894360678536552,3.5334320068359375,1.8274060472745706,54.297151570012296,,,0.0,-1,-1,0,176,delayed
26,2936,7,30.43750414699781,-53.3030150277274,-44.93338557652065,2.3176247651562716,68.86286895229723,,,0.0,-1,-1,0,176,delayed
26,3352,6,-28.04950499504213,-3.085325082143148,18.74918325742086,1.1740836018296765,34.88518349793634,,,0.0,-1,-1,0,176,delayed
26,3626,6,-39.331974390668414,0.25403102238973013,35.73085689544678,2.2521721692402576,66.91809618195266,,,0.0,-1,-1,0,176,delayed
26,3904,7,-2.3268037939942205,27.823349680219376,48.48058482578823,2.115974394663144,62.87129376453636,,,0.0,-1,-1,0,176,delayed
26,4016,7,-39.939385633196345,0.8194983346121659,-0.6274020331246513,3.0960525707772413,91.99205395808772,,,0.0,-1,-1,0,176,delayed
26,4538,11,-27.77265890560907,13.949465058066629,8.58726488460194,3.411990536891335,101.3794211819201,,,0.0,-1,-1,0,176,delayed
26,5514,6,3.8820402857718412,18.742887496948242,32.30206616719564,2.0144074601624475,59.85346680412398,,,0.0,-1,-1,0,176,delayed
26,5600,7,-29.346607861981617,-12.597310202462333,-22.90051133292062,1.5623956754676913,46.422980229119595,,,0.0,-1,-1,0,176,delayed
27,26,7,21.232067959831678,43.61155673435756,-1.1501570429120744,3.693486503498881,109.7434239102861,,,0.0,-1,-1,0,176,delayed
27,522,7,-19.97781523312164,-5.352471760341099,-44.42664234978812,3.1213636302035273,92.74411365063187,,,0.0,-1,-1,0,176,delayed
27,876,6,6.015048059586445,-16.3642315864563,27.344676812489826,2.8108698430500163,83.51850763506404,,,0.0,-1,-1,0,176,delayed
27,1302,7,-23.973024581598104,36.7705283164978,-3.817214012145996,2.701987346145071,80.28331562801858,,,0.0,-1,-1,0,176,delayed
27,1778,10,10.89280730733689,16.05662245750427,20.146105098724366,4.493238663266175,133.5062128657529,,,0.0,-1,-1,0,176,delayed
27,2676,7,-9.508862205282847,40.85218375069754,-0.9970194952828534,2.595172426820226,77.10955691513178,,,0.0,-1,-1,0,176,delayed
27,2716,6,3.132180915969355,31.62920029958089,-38.451300462087,2.725242110420084,80.97427725772779,,,0.0,-1,-1,0,176,delayed
27,3358,6,33.396703766260714,4.91896931330363,-16.659831047058105,2.2673050394640213,67.36773448180097,,,0.0,-1,-1,0,176,delayed
27,3568,10,-9.744673994581941,41.79876365661621,14.885513281822204,3.149353354886035,93.57576369674814,,,0.0,-1,-1,0,176,delayed
27,3732,6,18.592711495604885,-33.3289000193278,30.913500785827637,1.9491826495430886,57.91546214795763,,,0.0,-1,-1,0,176,delayed
27,4126,6,-37.20643039352557,-20.391781042019527,6.720281600952151,1.3837805198585782,41.11584326781121,,,0.0,-1,-1,0,176,delayed
27,4402,6,20.817620439812192,-48.52920579910278,10.872744083404541,2.1718551651142013,64.53166184067103,,,0.0,-1,-1,0,176,delayed
27,5100,8,-40.81314997727111,-8.819503128528595,15.619612455368042,2.2459738841147683,66.73392845008223,,,0.0,-1,-1,0,176,delayed
27,5382,6,13.32453823197545,-3.186937173207602,17.15256690979004,1.6894426639355906,50.197888164683995,,,0.0,-1,-1,0,176,delayed
27,5918,6,-31.75807777617493,12.15655012925466,47.53176180521647,2.083192832083662,61.8972653187322,,,0.0,-1,-1,0,176,delayed
28,122,10,-24.603353245676097,-14.01421103477478,15.29830617904663,4.6075240771761745,136.90194007732018,,,0.0,-1,-1,0,176,delayed
28,428,12,-24.827095086822386,6.602503299713135,26.445594827334087,4.0913901557857075,121.56621225593126,,,0.0,-1,-1,0,176,delayed
28,640,8,5.167771074062733,-4.981322318315505,28.643384635448456,3.4057388976476477,101.19366815561169,,,0.0,-1,-1,0,176,delayed
28,832,13,-19.318922433818503,-14.026788853682005,2.814997746394231,3.5927914899197515,106.75150406696243,,,0.0,-1,-1,0,176,delayed
28,966,7,-6.464643673522032,-34.6802146094186,-2.5370428902762288,1.8182060473087915,54.02379481203778,,,0.0,-1,-1,0,176,delayed
28,2226,7,-20.354424777626843,-21.679092407226562,9.423057283673968,2.2182975863513583,65.91159116122525,,,0.0,-1,-1,0,176,delayed
28,2428,11,-19.17213398811243,0.773430889303034,-10.84274417703802,4.467230198898857,132.73343139555823,,,0.0,-1,-1,0,176,delayed
28,2584,7,2.0170415661556986,18.927637372698104,-7.735116686139787,1.4911557375332025,44.30624995254193,,,0.0,-1,-1,0,176,delayed
28,2960,6,-16.7395562029773,3.5148684183756522,0.2817436854044608,1.5869430482068585,47.15234873495987,,,0.0,-1,-1,0,176,delayed
28,3430,8,-8.069977351680135,1.0703953504562378,-16.408160865306854,2.1343662277923388,63.41776462280875,,,0.0,-1,-1,0,176,delayed
28,3454,6,-1.2420988851333927,25.703344027201336,5.804297924041745,6.934322667971956,206.03738807791825,,,0.0,-1,-1,0,176,delayed
28,3736,6,-17.209637830143503,-8.115142822265625,46.92670567830404,2.2233456255118793,66.06158198994059,,,0.0,-1,-1,0,176,delayed
28,3784,8,2.4252660985738146,19.44031858444214,21.20588755607605,1.9913007961479923,59.1669056317226,,,0.0,-1,-1,0,176,delayed
28,3850,8,-12.365443392584679,25.502428233623505,16.799599707126617,2.4856127495577027,73.85424405723847,,,0.0,-1,-1,0,176,delayed
28,3922,8,-1.1404207691340762,18.07894253730774,8.87618601322174,2.2939504178057355,68.1594403802345,,,0.0,-1,-1,0,176,delayed
28,3996,6,-54.723918587033666,-44.552462895711265,23.283324877421062,1.100349962679181,32.6943586471956,,,0.0,-1,-1,0,176,delayed
28,4074,6,-25.408247992146112,16.90924326578776,-2.7189733187357583,1.8532631754427698,55.065436434456004,,,0.0,-1,-1,0,176,delayed
28,4502,6,-26.24416853832845,35.18563683827718,8.367703755696613,1.6388339697732528,48.694167663270996,,,0.0,-1,-1,0,176,delayed
28,4860,6,-27.185631755611215,6.706424395243328,34.74853324890137,2.1774449006379553,64.69774792614842,,,0.0,-1,-1,0,176,delayed
28,5628,8,-13.885055517927126,17.985412687063217,7.348534822463989,1.6975676221894154,50.4393025402498,,,0.0,-1,-1,0,176,delayed
29,180,8,18.873281741660556,-17.001618146896362,21.39294672012329,3.726892805574009,110.73601504780153,,,0.0,-1,-1,0,176,delayed
29,776,10,30.631769839888875,14.532435035705566,32.40258522033692,4.3882865186413875,130.3878022022942,,,0.0,-1,-1,0,176,delayed
29,1062,6,9.911263971112227,32.32663114865621,16.119643688201904,1.703250269752406,50.60814929245729,,,0.0,-1,-1,0,176,delayed
29,1504,7,14.201240782123605,-12.573556900024414,4.557356970650809,3.146151915398217,93.48064031386808,,,0.0,-1,-1,0,176,delayed
29,3428,6,-21.480501589236535,19.657399654388428,26.581112543741863,2.2592341949810484,67.12792797199788,,,0.0,-1,-1,0,176,delayed
29,3596,9,1.9161664496946793,13.683816697862413,-1.8008224699232314,3.560852504518463,105.80251085666164,,,0.0,-1,-1,0,176,delayed
29,3644,11,-6.884804248473884,-17.11120891571045,-15.480809125033291,2.9813377592847297,88.58356818875153,,,0.0,-1,-1,0,176,delayed
29,3956,10,-27.44739736439005,12.268324279785157,10.799561023712158,3.8712354973171754,115.02482487377924,,,0.0,-1,-1,0,176,delayed
29,4796,7,-16.541183991681176,-22.24917766026088,4.6115215846470425,1.784264052447782,53.015286800200215,,,0.0,-1,-1,0,176,delayed
29,5514,8,-14.517260949676512,36.18213331699371,-37.731826424598694,2.7081710830521013,80.4670510931665,,,0.0,-1,-1,0,176,delayed
29,5544,6,19.986548105093675,2.674255927403768,7.062068939208984,1.0810015368287864,32.1194648447991,,,0.0,-1,-1,0,176,delayed
29,5642,6,-18.96128590730869,29.70780038833618,-49.306833267211914,2.516931714437251,74.7848147892424,,,0.0,-1,-1,0,176,delayed
30,181,8,8.929767207746293,32.2019248008728,-37.601449966430664,3.445325217949554,102.36988426627704,,,0.0,-1,-1,0,176,delayed
30,411,7,32.525790214504035,25.052100317818777,-24.46032796587263,2.3093709718059565,68.61762653929438,,,0.0,-1,-1,0,176,delayed
30,519,8,-15.177139272865862,8.774470508098602,41.23525142669678,2.9645360357060184,88.08434376451844,,,0.0,-1,-1,0,176,delayed
30,1309,7,15.105226857070063,-2.9335658890860423,9.74499123437064,2.8256426455618615,83.95744735417892,,,0.0,-1,-1,0,176,delayed
30,1533,7,-12.482419431915954,-22.969703946794784,7.025207519531251,2.825517215757131,83.95372049712434,,,0.0,-1,-1,0,176,delayed
30,1661,6,-7.613687999067632,-0.018475214640297704,1.4857667287190754,2.351023857894617,69.85524588101514,,,0.0,-1,-1,0,176,delayed
30,1787,9,-17.639339485217334,4.01523314581977,-24.065432866414387,3.466250000795105,102.99161587728324,,,0.0,-1,-1,0,176,delayed
30,1873,389,-28.623383934492757,-24.12590412906632,50.59733015712552,145.80001007434493,4332.110675524407,,,0.0,-1,-1,0,176,delayed
30,1971,7,-8.276668638258453,-20.53892149244036,-2.8537570408412387,1.8312389900726007,54.41103861573717,,,0.0,-1,-1,0,176,delayed
30,2111,6,11.557797485058037,-11.50992520650228,25.952962080637615,1.7333043254681293,51.50113616908715,,,0.0,-1,-1,0,176,delayed
30,2617,13,7.10349712220384,-8.599401584038368,29.702613757206844,4.60720338474944,136.89241144227614,,,0.0,-1,-1,0,176,delayed
30,2649,6,10.724109585131567,-0.9329878489176432,-9.781042098999023,2.462939721484857,73.18056737566106,,,0.0,-1,-1,0,176,delayed
30,3315,8,5.709668161911791,12.23160457611084,-5.372761011123657,2.1918628817483508,65.12614494653275,,,0.0,-1,-1,0,176,delayed
30,3565,6,-6.704980497568292,28.844094276428223,14.429181178410849,1.4067646013610149,41.79876218388713,,,0.0,-1,-1,0,176,delayed
30,4063,8,-32.16800481379812,29.84636163711548,7.510087490081787,2.1302133261102787,63.294370737567704,,,0.0,-1,-1,0,176,delayed
30,5131,7,-31.28477694986474,-23.13597869873047,31.995606967381068,1.8316794053958747,54.42412454023501,,,0.0,-1,-1,0,176,delayed
30,5569,6,44.65296417877704,28.968798955281574,32.3759671052297,2.1780085159966043,64.71449445525255,,,0.0,-1,-1,0,176,delayed
31,512,6,-34.7808144032001,42.55716196695963,18.747712930043537,1.527588791319892,45.38877402898605,,,0.0,-1,-1,0,176,delayed
31,724,12,-13.509201401622148,21.590346654256184,17.017990668614704,4.0874366860569795,121.44874403073393,,,0.0,-1,-1,0,176,delayed
31,910,9,24.5283075010932,-0.25249163309733075,28.302366786532932,3.21628121608038,95.56437056873804,,,0.0,-1,-1,0,176,delayed
31,1062,6,-36.977560348821164,-43.32387479146322,44.42796325683594,2.197037302044476,65.27989089890313,,,0.0,-1,-1,0,176,delayed
31,1568,7,6.841800429357568,21.849327087402344,-16.853966304234095,2.401776663825855,71.36324833091497,,,0.0,-1,-1,0,176,delayed
31,1606,10,-20.94109125161416,12.595331192016602,44.77067413330078,2.3451075123466762,69.67945533274799,,,0.0,-1,-1,0,176,delayed
31,1816,8,14.363692343878949,37.983444690704346,21.815717220306396,2.0023135222374626,59.49412336123093,,,0.0,-1,-1,0,176,delayed
31,1928,9,1.6814886746329978,2.454094992743598,28.638976732889812,3.5751764588170802,106.22811408742358,,,0.0,-1,-1,0,176,delayed
31,2122,8,-0.9348775120567119,20.583459615707397,3.6730091571807852,2.7093620542944183,80.50243805391126,,,0.0,-1,-1,0,176,delayed
31,2278,6,-23.53019931866616,-5.8380997975667315,-39.26420021057129,2.3077394901895225,68.56915082983542,,,0.0,-1,-1,0,176,delayed
31,2572,7,-4.055089351179291,-2.102191380092076,29.570044653756277,1.5349353840554598,45.60706107027126,,,0.0,-1,-1,0,176,delayed
31,2622,9,-38.943316395121556,10.416820949978298,-15.546359697977701,3.10340476999097,92.21050758292722,,,0.0,-1,-1,0,176,delayed
31,3138,6,14.390508858332865,-3.842800140380858,-18.20270045598348,2.6764619603234787,79.5248877214758,,,0.0,-1,-1,0,176,delayed
31,3222,8,39.05735116559586,-50.49217441678047,-16.92792522907257,3.0316185132972335,90.07754470576215,,,0.0,-1,-1,0,176,delayed
31,3238,6,-10.996378362167114,-2.835912356774012,35.3382625579834,1.4585789098893363,43.33830473265648,,,0.0,-1,-1,0,176,delayed
31,3558,7,5.882737219372154,5.142648696899414,-2.707275935581752,1.9720508530877825,58.59493801805887,,,0.0,-1,-1,0,176,delayed
31,3600,10,-38.28506396949132,9.272602558135986,47.15672054290771,3.299890185280116,98.04861805167769,,,0.0,-1,-1,0,176,delayed
31,3712,7,-7.314577477524829,10.831628254481723,50.37295395987375,3.018305790938404,89.68198789735337,,,0.0,-1,-1,0,176,delayed
31,3876,7,-50.79903776693883,-31.730812072753906,21.722187450953893,2.248021009135524,66.79475404366093,,,0.0,-1,-1,0,176,delayed
31,3956,8,-15.647494917712443,-25.8592267036438,31.502338469028473,2.650611933205128,78.75681384833342,,,0.0,-1,-1,0,176,delayed
31,4488,7,-15.946379696825655,-8.17122847693307,2.6741675649370467,1.7860613762524573,53.06869012738544,,,0.0,-1,-1,0,176,delayed
31,4788,6,-20.759955703869185,-5.916618665059407,5.547118504842122,7.871279410493429,233.87689443125885,,,0.0,-1,-1,0,176,delayed
31,5572,6,9.72545492871582,-30.08653736114502,-6.141466776529946,1.7683852105847935,52.543483675395635,,,0.0,-1,-1,0,176,delayed
31,5828,6,-58.290200985580896,-0.8175185124079386,26.26388994852702,3.0571878946345925,90.83727983747885,0.35577431321144104,93.62176513671875,93.62176513671875,6,14,1,176,delayed
31,5838,9,-14.327933159952162,10.010370890299479,-10.301421377393934,4.010595057444084,119.16557244886049,,,0.0,-1,-1,0,176,delayed
32,24,6,-7.469608717414453,-16.69216235478719,21.40181605021159,1.6991151177222656,50.48528279714256,,,0.0,-1,-1,0,176,delayed
32,186,9,20.3275782316821,46.2152126232783,34.05117077297635,3.5693403319088053,106.05470705082487,,,0.0,-1,-1,0,176,delayed
32,500,7,25.94425037820224,19.4343809400286,26.087448120117188,2.649534940228759,78.72481348860771,,,0.0,-1,-1,0,176,delayed
32,508,7,-23.24359808734608,29.945335115705216,29.17019271850586,2.5198269630455643,74.87084041707313,,,0.0,-1,-1,0,176,delayed
32,906,7,-21.589446202384643,7.9020216805594305,20.240110533578054,2.862402614874004,85.04968497067759,,,0.0,-1,-1,0,176,delayed
32,1250,6,-15.496112165964567,14.738431692123413,17.914660453796387,1.2488383666838958,37.1063487413828,,,0.0,-1,-1,0,176,delayed
32,1440,8,31.308603822036215,-14.68416142463684,12.790576577186584,2.5447723115638494,75.61203385434132,,,0.0,-1,-1,0,176,delayed
32,1556,7,-20.151788869118043,-16.195977074759348,-17.66410936628069,3.3648064994619067,99.9774564484599,,,0.0,-1,-1,0,176,delayed
32,1632,9,-1.6639360675732242,8.575479401482475,8.343071513705784,3.8555562980531293,114.5589536678663,,,0.0,-1,-1,0,176,delayed
32,1648,6,-41.80774615133617,-1.616562287012736,37.379749615987144,1.1868070339749308,35.26323090820511,,,0.0,-1,-1,0,176,delayed
32,1666,8,-46.39799426229665,-1.260919094085697,8.766593873500824,3.6053461674858545,107.1245373245332,,,0.0,-1,-1,0,176,delayed
32,1668,8,-0.1363523522851029,-0.8452311754226685,23.366359889507294,3.1872918686611507,94.70301904093434,,,0.0,-1,-1,0,176,delayed
32,2214,6,-13.58175952818774,2.581880569458009,5.711922804514569,1.6215216956367886,48.17977340797609,,,0.0,-1,-1,0,176,delayed
32,2416,6,-26.828617404453396,27.675550937652588,16.04112482070923,1.4453083131053472,42.94399958844434,,,0.0,-1,-1,0,176,delayed
32,2468,10,-45.51699371365024,31.800094223022462,-1.8615214347839355,3.5223305669263345,104.6579204207649,,,0.0,-1,-1,0,176,delayed
32,2662,7,-9.346189006319216,24.929373741149902,-18.090412821088517,2.1417128635259384,63.6360529416812,,,0.0,-1,-1,0,176,delayed
32,2956,7,0.15944240672541657,-1.2628981726510193,29.830072947910853,2.272420013340902,67.51971412107373,,,0.0,-1,-1,0,176,delayed
32,3216,12,11.205446841045278,5.413175503412883,-15.074129740397135,4.277411992823803,127.09342165531658,,,0.0,-1,-1,0,176,delayed
32,3218,7,-16.769248631988933,27.40370355333601,12.248471328190394,1.475799794773475,43.84998356731852,,,0.0,-1,-1,0,176,delayed
32,3336,8,-55.481774994057815,-32.880880892276764,31.317641139030457,2.4356262005060003,72.3690091613761,,,0.0,-1,-1,0,176,delayed
32,3454,6,-24.29871351704888,-49.656181971232094,39.34418932596842,2.3608142459084838,70.14614465674754,,,0.0,-1,-1,0,176,delayed
32,3472,7,15.196794334558266,9.57268932887486,-7.564882550920759,2.6328473208262424,78.22897940652591,,,0.0,-1,-1,0,176,delayed
32,3478,6,-24.93022929149812,32.7885065873464,23.769763628641766,1.7971784407929499,53.39900803306873,,,0.0,-1,-1,0,176,delayed
32,3488,9,-15.975431405893817,-19.68203356530931,14.01601399315728,3.2903267905351314,97.76446385684686,,,0.0,-1,-1,0,176,delayed
32,3702,10,1.0283993765933803,7.87866370677948,11.403693199157715,3.5169494229361686,104.49803215111085,,,0.0,-1,-1,0,176,delayed
32,4846,6,11.556008585990426,-37.051612536112465,-12.69085419178009,2.2405822641988458,66.57372891248122,,,0.0,-1,-1,0,176,delayed
32,5238,8,-3.184623783203339,16.007432520389557,33.28397059440613,2.225279904213928,66.11905461569908,,,0.0,-1,-1,0,176,delayed
32,5274,6,-17.502794082015146,18.909162839253742,1.6719874540964768,1.6527414828758695,49.1073973053754,,,0.0,-1,-1,0,176,delayed
32,5592,9,29.210999202525564,6.383112748463948,-34.15068456861708,3.5387252003172667,105.14504909996012,,,0.0,-1,-1,0,176,delayed
33,364,8,-29.867117673893254,3.4709904193878174,19.049034774303436,2.5718870439832875,76.41768552554726,,,0.0,-1,-1,0,176,delayed
33,422,11,-8.167336725122286,2.2623478282581675,29.531159487637606,3.0118450544096764,89.4900220279849,,,0.0,-1,-1,0,176,delayed
33,494,8,-16.605011434397497,-45.54549264907837,22.73369336128235,2.8147219362296205,83.63296369016285,,,0.0,-1,-1,0,176,delayed
33,1084,6,12.16496791401567,13.814681688944498,19.568172693252563,1.5237367995003805,45.274320985568366,,,0.0,-1,-1,0,176,delayed
33,1278,8,5.9950340430968705,32.42016100883484,25.683818101882935,3.8848395154171076,115.42903686258973,,,0.0,-1,-1,0,176,delayed
33,1454,10,-8.636664015479036,-0.8008908271789551,29.05945167541504,3.6262727796871554,107.74632329062186,,,0.0,-1,-1,0,176,delayed
33,1606,6,43.36921027145116,44.00283145904541,-24.927393198013306,2.535862489717064,75.34729906920793,,,0.0,-1,-1,0,176,delayed
33,1734,6,-15.361684118310057,-22.243900299072266,27.2924002011617,1.265028746589001,37.587408499828214,,,0.0,-1,-1,0,176,delayed
33,2004,11,6.6091187801816265,8.968772367997603,-20.661554553292014,4.498522865481954,133.66322073440077,,,0.0,-1,-1,0,176,delayed
33,2120,11,-14.445683526314669,22.0213605707342,-14.603171521967107,5.366362692438077,159.44907751921735,,,0.0,-1,-1,0,176,delayed
33,2354,7,-27.068989409652264,-31.857498168945312,-7.410484313964844,2.6673981541109497,79.25557764643428,,,0.0,-1,-1,0,176,delayed
33,2732,6,12.230569723440473,3.570294141769408,27.130743900934856,2.1538185457794055,63.995745340179724,,,0.0,-1,-1,0,176,delayed
33,3518,10,4.589038638196412,28.568816566467284,11.644034051895142,3.627855226818835,107.7933420535774,,,0.0,-1,-1,0,176,delayed
33,4056,9,-6.967705980508026,-32.472891595628525,45.60728348626031,3.6562237826672916,108.63624819314244,,,0.0,-1,-1,0,176,delayed
33,4710,6,-55.66137589830016,7.95810604095459,-16.518327077229817,1.8354603300196068,54.53646598601044,,,0.0,-1,-1,0,176,delayed
33,4730,12,-4.239615105043222,-4.046024759610494,13.212772369384766,4.07647125114837,121.12293144947878,,,0.0,-1,-1,0,176,delayed
33,5036,7,-30.367551412847536,18.373387336730957,31.754112788609095,2.4493246738394103,72.77602766937066,,,0.0,-1,-1,0,176,delayed
33,5574,7,24.925993156719414,-25.875557490757533,25.347128459385463,3.6190191744718003,107.53079915880969,,,0.0,-1,-1,0,176,delayed
34,148,6,18.208292486559248,-18.28563165664673,8.066014687220255,2.818555728843671,83.74687598620869,,,0.0,-1,-1,0,176,delayed
34,486,12,-24.073443864944156,-36.0678186416626,15.837899923324585,4.344302038462662,129.08090492538403,,,0.0,-1,-1,0,176,delayed
34,894,6,11.796866799121892,41.23620065053304,-31.794004599253338,2.28199145969762,67.80410755095761,,,0.0,-1,-1,0,176,delayed
34,1092,6,-31.044123812410035,-2.7804874579111725,1.6982297897338867,1.535008551221934,45.6092350636943,,,0.0,-1,-1,0,176,delayed
34,1566,6,18.08943040546699,45.406930923461914,49.35616906483968,1.9289739039642662,57.31500593114164,,,0.0,-1,-1,0,176,delayed
34,1710,7,-15.10362945339719,-21.010033743722097,-30.58352988106864,2.045540700709872,60.77851916640019,,,0.0,-1,-1,0,176,delayed
34,1828,7,17.920227761197967,-30.43624292101179,-0.7567858695983892,3.210429608881239,95.39050357103723,,,0.0,-1,-1,0,176,delayed
34,1966,7,-16.66131094669916,20.578511101858957,7.8236494745527,2.248911287481381,66.82120660922871,,,0.0,-1,-1,0,176,delayed
34,2060,8,-32.13538798115631,8.961529582738876,47.20146942138672,3.7195567866129298,110.51804218181243,,,0.0,-1,-1,0,176,delayed
34,2704,7,40.37573640052928,-31.639757701328822,27.000699179513113,3.4463563111257347,102.40052081941387,,,0.0,-1,-1,0,176,delayed
34,2830,8,-12.73191751826512,-41.170382499694824,11.161364197731018,2.1534050729855148,63.98345995073744,,,0.0,-1,-1,0,176,delayed
34,2854,8,-48.315045023485766,16.208348497748375,23.32242876291275,2.701513099363316,80.26922447984222,,,0.0,-1,-1,0,176,delayed
34,3418,8,-29.847849800865042,29.264400362968445,22.016477704048157,2.6824546110479712,79.70294550189041,,,0.0,-1,-1,0,176,delayed
34,3486,6,-41.90706590947166,-38.53885014851888,12.173553784688314,2.0149122861603925,59.86846654310798,,,0.0,-1,-1,0,176,delayed
34,3664,6,-16.87791541809734,3.468681017557781,32.351402282714844,1.603619430603395,47.647848935353046,,,0.0,-1,-1,0,176,delayed
34,3886,10,-35.74863918014894,28.042278671264647,52.8848934173584,3.3762097663233193,100.31627819532393,,,0.0,-1,-1,0,176,delayed
34,4042,11,29.15188887932558,0.425764647397128,-14.197673819281839,3.533414373583371,104.9872501452273,,,0.0,-1,-1,0,176,delayed
34,4100,6,-19.850849644110557,-11.648487448692322,6.818745295206704,1.8249803731447625,54.22507826365433,,,0.0,-1,-1,0,176,delayed
34,4164,10,6.813871215432687,-9.031503295898437,-8.037631130218506,3.408317998464837,101.27030018175284,,,0.0,-1,-1,0,176,delayed
34,4580,7,2.672270326569163,14.311526571001325,1.6529408182416634,2.1782270978617415,64.72098911071214,,,0.0,-1,-1,0,176,delayed
34,4588,9,4.850011393022861,-5.524024645487469,39.27133867475722,3.967576162814603,117.88736531719702,,,0.0,-1,-1,0,176,delayed
34,4922,7,-28.430535312289567,-23.393308190362795,-26.972987038748606,2.087486506310765,62.024841935132805,,,0.0,-1,-1,0,176,delayed
34,5736,6,-2.5609158930493128,-14.604487548271814,-18.704466819763184,2.6774880878068736,79.55537673051633,,,0.0,-1,-1,0,176,delayed
35,706,8,26.965266368883373,12.564154863357544,-2.2689608931541443,3.9009810488155994,115.9086452598682,,,0.0,-1,-1,0,176,delayed
35,1200,14,-31.381108561649114,21.752333164215088,4.667034881455558,3.3862921422119174,100.6158527166108,,,0.0,-1,-1,0,176,delayed
35,1262,6,-23.584759553283984,20.22550555070241,1.8676520983378095,1.7349915985324642,51.55126959260888,,,0.0,-1,-1,0,176,delayed
35,1354,10,-37.56325542595939,53.64308662414551,13.339156436920167,4.0331831147648565,119.83672442072096,,,0.0,-1,-1,0,176,delayed
35,1448,7,-25.823073230841715,31.255741459982737,29.228316170828684,1.9385726222840116,57.600209684441225,,,0.0,-1,-1,0,176,delayed
35,1514,6,-28.86143356506319,13.034112294514975,13.93791667620341,1.953470806802201,58.042874840391974,,,0.0,-1,-1,0,176,delayed
35,1518,10,50.24811662275838,12.56761884689331,15.528196620941163,4.072469926536369,121.00404132691257,,,0.0,-1,-1,0,176,delayed
35,1670,11,-25.383326024795902,36.98610999367454,-2.1476624228737573,3.908961759555273,116.14577365359042,,,0.0,-1,-1,0,176,delayed
35,1686,9,-17.04420762671812,-30.767032941182453,9.025527636210123,3.213094221465441,95.46967638190516,,,0.0,-1,-1,0,176,delayed
35,1738,6,4.169875029369642,19.04772520065308,34.3775626818339,2.151939860825695,63.93992455429799,,,0.0,-1,-1,0,176,delayed
35,1840,12,-17.01939390935345,17.72676259279251,28.679495414098103,3.2249286522611507,95.82130916960324,,,0.0,-1,-1,0,176,delayed
35,2022,6,-1.4802511551989561,34.02633126576742,-6.193742752075194,2.5175278100634513,74.80252639450622,,,0.0,-1,-1,0,176,delayed
35,2700,6,5.817678956644056,-22.220805803934734,27.429285049438477,1.8304285097587376,54.386957064451956,,,0.0,-1,-1,0,176,delayed
35,3030,9,-35.70524871226449,-5.973583857218425,16.099491543240017,3.119630261175763,92.69261059198345,,,0.0,-1,-1,0,176,delayed
35,3090,9,7.274264093093218,-44.463166024949814,0.287833743625217,3.5797558924540778,106.36418138492633,,,0.0,-1,-1,0,176,delayed
35,3282,7,9.897763814498882,-0.7799094063895089,5.993187495640346,2.9026554820009465,86.24570598132206,,,0.0,-1,-1,0,176,delayed
35,3342,7,-20.54103209969918,47.526937757219585,31.144437517438615,3.719192767555443,110.50722619596834,,,0.0,-1,-1,0,176,delayed
35,4204,6,32.84192175390121,23.574099858601887,-43.838232596715294,2.419252253167469,71.8824951204679,,,0.0,-1,-1,0,176,delayed
35,4210,6,-23.95015472511186,-20.02228176593781,14.883289019266762,1.736145304527559,51.585549302570605,,,0.0,-1,-1,0,176,delayed
35,4472,6,50.044523915254,43.157599767049156,35.19969940185547,2.352430449448825,69.89703950150238,,,0.0,-1,-1,0,176,delayed
35,5832,10,-28.352035695372553,-10.120605313777924,-5.562022686004638,3.790441145233056,112.62420724002725,,,0.0,-1,-1,0,176,delayed
36,362,6,-19.873526018014267,0.8128999869028727,-6.9850209554036455,2.9679486930986565,88.18574299977922,,,0.0,-1,-1,0,176,delayed
36,392,7,-8.480735093842592,35.503670828683035,-38.28238541739328,2.989477097358215,88.8254098274583,,,0.0,-1,-1,0,176,delayed
36,742,6,17.741788657528264,12.96483071645101,-1.1038808822631836,2.549054781511823,75.73927756145609,,,0.0,-1,-1,0,176,delayed
36,1424,9,-27.568928267057665,24.64257091946072,-11.761925591362846,2.96178046645191,88.00246838620548,,,0.0,-1,-1,0,176,delayed
36,1500,7,-9.74996621464655,22.237301553998673,47.21768842424665,2.2143432110421792,65.79409602879562,,,0.0,-1,-1,0,176,delayed
36,1660,11,-28.021310257872685,-37.14482723582875,-29.807482025840066,4.18521712939498,124.35406414851764,,,0.0,-1,-1,0,176,delayed
36,2348,6,-6.988012218631248,-1.2932497660319011,0.5542502403259283,2.1735323443598684,64.5814953496757,,,0.0,-1,-1,0,176,delayed
36,2710,7,-12.330705048619988,38.46099008832659,-5.343923841203962,1.5903101622793443,47.25239475561302,,,0.0,-1,-1,0,176,delayed
36,2740,8,-11.887849322239099,-15.924295246601105,-26.320101976394653,2.6909502049147416,79.95537245896944,,,0.0,-1,-1,0,176,delayed
36,2972,6,29.218447916221006,-1.7597436904907227,15.309685071309408,1.6432595019055407,48.82566213288993,,,0.0,-1,-1,0,176,delayed
36,2980,6,-15.338729113626778,3.607243448495865,15.215839703877768,1.5316356473048371,45.50901701117618,,,0.0,-1,-1,0,176,delayed
36,3326,7,2.7391951099712313,42.14675385611398,47.958007540021626,3.273585821733543,97.26704462054502,,,0.0,-1,-1,0,176,delayed
36,3480,10,-20.883023892727188,-4.675098657608032,14.055903244018555,3.20845395328907,95.33180152652001,,,0.0,-1,-1,0,176,delayed
36,3538,7,-33.04315532663753,-1.583570957183838,12.067621231079102,1.6995463712313448,50.49809649948447,,,0.0,-1,-1,0,176,delayed
36,3742,9,14.03170253270798,20.695079273647732,27.918451415167915,3.2894167764036943,97.73742488797664,,,0.0,-1,-1,0,176,delayed
36,3896,9,-20.22239049128405,6.891175376044379,-7.4849634700351295,3.87820944934758,115.23203975686536,,,0.0,-1,-1,0,176,delayed
36,3962,8,-0.27708470007984154,-8.861071959137917,-18.835365772247314,2.766243536848722,82.1925399797445,,,0.0,-1,-1,0,176,delayed
36,4070,12,-30.049497656475037,3.399400075276693,20.915377457936604,4.716131540181986,140.1289600870526,,,0.0,-1,-1,0,176,delayed
36,4324,6,-32.64283849044195,28.086618105570476,15.012614568074545,1.9925362612897277,59.2036146259608,,,0.0,-1,-1,0,176,delayed
36,4346,11,-13.259261775480839,7.895542838356712,5.494231960990212,4.875577344190084,144.86652402383726,,,0.0,-1,-1,0,176,delayed
36,4370,6,-13.802083635813418,19.66201949119568,7.086839516957601,1.208077454411425,35.89523234221628,,,0.0,-1,-1,0,176,delayed
36,4660,14,-22.682217450823902,-17.047146583242075,18.4454550913402,4.7058343056353,139.8230015368074,0.29112011194229126,110.0819320678711,110.0819320678711,5,10,1,176,delayed
36,4954,7,16.95442540698593,8.266242640359062,11.981785637991768,3.0123812405410955,89.50595356093064,,,0.0,-1,-1,0,176,delayed
36,5334,9,-11.553337981979585,34.77302911546495,21.636951128641766,2.3332174043940768,69.32616822688064,,,0.0,-1,-1,0,176,delayed
36,5620,9,22.59689582914535,40.71890004475912,9.565500047471788,5.360636476846653,159.27893624363503,,,0.0,-1,-1,0,176,delayed
37,160,12,-14.119904439786024,40.014541029930115,16.18808654944102,5.500057396174041,163.4215069656921,,,0.0,-1,-1,0,176,delayed
37,370,6,-3.224435455692374,19.07081874211629,-7.317776997884114,2.391725275252179,71.06459452614732,,,0.0,-1,-1,0,176,delayed
37,380,7,-23.813482128365287,-12.225171685218811,25.20586715425764,2.5550150584059814,75.91637342824717,,,0.0,-1,-1,0,176,delayed
37,382,7,-45.52771662508146,-10.83558818272182,17.897862706865585,2.320695509248206,68.95410902323887,,,0.0,-1,-1,0,176,delayed
37,684,8,-25.034156702865612,16.180635690689087,2.0253732204437256,3.035907916404873,90.20499441570908,,,0.0,-1,-1,0,176,delayed
37,692,7,19.84247105762724,23.456651960100448,27.24219458443778,3.63200024843933,107.91650180098256,,,0.0,-1,-1,0,176,delayed
37,830,10,-37.89722508617304,-19.833836126327515,-1.2332067489624023,2.851358988455336,84.72154910922995,,,0.0,-1,-1,0,176,delayed
37,1072,6,-28.641064268508543,-3.219268798828125,27.26006825764974,1.158737615984301,34.429212959434324,,,0.0,-1,-1,0,176,delayed
37,1170,6,-1.772460813450546,-3.9351744651794447,33.02888711293539,1.0092853428605464,29.98858371976097,,,0.0,-1,-1,0,176,delayed
37,1420,10,-24.967344411607275,30.12071576118469,23.633343410491943,3.4989951663074756,103.96456286827194,,,0.0,-1,-1,0,176,delayed
37,1422,7,-25.846221316237592,24.90166105542864,26.44518906729562,1.8244475857182927,54.20924771537921,,,0.0,-1,-1,0,176,delayed
37,1430,6,1.5522114443756128,34.32193120320638,50.94501876831055,2.136070071520956,63.468390405361184,,,0.0,-1,-1,0,176,delayed
37,1806,7,-32.81846025844309,29.49401719229562,16.92918607166835,2.6477605277940093,78.67209091988195,,,0.0,-1,-1,0,176,delayed
37,2104,13,-22.761154088133043,3.7880859375,27.661868462195763,6.178143475497877,183.56926924407188,,,0.0,-1,-1,0,176,delayed
37,2518,7,-25.71012983639807,19.99258940560477,39.881792885916575,1.7953247736344546,53.343930593210594,,,0.0,-1,-1,0,176,delayed
37,2716,7,-4.689553467582567,23.575420243399485,9.152412959507533,2.938631011450184,87.31463577841338,,,0.0,-1,-1,0,176,delayed
37,3490,8,-29.310354870741946,17.095148026943207,13.430170774459839,2.782570499481231,82.67765797859175,,,0.0,-1,-1,0,176,delayed
37,3964,6,-34.19092410132159,27.541606187820435,6.6648562749226885,1.83248611840826,54.448094154854765,,,0.0,-1,-1,0,176,delayed
37,4386,15,-23.929691076652755,-0.957004992167155,12.33059139251709,4.989803112177942,148.2604789945389,,,0.0,-1,-1,0,176,delayed
37,4726,7,-12.989470237744296,-12.61710514341082,-2.4405911649976457,1.183638191976853,35.169076084471406,,,0.0,-1,-1,0,176,delayed
37,5648,7,-6.589737604326193,-28.801205226353236,-4.0783258846827914,2.4527366967669852,72.87740805296697,,,0.0,-1,-1,0,176,delayed
37,5672,7,2.7491290615435924,-21.829531942095077,26.566478865487234,2.6699207624536876,79.33053112912725,,,0.0,-1,-1,0,176,delayed
38,473,6,-24.9621583411412,-23.744993209838867,32.968844731648765,2.15992168363682,64.17708599065581,,,0.0,-1,-1,0,176,delayed
38,1263,12,-5.596400435744724,5.944331169128418,-20.773666381835938,3.561336599698323,105.81689462724967,,,0.0,-1,-1,0,176,delayed
38,1623,11,-46.77639217489241,-24.072085163810037,49.671503283760764,4.085119704638023,121.37990027732859,,,0.0,-1,-1,0,176,delayed
38,1727,6,8.132535055767777,38.85292522112528,-18.769128640492763,1.9823951972817828,58.90229632270695,,,0.0,-1,-1,0,176,delayed
38,1827,7,35.81066833928084,-3.515528883252825,-6.3242996760777075,2.7813328951340606,82.64088542280305,,,0.0,-1,-1,0,176,delayed
38,1839,15,-1.1433140598881906,13.970794677734375,5.650031614303589,5.996579034165517,178.17450106682372,,,0.0,-1,-1,0,176,delayed
38,1955,7,-36.07488170067273,-3.8362016677856445,8.88194465637207,2.5492037834087324,75.74370480880638,,,0.0,-1,-1,0,176,delayed
38,1977,7,-0.6246942729532368,17.621190820421493,30.67062704903739,1.3684522363312688,40.66039871281932,,,0.0,-1,-1,0,176,delayed
38,2587,8,-10.21416761896872,14.351611196994781,48.386178493499756,2.2289988689934046,66.22955506775565,,,0.0,-1,-1,0,176,delayed
38,2723,17,-20.879817495737367,-22.694907356710996,33.35706665936638,5.576157993996305,165.68266052851774,,,0.0,-1,-1,0,176,delayed
38,2731,6,24.463326904207836,-23.13069995244344,-40.58663368225098,1.8732576714674285,55.659526720430506,,,0.0,-1,-1,0,176,delayed
38,2945,6,5.326431223862186,-17.366499265034992,38.62681229909261,2.350961245791905,69.85338550694219,,,0.0,-1,-1,0,176,delayed
38,3365,10,-3.802154742962093,12.961135864257812,9.08516435623169,2.667956670592684,79.2721726741832,,,0.0,-1,-1,0,176,delayed
38,3461,11,-11.260035164197705,23.875578967007723,37.690428430383854,3.0852090074553358,91.66986250965367,,,0.0,-1,-1,0,176,delayed
38,5579,8,5.200798933225113,6.328842222690582,22.010807752609253,2.011579901600726,59.769452429744604,,,0.0,-1,-1,0,176,delayed
39,138,1191,23.77923612276351,-33.920100038337864,-55.03613344427921,558.0329459763566,16580.660600268966,,,0.0,-1,-1,0,176,delayed
39,190,6,-40.66096111832201,41.4486624399821,39.19029871622721,2.088742451971546,62.0621594607089,,,0.0,-1,-1,0,176,delayed
39,632,8,11.434202039125832,21.71274444460869,8.355319023132324,3.2429688151768348,96.35733095941917,,,0.0,-1,-1,0,176,delayed
39,1026,9,-0.210347492546401,23.72190022468567,-9.27507750193278,3.8347572808644363,113.94095889298528,,,0.0,-1,-1,0,176,delayed
39,1284,7,-27.022996126857915,-24.30782154628209,34.60058280399868,2.715223480496678,80.67659680061955,,,0.0,-1,-1,0,176,delayed
39,1400,7,-20.433158476024325,-8.428559167044503,29.230837685721262,2.3458801912057963,69.7024137010817,,,0.0,-1,-1,0,176,delayed
39,1840,6,-18.74489296714854,32.502143224080406,40.83919302622477,2.2041251139697717,65.49048886588564,,,0.0,-1,-1,0,176,delayed
39,1888,7,-21.387151915240953,46.248204708099365,25.195429120744972,3.9722092970896483,118.02502820517506,,,0.0,-1,-1,0,176,delayed
39,1938,7,21.30466828999737,-6.670795134135655,25.262730734688894,1.7754482600530221,52.75334588313806,,,0.0,-1,-1,0,176,delayed
39,2526,9,-21.17340221576503,-14.247304068671333,52.72421799765693,3.6165581245080394,107.4576747412217,,,0.0,-1,-1,0,176,delayed
39,2736,7,-30.13948677253978,32.79972364859922,2.848537717546735,2.1482233828308614,63.829497991305566,,,0.0,-1,-1,0,176,delayed
39,3004,7,-27.345694928769777,29.56131907871791,30.81440884726388,1.223745123768459,36.360760963562626,,,0.0,-1,-1,0,176,delayed
39,3576,6,-13.393199353796467,7.343812624613444,-9.09117086728414,1.5507299085636042,46.07635889954901,,,0.0,-1,-1,0,176,delayed
39,3578,6,-22.738759665221924,-33.70301818847657,-44.932876904805504,2.039542926856066,60.60030916402634,,,0.0,-1,-1,0,176,delayed
39,3698,7,-20.67109300628952,-12.747750282287598,-2.9104434422084267,2.2641272509217756,67.27331383216315,,,0.0,-1,-1,0,176,delayed
39,3756,8,-30.452117314176725,-2.6707921028137216,-31.585476279258728,2.932492035909113,87.13223029390967,,,0.0,-1,-1,0,176,delayed
39,4108,10,-34.16707788337563,29.749367904663085,11.632948780059815,3.3851094803549775,100.58071265006782,,,0.0,-1,-1,0,176,delayed
39,4144,6,-22.147080464275806,-29.846362113952637,-0.3340209325154622,1.9728604742749059,58.618994042376535,,,0.0,-1,-1,0,176,delayed
39,4392,9,-32.50251754767465,29.710879855685764,45.894627041286896,3.4140736970571504,101.44131747663609,,,0.0,-1,-1,0,176,delayed
39,4408,6,-6.468766603671813,11.158899903297424,23.5818665822347,2.1909929586855967,65.10029719120598,,,0.0,-1,-1,0,176,delayed
39,4710,8,-5.375963788044776,31.599177837371826,28.07527792453766,1.9868218011622174,59.03382263684761,,,0.0,-1,-1,0,176,delayed
39,5024,8,-4.801629758773485,25.95622032880783,18.402357518672943,1.669228041841883,49.597257340795935,,,0.0,-1,-1,0,176,delayed
39,5102,6,-17.497074015482013,22.539499918619793,-11.240566571553549,2.322230731039255,68.9997245942317,,,0.0,-1,-1,0,176,delayed
39,5368,8,-9.543713630376976,-28.017337322235107,-10.931477904319763,4.040077159471281,120.04156504216547,,,0.0,-1,-1,0,176,delayed
39,5574,6,-15.878742275942592,-14.61372478802999,28.39166323343913,1.391201816517706,41.33634996370819,,,0.0,-1,-1,0,176,delayed
39,5664,7,-23.30517554022918,8.951137508664813,18.00871249607631,2.5699926795356745,76.36139885970508,,,0.0,-1,-1,0,176,delayed
40,384,6,7.415003293867663,38.44647510846456,18.997124989827473,2.4250706984349524,72.05537678793392,,,0.0,-1,-1,0,176,delayed
40,622,9,-4.389790728862106,18.046995374891495,-9.568578932020399,3.0610791178480112,90.95289855118884,,,0.0,-1,-1,0,176,delayed
40,732,6,-23.95591998057397,38.79750061035156,23.80062452952067,1.3511603444148983,40.14661006813594,,,0.0,-1,-1,0,176,delayed
40,1032,12,-39.17669623745318,-34.264196733633675,15.402163624763489,3.578226787149939,106.31874755122027,,,0.0,-1,-1,0,176,delayed
40,1084,7,-14.81963757872273,5.170359475272043,27.49160657610212,2.1099237890325613,62.69151398789389,,,0.0,-1,-1,0,176,delayed
40,1152,9,-1.8699667596681908,-24.78113259209527,42.11131159464518,1.9583577289500624,58.188078449063966,,,0.0,-1,-1,0,176,delayed
40,1536,8,34.913548110495974,-38.35410022735596,-30.1570246219635,3.6336015418597487,107.96408053789557,,,0.0,-1,-1,0,176,delayed
40,1814,6,-8.787080573451034,25.075193723042805,17.1557141939799,2.538326731873306,75.42051833542533,,,0.0,-1,-1,0,176,delayed
40,2748,6,-22.958610476037567,-6.738755861918132,16.33504803975423,2.290928430889647,68.0696490162023,,,0.0,-1,-1,0,176,delayed
40,3024,11,-43.910034309206296,36.134580785577946,22.090007955377754,3.8065726471584815,113.10351757524425,,,0.0,-1,-1,0,176,delayed
40,3522,9,-4.652880007336957,-19.124704149034287,-21.686218049791123,4.489923095967761,133.40769843847985,,,0.0,-1,-1,0,176,delayed
40,3826,9,-20.171530481349734,3.768900235493978,22.60884994930691,2.980804812563894,88.5677329074121,,,0.0,-1,-1,0,176,delayed
40,4028,11,35.550801458369854,45.09327624060891,30.90338507565585,3.8001023165478194,112.91126663988199,,,0.0,-1,-1,0,176,delayed
40,4874,10,-14.552566687943852,18.614486312866212,46.52852897644043,3.9669682733860543,117.86930328632603,,,0.0,-1,-1,0,176,delayed
40,4960,6,48.49648349330334,29.37063217163086,-16.250439484914143,2.3960239136095343,71.19231864021714,,,0.0,-1,-1,0,176,delayed
40,5242,6,-30.405542819548316,6.955837567647298,16.54289150238037,3.0658355579234513,91.09422518633653,,,0.0,-1,-1,0,176,delayed
40,5550,6,-21.823858800379423,16.008588155110676,26.3594122727712,1.5912970333521903,47.28171735104947,,,0.0,-1,-1,0,176,delayed
40,5568,9,38.75057962383728,-23.435537550184463,-18.423282305399578,3.218145816820443,95.61977287472897,,,0.0,-1,-1,0,176,delayed
41,627,6,-16.606518496131113,-42.00753084818522,-46.198414166768394,2.532555489935941,75.24903920593044,,,0.0,-1,-1,0,176,delayed
41,683,8,3.8144786767425067,13.357425212860107,-7.0447998046875,2.9303837350313966,87.06958700098454,,,0.0,-1,-1,0,176,delayed
41,1121,10,-18.84945452190603,15.787811851501464,10.974273872375488,2.895438801779848,86.03127899046157,,,0.0,-1,-1,0,176,delayed
41,1277,6,-1.592401387209043,-32.340487480163574,-4.056733767191569,2.4994043645167636,74.26403005359339,,,0.0,-1,-1,0,176,delayed
41,1423,7,-1.3989223293067592,-6.6312054225376675,4.87011228288923,1.7929758811443635,53.27413867600295,,,0.0,-1,-1,0,176,delayed
41,1705,7,-7.911256735803406,27.866898400442942,1.1066089017050607,1.5526322054049015,46.13288125815515,,,0.0,-1,-1,0,176,delayed
41,2865,8,-26.359302208663458,-6.581718683242798,23.544284760951996,2.8265023181625106,83.98299054069057,,,0.0,-1,-1,0,176,delayed
41,2987,7,7.581413106684901,26.402094227927073,48.99128777640207,3.8524816078291138,114.46759634672074,,,0.0,-1,-1,0,176,delayed
41,3713,7,-9.883332631735286,13.036751849310738,-9.223673139299665,2.263136433898082,67.24387399190766,,,0.0,-1,-1,0,176,delayed
41,4841,11,16.567772169037926,-23.064358126033436,-10.645435159856623,4.149038579135569,123.2791020567875,,,0.0,-1,-1,0,176,delayed
42,160,6,4.437739342129631,-42.741912841796875,39.45818758010864,2.571826746027653,76.4158939110118,,,0.0,-1,-1,0,176,delayed
42,470,7,-30.386949571397313,-19.192885943821498,-18.94950076511928,2.856516474974434,84.87479191351278,,,0.0,-1,-1,0,176,delayed
42,668,6,37.30535159340179,-10.091968456904093,32.41606489817301,2.4233870959608734,72.00535242752699,,,0.0,-1,-1,0,176,delayed
42,972,7,-1.150331871371305,10.795998011316572,38.674319403512136,2.4667125992975345,73.2926697290245,,,0.0,-1,-1,0,176,delayed
42,1382,11,1.1436176059207661,12.153190959583629,6.56081806529652,3.329981816653797,98.94272140222887,,,0.0,-1,-1,0,176,delayed
42,1818,6,-15.904552700793253,2.715825398763021,43.16242472330729,2.2030864306749924,65.45962678989876,,,0.0,-1,-1,0,176,delayed
42,1986,8,-0.29534370919854336,-3.5229514241218567,-10.193632900714874,1.6837354618476308,50.02831183145865,,,0.0,-1,-1,0,176,delayed
42,2518,9,-0.45391414781233724,8.680171012878418,16.29669565624661,2.6992005339923355,80.20051193910669,,,0.0,-1,-1,0,176,delayed
42,2552,8,-43.080676447622395,31.699635863304138,45.61492991447449,2.433412083925655,72.30322179915521,,,0.0,-1,-1,0,176,delayed
42,2720,6,-15.188456468630436,-4.512518644332886,13.582273165384928,1.4523191083122342,43.15230918145591,,,0.0,-1,-1,0,176,delayed
42,2784,6,-47.01658570743471,-8.62782573699951,26.03904151916504,3.1175089219561913,92.62957989483309,,,0.0,-1,-1,0,176,delayed
42,3014,6,-35.36566182758433,-43.33773136138916,18.310402552286785,3.044361979382768,90.45618737831188,,,0.0,-1,-1,0,176,delayed
42,3104,6,-24.84635557244516,-7.034356435139974,14.174943606058756,2.7315739633910487,81.16241364974438,,,0.0,-1,-1,0,176,delayed
42,3310,7,-18.954449507502336,14.572816167558942,-27.764773777553014,1.7313745161292973,51.44379634013778,,,0.0,-1,-1,0,176,delayed
42,3358,10,0.10567695526558367,-12.35977554321289,19.185487031936646,3.347230712411081,99.45523251531479,,,0.0,-1,-1,0,176,delayed
42,3756,7,-4.722229821570779,9.576648371560234,22.871537344796316,1.8235179453776034,54.18162559901417,,,0.0,-1,-1,0,176,delayed
42,4078,6,-14.814560548652786,26.100556055704754,-38.97468908627828,1.8864533081659278,56.05160459877059,,,0.0,-1,-1,0,176,delayed
42,4478,7,-3.116996375169287,10.986027036394391,2.756044524056571,2.0876659762425485,62.03017446979461,,,0.0,-1,-1,0,176,delayed
42,4886,7,-19.232688368677792,-31.17260421173913,-3.968914304460798,2.5677746233535297,76.29549444131251,,,0.0,-1,-1,0,176,delayed
42,5030,6,42.29426560013394,-5.630256414413452,40.34036827087402,1.989538874485319,59.11455419745031,,,0.0,-1,-1,0,176,delayed
42,5302,43,-3.1901998257674604,-14.214578779284345,-21.73308609807214,8.837092155059713,262.5737902624708,,,0.0,-1,-1,0,176,delayed
42,5584,6,-0.19689580613236105,8.175187716881434,-14.704629103342691,1.9271127186555599,57.259705106807914,,,0.0,-1,-1,0,176,delayed
43,682,6,-15.751544563109254,36.01239331563314,28.66416867574056,1.4311620350140641,42.52367559596356,,,0.0,-1,-1,0,176,delayed
43,722,6,0.5636813187685608,15.191068490346273,31.87105147043864,2.99512901476474,88.99334350401641,,,0.0,-1,-1,0,176,delayed
43,754,10,2.495494364562725,-22.10349044799805,5.274695110321045,3.136434685098067,93.19191525069186,,,0.0,-1,-1,0,176,delayed
43,756,6,-21.32097626850082,-37.83680041631063,43.65201282501221,2.7405254538388486,81.42838652115223,,,0.0,-1,-1,0,176,delayed
43,914,6,-34.688958421736366,-17.338786999384563,1.1454505920410156,1.657752222451492,49.25627986304299,,,0.0,-1,-1,0,176,delayed
43,1442,7,-16.050947810002118,14.319444681916918,7.000015735626221,2.1606249321263755,64.19798139585913,,,0.0,-1,-1,0,176,delayed
43,1498,7,51.41937358857592,37.65732874189104,14.14210047040667,1.8386233836345867,54.63044882130464,,,0.0,-1,-1,0,176,delayed
43,1502,13,-42.02892059750219,-19.394486693235542,9.97897118788499,4.515217969364404,134.1592772005236,,,0.0,-1,-1,0,176,delayed
43,1638,6,-26.045483833128483,-1.9352563222249348,31.335277557373047,1.8736041385892577,55.66982119103056,,,0.0,-1,-1,0,176,delayed
43,1680,6,-3.513465874068038,-29.24130630493164,31.215189297993977,1.6521446255447219,49.08966306780772,,,0.0,-1,-1,0,176,delayed
43,1772,8,-24.326418696908366,22.000260857865214,23.929898500442505,3.7444228898173444,111.25688102754096,,,0.0,-1,-1,0,176,delayed
43,1970,9,-29.74280437275099,-13.348187605539957,26.064792315165203,4.853650780212223,144.215026799402,,,0.0,-1,-1,0,176,delayed
43,2022,8,10.453392626510453,-14.06409402191639,12.108156323432922,2.4107881849144324,71.63100487421448,,,0.0,-1,-1,0,176,delayed
43,2164,8,-36.837893351097144,-6.741065628826618,40.04707860946655,2.9324615511938092,87.1313245109777,,,0.0,-1,-1,0,176,delayed
43,2338,6,-5.456289690832445,-1.8059310913085938,44.940643628438316,1.90527349445095,56.61080298208436,,,0.0,-1,-1,0,176,delayed
43,2562,7,8.68286252438875,-13.005080086844307,-15.6450548853193,3.365042417109821,99.98446619667979,,,0.0,-1,-1,0,176,delayed
43,2776,8,-13.955255286628901,-22.090326443314552,5.316232800483704,3.3174862330317514,98.57144398476939,,,0.0,-1,-1,0,176,delayed
43,3098,6,-36.77892083255016,-22.308562596638996,31.68945026397705,1.4381641460893948,42.73172716005592,,,0.0,-1,-1,0,176,delayed
43,3442,7,-24.32240789761668,4.992209298270093,22.119341169084823,3.2373655502761767,96.1908428797438,,,0.0,-1,-1,0,176,delayed
43,3502,9,-28.47000687547655,46.43999123573303,16.225875006781685,3.441637766224322,102.26032015186982,,,0.0,-1,-1,0,176,delayed
43,3680,6,-24.16214320099645,-6.480106353759766,18.549106121063232,1.6848181202587202,50.06048052649671,,,0.0,-1,-1,0,176,delayed
43,4594,9,-6.8751509725546445,-9.659345626831055,11.793698734707302,2.5141066448918155,74.70087437023531,,,0.0,-1,-1,0,176,delayed
43,4706,6,-15.927507705476541,-35.06554985046387,-15.443628629048666,2.0583533945906116,61.159218783050946,,,0.0,-1,-1,0,176,delayed
43,4786,11,0.8788708988577405,-3.809209043329412,10.688263806429775,3.815378269429095,113.36515631054823,,,0.0,-1,-1,0,176,delayed
44,1306,6,-23.092046741143047,-3.621100584665933,21.084800084431965,1.5740548510993064,46.76940571424666,,,0.0,-1,-1,0,176,delayed
44,1768,6,-20.614012784597662,56.64435068766276,18.886274655659992,1.042870699059228,30.986495037156693,,,0.0,-1,-1,0,176,delayed
44,1854,11,33.33166709318646,2.07591831006787,29.48077310215343,2.962864683865419,88.03468340340098,,,0.0,-1,-1,0,176,delayed
44,1896,11,-29.731031149205034,-0.20658372207121414,15.227272640575062,4.139403640693486,122.9928221061779,,,0.0,-1,-1,0,176,delayed
44,1968,7,-23.992803094880667,1.6983800615583147,11.683605091912407,2.2299424725945793,66.25759207016758,,,0.0,-1,-1,0,176,delayed
44,2260,6,-15.20557147930087,41.9752000172933,-46.35859934488932,2.3275570447165883,69.15798370773244,,,0.0,-1,-1,0,176,delayed
44,2454,8,-24.164478964395776,33.31735289096832,-14.584805965423584,2.741118415469373,81.44600500697031,,,0.0,-1,-1,0,176,delayed
44,2814,6,23.496082811696184,-11.228180885314941,6.543298244476318,1.9749576283778612,58.68130613462536,,,0.0,-1,-1,0,176,delayed
44,2934,12,6.000177263428353,-5.036746655901273,-7.437761306762695,3.855815293986979,114.56664913406951,,,0.0,-1,-1,0,176,delayed
44,2992,12,-7.338299945896016,10.378331025441488,8.972760339577993,4.738439448141417,140.79178806745114,,,0.0,-1,-1,0,176,delayed
44,3394,10,-38.2369583734285,43.514167404174806,14.568585205078126,2.9969949231951207,89.04878466500591,,,0.0,-1,-1,0,176,delayed
44,3766,6,-16.846384926713544,-6.336925188700358,24.964550177256267,2.3835061589924265,70.82038246282788,,,0.0,-1,-1,0,176,delayed
44,3856,11,-8.81131285741569,19.169492071325127,-37.791200464422054,4.887278625817534,145.214200591416,,,0.0,-1,-1,0,176,delayed
44,4328,6,-29.03791519316947,14.068712790807089,-5.568741003672282,1.5323197675686628,45.529344065315286,,,0.0,-1,-1,0,176,delayed
44,4504,7,-41.54952199376909,-13.883961813790458,43.17166246686663,2.485102406986128,73.83908040600576,,,0.0,-1,-1,0,176,delayed
44,4914,6,-47.9230310130564,-22.95056875546773,-8.401506344477335,2.235245293545368,66.4151531515392,,,0.0,-1,-1,0,176,delayed
45,32,7,48.814875396261364,-9.786471366882324,54.68818664550781,48.411577345319145,1438.4382479102162,,,0.0,-1,-1,0,176,delayed
45,112,12,29.54198878672675,-9.1751469373703,29.23217272758484,55.23088463261517,1641.0582194994686,,,0.0,-1,-1,0,176,delayed
45,118,11,26.045845745902174,-8.4044453014027,20.926773418079723,49.212132210466706,1462.2248874027673,,,0.0,-1,-1,0,176,delayed
45,152,7,48.028052387199594,-9.913157054356166,54.68818664550781,48.857447440578035,1451.686248363599,,,0.0,-1,-1,0,176,delayed
45,312,10,42.688914119757825,1.6405803680419921,30.781280708312988,50.030719581822545,1486.5473211837516,,,0.0,-1,-1,0,176,delayed
45,326,11,32.830961541965344,-16.977684887972746,47.16226300326261,56.62314111915355,1682.4259065478136,,,0.0,-1,-1,0,176,delayed
45,386,8,36.90878090279764,-8.258324801921844,42.916425704956055,48.0723868440176,1428.3599852888651,,,0.0,-1,-1,0,176,delayed
45,436,10,27.32551674934735,2.416530418395996,46.30317554473877,56.147214641226164,1668.284850077772,,,0.0,-1,-1,0,176,delayed
45,444,15,12.041378111557218,8.371022923787434,19.622086334228516,56.83051140504158,1688.5874358153628,,,0.0,-1,-1,0,176,delayed
45,530,11,36.919331216718646,13.662262656471945,33.91225398670543,49.305735763906775,1465.0061008808593,,,0.0,-1,-1,0,176,delayed
45,568,12,37.02287572735321,-2.357871929804484,38.71834929784139,56.36722343964655,1674.8219035653558,,,0.0,-1,-1,0,176,delayed
45,596,7,47.88893295661187,-9.849814142499651,54.56150109427316,48.51489511995973,1441.5080970430367,,,0.0,-1,-1,0,176,delayed
45,598,14,19.262046548044005,-12.927881240844727,30.633647646222794,56.88839454548508,1690.3072996927406,,,0.0,-1,-1,0,176,delayed
45,604,10,29.585854329122242,7.280073928833008,46.55535888671875,47.46327970103287,1410.2617728448686,,,0.0,-1,-1,0,176,delayed
45,754,7,48.846804445904446,-9.976499829973493,54.37147194998605,47.446761870565865,1409.770983648996,,,0.0,-1,-1,0,176,delayed
45,756,8,37.88860361371983,-3.22504186630249,48.65527391433716,46.70976313012343,1387.8727676633407,,,0.0,-1,-1,0,176,delayed
45,906,10,38.366794137524586,-7.493459796905517,45.60016059875488,55.211457330732976,1640.480982077897,,,0.0,-1,-1,0,176,delayed
45,962,8,42.00012264656911,-1.4237296581268302,50.061683177948,47.60677587925681,1414.5254304760574,,,0.0,-1,-1,0,176,delayed
45,990,9,41.265267838610406,-12.68616665734185,42.33818901909722,54.59706622579523,1622.2257689041055,,,0.0,-1,-1,0,176,delayed
45,1024,9,30.799399320489858,-8.387650065951878,51.18057547675239,47.69172846888715,1417.0496005379346,,,0.0,-1,-1,0,176,delayed
45,1040,11,28.854408955951783,0.8288558613170278,43.62514027682218,47.878468493378904,1422.5981492193503,,,0.0,-1,-1,0,176,delayed
45,1084,10,33.11318011019822,-11.694674682617187,54.456193161010745,53.558956197756316,1591.3807262148555,,,0.0,-1,-1,0,176,delayed
45,1102,14,18.085265034863447,-3.5669943434851517,51.79420934404646,55.16548204235055,1639.1149325316019,,,0.0,-1,-1,0,176,delayed
45,1142,8,36.64137511203679,-12.027224779129028,42.63930082321167,48.450473997414576,1439.5939721224358,,,0.0,-1,-1,0,176,delayed
45,1234,8,38.76930193580937,-15.570961117744446,51.52351784706116,47.86761139135108,1422.2755554995283,,,0.0,-1,-1,0,176,delayed
45,1296,9,29.13495983015396,-14.204195764329699,42.53833558824327,47.77150160428512,1419.419875075648,,,0.0,-1,-1,0,176,delayed
45,1336,14,30.393810877290395,-25.780542986733572,8.868000439235143,50.6664819680568,1505.437532639141,,,0.0,-1,-1,0,176,delayed
45,1356,7,48.36102676204893,-9.913156918116979,54.434814998081755,47.82258353211663,1420.9376566229364,,,0.0,-1,-1,0,176,delayed
45,1358,12,29.224028667364355,4.821974992752075,35.04025065898895,49.362527238706605,1466.6935284340789,,,0.0,-1,-1,0,176,delayed
45,1366,8,35.4939248904884,-10.021532535552979,48.939327359199524,47.6883565547284,1416.9494118938005,,,0.0,-1,-1,0,176,delayed
45,1374,8,40.559324281424864,-5.487074851989746,47.1841504573822,48.213346793479545,1432.5482847380497,,,0.0,-1,-1,0,176,delayed
45,1432,9,35.58073452871538,-4.015233463711208,38.64318985409207,49.582493501133904,1473.2293180628353,,,0.0,-1,-1,0,176,delayed
45,1522,12,19.570436694809967,-11.133496761322021,26.49713706970215,48.36529531131648,1437.063084126032,,,0.0,-1,-1,0,176,delayed
45,1542,8,49.13986750869991,-9.865649819374084,54.561501026153564,54.567886981829304,1621.358775038851,,,0.0,-1,-1,0,176,delayed
45,1564,10,43.570155889907,1.108500003814697,37.25958070755005,54.79101545876365,1627.9885225707467,,,0.0,-1,-1,0,176,delayed
45,1578,10,23.095228763081884,-17.167893600463866,43.263114261627194,48.3336755800938,1436.1235768165527,,,0.0,-1,-1,0,176,delayed
45,1658,11,12.286917848287265,-6.351201317527077,44.26584902676669,49.744439082439726,1478.0411571105233,,,0.0,-1,-1,0,176,delayed
45,1668,11,22.3849226477292,-5.90780106457797,47.05141327597878,48.50514106465728,1441.2182778099386,,,0.0,-1,-1,0,176,delayed
45,1678,8,49.55694071966271,-2.6603997945785522,43.30440092086792,48.080315375920094,1428.5955633089113,,,0.0,-1,-1,0,176,delayed
45,1698,7,49.57889194129233,-9.849814142499651,54.49815804617746,48.41378268571679,1438.5037745084308,,,0.0,-1,-1,0,176,delayed
45,1784,7,48.386113872482774,-9.976499829973493,54.30812890189035,46.94125687782039,1394.7510699021664,,,0.0,-1,-1,0,176,delayed
45,1794,8,36.795033663444144,-15.300764083862305,52.21633005142212,47.811900819791475,1420.6202444904968,,,0.0,-1,-1,0,176,delayed
45,1800,8,38.35955709595534,-3.0310544967651367,54.48182725906372,47.292238331614875,1405.1796734538316,,,0.0,-1,-1,0,176,delayed
45,1850,12,24.73779791338117,-22.126121600468952,29.837228775024414,55.704674878131556,1655.135802755562,,,0.0,-1,-1,0,176,delayed
45,1896,7,50.01677605068322,-9.976499829973493,54.62484359741211,47.67840006669979,1416.6535778396226,,,0.0,-1,-1,0,176,delayed
45,1940,8,41.19391414308119,-3.1765451431274414,49.99240207672119,48.03101009756465,1427.130570798867,,,0.0,-1,-1,0,176,delayed
45,1982,18,46.49094898770219,-15.420466581980387,44.730211867226494,104.06134948741258,3091.942742624134,,,0.0,-1,-1,0,176,delayed
45,2032,7,48.641546269627455,-9.976499829973493,54.37147194998605,47.90985213105125,1423.5306415540756,,,0.0,-1,-1,0,176,delayed
45,2096,15,13.186518721097343,-4.73329512278239,40.05921360651652,50.10929584604037,1488.8820334576894,,,0.0,-1,-1,0,176,delayed
45,2190,10,30.512035903727302,-2.571719741821289,28.29824047088623,49.858548727413734,1481.4316617539735,,,0.0,-1,-1,0,176,delayed
45,2228,9,38.848721845570694,-3.276233355204264,41.64845614963107,54.458981435547045,1618.1228981727754,,,0.0,-1,-1,0,176,delayed
45,2384,6,-10.070435922517627,-23.089130719502766,15.594577153523764,1.4776937406448414,43.90625779613392,,,0.0,-1,-1,0,176,delayed
45,2396,6,-26.0915885085255,-6.8218936920166025,11.548551877339682,2.5684830836104164,76.3165447021491,,,0.0,-1,-1,0,176,delayed
45,2418,10,29.340762894867645,1.950960063934326,26.70200080871582,49.55637482789227,1472.4532619903914,,,0.0,-1,-1,0,176,delayed
45,2426,9,31.833545761707583,-12.29203298356798,49.573250664605034,47.85674066243001,1421.9525568880354,,,0.0,-1,-1,0,176,delayed
45,2432,9,36.00796332120828,4.095291561550564,46.32165018717448,48.600955139993104,1444.0651718424986,,,0.0,-1,-1,0,176,delayed
45,2618,10,30.780763033770814,-15.829379844665528,28.830320262908934,48.90667739773524,1453.1490028781398,,,0.0,-1,-1,0,176,delayed
45,2622,12,14.409032191176918,-15.978565533955893,42.07932861646017,49.91642190216683,1483.1512295238695,,,0.0,-1,-1,0,176,delayed
45,2642,8,39.5715193080919,-12.8031747341156,46.02022576332092,49.43890164134712,1468.962817474917,,,0.0,-1,-1,0,176,delayed
45,2650,9,28.546627484561036,-7.500849829779731,50.01665051778158,47.203198923068086,1402.5340730035216,,,0.0,-1,-1,0,176,delayed
45,2982,8,36.09259457129625,-0.987257719039917,48.37814927101135,48.088682970071034,1428.8441870499607,,,0.0,-1,-1,0,176,delayed
45,2990,13,26.82877084001671,-7.486638435950646,19.961961892934944,57.08383405420107,1696.1143334624644,,,0.0,-1,-1,0,176,delayed
45,3000,8,48.56314904952167,-9.976499795913696,54.450650691986084,54.182111997944645,1609.8963620720424,,,0.0,-1,-1,0,176,delayed
45,3076,8,48.78266126581788,-9.865649819374084,54.506075859069824,53.87659621677057,1600.8186660109072,,,0.0,-1,-1,0,176,delayed
45,3090,10,32.213020045218784,9.558041381835938,46.078704261779784,48.37872218713983,1437.4620327410812,,,0.0,-1,-1,0,176,delayed
45,3178,13,15.06293690296837,-14.327362500704252,39.9626338665302,57.904628071536266,1720.5023326340095,,,0.0,-1,-1,0,176,delayed
45,3214,8,36.54558796310753,-2.5876548290252686,54.280911445617676,48.06135905707836,1428.0323200609787,,,0.0,-1,-1,0,176,delayed
45,3236,12,13.133636510056604,-8.299893935521444,38.8122984568278,49.27168507178141,1463.9943631807723,,,0.0,-1,-1,0,176,delayed
45,3286,10,34.28018687465301,-4.3231500625610355,44.9618905544281,56.255959936267445,1671.5159654482109,,,0.0,-1,-1,0,176,delayed
45,3464,8,36.91476759960572,-7.250282645225525,50.137892723083496,47.5758814409546,1413.60747357115,,,0.0,-1,-1,0,176,delayed
45,3470,10,45.406838492381596,-5.187779808044434,41.16616039276123,55.72882633550151,1655.8534075502976,,,0.0,-1,-1,0,176,delayed
45,3482,7,48.737333418556716,-10.03984260559082,54.49815804617746,48.07868142018101,1428.5470140866103,,,0.0,-1,-1,0,176,delayed
45,3486,8,38.104124698810665,-16.125210762023926,47.955533266067505,47.723977607153344,1418.0078092245335,,,0.0,-1,-1,0,176,delayed
45,3508,15,11.964748392413814,-17.50690984725952,37.45423882802327,49.183185784452554,1461.3648111854186,,,0.0,-1,-1,0,176,delayed
45,3544,9,39.02255778251639,3.661129633585612,50.23527145385742,47.966886181517516,1425.225276683163,,,0.0,-1,-1,0,176,delayed
45,3606,10,22.935060401824863,-11.49237356185913,48.91646461486816,50.42807711469269,1498.3538828518138,,,0.0,-1,-1,0,176,delayed
45,3640,14,15.82117901695386,11.961902890886579,52.13665635245187,50.40722028005007,1497.734170164778,,,0.0,-1,-1,0,176,delayed
45,3654,11,21.6982306849887,-12.097765705802225,43.481539032676004,48.83116807585806,1450.9054177148812,,,0.0,-1,-1,0,176,delayed
45,3658,7,47.85244261416263,-9.913157054356166,54.68818664550781,48.60390970159423,1444.1529598189688,,,0.0,-1,-1,0,176,delayed
45,3742,9,41.7317867306177,-15.146420902676052,50.53702947828505,55.192670010825296,1639.9227602431038,,,0.0,-1,-1,0,176,delayed
45,3790,13,42.962449724058565,-4.314622805668757,38.66373084141658,57.14792152070623,1698.0185445641835,,,0.0,-1,-1,0,176,delayed
45,3796,14,12.988786995014092,-23.38341167994908,12.609906877790179,48.01142883620288,1426.5487588268218,,,0.0,-1,-1,0,176,delayed
45,3808,12,21.908484447021976,4.399359067281087,20.577369530995686,48.76444164539508,1448.9227958920098,,,0.0,-1,-1,0,176,delayed
45,3824,10,43.201375366529355,-7.612623500823974,52.22533645629883,49.263922341961845,1463.7637115868158,,,0.0,-1,-1,0,176,delayed
45,3870,7,47.770339343651834,-9.913156918116979,54.434814998081755,48.10735455191627,1429.3989699954452,,,0.0,-1,-1,0,176,delayed
45,3902,8,-35.862450635684596,10.617351531982422,36.87856388092041,3.500548836417099,104.01072658845763,,,0.0,-1,-1,0,176,delayed
45,3920,12,15.949808115585446,10.493800242741903,27.572467009226482,49.71651496381488,1477.2114563969385,,,0.0,-1,-1,0,176,delayed
45,3936,10,31.474696750466336,-11.084999465942383,33.93408012390137,48.679402130064446,1446.3960430336426,,,0.0,-1,-1,0,176,delayed
45,3996,10,22.505614684125362,-20.027823734283448,46.58861408233643,48.81386322428172,1450.3912440038232,,,0.0,-1,-1,0,176,delayed
45,4038,14,13.234723154373901,-9.511325827666692,30.768251146589005,56.77674349930798,1686.9898466361146,,,0.0,-1,-1,0,176,delayed
45,4046,11,24.795065689964925,4.340785286643288,44.68325393850153,56.07906846729034,1666.260043855516,,,0.0,-1,-1,0,176,delayed
45,4282,8,49.66869239341351,-9.921074867248535,54.395225524902344,55.888100207593595,1660.5858629271556,,,0.0,-1,-1,0,176,delayed
45,4288,7,48.84452379950136,-9.849814142499651,54.49815804617746,48.232221924030256,1433.1091156633627,,,0.0,-1,-1,0,176,delayed
45,4294,8,35.67153022912807,-4.285045385360718,54.571892738342285,46.58818558500048,1384.2603716088918,,,0.0,-1,-1,0,176,delayed
45,4310,9,38.30592800163824,-14.364312277899849,54.26282162136502,56.25368356960705,1671.4483284685848,,,0.0,-1,-1,0,176,delayed
45,4500,10,39.23047493037006,-7.307786369323731,40.90843467712402,54.25923914927148,1612.188017302144,,,0.0,-1,-1,0,176,delayed
45,4596,9,25.83917237255099,0.05542511410183377,54.79551781548394,47.76117045118649,1419.112908713943,,,0.0,-1,-1,0,176,delayed
45,4626,7,47.7429715868149,-9.849814142499651,54.49815804617746,49.30098031140208,1464.8648035890965,,,0.0,-1,-1,0,176,delayed
45,4650,12,28.261034948927577,-18.11935607592265,40.8537859916687,49.4199109079121,1468.3985516768012,,,0.0,-1,-1,0,176,delayed
45,4660,13,30.292375679389348,4.278383621802697,37.09623028681828,56.27893473908287,1672.1986086695251,,,0.0,-1,-1,0,176,delayed
45,4786,8,36.188381720225514,-15.037495255470276,52.2509708404541,48.37834583101179,1437.4508501876694,,,0.0,-1,-1,0,176,delayed
45,4920,8,-44.62390254980596,27.785244710743427,5.473373532295227,4.235858685865803,125.85876107755459,,,0.0,-1,-1,0,176,delayed
45,4972,18,47.909712179395456,-14.213433106740316,41.82088957892524,103.55916473814372,3077.0214822464154,,,0.0,-1,-1,0,176,delayed
45,4980,12,13.745809240678726,-19.80519970258077,25.281567255655926,57.542333662351396,1709.7375907323296,0.5705122351646423,515.37353515625,515.37353515625,6,14,1,176,delayed
45,4992,11,28.520605255137706,-0.7507566105235705,38.40843460776589,48.23970743112329,1433.3315302240537,,,0.0,-1,-1,0,176,delayed
45,5056,8,47.95250597509765,-3.1592249870300293,50.016650438308716,47.56453694819502,1413.2703981610239,,,0.0,-1,-1,0,176,delayed
45,5066,7,47.45561014002714,-9.849814142499651,54.49815804617746,47.75351344490829,1418.885398450923,,,0.0,-1,-1,0,176,delayed
45,5104,13,29.84622912482538,-1.2875652313232417,26.040979238656853,58.78118456594889,1746.5471850672081,,,0.0,-1,-1,0,176,delayed
45,5120,10,38.8026256651527,-2.6604000091552735,33.85006046295166,49.16963379489084,1460.9621451044975,,,0.0,-1,-1,0,176,delayed
45,5278,11,12.657980323187179,-13.88396237113259,35.811017686670475,50.686022197640426,1506.018125446633,,,0.0,-1,-1,0,176,delayed
45,5294,10,31.08675879730285,-8.006141090393067,47.14374694824219,55.63529731802023,1653.0744087361322,,,0.0,-1,-1,0,176,delayed
45,5336,12,19.08594279348482,-21.93213415145874,49.876513163248696,55.719280866264995,1655.569785970565,,,0.0,-1,-1,0,176,delayed
45,5512,9,37.90504104500838,-3.100720829433865,53.87484656439887,53.869991262478095,1600.6224150436597,,,0.0,-1,-1,0,176,delayed
45,5576,9,31.063700898090953,-1.5518998569912381,49.72720845540365,47.393062970837235,1408.1754448238637,,,0.0,-1,-1,0,176,delayed
45,5586,15,-3.2265011402998733,-4.108839988708495,39.24203011194865,50.352080314649896,1496.0958134003558,,,0.0,-1,-1,0,176,delayed
45,5642,13,26.985318311732676,-8.876526612501879,31.212558159461388,54.638712930268454,1623.463204573396,,,0.0,-1,-1,0,176,delayed
46,18,8,48.996186785306016,-9.865649819374084,54.561501026153564,54.40837278292372,1616.6191789055981,,,0.0,-1,-1,0,176,delayed
46,112,13,27.74587769595967,-5.687457634852483,38.07963672051063,48.556202647294484,1442.735454846751,,,0.0,-1,-1,0,176,delayed
46,118,11,32.433582552268184,1.4158570549704814,39.940982125022195,48.347874729908206,1436.545471770216,,,0.0,-1,-1,0,176,delayed
46,140,14,11.048742943707913,-24.953126430511475,57.47923060825893,57.18952900780385,1699.254814979703,,,0.0,-1,-1,0,176,delayed
46,288,10,42.273836474397726,-23.27849988937378,33.04728031158447,49.21934072899357,1462.4390718877276,,,0.0,-1,-1,0,176,delayed
46,308,11,36.03257442890385,-16.64009649103338,33.86186755787242,55.412588435547725,1646.457128484908,,,0.0,-1,-1,0,176,delayed
46,310,9,41.290101543888355,-6.801879141065809,51.02969657050239,55.475621421930526,1648.33000814438,,,0.0,-1,-1,0,176,delayed
46,364,9,42.29941427982812,-15.559029261271158,53.54229651557075,55.053364990892135,1635.7836332039567,,,0.0,-1,-1,0,176,delayed
46,370,12,28.582986199495366,1.2724656065305076,32.70400150616964,50.508097344348975,1500.73149922492,,,0.0,-1,-1,0,176,delayed
46,418,8,-45.892428381816636,35.54820942878723,36.45830941200256,1.7649001527811705,52.43993322908088,,,0.0,-1,-1,0,176,delayed
46,510,12,20.265528731211386,-10.489181359608969,39.237958908081055,53.94544195472081,1602.8642581626943,,,0.0,-1,-1,0,176,delayed
46,546,11,30.06190756063575,3.9981578480113638,39.3287880637429,54.84270098342875,1629.5242386043572,,,0.0,-1,-1,0,176,delayed
46,576,9,26.422764446582953,-18.40725835164388,52.3383420308431,48.350867707199725,1436.6344011802316,,,0.0,-1,-1,0,176,delayed
46,580,18,19.223730621765906,-19.26942480934991,44.08715565999349,58.96712072607394,1752.0718487749334,,,0.0,-1,-1,0,176,delayed
46,694,8,49.42523338988498,-3.7688999176025386,50.34920024871826,48.61054239612778,1444.3500350234326,,,0.0,-1,-1,0,176,delayed
46,786,8,48.419468326127785,-9.810224890708923,54.561501026153564,56.49187384901639,1678.525602686256,,,0.0,-1,-1,0,176,delayed
46,810,9,23.969549132339196,-5.684141370985243,49.32075860765245,47.81621518255038,1420.7484358188542,,,0.0,-1,-1,0,176,delayed
46,842,13,38.058905379531886,-7.066687290485088,39.778626662034256,56.00478235848748,1664.0528036445996,,,0.0,-1,-1,0,176,delayed
46,912,9,7.30034022345007,18.785995483398438,-7.720098707411024,2.042581394360123,60.69059021067955,,,0.0,-1,-1,0,176,delayed
46,940,16,45.14409128080681,-1.3024872541427615,40.948837995529175,97.23752202853717,2889.188464572595,,,0.0,-1,-1,0,176,delayed
46,944,19,29.609621065381827,-2.472246722171181,35.14809979890522,104.29776584893901,3098.9673089675443,,,0.0,-1,-1,0,176,delayed
46,968,8,38.622971755510804,-4.582954406738281,50.137892723083496,47.140020081138516,1400.6568595832289,,,0.0,-1,-1,0,176,delayed
46,1110,7,47.74753287962107,-9.976499829973493,54.30812890189035,47.194469969896815,1402.2747123134905,,,0.0,-1,-1,0,176,delayed
46,1210,10,25.937960407399697,-6.429299890995026,28.564280319213868,49.30231234711832,1464.9043819549934,,,0.0,-1,-1,0,176,delayed
46,1218,12,18.35802725790651,-19.11931562423706,45.090753396352135,48.19442836808895,1431.9861674065287,,,0.0,-1,-1,0,176,delayed
46,1254,15,11.608018019342012,0.7168299039204916,27.89955717722575,50.145187932087595,1489.9484839267448,,,0.0,-1,-1,0,176,delayed
46,1256,17,23.377159189564136,15.404889836030847,24.282484222860898,58.07182820273774,1725.4702985001136,,,0.0,-1,-1,0,176,delayed
46,1262,9,42.01737434131419,-11.900979148017036,51.23907979329427,54.87924903451859,1630.6101795601585,,,0.0,-1,-1,0,176,delayed
46,1302,9,23.437398304954435,-20.913699891832138,35.189345041910805,49.43029719295125,1468.7071561568296,,,0.0,-1,-1,0,176,delayed
46,1426,9,36.98561271301115,-6.035166369544135,42.88012292650011,47.593017334506236,1414.116627084595,,,0.0,-1,-1,0,176,delayed
46,1490,11,34.01647294466033,-5.300645568154075,33.5074462890625,55.78228322464746,1657.4417555897212,,,0.0,-1,-1,0,176,delayed
46,1492,14,14.44554355291807,8.826431410653251,36.554943902151926,55.8690465071511,1660.019726209791,,,0.0,-1,-1,0,176,delayed
46,1518,9,27.81225934277006,-0.043108092414008245,51.543916914198135,47.782804441659735,1419.7557127921843,,,0.0,-1,-1,0,176,delayed
46,1550,12,33.69427230206152,-4.960537592569987,26.82349395751953,49.601630584762084,1473.7979323190466,,,0.0,-1,-1,0,176,delayed
46,1558,13,46.37576025936927,-22.050623233501728,33.99097706721379,57.51835370216433,1709.0250815804307,,,0.0,-1,-1,0,176,delayed
46,1588,9,38.882424731305065,-1.9952996571858723,44.94932301839193,53.579839003013284,1592.0012105587346,,,0.0,-1,-1,0,176,delayed
46,1626,8,48.59707366476745,-9.976499795913696,54.395225524902344,54.81022038546296,1628.5591526271808,,,0.0,-1,-1,0,176,delayed
46,1674,9,30.961399641509452,-1.9829832712809248,54.77704196506076,49.25106750659117,1463.3817598330884,,,0.0,-1,-1,0,176,delayed
46,1710,11,30.483266045059693,-11.750099962407893,31.138484608043324,48.73140796999342,1447.941276495774,,,0.0,-1,-1,0,176,delayed
46,1722,11,27.76903866350102,-4.338265679099343,37.9305666143244,51.22178910213186,1521.937202032132,,,0.0,-1,-1,0,176,delayed
46,1780,11,24.900060967341368,4.486905704845082,43.92826045643199,48.23804100419256,1433.2820161952625,,,0.0,-1,-1,0,176,delayed
46,1956,14,20.91132754964164,9.275769914899554,35.97100217001779,51.332187523584416,1525.2174362371352,0.29607418179512024,246.0701904296875,349.79974365234375,5,10,2,176,delayed
46,2086,12,23.24108634208615,-19.567334175109863,42.76825785636902,50.434282723743756,1498.538268197223,,,0.0,-1,-1,0,176,delayed
46,2092,14,14.452791175107327,-7.991097160748073,47.66702624729702,49.322441227054796,1465.5024651486415,,,0.0,-1,-1,0,176,delayed
46,2132,7,48.25839767391044,-10.03984260559082,54.49815804617746,47.698782673784024,1417.2591999496597,,,0.0,-1,-1,0,176,delayed
46,2148,12,12.78996329885878,7.570131540298462,33.85323158899943,48.12632389216197,1429.962600144333,,,0.0,-1,-1,0,176,delayed
46,2156,8,41.24978997995659,-4.146482467651366,53.7543740272522,47.07393081243491,1398.6931695509547,,,0.0,-1,-1,0,176,delayed
46,2332,8,43.43987825610711,-9.643949925899506,53.00960063934326,49.02364201271986,1456.6243363638857,,,0.0,-1,-1,0,176,delayed
46,2496,7,49.40784346106152,-9.976499829973493,54.37147194998605,49.206837540104324,1462.0675684973119,,,0.0,-1,-1,0,176,delayed
46,2522,8,38.98083188969481,-9.238654553890228,55.687320709228516,47.76317977014516,1419.1726109876738,,,0.0,-1,-1,0,176,delayed
46,2540,11,20.57733574929352,-8.134878331964666,42.154660658402875,48.81754151205513,1450.5005358325598,,,0.0,-1,-1,0,176,delayed
46,2542,9,39.033782035776966,-10.222833262549507,40.86018922593858,48.43876434685715,1439.246046891425,,,0.0,-1,-1,0,176,delayed
46,2564,7,49.45117574272,-9.849814142499651,54.49815804617746,48.54416135363022,1442.37767560652,,,0.0,-1,-1,0,176,delayed
46,2592,14,-1.5603551585614603,-6.082893558910913,39.816470759255544,49.07250762715499,1458.0762652756362,,,0.0,-1,-1,0,176,delayed
46,2628,7,48.096471779291925,-9.976499829973493,54.37147194998605,48.07074179324031,1428.31110640312,,,0.0,-1,-1,0,176,delayed
46,2674,14,27.703788444860418,-9.750840766089302,25.806995255606516,51.17787403472479,1520.632367195471,,,0.0,-1,-1,0,176,delayed
46,2718,10,29.60684734634582,0.9283688306808473,44.52214431762695,49.663684121785685,1475.641709902169,,,0.0,-1,-1,0,176,delayed
46,2782,8,38.060222255551416,-5.875049948692322,46.35277581214905,48.68100057397642,1446.4435371039915,,,0.0,-1,-1,0,176,delayed
46,2818,10,32.207468439775155,1.0309054374694826,41.29275560379028,49.65481289951437,1475.3781220143014,,,0.0,-1,-1,0,176,delayed
46,2940,7,48.753297943378264,-9.976499829973493,54.37147194998605,47.132973633302385,1400.4474906546543,,,0.0,-1,-1,0,176,delayed
46,2972,7,48.137523414547324,-9.913156918116979,54.434814998081755,45.23010571053723,1343.9081636812161,,,0.0,-1,-1,0,176,delayed
46,2976,12,20.630052047969947,4.110687732696533,41.413390239079796,57.094432235705405,1696.4292339567287,,,0.0,-1,-1,0,176,delayed
46,2982,8,47.230111226922844,-15.29729962348938,43.85865068435669,47.95528205418913,1424.8804868312704,,,0.0,-1,-1,0,176,delayed
46,3010,10,24.4293128117639,1.626723575592041,52.61885414123535,48.00344009298487,1426.311391766551,,,0.0,-1,-1,0,176,delayed
46,3028,9,34.76095654903665,-9.570050133599175,47.53484196133084,48.200920715461,1432.1790725191233,,,0.0,-1,-1,0,176,delayed
46,3038,11,16.398508650053717,-12.190980651161887,41.721337751908735,48.24941580028788,1433.6199919990454,,,0.0,-1,-1,0,176,delayed
46,3054,11,42.76184709558608,-2.9803536155007104,28.330247012051668,48.91153735793124,1453.293405374662,,,0.0,-1,-1,0,176,delayed
46,3134,11,33.83941185118503,13.425446597012607,30.335624174638227,49.44495177278804,1469.1425831621082,,,0.0,-1,-1,0,176,delayed
46,3140,14,48.27208155232889,20.269714423588344,46.9920289175851,50.63609261703331,1504.5345832365724,,,0.0,-1,-1,0,176,delayed
46,3238,10,38.40115384413482,-15.180907249450684,52.66042289733887,48.11843422049826,1429.7281767665615,,,0.0,-1,-1,0,176,delayed
46,3242,11,30.223479686600037,-14.065353133461691,35.76647186279297,53.97831364497287,1603.8409645442023,,,0.0,-1,-1,0,176,delayed
46,3264,18,24.04491225336846,19.57426251305474,43.33485900031196,59.14393325408837,1757.3254248191818,,,0.0,-1,-1,0,176,delayed
46,3284,10,38.82976535734933,-1.7929986000061031,42.68757667541504,54.46213633941957,1618.2166388572887,,,0.0,-1,-1,0,176,delayed
46,3324,7,47.489819836073295,-9.786471366882324,54.68818664550781,47.81075491721264,1420.5861966410328,,,0.0,-1,-1,0,176,delayed
46,3376,9,38.38135601134431,2.3401667277018228,34.35181172688802,46.841077487982616,1391.774470627842,,,0.0,-1,-1,0,176,delayed
46,3382,7,48.383833226079695,-9.976499829973493,54.37147194998605,46.971968557506386,1395.6635965567473,,,0.0,-1,-1,0,176,delayed
46,3462,19,35.042147608417224,-5.683979536357679,52.106756712260996,110.86522122736648,3294.104082561788,,,0.0,-1,-1,0,176,delayed
46,3480,21,36.04204429677938,-7.899381910051618,39.516193140120734,102.85660836678815,3056.1466417374522,,,0.0,-1,-1,0,176,delayed
46,3668,10,39.27860763979026,9.311400032043457,35.525660610198976,49.673060500287264,1475.9203073411106,,,0.0,-1,-1,0,176,delayed
46,3704,11,37.831018613881284,-13.591721448031338,44.5782450762662,55.231553886075304,1641.0781048208607,,,0.0,-1,-1,0,176,delayed
46,3716,15,18.886202824415875,-2.4313098907470705,18.578248723347983,57.43094033997228,1706.4277953433264,,,0.0,-1,-1,0,176,delayed
46,3960,12,17.26110138308974,-7.639412085215251,32.83175261815389,56.145869620294455,1668.2448858861776,,,0.0,-1,-1,0,176,delayed
46,3976,12,22.12779738418855,-13.096465428670248,32.07732264200846,47.52531088806887,1412.1048863497108,,,0.0,-1,-1,0,176,delayed
46,3986,10,25.887424154369732,-8.898483276367188,37.36765899658203,47.08229202689833,1398.941603734319,,,0.0,-1,-1,0,176,delayed
46,4044,14,8.21618011108559,10.03192526953561,44.838371821812224,49.018035066706716,1456.4577389084518,,,0.0,-1,-1,0,176,delayed
46,4160,9,39.430540083511374,-13.326633135477701,45.983922746446396,54.89244241042778,1631.002190264364,,,0.0,-1,-1,0,176,delayed
46,4200,9,35.20796324403985,2.4694918526543512,44.18470907211304,48.76210768382389,1448.8534476125847,,,0.0,-1,-1,0,176,delayed
46,4224,7,49.36679182580612,-9.913156918116979,54.434814998081755,47.00128361269368,1396.5346257388833,,,0.0,-1,-1,0,176,delayed
46,4260,10,35.67441300461529,0.5154525756835937,47.256485557556154,48.19061099329964,1431.8727429282396,,,0.0,-1,-1,0,176,delayed
46,4298,8,38.09280519649649,-1.2228139638900757,55.09843063354492,47.71157999611701,1417.6394428362587,,,0.0,-1,-1,0,176,delayed
46,4316,12,35.72708846267131,-7.907299796740214,49.361523389816284,54.22074359533863,1611.0442107957685,,,0.0,-1,-1,0,176,delayed
46,4368,7,49.72257266468621,-9.849814142499651,54.49815804617746,49.36304351473106,1466.7088683841648,,,0.0,-1,-1,0,176,delayed
46,4718,14,25.49637696566266,-3.4838570867265974,22.93677180153983,56.4632642760094,1677.6755352782866,,,0.0,-1,-1,0,176,delayed
46,4750,10,35.768842836017974,-2.336163711547851,40.758786582946776,48.47059552333994,1440.1918368086222,,,0.0,-1,-1,0,176,delayed
46,4754,7,48.1808556962058,-9.976499829973493,54.561500549316406,46.965080957122474,1395.4589474134675,,,0.0,-1,-1,0,176,delayed
46,4758,8,46.264257475219495,-15.131024599075317,44.246625900268555,47.54370228599594,1412.6513442769567,,,0.0,-1,-1,0,176,delayed
46,4790,11,39.992034746542856,7.099438580599698,45.57841422341087,54.93652722285099,1632.3120686822713,,,0.0,-1,-1,0,176,delayed
46,4842,13,23.63546348106076,-0.1321671926058253,39.861085414886475,57.317069045229594,1703.0443727266954,,,0.0,-1,-1,0,176,delayed
47,22,8,43.25828178626206,-4.655699968338013,45.18885064125061,48.5704773391536,1443.1595943578604,,,0.0,-1,-1,0,176,delayed
47,100,10,27.968887099655518,-7.975657272338867,49.84483289718628,54.18162343745266,1609.8818456250142,,,0.0,-1,-1,0,176,delayed
47,112,7,49.95063730499397,-10.03984260559082,54.49815804617746,47.9212594778749,1423.8695845275972,,,0.0,-1,-1,0,176,delayed
47,144,15,11.208348762480114,-3.249752553304036,46.24707940419515,56.018866677885086,1664.4712866775485,,,0.0,-1,-1,0,176,delayed
47,294,11,34.035557505772665,2.929967099970037,36.59280846335671,56.88682217519981,1690.2605803400108,,,0.0,-1,-1,0,176,delayed
47,306,7,50.09659867479094,-9.913157054356166,54.561500549316406,46.572851950255995,1383.8047680548364,,,0.0,-1,-1,0,176,delayed
47,482,9,41.336221282261704,3.975204255845812,48.892754872639976,48.66162526809337,1445.8678446234849,,,0.0,-1,-1,0,176,delayed
47,618,14,14.266544841083942,-22.150205203465053,25.616966247558594,49.42748490292111,1468.623595451614,,,0.0,-1,-1,0,176,delayed
47,662,8,37.770865243160955,-1.9502671957015991,53.934505462646484,49.080647526265025,1458.318123584249,,,0.0,-1,-1,0,176,delayed
47,676,15,6.534173184448255,7.704075622558594,27.5866587638855,51.318612169710384,1524.814075939617,,,0.0,-1,-1,0,176,delayed
47,678,9,49.6125948270267,-5.14836671617296,43.02792273627387,55.948157734976014,1662.3703336921872,,,0.0,-1,-1,0,176,delayed
47,694,14,24.961565384140975,6.953857558114188,20.610901355743408,58.16071359482586,1728.1113227069484,,,0.0,-1,-1,0,176,delayed
47,952,10,37.72130422169266,-11.187536144256592,47.46432960033417,49.045250891410376,1457.266394303481,,,0.0,-1,-1,0,176,delayed
47,970,16,21.1540468203429,4.522333741188049,41.569533824920654,52.07952539669388,1547.422855678947,,,0.0,-1,-1,0,176,delayed
47,1002,8,48.952284342046774,-9.810224890708923,54.506075859069824,55.69925653364626,1654.9748091590839,,,0.0,-1,-1,0,176,delayed
47,1012,7,50.10572126040324,-9.849814142499651,54.49815804617746,47.7192532725017,1417.8674365279285,,,0.0,-1,-1,0,176,delayed
47,1060,10,27.157366125679555,-11.68913230895996,45.737840461730954,48.859910351337405,1451.7594280704323,,,0.0,-1,-1,0,176,delayed
47,1090,12,25.7040502233438,-11.641559362411499,35.951717933019005,49.260382244187966,1463.6585257548616,,,0.0,-1,-1,0,176,delayed
47,1140,15,15.199320544562116,14.44375483194987,51.74960556030273,52.16472459614871,1549.9543531823842,,,0.0,-1,-1,0,176,delayed
47,1162,9,42.595644907072305,-15.565187242296007,54.293613009982636,55.619839946877974,1652.6151286407007,,,0.0,-1,-1,0,176,delayed
47,1198,11,31.87675106126304,-9.366824756969105,43.51177096366882,50.18460168231876,1491.119572516189,,,0.0,-1,-1,0,176,delayed
47,1250,7,48.5161107174582,-9.976499829973493,54.62484359741211,48.24780018475552,1433.5719877136432,,,0.0,-1,-1,0,176,delayed
47,1318,7,47.83875873574417,-9.849814142499651,54.49815804617746,47.375228207740754,1407.6455260154469,,,0.0,-1,-1,0,176,delayed
47,1350,10,33.6101999451898,1.9537313461303711,34.79593906402588,49.544964599583295,1472.1142334001854,,,0.0,-1,-1,0,176,delayed
47,1364,11,24.769917685202913,-11.750100049105557,31.491991476579145,56.97754042994971,1692.9560638291175,,,0.0,-1,-1,0,176,delayed
47,1378,12,17.246031307802,4.265415509541829,33.978776613871254,49.11723622862275,1459.405272398619,,,0.0,-1,-1,0,176,delayed
47,1390,10,34.362129064284474,-11.495144939422607,45.57156562805176,56.5278019902008,1679.593124450468,,,0.0,-1,-1,0,176,delayed
47,1440,9,36.33164843204078,-4.744995541042751,49.34231313069662,55.80421296277177,1658.0933471265896,,,0.0,-1,-1,0,176,delayed
47,1516,9,34.82836232050539,4.095291561550564,46.802000257703995,47.8279047068558,1421.095763044754,,,0.0,-1,-1,0,176,delayed
47,1540,8,45.35562123469225,-10.475324869155884,50.07207536697388,48.02537824483959,1426.9632332979932,,,0.0,-1,-1,0,176,delayed
47,1566,13,19.822582079419615,-16.122279772391686,45.052528821505035,57.50016956538302,1708.4847819396048,,,0.0,-1,-1,0,176,delayed
47,1638,9,47.682661159711294,-14.903166559007433,48.79730076260037,55.755426747349055,1656.6437773731761,,,0.0,-1,-1,0,176,delayed
47,1646,10,34.72879002213836,-16.10650477409363,43.22154567241669,49.160135778663,1460.679933481357,,,0.0,-1,-1,0,176,delayed
47,1652,9,44.446602892499065,-2.6357665591769748,44.11178970336914,54.84059723631373,1629.461730615977,,,0.0,-1,-1,0,176,delayed
47,1820,10,30.581206473501528,-7.088857340812683,50.60969791412354,54.46489596769802,1618.2986348401387,,,0.0,-1,-1,0,176,delayed
47,1866,9,34.766278057310494,5.265375243292914,46.937483893500435,48.19873355561422,1432.1140861140027,,,0.0,-1,-1,0,176,delayed
47,1902,13,22.385134433531036,17.01760695530818,42.651520655705376,59.21954731333763,1759.5721220116338,,,0.0,-1,-1,0,176,delayed
47,1926,7,49.77274688555392,-9.786471366882324,54.62484359741211,48.58440897464845,1443.573540741156,,,0.0,-1,-1,0,176,delayed
47,1970,10,32.883290952768014,-14.49917984008789,48.6365683555603,54.501656753213986,1619.3908967082496,,,0.0,-1,-1,0,176,delayed
47,2072,10,32.28462127196015,0.22170019149780273,38.94450073242187,54.194886552657955,1610.275928471389,,,0.0,-1,-1,0,176,delayed
47,2188,9,33.23368367444239,3.4178751839531794,48.11372587415907,48.18460419294369,1431.694264724195,,,0.0,-1,-1,0,176,delayed
47,2204,9,41.98544529167111,-2.68811215294732,50.62940470377604,55.368520210481826,1645.1477429220258,,,0.0,-1,-1,0,176,delayed
47,2378,12,28.25930601359983,-10.096587737401327,54.49221992492676,57.349187647151304,1703.998702827201,,,0.0,-1,-1,0,176,delayed
47,2380,9,35.88734246700107,4.994408713446723,46.771209081014,48.321528235026456,1435.7626465037315,,,0.0,-1,-1,0,176,delayed
47,2398,7,49.37591441141843,-10.03984260559082,54.49815804617746,48.07718400661176,1428.5025218996361,,,0.0,-1,-1,0,176,delayed
47,2426,15,29.717185976414125,-8.090202331542969,29.76486126581828,57.822899213857674,1718.0739483241089,,,0.0,-1,-1,0,176,delayed
47,2434,9,-18.798000109984166,26.687137285868328,24.617584705352783,2.411636293861097,71.65620447344618,,,0.0,-1,-1,0,176,delayed
47,2552,7,48.085068547276535,-9.976499829973493,54.561500549316406,48.29362738219489,1434.933637079478,,,0.0,-1,-1,0,176,delayed
47,2564,11,16.81503761585215,-15.098273624073375,32.07234928824685,47.7437723800525,1418.5959651989554,,,0.0,-1,-1,0,176,delayed
47,2574,10,33.07007589318006,-4.550392436981201,49.994480514526366,55.68052141294973,1654.4181383033326,,,0.0,-1,-1,0,176,delayed
47,2580,10,48.12612018253193,-12.060479736328125,45.383120727539065,55.716976104386,1655.5013052925772,,,0.0,-1,-1,0,176,delayed
47,2806,13,13.352734412113367,-7.979068242586576,39.03252029418945,50.52003663667386,1501.0862477308533,,,0.0,-1,-1,0,176,delayed
47,2820,12,14.736940156682847,2.8613154888153076,41.082414309183754,57.512620013806654,1708.8547182688521,,,0.0,-1,-1,0,176,delayed
47,2848,13,41.89979240859315,17.70402402144212,41.48759570488563,49.91143043729551,1483.0029196695386,,,0.0,-1,-1,0,176,delayed
47,2852,9,39.91892624532696,-8.5970332092709,48.200922860039604,55.380969190783155,1645.517635629409,,,0.0,-1,-1,0,176,delayed
47,2894,10,34.678465790706596,-12.016139888763428,37.397260665893555,50.333337896504325,1495.5389257177544,,,0.0,-1,-1,0,176,delayed
47,2898,14,26.510295102513187,1.2450830595833915,34.64800105776106,50.74901739925339,1507.8898824189073,,,0.0,-1,-1,0,176,delayed
47,2902,11,18.659165687142263,-3.0030272006988525,52.46542809226296,49.814037934227464,1480.1091263011983,,,0.0,-1,-1,0,176,delayed
47,2948,9,26.976201307063103,0.4711125691731769,39.982627073923744,49.167262151104126,1460.8916771850388,,,0.0,-1,-1,0,176,delayed
47,2960,9,32.849953842012475,-4.086053848266601,41.58379364013672,48.57942722474924,1443.4255195447918,,,0.0,-1,-1,0,176,delayed
47,3036,9,37.66379933659396,-1.271695560879178,36.40463564130995,50.03487516599509,1486.670794773004,,,0.0,-1,-1,0,176,delayed
47,3068,14,22.658505535889056,-19.107768365315028,33.46095289502825,56.91388272702966,1691.0646221600898,,,0.0,-1,-1,0,176,delayed
47,3090,11,36.106849933154656,-1.4108180132779204,40.751400687477805,56.231584391065674,1670.7917024009278,,,0.0,-1,-1,0,176,delayed
47,3134,7,48.68715919768901,-9.976499829973493,54.37147194998605,48.2374718017646,1433.2651036592936,,,0.0,-1,-1,0,176,delayed
47,3252,17,45.79360437416261,-7.029194158666274,41.042618471033435,99.02358900778916,2942.257321180176,,,0.0,-1,-1,0,176,delayed
47,3294,10,38.22737965853557,-8.48279619216919,41.24564447402954,48.78253132325133,1449.460288903964,,,0.0,-1,-1,0,176,delayed
47,3334,16,3.3940682258763006,-27.459623396396637,26.770430266857147,58.27670501745121,1731.5577400286502,,,0.0,-1,-1,0,176,delayed
47,3336,10,32.7539783017135,-23.954685020446778,53.84651832580566,50.740307294077326,1507.6310817535377,,,0.0,-1,-1,0,176,delayed
47,3344,12,27.83467908035547,-8.97885004679362,16.077133814493816,49.5902501973369,1473.4597903818062,,,0.0,-1,-1,0,176,delayed
47,3346,9,40.68699727285229,-2.386353916592068,50.58013788859049,56.5175122772978,1679.2873893884987,,,0.0,-1,-1,0,176,delayed
47,3348,12,27.79500441670663,-0.14779977997144048,25.798867384592693,48.96851410786509,1454.9863379507246,,,0.0,-1,-1,0,176,delayed
47,3368,8,40.467528263701,-2.0507249832153316,44.135775566101074,47.79802098011003,1420.20783710021,,,0.0,-1,-1,0,176,delayed
47,3412,10,24.014785392802757,-2.3694185256958002,30.378566932678222,49.8458158327305,1481.053333186236,,,0.0,-1,-1,0,176,delayed
47,3446,7,49.71116943267083,-9.976499829973493,54.37147194998605,47.31037014584317,1405.7184184507967,,,0.0,-1,-1,0,176,delayed
47,3516,20,3.848532686318927,-8.29573655128479,29.9083984375,52.58579476768733,1562.4654811606147,,,0.0,-1,-1,0,176,delayed
47,3532,12,37.827058683368506,-1.9953000545501707,25.05986698468526,57.24018531465512,1700.7599501822397,,,0.0,-1,-1,0,176,delayed
47,3540,8,49.03210696615449,-10.641599893569946,42.47302532196045,47.98244250078923,1425.6874967938097,,,0.0,-1,-1,0,176,delayed
47,3542,10,48.39432419953385,-14.011439895629882,44.80204048156738,55.01586850128605,1634.669511587406,,,0.0,-1,-1,0,176,delayed
47,3690,13,28.13126392773692,2.127467522254357,29.800673484802246,50.8963739537359,1512.2682422177627,,,0.0,-1,-1,0,176,delayed
47,3716,9,43.44380426421154,-21.307833247714573,45.93983395894369,49.57056161600657,1472.8747896446762,,,0.0,-1,-1,0,176,delayed
47,3720,15,23.382510498217805,3.99429505666097,30.530985514322918,59.4403648276048,1766.1332046234372,,,0.0,-1,-1,0,176,delayed
47,3752,9,33.062814172966384,-1.2070331573486337,35.731278313530815,50.118451448192744,1489.1540710371448,,,0.0,-1,-1,0,176,delayed
47,3818,13,18.180747454686955,5.661877045264611,35.08804468008188,50.969069302570716,1514.4282166689832,,,0.0,-1,-1,0,176,delayed
47,3836,9,37.305484446154885,-12.242766486273872,44.50592295328776,56.76447326024335,1686.6252648119018,,,0.0,-1,-1,0,176,delayed
47,3862,27,-18.98086228042197,16.1543348453663,12.334886727509675,51.62794567493868,1534.0052068566422,,,0.0,-1,-1,0,176,delayed
47,3940,14,35.51649698409129,-2.0922934668404713,16.95285109111241,50.00694191933082,1485.840822840803,,,0.0,-1,-1,0,176,delayed
47,4004,9,38.98175955241689,3.0299000210232205,42.92938947677612,47.93116292505008,1424.163842595277,,,0.0,-1,-1,0,176,delayed
47,4006,12,7.794855928783465,-21.061500025292236,19.919933716456097,49.93066955156312,1483.574565530632,,,0.0,-1,-1,0,176,delayed
47,4214,19,5.061930390118234,6.680171163458573,25.41948870608681,59.36795937621284,1763.9818438054142,,,0.0,-1,-1,0,176,delayed
47,4248,11,41.67480808728285,-4.04350571198897,45.71193807775324,55.852572068722296,1659.5302263081498,,,0.0,-1,-1,0,176,delayed
47,4434,9,25.064006000660527,-20.845957967970108,53.29904259575738,49.482394221105864,1470.2550990665497,,,0.0,-1,-1,0,176,delayed
47,4500,10,20.496204122134706,3.1924799919128417,33.042620515823366,47.87389110224466,1422.4621426101012,,,0.0,-1,-1,0,176,delayed
47,4566,9,39.3666819842252,-15.269587410820854,53.5053465101454,53.60367057943385,1592.7093108296024,,,0.0,-1,-1,0,176,delayed
47,4574,8,34.953126612158634,-12.771998167037964,51.627439975738525,49.90514257144764,1482.8160902533273,,,0.0,-1,-1,0,176,delayed
47,4672,8,43.04276070117123,-12.082649827003479,50.40462589263916,49.565747014622715,1472.731734880532,,,0.0,-1,-1,0,176,delayed
47,4836,13,43.10532565815769,3.3937154549818773,8.73336205115685,51.23312404449907,1522.2739936743983,,,0.0,-1,-1,0,176,delayed
47,4874,8,48.662927329656306,-9.865649819374084,54.506075859069824,54.991402183311834,1633.9425514367663,,,0.0,-1,-1,0,176,delayed
47,4876,10,36.08972978493098,-9.053673648834229,50.828626823425296,56.74568611312297,1686.0670481110842,,,0.0,-1,-1,0,176,delayed
47,4914,8,47.535432764134846,-15.740699887275696,55.33745098114014,48.28472268202184,1434.6690544730545,,,0.0,-1,-1,0,176,delayed
47,4978,10,32.09623987906595,-0.4932825088500973,50.7538028717041,48.44972243399133,1439.5716411505277,,,0.0,-1,-1,0,176,delayed
47,4988,9,28.698596151698453,-10.561541451348198,53.957984076605904,49.31392582364312,1465.2494495966716,,,0.0,-1,-1,0,176,delayed
47,5020,11,33.66525339858638,-2.4815283688631924,41.635681108994916,57.47899457765697,1707.8556160682492,,,0.0,-1,-1,0,176,delayed
47,5044,20,1.3986208067314716,7.095785903930664,36.83519973754883,61.18200689888422,1817.882077659075,,,0.0,-1,-1,0,176,delayed
47,5190,9,35.14672592306403,-1.8505789438883464,39.84098508622911,49.00941349059017,1456.2015686796892,,,0.0,-1,-1,0,176,delayed
47,5226,7,48.65523014804593,-9.849814142499651,54.56150109427316,48.70374991687426,1447.1194813043971,,,0.0,-1,-1,0,176,delayed
47,5428,10,35.97957456366233,0.2798960685729993,37.86560192108154,47.695645986671714,1417.1660005341168,,,0.0,-1,-1,0,176,delayed
47,5436,13,22.7102913359903,4.655700170076811,8.972115883460411,49.07532231594209,1458.1598972543768,,,0.0,-1,-1,0,176,delayed
47,5480,9,36.2084067995232,-18.06239191691081,43.291750563515556,48.752352426977765,1448.5635926783907,,,0.0,-1,-1,0,176,delayed
47,5508,12,27.63136803728581,-11.459118510286013,49.670244455337524,55.42692110740171,1646.8829907377008,,,0.0,-1,-1,0,176,delayed
47,5516,8,37.730953931107095,-13.894354343414307,55.61803913116455,49.65572554397721,1475.4052391373964,,,0.0,-1,-1,0,176,delayed
47,5526,11,31.290893161491457,5.109177502718839,41.809513959017664,54.37242366821185,1615.5510339614411,,,0.0,-1,-1,0,176,delayed
48,26,20,7.957645829662363,-8.34284815788269,11.386122226715088,112.39409126582575,3339.530925891369,,,0.0,-1,-1,0,176,delayed
48,144,16,9.591175772648269,-20.35136717557907,19.037936568260193,96.58540611152264,2869.812345707189,,,0.0,-1,-1,0,176,delayed
48,154,19,3.5428176894618515,-24.254271607649954,19.789410540932103,98.85393511472786,2937.2164474456654,,,0.0,-1,-1,0,176,delayed
48,184,18,12.405583196788244,-13.948625008265177,20.626357369952732,106.39184920994212,3161.1881612090083,,,0.0,-1,-1,0,176,delayed
48,358,14,15.687761202373823,-20.99815709250314,17.76767213003976,96.96035465034157,2880.9530758550222,,,0.0,-1,-1,0,176,delayed
48,382,15,13.688042090209686,-19.67772250175476,20.36654624938965,97.150303242478,2886.5969597160424,,,0.0,-1,-1,0,176,delayed
48,422,19,15.871102973583863,-12.030142206894723,18.696489836040296,104.9527630395645,3118.4290382260015,,,0.0,-1,-1,0,176,delayed
48,444,19,15.107364368431012,-12.530425523456774,16.096355086878727,110.93847035301586,3296.2805112124906,,,0.0,-1,-1,0,176,delayed
48,506,18,8.403094885388855,-9.888743930392796,19.540951093037922,98.8390256749349,2936.773447865211,,,0.0,-1,-1,0,176,delayed
48,514,16,8.15005046185303,-16.37635549902916,13.830270171165466,97.70195078011747,2902.987892650245,,,0.0,-1,-1,0,176,delayed
48,660,25,20.36336023122349,-18.933179931640623,28.37490348815918,159.1696733054115,4729.3593504863375,,,0.0,-1,-1,0,176,delayed
48,684,20,15.869876352817197,-23.443389320373534,23.703004598617554,98.70282008309029,2932.726413175739,,,0.0,-1,-1,0,176,delayed
48,686,16,8.606364147719344,-21.139441430568695,13.760988712310791,98.02231807015511,2912.506867008019,,,0.0,-1,-1,0,176,delayed
48,692,15,14.073319289236254,-21.770940017700195,15.280967203776042,102.82448551785725,3055.192185446874,,,0.0,-1,-1,0,176,delayed
48,838,18,9.105243359180301,-11.074223068025377,9.821492671966553,99.77043421644439,2964.448102235196,,,0.0,-1,-1,0,176,delayed
48,848,19,19.14635127644566,-15.88072099183735,11.739658205132736,101.58713684076646,3018.427226304295,,,0.0,-1,-1,0,176,delayed
48,976,18,10.500788916083556,-10.045781188540989,5.676934480667114,97.73650468894365,2904.0145822727677,,,0.0,-1,-1,0,176,delayed
48,994,22,6.69480783576596,-8.571980183774775,17.5752215385437,111.67328104450371,3318.113714375239,,,0.0,-1,-1,0,176,delayed
48,1074,17,11.495939294625801,-11.174658046049231,12.379596710205078,98.35159768940603,2922.2906506515337,,,0.0,-1,-1,0,176,delayed
48,1090,21,2.9558067060901547,-6.573141098022461,2.581852231706892,104.8490066294767,3115.346156053591,,,0.0,-1,-1,0,176,delayed
48,1156,17,10.741990936852673,-14.470815406126135,17.57598652559168,103.4487040930825,3073.7393992105426,,,0.0,-1,-1,0,176,delayed
48,1182,20,0.67147267935411,-25.246087408065797,14.523680353164673,106.76333019436758,3172.225860983949,,,0.0,-1,-1,0,176,delayed
48,1266,16,15.09607600117539,-16.572075128555298,17.98541283607483,104.14855707343747,3094.533914697527,,,0.0,-1,-1,0,176,delayed
48,1302,20,11.701574900156269,-15.477431344985963,19.603381538391112,105.18297391035672,3125.2692227395155,,,0.0,-1,-1,0,176,delayed
48,1362,16,11.469329950433245,-18.799467265605927,23.322981595993042,99.1820703495648,2946.9662283484786,,,0.0,-1,-1,0,176,delayed
48,1428,22,0.5094338570921622,-12.921583034775473,6.281061692671343,107.55101164244185,3195.6299966103784,0.7165163159370422,81.61180877685547,130.87060546875,6,12,2,176,delayed
48,1462,17,7.564294402636964,-12.513008790857652,15.71598866406609,95.94178421663801,2850.6886070983287,,,0.0,-1,-1,0,176,delayed
48,1512,18,12.797600972961687,-19.509600030051338,11.69824488957723,105.16210068756445,3124.6490231164503,,,0.0,-1,-1,0,176,delayed
48,1516,15,17.720473665835815,-20.292939949035645,20.279713948567707,104.1026447168128,3093.1697350231166,,,0.0,-1,-1,0,176,delayed
48,1520,15,16.997812842247306,-20.174700037638345,20.25015385945638,104.41077701529964,3102.325174855172,,,0.0,-1,-1,0,176,delayed
48,1536,11,-24.15161441199549,-9.074583920565518,0.2614952434193011,49.15521897488067,1460.5338420089079,,,0.0,-1,-1,0,176,delayed
48,1586,12,-16.559519371200288,-27.42382828394572,-12.469992558161417,49.5837243361,1473.2658894820945,,,0.0,-1,-1,0,176,delayed
48,1600,15,17.627879421870865,-20.2042599995931,20.25015385945638,103.41748703355562,3072.8118563608145,,,0.0,-1,-1,0,176,delayed
48,1678,15,13.045203890728892,-21.711819966634113,15.369647216796874,104.18721020545684,3095.6824032729264,,,0.0,-1,-1,0,176,delayed
48,1686,25,-1.0068539016391347,-11.543918986320495,-2.826900615692139,98.88458107802388,2938.1270214894444,,,0.0,-1,-1,0,176,delayed
48,1708,14,15.943193599518509,-20.934814316885813,17.8943578175136,97.52691324999941,2897.7870565703624,,,0.0,-1,-1,0,176,delayed
48,1734,17,19.242124201922223,-15.686905243817497,17.021736481610468,104.01994397136951,3090.7124733121886,,,0.0,-1,-1,0,176,delayed
48,1784,17,11.212782587794369,-14.69740592732149,12.6458298739265,106.037247500589,3150.6519901218826,,,0.0,-1,-1,0,176,delayed
48,1798,16,20.117722408199842,-21.006075024604797,16.461225628852844,105.53635540188257,3135.7691378711493,,,0.0,-1,-1,0,176,delayed
48,1818,16,10.384740045369675,-18.851428151130676,19.46401607990265,95.64498198617503,2841.869814078681,,,0.0,-1,-1,0,176,delayed
48,1820,24,-8.628854044636645,-17.49582502245903,25.29043674468994,102.89043501931764,3057.1517226182123,,,0.0,-1,-1,0,176,delayed
48,1900,18,10.457778315806918,-20.11003753874037,17.13507260216607,111.60269534278262,3316.016423217239,,,0.0,-1,-1,0,176,delayed
48,1916,19,16.17642261597935,-16.044078927291068,11.853889666105571,111.861870929955,3323.717227404099,,,0.0,-1,-1,0,176,delayed
48,1928,27,23.924550033409023,-12.808307047243472,25.527200910780167,159.98803573408114,4753.67510061475,,,0.0,-1,-1,0,176,delayed
48,1982,19,10.760411243072443,-16.345999366358708,23.904516722026624,102.20487667949784,3036.7819393711893,,,0.0,-1,-1,0,176,delayed
48,2026,18,-1.3888887466239817,-11.673120922512478,16.595728238423664,98.18015880269184,2917.1967399518294,,,0.0,-1,-1,0,176,delayed
48,2066,19,5.8027687160913555,-10.136940956115723,14.327595459787469,104.52971171007373,3105.859044713331,,,0.0,-1,-1,0,176,delayed
48,2112,18,18.295723727668694,-15.446639531188541,15.813060998916626,105.45735968367451,3133.4219624903285,,,0.0,-1,-1,0,176,delayed
48,2174,7,-17.652264472959974,-5.637514114379883,4.618178606033325,1.4721532927602836,43.7416361790597,,,0.0,-1,-1,0,176,delayed
48,2294,19,2.908437887342649,-10.797665144267835,21.955890253970498,98.30442646009398,2920.889066481709,,,0.0,-1,-1,0,176,delayed
48,2410,16,12.57302718806963,-22.452320963144302,20.73359501361847,96.4114310204082,2864.6430775493336,,,0.0,-1,-1,0,176,delayed
48,2440,15,12.493546891530553,-23.2507874806722,20.085726420084637,97.00108594551654,2882.1633122505173,,,0.0,-1,-1,0,176,delayed
48,2570,24,-7.908813744498846,-8.162485917409262,11.142786383628845,112.1069979295637,3331.000610246958,,,0.0,-1,-1,0,176,delayed
48,2574,33,10.8401753053726,-19.94124311389345,17.039962826353133,206.53648371386882,6136.754761031137,,,0.0,-1,-1,0,176,delayed
48,2606,21,10.407868393320557,-16.944214457557315,4.158405213128953,105.3584205164973,3130.4822135689296,,,0.0,-1,-1,0,176,delayed
48,2624,21,1.36417752931296,2.8966160955883207,7.958077362605503,99.23244799100556,2948.463083651726,,,0.0,-1,-1,0,176,delayed
48,2630,17,15.520694734078669,-10.90568385404699,20.178812363568476,105.26614501827348,3127.740460185368,,,0.0,-1,-1,0,176,delayed
48,2644,16,12.707727866251396,-17.458875089883804,8.7819504737854,97.66463902583013,2901.879260017172,,,0.0,-1,-1,0,176,delayed
48,2778,16,15.334546090697186,-22.474837511777878,15.796125531196594,98.19213300468843,2917.552525718057,,,0.0,-1,-1,0,176,delayed
48,2788,21,6.815407724442501,-1.5888500213623047,15.047257650466193,106.56694268184606,3166.3906594698988,,,0.0,-1,-1,0,176,delayed
48,2802,18,16.446805283839407,-26.57936668395996,15.792556020948622,104.546226647013,3106.3497479347084,,,0.0,-1,-1,0,176,delayed
48,2818,15,14.987554410683272,-17.94476744333903,18.2677864074707,97.25586862686887,2889.7335913832994,,,0.0,-1,-1,0,176,delayed
48,3078,16,16.01503396121545,-20.89522498846054,17.791425585746765,107.9651643478361,3207.9355880532116,,,0.0,-1,-1,0,176,delayed
48,3084,15,17.88331181901555,-22.835100173950195,13.359567260742187,100.09378486292407,2974.0557201416564,,,0.0,-1,-1,0,176,delayed
48,3112,14,15.489344965306074,-20.903142860957555,17.799343517848424,96.04255822891835,2853.682874205667,,,0.0,-1,-1,0,176,delayed
48,3116,17,14.464359494391609,-16.95515952390783,22.237688176772174,104.25975427018815,3097.837882666297,,,0.0,-1,-1,0,176,delayed
48,3168,17,13.77506765797911,-22.913347188164206,20.47601800806382,104.09741927516293,3093.0144730890183,,,0.0,-1,-1,0,176,delayed
48,3260,15,14.82309581952544,-20.3224999109904,19.718073908487955,96.98863988282679,2881.7935062332267,,,0.0,-1,-1,0,176,delayed
48,3270,22,-3.5809713931170735,-11.731204943223434,18.456982786005195,108.18447095147708,3214.4517774441565,,,0.0,-1,-1,0,176,delayed
48,3362,18,6.691806504237308,-18.157845709058975,12.014908684624565,105.21136768379358,3126.112878161498,,,0.0,-1,-1,0,176,delayed
48,3386,19,14.443011315619195,-18.746776982357627,15.329156273289732,104.71284194163273,3111.3003367320593,,,0.0,-1,-1,0,176,delayed
48,3388,14,15.833722572170787,-20.966485704694474,17.767671857561385,97.71087695212135,2903.2531132425474,,,0.0,-1,-1,0,176,delayed
48,3434,21,24.918801153396004,-3.452185585385277,24.540347689674014,98.92081366827274,2939.2035892546924,,,0.0,-1,-1,0,176,delayed
48,3498,35,10.273647713045563,-21.36317035130092,16.513357203347343,215.20027668685916,6394.179366212486,,,0.0,-1,-1,0,176,delayed
48,3650,16,9.33806588675727,-11.871342182159424,18.061070799827576,96.18928270772057,2858.0424533350206,,,0.0,-1,-1,0,176,delayed
48,3668,19,11.133766573849005,-13.20135992451718,14.06021539788497,98.76760226009172,2934.651265995904,,,0.0,-1,-1,0,176,delayed
48,3670,18,4.193954669355054,-8.289116806454128,14.589092254638672,97.96177720232033,2910.708034897385,,,0.0,-1,-1,0,176,delayed
48,3682,15,11.893280758240538,-19.96778008143107,12.679687245686848,98.5521347713656,2928.249147040886,,,0.0,-1,-1,0,176,delayed
48,3690,15,10.697005698279593,-22.096100171407063,12.94572728474935,99.49161656695367,2956.163679516244,,,0.0,-1,-1,0,176,delayed
48,3692,14,16.56124877475253,-20.96648563657488,17.831014769417898,96.40268296633904,2864.3831493202224,,,0.0,-1,-1,0,176,delayed
48,3696,17,8.545011758172645,-15.975441091200885,16.465856327730066,96.47720588842319,2866.597425891036,,,0.0,-1,-1,0,176,delayed
48,3736,11,-1.0123516127011507,-9.492790742353959,-12.958281603726475,55.835020967881825,1659.0087358687501,,,0.0,-1,-1,0,176,delayed
48,3856,26,-0.5230830277102825,-17.351222698505108,5.602141196911152,149.9872472663989,4456.524761170905,,,0.0,-1,-1,0,176,delayed
48,3948,17,10.129704455461733,-17.29749034432804,20.41570270762724,102.48866860126986,3045.2141611063544,,,0.0,-1,-1,0,176,delayed
48,3992,17,13.822820564822814,-13.055847728953642,13.797824579126695,103.13350007301696,3064.3738394990046,,,0.0,-1,-1,0,176,delayed
48,3994,24,11.683555487303058,-22.5579750140508,18.47426501909892,113.21252382073911,3363.8487596592067,,,0.0,-1,-1,0,176,delayed
48,4020,17,15.08728367598566,-20.77948449639713,21.40957316230325,98.06992206490025,2913.9213098035157,,,0.0,-1,-1,0,176,delayed
48,4036,22,19.31568311432221,-4.228675582192161,7.333679415962913,105.73253153235788,3141.598058655735,,,0.0,-1,-1,0,176,delayed
48,4072,23,7.801137917069686,-12.24049066460651,10.759871627973473,112.46592359532065,3341.6652577154487,,,0.0,-1,-1,0,176,delayed
48,4128,20,6.133459733845518,-7.357668685913086,13.86412284374237,102.68935855633248,3051.1771997670094,,,0.0,-1,-1,0,176,delayed
48,4152,9,-32.695284444911564,-0.5973580148484969,19.794491397009956,3.8498668949497783,114.38990619037423,,,0.0,-1,-1,0,176,delayed
48,4228,16,11.580083841382697,-19.77460080385208,17.730804443359375,104.46450749606697,3103.921652037955,,,0.0,-1,-1,0,176,delayed
48,4274,23,8.698849296403202,-8.013732080874236,15.742534461228743,98.5005563414304,2926.7166130799133,,,0.0,-1,-1,0,176,delayed
48,4278,16,10.433631402635651,-17.864170253276825,16.938714504241943,94.93203679259699,2820.6862937031447,,,0.0,-1,-1,0,176,delayed
48,4514,14,14.325074976534982,-20.903142860957555,17.831015041896276,97.14064838653721,2886.3100879629446,,,0.0,-1,-1,0,176,delayed
48,4540,18,5.973999186957083,-17.560487588246662,14.453608724806044,98.42259964131436,2924.400309722807,,,0.0,-1,-1,0,176,delayed
48,4744,19,23.981067312739544,-11.516731613560728,17.43630027770996,104.7031297740652,3111.011762096294,,,0.0,-1,-1,0,176,delayed
48,4826,20,12.292882577507509,-18.56044692993164,1.9504574298858643,98.84822077652203,2937.0466590791734,,,0.0,-1,-1,0,176,delayed
48,4850,15,16.19178774755905,-15.858939997355144,19.067753728230795,97.5181520928619,2897.526739013828,,,0.0,-1,-1,0,176,delayed
48,4872,16,14.530006207160971,-16.378087520599365,17.985413074493408,104.10163302164992,3093.139674837159,,,0.0,-1,-1,0,176,delayed
48,4882,26,9.940983193266762,-19.805910697350136,27.441865407503567,102.04378211197685,3031.995386233293,,,0.0,-1,-1,0,176,delayed
48,4998,16,15.653836587128044,-20.922937631607056,17.819138050079346,111.0741583742896,3300.3121674874183,,,0.0,-1,-1,0,176,delayed
48,5014,17,19.391887844663216,-19.67913537866929,25.06925369711483,103.67606020839516,3080.494761256057,,,0.0,-1,-1,0,176,delayed
48,5158,16,11.1181104043593,-22.47483742237091,13.27137541770935,105.15534298395721,3124.4482335559833,,,0.0,-1,-1,0,176,delayed
48,5172,18,18.647233892099077,-9.174377282460531,18.67878450287713,103.45484163154075,3073.9217619954493,,,0.0,-1,-1,0,176,delayed
48,5206,19,11.792223689433209,-15.128107974403783,16.844128056576377,103.45438050562548,3073.9080607035266,,,0.0,-1,-1,0,176,delayed
48,5216,21,1.8842872257520855,-15.162696611313592,24.20779818580264,106.72440649893872,3171.0693332415126,,,0.0,-1,-1,0,176,delayed
48,5276,15,12.672698311559556,-21.564020093282064,15.369647343953451,104.40314714401812,3102.098470845929,,,0.0,-1,-1,0,176,delayed
48,5282,17,17.138563284260105,-16.262347053079043,13.665782928466797,109.48279658542795,3253.0285260759124,,,0.0,-1,-1,0,176,delayed
48,5350,9,37.13874385357433,-14.14877086215549,49.51474645402696,53.184664016933986,1580.2594982294875,,,0.0,-1,-1,0,176,delayed
48,5492,18,11.919419255023731,-15.76533317565918,10.244878239101833,104.97213352764336,3119.0045875565797,,,0.0,-1,-1,0,176,delayed
48,5510,17,11.98940976587766,-19.375927981208353,20.371169482960422,103.37653631887694,3071.595100421364,,,0.0,-1,-1,0,176,delayed
48,5546,15,17.52038495473915,-20.23381996154785,20.279713821411132,103.34692160545987,3070.715167586782,,,0.0,-1,-1,0,176,delayed
48,5792,21,16.974731919785967,0.9290284202212379,3.7893253508068265,98.80275781436285,2935.695832123741,,,0.0,-1,-1,0,176,delayed
48,5812,15,12.979217188133186,-19.31745999654134,14.069006983439127,97.8664154389361,2907.874580270166,,,0.0,-1,-1,0,176,delayed
48,5814,43,30.10225751157362,-34.79658838760021,38.15734297730202,118.73800618118545,3528.0257107369594,,,0.0,-1,-1,0,176,delayed
48,5832,18,7.884247828688714,-22.491772916581894,17.211002667744953,110.22845955490206,3275.184179623226,,,0.0,-1,-1,0,176,delayed
48,5836,18,7.936152522272014,-8.516975031958687,17.559507343504166,96.4918712381305,2867.0331728981514,,,0.0,-1,-1,0,176,delayed
49,31,15,17.391604454512034,-20.174699974060058,20.30927391052246,103.6282722063757,3079.0748511092406,0.30734875798225403,174.9240264892578,174.9240264892578,3,15,1,176,delayed
49,145,18,9.632057615314894,-25.629443910386826,15.258320649464926,98.40446379301281,2923.861444862668,,,0.0,-1,-1,0,176,delayed
49,155,19,14.720728959617041,-0.5863381435996606,27.34815968965229,100.11721516708556,2974.7518975338053,,,0.0,-1,-1,0,176,delayed
49,197,18,17.955743497831648,-14.090266625086466,14.38586680094401,97.41616406989027,2894.496400381712,,,0.0,-1,-1,0,176,delayed
49,401,18,5.817438163988111,-17.61283344692654,14.06304497188992,104.33627493766613,3100.111517629083,,,0.0,-1,-1,0,176,delayed
49,417,18,11.770259257752652,-21.604972786373562,15.587791442871094,104.10787208354881,3093.3250541567054,,,0.0,-1,-1,0,176,delayed
49,465,17,6.155659859559651,-14.726748578688678,15.409521102905273,102.25178904849236,3038.1758321043353,,,0.0,-1,-1,0,176,delayed
49,471,16,10.637179094110323,-13.977492153644562,22.110559701919556,95.72035788236909,2844.1094348058195,,,0.0,-1,-1,0,176,delayed
49,515,18,18.685967667750855,-8.39996666378445,3.1232562594943576,99.55001425351115,2957.8988319434116,,,0.0,-1,-1,0,176,delayed
49,529,17,11.453820925954407,-22.460166201871985,25.2616107043098,103.75762019132645,3082.91812784274,,,0.0,-1,-1,0,176,delayed
49,659,19,9.736599995040287,-8.729437326130114,18.169952392578125,109.06480610480973,3240.608904002976,,,0.0,-1,-1,0,176,delayed
49,699,17,8.133831139215,-23.07962215647978,12.934957784764906,97.88229589008913,2908.3464312113083,,,0.0,-1,-1,0,176,delayed
49,725,22,1.7874505839829424,-4.6531806859103115,18.402416185899213,103.48685829095609,3074.873063109743,,,0.0,-1,-1,0,176,delayed
49,733,15,14.560213310797367,-19.494819966952004,13.004847081502279,96.86727925162502,2878.1875552751335,,,0.0,-1,-1,0,176,delayed
49,919,17,18.670666958607633,-18.19244109883028,24.443276910220874,105.74066840454196,3141.8398270262314,,,0.0,-1,-1,0,176,delayed
49,923,25,25.424295062274084,-18.401099853515625,20.968612480163575,152.26332368649952,4524.153116976912,,,0.0,-1,-1,0,176,delayed
49,1035,18,15.413240079334567,-14.28579372829861,18.642324871487087,98.1907817853508,2917.512377355142,0.7030684947967529,65.27660369873047,65.27660369873047,2,15,1,176,delayed
49,1059,21,7.588909830322535,-2.527116139729817,14.74811890011742,105.66091775697176,3139.4702206623992,,,0.0,-1,-1,0,176,delayed
49,1091,22,10.407978469718534,-3.8621151230551978,17.873760483481668,98.5361076862772,2927.7729392109027,,,0.0,-1,-1,0,176,delayed
49,1107,14,15.04803988631057,-20.99815709250314,17.86268629346575,97.92323511845629,2909.5628458615315,,,0.0,-1,-1,0,176,delayed
49,1159,16,14.767805459532415,-22.036633610725403,20.782091975212097,103.91228092470394,3087.5135144535325,,,0.0,-1,-1,0,176,delayed
49,1173,17,15.698631067681212,-18.21037264431224,21.354148331810446,105.03058238048447,3120.7412602717322,,,0.0,-1,-1,0,176,delayed
49,1233,16,13.21093734378099,-18.58989143371582,15.409882664680481,100.09674673826689,2974.143725429075,,,0.0,-1,-1,0,176,delayed
49,1247,25,22.99281666926844,-15.159845924377441,29.124249629974365,159.75913530648512,4746.873852895254,,,0.0,-1,-1,0,176,delayed
49,1359,18,4.571185457109032,-11.426787482367622,13.622233602735731,103.14493115229358,3064.713487627574,,,0.0,-1,-1,0,176,delayed
49,1425,14,15.943193599518509,-20.966485704694474,17.92602906908308,96.6710546128556,2872.357193178584,,,0.0,-1,-1,0,176,delayed
49,1455,20,8.053694535112415,-24.981433057785033,15.171208572387695,111.88059073008274,3324.2734430445203,,,0.0,-1,-1,0,176,delayed
49,1465,8,-15.570265696596355,-33.088725090026855,-14.09542465209961,48.9207211051022,1453.566279218363,,,0.0,-1,-1,0,176,delayed
49,1487,9,-27.244631793559645,35.8414997127321,-46.18616655137804,4.214079248258623,125.21163537353803,,,0.0,-1,-1,0,176,delayed
49,1541,14,15.392417493175278,-21.029828480311803,17.86268629346575,96.18278807619059,2857.849480353947,,,0.0,-1,-1,0,176,delayed
49,1645,15,15.464869717351466,-23.160260073343913,17.05767396291097,94.6768083775035,2813.102770621357,,,0.0,-1,-1,0,176,delayed
49,1665,18,8.595423248539916,-9.942629019419352,17.96903657913208,98.5165527550856,2927.191909579073,,,0.0,-1,-1,0,176,delayed
49,1701,19,10.692603674049623,-25.809088807356986,22.772680382979544,100.31142724145188,2980.522460925735,,,0.0,-1,-1,0,176,delayed
49,1735,21,2.4117415326706886,-4.361419609614781,15.326122283935547,104.8078402326906,3114.122991618286,,,0.0,-1,-1,0,176,delayed
49,1805,15,-9.43220679954508,-1.354217402140299,8.417504564921062,65.48882076263563,1945.849108025811,,,0.0,-1,-1,0,176,delayed
49,1823,20,13.723601536282459,-17.442247462272643,15.576755356788635,104.3657433051301,3100.9871021315516,,,0.0,-1,-1,0,176,delayed
49,1825,17,15.872811042502216,-18.66192344795255,18.965982773724726,98.54017407213598,2927.893762478204,,,0.0,-1,-1,0,176,delayed
49,1893,22,3.252558566469081,-8.96247438950972,22.288865609602496,113.29349731207117,3366.2547000021127,,,0.0,-1,-1,0,176,delayed
49,1911,19,7.9284217696515285,-15.15582049520392,15.699164189790425,113.45970058352293,3371.1930464823113,,,0.0,-1,-1,0,176,delayed
49,1915,22,-4.298161468303448,-19.091393145647917,27.10162214799361,108.0406836033588,3210.1794683718117,,,0.0,-1,-1,0,176,delayed
49,1967,18,19.66275505435833,-16.84919998380873,18.477589395311142,109.51791902920802,3254.0721084019533,,,0.0,-1,-1,0,176,delayed
49,2029,15,13.404937850040993,-21.711819966634113,15.280967076619467,101.4981358631965,3015.7827677417313,,,0.0,-1,-1,0,176,delayed
49,2067,17,11.33204697910825,-17.85337069455315,16.195771049050723,107.22313585404811,3185.887924559615,,,0.0,-1,-1,0,176,delayed
49,2121,16,13.753060350563096,-22.064346134662628,22.413665294647217,101.88965801129125,3027.4159444239594,,,0.0,-1,-1,0,176,delayed
49,2259,18,7.403114776841611,-10.075033320320976,18.963607258266872,99.06290766632227,2943.4255843393607,,,0.0,-1,-1,0,176,delayed
49,2349,18,3.1595176097808935,-17.642085605197483,16.791745556725395,98.23540171504119,2918.838155547162,,,0.0,-1,-1,0,176,delayed
49,2383,16,9.835632558978148,-17.039723426103592,20.33349573612213,96.63542732430938,2871.2986105559057,,,0.0,-1,-1,0,176,delayed
49,2555,21,6.415386249653666,-8.131639253525506,14.704150313422794,104.09177124626264,3092.846654950445,,,0.0,-1,-1,0,176,delayed
49,2557,18,9.370589620430387,-13.346648030810886,19.76929982503255,105.12408861109992,3123.51958202679,,,0.0,-1,-1,0,176,delayed
49,2565,15,12.711013171131262,-16.71063741048177,18.482096227010093,94.93118428534623,2820.6609634184624,,,0.0,-1,-1,0,176,delayed
49,2573,16,6.589518160547216,-19.630842208862305,18.2827707529068,96.45701901763016,2865.9976196329753,,,0.0,-1,-1,0,176,delayed
49,2595,23,10.581171034075744,-24.95329881751019,17.059480584186055,101.96472790534023,3029.646473003856,,,0.0,-1,-1,0,176,delayed
49,2613,16,15.064146951532301,-20.036137580871582,15.823838114738464,104.80906305911554,3114.1593250822357,,,0.0,-1,-1,0,176,delayed
49,2793,23,20.91037167479161,-14.277961938277535,29.381958173668902,145.59690106976345,4326.075760392412,,,0.0,-1,-1,0,176,delayed
49,2807,18,14.214299710207232,-13.023335456848145,18.87942049238417,110.54065534879877,3284.460356839566,,,0.0,-1,-1,0,176,delayed
49,2819,24,-7.088288696590001,-7.588606238365173,24.144986669222515,98.37990954450201,2923.131872059149,,,0.0,-1,-1,0,176,delayed
49,2873,16,15.482217945296458,-20.922937512397766,17.902275443077087,109.62616345010127,3257.288341453505,,,0.0,-1,-1,0,176,delayed
49,2951,17,20.720699763632815,-14.38441775826847,18.128606347476733,104.13659021562628,3094.1783471468125,,,0.0,-1,-1,0,176,delayed
49,3093,9,-13.635475895985953,20.356370819939507,21.3351927863227,2.7344455151402163,81.24773518011702,,,0.0,-1,-1,0,176,delayed
49,3121,18,1.7812469668543573,-24.617937564849854,14.438213136461046,105.90277489031018,3146.656446978521,,,0.0,-1,-1,0,176,delayed
49,3191,18,12.802922481235534,-15.728383408652412,21.95347801844279,105.03303372825079,3120.814096410924,,,0.0,-1,-1,0,176,delayed
49,3205,16,15.809490704138089,-20.922937512397766,17.736000537872314,109.89945562963376,3265.4085875898827,,,0.0,-1,-1,0,176,delayed
49,3279,15,11.498773586348772,-18.81494007110596,14.453287124633789,100.22233329229856,2977.875239927226,,,0.0,-1,-1,0,176,delayed
49,3283,17,1.241095770056722,-16.940488268347348,9.020383273853975,98.36329211201614,2922.638123419248,,,0.0,-1,-1,0,176,delayed
49,3369,16,18.061486486776978,-11.620197594165802,20.345620274543762,98.71445655764842,2933.072164150881,,,0.0,-1,-1,0,176,delayed
49,3385,10,-20.739059191247286,-23.519598770141602,-9.870433568954468,55.552289602595174,1650.6080261209295,,,0.0,-1,-1,0,176,delayed
49,3477,35,12.816479569207493,-19.850859614780973,16.966510908944265,214.42918479847341,6371.268151050135,,,0.0,-1,-1,0,176,delayed
49,3541,21,7.155735152520374,-15.203605356670561,6.609402157011486,106.48644797799369,3163.9989451915244,,,0.0,-1,-1,0,176,delayed
49,3579,18,7.126529199354628,-12.760066668192545,8.668344815572103,106.7662251129002,3172.3118768043414,,,0.0,-1,-1,0,176,delayed
49,3597,17,15.770940974225846,-17.744150834925033,21.80080851386575,103.98051246500701,3089.540857140297,,,0.0,-1,-1,0,176,delayed
49,3609,19,9.52723123391269,-19.4250041058189,18.151455778824655,106.25905813463994,3157.2425809951405,,,0.0,-1,-1,0,176,delayed
49,3623,17,15.492970424391926,-18.34893535165226,15.67412410062902,106.10948739667754,3152.798431846299,,,0.0,-1,-1,0,176,delayed
49,3627,16,8.808914056392668,-19.532116413116455,14.523082494735718,96.98264019692147,2881.6152394186565,,,0.0,-1,-1,0,176,delayed
49,3633,22,4.6965896951050805,-13.538815931840377,11.216004913503474,97.2252612208294,2888.824162979376,,,0.0,-1,-1,0,176,delayed
49,3635,28,-0.37931225979046446,5.124833175114223,4.6005904504231045,108.9776214705444,3238.0184138881264,,,0.0,-1,-1,0,176,delayed
49,3641,15,17.69280182281181,-20.11558005015055,20.250153986612954,104.39058750482482,3101.7252901650613,,,0.0,-1,-1,0,176,delayed
49,3659,24,6.7752515272421645,-7.2883875370025635,24.593005379041035,99.89755020972416,2968.2250604894266,,,0.0,-1,-1,0,176,delayed
49,3759,33,13.241121278840447,-16.729112509525184,24.03168032386086,187.80948633280894,5580.325270843588,,,0.0,-1,-1,0,176,delayed
49,3833,14,15.160931883262908,-20.839800085340226,17.83101490565709,98.66929152860541,2931.730189590125,,,0.0,-1,-1,0,176,delayed
49,3845,17,15.849824508638175,-19.524271347943476,20.102195431204404,104.49563574511176,3104.8465560892546,,,0.0,-1,-1,0,176,delayed
49,3911,20,-2.8428423469090633,-22.602314949035645,19.658806443214417,98.28114547632912,2920.197325800395,,,0.0,-1,-1,0,176,delayed
49,3943,20,20.76725589834627,-25.131080436706544,23.500703620910645,108.00741935463591,3209.191098021685,,,0.0,-1,-1,0,176,delayed
49,3955,16,12.386292344870613,-16.750474333763123,17.893615245819092,101.28615067983031,3009.484117450518,,,0.0,-1,-1,0,176,delayed
49,3977,19,9.829716967373503,-17.21383802514327,15.809020293386359,103.40460223690135,3072.4290143767194,,,0.0,-1,-1,0,176,delayed
49,4001,19,12.914193338689586,-21.278824555246455,17.855833856683027,97.8973750102547,2908.7944724522763,,,0.0,-1,-1,0,176,delayed
49,4033,8,-19.35081975809308,33.4628427028656,35.5368686914444,2.267245082013115,67.36595298457736,,,0.0,-1,-1,0,176,delayed
49,4105,16,15.015255594266328,-16.62750017642975,16.350375652313232,103.75920716471279,3082.965281092903,,,0.0,-1,-1,0,176,delayed
49,4143,16,12.791392162217264,-19.558096885681152,19.235388040542603,99.07470786904557,2943.776200118913,,,0.0,-1,-1,0,176,delayed
49,4161,20,12.572976398891715,-27.562852382659912,28.201687812805176,98.38893140244079,2923.3999357380862,,,0.0,-1,-1,0,176,delayed
49,4251,16,14.497555779714764,-16.59978750348091,18.290250658988953,97.64661715580394,2901.3437817583326,,,0.0,-1,-1,0,176,delayed
49,4253,16,10.338991495854971,-13.411117911338806,20.94836688041687,96.88099238076639,2878.5950092466237,,,0.0,-1,-1,0,176,delayed
49,4285,23,12.142069163550154,-16.663646615069844,19.604211060897164,105.7396614818014,3141.8099086417837,,,0.0,-1,-1,0,176,delayed
49,4305,18,14.515561227368828,-14.30580825275845,13.01563811302185,97.44837630652775,2895.453512621613,,,0.0,-1,-1,0,176,delayed
49,4509,22,4.394735427175201,-17.020513577894732,12.77758095481179,110.97773642023513,3297.4472117422074,0.35373544692993164,104.39319610595703,104.39319610595703,7,10,1,176,delayed
49,4539,20,19.390160086766496,-27.490799856185912,8.43978042602539,105.5820380432666,3137.1264920875506,,,0.0,-1,-1,0,176,delayed
49,4549,15,17.296881607237545,-18.63758004506429,15.22184715270996,97.17095715873467,2887.2106431517373,,,0.0,-1,-1,0,176,delayed
49,4737,22,10.497742941480345,-6.412924376401036,23.766903270374645,97.85638528931358,2907.576557531795,,,0.0,-1,-1,0,176,delayed
49,4813,15,17.65980847151395,-20.2042599995931,20.309274037679035,105.1175330602862,3123.324798969851,,,0.0,-1,-1,0,176,delayed
49,4839,20,3.718683365544149,-5.603467273712158,12.738995361328126,97.3663739754333,2893.017002680557,,,0.0,-1,-1,0,176,delayed
49,4867,18,5.674511505886772,-14.262700027889675,3.7637227376302085,106.51202407237153,3164.758879785739,,,0.0,-1,-1,0,176,delayed
49,4967,22,10.69256635657785,-12.031003865328701,13.570307558233088,104.61394270971823,3108.36177439479,0.834480345249176,34.2051887512207,34.2051887512207,2,13,1,176,delayed
49,5141,15,14.740080290453417,-18.10550003051758,14.364607238769532,99.4283634264114,2954.2842584842165,,,0.0,-1,-1,0,176,delayed
49,5163,19,14.67128076935834,-18.7278158288253,18.29929888875861,105.05947394195317,3121.5997063157847,,,0.0,-1,-1,0,176,delayed
49,5197,17,6.114339912962716,-20.6066889482386,10.68750426348518,97.76590799095978,2904.888233505677,,,0.0,-1,-1,0,176,delayed
49,5201,16,13.283775488279279,-20.17470008134842,18.678225576877594,104.52664306025606,3105.7678668689146,,,0.0,-1,-1,0,176,delayed
49,5249,20,11.00537962889399,-7.116569900512696,12.52605037689209,97.89722016220531,2908.7898715000024,,,0.0,-1,-1,0,176,delayed
49,5261,15,13.646534325673676,-21.62314001719157,15.458327356974284,104.8895117466436,3116.5496720917763,,,0.0,-1,-1,0,176,delayed
49,5475,17,11.979079779228428,-22.4797280255486,22.38603131911334,104.00146449818402,3090.1633984319874,,,0.0,-1,-1,0,176,delayed
49,5493,15,13.528396841994253,-21.593580055236817,15.369647216796874,103.21677869105861,3066.8482713599988,,,0.0,-1,-1,0,176,delayed
49,5509,16,10.184185702299043,-20.07251015305519,18.115315318107605,102.73821217313268,3052.6287721967387,,,0.0,-1,-1,0,176,delayed
49,5575,17,15.68924017072736,-21.087582475998822,13.926606570973115,111.6994240112525,3318.890492273159,,,0.0,-1,-1,0,176,delayed
49,5621,25,8.383964960212749,-14.321820220947266,11.531196365356445,116.67645798263368,3466.771565730382,,,0.0,-1,-1,0,176,delayed
49,5629,23,-4.176936136516371,-3.0025891843049424,26.738426374352496,107.5984069271127,3197.0382380678893,,,0.0,-1,-1,0,176,delayed
49,5687,18,19.470136072850835,-24.21456660164727,12.833966996934679,99.36942173493368,2952.5329422068453,,,0.0,-1,-1,0,176,delayed
49,5749,17,17.890774130263388,-18.467936010921704,20.585237839642694,104.27620408980151,3098.3266510766775,,,0.0,-1,-1,0,176,delayed
49,5751,19,16.143779188690697,-12.288305935106779,12.264207689385666,98.65432945078022,2931.285625992074,,,0.0,-1,-1,0,176,delayed
49,5769,17,10.621787455843409,-16.471005888546216,8.889971003812903,99.77133125678705,2964.4747557178866,,,0.0,-1,-1,0,176,delayed
49,5789,21,2.623592546708522,-17.540692828950426,19.56043615795317,105.25619197760632,3127.4447285615756,,,0.0,-1,-1,0,176,delayed
49,5815,18,9.111742403856233,-14.296570857365927,19.17348093456692,104.83487946247376,3114.926399902977,,,0.0,-1,-1,0,176,delayed
49,5839,18,3.091515538622952,-22.086862564086914,16.670608652962578,103.65714849276178,3079.93284328948,,,0.0,-1,-1,0,176,delayed
50,22,17,15.967210720561283,-17.95769993697896,11.289547443389893,95.89687526465616,2849.354241276214,,,0.0,-1,-1,0,176,delayed
50,132,17,10.857498969385011,-11.609907542957979,20.3548682717716,103.77721614980378,3083.5003765056413,,,0.0,-1,-1,0,176,delayed
50,134,17,15.643224775653504,-22.62644111408907,17.111394798054416,110.35738329986621,3279.014851045012,,,0.0,-1,-1,0,176,delayed
50,180,14,16.609142349217155,-20.99815709250314,17.799343517848424,95.5151042867455,2838.010798102452,,,0.0,-1,-1,0,176,delayed
50,334,15,12.4743894617447,-21.939062372843424,20.126371383666992,97.28870474906743,2890.709240942216,,,0.0,-1,-1,0,176,delayed
50,358,17,11.025903738412781,-14.071429308723001,12.387747371897978,103.91901018756592,3087.7134589629186,,,0.0,-1,-1,0,176,delayed
50,414,17,9.531504319501567,-15.752110873951631,16.591377594891718,96.11331105431569,2855.7851310578503,,,0.0,-1,-1,0,176,delayed
50,416,17,17.979987651324947,-21.718449227950153,16.428882206187527,97.02598228369621,2882.903049458728,,,0.0,-1,-1,0,176,delayed
50,466,16,13.643975079565339,-15.257463276386261,19.396466970443726,104.17344568550439,3095.2734223421357,,,0.0,-1,-1,0,176,delayed
50,482,17,14.361059627899273,-22.99159397798426,12.492076873779297,104.4079473660198,3102.2410983599307,,,0.0,-1,-1,0,176,delayed
50,578,14,16.115382402950864,-20.839800085340226,17.799343517848424,97.54862785762421,2898.4322560011324,,,0.0,-1,-1,0,176,delayed
50,616,15,13.381523213636061,-21.68226000467936,15.487887191772462,103.0486602502165,3061.8530200431214,1.0,8.746618270874023,8.746618270874023,7,14,1,176,delayed
50,642,17,4.150703359912941,-23.4349941926844,10.976559134090648,105.23601525298233,3126.845223773503,,,0.0,-1,-1,0,176,delayed
50,652,17,8.075915291655013,-9.904773487764245,15.504069496603574,98.17795482528524,2917.1312538517473,,,0.0,-1,-1,0,176,delayed
50,804,9,-10.365133506326474,-16.476620780097115,-17.892684512668186,46.82087525810819,1391.1742080101387,,,0.0,-1,-1,0,176,delayed
50,806,8,-17.433081213905247,-31.980225324630737,-18.978649616241455,54.246015839282975,1611.7951171758841,,,0.0,-1,-1,0,176,delayed
50,946,17,8.966663031400456,-18.357086069443646,14.625939537497128,103.19780627531087,3066.284549829668,,,0.0,-1,-1,0,176,delayed
50,958,17,17.815646954632594,-17.201311840730554,8.603065266328699,105.94350902672103,3147.8667677947797,,,0.0,-1,-1,0,176,delayed
50,1020,15,9.735941304022711,-15.45433750152588,20.702791468302408,98.2826777549741,2920.2428539225975,,,0.0,-1,-1,0,176,delayed
50,1030,19,6.633175727817454,-13.506197377255088,15.406459507189298,106.23051002051506,3156.3943396959567,,,0.0,-1,-1,0,176,delayed
50,1100,15,13.734871363019545,-16.695857683817547,20.599331283569335,98.58224615143706,2929.1438371783947,,,0.0,-1,-1,0,176,delayed
50,1118,19,-18.875018741499062,3.5880392978065894,11.129518584201211,52.92021578884767,1572.402029691371,,,0.0,-1,-1,0,176,delayed
50,1164,26,-4.079201588638567,-16.99522355428109,19.71497293619009,107.6911674808757,3199.7944037569,,,0.0,-1,-1,0,176,delayed
50,1184,25,18.246893575663126,-12.863033962249755,28.11108070373535,154.84918610097986,4600.986048370371,,,0.0,-1,-1,0,176,delayed
50,1206,16,7.23109250181297,-15.969328045845032,18.840484738349915,97.77202895802841,2905.0701039100004,,,0.0,-1,-1,0,176,delayed
50,1262,24,-2.1072573127038026,-28.038121898969013,24.4986887772878,105.63270705871793,3138.6320048967964,,,0.0,-1,-1,0,176,delayed
50,1350,18,20.790914808414026,-25.817272928025986,13.094156795077854,103.82876582347457,3085.0320560406094,,,0.0,-1,-1,0,176,delayed
50,1384,16,11.699817777544268,-18.873944580554962,16.0957670211792,104.01252716502846,3090.4921000357253,,,0.0,-1,-1,0,176,delayed
50,1404,8,-8.924378348327146,-27.047400176525116,-9.60599970817566,50.11612973442455,1489.0850866729077,,,0.0,-1,-1,0,176,delayed
50,1406,12,-18.20696210949079,-0.5519404411315918,-2.2956218719482417,47.99354952816371,1426.017516468279,,,0.0,-1,-1,0,176,delayed
50,1418,11,4.302576579341747,-27.672191273082387,-27.594717892733488,50.23309612826407,1492.5604730132204,,,0.0,-1,-1,0,176,delayed
50,1428,15,14.996576989252873,-20.825020027160644,18.65391387939453,97.15867609974363,2886.845739838392,,,0.0,-1,-1,0,176,delayed
50,1460,16,13.632523063752302,-12.93480932712555,19.28388500213623,97.27053900374577,2890.1694877611517,,,0.0,-1,-1,0,176,delayed
50,1482,17,16.423608312518333,-18.32285286398495,13.248465257532457,109.88715100156658,3265.0429839758567,,,0.0,-1,-1,0,176,delayed
50,1540,19,14.58165061012207,-13.102178310093127,13.208885594418174,110.49055652057797,3282.971785827425,,,0.0,-1,-1,0,176,delayed
50,1550,27,-3.1284649157418776,-10.70523597576,11.95764015339039,102.34334559541355,3040.8962235098593,,,0.0,-1,-1,0,176,delayed
50,1568,16,13.082223362407301,-20.701237499713898,9.835025668144226,95.84379075900435,2847.776957752558,,,0.0,-1,-1,0,176,delayed
50,1586,23,21.759132672283478,-18.34326503587806,0.6077874225118886,99.8508543289427,2966.8376002037026,,,0.0,-1,-1,0,176,delayed
50,1650,15,12.18099094705604,-18.883297475179038,19.117636235555015,97.73763443983138,2904.0481502120215,,,0.0,-1,-1,0,176,delayed
50,1686,18,11.679197317408043,-12.761606242921617,16.253381808598835,103.40261986828513,3072.3701128701923,,,0.0,-1,-1,0,176,delayed
50,1698,10,-16.711520670215418,-14.604487752914428,-10.904992198944091,47.943249766659235,1424.522975187529,,,0.0,-1,-1,0,176,delayed
50,1708,10,-15.458305471724307,-20.219040203094483,-8.671364688873291,49.34774225656613,1466.2542268254197,,,0.0,-1,-1,0,176,delayed
50,1778,16,13.621026075134372,-15.04269140958786,20.622745037078857,103.40432380301334,3072.4207413565864,,,0.0,-1,-1,0,176,delayed
50,1790,19,7.478455305210724,-8.636090128045334,19.048001214077598,105.65663956510623,3139.343104068627,,,0.0,-1,-1,0,176,delayed
50,1798,18,9.237088466648087,-7.1790771484375,11.117821799384224,97.52583225388656,2897.754937266679,,,0.0,-1,-1,0,176,delayed
50,1870,18,11.023764881679146,-12.54606458875868,21.077945709228516,109.03035518957398,3239.5852745972015,,,0.0,-1,-1,0,176,delayed
50,1908,23,27.042002168664474,0.7940234723298446,25.920688877934996,100.98490320206692,3000.5332441705496,,,0.0,-1,-1,0,176,delayed
50,1944,20,3.631676705266738,-15.193378138542176,16.618242144584656,113.84703989504568,3382.701939833157,,,0.0,-1,-1,0,176,delayed
50,2032,19,16.855736223125575,-16.1607632386057,12.673132193715949,103.33973746679234,3070.5017074930547,,,0.0,-1,-1,0,176,delayed
50,2114,21,14.991194536916183,-8.361257144383021,14.429244404747372,105.56074873831463,3136.493929543763,,,0.0,-1,-1,0,176,delayed
50,2210,22,5.739222024837953,-10.690726792270487,16.366751063953746,105.8934456937827,3146.379251443006,,,0.0,-1,-1,0,176,delayed
50,2238,18,11.502700626325428,-3.7904541757371693,16.476621362898086,99.49434269558206,2956.2446801343367,,,0.0,-1,-1,0,176,delayed
50,2416,94,40.52293213553532,-37.82874193090073,43.909637192462355,120.35161004654523,3575.9702240989823,,,0.0,-1,-1,0,176,delayed
50,2432,19,8.267438926654341,-9.654159897252134,22.361368028741133,97.28049786004135,2890.4653921829145,,,0.0,-1,-1,0,176,delayed
50,2460,16,15.412046203551213,-18.12570708990097,19.50385284423828,96.51570142609994,2867.7412319143996,,,0.0,-1,-1,0,176,delayed
50,2468,22,-5.045829272694586,-18.883549430153586,17.380832585421476,98.63775619107187,2930.7931898442707,,,0.0,-1,-1,0,176,delayed
50,2480,16,15.675787808757665,-11.40196180343628,20.276338577270508,95.46842854796432,2836.6239362897622,,,0.0,-1,-1,0,176,delayed
50,2634,17,18.36313624704198,-15.558123420266543,15.62470032187069,103.55460594837677,3076.8860283338486,,,0.0,-1,-1,0,176,delayed
50,2638,18,13.880951377799212,-7.365366723802355,17.07348918914795,105.7404680711818,3141.8338745829647,,,0.0,-1,-1,0,176,delayed
50,2656,24,25.038245167086227,-18.03968282540639,33.54298861821493,156.83020087799486,4659.847328691971,,,0.0,-1,-1,0,176,delayed
50,2666,28,-3.274658907154849,-15.481389969055142,10.521886842591423,106.27204060271842,3157.628325060102,,,0.0,-1,-1,0,176,delayed
50,2698,16,15.738648125242491,-21.14463746547699,12.855688095092773,96.83669540927956,2877.2788270119745,,,0.0,-1,-1,0,176,delayed
50,2882,17,11.702987408785276,-25.16458017685834,12.500227479373708,101.67837803354179,3021.138247689465,,,0.0,-1,-1,0,176,delayed
50,2886,9,-13.84065964586185,-22.58876673380534,-10.167055130004883,54.937804284402205,1632.3500136177793,,,0.0,-1,-1,0,176,delayed
50,2910,10,-19.370376300999474,-33.04161396026611,-14.709036064147949,56.0077887804079,1664.1421325307224,,,0.0,-1,-1,0,176,delayed
50,2922,21,7.043302872096046,-17.5618071329026,21.093861171177455,106.53911176946733,3165.5637281647223,,,0.0,-1,-1,0,176,delayed
50,2964,17,8.783540540800406,-17.514299953685086,12.332841648774988,104.82915836574873,3114.756410722691,,,0.0,-1,-1,0,176,delayed
50,2974,23,9.87883591364767,-7.466711624808934,16.650638746178668,107.83391096733403,3204.035696890093,,,0.0,-1,-1,0,176,delayed
50,3052,15,19.224331904025153,-17.48474006652832,20.66399383544922,98.40522795501215,2923.8841501721777,,,0.0,-1,-1,0,176,delayed
50,3068,23,-3.6258129752857173,-16.204583168029785,20.28179761637812,112.80729932895424,3351.8084494702707,,,0.0,-1,-1,0,176,delayed
50,3130,16,10.474540497490855,-16.604983687400818,17.79315757751465,102.65418593298728,3050.1321264710455,,,0.0,-1,-1,0,176,delayed
50,3156,9,-15.455697431148032,-25.15987099541558,-12.479509565565321,53.722477450731965,1596.2393827082929,,,0.0,-1,-1,0,176,delayed
50,3276,22,12.35412318729583,-15.677716948769309,6.699669718742371,99.79156990364469,2965.0761003821667,,,0.0,-1,-1,0,176,delayed
50,3342,20,25.127118092187025,-8.22507004737854,-0.09566955566406214,99.14121501054642,2945.7523062765695,,,0.0,-1,-1,0,176,delayed
50,3394,24,11.690406651775012,-16.32612645626068,20.884097814559937,108.09891323363175,3211.9096273944942,,,0.0,-1,-1,0,176,delayed
50,3412,18,10.614472191528982,-16.173322863048977,13.355885876549614,98.27081171890451,2919.8902820571566,,,0.0,-1,-1,0,176,delayed
50,3428,23,2.8016317514061613,-4.736427506674891,7.472544213999873,99.27167877480915,2949.628735816209,,,0.0,-1,-1,0,176,delayed
50,3552,20,5.0993532060868105,-23.520984268188478,22.33400707244873,97.73113633104263,2903.8550739122315,,,0.0,-1,-1,0,176,delayed
50,3576,16,14.453176931457294,-17.29260003566742,16.71063804626465,103.67753908214328,3080.538702575051,,,0.0,-1,-1,0,176,delayed
50,3594,18,24.477660295565123,-12.784699969821506,16.35394485791524,101.91363651110099,3028.128410184119,,,0.0,-1,-1,0,176,delayed
50,3596,17,11.535829443006769,-22.81064785228056,17.06738062465892,111.69770601098097,3318.8394458616194,,,0.0,-1,-1,0,176,delayed
50,3680,24,-3.9427717215165017,-20.03498274087906,18.833372990290325,110.32783693005138,3278.1369488827786,,,0.0,-1,-1,0,176,delayed
50,3722,18,12.316891392224116,-15.731462584601509,16.94724358452691,104.85691430797145,3115.5811144627733,,,0.0,-1,-1,0,176,delayed
50,3754,20,15.851136025273842,-21.291514015197755,19.541972827911376,104.66587378077308,3109.9047862724533,,,0.0,-1,-1,0,176,delayed
50,3762,16,18.338348727748166,-20.396399974822998,15.851550459861755,95.67242916022539,2842.685343485407,,,0.0,-1,-1,0,176,delayed
50,3808,22,8.068136154275463,-15.743219343098728,18.611920963634144,113.11407825338212,3360.9236769168415,,,0.0,-1,-1,0,176,delayed
50,3832,11,-8.501858027167772,-6.255467068065297,-10.579130519520152,49.20313867973187,1461.957665401293,,,0.0,-1,-1,0,176,delayed
50,3876,21,16.03774922335784,-9.047471455165319,26.564259756179084,106.36988535216936,3160.5355558855617,,,0.0,-1,-1,0,176,delayed
50,3898,18,11.030436754934739,-18.0500750541687,13.437483628590902,98.31796811431323,2921.2914254717916,,,0.0,-1,-1,0,176,delayed
50,3970,25,-3.823737407043613,-17.642885856628418,23.37743236541748,101.37679084921527,3012.177280813289,,,0.0,-1,-1,0,176,delayed
50,4010,18,6.981828705162008,-13.77465205722385,18.67003716362847,104.44144800226682,3103.236492419565,,,0.0,-1,-1,0,176,delayed
50,4016,15,10.359622073717656,-18.284707514444985,17.05582637786865,97.86270605840026,2907.7643645917815,,,0.0,-1,-1,0,176,delayed
50,4198,18,9.459414277747609,-15.157197952270508,7.284259372287327,98.75138731609482,2934.1694763721844,,,0.0,-1,-1,0,176,delayed
50,4218,18,11.033230361824758,-19.190906233257717,20.803899976942276,105.46500025649323,3133.648984471042,,,0.0,-1,-1,0,176,delayed
50,4224,15,17.01662153000543,-21.948299916585288,20.131913884480795,97.98787233616218,2911.4833915509116,,,0.0,-1,-1,0,176,delayed
50,4232,17,15.134728869275484,-14.395828808055205,12.568693721995635,104.54667483613368,3106.3630648396484,,,0.0,-1,-1,0,176,delayed
50,4416,16,17.295665700341146,-20.50724995136261,15.934687972068787,102.74198934931816,3052.7410022663253,,,0.0,-1,-1,0,176,delayed
50,4490,18,9.316911090755802,-17.897656228807236,15.766873253716362,110.38430520396815,3279.8147732679663,,,0.0,-1,-1,0,176,delayed
50,4536,20,13.487446136401411,-22.391700172424315,15.49683051109314,112.61800723365783,3346.1840718971293,,,0.0,-1,-1,0,176,delayed
50,4550,14,14.834799447622816,-20.934814316885813,17.86268629346575,96.55836523385135,2869.008888459308,,,0.0,-1,-1,0,176,delayed
50,4554,19,15.745380445797693,-15.745075526990389,17.216523622211657,110.13777607431103,3272.4897293679646,,,0.0,-1,-1,0,176,delayed
50,4640,17,10.924972759831796,-23.762653799617993,12.092690860523897,103.5271187231714,3076.069308899522,,,0.0,-1,-1,0,176,delayed
50,4652,18,8.348105966559096,-25.002833472357857,17.03702958424886,98.08579940784594,2914.393068391454,,,0.0,-1,-1,0,176,delayed
50,4816,17,9.01281909409524,-15.494547857957727,17.03151747759651,97.27257521229603,2890.229988997014,,,0.0,-1,-1,0,176,delayed
50,4840,21,25.30234698934398,-1.117737293243408,16.694650990622385,105.14344361520526,3124.094671286844,,,0.0,-1,-1,0,176,delayed
50,4860,20,7.078940727279435,-13.714916276931763,21.260147857666016,111.18927817883196,3303.73268669018,,,0.0,-1,-1,0,176,delayed
50,4868,15,16.93821194958021,-22.98289992014567,17.116793791453045,97.6628629643691,2901.826488451438,,,0.0,-1,-1,0,176,delayed
50,4920,19,9.65818252457611,-5.503119042045192,20.4598802265368,97.30386393421102,2891.1596611291516,,,0.0,-1,-1,0,176,delayed
50,4938,15,11.871279165518107,-15.179059918721517,8.035660362243652,90.3928640654063,2685.815256180685,,,0.0,-1,-1,0,176,delayed
50,4980,9,-5.516126821126026,21.455633375379776,-10.511922306484646,3.4595066240083625,102.79125200520917,,,0.0,-1,-1,0,176,delayed
50,5152,14,15.03777697749672,-20.934814316885813,17.799343381609237,98.2318346355873,2918.7321680168816,,,0.0,-1,-1,0,176,delayed
50,5194,15,13.107997688360294,-21.68226006825765,15.369647216796874,103.59291055975491,3078.024161423061,,,0.0,-1,-1,0,176,delayed
50,5336,16,17.00598174229969,-12.80317497253418,9.059075474739075,98.55361807311598,2928.293219927743,,,0.0,-1,-1,0,176,delayed
50,5432,23,14.977476308381648,-12.279047219649605,5.155101133429485,99.44959366537053,2954.9150660183986,,,0.0,-1,-1,0,176,delayed
50,5444,19,14.708377108395373,-23.568752088044818,19.400970860531455,100.32477825261802,2980.9191553976516,,,0.0,-1,-1,0,176,delayed
50,5448,17,21.21215138787298,-14.72348830279182,23.03482998118681,102.55333885815261,3047.1356884785932,,,0.0,-1,-1,0,176,delayed
50,5464,17,9.982267373286307,-19.89757509792552,18.76436368156882,96.79221221409695,2875.9571115701597,,,0.0,-1,-1,0,176,delayed
50,5474,16,15.106053829188856,-19.157997608184814,20.87215769290924,102.92744784500837,3058.251473278204,,,0.0,-1,-1,0,176,delayed
50,5520,19,11.037139186771247,-7.199415558262875,8.887658570942126,99.21184193859139,2947.8508223796016,,,0.0,-1,-1,0,176,delayed
50,5534,19,20.823741943509628,-22.1583315949691,9.0325843660455,98.40013573074518,2923.732846485039,,,0.0,-1,-1,0,176,delayed
51,48,28,-13.215688964654772,-0.5176299810409538,25.24320684160505,101.78052128172139,3024.173198480249,,,0.0,-1,-1,0,176,delayed
51,134,15,14.51394017431084,-22.836947441101074,20.802556228637695,96.75403229842814,2874.822683526053,,,0.0,-1,-1,0,176,delayed
51,148,16,13.94330991996927,-19.397017940878868,15.71125590801239,95.86083242561463,2848.2833115299923,,,0.0,-1,-1,0,176,delayed
51,188,16,10.972107169711729,-19.674143135547638,17.356685638427734,97.63990638083743,2901.1443865740757,,,0.0,-1,-1,0,176,delayed
51,332,17,8.018182439061732,-20.513770622365616,9.855018279131722,105.76916419482893,3142.686513643377,,,0.0,-1,-1,0,176,delayed
51,354,18,7.599547136037864,-18.253299872080486,18.957939359876846,105.09885904169366,3122.7699436220464,,,0.0,-1,-1,0,176,delayed
51,408,17,18.102069311724982,-17.815877185148352,21.807329290053424,105.70635303807336,3140.8202251391162,0.605476438999176,146.63156127929688,146.63156127929688,7,0,1,176,delayed
51,410,16,13.847522771040012,-20.368687510490417,11.94117546081543,99.05495140885415,2943.1891825181447,,,0.0,-1,-1,0,176,delayed
51,468,22,20.769635707371194,-28.50986402684992,18.90753949772228,99.10014904722821,2944.5321259898833,,,0.0,-1,-1,0,176,delayed
51,478,19,12.099349668628633,-8.964264518336245,20.580475455836247,105.33177837452772,3129.6906038318225,,,0.0,-1,-1,0,176,delayed
51,580,19,8.56419245522617,-21.94829996008622,8.444258288333291,112.02186046797416,3328.470947141647,,,0.0,-1,-1,0,176,delayed
51,620,16,12.073464950246061,-14.299649894237518,14.549062848091125,96.51122237638208,2867.608147293287,,,0.0,-1,-1,0,176,delayed
51,656,21,8.36889090017506,-7.405835651216053,23.579647972470237,111.9665313519945,3326.8269702044663,,,0.0,-1,-1,0,176,delayed
51,676,16,12.882666802138015,-23.056799948215485,13.465363085269928,104.2703877314299,3098.153831416504,,,0.0,-1,-1,0,176,delayed
51,800,18,16.119823143354218,-14.347377035352919,17.647754033406574,104.60958784667541,3108.232379694004,,,0.0,-1,-1,0,176,delayed
51,802,18,15.266607983447313,-7.316100120544434,13.720767127143013,95.90577230757772,2849.6185963650883,,,0.0,-1,-1,0,176,delayed
51,918,16,18.512960717983795,-15.574425041675568,22.477750658988953,103.81356585953769,3084.580424205982,,,0.0,-1,-1,0,176,delayed
51,928,24,23.030835792211963,-15.40814999739329,26.258800665537517,152.16653534192915,4521.277274783446,,,0.0,-1,-1,0,176,delayed
51,964,22,8.614558299303724,-4.742616350000555,9.486893913962625,105.95163596825503,3148.1082410989375,,,0.0,-1,-1,0,176,delayed
51,970,17,8.220394437123359,-23.032347623039694,20.816199695362766,96.72031756246716,2873.8209279877333,,,0.0,-1,-1,0,176,delayed
51,1032,19,8.536739918979068,-8.338545247128135,18.06493648729826,111.0800786326487,3300.4880742958344,,,0.0,-1,-1,0,176,delayed
51,1040,20,9.213361717675804,-14.370316803455353,13.226232290267944,110.86478642043367,3294.0911632776647,,,0.0,-1,-1,0,176,delayed
51,1078,20,16.007290833760255,-25.724127960205077,12.059095001220703,98.89004666780906,2938.289418870928,,,0.0,-1,-1,0,176,delayed
51,1116,16,11.92132555944318,-17.741196155548096,16.016093373298645,103.63054036616998,3079.1422442407884,,,0.0,-1,-1,0,176,delayed
51,1142,20,7.374404003955766,-21.504900169372558,21.59824056625366,104.17897836719055,3095.4378132045554,,,0.0,-1,-1,0,176,delayed
51,1184,8,-20.439056902862674,-25.69987988471985,-12.51927638053894,54.252740433403225,1611.994922964389,,,0.0,-1,-1,0,176,delayed
51,1262,26,17.87580829541724,-20.352699444844173,23.711628712140598,153.33820485183654,4556.090729113579,,,0.0,-1,-1,0,176,delayed
51,1304,167,46.863399310105365,36.445090242488654,40.38549342126903,286.7517959069145,8520.167561310245,,,0.0,-1,-1,0,176,delayed
51,1316,15,14.07544789254579,-21.65270004272461,15.251407114664712,104.44464281407889,3103.3314188763616,,,0.0,-1,-1,0,176,delayed
51,1320,20,7.3828033686090295,-5.075544548034668,20.571050786972044,104.46805737820313,3104.0271285896442,,,0.0,-1,-1,0,176,delayed
51,1336,18,20.85122523551763,-15.662181178728739,22.570851114061142,104.70667373595036,3111.117062741393,,,0.0,-1,-1,0,176,delayed
51,1352,21,7.256695670940907,-7.428269795009068,12.502506982712518,104.97732864555866,3119.158948490917,,,0.0,-1,-1,0,176,delayed
51,1402,20,11.008035864138018,-7.882820701599121,23.50026206970215,104.97028954499046,3118.9497978694453,,,0.0,-1,-1,0,176,delayed
51,1408,16,14.381336569760354,-14.327362418174744,12.941737920045853,98.79464847806445,2935.454881918512,,,0.0,-1,-1,0,176,delayed
51,1502,17,-20.768331208194663,-13.192780438591452,-0.5991152454825003,51.22210128635785,1521.9464778656345,,,0.0,-1,-1,0,176,delayed
51,1552,19,11.718282732365012,-13.523699860823783,13.884195277565404,110.19365697162233,3274.1501012134586,,,0.0,-1,-1,0,176,delayed
51,1566,15,14.161656326582124,-20.686457506815593,19.01787134806315,95.99155702170297,2852.1674910851184,,,0.0,-1,-1,0,176,delayed
51,1642,18,10.00030143283569,-14.732272995842827,20.61299154493544,106.35453431943398,3160.079435390375,,,0.0,-1,-1,0,176,delayed
51,1652,16,15.456275592461452,-20.16603982448578,20.69549024105072,102.7740751495887,3053.6943577414995,,,0.0,-1,-1,0,176,delayed
51,1662,16,10.938509500116943,-16.653480410575867,15.745896577835083,105.35847838646302,3130.4839330413515,,,0.0,-1,-1,0,176,delayed
51,1670,18,17.456275785382516,-12.932499991522896,17.021633783976238,102.1655667591538,3035.613935847118,,,0.0,-1,-1,0,176,delayed
51,1746,20,10.79707855821677,-10.198200011253357,5.404820251464844,99.57815951615211,2958.7351034408566,,,0.0,-1,-1,0,176,delayed
51,1760,19,3.9372905642658105,-10.163194957532381,8.978553094361958,107.8135871419622,3203.4318213429237,,,0.0,-1,-1,0,176,delayed
51,1766,15,17.860961484265392,-20.174700037638345,20.191033808390298,104.35725485796544,3100.734887522225,,,0.0,-1,-1,0,176,delayed
51,1822,12,-21.874751723500406,-10.320597012837728,-11.847196737925211,56.53950936556392,1679.9409820793333,,,0.0,-1,-1,0,176,delayed
51,1878,16,15.84441310218521,-20.867512583732605,17.957700729370117,111.59740406989155,3315.8592052597996,,,0.0,-1,-1,0,176,delayed
51,1924,17,5.249438303513246,-19.62208024193259,10.80161464915556,97.38967841398753,2893.7094402667854,,,0.0,-1,-1,0,176,delayed
51,1994,14,16.78931341506028,-20.966485704694474,17.767671993800572,96.97457769022834,2881.3756806470274,,,0.0,-1,-1,0,176,delayed
51,2066,19,9.082745253354995,-17.588686390926963,20.14145098234478,97.28927748364629,2890.7262584278947,,,0.0,-1,-1,0,176,delayed
51,2164,17,13.924690633099184,-18.04083751229679,21.138968860401828,105.48747734328741,3134.3168392099137,,,0.0,-1,-1,0,176,delayed
51,2306,22,5.793917027424763,-20.140689329667524,10.222133853218772,111.70196898697556,3318.966110350916,,,0.0,-1,-1,0,176,delayed
51,2336,20,15.453738924695212,-22.679910278320314,17.42795057296753,112.37583254730225,3338.988410226271,,,0.0,-1,-1,0,176,delayed
51,2510,19,4.476723455604262,-8.008912437840513,12.575873362390618,102.20536560388848,3036.7964666306257,,,0.0,-1,-1,0,176,delayed
51,2512,16,14.916475096933034,-23.36163765192032,12.717125654220581,105.08177376346387,3122.2622940260294,,,0.0,-1,-1,0,176,delayed
51,2522,19,11.48301605078438,-15.478160556993986,16.211580577649567,105.54278538710791,3135.9601900365356,,,0.0,-1,-1,0,176,delayed
51,2548,17,4.534791045325355,-15.096791996675378,13.308780670166016,103.51863504088097,3075.8172358674324,,,0.0,-1,-1,0,176,delayed
51,2554,15,17.915240868658643,-20.11558005015055,20.309274037679035,104.7571630304667,3112.6172355579965,,,0.0,-1,-1,0,176,delayed
51,2558,19,17.115808866004876,-20.08135266053049,15.893616299880179,103.70018540055594,3081.211585640743,,,0.0,-1,-1,0,176,delayed
51,2660,14,16.220292137492432,-20.934814316885813,17.672657557896205,94.79085334469231,2816.4913535137493,,,0.0,-1,-1,0,176,delayed
51,2670,18,12.194787320282062,-18.51348951127794,20.48982482486301,112.02976522965513,3328.7058188844408,,,0.0,-1,-1,0,176,delayed
51,2684,8,-17.151706463925553,-31.813950300216675,-18.867799520492554,54.88202290805965,1630.692598808097,,,0.0,-1,-1,0,176,delayed
51,2694,24,-31.374404910590666,-16.410418550173443,-8.115982135136921,60.30827898180936,1791.9212698708338,,,0.0,-1,-1,0,176,delayed
51,2912,15,13.65717734222137,-21.711819966634113,15.310527165730795,102.31050589902925,3039.920467752264,,,0.0,-1,-1,0,176,delayed
51,2918,20,20.298958651354777,-14.840043592453004,19.350315618515015,106.44987116396977,3162.9121496115454,,,0.0,-1,-1,0,176,delayed
51,2956,10,-18.433781807016494,-21.45778884887695,-0.804668807983397,47.81275197902441,1420.6455347219428,,,0.0,-1,-1,0,176,delayed
51,2970,6,25.111513942139243,33.47669939945141,32.095900217692055,2.3807857038427764,70.73955041905728,,,0.0,-1,-1,0,176,delayed
51,3000,21,9.983837655002343,-24.673362731933594,16.391133149464924,106.98144032383577,3178.7064999072727,,,0.0,-1,-1,0,176,delayed
51,3002,19,15.6619215464425,-16.83899016129343,15.676291817112974,105.48545983401611,3134.2568935799536,,,0.0,-1,-1,0,176,delayed
51,3014,25,24.281778012062247,-15.817186393737792,25.598463897705077,153.93513133811638,4573.827021466356,,,0.0,-1,-1,0,176,delayed
51,3078,15,11.860287406942685,-14.889002426465352,15.936241277058919,90.01464968649277,2674.577489134629,,,0.0,-1,-1,0,176,delayed
51,3098,18,9.766578539895928,-13.612995836469862,19.24430211385091,111.29120233377672,3306.761127631336,,,0.0,-1,-1,0,176,delayed
51,3168,16,9.788736767314864,-14.51442176103592,18.04028618335724,96.93802357329483,2880.289559458687,,,0.0,-1,-1,0,176,delayed
51,3184,21,16.304200523409527,-4.688691139221191,25.475554511660622,98.20124066360553,2917.8231387749684,,,0.0,-1,-1,0,176,delayed
51,3204,23,5.276568482637801,-6.246156485184379,16.117639541625977,112.84841050366316,3353.029973109048,,,0.0,-1,-1,0,176,delayed
51,3274,8,-21.78805925028305,-20.670060873031616,-12.020451307296753,47.3963253957573,1408.2723802480596,,,0.0,-1,-1,0,176,delayed
51,3360,17,20.262423992284997,-21.009335405686322,15.624700546264648,105.58861332264976,3137.321861333382,,,0.0,-1,-1,0,176,delayed
51,3438,27,-1.4957506874938853,-27.840798907809788,18.61549797764531,105.82059813613037,3144.214754458193,,,0.0,-1,-1,0,176,delayed
51,3444,19,-4.362968779607782,-16.720847387062875,1.1373742756090666,99.62695446514388,2960.1849326921106,,,0.0,-1,-1,0,176,delayed
51,3450,18,11.840483548961657,-8.844906489054361,20.772617869906956,104.98632536442183,3119.4262652202638,,,0.0,-1,-1,0,176,delayed
51,3614,17,14.492532185253156,-14.254005908966064,12.518159193151137,96.19811415678292,2858.3048594538122,,,0.0,-1,-1,0,176,delayed
51,3622,21,16.934554373786632,-14.001410938444591,15.258820579165505,105.56811733018175,3136.7128702384507,,,0.0,-1,-1,0,176,delayed
51,3702,17,9.110792135969145,-14.464294770184685,17.103243771721335,102.81857312610416,3055.0165123764928,,,0.0,-1,-1,0,176,delayed
51,3742,22,6.488611635817148,-2.252270622686906,21.490699377926912,107.46971571962152,3193.2144759602293,,,0.0,-1,-1,0,176,delayed
51,3754,17,8.927669645369091,-21.56358539356905,18.943160884520587,104.72682227171998,3111.7157299627424,,,0.0,-1,-1,0,176,delayed
51,3772,16,7.803148992635467,-17.976752161979675,14.623540163040161,96.96083727502585,2880.96741593323,,,0.0,-1,-1,0,176,delayed
51,3788,23,10.641993968380163,-5.790707712588103,22.77192443350087,98.93664322604636,2939.6739280165684,,,0.0,-1,-1,0,176,delayed
51,3826,15,12.181706506683083,-16.100962511698405,19.461271286010742,96.81459328195714,2876.6221133280983,0.5333883762359619,84.7338638305664,84.7338638305664,0,15,1,176,delayed
51,3888,13,-31.79282256793283,-33.92649547870342,3.134662921612079,52.35769920870505,1555.6881482536894,,,0.0,-1,-1,0,176,delayed
51,3928,18,13.035585627549985,-21.74661456214057,8.950088712904188,98.30580823414174,2920.930122707291,,,0.0,-1,-1,0,176,delayed
51,4004,20,16.839162144440426,-12.393030071258545,16.804860401153565,99.2466683618787,2948.885609140154,,,0.0,-1,-1,0,176,delayed
51,4048,17,9.749373128830863,-16.353635226978977,14.623789955587949,97.40063278754802,2894.0349241856193,,,0.0,-1,-1,0,176,delayed
51,4050,22,14.457021087435589,-21.21391866423867,16.502393115650523,113.01062041180425,3357.849666018367,,,0.0,-1,-1,0,176,delayed
51,4274,20,11.262789602519412,-13.774498128890992,7.952543687820435,98.42439751585424,2924.453729413816,,,0.0,-1,-1,0,176,delayed
51,4278,17,15.804748203259702,-21.076171342064352,23.21251588709214,102.3717089686978,3041.7389756614944,,,0.0,-1,-1,0,176,delayed
51,4286,18,12.562434838113653,-20.812087641821968,19.583010143703884,103.13745144015009,3064.4912452504286,,,0.0,-1,-1,0,176,delayed
51,4304,19,9.131792260457297,-27.190338235152396,25.230805748387386,104.52360621238827,3105.677633946014,,,0.0,-1,-1,0,176,delayed
51,4488,8,-7.43369084311558,-25.883475065231323,-24.46572494506836,47.951726999546764,1424.7748565905017,,,0.0,-1,-1,0,176,delayed
51,4552,16,10.541064999530072,-17.256227254867554,16.50799012184143,98.73053699120834,2933.549957107523,,,0.0,-1,-1,0,176,delayed
51,4580,18,4.178877062579149,-17.218699879116482,5.093922826978894,103.10052347578333,3063.39401604875,,,0.0,-1,-1,0,176,delayed
51,4628,22,6.816025799860322,-11.557372223247182,22.411510250785135,98.95525791348848,2940.227020476223,,,0.0,-1,-1,0,176,delayed
51,4634,26,-1.717059116092177,-12.171116975637583,5.242218017578125,108.0757530430916,3211.221475804964,,,0.0,-1,-1,0,176,delayed
51,4722,21,1.691568383317497,-17.985412416004,14.668940317063104,105.34907455001164,3130.204519752826,,,0.0,-1,-1,0,176,delayed
51,4866,14,16.27502765116629,-20.966485704694474,17.86268629346575,96.44223848017268,2865.5584500878094,,,0.0,-1,-1,0,176,delayed
51,4904,19,-1.4479073197999865,-9.702292090968081,16.292794779727334,98.2699372454882,2919.86429909858,,,0.0,-1,-1,0,176,delayed
51,4918,15,15.823539375008796,-19.524379992485045,19.215553919474285,96.99544715380803,2881.9957685737704,,,0.0,-1,-1,0,176,delayed
51,4940,16,15.58798292223918,-21.371533572673798,22.441377878189087,101.71612267046734,3022.2597424306905,,,0.0,-1,-1,0,176,delayed
51,5000,15,18.038699860611906,-19.96778008143107,20.19103406270345,97.58644540680473,2899.5559171616737,,,0.0,-1,-1,0,176,delayed
51,5004,18,13.482168851443646,-7.19447316063775,20.119834476047092,103.73301424194217,3082.187018867132,,,0.0,-1,-1,0,176,delayed
51,5062,16,19.172822095324776,-15.131025075912476,21.895788073539734,104.80673901590734,3114.0902715040675,,,0.0,-1,-1,0,176,delayed
51,5078,9,-25.847991727306916,-24.205329259236652,-15.58330938551161,49.118348012808674,1459.438306498811,,,0.0,-1,-1,0,176,delayed
51,5238,15,17.35116099163079,-20.174699974060058,20.220594024658205,100.33728557070441,2981.2907814776268,,,0.0,-1,-1,0,176,delayed
51,5250,15,12.476866807081967,-23.43553746541341,19.734701283772786,96.35779960453159,2863.049543851058,,,0.0,-1,-1,0,176,delayed
51,5300,15,18.136615612850697,-20.174700037638345,20.30927391052246,103.47467924593042,3074.5111909058483,,,0.0,-1,-1,0,176,delayed
51,5442,16,13.645970645168035,-18.01312494277954,13.077387809753418,103.52369641301672,3075.9676228547232,,,0.0,-1,-1,0,176,delayed
51,5492,16,15.171907494077718,-15.683542847633362,20.17241680622101,103.96524038501039,3089.0870825434563,,,0.0,-1,-1,0,176,delayed
51,5512,16,9.920444097092592,-18.00446492433548,14.997659265995026,103.73140665977976,3082.1392532747705,,,0.0,-1,-1,0,176,delayed
51,5522,17,9.700540464670848,-23.658324073342715,17.188011674319995,105.34192030003351,3129.991947732496,,,0.0,-1,-1,0,176,delayed
51,5540,19,17.26564657909174,-14.200468464901572,5.711395163285104,99.02251205475213,2942.2253220071552,,,0.0,-1,-1,0,176,delayed
51,5542,22,2.1275147406197346,-11.718608444387263,12.665872313759543,99.35222711197046,2952.0220436845298,,,0.0,-1,-1,0,176,delayed
51,5580,19,12.243431575178922,-24.527021106920746,15.3452003880551,110.19698364328347,3274.2489455812315,,,0.0,-1,-1,0,176,delayed
52,30,20,9.025397427024092,1.6488939285278321,10.916395449638367,97.17513392719908,2887.3347461833123,,,0.0,-1,-1,0,176,delayed
52,100,19,7.023760606368068,-21.761605312949733,3.284363596062911,98.25047821323345,2919.2861188822462,,,0.0,-1,-1,0,176,delayed
52,104,18,13.120148523218667,-10.852523220909966,10.557413419087728,97.02572681772828,2882.895458877313,,,0.0,-1,-1,0,176,delayed
52,138,19,19.853705936981626,-8.973015684830514,6.320605528982062,111.60173440715141,3315.9878712335703,,,0.0,-1,-1,0,176,delayed
52,302,23,-1.7990200196011459,-8.124582124793012,19.323087941045348,107.50011814227335,3194.1178137560546,,,0.0,-1,-1,0,176,delayed
52,332,19,13.060544238679517,-17.121949396635358,16.944768152738874,105.00051934390058,3119.8480065493395,,,0.0,-1,-1,0,176,delayed
52,388,16,16.871608009768913,-19.5927374958992,16.461225390434265,96.58758379582274,2869.877050568317,,,0.0,-1,-1,0,176,delayed
52,392,15,13.437931201338847,-21.65270004272461,15.251407114664712,103.75735750190918,3082.910322633205,,,0.0,-1,-1,0,176,delayed
52,436,16,8.76401383033208,-19.67587500810623,10.66640043258667,104.6442936987121,3109.263583958219,,,0.0,-1,-1,0,176,delayed
52,438,15,18.495285270508028,-20.23381996154785,20.279713948567707,103.44481470301947,3073.623834964664,,,0.0,-1,-1,0,176,delayed
52,572,24,1.6781410504299439,8.321832537651062,-3.5064182678858438,61.1721499131897,1817.5892000870233,,,0.0,-1,-1,0,176,delayed
52,640,16,13.530227840211849,-20.56267499923706,14.964750528335571,105.16966600833453,3124.873809156282,,,0.0,-1,-1,0,176,delayed
52,664,19,8.890480179498516,-21.367795944213867,20.75550159655119,98.87101595133814,2937.7239650692145,,,0.0,-1,-1,0,176,delayed
52,672,23,8.355276746268855,-18.930047138877537,-1.1364579615385637,113.1262597500936,3361.2856219669184,,,0.0,-1,-1,0,176,delayed
52,870,16,14.589873175241756,-21.208722591400146,21.336341977119446,103.77240644252853,3083.357467158635,,,0.0,-1,-1,0,176,delayed
52,872,22,8.830046676900086,-28.60433864593506,17.9929706400091,101.14769633339574,3005.370266210343,,,0.0,-1,-1,0,176,delayed
52,1002,14,14.86900914366898,-20.96648563657488,17.831014769417898,96.11887823782635,2855.9505470623258,,,0.0,-1,-1,0,176,delayed
52,1024,18,15.887450615396205,-20.290168815188938,11.693626138899061,96.35923471819696,2863.0921849402253,,,0.0,-1,-1,0,176,delayed
52,1082,15,12.258336225826486,-19.672180032730104,13.448247146606445,97.17465267612624,2887.320446918798,,,0.0,-1,-1,0,176,delayed
52,1154,20,7.004683265294039,-7.769199371337891,19.22510607242584,97.78568790902413,2905.47594810298,,,0.0,-1,-1,0,176,delayed
52,1172,16,9.807694640540445,-20.52110630273819,20.37160050868988,102.96138930423298,3059.259965374843,,,0.0,-1,-1,0,176,delayed
52,1216,18,11.317201902033307,-16.58131245772044,19.081106079949272,102.48634367282578,3045.1450812254457,,,0.0,-1,-1,0,176,delayed
52,1236,8,-12.556961636530136,-26.105175137519836,-14.15084981918335,47.68877247447415,1416.9617699887679,,,0.0,-1,-1,0,176,delayed
52,1286,18,12.508465690082627,-9.545416673024496,21.77488644917806,97.62880779048004,2900.8146175860898,,,0.0,-1,-1,0,176,delayed
52,1332,21,5.10149773115518,-23.739055497305735,5.039447421119327,108.47524731471323,3223.091525731713,,,0.0,-1,-1,0,176,delayed
52,1426,21,16.239717436315672,-13.403612545558385,9.760709263029552,109.8202027625839,3263.053771624935,,,0.0,-1,-1,0,176,delayed
52,1444,18,4.775772907295728,-9.630093839433458,16.38837464650472,95.09667961614915,2825.5782750767753,,,0.0,-1,-1,0,176,delayed
52,1464,16,11.058243436278516,-18.24868130683899,17.787409782409668,95.16311941377583,2827.5523802666958,,,0.0,-1,-1,0,176,delayed
52,1478,19,9.479612982101528,-10.075681485627827,14.980562260276393,103.75451925164388,3082.825990579539,,,0.0,-1,-1,0,176,delayed
52,1610,17,9.928739260649369,-11.997882450328154,21.90676835004021,105.56846845609385,3136.7233031342475,,,0.0,-1,-1,0,176,delayed
52,1644,16,9.813010500198173,-20.609439820051193,16.86478865146637,103.27837758028441,3068.6785401335023,,,0.0,-1,-1,0,176,delayed
52,1652,17,5.96502465139652,-16.506869035608627,17.525451996747186,97.45694676624504,2895.708164044589,,,0.0,-1,-1,0,176,delayed
52,1738,19,7.661337628742648,-5.096182873374538,17.010867269415606,99.3834201245774,2952.948872035552,,,0.0,-1,-1,0,176,delayed
52,1744,18,18.711688291074452,-14.213433530595568,8.788922680748833,98.32828340149355,2921.5979204143646,,,0.0,-1,-1,0,176,delayed
52,1752,20,10.229503722567006,-11.500687599182129,16.613644218444826,109.44855954188067,3252.0112513735726,,,0.0,-1,-1,0,176,delayed
52,1796,17,17.892652309654153,-18.348935323603012,19.119735829970416,104.36390431693275,3100.9324608431343,,,0.0,-1,-1,0,176,delayed
52,1808,20,16.955725597202907,-19.77564024925232,4.429340648651123,111.8490713200589,3323.3369165478434,,,0.0,-1,-1,0,176,delayed
52,1822,14,16.533881017915597,-21.029828480311803,17.86268629346575,95.80538917514961,2846.6359433500943,,,0.0,-1,-1,0,176,delayed
52,1874,17,16.454598272466033,-18.87058235617245,20.241277133717258,112.99081684290468,3357.261248691101,,,0.0,-1,-1,0,176,delayed
52,1934,18,13.900040103693783,-17.711366573969524,10.589744673834907,103.42627533500612,3073.0729804479392,,,0.0,-1,-1,0,176,delayed
52,1958,28,5.260877739019031,-1.5340848650251115,18.93595916884286,107.10182820153585,3182.283547740962,,,0.0,-1,-1,0,176,delayed
52,2000,22,7.110719839052313,-19.465512188998137,19.250167153098367,108.6770949620391,3229.0889625450845,,,0.0,-1,-1,0,176,delayed
52,2074,17,13.104557615474311,-21.418502190533808,22.263770383947037,104.5817306832294,3107.4046683989714,,,0.0,-1,-1,0,176,delayed
52,2330,20,14.187476993147374,-3.2395912170410157,14.259970378875732,96.45788826291684,2866.0234472497505,,,0.0,-1,-1,0,176,delayed
52,2348,20,7.421118228180734,-10.554305696487427,17.160524749755858,111.62677751161857,3316.731969263159,,,0.0,-1,-1,0,176,delayed
52,2492,16,17.015810110965923,-17.95770013332367,16.29495060443878,104.89714711901647,3116.7765395532488,,,0.0,-1,-1,0,176,delayed
52,2498,25,22.69022493263422,-18.20489543914795,29.52885208129883,156.98571160615154,4664.467970935156,,,0.0,-1,-1,0,176,delayed
52,2504,25,26.418984158593044,-16.99995583534241,21.944092483520507,153.144910525837,4550.347434495467,,,0.0,-1,-1,0,176,delayed
52,2526,17,18.88071533681997,-13.888852792627672,11.527029935051413,104.08787604612557,3092.73091807163,,,0.0,-1,-1,0,176,delayed
52,2532,14,15.414083634004516,-20.966485704694474,17.799343245370046,94.79228440944107,2816.5338742987083,,,0.0,-1,-1,0,176,delayed
52,2636,17,15.228637838813972,-24.94777062359978,14.96990046781652,104.76370869283886,3112.811724802725,,,0.0,-1,-1,0,176,delayed
52,2650,19,9.201092971790885,-8.46835648386102,18.247255626477692,98.5135588771319,2927.1029534079603,,,0.0,-1,-1,0,176,delayed
52,2674,18,12.940685396666368,-17.873022927178276,10.532290193769667,96.3615993718524,2863.1624451640723,,,0.0,-1,-1,0,176,delayed
52,2894,16,20.991780142179316,-22.391700088977814,20.648725628852844,103.62717926347395,3079.042376834307,,,0.0,-1,-1,0,176,delayed
52,2922,18,2.1700076892016718,-17.371118810441757,7.761530187394884,103.87038318129694,3086.2686197419257,,,0.0,-1,-1,0,176,delayed
52,2950,15,18.001449302694972,-18.253299967447916,17.885353724161785,96.88354180716333,2878.67075956588,,,0.0,-1,-1,0,176,delayed
52,2964,7,-19.085979694535702,-32.019814355032786,-18.772785459245956,48.0098148224729,1426.5008021352787,,,0.0,-1,-1,0,176,delayed
52,3000,21,4.000705733936417,-8.730757077534994,-3.554966517857143,99.62000425666051,2959.9784232937054,,,0.0,-1,-1,0,176,delayed
52,3002,16,11.910349948628365,-22.398627996444702,21.521669268608093,96.16790814454991,2857.407357540109,,,0.0,-1,-1,0,176,delayed
52,3048,18,18.4119099916477,-16.17948118845622,22.99269702699449,99.30068105092555,2950.4904714903982,,,0.0,-1,-1,0,176,delayed
52,3096,16,15.7645904780775,-20.8120875954628,17.819138169288635,111.23003336241975,3304.943632874708,,,0.0,-1,-1,0,176,delayed
52,3154,22,6.583197567216706,0.4232454083182596,21.56627880443226,97.01994695419364,2882.72372357696,,,0.0,-1,-1,0,176,delayed
52,3196,17,14.078252961967499,-17.96911116207347,19.62019101311179,111.73116135095276,3319.8334940470145,,,0.0,-1,-1,0,176,delayed
52,3220,15,13.932831470806677,-21.741379928588866,15.517447153727213,103.45213262102146,3073.8412700024464,,,0.0,-1,-1,0,176,delayed
52,3246,17,5.437887618731729,-10.29437884162454,12.239404061261345,97.80660401045006,2906.097421765646,,,0.0,-1,-1,0,176,delayed
52,3354,14,-22.72515671362596,-13.878023965018135,-7.985877684184482,50.944845937069815,1513.708475290158,,,0.0,-1,-1,0,176,delayed
52,3390,18,11.27181131610226,-24.5809875064426,22.720681031545002,105.76537893702871,3142.574043447267,,,0.0,-1,-1,0,176,delayed
52,3396,16,8.759024916325348,-18.912049174308777,16.504526376724243,102.80054458718044,3054.4808359667604,,,0.0,-1,-1,0,176,delayed
52,3400,18,9.755644904991792,-13.340489678912693,19.476288424597847,97.74049494799367,2904.1331436077066,,,0.0,-1,-1,0,176,delayed
52,3408,15,12.695048646309719,-21.179740079243977,13.034407297770182,99.97015980713184,2970.382487034973,,,0.0,-1,-1,0,176,delayed
52,3410,16,8.843836454439794,-16.954853892326355,14.103930875658989,96.91532712794718,2879.6151869868554,,,0.0,-1,-1,0,176,delayed
52,3428,36,14.180776115689223,-21.096140662829082,13.42803540494707,165.94650630243643,4930.71729660505,,,0.0,-1,-1,0,176,delayed
52,3454,20,-4.098452224123416,-5.39700939655304,11.474361133575439,99.9565861665893,2969.9791776451443,,,0.0,-1,-1,0,176,delayed
52,3492,20,18.87252835854992,-23.89510293006897,16.39100000858307,112.2438474193147,3335.0667768760827,,,0.0,-1,-1,0,176,delayed
52,3566,22,9.845591799868728,-17.584840969605878,11.309620900587602,113.02629943082472,3358.3155318687586,,,0.0,-1,-1,0,176,delayed
52,3574,17,17.11884240065702,-16.653582404641543,13.639700496897978,112.24389536452202,3335.0682014572217,,,0.0,-1,-1,0,176,delayed
52,3582,18,12.977049036537661,-16.33959788746304,13.755687448713514,102.40850585955235,3042.8323103163802,,,0.0,-1,-1,0,176,delayed
52,3584,20,8.250200179460398,-15.438633632659911,17.14761276245117,111.54421175049166,3314.27871829954,,,0.0,-1,-1,0,176,delayed
52,3676,17,17.818604891339675,-20.696347124436322,17.082571141860065,105.89918085899636,3146.54965863595,,,0.0,-1,-1,0,176,delayed
52,3702,22,25.116565874547735,-17.37321810288863,26.025873270901766,145.99001898966787,4337.756351749639,,,0.0,-1,-1,0,176,delayed
52,3728,16,20.029917521681355,-21.837449967861176,20.03905063867569,105.68463944928453,3140.175055980705,,,0.0,-1,-1,0,176,delayed
52,3730,16,14.669024962199119,-18.88087260723114,20.127384185791016,98.1478337053415,2916.2362743164203,,,0.0,-1,-1,0,176,delayed
52,3782,16,10.315893032076772,-18.047765731811523,21.24454426765442,97.77485063234388,2905.153943447588,,,0.0,-1,-1,0,176,delayed
52,3832,16,14.547295460434853,-19.86986255645752,12.02431321144104,104.05170963839811,3091.656316767203,,,0.0,-1,-1,0,176,delayed
52,3856,20,7.503597087532475,-4.851073160767555,20.914686059951784,104.72045027633975,3111.526400831715,,,0.0,-1,-1,0,176,delayed
52,3904,18,14.913191130172553,-17.92536867989434,10.54509703318278,96.83448023100664,2877.213008104011,,,0.0,-1,-1,0,176,delayed
52,3956,18,14.710377516077143,-18.31334373686049,21.007124794854057,112.26466131232426,3335.685213651635,,,0.0,-1,-1,0,176,delayed
52,4008,16,9.929424142304711,-17.02759939432144,15.132757663726807,103.8060306239085,3084.356532076653,,,0.0,-1,-1,0,176,delayed
52,4012,17,12.315722271351015,-12.349994154537425,11.866100647870232,97.12173291413447,2885.7480583726397,,,0.0,-1,-1,0,176,delayed
52,4228,11,-16.10384983459211,-25.815453486009076,-10.800830494273793,49.007618629901145,1456.1482385382983,,,0.0,-1,-1,0,176,delayed
52,4246,8,-16.638846104033487,-20.6077082157135,-14.21666693687439,50.02124223206289,1486.2657236169987,,,0.0,-1,-1,0,176,delayed
52,4276,21,15.989471319784824,-14.683666036242531,11.490819931030273,99.1712372344788,2946.644347345252,,,0.0,-1,-1,0,176,delayed
52,4452,15,14.043518842902708,-21.74138005574544,15.310527038574218,105.65027354848415,3139.1539525825956,,,0.0,-1,-1,0,176,delayed
52,4498,18,5.420562326476929,-8.19982099533081,14.67530886332194,105.1573495494053,3124.507854015504,,,0.0,-1,-1,0,176,delayed
52,4554,16,12.539950896277963,-22.42460858821869,17.297796726226807,103.79377644673457,3083.9924274944383,,,0.0,-1,-1,0,176,delayed
52,4566,19,7.553385962577959,-6.3359527587890625,0.4606055209511201,104.80868223979022,3114.148009915222,,,0.0,-1,-1,0,176,delayed
52,4634,16,7.2899616870924095,-16.50106167793274,16.566879451274872,97.94054875415858,2910.077280572611,,,0.0,-1,-1,0,176,delayed
52,4762,17,8.051989668095588,-13.145505849052878,15.892044712515439,104.17740278072833,3095.390998290553,,,0.0,-1,-1,0,176,delayed
52,4798,18,8.12016802882929,-19.19244596693251,19.136531088087295,103.66196145161085,3080.0758492494947,,,0.0,-1,-1,0,176,delayed
52,4856,15,18.232402761779955,-20.11558005015055,20.191033935546876,103.74975322526383,3082.684379109482,,,0.0,-1,-1,0,176,delayed
52,4912,21,19.22533267939256,-10.14937314533052,17.85635675702776,104.79150638768311,3113.6376691255577,,,0.0,-1,-1,0,176,delayed
52,4924,22,2.3292809890409694,-7.125891447067261,14.031342766501687,107.65575530832272,3198.742212809299,,,0.0,-1,-1,0,176,delayed
52,4946,17,8.891535855769668,-15.39510861565085,15.83661937713623,104.45991426078625,3103.785174656474,,,0.0,-1,-1,0,176,delayed
52,4982,20,18.82541058876115,-23.415676975250243,21.69850869178772,93.42792407642406,2775.9950570454644,,,0.0,-1,-1,0,176,delayed
52,5136,17,19.34117700111243,-10.70680595846737,19.250147426829617,98.14800674993883,2916.2414159371033,,,0.0,-1,-1,0,176,delayed
52,5212,15,12.664183898321403,-16.810402552286785,19.91945152282715,97.95841569541476,2910.6081554807497,,,0.0,-1,-1,0,176,delayed
52,5366,16,11.62199071903925,-23.678599178791046,14.543866991996765,102.9400592856577,3058.6261931197378,,,0.0,-1,-1,0,176,delayed
52,5368,18,9.437108473853481,-9.00656255086263,17.600516849093967,104.38837000702425,3101.659402337688,,,0.0,-1,-1,0,176,delayed
52,5386,18,17.769781326603418,-11.87326685587565,13.989144961039225,104.38941079180532,3101.6903268544884,,,0.0,-1,-1,0,176,delayed
52,5400,15,17.570407132513314,-20.174700037638345,20.33883399963379,102.47928581039153,3044.935373138441,,,0.0,-1,-1,0,176,delayed
52,5404,21,25.228094974958488,-1.7208145686558312,20.338604881649925,106.13512787212763,3153.5602793754333,,,0.0,-1,-1,0,176,delayed
52,5420,11,-18.26168051597395,-32.3404879136519,-4.502535126426003,49.56639577969143,1472.7510114366771,,,0.0,-1,-1,0,176,delayed
52,5432,10,-23.952718037823868,-26.540261650085448,-13.511855983734131,49.596719577691424,1473.6520130825013,,,0.0,-1,-1,0,176,delayed
52,5462,19,3.344796809068788,-4.824892244840923,18.573971296611585,103.08898934892602,3063.0513060992384,,,0.0,-1,-1,0,176,delayed
53,38,17,8.214900566571975,-19.897574929630053,15.334534308489632,97.51883836673542,2897.5471300575064,,,0.0,-1,-1,0,176,delayed
53,124,19,12.45909745669053,-22.928447422228363,11.620521445023385,106.49110079296192,3164.1371928458607,,,0.0,-1,-1,0,176,delayed
53,130,16,11.978199179119922,-20.95065003633499,13.27137553691864,105.45079131339645,3133.2267985326034,,,0.0,-1,-1,0,176,delayed
53,162,19,10.47516932757377,-4.702373605025442,21.020958247937653,104.03543748555441,3091.172827314685,,,0.0,-1,-1,0,176,delayed
53,368,21,16.846369379534302,-22.26501446678525,8.294586272466749,110.0436162157699,3269.6919865681934,,,0.0,-1,-1,0,176,delayed
53,402,14,16.440374515389415,-20.87147147314889,17.86268629346575,98.580693539855,2929.097704909912,,,0.0,-1,-1,0,176,delayed
53,446,15,17.231959206296604,-19.87910000483195,19.30423380533854,96.40608380349929,2864.484197344568,,,0.0,-1,-1,0,176,delayed
53,448,16,9.059357539530625,-13.277751386165619,20.347351908683777,97.97269286555904,2911.032368628382,,,0.0,-1,-1,0,176,delayed
53,500,14,-19.250762729219865,-19.107768774032593,-20.50607749394008,56.83670242969776,1688.7713878191507,,,0.0,-1,-1,0,176,delayed
53,508,8,-21.095597986148633,-35.53781747817993,-14.79862928390503,48.93138102438813,1453.8830141082665,,,0.0,-1,-1,0,176,delayed
53,612,17,10.672498299394192,-25.400951441596536,19.797358007992017,98.60613502408204,2929.853639874285,,,0.0,-1,-1,0,176,delayed
53,654,17,10.309070587280246,-15.871111757615033,10.74455945632037,103.4778816717804,3074.6063435962037,,,0.0,-1,-1,0,176,delayed
53,672,15,12.882365737549154,-21.711819966634113,15.428767267862955,102.97364141143255,3059.6240084525475,,,0.0,-1,-1,0,176,delayed
53,680,17,8.531864502437257,-12.245664820951575,10.115841585047106,97.79669821175577,2905.803093828006,,,0.0,-1,-1,0,176,delayed
53,686,16,15.474235682885688,-20.86751252412796,17.902275681495667,108.91995528556896,3236.304996341574,,,0.0,-1,-1,0,176,delayed
53,840,7,15.07214482010182,45.238677161080496,29.102891785757883,2.8402890118834936,84.39263031381815,,,0.0,-1,-1,0,176,delayed
53,1006,16,15.968138169552168,-17.3203125,18.42881292104721,102.35071792541919,3041.115275274702,,,0.0,-1,-1,0,176,delayed
53,1022,15,14.119084260391345,-21.623140080769858,15.399207178751627,103.49030585411288,3074.975499489195,,,0.0,-1,-1,0,176,delayed
53,1062,15,10.520331623587852,-22.362139892578124,15.16272710164388,97.08325412175245,2884.604749897047,,,0.0,-1,-1,0,176,delayed
53,1076,14,15.233912568161388,-20.934814316885813,17.831014769417898,95.42804812387068,2835.424125218356,,,0.0,-1,-1,0,176,delayed
53,1148,22,18.319698109776443,-6.659817738966509,26.122867064042524,126.52983345891786,3759.5418684827287,,,0.0,-1,-1,0,176,delayed
53,1186,17,4.137248390623679,-14.697405815124512,13.245724089005414,98.11391756223261,2915.2285344297097,,,0.0,-1,-1,0,176,delayed
53,1210,17,8.064197834135593,-18.559224240920123,12.13833505967084,98.46480436288961,2925.6543255819306,,,0.0,-1,-1,0,176,delayed
53,1256,18,3.9580344692144758,-9.362206300099691,16.40377076466878,106.02176777474078,3150.192045807976,,,0.0,-1,-1,0,176,delayed
53,1322,17,9.318330958649202,-17.634930891149185,21.906768237843234,103.01677124328158,3060.9055118275583,,,0.0,-1,-1,0,176,delayed
53,1378,15,15.765002783996469,-19.90866009394328,19.363353983561197,98.27789350679382,2920.100701033818,,,0.0,-1,-1,0,176,delayed
53,1404,19,11.272681191005347,-9.229720918755783,10.710384469283255,100.08179231305259,2973.699389210688,,,0.0,-1,-1,0,176,delayed
53,1430,8,-18.273214332638936,-32.03565001487732,-18.70152473449707,54.85719454419983,1629.9548812998603,,,0.0,-1,-1,0,176,delayed
53,1440,12,-7.151810507906336,-6.26995309193929,0.07306146621704102,55.02642572530224,1634.9831951244723,,,0.0,-1,-1,0,176,delayed
53,1458,16,15.404390886791436,-17.98541247844696,15.823837876319885,104.10933055676341,3093.3683893209472,,,0.0,-1,-1,0,176,delayed
53,1496,23,21.893925225753627,-14.956315745478092,27.985872766245965,151.046187852174,4487.988735789585,,,0.0,-1,-1,0,176,delayed
53,1574,15,12.886622944168233,-21.564020093282064,15.487887318929037,105.62671775464395,3138.4540465543746,,,0.0,-1,-1,0,176,delayed
53,1598,19,12.315817916453048,-12.139533419358102,14.792408993369655,103.02917196954427,3061.273970777592,,,0.0,-1,-1,0,176,delayed
53,1608,17,17.87870663184431,-16.158017663394702,18.311183031867532,103.75096332216282,3082.720334344957,,,0.0,-1,-1,0,176,delayed
53,1698,20,8.303419781091772,-15.488516283035278,15.482091522216797,100.41686594332803,2983.6553285145524,,,0.0,-1,-1,0,176,delayed
53,1702,15,16.370939167588055,-23.367180188496906,19.865873845418296,98.67570620195781,2931.9207867985615,,,0.0,-1,-1,0,176,delayed
53,1714,16,15.443304416043947,-18.040837466716766,15.38043788075447,96.13296004541107,2856.3689554625544,,,0.0,-1,-1,0,176,delayed
53,1812,11,-25.002805790083627,21.215177709406074,16.552546674555,3.064807664578416,91.06368370879441,,,0.0,-1,-1,0,176,delayed
53,1820,10,36.76981854232871,-6.3433911323547365,49.515054321289064,57.010262504909115,1693.9283247376363,,,0.0,-1,-1,0,176,delayed
53,1870,17,7.14215242088857,-16.461225004757154,18.783925224752988,95.69622937771194,2843.3925119979517,,,0.0,-1,-1,0,176,delayed
53,1948,17,11.381818732963652,-11.17954854404225,20.716760859769934,104.41167450070382,3102.3518415618387,,,0.0,-1,-1,0,176,delayed
53,1994,18,6.478059255237763,-16.967747847239178,9.886155446370443,103.47459258078511,3074.508615851149,,,0.0,-1,-1,0,176,delayed
53,2050,17,16.41703468465064,-18.89666456334731,17.111394433414233,102.33811479718555,3040.740802417408,,,0.0,-1,-1,0,176,delayed
53,2152,19,14.544278948431568,-19.68462627812436,17.10467933353625,111.09251840996306,3300.857693557708,,,0.0,-1,-1,0,176,delayed
53,2278,16,8.544174668384873,-19.088716447353363,18.035641998052597,98.4512354914433,2925.2511578947856,,,0.0,-1,-1,0,176,delayed
53,2306,16,16.57977902677753,-21.78202497959137,17.957700610160828,103.34605002705649,3070.689270646831,,,0.0,-1,-1,0,176,delayed
53,2464,17,13.942084956136695,-16.28679915035472,17.963961432961856,107.493446888678,3193.9195928580943,,,0.0,-1,-1,0,176,delayed
53,2488,16,18.68358157701403,-18.567375242710114,16.990675628185272,92.21743347353168,2740.0281235676266,,,0.0,-1,-1,0,176,delayed
53,2520,18,19.261404650792368,-22.145366562737358,9.084522618187798,97.75270906374455,2904.49605785723,,,0.0,-1,-1,0,176,delayed
53,2536,22,0.5087285801141118,5.985900185324929,18.333993391557172,98.50295969986112,2926.7880233267956,,,0.0,-1,-1,0,176,delayed
53,2538,16,23.204341017762577,-19.759012639522552,19.62336301803589,97.67666152423766,2902.2364807997446,,,0.0,-1,-1,0,176,delayed
53,2668,9,-22.898102307504047,-26.52394183476766,-9.582994302113852,49.096661392634545,1458.79393865052,,,0.0,-1,-1,0,176,delayed
53,2682,9,-12.276136213350648,-23.32776663038466,-13.763521830240885,50.30198225082209,1494.6072651003874,,,0.0,-1,-1,0,176,delayed
53,2694,7,-16.602355761584246,-31.89312880379813,-18.772785186767578,49.37355618814822,1467.0212282030395,,,0.0,-1,-1,0,176,delayed
53,2946,17,18.068262082691128,-16.228113903718835,18.143277785357306,105.54519720436829,3136.031851618012,,,0.0,-1,-1,0,176,delayed
53,2958,14,15.176896408084449,-20.99815709250314,17.736000605991908,95.04597842302607,2824.071806182306,,,0.0,-1,-1,0,176,delayed
53,2980,20,10.216612535231986,-10.016683197021484,19.47407732009888,102.94172195909722,3058.675595622205,,,0.0,-1,-1,0,176,delayed
53,2986,15,13.83704432187742,-17.135562578837078,19.93053652445475,97.49706038656352,2896.9000476578135,,,0.0,-1,-1,0,176,delayed
53,3014,25,1.7517203335412435,1.6006742095947266,22.36683303833008,100.38374774167862,2982.671297616019,,,0.0,-1,-1,0,176,delayed
53,3020,19,-11.128915392480558,-11.693216574819465,-1.3411716661955175,55.55049340952987,1650.554656391054,,,0.0,-1,-1,0,176,delayed
53,3024,7,-18.823705358181787,-31.956471579415457,-18.83612823486328,48.71508980417601,1447.4564198739768,,,0.0,-1,-1,0,176,delayed
53,3080,25,11.309932224162175,-7.926883506774902,9.181126651763917,112.10358862637015,3330.8993106739786,,,0.0,-1,-1,0,176,delayed
53,3128,17,16.882963841182463,-18.870582468369427,17.241806479061353,94.52922071081332,2808.7175438568447,,,0.0,-1,-1,0,176,delayed
53,3198,29,-13.305653322360975,-9.724220851372028,25.792930405715417,106.27789828758812,3157.802372641751,,,0.0,-1,-1,0,176,delayed
53,3224,16,13.028343091134593,-13.191149950027466,13.911675453186035,95.89571118881524,2849.319653450225,,,0.0,-1,-1,0,176,delayed
53,3262,20,6.040723500837558,-10.89932632446289,24.070194721221924,104.84911119652311,3115.3492630219503,,,0.0,-1,-1,0,176,delayed
53,3312,16,9.149157991651801,-16.849200069904327,10.971238136291504,98.84769062518461,2937.0309068561983,,,0.0,-1,-1,0,176,delayed
53,3404,16,20.896990776051403,-21.671175062656403,22.006637692451477,103.35387713842397,3070.92183518984,,,0.0,-1,-1,0,176,delayed
53,3444,17,19.525238581407873,-18.03594707040226,20.348347383386947,95.77346302772776,2845.6873315907114,,,0.0,-1,-1,0,176,delayed
53,3456,14,15.264701294602938,-20.966485704694474,17.894357681274414,95.99269216613645,2852.2012192811308,,,0.0,-1,-1,0,176,delayed
53,3480,16,13.618032726730334,-13.116672694683075,20.955294966697693,96.22979901548183,2859.246301875881,,,0.0,-1,-1,0,176,delayed
53,3490,21,6.20556678057053,-2.251310734521775,7.410425276983351,100.26707848572087,2979.20474004183,,,0.0,-1,-1,0,176,delayed
53,3494,18,15.135344112692406,-17.218700038062202,12.979178322686089,113.75634016454921,3380.0070067494726,,,0.0,-1,-1,0,176,delayed
53,3498,15,12.052926006455971,-22.559822463989256,19.117636235555015,95.22281010231994,2829.3259512626064,,,0.0,-1,-1,0,176,delayed
53,3528,24,8.523056779274398,0.16973920663197806,16.692214488983154,109.60972543881795,3256.7999239003884,,,0.0,-1,-1,0,176,delayed
53,3572,22,4.042205965864481,-5.424092032692649,19.31652762673118,96.34784282982159,2862.7537012788043,,,0.0,-1,-1,0,176,delayed
53,3654,9,-16.207803933851828,-26.108254114786785,-10.336409674750435,48.85518207311675,1451.6189381997792,,,0.0,-1,-1,0,176,delayed
53,3670,11,-23.7198138741002,-18.985581918196246,-1.1803565025329588,50.12310621001668,1489.292376537804,0.3167596161365509,111.68830871582031,111.68830871582031,7,2,1,176,delayed
53,3746,15,15.502120275268396,-17.33694012959798,20.63443374633789,95.54594933579719,2838.9272875198108,,,0.0,-1,-1,0,176,delayed
53,3770,16,14.871247925221448,-19.28270384669304,21.693140149116516,96.4260825087049,2865.078412696637,,,0.0,-1,-1,0,176,delayed
53,3798,20,14.173526023050481,-20.83010067939758,16.01089735031128,100.66829649130257,2991.1260067434364,,,0.0,-1,-1,0,176,delayed
53,3806,18,12.913323790004585,-9.976500087314182,15.127455711364746,97.81825260193956,2906.4435327674273,,,0.0,-1,-1,0,176,delayed
53,3850,17,13.810304685228934,-15.714617504793054,9.828935679267435,98.5710155432485,2928.81014558536,,,0.0,-1,-1,0,176,delayed
53,3912,151,33.70646428904626,24.958134395397263,9.370096121402765,169.7920736431925,5044.979451469393,,,0.0,-1,-1,0,176,delayed
53,3934,14,15.221369012944463,-20.966485704694474,17.831014769417898,96.14240599582469,2856.649620070235,,,0.0,-1,-1,0,176,delayed
53,3952,10,-18.52082444553782,-14.477009916305542,-8.062572097778318,50.174705211033675,1490.8255217209776,,,0.0,-1,-1,0,176,delayed
53,4002,16,15.765588260878843,-20.86751252412796,17.846850633621216,111.75723344029927,3320.6081659865695,,,0.0,-1,-1,0,176,delayed
53,4038,17,11.112299990388188,-11.635989525738884,18.40899175756118,99.33200748689657,2951.4212642086363,,,0.0,-1,-1,0,176,delayed
53,4058,15,17.517192049774835,-20.2042599995931,20.25015385945638,101.24721396784219,3008.3272029510777,,,0.0,-1,-1,0,176,delayed
53,4282,19,12.669432316469564,-19.131834783052142,19.05337088986447,99.42858322239142,2954.2907892142966,,,0.0,-1,-1,0,176,delayed
53,4314,25,22.09177888834056,-12.217886962890624,27.43046142578125,152.33251785604403,4526.209061969063,,,0.0,-1,-1,0,176,delayed
53,4326,18,3.808568790610634,-12.735433419545492,14.948864301045736,98.82620659566528,2936.392558521472,0.43175265192985535,92.2558364868164,92.2558364868164,1,11,1,176,delayed
53,4502,20,-4.947489831430008,-20.849499320983888,19.388168621063233,98.28334396508004,2920.2626488177457,,,0.0,-1,-1,0,176,delayed
53,4554,9,-21.301068588636884,-22.440966818067764,-27.11996629503038,49.09084611273226,1458.6211510345724,,,0.0,-1,-1,0,176,delayed
53,4604,24,24.129280025994593,-15.047887563705444,30.283305923144024,153.33956519931905,4556.131148698245,,,0.0,-1,-1,0,176,delayed
53,4612,29,24.418329321999714,-4.802862907278127,19.401160881437104,154.70229806105726,4596.621609399956,,,0.0,-1,-1,0,176,delayed
53,4626,34,9.013372161909409,-14.287423919228946,12.290753757252412,207.5773951858157,6167.683042158124,,,0.0,-1,-1,0,176,delayed
53,4724,22,4.497900200256503,-21.33484614979137,23.006470506841485,112.00813168715071,3328.0630281165586,,,0.0,-1,-1,0,176,delayed
53,4862,13,-27.46603394664733,-10.999731063842773,-34.267422456007736,56.90054452042626,1690.6683081461915,,,0.0,-1,-1,0,176,delayed
53,4928,19,4.953978723953543,-9.96191426327354,13.128200405522398,105.99320840058567,3149.343469942991,,,0.0,-1,-1,0,176,delayed
53,4968,18,9.247440864839344,-16.83534370528327,13.331252442465889,105.15023035703902,3124.2963236511696,,,0.0,-1,-1,0,176,delayed
53,5026,22,4.180286478665881,-21.013632926073942,10.005528775128452,99.1814566650188,2946.9479941290724,,,0.0,-1,-1,0,176,delayed
53,5030,17,11.680449256096038,-18.140276516185086,10.011512083165785,104.18015901352368,3095.4728933844617,,,0.0,-1,-1,0,176,delayed
53,5064,20,5.377517061980239,-5.981743335723877,11.105784893035889,97.5961018697554,2899.8428366633602,,,0.0,-1,-1,0,176,delayed
53,5090,15,12.202992539778473,-19.30083246231079,17.177761205037434,96.59235841556219,2870.018917370207,,,0.0,-1,-1,0,176,delayed
53,5236,16,12.457611328764436,-21.60016167163849,20.66777765750885,101.9929400517164,3030.4847317970716,,,0.0,-1,-1,0,176,delayed
53,5250,16,19.4033099224358,-19.315612494945526,17.874562859535217,104.65226020197352,3109.5002902095266,,,0.0,-1,-1,0,176,delayed
53,5260,16,13.76670236413095,-16.86478841304779,20.446077823638916,104.5452564822433,3106.3209217284975,,,0.0,-1,-1,0,176,delayed
53,5322,16,16.60771694521523,-19.771136701107025,21.76242160797119,102.11076890118596,3033.985744015188,,,0.0,-1,-1,0,176,delayed
53,5458,22,3.402770231835416,-10.81543289531361,22.604638879949395,104.48992304474875,3104.6768163874804,,,0.0,-1,-1,0,176,delayed
53,5460,16,12.7469683411549,-21.116925060749054,13.714775443077087,103.49628202715708,3075.1530676733837,,,0.0,-1,-1,0,176,delayed
53,5508,9,-14.219333675524101,0.7543958889113536,57.01559490627713,2.6823225814642675,79.69902254764128,,,0.0,-1,-1,0,176,delayed
53,5534,15,17.463976967036356,-23.219380124409994,18.358314005533853,96.76555344489861,2875.1650077933396,,,0.0,-1,-1,0,176,delayed
53,5578,16,10.84970683079711,-12.494873464107513,19.20074737071991,96.07642940896748,2854.6892781188662,,,0.0,-1,-1,0,176,delayed
53,5616,15,10.92902345901935,-16.65705992380778,14.512407302856445,95.96221222947504,2851.295578335477,,,0.0,-1,-1,0,176,delayed
53,5644,19,8.216333861746238,-11.067497253417969,15.353951604742752,111.95011728641649,3326.3392641426967,,,0.0,-1,-1,0,176,delayed
54,24,21,4.435435107668169,-16.29231053306943,18.298016922814504,100.52844458597463,2986.970630267435,,,0.0,-1,-1,0,176,delayed
54,120,15,10.436251792861055,-16.243219884236655,16.286007022857667,95.62643471828954,2841.3187248354934,,,0.0,-1,-1,0,176,delayed
54,128,16,8.530205709166022,-19.824829697608948,20.86003351211548,96.92908103914789,2880.023852703082,,,0.0,-1,-1,0,176,delayed
54,162,21,12.55549844342356,-5.447485753468105,17.60958380926223,99.58386899742591,2958.904747494827,,,0.0,-1,-1,0,176,delayed
54,372,16,12.364341123240992,-17.065703749656677,18.59681987762451,96.43498145285074,2865.342824276001,,,0.0,-1,-1,0,176,delayed
54,392,17,11.422199589865198,-20.984883027918197,18.75621301987592,111.7779009513476,3321.222253360111,,,0.0,-1,-1,0,176,delayed
54,434,22,8.488639897532053,-16.918481306596235,16.45160549337214,112.69768690283615,3348.5515693019215,,,0.0,-1,-1,0,176,delayed
54,440,15,10.966274016936284,-22.5561274210612,17.720926157633464,96.27049322473388,2860.4554363488005,,,0.0,-1,-1,0,176,delayed
54,506,15,11.17487714127111,-20.5127924601237,20.591941197713215,97.3283342405091,2891.886739783627,,,0.0,-1,-1,0,176,delayed
54,514,17,16.972036694623103,-14.12359405966366,15.389959391425638,104.34992404940948,3100.5170694713956,,,0.0,-1,-1,0,176,delayed
54,600,12,-7.915882872738128,-23.784252961476643,-8.45703411102295,50.85879141555162,1511.1515638663795,,,0.0,-1,-1,0,176,delayed
54,638,16,10.560022872755654,-21.726600110530853,11.38692569732666,102.97391441751707,3059.6321201980313,,,0.0,-1,-1,0,176,delayed
54,652,23,28.599676686730735,-16.60822167603866,32.223092120626696,161.13368768456112,4787.715503235978,,,0.0,-1,-1,0,176,delayed
54,656,29,25.226907806427736,-5.166947726545663,27.79048876926817,154.23058066485643,4582.605616075467,,,0.0,-1,-1,0,176,delayed
54,660,27,16.314044870074127,-8.650405389291269,32.654491106669106,154.16034112296921,4580.5186102577145,,,0.0,-1,-1,0,176,delayed
54,806,17,15.764367346358153,-10.602476344389075,9.388277053833008,98.64402368123271,2930.979413843985,,,0.0,-1,-1,0,176,delayed
54,826,17,9.159484132508233,-13.11290303398581,15.764892914715935,102.87377767105639,3056.6567879732024,,,0.0,-1,-1,0,176,delayed
54,930,12,-11.638217946554684,3.0853246053059897,-1.5326894124348953,49.880372637166914,1482.0801088451312,,,0.0,-1,-1,0,176,delayed
54,1000,15,17.374575628035718,-20.23381996154785,20.191033681233723,103.59366518992846,3078.046583516374,,,0.0,-1,-1,0,176,delayed
54,1016,18,16.30239540800322,-7.386920770009358,17.10169219970703,96.77282423781725,2875.3810426180708,,,0.0,-1,-1,0,176,delayed
54,1078,17,19.404096010703224,-17.749041332918054,20.47601800806382,104.3337448936815,3100.0363432134586,,,0.0,-1,-1,0,176,delayed
54,1090,21,4.7866546537421115,-7.0600894292195635,23.563392094203405,106.25616088977257,3157.1564960530814,,,0.0,-1,-1,0,176,delayed
54,1152,16,21.215283489680917,-22.253137469291687,17.070900321006775,101.40099915611391,3012.8965747605153,,,0.0,-1,-1,0,176,delayed
54,1170,17,4.486897470860725,-9.270646151374368,18.987174651202032,97.95421975281934,2910.483482734142,,,0.0,-1,-1,0,176,delayed
54,1210,11,-10.740527862267335,-24.243399013172496,3.64413781599565,49.03761963121024,1457.0396490257278,,,0.0,-1,-1,0,176,delayed
54,1296,16,9.192733489260052,-21.948300004005432,10.860388040542603,99.01586133702898,2942.0277112852245,,,0.0,-1,-1,0,176,delayed
54,1398,18,19.963553124583814,-13.84393342336019,22.864911821153427,99.53211364585606,2957.3669567159586,,,0.0,-1,-1,0,176,delayed
54,1414,19,3.554706884043816,-13.580583396710848,19.570627513684723,106.232785434957,3156.4619483826095,,,0.0,-1,-1,0,176,delayed
54,1436,16,17.219507261787825,-20.645812571048737,15.072688043117523,97.82476279465219,2906.6369681131146,,,0.0,-1,-1,0,176,delayed
54,1444,17,10.92166478222506,-14.314321293550378,17.823768840116614,104.29986970504855,3099.0298201944456,,,0.0,-1,-1,0,176,delayed
54,1450,15,18.19728080717256,-20.23381996154785,20.16147371927897,102.87117979783216,3056.579598168328,,,0.0,-1,-1,0,176,delayed
54,1462,17,7.26033705488614,-15.862960983725156,20.806418699376724,95.66218877212013,2842.3810739959213,,,0.0,-1,-1,0,176,delayed
54,1488,20,16.778257815162988,-15.697745609283448,11.385680985450744,105.96093132152068,3148.3844310600643,,,0.0,-1,-1,0,176,delayed
54,1502,18,13.680665665087627,-24.953566710154217,8.320889366997612,103.74017555403971,3082.3998007220353,,,0.0,-1,-1,0,176,delayed
54,1576,16,12.844751055686853,-17.931719541549683,21.440263748168945,105.37262860173864,3130.904374018174,,,0.0,-1,-1,0,176,delayed
54,1594,22,23.824890684441083,-17.03940842368386,30.09794989499179,145.04569347452352,4309.697899330871,,,0.0,-1,-1,0,176,delayed
54,1608,26,20.733832957548547,-14.876283132112944,25.701647134927605,155.01994289253145,4606.059692187142,,,0.0,-1,-1,0,176,delayed
54,1638,16,15.687761202373823,-21.006074905395508,17.846850514411926,109.28564080130906,3247.1704971451372,,,0.0,-1,-1,0,176,delayed
54,1682,17,8.25403462022426,-20.839799937079935,17.874303481158087,95.80580201383226,2846.648209898385,,,0.0,-1,-1,0,176,delayed
54,1704,16,12.538431735673498,-14.80020694155246,16.577271699905396,96.66304233130329,2872.1191267310555,,,0.0,-1,-1,0,176,delayed
54,1738,19,10.741926003805387,-18.85908563513505,18.308979335584137,113.6963117410245,3378.223400738378,,,0.0,-1,-1,0,176,delayed
54,1740,18,4.3101409333340595,-11.185073057810465,9.32266773117913,98.72427274249588,2933.3638294199636,,,0.0,-1,-1,0,176,delayed
54,1802,18,8.500655870409396,-23.32776641845703,9.456611527336968,104.61602122483448,3108.423532672583,,,0.0,-1,-1,0,176,delayed
54,1812,21,18.608151593414608,-12.384848049708776,2.547541482107979,107.01103131605615,3179.585727921263,,,0.0,-1,-1,0,176,delayed
54,1820,16,18.712517278253078,-17.40344989299774,17.791425466537476,103.2777707680919,3068.660510110213,,,0.0,-1,-1,0,176,delayed
54,1870,24,-1.0059456582491586,-16.191027919451397,12.867102444171906,106.56477057731233,3166.3261203986453,,,0.0,-1,-1,0,176,delayed
54,1912,14,15.72767251442768,-20.966485704694474,17.894357545035227,96.90437014622198,2879.2896255724277,,,0.0,-1,-1,0,176,delayed
54,1940,15,9.879113862085156,-13.4904452641805,14.97738889058431,90.39959465988473,2686.0152402559793,0.4061402678489685,78.61981201171875,78.61981201171875,3,5,1,176,delayed
54,1998,18,13.111860579475135,-16.34267716937595,19.50757058461507,109.29329970440513,3247.3980637677214,,,0.0,-1,-1,0,176,delayed
54,2054,16,13.9353276575585,-18.291982054710388,15.122365355491638,96.87560758802188,2878.435012562659,,,0.0,-1,-1,0,176,delayed
54,2262,23,0.8618223711541438,-0.8434238433837891,26.93641239663829,99.08832127226549,2944.1806909648953,,,0.0,-1,-1,0,176,delayed
54,2282,20,3.620501537891657,-4.7693212032318115,16.956837797164916,98.79641784476928,2935.507454565023,,,0.0,-1,-1,0,176,delayed
54,2416,21,18.78769767145005,-19.440978686014812,11.37421262831915,104.7962487850736,3113.778578514745,,,0.0,-1,-1,0,176,delayed
54,2420,15,14.39899559559573,-19.001537545522055,20.037691370646158,96.76723687726339,2875.215027099341,,,0.0,-1,-1,0,176,delayed
54,2422,18,13.341148882186689,-10.17202705807156,17.447117699517143,97.74948898600866,2904.40038068184,,,0.0,-1,-1,0,176,delayed
54,2434,15,15.981056019914684,-23.426300112406413,20.131913884480795,96.44302944381235,2865.5819517461805,,,0.0,-1,-1,0,176,delayed
54,2454,21,15.417937426862622,-12.44687134878976,9.85968253726051,96.95825211696163,2880.890603929978,,,0.0,-1,-1,0,176,delayed
54,2458,10,3.3733489379224557,-37.60032005310059,-21.705559539794923,48.955060496684744,1454.5865949562694,,,0.0,-1,-1,0,176,delayed
54,2464,13,-13.018638441800402,-13.00568962097168,-20.848856559166542,57.62127995014671,1712.0832974025602,,,0.0,-1,-1,0,176,delayed
54,2616,20,7.873712506871476,-13.228561800718307,17.000233602523803,99.70231967868132,2962.424236008772,,,0.0,-1,-1,0,176,delayed
54,2622,20,5.331361929040771,-17.573881912231446,18.842673432826995,112.14923925813805,3332.2557137985414,,,0.0,-1,-1,0,176,delayed
54,2634,16,18.02704049372808,-20.11927503347397,15.463575839996338,102.63518355637825,3049.567514722896,,,0.0,-1,-1,0,176,delayed
54,2646,18,10.592432093141046,-21.989868733617996,13.863948345184326,106.23696830835446,3156.5862328081757,,,0.0,-1,-1,0,176,delayed
54,2680,14,16.319500256026306,-20.903142860957555,17.799343517848424,97.43426284290518,2895.0341636353073,,,0.0,-1,-1,0,176,delayed
54,2868,19,9.1691639221478,-13.856249859458522,17.795568968120374,111.60618701436691,3316.120170176776,,,0.0,-1,-1,0,176,delayed
54,2870,17,8.024124690787922,-11.516989062814151,17.27552025458392,96.70480695948706,2873.3600662311414,,,0.0,-1,-1,0,176,delayed
54,2892,15,12.789771493584206,-21.68226000467936,15.310527038574218,103.57939795032868,3077.6226654319444,,,0.0,-1,-1,0,176,delayed
54,2900,15,12.695048646309715,-21.62314001719157,15.280967203776042,102.48080592640015,3044.9805398759854,,,0.0,-1,-1,0,176,delayed
54,2936,20,5.366341894605157,-19.835221928358077,10.939068579673767,97.22788532228944,2888.902132095722,,,0.0,-1,-1,0,176,delayed
54,2946,22,6.193280250871959,-9.902180118994279,25.59632934223522,114.50476281707805,3402.244657907186,,,0.0,-1,-1,0,176,delayed
54,3000,15,18.025928240754663,-23.18981997172038,17.737553787231445,97.771902343104,2905.066341839851,,,0.0,-1,-1,0,176,delayed
54,3014,16,16.106829978939324,-20.89522498846054,17.763713121414185,110.97946143528405,3297.498466581662,,,0.0,-1,-1,0,176,delayed
54,3086,20,5.038949568285743,-18.323504948616026,18.192815399169923,104.89314462298812,3116.6576146247503,,,0.0,-1,-1,0,176,delayed
54,3118,19,2.0610387786602726,-9.582690489919562,20.81092673853824,102.64794673706052,3049.9467431691714,,,0.0,-1,-1,0,176,delayed
54,3120,17,5.262585559248635,-18.53151169945212,18.219894521376666,103.48008343318048,3074.671763852768,,,0.0,-1,-1,0,176,delayed
54,3136,21,14.48325673070921,-6.48736404237293,21.42599105834961,104.379932468396,3101.408700357984,,,0.0,-1,-1,0,176,delayed
54,3204,17,19.542773572066306,-18.74017059101778,19.435465195599726,104.32006963036355,3099.6300143374865,,,0.0,-1,-1,0,176,delayed
54,3310,19,6.765807494777876,-21.872455371053594,17.53011211596037,105.67722544032861,3139.954765822083,,,0.0,-1,-1,0,176,delayed
54,3338,20,6.986190937592785,-5.082472407817841,13.96665916442871,99.04424235804849,2942.870987798568,,,0.0,-1,-1,0,176,delayed
54,3364,15,-24.597327060800684,-12.15470248858134,-1.1587589263916003,57.137540953737414,1697.7101099834133,,,0.0,-1,-1,0,176,delayed
54,3368,12,-33.37274220421751,-27.680169105529785,-1.0839354197184246,58.77955540501432,1746.498778311453,,,0.0,-1,-1,0,176,delayed
54,3374,15,-8.90075345621577,-11.33626028696696,-23.07019147872925,50.18484010155905,1491.12665659345,,,0.0,-1,-1,0,176,delayed
54,3376,8,-17.634633339777224,-31.980225086212158,-18.867799520492554,54.52582679091056,1620.1090535744918,,,0.0,-1,-1,0,176,delayed
54,3380,16,-6.140459846028268,0.05888906121253967,6.31443452835083,52.15103508501399,1549.5476009654324,,,0.0,-1,-1,0,176,delayed
54,3382,15,-33.97024684118498,-13.939387671152751,10.139374415079752,53.04241613421918,1576.0329308172813,,,0.0,-1,-1,0,176,delayed
54,3420,24,22.53071365403511,-13.253503113985062,28.415021340052288,139.74587573413305,4152.226051422411,,,0.0,-1,-1,0,176,delayed
54,3472,20,10.138386363606426,-14.011440086364747,7.890190505981446,112.19153384503849,3333.512399798322,,,0.0,-1,-1,0,176,delayed
54,3524,14,15.760741887272303,-20.90314292907715,17.831014769417898,97.06652977168287,2884.1078244479977,,,0.0,-1,-1,0,176,delayed
54,3554,16,7.9188917975916535,-16.84746804833412,16.542630910873413,98.00783277879654,2912.076470019016,,,0.0,-1,-1,0,176,delayed
54,3584,19,2.179400767284255,-16.545821039300215,15.493508288734837,105.99580321043852,3149.420568726857,,,0.0,-1,-1,0,176,delayed
54,3588,24,6.59503410097319,-3.6973095933596283,25.315840085347492,100.37571859846145,2982.432730163049,,,0.0,-1,-1,0,176,delayed
54,3662,20,4.716989279932167,-28.761418056488036,19.5678582906723,101.38626846695459,3012.458886342439,,,0.0,-1,-1,0,176,delayed
54,3714,15,17.983356174563887,-20.174699974060058,20.250153986612954,102.79802372303035,3054.405934308726,,,0.0,-1,-1,0,176,delayed
54,3736,24,23.470525413338624,-17.532774964968365,24.965550581614178,156.02247737895544,4635.847689794304,,,0.0,-1,-1,0,176,delayed
54,3784,22,11.822322944357866,-1.3591720841147679,14.607464530251242,99.34202112896799,2951.7187964632385,,,0.0,-1,-1,0,176,delayed
54,3838,25,10.846542513904161,-10.536292533874512,15.522551803588867,113.06065188071803,3359.3362356042203,,,0.0,-1,-1,0,176,delayed
54,3866,17,11.573393030822162,-19.446024291655597,18.325854245354147,110.50159560897089,3283.2997868519146,,,0.0,-1,-1,0,176,delayed
54,3892,20,5.552732154339936,-10.61111614704132,18.72810778617859,97.80718271319351,2906.1146165815553,,,0.0,-1,-1,0,176,delayed
54,3962,15,-8.541226891199273,-8.893865076700846,9.617120107014975,58.37516989271477,1734.4833964608822,,,0.0,-1,-1,0,176,delayed
54,4008,15,12.600325799035234,-16.703247515360513,18.633591334025066,96.39576743199657,2864.1776701838576,,,0.0,-1,-1,0,176,delayed
54,4032,17,21.987839476260888,-18.76625291038962,23.660806319292853,103.80785379747908,3084.4107034699496,,,0.0,-1,-1,0,176,delayed
54,4238,17,9.817926676593956,-18.389689080855426,11.049396851483513,97.80635807779154,2906.0901144445083,0.31071528792381287,145.1875457763672,145.1875457763672,2,3,1,176,delayed
54,4258,15,13.541168461851493,-21.65270004272461,15.251407114664714,104.36148337112795,3100.8605280280367,,,0.0,-1,-1,0,176,delayed
54,4262,17,8.047925595760171,-14.314321461845847,10.433201060575598,98.33895770342899,2921.9150826514915,,,0.0,-1,-1,0,176,delayed
54,4270,22,8.565668578470202,-18.04083735292608,21.564561757174406,98.42950428715942,2924.605465332609,,,0.0,-1,-1,0,176,delayed
54,4432,19,2.9757827997257604,-15.011423713282534,15.607739900287829,98.22868063718208,2918.6384542362384,,,0.0,-1,-1,0,176,delayed
54,4544,18,22.216906197225526,-21.455633269415962,25.99334494272868,105.56724756977023,3136.6870273159307,,,0.0,-1,-1,0,176,delayed
54,4572,21,-0.8223160295590878,-12.08660888671875,8.332435448964437,105.98911977424005,3149.2219858509725,,,0.0,-1,-1,0,176,delayed
54,4592,16,12.975460602663233,-15.851550161838531,18.73365044593811,104.63665812073626,3109.0367103877293,,,0.0,-1,-1,0,176,delayed
54,4594,21,13.149454471268152,-12.71211967014131,10.029496238345192,113.79571335165397,3381.1768900992674,,,0.0,-1,-1,0,176,delayed
54,4668,22,22.062024233443648,-15.23053806478327,31.271952455694024,145.53889570705192,4324.352264962529,,,0.0,-1,-1,0,176,delayed
54,4694,36,6.574568025121156,-22.275461461808945,24.39319308598836,211.61216648648988,6287.566955856329,,,0.0,-1,-1,0,176,delayed
54,4838,18,23.824001695927507,-14.977066728803846,9.946689340803358,97.61110936521165,2900.2887497414577,,,0.0,-1,-1,0,176,delayed
54,4886,22,15.368341624994775,-9.895881826227361,22.385859511115335,106.45698081233999,3163.1233963980717,,,0.0,-1,-1,0,176,delayed
54,4902,19,12.565368646558218,-13.828537539431924,14.611548473960475,105.2370909892355,3126.8771867926002,,,0.0,-1,-1,0,176,delayed
54,4912,15,12.26826368274714,-22.397242546081543,18.219751358032227,95.76661253553723,2845.483785031723,,,0.0,-1,-1,0,176,delayed
54,4986,15,12.930259312013785,-21.7118200302124,15.340087127685546,103.32017754497878,3069.9205295764154,,,0.0,-1,-1,0,176,delayed
54,4990,25,20.026828047985365,-16.719505519866942,24.396849975585937,145.75683356078892,4330.827785110253,,,0.0,-1,-1,0,176,delayed
54,5040,15,11.217449207461891,-21.97786013285319,15.872167015075684,95.62309681071099,2841.219546618376,,,0.0,-1,-1,0,176,delayed
54,5046,18,18.854482096422696,-27.399964650472004,8.380442513359917,97.35015723369524,2892.5351596411106,,,0.0,-1,-1,0,176,delayed
54,5206,21,-1.0320216248538536,-17.535414309728715,17.981302851722354,98.54568947813746,2928.0576400335385,,,0.0,-1,-1,0,176,delayed
54,5222,19,21.55109858727102,-12.263510578557066,16.1245318964908,105.73402570476365,3141.642454539019,,,0.0,-1,-1,0,176,delayed
54,5266,16,16.303869595802794,-15.546712398529053,19.318525582551956,103.56380084856818,3077.1592335638024,,,0.0,-1,-1,0,176,delayed
54,5514,15,11.641041266060164,-21.35710004170736,13.063967005411781,99.16518227537253,2946.4644382151305,,,0.0,-1,-1,0,176,delayed
54,5520,16,16.046963010858537,-20.92293745279312,17.902275681495667,111.02249150376493,3298.777005718521,,,0.0,-1,-1,0,176,delayed
55,54,17,8.863670878461997,-18.756472138797534,16.443034340353574,103.23588243396011,3067.4158949734942,,,0.0,-1,-1,0,176,delayed
55,160,19,6.579839541305408,-20.10468944750334,6.904026834588302,108.53874678036397,3224.9782657456217,,,0.0,-1,-1,0,176,delayed
55,164,18,17.046056201360145,-14.730733394622803,17.070900281270344,110.3962133294488,3280.16859572308,,,0.0,-1,-1,0,176,delayed
55,208,12,-25.018868663810547,-15.56749677658081,-0.1340468724568682,55.68858528694807,1654.6577377012784,,,0.0,-1,-1,0,176,delayed
55,384,15,14.924204476728546,-20.795459938049316,19.333794021606444,96.44737263131593,2865.7109995352757,,,0.0,-1,-1,0,176,delayed
55,412,18,19.56976151231909,-23.86969984902276,15.248033814960056,105.53931935849204,3135.8572049986,,,0.0,-1,-1,0,176,delayed
55,446,16,13.756724536117488,-14.77076256275177,14.632200598716736,97.69868225986635,2902.8907761173596,,,0.0,-1,-1,0,176,delayed
55,452,20,12.084044837110003,-5.86535062789917,13.278003597259522,105.00293429086739,3119.919761122817,,,0.0,-1,-1,0,176,delayed
55,528,10,-19.784380606919022,-22.93209409713745,-16.039235949516296,56.62531332047304,1682.4904484948327,,,0.0,-1,-1,0,176,delayed
55,538,10,-13.833116844891242,-12.17687258720398,-9.874087524414062,49.982153390779374,1485.1042889467826,,,0.0,-1,-1,0,176,delayed
55,654,16,11.91434107983375,-18.456525087356567,11.719475507736206,106.19425198467249,3155.3170158736393,,,0.0,-1,-1,0,176,delayed
55,702,15,17.66619428144257,-22.59862009684245,14.896687189737955,95.27300931822343,2830.817505062964,,,0.0,-1,-1,0,176,delayed
55,732,16,9.286852018237608,-23.429186820983887,15.926027774810791,97.35816944024592,2892.7732238601384,,,0.0,-1,-1,0,176,delayed
55,734,17,12.791700079290221,-18.044097900390625,18.514951257144702,109.64988824244995,3257.9932688822196,,,0.0,-1,-1,0,176,delayed
55,742,18,17.088918885907365,-16.487397723727756,16.48123992813958,98.52438019636736,2927.424483924722,,,0.0,-1,-1,0,176,delayed
55,906,18,6.112781873186656,-17.384974996248882,13.973258720503914,102.79829864454045,3054.4141029666575,,,0.0,-1,-1,0,176,delayed
55,1022,15,17.865218690884472,-20.263379923502605,20.279713821411132,103.68216828206596,3080.6762485628315,,,0.0,-1,-1,0,176,delayed
55,1040,21,8.809304757417404,-8.881196430751256,17.979083651588077,103.87961198963689,3086.5428324742243,,,0.0,-1,-1,0,176,delayed
55,1100,16,11.113270949699803,-19.11989325284958,14.21131706237793,98.98909087638697,2941.232288855028,,,0.0,-1,-1,0,176,delayed
55,1122,25,12.75243996718948,-23.04793186187744,16.463668384552,106.59343297136449,3167.177757262018,,,0.0,-1,-1,0,176,delayed
55,1200,14,15.004707604652095,-20.839800085340226,17.926029205322266,98.05374580122562,2913.4406694762674,,,0.0,-1,-1,0,176,delayed
55,1236,18,4.595728544030547,-13.061824904547798,14.690704451666939,105.89256394105516,3146.353052196502,,,0.0,-1,-1,0,176,delayed
55,1256,17,6.152842590473495,-18.24134568607106,16.964681400972253,106.5182908374603,3164.9450822416115,,,0.0,-1,-1,0,176,delayed
55,1290,17,10.44791519457628,-20.913156705744125,10.795093872967888,96.92430141933437,2879.8818373355343,,,0.0,-1,-1,0,176,delayed
55,1344,15,14.163784929891664,-21.65270004272461,15.251407114664712,103.6661335760625,3080.199814294953,,,0.0,-1,-1,0,176,delayed
55,1426,16,20.803199192724843,-18.04083752632141,18.151687920093536,103.0232695962307,3061.098595382009,,,0.0,-1,-1,0,176,delayed
55,1456,18,8.520035214660409,-22.707314623726738,12.962242974175346,104.01261462340855,3090.494698659566,,,0.0,-1,-1,0,176,delayed
55,1478,12,-15.764153163389713,-8.491572062174479,-5.635713418324788,55.026030612574466,1634.971455262005,,,0.0,-1,-1,0,176,delayed
55,1492,10,-23.822332047328807,-26.04420762062073,-6.581842231750488,55.17668947563719,1639.4479355359335,,,0.0,-1,-1,0,176,delayed
55,1496,7,-17.770046719959954,-31.956471579415457,-18.899471010480607,49.430109441494544,1468.7015775557752,,,0.0,-1,-1,0,176,delayed
55,1544,23,28.381032107653077,-17.668525986049485,31.06639621568763,149.8747445419811,4453.182002461715,,,0.0,-1,-1,0,176,delayed
55,1572,17,10.228308873477147,-18.391319106606876,19.849522646735696,105.95663049791756,3148.2566420164626,,,0.0,-1,-1,0,176,delayed
55,1664,18,11.590372660090818,-12.904787487453884,20.48828517066108,109.86552566807653,3264.400437119884,,,0.0,-1,-1,0,176,delayed
55,1684,16,20.093775620967527,-20.839800119400024,20.094475626945496,104.38897004618212,3101.6772311158907,,,0.0,-1,-1,0,176,delayed
55,1706,22,4.607224790441196,-10.34054166620428,12.662951989607377,105.8909853229853,3146.306147205278,,,0.0,-1,-1,0,176,delayed
55,1726,15,19.114708833583894,-23.60366007486979,15.547007115681964,97.99749911375588,2911.769429020754,,,0.0,-1,-1,0,176,delayed
55,1776,16,15.21381437173427,-15.759752333164215,20.065030932426453,102.3191499602419,3040.1773060737432,,,0.0,-1,-1,0,176,delayed
55,1806,12,5.754613360777274,-11.574587802092234,-6.659501850605011,49.31744807925058,1465.3541052898452,,,0.0,-1,-1,0,176,delayed
55,1816,22,1.9894219035649796,1.6866835680874912,20.935189593922008,106.02812412005997,3150.380909933572,,,0.0,-1,-1,0,176,delayed
55,1826,16,11.111125924749876,-22.930361688137054,14.665109068155289,103.79092421989237,3083.907680159059,,,0.0,-1,-1,0,176,delayed
55,1874,14,15.612499871072263,-20.90314292907715,17.8943578175136,96.40967163743878,2864.59080154647,,,0.0,-1,-1,0,176,delayed
55,1890,21,5.910751317888406,-8.192342860358101,13.52037189120338,98.90233213013379,2938.6544530191672,,,0.0,-1,-1,0,176,delayed
55,1894,17,8.048541022867923,-24.370698423946607,18.845871027778177,99.41708125930134,2953.9490349368675,,,0.0,-1,-1,0,176,delayed
55,1966,17,11.730221009951437,-16.42699196759392,19.199612785788144,109.73585519078203,3260.547578270962,,,0.0,-1,-1,0,176,delayed
55,2014,16,14.970355368205738,-19.980712413787842,17.929988026618958,103.00031963352559,3060.4166902272227,,,0.0,-1,-1,0,176,delayed
55,2060,16,15.140127903781865,-14.46592503786087,8.17227554321289,100.32202209706568,2980.8372625988404,,,0.0,-1,-1,0,176,delayed
55,2122,15,13.973274933687918,-21.800499979654948,13.270887120564778,95.57968883871136,2839.929778950963,,,0.0,-1,-1,0,176,delayed
55,2178,19,10.213981123892504,-8.989059937627692,17.31232329418785,103.88906789473069,3086.823792862244,,,0.0,-1,-1,0,176,delayed
55,2272,16,13.280455194224245,-21.061500012874603,8.587962985038757,97.02380726120303,2882.838423687047,,,0.0,-1,-1,0,176,delayed
55,2416,18,13.753989244519412,-13.232718573676216,17.915641493267483,111.42898823053604,3310.855117432732,,,0.0,-1,-1,0,176,delayed
55,2450,12,-21.687863727251436,-21.511828343073528,-9.962746620178223,58.32292903014752,1732.931179843676,,,0.0,-1,-1,0,176,delayed
55,2586,18,7.431032707366023,-9.85025405883789,13.508304437001547,105.39317346592152,3131.514817223278,,,0.0,-1,-1,0,176,delayed
55,2588,16,12.15296062870278,-15.091188222169876,22.489874601364136,98.55936413704437,2928.4639509508324,,,0.0,-1,-1,0,176,delayed
55,2592,16,14.32179654733056,-11.339608609676361,22.59726059436798,97.83832856451875,2907.0400436439786,,,0.0,-1,-1,0,176,delayed
55,2612,15,13.411323659969609,-21.593580055236817,15.399207305908202,105.59390360808138,3137.4790499507435,,,0.0,-1,-1,0,176,delayed
55,2628,17,15.968149810256671,-20.696347124436322,14.422171087826,104.56304240144183,3106.849389253258,,,0.0,-1,-1,0,176,delayed
55,2636,10,-21.46201303070761,-29.317053842544556,-5.476113510131836,49.70811843880877,1476.9619730423233,,,0.0,-1,-1,0,176,delayed
55,2662,18,14.902680966377956,-11.416010326809353,21.0497428311242,105.8011628588065,3143.6372800647855,,,0.0,-1,-1,0,176,delayed
55,2800,23,5.660399399713426,-19.787929617840312,23.08196507329526,101.63058555751526,3019.7182046078588,,,0.0,-1,-1,0,176,delayed
55,2804,23,-0.35957160371219343,-18.37338748185531,18.513017301974088,106.82466903913156,3174.04840313666,,,0.0,-1,-1,0,176,delayed
55,2812,15,12.116784105742143,-15.572577412923177,18.127376302083334,98.72801641069617,2933.4750638771343,,,0.0,-1,-1,0,176,delayed
55,2832,23,-1.3480878948179618,-30.653639793395996,13.864930152893066,105.54138412240577,3135.9185546911594,,,0.0,-1,-1,0,176,delayed
55,2872,18,19.114639702152022,-23.524833308325874,12.929911507500542,111.31137923639798,3307.360637708187,,,0.0,-1,-1,0,176,delayed
55,3050,11,-17.72298247146008,-5.628157182173296,-3.08999980579723,49.19823312283554,1461.8119081040945,,,0.0,-1,-1,0,176,delayed
55,3054,8,-18.231307454982392,-33.58755016326904,-23.468074798583984,47.41843056478041,1408.92918430905,,,0.0,-1,-1,0,176,delayed
55,3078,20,13.050696815054426,-11.89281930923462,16.323607158660888,106.13786166758422,3153.641507795624,,,0.0,-1,-1,0,176,delayed
55,3084,16,12.013121577167048,-20.53323046863079,16.026485562324524,103.54490357067579,3076.5977445813646,,,0.0,-1,-1,0,176,delayed
55,3110,17,15.47324954078884,-20.957170542548685,10.011512307559743,107.25092916927336,3186.71373875218,,,0.0,-1,-1,0,176,delayed
55,3116,23,13.265624945592174,-18.77582118822181,14.950099882872209,97.84789405706714,2907.324260170193,,,0.0,-1,-1,0,176,delayed
55,3174,16,9.208027176931243,-21.948300004005432,10.444700241088867,104.22624226656643,3096.8421508513693,,,0.0,-1,-1,0,176,delayed
55,3190,20,13.945889555300486,-12.711723852157593,19.874523162841797,108.31868052632187,3218.4395050968924,,,0.0,-1,-1,0,176,delayed
55,3264,14,15.653551506327663,-20.87147147314889,17.799343517848424,96.91685929653718,2879.6607118390293,,,0.0,-1,-1,0,176,delayed
55,3296,19,14.872812064495951,-4.794262534693668,19.164220809936523,96.37170745442063,2863.462783499993,,,0.0,-1,-1,0,176,delayed
55,3302,19,12.279122760572417,-16.38392172361675,15.308736801147461,105.11853975845656,3123.354710681714,,,0.0,-1,-1,0,176,delayed
55,3324,16,10.488509456709703,-16.68292510509491,12.55085039138794,103.45552336709856,3073.9420181935548,,,0.0,-1,-1,0,176,delayed
55,3382,17,9.362775887886167,-22.127616142525394,20.92215908274931,96.65204826998401,2871.7924635820996,,,0.0,-1,-1,0,176,delayed
55,3458,15,13.583740528042274,-21.6527001063029,15.31052729288737,104.56101237011326,3106.789071559276,,,0.0,-1,-1,0,176,delayed
55,3496,15,10.761928099220535,-21.794957542419432,17.410546429951985,97.29265739933743,2890.8266848190888,,,0.0,-1,-1,0,176,delayed
55,3514,16,15.804501790131354,-19.66375070810318,22.929810404777527,103.20844607023132,3066.600686770515,,,0.0,-1,-1,0,176,delayed
55,3518,17,5.874872040639573,-13.538371310514563,18.07103213141946,98.10070254708806,2914.8358807655864,,,0.0,-1,-1,0,176,delayed
55,3532,19,16.282292622690633,-18.98160377301668,23.35464261707507,104.47553237778067,3104.249230943772,,,0.0,-1,-1,0,176,delayed
55,3538,16,9.805699074937753,-20.51244606077671,14.74824658036232,103.98378253708793,3089.638019782222,,,0.0,-1,-1,0,176,delayed
55,3540,15,12.51837457161798,-21.107687505086265,16.760226233800253,96.52763458889648,2868.0957982955497,,,0.0,-1,-1,0,176,delayed
55,3548,20,1.699707645339256,-19.34193935394287,22.702142572402956,104.4614473283692,3103.830726220147,,,0.0,-1,-1,0,176,delayed
55,3550,18,11.793609745295766,-20.231664657592773,17.0878357357449,104.65083838945311,3109.458044333171,,,0.0,-1,-1,0,176,delayed
55,3582,19,8.191691632786204,-17.57555906396163,18.99741614492316,102.53781249820861,3046.6743585401996,,,0.0,-1,-1,0,176,delayed
55,3644,8,-15.66301452431668,-33.42127537727356,-19.588324546813965,50.09446900484568,1488.4414881038788,,,0.0,-1,-1,0,176,delayed
55,3690,20,9.638137645406628,-11.715459489822388,12.513138723373412,100.25730171795846,2978.9142459604222,,,0.0,-1,-1,0,176,delayed
55,3702,24,27.751866801546438,-20.35945002237956,25.519800424575806,153.19281958410826,4551.77094154931,,,0.0,-1,-1,0,176,delayed
55,3750,21,-3.9004155471235284,-23.91192867642357,21.248318286169145,93.88311986203092,2789.5201488563343,,,0.0,-1,-1,0,176,delayed
55,3752,23,7.7415484481524235,-12.679071136142896,25.662842543228813,114.47715294290427,3401.424294241936,,,0.0,-1,-1,0,176,delayed
55,3800,16,15.222794416946387,-19.324272632598877,16.144263744354248,96.7864539855687,2875.786019104072,,,0.0,-1,-1,0,176,delayed
55,3846,15,9.313413547079211,-15.947620010375976,12.384086990356446,99.17365290195225,2946.7161233269194,,,0.0,-1,-1,0,176,delayed
55,3848,20,6.5201823585254335,-9.290615653991699,14.239627027511597,100.41173663664433,2983.5029230090163,,,0.0,-1,-1,0,176,delayed
55,3866,16,8.679202292217633,-23.508860170841217,18.357799768447876,103.47089064181748,3074.3986212817817,,,0.0,-1,-1,0,176,delayed
55,3876,16,11.347749908016212,-15.267855435609818,21.422943472862244,96.8430374913788,2877.4672673389214,,,0.0,-1,-1,0,176,delayed
55,3908,17,13.974953095475163,-19.240625718060663,17.207573385799634,102.60220303991656,3048.587574821828,,,0.0,-1,-1,0,176,delayed
55,3944,18,9.456753523610685,-17.081677277882893,22.601642820570206,103.43563486817798,3073.351077366801,,,0.0,-1,-1,0,176,delayed
55,3964,8,-17.68851361104993,-30.650025129318237,-23.80062460899353,47.827598998995526,1421.086679641506,,,0.0,-1,-1,0,176,delayed
55,4068,16,16.223570566696853,-15.295567870140076,20.265946626663208,104.68182894843052,3110.378857242018,,,0.0,-1,-1,0,176,delayed
55,4116,15,13.603962259482891,-21.711819966634113,15.34008700052897,101.95768525407108,3029.4372168815044,,,0.0,-1,-1,0,176,delayed
55,4122,21,7.861941057012519,-12.31622668675014,16.27626528058733,107.11718809993612,3182.739931658912,,,0.0,-1,-1,0,176,delayed
55,4358,19,14.382238846273564,-8.354589562667044,14.575084686279297,103.34300669526897,3070.598845069225,,,0.0,-1,-1,0,176,delayed
55,4366,18,5.7549304296836885,-16.034760369194878,12.919134245978462,97.92645765159227,2909.658595993466,,,0.0,-1,-1,0,176,delayed
55,4392,15,12.64928367515463,-21.593580055236817,15.487887191772462,105.3428596002568,3130.0198568699693,,,0.0,-1,-1,0,176,delayed
55,4566,13,-19.42140163449967,-11.40049618941087,-15.152097812065712,51.45428058560671,1528.8451496860198,,,0.0,-1,-1,0,176,delayed
55,4630,14,14.289724957287282,-20.99815709250314,17.831014769417898,95.94507729107113,2850.78645320204,,,0.0,-1,-1,0,176,delayed
55,4660,17,8.027881049569457,-20.657223589280072,13.150137172025794,97.70176068576768,2902.982244435532,,,0.0,-1,-1,0,176,delayed
55,4690,21,9.05677202464842,-23.398587544759113,19.020281746273948,110.85975342841665,3293.9416195400777,,,0.0,-1,-1,0,176,delayed
55,4696,15,13.9285742641876,-21.65270004272461,15.369647343953451,102.23119942405563,3037.564058951632,,,0.0,-1,-1,0,176,delayed
55,4788,14,15.54978209498763,-20.966485704694474,17.767671857561385,95.53941024043117,2838.732993398507,,,0.0,-1,-1,0,176,delayed
55,4798,19,13.037456625513551,-14.640951156616211,15.035987352070055,111.52234387733414,3313.6289649373257,,,0.0,-1,-1,0,176,delayed
55,4944,17,9.131311441646686,-14.035566217759076,13.39791971094468,96.98457978710093,2881.6728698627026,,,0.0,-1,-1,0,176,delayed
55,4972,25,1.4829554522765125,-18.91766082763672,16.12260326385498,100.56316363231697,2988.00222656998,,,0.0,-1,-1,0,176,delayed
55,5000,18,12.36152791286262,-12.439833190706041,10.959244675106472,96.41682924267478,2864.803473260541,,,0.0,-1,-1,0,176,delayed
55,5010,16,10.6990416277938,-16.747010231018066,15.652366876602173,105.54700083835377,3136.085442437651,,,0.0,-1,-1,0,176,delayed
55,5102,21,12.703377484386857,-25.579957280840194,17.293289366222563,110.30057927705592,3277.327050656632,,,0.0,-1,-1,0,176,delayed
55,5106,15,13.785957842448484,-15.86078732808431,17.927846145629882,95.07524542204176,2824.9414074862552,,,0.0,-1,-1,0,176,delayed
55,5146,17,13.081878795164151,-17.91694632698508,15.28125841477338,106.16563065844416,3154.4665992458345,,,0.0,-1,-1,0,176,delayed
55,5154,19,16.8276071810686,-21.82432302675749,18.18162084880628,98.1120272085092,2915.1723669332778,,,0.0,-1,-1,0,176,delayed
55,5322,17,18.20161281943578,-21.478817603167364,12.385006399715648,105.156445841313,3124.481002416028,,,0.0,-1,-1,0,176,delayed
55,5346,17,16.806756908235368,-19.52264123804429,13.717947511111989,106.37837773626494,3160.7878874717,,,0.0,-1,-1,0,176,delayed
55,5368,16,16.78033336984816,-23.417062520980835,12.60627555847168,103.36498272080965,3071.2518119298024,,,0.0,-1,-1,0,176,delayed
55,5588,16,15.991087173983138,-20.895225048065186,17.874562978744507,111.78408947040202,3321.4061309157273,,,0.0,-1,-1,0,176,delayed
55,5590,18,21.795620125545916,-9.483833260006374,14.780000607172648,97.33874367274585,2892.1960320291887,,,0.0,-1,-1,0,176,delayed
55,5622,18,15.433944875717076,-12.61226659350925,18.748556084103054,105.57053955611596,3136.7848410896377,,,0.0,-1,-1,0,176,delayed
56,26,16,14.577228944475246,-21.232971161603928,15.250535488128662,98.19651871886758,2917.6828370891308,,,0.0,-1,-1,0,176,delayed
56,130,22,24.383032090683002,-20.29562718218023,10.738136659968983,105.05755634123811,3121.5427292379027,,,0.0,-1,-1,0,176,delayed
56,140,16,10.225765634304599,-18.26253753900528,11.303788185119629,105.4865798494359,3134.2901722522547,,,0.0,-1,-1,0,176,delayed
56,158,20,15.888914215125265,-14.820645022392274,16.166590428352357,98.94577360739204,2939.9452162179837,,,0.0,-1,-1,0,176,delayed
56,338,10,-17.773923818845184,-22.04806504249573,-5.550937461853026,55.227624638395035,1640.9613562979096,,,0.0,-1,-1,0,176,delayed
56,370,16,9.878537219436044,-19.265383630990982,16.334787368774414,96.8703907872862,2878.280007373375,,,0.0,-1,-1,0,176,delayed
56,378,16,12.961491643444383,-18.56737506389618,10.63868796825409,96.57915169075312,2869.626510034262,,,0.0,-1,-1,0,176,delayed
56,428,19,7.252580705414149,-5.44331841719778,8.350446349696108,96.31582342473087,2861.802318583104,,,0.0,-1,-1,0,176,delayed
56,432,17,11.533951263615998,-17.81913746104521,17.29560100331026,103.41571375448439,3072.759167467369,,,0.0,-1,-1,0,176,delayed
56,500,16,16.145743508191835,-18.44093656539917,17.38786232471466,98.2409321748004,2919.0024803901524,,,0.0,-1,-1,0,176,delayed
56,508,15,17.885440422325093,-20.23381996154785,20.33883374532064,101.66795724718932,3020.828618082569,,,0.0,-1,-1,0,176,delayed
56,668,16,9.472439619288046,-21.846110105514526,17.35322141647339,101.81641248430279,3025.2396226991577,,,0.0,-1,-1,0,176,delayed
56,708,19,16.351192150867817,-18.132726368151214,16.93502288115652,103.66398322421546,3080.1359215545613,,,0.0,-1,-1,0,176,delayed
56,740,19,0.3216342209457649,-18.361719181663112,11.351153925845498,104.63522120600055,3108.9940157839137,,,0.0,-1,-1,0,176,delayed
56,742,24,6.781704133454831,6.50435467561086,22.30861445267995,107.59524788490387,3196.944374422267,,,0.0,-1,-1,0,176,delayed
56,750,18,5.373265051701503,-11.30670001771715,20.3923405541314,96.04973839384196,2853.896216228768,,,0.0,-1,-1,0,176,delayed
56,878,19,12.991518849999398,-23.780242016440944,17.90350171139366,111.41157399875682,3310.337693741483,,,0.0,-1,-1,0,176,delayed
56,880,18,7.084844051209489,-14.061014758216011,19.47013039059109,94.70536820240521,2813.951359879237,,,0.0,-1,-1,0,176,delayed
56,1010,15,17.54699249610838,-22.65774002075195,16.197327041625975,98.87859646370946,2937.949202492401,,,0.0,-1,-1,0,176,delayed
56,1024,16,11.576092710177312,-16.11481875181198,17.527604967355728,95.44394633299272,2835.896503796548,,,0.0,-1,-1,0,176,delayed
56,1078,18,9.158749060275218,-20.350212574005127,14.82877680990431,104.41397663641214,3102.420244209228,,,0.0,-1,-1,0,176,delayed
56,1098,24,5.90355562870515,-8.21098279953003,11.264344771703085,104.83295686929279,3114.869274485498,,,0.0,-1,-1,0,176,delayed
56,1154,17,18.775396623315938,-12.793394088745117,16.746241625617532,103.67226149756976,3080.381891334364,,,0.0,-1,-1,0,176,delayed
56,1176,18,1.2890074515234538,-13.14342282546891,15.640137195587158,96.14747473654245,2856.800225997928,,,0.0,-1,-1,0,176,delayed
56,1220,9,-11.10518851329847,8.840287393993801,18.41096560160319,2.4446538144919634,72.63724386796603,,,0.0,-1,-1,0,176,delayed
56,1272,15,18.37182627855476,-20.263379987080892,20.250153732299804,102.39757048585066,3042.507390934484,,,0.0,-1,-1,0,176,delayed
56,1352,16,13.256835352642925,-21.17234992980957,15.047887861728668,97.0807550471722,2884.530495665772,,,0.0,-1,-1,0,176,delayed
56,1406,14,15.79039029051231,-20.99815709250314,17.799343245370046,95.45681953357364,2836.279001230097,,,0.0,-1,-1,0,176,delayed
56,1436,18,12.077423519900973,-7.012802018059625,15.236766338348389,96.92571952484401,2879.9239730666236,,,0.0,-1,-1,0,176,delayed
56,1454,19,11.260203479280747,-9.019689459549753,9.38018472571122,104.71504999487692,3111.3659439362455,,,0.0,-1,-1,0,176,delayed
56,1456,17,13.349211644794961,-18.774403852574967,16.87176311717314,103.10776558122176,3063.6091984912414,,,0.0,-1,-1,0,176,delayed
56,1478,18,10.22777592362939,-19.999187469482422,17.067330810758804,104.14952585789655,3094.562699890994,,,0.0,-1,-1,0,176,delayed
56,1492,21,10.202382469466842,-11.10347502572196,20.518497012910387,112.38332132354978,3339.2109219223394,,,0.0,-1,-1,0,176,delayed
56,1532,16,8.57443509807626,-23.99902492761612,12.772550582885742,100.32162479571703,2980.825457706557,,,0.0,-1,-1,0,176,delayed
56,1620,23,22.169020137046967,-18.286635357400645,27.99792181927225,151.8203155721363,4510.990153678088,,,0.0,-1,-1,0,176,delayed
56,1638,17,14.091400217702889,-19.61229933009428,19.294161628274356,110.62218147366139,3286.882717411911,,,0.0,-1,-1,0,176,delayed
56,1668,21,13.693768746135994,-14.630880423954554,8.451623439788818,107.11278659029452,3182.60915096214,,,0.0,-1,-1,0,176,delayed
56,1686,16,9.75880328327447,-17.36361336708069,12.891509056091309,97.79927001899829,2905.8795091424145,,,0.0,-1,-1,0,176,delayed
56,1760,16,15.45926894086549,-20.368687510490417,11.96888792514801,96.96896853425338,2881.209017527681,,,0.0,-1,-1,0,176,delayed
56,1782,16,5.201602283874331,-13.470007061958313,15.240143179893494,95.93686376111441,2850.542407122819,,,0.0,-1,-1,0,176,delayed
56,1798,15,11.541345652539555,-15.661257616678874,17.8761163075765,97.65036059777124,2901.4550094935134,,,0.0,-1,-1,0,176,delayed
56,1806,15,17.831161037931846,-18.667140007019043,17.67843392690023,98.50819607581907,2926.9436101486135,,,0.0,-1,-1,0,176,delayed
56,1870,9,-16.601329840610365,-25.621745957268608,-16.931984159681534,49.19778558855751,1461.7986106562923,,,0.0,-1,-1,0,176,delayed
56,1882,8,-8.104200885620381,-21.17234992980957,-10.714499711990356,48.28947695304052,1434.8103166596889,,,0.0,-1,-1,0,176,delayed
56,1890,9,-18.563458263075045,-21.60343360900879,-23.22789976331923,56.53309165889165,1679.7502947428018,,,0.0,-1,-1,0,176,delayed
56,1940,23,23.443405683670996,-16.450380926546842,28.089493544205375,148.3694993396346,4408.457116592078,,,0.0,-1,-1,0,176,delayed
56,1994,25,14.105706682297862,-9.641732949018479,8.117016468048096,100.98438636997722,3000.517887698269,,,0.0,-1,-1,0,176,delayed
56,2020,15,18.211116728684566,-20.292939949035645,20.220593643188476,103.40029071061291,3072.3009073275325,,,0.0,-1,-1,0,176,delayed
56,2080,18,13.70343491591786,-20.43642912970649,26.384398884243435,103.9101885018713,3087.4513429400577,,,0.0,-1,-1,0,176,delayed
56,2122,17,12.650080530253812,-11.096410975736731,20.630363015567553,97.06336673502972,2884.013842116685,,,0.0,-1,-1,0,176,delayed
56,2200,11,-21.94099522253458,-36.608212904496625,-13.273196480490945,50.48772492032198,1500.1261796809185,,,0.0,-1,-1,0,176,delayed
56,2308,18,10.400434324172998,-16.558218638102215,13.217323356204563,103.74744063259782,3082.615665757738,,,0.0,-1,-1,0,176,delayed
56,2336,22,24.96853118983888,-28.45821831443093,22.436246156692505,106.02922226801415,3150.413538864621,,,0.0,-1,-1,0,176,delayed
56,2476,17,5.248499213817863,-14.790324155022116,16.454964132869947,97.54823365793607,2898.42054326753,,,0.0,-1,-1,0,176,delayed
56,2478,15,12.008574078983374,-22.243900044759116,15.81304702758789,96.84098877117287,2877.4063943480987,,,0.0,-1,-1,0,176,delayed
56,2494,17,1.0459481083833746,-18.536402225494385,6.531148125143612,98.0549432046382,2913.4762475541006,,,0.0,-1,-1,0,176,delayed
56,2518,11,-31.39051794794292,-13.511103716763584,-4.25060324235396,48.046773738477526,1427.5989509934154,,,0.0,-1,-1,0,176,delayed
56,2528,6,-29.497353803787984,40.843606313069664,15.659239768981934,1.3722517970473251,40.77329388705106,,,0.0,-1,-1,0,176,delayed
56,2662,10,-15.731298846172688,-4.999335289001465,-2.824909591674804,49.64485868820477,1475.0823556075725,,,0.0,-1,-1,0,176,delayed
56,2684,14,15.642148274312275,-20.87147147314889,17.86268629346575,97.41255092817191,2894.389044217593,,,0.0,-1,-1,0,176,delayed
56,2698,17,9.415996286969229,-12.297829515793744,11.840018048005945,96.18647478549346,2857.959022408988,,,0.0,-1,-1,0,176,delayed
56,2716,18,14.96729313095667,-21.775866826375324,22.62473644150628,98.80839312210843,2935.8632722825723,,,0.0,-1,-1,0,176,delayed
56,2932,17,10.181985764849411,-12.323911891264075,3.986488566679113,98.55417223516505,2928.309685573579,,,0.0,-1,-1,0,176,delayed
56,2936,20,-3.3972284604591017,-1.658593225479126,4.691223812103272,99.55603714534236,2958.077788268492,,,0.0,-1,-1,0,176,delayed
56,2972,20,22.225840819071088,-20.462910079956053,10.419900608062743,98.07401301660435,2914.0428629881926,,,0.0,-1,-1,0,176,delayed
56,2978,22,20.80640659989314,-4.296697356484153,27.9212589263916,107.38079695621065,3190.572460201587,,,0.0,-1,-1,0,176,delayed
56,3012,17,10.240517039517151,-14.694145651424632,14.040197372436523,98.32560768244441,2921.5184176005337,,,0.0,-1,-1,0,176,delayed
56,3014,15,18.18131628235102,-20.174700037638345,20.36839396158854,103.80453562092684,3084.3121115147237,,,0.0,-1,-1,0,176,delayed
56,3020,15,17.900340645491863,-21.475339953104655,12.413647206624349,96.37753023126864,2863.635793870373,,,0.0,-1,-1,0,176,delayed
56,3132,10,-16.97889048273235,-23.563938903808594,-18.21189601421356,56.90036625828614,1690.6630114982704,,,0.0,-1,-1,0,176,delayed
56,3224,16,10.321031405430737,-14.862560212612152,20.75091552734375,95.88632793564014,2849.040851746232,,,0.0,-1,-1,0,176,delayed
56,3284,18,15.0454747717262,-16.7583646774292,21.60399293899536,106.08890725919291,3152.1869405764733,,,0.0,-1,-1,0,176,delayed
56,3338,18,21.51683724085812,-15.592899958292643,22.640622562832302,102.10315852846968,3033.7596193607924,,,0.0,-1,-1,0,176,delayed
56,3508,18,12.195250767218168,-13.055666711595324,12.708211580912272,110.21214071064644,3274.6993028432044,,,0.0,-1,-1,0,176,delayed
56,3526,15,9.660375886534075,-16.63304239908854,20.148541259765626,95.26592038400416,2830.606873749607,,,0.0,-1,-1,0,176,delayed
56,3542,17,16.864349093207714,-16.105853024651022,15.387218026553883,111.71455079441083,3319.339949709912,,,0.0,-1,-1,0,176,delayed
56,3570,16,12.16278899736901,-11.556112289428711,18.016038060188293,97.95593856543722,2910.5345532826786,,,0.0,-1,-1,0,176,delayed
56,3574,15,13.777443429210326,-21.62314001719157,15.369647216796874,104.7813295433474,3113.3352876924732,,,0.0,-1,-1,0,176,delayed
56,3602,16,10.138958530587459,-17.138449281454086,15.427202939987183,98.76851183606496,2934.678291945915,,,0.0,-1,-1,0,176,delayed
56,3658,20,-0.5651217571173941,-13.846550607681275,8.597803592681885,98.69639654855702,2932.5355526777744,,,0.0,-1,-1,0,176,delayed
56,3700,19,17.89202518288233,-6.060286170557926,26.75744578712865,106.90938147051146,3176.5654374506043,,,0.0,-1,-1,0,176,delayed
56,3720,17,15.328322014145693,-19.142816992367017,17.099983551922968,105.04279426669979,3121.104108275753,,,0.0,-1,-1,0,176,delayed
56,3728,15,13.725292648126619,-21.623140080769858,15.428767267862955,104.07602670673096,3092.3788423093374,,,0.0,-1,-1,0,176,delayed
56,3732,17,12.089892363283843,-15.39673900604248,17.09346311232623,109.63046051061009,3257.4160186854483,,,0.0,-1,-1,0,176,delayed
56,3826,18,15.740089367066657,-23.418602095709907,18.833232985602486,103.26515734180764,3068.285731270121,,,0.0,-1,-1,0,176,delayed
56,3856,17,9.406605390015379,-23.31762347501867,19.58921802745146,98.4930295783309,2926.492972692242,,,0.0,-1,-1,0,176,delayed
56,3864,17,8.213513095701789,-16.596527267904843,10.247364549075856,105.4016622583809,3131.7670420922395,,,0.0,-1,-1,0,176,delayed
56,3878,20,0.3459159404724179,-11.079457664489746,16.61830406188965,102.4168048101617,3043.0788944730757,,,0.0,-1,-1,0,176,delayed
56,3890,18,18.64694327374264,-20.616560459136963,11.471435825030008,103.96905877261003,3089.2005371150663,,,0.0,-1,-1,0,176,delayed
56,3928,17,10.23192456463776,-24.419603011187384,18.262278388528262,105.45645542899085,3133.395094650152,,,0.0,-1,-1,0,176,delayed
56,3986,17,12.030729712474598,-17.786534589879654,20.389620163861444,111.51611176710988,3313.4437921707404,,,0.0,-1,-1,0,176,delayed
56,4026,16,15.720688034818256,-18.596819460392,21.263596653938293,105.2329297958481,3126.753546538479,0.3786068558692932,117.95354461669922,117.95354461669922,3,3,1,176,delayed
56,4068,9,-9.387749820029791,-29.486100090874565,-10.758255004882812,60.67095473388838,1802.6973424961668,,,0.0,-1,-1,0,176,delayed
56,4160,16,13.934329874757152,-20.507250010967255,16.10096311569214,103.14051805659591,3064.5823626778965,,,0.0,-1,-1,0,176,delayed
56,4162,17,5.148955706107066,-16.21344263413373,20.991144629085767,103.78079559046408,3083.606731320631,,,0.0,-1,-1,0,176,delayed
56,4376,16,10.911242418829598,-18.551786720752716,13.19981062412262,97.91313436440635,2909.262725275612,,,0.0,-1,-1,0,176,delayed
56,4386,11,-16.891158464887372,-25.223413814197887,-9.235531720248135,57.44245661245283,1706.7699747912554,,,0.0,-1,-1,0,176,delayed
56,4396,9,-16.05440708778246,-27.269100295172798,-13.714255226982964,55.22922523981306,1641.0089144735691,,,0.0,-1,-1,0,176,delayed
56,4404,7,-16.985504357301274,-31.89312880379813,-18.772785186767578,49.18616747904974,1461.4534053562215,,,0.0,-1,-1,0,176,delayed
56,4612,19,10.153208654546873,-21.754312414872018,16.266011639645225,105.54648003303195,3136.0699679099507,,,0.0,-1,-1,0,176,delayed
56,4674,27,11.618349937842591,4.426815456814236,25.608985123810946,107.93218152550783,3206.9555796386417,,,0.0,-1,-1,0,176,delayed
56,4722,11,-9.801958329501264,-29.42815555225719,-11.691866744648326,56.673898230727396,1683.934036929943,,,0.0,-1,-1,0,176,delayed
56,4726,11,-1.5232164069905225,-11.772773742675781,-6.453289725563743,48.82044020168979,1450.5866637025438,,,0.0,-1,-1,0,176,delayed
56,4828,16,8.585083763240075,-11.822845220565796,21.296505212783813,96.61076546962244,2870.565840483304,,,0.0,-1,-1,0,176,delayed
56,5002,9,-17.557427493811655,-31.111900117662216,-20.32116635640462,49.099867826041745,1458.8892104161846,,,0.0,-1,-1,0,176,delayed
56,5048,20,11.040501583501385,-7.745643925666809,15.322682881355286,104.70591721333521,3111.094584418549,,,0.0,-1,-1,0,176,delayed
56,5066,15,12.612033117237697,-21.652699979146323,15.399207178751627,103.44105726947643,3073.512191502116,,,0.0,-1,-1,0,176,delayed
56,5088,20,9.208155257986846,-7.755343055725097,16.62246103286743,106.9463608256453,3177.664193610275,,,0.0,-1,-1,0,176,delayed
56,5170,17,15.329568817394954,-8.804424341987161,13.44897326301126,97.4127919584622,2894.396205876176,,,0.0,-1,-1,0,176,delayed
56,5176,14,15.39925943238451,-20.934814316885813,17.73600046975272,98.54068808472344,2927.909035175484,,,0.0,-1,-1,0,176,delayed
56,5208,18,19.90399676277276,-13.006400108337402,15.34656704796685,110.65009300768912,3287.7120442032474,,,0.0,-1,-1,0,176,delayed
56,5242,18,14.672836339803771,-11.947166707780626,2.9754559199015294,98.6179857429273,2930.2057566237695,,,0.0,-1,-1,0,176,delayed
56,5402,16,10.337517308055396,-19.203030467033386,17.148842096328735,103.31214360477168,3069.6818195919654,,,0.0,-1,-1,0,176,delayed
56,5420,18,10.955512167991337,-8.498500135209826,3.1725227567884655,103.80533271550708,3084.3357953398386,,,0.0,-1,-1,0,176,delayed
56,5470,14,15.975122649161593,-20.966485704694474,17.799343381609237,91.3279184683905,2713.5982389068067,,,0.0,-1,-1,0,176,delayed
56,5596,20,9.129547962362702,-6.450084137916565,24.41244478225708,99.4010284459783,2953.4720626517937,,,0.0,-1,-1,0,176,delayed
56,5642,7,-17.619524057356838,-31.829786028180802,-18.899471010480607,48.69418877174146,1446.8353939515987,,,0.0,-1,-1,0,176,delayed
56,5670,9,-21.556500985781568,-26.514704174465603,-15.817326068878174,55.306444751568165,1643.3033139805545,,,0.0,-1,-1,0,176,delayed
56,5726,23,10.44831784418386,-17.9962565795235,-1.5128214255623196,99.01182944027498,2941.9079127820437,,,0.0,-1,-1,0,176,delayed
56,5792,15,19.147702184881744,-22.33257993062337,17.471513748168945,96.05546178294404,2854.066273521746,,,0.0,-1,-1,0,176,delayed
57,30,22,-3.9792174482349365,-9.9550857110457,17.80236122824929,106.04632113485353,3150.921592214799,,,0.0,-1,-1,0,176,delayed
57,134,18,7.339680148664971,-11.845554086897108,16.494606097539265,105.18837197494594,3125.4296137657043,,,0.0,-1,-1,0,176,delayed
57,138,17,15.664823838647354,-16.105852800257065,19.797876806820142,110.59080063246684,3285.950308168067,,,0.0,-1,-1,0,176,delayed
57,180,21,1.9706813337490183,-19.05696255820138,13.167606898716517,105.14232680905715,3124.0614879706422,,,0.0,-1,-1,0,176,delayed
57,372,21,9.140758701331341,-17.86400558834984,16.14166175751459,112.5786607987996,3345.0149834285735,,,0.0,-1,-1,0,176,delayed
57,410,15,18.16428745587471,-16.095420138041177,15.783487383524577,97.4163195688558,2894.5010206744564,,,0.0,-1,-1,0,176,delayed
57,460,10,-17.94769800444443,-16.139760208129882,-16.46877975463867,57.013663959656036,1694.0293911121444,,,0.0,-1,-1,0,176,delayed
57,462,20,24.914789912060503,-1.3967100143432618,17.629810428619386,100.50410261848558,2986.247364904362,,,0.0,-1,-1,0,176,delayed
57,518,16,17.944224521216327,-21.39404994249344,22.33918797969818,102.67744444208267,3050.8231993694462,,,0.0,-1,-1,0,176,delayed
57,528,18,6.746331976130963,-8.563162644704184,19.79547267489963,104.94344367289668,3118.1521347620705,,,0.0,-1,-1,0,176,delayed
57,652,17,15.789722768133542,-14.262156626757454,20.235867444206686,103.7538348465192,3082.8056550614165,,,0.0,-1,-1,0,176,delayed
57,712,15,9.750841527189488,-21.74138005574544,13.950767262776692,99.96713587272214,2970.2926378056645,,,0.0,-1,-1,0,176,delayed
57,726,20,13.968656992293143,-23.717743039131165,16.088492393493652,111.62621577845407,3316.715278659109,,,0.0,-1,-1,0,176,delayed
57,732,14,14.847343002839741,-20.903142860957555,17.76767213003976,97.38616396334326,2893.6050164800727,,,0.0,-1,-1,0,176,delayed
57,876,22,11.232457559633664,-5.216248425570401,13.10423382845792,107.00204940463738,3179.318851160939,,,0.0,-1,-1,0,176,delayed
57,878,15,10.006273924334174,-19.3969025293986,20.222441482543946,97.62644510985145,2900.7444159861807,,,0.0,-1,-1,0,176,delayed
57,1010,19,4.738602435283495,-13.163437341388903,13.998956479524312,106.5542764413116,3166.0143113763,,,0.0,-1,-1,0,176,delayed
57,1022,17,13.537337297425813,-23.62246115067426,14.04886739394244,105.23863280725234,3126.922998355213,,,0.0,-1,-1,0,176,delayed
57,1064,14,15.467678824476838,-20.934814316885813,17.95770059313093,98.32475949220172,2921.4932155857787,,,0.0,-1,-1,0,176,delayed
57,1082,17,9.738594761006825,-11.86910080909729,20.604280696195715,97.25185914317093,2889.614458832332,,,0.0,-1,-1,0,176,delayed
57,1130,15,14.80074548477528,-16.59794012705485,20.397953923543295,97.74643628239853,2904.3096766421636,,,0.0,-1,-1,0,176,delayed
57,1140,16,17.19987855141189,-21.726599991321564,18.48423793911934,103.32456338455756,3070.0508446734493,,,0.0,-1,-1,0,176,delayed
57,1196,19,9.537188231191783,-10.031924799868936,16.3136793437757,112.52149051636121,3343.3163004809676,,,0.0,-1,-1,0,176,delayed
57,1208,20,-3.0205716854697826,-23.056799697875977,2.453880763053894,98.16199005083271,2916.6568974384454,,,0.0,-1,-1,0,176,delayed
57,1298,18,6.141917315939722,-8.17826673719618,19.742636680603027,96.85580834643032,2877.8467238113594,,,0.0,-1,-1,0,176,delayed
57,1382,16,12.639878635759839,-11.611537337303162,11.054375290870667,97.90667846368095,2909.0709030909743,,,0.0,-1,-1,0,176,delayed
57,1410,18,8.871387613487448,-21.367877165476482,10.588205496470133,101.77370699969175,3023.970727822589,,,0.0,-1,-1,0,176,delayed
57,1454,17,9.254332191742106,-13.220492755665498,16.40717102499569,104.17658424603472,3095.3666774219696,,,0.0,-1,-1,0,176,delayed
57,1458,16,16.820244681902018,-15.777072668075562,20.262482404708862,104.82138550798109,3114.5254582001407,,,0.0,-1,-1,0,176,delayed
57,1466,16,11.134224388528079,-12.115558445453644,22.469090342521667,97.93149259608211,2909.8081977442753,,,0.0,-1,-1,0,176,delayed
57,1484,20,10.613867646767607,-10.094278281927108,7.6841734647750854,98.154112537237,2916.4228353095946,,,0.0,-1,-1,0,176,delayed
57,1518,10,-10.689462772573878,-28.41362624168396,-12.785788631439209,49.97276310231209,1484.825278205325,,,0.0,-1,-1,0,176,delayed
57,1606,18,18.441468905510302,-16.405799945195515,20.96555625067817,112.60324489990094,3345.7454432328973,,,0.0,-1,-1,0,176,delayed
57,1616,19,13.978798674489548,-14.177131502251877,10.334542475248638,111.14260163589047,3302.345800983724,,,0.0,-1,-1,0,176,delayed
57,1636,20,4.304581426494769,-24.71123628616333,23.294245719909668,111.16388770288712,3302.978267319145,,,0.0,-1,-1,0,176,delayed
57,1674,20,8.243552813010988,-10.591717338562011,11.481289029121399,109.06397718050273,3240.5842744310194,,,0.0,-1,-1,0,176,delayed
57,1738,28,12.474707423890232,8.598793038300105,2.9579501322337554,108.72216999243741,3230.4282630039015,,,0.0,-1,-1,0,176,delayed
57,1760,17,10.365415969003337,-16.15801769144395,16.065359283896054,103.21555700740825,3066.811971850958,,,0.0,-1,-1,0,176,delayed
57,1776,16,6.095615673880735,-23.97131246328354,15.238963007926941,97.1126815456281,2885.4791178553196,,,0.0,-1,-1,0,176,delayed
57,1782,15,17.1446864706055,-20.2042599995931,20.16147384643555,103.02813860647825,3061.243266779919,,,0.0,-1,-1,0,176,delayed
57,1868,20,21.20239521053241,-10.64852819442749,16.43678722381592,107.08782225520231,3181.867393382665,,,0.0,-1,-1,0,176,delayed
57,1876,24,21.371855587839963,-17.046651581923168,28.081684410572052,146.46984089034112,4352.013151712801,,,0.0,-1,-1,0,176,delayed
57,1880,22,24.8546025354306,-17.957699949091133,27.83978236805309,151.71498881304422,4507.860612210647,,,0.0,-1,-1,0,176,delayed
57,1924,24,0.663777202235354,-12.114981214205423,17.430427471796673,107.89095010334943,3205.73048312453,,,0.0,-1,-1,0,176,delayed
57,1964,22,-1.5306144143836802,-4.74639542536302,15.264549125324596,96.9586698714474,2880.9030165400095,,,0.0,-1,-1,0,176,delayed
57,1994,18,4.919453630689612,-13.763874954647488,13.649946318732368,105.08624869672795,3122.3952563362213,,,0.0,-1,-1,0,176,delayed
57,2050,17,12.823769796554233,-12.349994210635915,12.859970934250775,98.68168736981129,2932.0985033919733,,,0.0,-1,-1,0,176,delayed
57,2112,24,-8.168673200383576,-21.358254710833233,9.561232109864553,100.81536731889378,2995.4958768274037,,,0.0,-1,-1,0,176,delayed
57,2224,28,15.256319681273949,-11.401714103562492,17.151743275778635,162.20390332438456,4819.514490053799,,,0.0,-1,-1,0,176,delayed
57,2336,20,8.594355256842434,-23.131623935699462,21.196850299835205,103.40996675996342,3072.5884087938703,,,0.0,-1,-1,0,176,delayed
57,2352,16,15.317583783074298,-18.20711249113083,15.768413066864014,105.03416887530841,3120.847824684907,,,0.0,-1,-1,0,176,delayed
57,2496,12,-15.327094314530049,-23.90203134218852,-1.0146541595458982,55.1735694570392,1639.3552313868095,,,0.0,-1,-1,0,176,delayed
57,2498,12,-18.028890861446534,-4.84506893157959,-0.10014168421427379,49.929939472340905,1483.5528729121547,,,0.0,-1,-1,0,176,delayed
57,2500,8,-18.488735417729767,-34.5297749042511,-23.0800998210907,48.76900095707777,1449.0582653120978,,,0.0,-1,-1,0,176,delayed
57,2532,17,12.772918285382522,-20.482797790976132,20.20704381606158,111.95851250047042,3326.5887085453955,,,0.0,-1,-1,0,176,delayed
57,2538,13,-10.270284091753252,-15.088390588760376,1.2615502430842476,48.996587889874434,1455.820485566236,,,0.0,-1,-1,0,176,delayed
57,2548,25,17.746789004270177,-17.17842439651489,20.825615997314454,147.7532398078026,4390.1463874269575,,,0.0,-1,-1,0,176,delayed
57,2648,15,12.866401212727613,-22.33257993062337,13.536927159627279,95.90507617909691,2849.5979125145054,,,0.0,-1,-1,0,176,delayed
57,2650,21,6.622177767988596,-14.163726852053689,17.99971887043544,113.07688717485995,3359.8186298855135,,,0.0,-1,-1,0,176,delayed
57,2670,13,-5.820746784523447,-24.069372250483585,-10.984564267672026,56.209423057106534,1670.133229528537,,,0.0,-1,-1,0,176,delayed
57,2678,14,12.27043477553597,-22.55005727495466,12.506886073521205,96.03022459551836,2853.316408765144,,,0.0,-1,-1,0,176,delayed
57,2882,16,14.58720677248871,-15.946811735630035,19.43803584575653,96.44047699832888,2865.506111721739,,,0.0,-1,-1,0,176,delayed
57,2890,16,13.583110328683208,-12.054937481880188,15.352725505828857,97.59639902005603,2899.851665798481,,,0.0,-1,-1,0,176,delayed
57,2902,18,10.527844841412577,-15.947004212273491,23.111735317442154,104.49271488088472,3104.759769352455,,,0.0,-1,-1,0,176,delayed
57,2914,18,9.145445289590599,-20.31942081451416,19.0564726723565,110.92670143899664,3295.9308251045404,,,0.0,-1,-1,0,176,delayed
57,2940,20,6.958789688875368,-25.987396717071533,15.671922159194946,98.72967164550488,2933.524245357859,,,0.0,-1,-1,0,176,delayed
57,2942,16,10.028531585288999,-13.393797755241394,12.915757417678833,98.88366395713092,2938.0997713595634,,,0.0,-1,-1,0,176,delayed
57,2950,17,19.5229120208423,-22.96551165861242,13.512029647827148,98.1309250174797,2915.7338716954746,,,0.0,-1,-1,0,176,delayed
57,3010,20,4.019495090952442,-22.538576316833495,16.00352783203125,99.97292826704297,2970.464745429397,,,0.0,-1,-1,0,176,delayed
57,3020,16,7.32089295393415,-12.387487590312958,10.888100504875183,95.26162142547273,2830.4791401223038,,,0.0,-1,-1,0,176,delayed
57,3072,10,-21.54047833728874,-35.86551761627197,-9.763237380981446,56.118695340328486,1667.4374648971102,,,0.0,-1,-1,0,176,delayed
57,3090,17,-28.299673948526674,-15.771672865923714,10.813617257510915,50.76926757290183,1508.4915695751629,,,0.0,-1,-1,0,176,delayed
57,3114,9,-25.425237500868793,-17.110929277208115,-14.881259547339546,49.43781677885555,1468.9305832907162,,,0.0,-1,-1,0,176,delayed
57,3172,16,6.053708796224186,-22.897453248500824,20.31617558002472,96.97792495664129,2881.475136940303,,,0.0,-1,-1,0,176,delayed
57,3264,18,8.962276725252394,-17.540472772386337,19.08572440677219,105.23078020568471,3126.689676429759,,,0.0,-1,-1,0,176,delayed
57,3314,18,10.526800157763594,-15.221860514746773,7.087192959255642,104.3211562845758,3099.6623017585307,,,0.0,-1,-1,0,176,delayed
57,3328,18,16.30771691627707,-20.009964572058784,13.654565122392443,103.76438518463395,3083.1191339998204,,,0.0,-1,-1,0,176,delayed
57,3334,20,15.681077857680501,-17.115239953994752,11.328870391845703,104.35658072616135,3100.7148572521073,,,0.0,-1,-1,0,176,delayed
57,3344,18,8.946179347677749,-13.548333406448364,13.437483681572807,102.82616307908755,3055.24203030567,,,0.0,-1,-1,0,176,delayed
57,3356,22,9.860375490401681,-12.990864038467407,14.539442886005748,112.044922025739,3329.1561680859813,,,0.0,-1,-1,0,176,delayed
57,3358,17,11.983326846530552,-17.40834042605232,19.962002922506894,96.56777762627581,2869.2885559688198,,,0.0,-1,-1,0,176,delayed
57,3384,16,8.376874103409666,-21.60016170144081,14.79327940940857,97.76952890205982,2904.9958205190364,,,0.0,-1,-1,0,176,delayed
57,3486,113,-45.36705621064624,42.79643820872349,-13.877466066748696,153.34986317316114,4556.437129214945,,,0.0,-1,-1,0,176,delayed
57,3536,21,6.746193851888281,-12.95361428033738,16.42760385785784,104.71239913645373,3111.2871797985167,,,0.0,-1,-1,0,176,delayed
57,3546,17,6.833682619627529,-11.642510161680335,17.903646020328296,95.73911866959459,2844.6668682832205,,,0.0,-1,-1,0,176,delayed
57,3652,16,10.107029480944373,-17.569725155830383,13.770200431346893,103.73199866509547,3082.156843345902,,,0.0,-1,-1,0,176,delayed
57,3670,17,10.37950231443411,-19.600888532750748,14.31784169814166,104.24307026370042,3097.3421559336366,,,0.0,-1,-1,0,176,delayed
57,3682,16,18.20564361516909,-19.038487501442432,17.680575489997864,102.62342420158214,3049.21811264519,,,0.0,-1,-1,0,176,delayed
57,3732,18,20.919650777785105,-17.14480005370246,2.77838929494222,97.6549998646118,2901.592854596516,,,0.0,-1,-1,0,176,delayed
57,3782,17,12.439233729967016,-18.539662529440488,17.745521769804114,110.21549319353389,3274.7989141319745,,,0.0,-1,-1,0,176,delayed
57,3804,21,3.1410501787587504,-19.260187512352353,18.590078376588366,110.70015487291022,3289.199516945193,,,0.0,-1,-1,0,176,delayed
57,3822,20,4.51519358666135,-11.748714303970337,12.994894695281982,99.23918807909075,2948.6633498076258,,,0.0,-1,-1,0,176,delayed
57,3908,17,10.131441967231577,-12.51300884695614,15.249766686383415,104.05721257788976,3091.8198239089816,,,0.0,-1,-1,0,176,delayed
57,3988,9,-1.0971855865345286,-27.909566826290554,-7.698544184366862,47.87043886931566,1422.3595674791497,,,0.0,-1,-1,0,176,delayed
57,3994,12,-4.916777032890335,-17.775259494781494,0.5857427914937338,57.37583633816841,1704.7905071541356,,,0.0,-1,-1,0,176,delayed
57,4246,17,14.516807849712237,-20.8414301591761,19.949480729944565,109.75131375608467,3261.006893848113,,,0.0,-1,-1,0,176,delayed
57,4262,16,16.211597173080698,-18.226164638996124,18.783328026533127,98.30882874101016,2921.019870095124,,,0.0,-1,-1,0,176,delayed
57,4266,9,-5.8628718011451895,-27.909566773308647,-18.64609972635905,49.21709825181311,1462.3724418557533,,,0.0,-1,-1,0,176,delayed
57,4278,11,-27.28908638924473,-24.46257972717285,-5.201188347556374,49.81222913271961,1480.055381940563,,,0.0,-1,-1,0,176,delayed
57,4458,16,11.729751261584664,-23.515788197517395,15.967596530914307,101.94668544877372,3029.110383063502,,,0.0,-1,-1,0,176,delayed
57,4522,16,8.325660234890004,-23.83794605731964,17.08995258808136,97.88132795555275,2908.317671271332,,,0.0,-1,-1,0,176,delayed
57,4554,17,11.680939964616622,-20.88218380423153,14.40535051682416,96.4649514678546,2866.2333140769115,,,0.0,-1,-1,0,176,delayed
57,4576,11,-18.396870712152065,-29.662452350963246,-10.22310430353338,56.380344705664115,1675.2117716906193,,,0.0,-1,-1,0,176,delayed
57,4690,20,15.470084573515337,-20.13036003112793,19.489760398864746,110.75520097605877,3290.8350848095183,,,0.0,-1,-1,0,176,delayed
57,4702,19,6.907933602377688,-19.95299990553605,17.58308438250893,103.43596629447462,3073.3609249340066,,,0.0,-1,-1,0,176,delayed
57,4810,9,-25.55885644442786,-29.338300122155083,-1.3800945281982422,48.98614679528259,1455.5102525468938,,,0.0,-1,-1,0,176,delayed
57,4866,15,16.670723492205337,-15.947619883219401,20.30927391052246,97.53001822505749,2897.8793137354305,,,0.0,-1,-1,0,176,delayed
57,4878,20,7.28913578520352,-9.915532493591309,19.666679191589356,111.070838254802,3300.2135178023536,,,0.0,-1,-1,0,176,delayed
57,4962,23,18.504267571406164,-20.844619595486186,16.858701405317888,104.01864887217539,3090.673992429767,,,0.0,-1,-1,0,176,delayed
57,4966,16,9.131197901227566,-19.37796577811241,21.351930260658264,99.32112148860193,2951.097811902961,,,0.0,-1,-1,0,176,delayed
57,5016,15,11.762371654703887,-20.47029997507731,15.813047281901042,95.69102690429406,2843.2379325118372,,,0.0,-1,-1,0,176,delayed
57,5022,18,14.477714369762689,-22.55027696821425,21.4228122499254,110.56724805901663,3285.2504978263005,,,0.0,-1,-1,0,176,delayed
57,5180,25,-3.2936864003732604,-9.672770957946778,21.852136249542237,105.89474943981816,3146.417989246353,,,0.0,-1,-1,0,176,delayed
57,5210,16,9.969335454358568,-22.74330246448517,17.349757432937622,104.43239524028255,3102.9675104982666,,,0.0,-1,-1,0,176,delayed
57,5246,20,13.283898444926738,-10.181572771072387,26.11216535568237,100.03273772280784,2972.241845319063,,,0.0,-1,-1,0,176,delayed
57,5388,20,5.96287845321058,-13.608223104476929,15.481147480010986,112.7099563766616,3348.9161283888175,,,0.0,-1,-1,0,176,delayed
57,5454,26,8.65017586555055,-13.843459686980797,20.495573117182804,99.94147350727317,2969.530139865754,,,0.0,-1,-1,0,176,delayed
57,5472,10,-16.209400386333982,-17.314770317077638,-9.297667121887207,54.95050021149369,1632.727243778879,,,0.0,-1,-1,0,176,delayed
57,5542,18,3.5471007957261276,-13.797745704650879,16.67368819978502,96.99445197671783,2881.9661991842054,,,0.0,-1,-1,0,176,delayed
57,5572,17,16.092109650047476,-20.22197412042057,18.537773468915155,102.78706666407922,3054.0803705997077,,,0.0,-1,-1,0,176,delayed
59,140,7,-1.5179216252468157,-22.00372518811907,11.758825097765241,3.3975488384462444,100.95031945569401,,,0.0,-1,-1,0,176,delayed
59,168,7,6.7512578159646734,17.67265728541783,-6.4959716796875,2.0885958986150093,62.05780496608259,,,0.0,-1,-1,0,176,delayed
59,370,7,-3.1709845844980182,13.951264245169503,-16.502881595066615,2.5538970248631028,75.8831536428423,,,0.0,-1,-1,0,176,delayed
59,484,11,-5.4669950102110825,-11.120270295576615,31.61635277488015,5.192517728087586,154.28367577771607,,,0.0,-1,-1,0,176,delayed
59,658,7,-16.986998965991535,50.14774785723005,4.234162739345005,1.3039552575752738,38.74401990005077,,,0.0,-1,-1,0,176,delayed
59,846,9,-25.270036692755493,33.34429592556424,-9.069754176669651,2.2354249881242922,66.42049236107215,,,0.0,-1,-1,0,176,delayed
59,1216,8,-3.460011836374952,5.445506513118744,27.717221975326538,2.349536987346955,69.81106695558594,,,0.0,-1,-1,0,176,delayed
59,1458,6,11.79905425644879,4.863544464111329,-1.0392186244328816,2.6238453769929135,77.96150742925408,,,0.0,-1,-1,0,176,delayed
59,1470,13,-32.74273947038687,-34.3805539057805,35.77242506467379,4.117746735623074,122.34933717358763,,,0.0,-1,-1,0,176,delayed
59,1746,6,-41.182468929159064,32.07259996732076,30.396199941635132,0.7921884799972141,23.53805167416278,,,0.0,-1,-1,0,176,delayed
59,2562,6,-30.258802783758217,2.8266750971476235,1.6228585243225098,1.9836402821254702,58.93929114417866,,,0.0,-1,-1,0,176,delayed
59,2612,8,-31.248347989651176,33.116437673568726,-4.489425182342529,3.47850392781173,103.3557130266507,,,0.0,-1,-1,0,176,delayed
59,3058,7,-58.436922570845546,-25.444035121372767,-14.972038269042969,3.4427873596488276,102.29447766629163,,,0.0,-1,-1,0,176,delayed
59,3100,8,-41.76095369294043,-18.155151844024658,22.30871719121933,3.5572606306817796,105.6957866185419,,,0.0,-1,-1,0,176,delayed
59,3606,8,-26.97983316549115,-30.6015282869339,31.172150254249573,2.949379483486759,87.63400180885111,,,0.0,-1,-1,0,176,delayed
59,3608,8,-20.892050294673957,-29.454923033714294,31.16978919506073,2.431136998468167,72.23562288751529,,,0.0,-1,-1,0,176,delayed
59,3806,7,-38.433817385800054,12.63690001623971,-19.779614312308176,2.7654160415514855,82.16795286751261,,,0.0,-1,-1,0,176,delayed
59,3892,10,-40.10745045611435,6.135547733306884,39.80270500183106,4.162751458694793,123.686548612521,,,0.0,-1,-1,0,176,delayed
59,5248,12,-7.306408265528302,10.225912445535263,6.609430988629659,4.505993221314358,133.88518511036355,,,0.0,-1,-1,0,176,delayed
59,5286,6,-1.237649231928862,40.05380090077718,-29.94503370920817,2.4039709709368804,71.42844710049123,,,0.0,-1,-1,0,176,delayed
59,5534,7,-1.4420157845827444,34.22889682224819,-5.632924488612583,2.209955508087754,65.6637255658567,,,0.0,-1,-1,0,176,delayed
59,5774,9,4.925754933935626,21.498741149902344,10.138224919637045,4.168341954044886,123.85265727448376,,,0.0,-1,-1,0,176,delayed
60,140,8,-13.82250520124493,22.776210948824883,26.182642936706543,2.5476281549584234,75.69688864722475,,,0.0,-1,-1,0,176,delayed
60,636,7,-11.726333751804438,25.467788696289062,27.597237586975098,3.234485310373854,96.10526320095939,,,0.0,-1,-1,0,176,delayed
60,1048,6,-8.367951833145673,52.90316263834635,11.460796038309732,1.1958008473489974,35.530461307651585,,,0.0,-1,-1,0,176,delayed
60,1094,6,-45.20374028512026,-37.19017465909322,26.861179033915203,2.9910695258322204,88.87272516295612,,,0.0,-1,-1,0,176,delayed
60,1500,10,-20.50897574199194,5.944331264495849,-0.9560814857482913,2.897932333822273,86.10536853802228,,,0.0,-1,-1,0,176,delayed
60,1536,11,-8.806635319215411,42.77046491341157,32.77695508436723,3.988430855113671,118.50701434943988,,,0.0,-1,-1,0,176,delayed
60,1644,7,-16.06452889343797,-11.294822897229876,23.710829871041433,2.305104877449639,68.49086939507765,,,0.0,-1,-1,0,176,delayed
60,1654,10,-23.027848937614948,-1.4355075120925904,57.554450607299806,2.7801772525822375,82.6065481725293,,,0.0,-1,-1,0,176,delayed
60,2122,6,-39.96205463538036,0.8175185521443691,-13.571564038594564,2.0593587644705327,61.189091027829484,,,0.0,-1,-1,0,176,delayed
60,2470,8,-13.709056880585905,46.22791451215744,1.7482484579086304,2.2184535656839013,65.91622572696586,,,0.0,-1,-1,0,176,delayed
60,2616,7,20.039695574002142,-0.906595093863351,18.337126868111746,2.131841082209335,63.34273575187927,,,0.0,-1,-1,0,176,delayed
60,2858,6,-22.954559381092327,-32.391294399897255,32.5361525217692,1.4713247640454092,43.71701836120867,,,0.0,-1,-1,0,176,delayed
60,2966,6,47.96826383338411,-5.17300017674764,30.610133171081543,1.5248818242614932,45.3083427527056,,,0.0,-1,-1,0,176,delayed
60,3504,8,-39.67463482812994,-11.694674968719482,-33.660449504852295,1.7473350319831837,51.91802621901253,,,0.0,-1,-1,0,176,delayed
60,3738,7,-13.431232397211135,-30.729203087942942,31.02962875366211,2.3516799221045503,69.87473931428877,,,0.0,-1,-1,0,176,delayed
60,4014,8,18.342461291344257,18.733649909496307,23.428712844848633,2.8232653193517563,83.88681059462898,,,0.0,-1,-1,0,176,delayed
60,4272,13,-24.771182379450522,-2.811752612774188,28.12232186244084,4.057470564740737,120.55836992176124,,,0.0,-1,-1,0,176,delayed
60,4622,6,-0.6403698919293195,5.528643449147542,-9.583906491597494,2.1569967701885115,64.09017894059498,,,0.0,-1,-1,0,176,delayed
60,4820,7,-13.844815433880987,32.011897155216765,7.034385681152341,1.4363113183184368,42.67667466066046,,,0.0,-1,-1,0,176,delayed
60,4974,9,-13.573156053237518,-12.553762329949272,17.47391806708442,2.793444265887775,83.00074684195279,,,0.0,-1,-1,0,176,delayed
60,5580,6,-55.64720027254623,26.188313007354736,39.77226320902506,1.3377248934275539,39.747406661887325,,,0.0,-1,-1,0,176,delayed
61,668,9,-10.956983398149317,-5.102179262373182,7.817651536729601,2.9385545979415784,87.31236532742908,,,0.0,-1,-1,0,176,delayed
61,700,8,-13.125398914603135,20.905617237091064,16.775351762771606,2.6858377681135526,79.80346820304324,,,0.0,-1,-1,0,176,delayed
61,710,6,15.955625515133809,17.99926821390788,34.36370595296224,1.261625963800571,37.48630266563292,,,0.0,-1,-1,0,176,delayed
61,872,8,-29.991829442953396,-5.968579590320587,41.52733564376831,2.21450081997088,65.79877901422365,,,0.0,-1,-1,0,176,delayed
61,1238,6,-11.790553508299018,2.5818812847137447,5.23157278696696,1.221902220132497,36.306003336925684,,,0.0,-1,-1,0,176,delayed
61,1510,8,-37.846307871759024,32.059898376464844,34.266661643981934,3.2370140313241866,96.1803983056742,,,0.0,-1,-1,0,176,delayed
61,1732,6,23.95385245072679,-8.350699663162231,-7.767266909281413,3.3046273853624575,98.18937301485184,,,0.0,-1,-1,0,176,delayed
61,2086,6,-8.581803946648611,-8.632444063822428,5.851955572764079,1.8398780856552615,54.667729394986324,,,0.0,-1,-1,0,176,delayed
61,2500,9,10.9165006992565,55.23717074924045,-2.6569680107964415,3.7032962949267945,110.03489921366817,,,0.0,-1,-1,0,176,delayed
61,3070,6,-18.705454951904716,-3.4040180842081704,23.052181243896484,2.6892574001026603,79.90507467233513,,,0.0,-1,-1,0,176,delayed
61,3480,14,-41.54575940279937,-18.24076325552804,35.711691515786306,5.642946355655399,167.66712249389488,,,0.0,-1,-1,0,176,delayed
61,3534,8,-4.851817817535273,19.592737048864365,40.982375144958496,2.491557086509882,74.03086630545587,,,0.0,-1,-1,0,176,delayed
61,3572,6,-57.66758451754072,37.25945631663004,44.73888905843099,2.361994130794572,70.18120221201315,,,0.0,-1,-1,0,176,delayed
61,3722,8,-1.4495244644667893,-36.847233057022095,-10.946592032909393,3.2515295679355236,96.61169396253236,,,0.0,-1,-1,0,176,delayed
61,4420,9,-30.259491960373946,19.189367400275337,-21.019019232855904,2.750909129533777,81.73691347054164,,,0.0,-1,-1,0,176,delayed
61,4440,9,-3.9028628719311262,40.358637703789604,50.67251253128052,2.719883109084745,80.81504690593883,,,0.0,-1,-1,0,176,delayed
61,5226,6,30.62332610051678,19.440318425496418,-28.859627723693848,2.5895876397062563,76.94361786022618,,,0.0,-1,-1,0,176,delayed
62,20,7,-25.89799294077817,-25.305471352168492,11.444632121494836,3.125374371733662,92.86328357517856,,,0.0,-1,-1,0,176,delayed
62,138,7,-47.15837880328191,17.486586706978933,47.60566329956055,2.2130537517387845,65.75578272270573,,,0.0,-1,-1,0,176,delayed
62,360,8,2.7721955947479007,18.349138498306274,16.870139122009277,1.6345205657069086,48.56600482024972,,,0.0,-1,-1,0,176,delayed
62,644,6,5.8961859784941915,4.683412551879883,33.64003324508667,2.2368811850125008,66.46375988953018,,,0.0,-1,-1,0,176,delayed
62,1304,8,16.25480075223306,31.897087574005127,21.55701506137848,2.891593547412084,85.91702613486709,,,0.0,-1,-1,0,176,delayed
62,1532,10,14.274066551182283,28.4163969039917,-35.01486749649048,3.504298430094485,104.12213710749943,,,0.0,-1,-1,0,176,delayed
62,1756,11,0.3099532870354842,-22.351390838623047,-13.268045078624379,3.375269904317868,100.2883523657903,,,0.0,-1,-1,0,176,delayed
62,2080,6,11.589253237891091,20.3455934325854,2.507981300354004,1.9601454257229003,58.24119573122507,,,0.0,-1,-1,0,176,delayed
62,2992,17,-8.360756753632234,-2.652249308193431,27.552112691542682,7.807073134458135,231.96915317865995,,,0.0,-1,-1,0,176,delayed
62,3366,8,-17.892805139436376,16.78684651851654,6.607225060462952,2.4712829263735054,73.42846644609165,,,0.0,-1,-1,0,176,delayed
62,3458,7,2.6190681549532515,-22.474837166922434,1.0815944671630846,2.678997668772234,79.60023044357352,,,0.0,-1,-1,0,176,delayed
62,3906,6,-21.98390260685414,35.67984390258789,26.613444010416668,1.2296488252720956,36.53617582324593,,,0.0,-1,-1,0,176,delayed
62,4110,9,-12.31375212817476,12.898629506429037,8.68275981479221,4.925846163344023,146.36014592408085,,,0.0,-1,-1,0,176,delayed
62,5610,8,-17.685565235450788,28.98034654557705,12.669334471225739,1.9850998683034313,58.98265937755649,,,0.0,-1,-1,0,176,delayed
63,378,6,15.42347468774905,6.022849877675374,-21.198591550191242,2.004675955230634,59.56431760322522,,,0.0,-1,-1,0,176,delayed
63,432,10,-1.217809265797704,-1.9869863510131835,-10.604691171646119,2.819055833246164,83.76173543388511,,,0.0,-1,-1,0,176,delayed
63,656,9,23.741601344735468,10.173567003673977,9.801478068033854,2.678140172835873,79.5747519316157,,,0.0,-1,-1,0,176,delayed
63,1832,6,-22.523238580131096,-11.265130966901777,43.591968615849815,1.8003537068707915,53.49335373350068,,,0.0,-1,-1,0,176,delayed
63,2616,11,6.827833375539941,0.45851612091064453,3.7954091158780185,4.125910412516664,122.59190198414021,,,0.0,-1,-1,0,176,delayed
63,2788,7,-1.0636673080543613,-21.27132306780134,-17.83038411821638,1.692259206022071,50.28157520993648,,,0.0,-1,-1,0,176,delayed
63,2832,16,7.600869975700082,19.88718318939209,42.13992367684841,5.677582172686996,168.6962458296312,,,0.0,-1,-1,0,176,delayed
63,3244,6,-7.4976065995920145,5.86581261952718,-10.0489288965861,1.207893100422044,35.88975468905929,,,0.0,-1,-1,0,176,delayed
63,3278,6,-16.572401989161133,-10.687787850697836,25.45707893371582,1.8173977251032394,53.99977738395839,,,0.0,-1,-1,0,176,delayed
63,3292,6,-6.241610719484259,28.054287592569988,11.683966954549154,2.125119657367294,63.14302413115928,,,0.0,-1,-1,0,176,delayed
63,3570,6,10.672638212531725,14.572156508763632,-16.444426854451496,2.634504595859717,78.27822150782022,,,0.0,-1,-1,0,176,delayed
63,3648,6,8.781759065177184,9.085081497828165,-14.439889589945475,1.768378382106414,52.54328078292622,,,0.0,-1,-1,0,176,delayed
63,3758,7,5.664986885369552,25.903270176478795,12.854187488555908,2.7126309910095223,80.59956696106218,,,0.0,-1,-1,0,176,delayed
63,4728,7,7.942096859736266,-17.92998777117048,-8.305202756609239,3.680147210623568,109.34707762032613,,,0.0,-1,-1,0,176,delayed
63,4840,10,1.8326554930252936,47.14727668762207,19.2713960647583,4.085706292707702,121.39732938750147,,,0.0,-1,-1,0,176,delayed
63,4980,6,-32.82504018508138,8.729437351226807,0.8051332632700602,2.2371720664720405,66.47240276051174,,,0.0,-1,-1,0,176,delayed
63,5158,6,15.892639270916959,21.31553077697754,11.483888943990072,1.7408609370087418,51.72566343427174,,,0.0,-1,-1,0,176,delayed
63,5614,7,-6.9519546994354995,-2.256589208330427,11.625482014247348,1.9269947901431805,57.256201133336546,0.4754627048969269,122.29825592041016,122.29825592041016,4,12,1,176,delayed
64,340,202,37.803492324439866,-39.770318548278055,-49.391241857320956,96.11674070458635,2855.887035197248,,,0.0,-1,-1,0,176,delayed
64,498,8,21.437493595511096,-22.502549171447754,-8.412949740886688,3.1395587308608466,93.28473905771946,,,0.0,-1,-1,0,176,delayed
64,682,6,28.69694010538394,27.638601144154865,-25.95443296432495,2.957765255340526,87.88316565837134,,,0.0,-1,-1,0,176,delayed
64,1118,9,-1.9871198933459813,-11.319016999668545,-11.986706256866455,3.285525121901847,97.62179335952678,,,0.0,-1,-1,0,176,delayed
64,1200,9,-14.2442473324552,15.278825031386482,7.144294261932373,3.2114970415155883,95.42221986727279,,,0.0,-1,-1,0,176,delayed
64,1524,9,-2.7876513815267923,32.35280397203233,-0.8821128209431967,3.01031322018694,89.44450711076324,,,0.0,-1,-1,0,176,delayed
64,1660,7,-12.418967015609807,-37.043694087437224,21.843476159232004,2.039090611261523,60.58686965044315,,,0.0,-1,-1,0,176,delayed
64,2266,7,-14.8095288623828,26.350629125322616,11.560878481183734,2.3639022273111414,70.23789689457969,,,0.0,-1,-1,0,176,delayed
64,2414,7,-23.352283076980985,37.08724294389997,7.831567764282227,1.4815427198390607,44.020621326346635,,,0.0,-1,-1,0,176,delayed
64,2590,9,-28.762689830538168,-47.283684200710724,6.595222473144532,2.559771426448002,76.05769792308811,,,0.0,-1,-1,0,176,delayed
64,2786,10,-20.634811509996112,24.018423855304718,5.644153881072998,4.098361308508592,121.77334396405749,,,0.0,-1,-1,0,176,delayed
64,2850,8,-21.562261418484294,37.477692008018494,-2.1187488734722137,2.969448549807688,88.23030777901099,,,0.0,-1,-1,0,176,delayed
64,2856,6,7.272712911282093,43.55019346872965,-2.9990402857462564,1.6476688108391597,48.956674567616616,,,0.0,-1,-1,0,176,delayed
64,3048,6,5.889120760081712,16.56283696492513,0.851320743560791,2.5172148538615913,74.7932276235229,,,0.0,-1,-1,0,176,delayed
64,3350,8,-35.095499552948546,0.49536123126745224,-11.98108959197998,2.3252274902091896,69.08876637403286,,,0.0,-1,-1,0,176,delayed
64,3714,6,21.034013379972336,18.147069295247395,28.36227321624756,1.690927475170112,50.24200590237776,,,0.0,-1,-1,0,176,delayed
64,3838,8,-0.02055349341585977,-41.97404524683952,-0.2379172444343567,2.4885323418458727,73.94099300131134,,,0.0,-1,-1,0,176,delayed
64,3874,7,-53.49704246177958,41.76273727416992,27.985212053571427,2.4855766195902316,73.85317053867215,,,0.0,-1,-1,0,176,delayed
64,4008,10,-30.80306852539053,-28.29723415374756,-15.17460594177246,3.8764319421505173,115.17922523442267,,,0.0,-1,-1,0,176,delayed
64,4250,7,-10.584477208207712,-20.277631214686803,-15.37854630606515,2.279496340023841,67.72997083059677,,,0.0,-1,-1,0,176,delayed
64,4880,6,3.6235485762309474,37.89222542444865,33.54618740081787,1.4967098851275455,44.47127862486248,,,0.0,-1,-1,0,176,delayed
64,4984,8,-14.948602038552636,20.2543728351593,-0.6813175678253174,3.340629570744001,99.25909483142831,,,0.0,-1,-1,0,176,delayed
64,5018,6,14.689031807407337,-5.353131095568339,45.92905616760254,2.214065433373097,65.78584250669341,,,0.0,-1,-1,0,176,delayed
65,436,7,-11.131935139928936,-14.921202114650182,12.050348009381976,1.735180440048737,51.55688058226664,,,0.0,-1,-1,0,176,delayed
65,1176,10,-17.812522656502903,13.426706218719483,-7.606199026107788,3.6354874123758165,108.02011482617272,,,0.0,-1,-1,0,176,delayed
65,1290,6,-38.78246869765379,53.02324994405111,22.766024669011433,1.7629086131465062,52.38075922691408,,,0.0,-1,-1,0,176,delayed
65,1706,6,-21.284996123912496,1.5519002278645833,-14.278233210245768,2.7054208542972757,80.38533439545957,,,0.0,-1,-1,0,176,delayed
65,1918,6,-5.047450597744475,39.48569377263387,6.0522392590840655,1.4784867167800093,43.92981925116295,,,0.0,-1,-1,0,176,delayed
65,2460,9,13.942163785924784,-10.342920727199978,5.029887305365668,3.008112453045946,89.37911639631145,,,0.0,-1,-1,0,176,delayed
65,3518,11,-24.56720838114836,16.637577577070758,-5.521831555800005,3.694020927542584,109.75930308686368,,,0.0,-1,-1,0,176,delayed
65,4034,6,7.756098309132912,-17.94384280840556,37.347419102986656,2.130850973972974,63.31331697160295,,,0.0,-1,-1,0,176,delayed
65,4266,6,31.520000244660107,25.380030632019043,47.77655601501465,2.130124290342258,63.291725245287225,,,0.0,-1,-1,0,176,delayed
65,4492,7,-2.956603822608728,34.783146381378174,-14.80972181047712,2.319532997332642,68.91956766568154,,,0.0,-1,-1,0,176,delayed
65,5592,8,-37.78179588117087,-14.143767356872559,13.932614088058472,2.9882458582414753,88.7888263997958,,,0.0,-1,-1,0,176,delayed
66,42,6,-44.13145636793997,-30.917912125587463,-19.923817316691082,1.924582976358521,57.18453965513381,,,0.0,-1,-1,0,176,delayed
66,1036,8,-24.10756037191414,-15.712986469268799,-0.909790575504303,2.599871511855942,77.24917937769567,,,0.0,-1,-1,0,176,delayed
66,1100,6,-7.948943020320034,-23.648000240325928,-2.7911957105000815,1.3854055539521457,41.16412740401425,,,0.0,-1,-1,0,176,delayed
66,1180,6,-27.031751762857894,-15.181831151247025,4.398727297782898,1.5484019569635317,46.00718919253983,,,0.0,-1,-1,0,176,delayed
66,1414,19,-33.669837107738715,36.602378845214844,18.195407214917633,9.284480518886614,275.86690256096546,,,0.0,-1,-1,0,176,delayed
66,1448,7,-46.710624803933584,-46.05817474637713,12.320992878505162,1.2929099266661772,38.41583339360542,,,0.0,-1,-1,0,176,delayed
66,1470,11,-28.66736524834017,34.47686914964156,27.345305876298383,3.1798491830511275,94.48187682174442,,,0.0,-1,-1,0,176,delayed
66,1486,6,-45.494634341114285,-36.922288258870445,46.49716313680013,2.273720738413586,67.55836216348759,,,0.0,-1,-1,0,176,delayed
66,1682,10,-22.439397884359877,5.924932813644409,0.7870356798171997,3.3864229808706963,100.61974028527544,,,0.0,-1,-1,0,176,delayed
66,2294,8,-15.567582347994943,14.337754428386688,-0.923801600933075,2.5820120736558896,76.71852740554652,,,0.0,-1,-1,0,176,delayed
66,2510,6,5.324169027984545,38.386430740356445,20.15013535817464,1.9905626978206823,59.1449747440519,,,0.0,-1,-1,0,176,delayed
66,2688,9,2.1409122222751775,-3.125354137685564,-17.78995354970296,3.1336112889731718,93.1080245535125,,,0.0,-1,-1,0,176,delayed
66,2752,11,12.631380997986845,-44.44833079251376,25.30786774375222,4.286043952806673,127.3499004166927,,,0.0,-1,-1,0,176,delayed
66,2962,7,32.975927655238046,6.5797392981393,6.984357016427176,2.548046516735682,75.7093193015201,,,0.0,-1,-1,0,176,delayed
66,3220,7,-14.637630282824242,28.531998770577566,-31.40824862888881,1.9176074290331155,56.97727737153996,,,0.0,-1,-1,0,176,delayed
66,3478,7,-34.59433650209537,-3.8322433744158046,26.71565818786621,2.1503468388237725,63.89259158348849,,,0.0,-1,-1,0,176,delayed
66,3588,6,-23.08227557966467,9.634713013966879,41.45348676045736,1.1034559752351205,32.786646639117116,,,0.0,-1,-1,0,176,delayed
66,4328,6,16.761315532882723,28.67319965362549,17.15256643295288,2.990796278056679,88.86460623618181,,,0.0,-1,-1,0,176,delayed
67,353,12,17.980376855128487,32.53678432106972,15.476799090703329,3.736094668095994,111.00942714733343,,,0.0,-1,-1,0,176,delayed
67,623,6,-7.6096369041223895,0.5311568578084321,-1.7966937224070232,2.1358627557236796,63.46223049509692,,,0.0,-1,-1,0,176,delayed
68,108,7,25.098574979008184,51.679854256766184,18.19604274204799,2.321008426561826,68.96340663874793,,,0.0,-1,-1,0,176,delayed
68,160,6,-28.498699147372236,-1.8105497360229492,55.35592460632324,2.30687601701347,68.54349471800049,,,0.0,-1,-1,0,176,delayed
68,438,6,-18.55546093768795,4.087594032287598,18.846176783243816,1.5721512273277116,46.71284392897036,,,0.0,-1,-1,0,176,delayed
68,652,40,36.14892487258782,-7.961801135540009,25.607700371742247,20.20729683346667,600.4131706926073,,,0.0,-1,-1,0,176,delayed
68,1068,7,-16.818333927146405,12.894230161394391,-4.100819451468332,2.124331603112722,63.11960891844848,,,0.0,-1,-1,0,176,delayed
68,1212,11,19.584157012170678,13.579124797474254,-30.37764982743697,4.510977690053113,134.03328709076783,,,0.0,-1,-1,0,176,delayed
68,1502,8,-23.32595254696053,-18.71632945537567,27.87200093269348,1.964981704428232,58.384894586928155,,,0.0,-1,-1,0,176,delayed
68,1824,6,6.318374031195763,12.78469999631246,-13.76093339920044,3.268362009053957,97.11183108753747,,,0.0,-1,-1,0,176,delayed
68,2254,7,-2.371733479325566,-33.04913520812988,16.176989759717667,2.638301961815092,78.39105146980557,,,0.0,-1,-1,0,176,delayed
68,2506,10,1.7978894729917436,9.189465522766113,-11.671622562408448,2.475664809946919,73.55866399955966,,,0.0,-1,-1,0,176,delayed
68,2516,8,-1.2754653388152057,-20.247445464134216,29.672211408615112,2.794139112006477,83.02139259010562,,,0.0,-1,-1,0,176,delayed
68,2680,11,-19.399798550021554,15.813760475678878,-9.30676286870783,3.601997911918205,107.02505164081066,,,0.0,-1,-1,0,176,delayed
68,2994,11,-17.94804332087116,-18.111378409645774,4.853410720825195,3.8113932377730237,113.24675029555027,,,0.0,-1,-1,0,176,delayed
68,3742,7,-15.0686724530059,-9.552893911089216,8.551916326795306,2.5265666980149155,75.07109608095165,,,0.0,-1,-1,0,176,delayed
68,3980,9,-2.732396757190841,39.043833043840195,10.077622201707628,2.1397163160050834,63.57673014173847,,,0.0,-1,-1,0,176,delayed
68,4016,9,39.936349075033085,-15.69143279393514,9.51623280843099,2.314249229667963,68.76257270871633,,,0.0,-1,-1,0,176,delayed
68,4034,7,-9.264085735808424,-31.82582664489746,-18.413784095219203,1.9347037792824164,57.48525594705402,,,0.0,-1,-1,0,176,delayed
68,4054,8,-22.036163276318952,27.88570261001587,27.049915671348572,2.6225968687777783,77.92441089020372,,,0.0,-1,-1,0,176,delayed
68,4444,6,8.861063203545894,32.36820030212402,-15.518999656041464,2.4358176023239033,72.37469622448553,,,0.0,-1,-1,0,176,delayed
68,4698,7,-5.583566857588967,31.06175320489066,-1.910271508353097,3.094995448961953,91.96064402403488,,,0.0,-1,-1,0,176,delayed
68,4828,89,30.37680310877436,41.628845530949285,18.877551753869216,39.49614452466028,1173.53674564281,,,0.0,-1,-1,0,176,delayed
68,4948,7,-3.3659925160847664,19.347283908299037,19.910259246826172,2.9799333341761844,88.54183893919522,,,0.0,-1,-1,0,176,delayed
68,5040,7,-3.4497319236361164,-15.00829805646624,35.247148513793945,3.135531972466813,93.16509322904183,,,0.0,-1,-1,0,176,delayed
68,5336,7,-20.61894102701615,36.81011799403599,27.791224888392858,2.557277581628009,75.98359908206413,,,0.0,-1,-1,0,176,delayed
68,5554,6,3.6310123529027116,35.30110613505045,21.12636884053548,1.9396207885700072,57.63135352561772,,,0.0,-1,-1,0,176,delayed
69,706,7,28.71030751552297,-56.47015871320452,37.20555714198521,4.174678616930578,124.04093658201126,,,0.0,-1,-1,0,176,delayed
69,770,8,-39.55451202766412,29.243615090847015,54.93561792373657,1.831232685359327,54.41085128573858,,,0.0,-1,-1,0,176,delayed
69,1148,7,-26.068532943046346,-3.198814255850656,15.862796102251325,3.5390552411248364,105.15485550055708,,,0.0,-1,-1,0,176,delayed
69,1470,6,22.799837082891457,24.243818600972492,9.723939100901285,1.8481034811864707,54.91212803235949,,,0.0,-1,-1,0,176,delayed
69,1934,8,-12.865975386253066,7.30224347114563,18.286940574645996,2.452286979129183,72.86404573167012,,,0.0,-1,-1,0,176,delayed
69,1976,9,-0.6724416441994252,13.412849956088596,3.8249527083502874,3.38036822632209,100.43983723311295,,,0.0,-1,-1,0,176,delayed
69,2466,10,-16.516036062525878,35.17547659873962,-1.8974246978759766,4.549196389859592,135.16886751598102,,,0.0,-1,-1,0,176,delayed
69,2970,6,-23.812712553990114,9.62547508875529,12.550820708274843,2.506431802187573,74.4728341389962,,,0.0,-1,-1,0,176,delayed
69,3006,7,-18.62300847471096,21.251528876168386,44.380397251674104,2.1050498723316173,62.546696806050015,,,0.0,-1,-1,0,176,delayed
69,3038,6,-3.116614949407102,-36.26180632909139,-11.893281618754068,1.9524716479758881,58.01318714273129,,,0.0,-1,-1,0,176,delayed
69,3134,6,4.327656639966726,-4.858924865722656,16.80783748626709,2.093880783389506,62.214833115386824,,,0.0,-1,-1,0,176,delayed
69,3366,6,-48.11547716598424,-3.658050060272217,-0.8576165835062662,1.7117070398732386,50.85942269156222,,,0.0,-1,-1,0,176,delayed
69,3536,7,-29.99621173212592,-44.57753569739206,29.161014284406388,1.8319818273635287,54.43311031077042,,,0.0,-1,-1,0,176,delayed
69,3542,7,-2.63053544858356,-28.47657302447728,-24.98560551234654,2.2343265266741987,66.38785411521621,,,0.0,-1,-1,0,176,delayed
69,3562,9,10.495600260562806,19.571183522542317,16.55226665072971,2.450484934237456,72.81050212828325,,,0.0,-1,-1,0,176,delayed
69,4020,11,-5.639136521565227,-24.389518997885965,4.775424176996404,2.755720273975938,81.87986551964474,,,0.0,-1,-1,0,176,delayed
69,4088,7,-26.191346227447436,-1.0570343562534876,-29.406291348593577,2.0187436245470756,59.982305917453935,,,0.0,-1,-1,0,176,delayed
69,4318,9,-26.616989648704468,28.232879426744248,30.504951900906033,3.0948212625013123,91.95546847551957,,,0.0,-1,-1,0,176,delayed
69,4342,7,17.153247327033704,8.04454231262207,10.406132970537458,1.9755754474204485,58.699663201052,,,0.0,-1,-1,0,176,delayed
69,4516,6,-1.5893420748128324,-22.359368801116943,37.71691926320394,2.0270480190472733,60.22905182679733,,,0.0,-1,-1,0,176,delayed
69,4754,7,-21.089984640110664,21.952259608677455,0.2831520012446812,2.3766303580419237,70.61608391246929,,,0.0,-1,-1,0,176,delayed
69,4904,9,-17.516974920871487,-8.399966345893013,-46.6788330078125,3.969696800668092,117.95037517487354,,,0.0,-1,-1,0,176,delayed
69,5146,8,-4.34604296397058,15.730307579040527,21.395307302474976,2.7967757183414763,83.09973325993948,,,0.0,-1,-1,0,176,delayed
69,5320,8,-26.52389139808073,6.152174830436706,-23.20008420944214,1.8370072961488715,54.58243051289796,,,0.0,-1,-1,0,176,delayed
69,5598,6,-41.00912135199974,-0.5912000338236494,-19.97629968325297,2.830326317737349,84.09661185918644,,,0.0,-1,-1,0,176,delayed
70,32,6,-17.21849194762359,-28.451500435670216,-39.47813336054484,2.3799030852838703,70.71332544637379,,,0.0,-1,-1,0,176,delayed
70,134,6,-46.54297147106226,1.6304187973340352,-16.327281951904297,2.393462343207917,71.11620748990039,,,0.0,-1,-1,0,176,delayed
70,392,6,-18.92768788607771,35.85535589853922,-1.105352242787679,2.7530172969450044,81.79955279781818,,,0.0,-1,-1,0,176,delayed
70,872,6,-1.757368143698318,15.075599988301596,51.3653252919515,2.056496153794726,61.10403516080857,,,0.0,-1,-1,0,176,delayed
70,1080,6,11.011869590178629,-2.1430999437967944,-33.410567124684654,2.5097300961130924,74.57083532787453,,,0.0,-1,-1,0,176,delayed
70,1096,6,-18.479689408525477,-17.708287318547566,-15.933216492335001,2.180333357912967,64.78357176518993,,,0.0,-1,-1,0,176,delayed
70,1172,7,-0.4103135110639481,-18.816788128444127,45.07320887701852,2.18057055181661,64.79061943440217,,,0.0,-1,-1,0,176,delayed
70,1342,11,-18.531691532490797,4.935344609347257,4.3177104429765185,3.2331085726723177,96.06435661877752,,,0.0,-1,-1,0,176,delayed
70,1494,6,-19.133836367949446,34.53901290893555,44.8159376780192,2.1238488935735558,63.10526631897449,,,0.0,-1,-1,0,176,delayed
70,1664,8,-11.717183490403963,-5.8819780349731445,5.528644144535065,2.870412078994983,85.2876677047393,,,0.0,-1,-1,0,176,delayed
70,1784,10,-36.49255892347545,-32.625926399230956,51.992551231384276,2.5707114536063367,76.38275557170543,,,0.0,-1,-1,0,176,delayed
70,1858,7,7.300893599106366,-1.682544435773577,7.512155805315289,3.1833410052217443,94.58562825560682,,,0.0,-1,-1,0,176,delayed
70,2746,11,3.411642459143927,-0.43080364574085583,20.272664763710715,5.135233646725716,152.58161155783833,0.48797208070755005,96.44043731689453,96.44043731689453,5,11,1,176,delayed
70,3230,7,-4.6222230012004735,8.836328097752162,33.74671418326242,2.4865476281601566,73.88202181645774,,,0.0,-1,-1,0,176,delayed
70,3488,6,10.942764721169349,13.140344301859537,-4.4031392733256025,1.6071881020958307,47.753883769383144,,,0.0,-1,-1,0,176,delayed
70,3508,10,17.222908577546384,-15.18922119140625,15.44152898788452,4.073268239573953,121.02776135567503,,,0.0,-1,-1,0,176,delayed
70,3538,13,-16.89004253016804,-4.613065572885369,35.25790463961088,4.7161575997121075,140.12973438582375,,,0.0,-1,-1,0,176,delayed
70,3800,6,-18.15328850475317,1.2101125717163086,-10.233679294586182,1.8540368897120576,55.088425567612276,,,0.0,-1,-1,0,176,delayed
70,3906,10,-0.7801421507318551,12.650755405426025,21.545586395263673,3.642692177911342,108.23418779966008,,,0.0,-1,-1,0,176,delayed
70,4310,7,-1.5251692474360752,-44.118300029209685,-4.3673287119184225,2.466709014143183,73.2925632044404,,,0.0,-1,-1,0,176,delayed
70,4360,10,-21.61791514755975,11.702989196777343,30.150441360473632,3.6139276069097845,107.3795149841425,,,0.0,-1,-1,0,176,delayed
70,4736,7,-41.07405861621873,-19.774848120553152,40.51252365112305,2.742773412917471,81.49517943507367,,,0.0,-1,-1,0,176,delayed
70,5666,9,3.709780443487519,-24.858112335205078,-11.700342708163792,4.294326712405538,127.59600349489378,,,0.0,-1,-1,0,176,delayed
71,142,6,-1.0577097331670717,9.73632558186849,2.6589293479919447,2.061459264415428,61.25150253404665,,,0.0,-1,-1,0,176,delayed
71,492,9,-21.919340267975915,-6.158333248562283,8.377922005123564,3.0958054734964118,91.98471203288739,,,0.0,-1,-1,0,176,delayed
71,674,7,-16.97341788255568,1.3539537702287947,20.455153465270996,2.6730359933324257,79.42309302222739,,,0.0,-1,-1,0,176,delayed
71,864,6,-39.00950465436163,16.01782528559367,-2.3079042434692383,1.8296486792482411,54.36378620130935,,,0.0,-1,-1,0,176,delayed
71,1018,8,-45.83589865363925,0.6304588913917542,28.116846799850464,3.17284509942754,94.27376664793486,,,0.0,-1,-1,0,176,delayed
71,1066,6,-27.593170885748822,-58.454898834228516,9.898187478383383,2.242341993766756,66.62601521371872,,,0.0,-1,-1,0,176,delayed
71,1784,11,0.35522703102656483,20.58031064813787,-14.141446612098001,3.751224074617802,111.45896253127513,,,0.0,-1,-1,0,176,delayed
71,1856,6,17.932844469647776,2.88209992647171,25.29710054397583,1.7584770233991864,52.24908476925032,,,0.0,-1,-1,0,176,delayed
71,2532,7,-14.827432412242315,17.193626965795243,-11.184780393327985,3.171379291748258,94.23021355700953,,,0.0,-1,-1,0,176,delayed
71,2534,6,-10.478801718795577,27.10282548268636,10.028983116149904,2.9176763906075047,86.69201760021262,,,0.0,-1,-1,0,176,delayed
71,2538,6,30.285410325127454,4.761931101481121,5.822772582372029,1.9066051625409317,56.650370424815826,,,0.0,-1,-1,0,176,delayed
71,3550,9,-2.2848586511752558,31.151929749382866,4.518746270073784,3.7939458226863527,112.72834063893409,,,0.0,-1,-1,0,176,delayed
71,3720,6,-32.39312615983041,-38.22939316431681,-24.142205675443012,2.3405586317325153,69.54429584777782,,,0.0,-1,-1,0,176,delayed
71,3824,6,-18.502764340688476,-10.7385942141215,22.836776574452717,2.0605747854938823,61.22522228498255,,,0.0,-1,-1,0,176,delayed
71,3898,6,-26.846844125152572,-32.13264433542887,13.691652377446493,1.559379735517405,46.33336853671496,,,0.0,-1,-1,0,176,delayed
71,4022,7,-36.94792485670371,41.87358692714146,44.72356196812221,2.3888578547611465,70.9793957465719,,,0.0,-1,-1,0,176,delayed
72,32,10,24.099397374356933,37.999380874633786,-3.90658016204834,2.8195980687746034,83.7778467106964,,,0.0,-1,-1,0,176,delayed
72,386,14,-41.47827749241856,-20.28554998125349,5.029276609420776,4.404084345882942,130.8571981646699,,,0.0,-1,-1,0,176,delayed
72,628,9,-44.318651114373175,52.96166631910536,50.1582916047838,3.288953764460687,97.7236675570946,,,0.0,-1,-1,0,176,delayed
72,652,11,-11.894545006147546,-1.87185356833718,20.420390129089355,3.4082585095945737,101.26853260732119,,,0.0,-1,-1,0,176,delayed
72,954,8,-23.808281585423266,40.15541276335716,-28.209118843078613,3.19656920500819,94.97867367092338,,,0.0,-1,-1,0,176,delayed
72,1090,6,-24.98031032328964,-10.604650179545084,25.675837834676106,1.957195615669903,58.15354893603732,,,0.0,-1,-1,0,176,delayed
72,1376,12,15.920280577209782,17.89072783788045,-25.154550711313885,4.856152787671133,144.28936817439552,,,0.0,-1,-1,0,176,delayed
72,1562,7,3.194982769221638,25.998283999306814,17.79619128363473,2.482206717024427,73.75304166437815,,,0.0,-1,-1,0,176,delayed
72,2024,7,-27.230573682905668,20.400358949388778,5.527294158935547,1.76936067879805,52.57246746118638,,,0.0,-1,-1,0,176,delayed
72,2132,6,-4.65985234882291,-37.73980601628622,41.753706534703575,2.771695871502786,82.3545435156109,,,0.0,-1,-1,0,176,delayed
72,2256,10,-44.187175909373096,47.61838827133179,31.696798706054686,3.3248298430536325,98.78964240160388,,,0.0,-1,-1,0,176,delayed
72,2460,7,15.8536204986446,3.705557414463588,-18.949499675205775,3.8217180160551205,113.55352724430003,,,0.0,-1,-1,0,176,delayed
72,2466,9,-6.050367015808756,6.650999916924372,34.839300844404434,4.566140874780828,135.67233376389916,,,0.0,-1,-1,0,176,delayed
72,2880,6,13.209727245828434,1.8013122479120902,20.393458604812622,2.4233730554171986,72.00493524518859,,,0.0,-1,-1,0,176,delayed
72,3562,7,-10.119328136962503,20.162823268345424,3.070237704685756,1.347833152578032,40.04775024454157,,,0.0,-1,-1,0,176,delayed
72,3932,10,-36.56359219404479,-24.08770473599434,19.002585029602052,3.3424830003601027,99.31416521326265,,,0.0,-1,-1,0,176,delayed
72,4212,7,6.460932480043617,40.28605706351144,-6.489314624241421,2.202239021458833,65.43444798154344,,,0.0,-1,-1,0,176,delayed
72,4236,6,35.88895853748901,12.817031224568685,16.472139358520508,1.3106343442007582,38.9424735384165,,,0.0,-1,-1,0,176,delayed
72,4852,9,-43.450052666357614,-43.03443309995863,11.940655125512016,2.89437356283148,85.99962787454017,,,0.0,-1,-1,0,176,delayed
72,4928,6,-19.350154569558853,47.979574839274086,6.988375027974446,2.1758896149918674,64.65153620402666,,,0.0,-1,-1,0,176,delayed
72,4988,8,-18.98643114362512,-26.181384563446045,32.405356645584106,2.196453678207544,65.2625498640625,,,0.0,-1,-1,0,176,delayed
72,5160,6,-4.109076242479681,1.1962564786275227,34.225143909454346,2.916146538610807,86.64656158026114,,,0.0,-1,-1,0,176,delayed
72,5196,17,-31.350171371002656,21.498379539040958,32.00404394374174,5.247843518774492,155.92755391149922,,,0.0,-1,-1,0,176,delayed
72,5390,9,-26.549819456789272,-2.2477915816836886,37.22677252027724,3.608311846699211,107.21265563518223,,,0.0,-1,-1,0,176,delayed
73,174,9,-53.58421383540831,16.187179035610622,19.38202084435357,3.09018775780491,91.81779458132614,,,0.0,-1,-1,0,176,delayed
73,468,6,-47.010392344091535,-4.803499857584636,-11.847300132115683,2.1447287462432083,63.725662933538885,,,0.0,-1,-1,0,176,delayed
73,980,6,18.082838483864542,32.529856046040855,-21.04470221201579,1.561782451328532,46.404759689639626,,,0.0,-1,-1,0,176,delayed
73,1122,7,-56.630650619608126,35.44824654715402,47.11205782209124,2.4276337005444395,72.13153047814451,,,0.0,-1,-1,0,176,delayed
73,1154,7,-21.618005679914425,-5.2416212899344305,3.1533753531319753,1.5892287892198667,47.22026425183047,,,0.0,-1,-1,0,176,delayed
73,1638,6,0.460709023947107,-25.00129286448161,-41.23787752787272,2.383987820331326,70.83469391745103,,,0.0,-1,-1,0,176,delayed
73,1662,7,-7.178080314705279,-10.780162675040108,-8.03599384852818,2.166347059886134,64.3680012109615,,,0.0,-1,-1,0,176,delayed
73,1934,6,-11.434012453951224,12.738511880238852,20.042433897654217,1.5968807777679288,47.44762542458449,,,0.0,-1,-1,0,176,delayed
73,2180,16,-45.135455127094055,27.885702669620514,50.352663189172745,4.4798581870139715,133.10864290683307,,,0.0,-1,-1,0,176,delayed
73,2556,7,-17.211694034185978,11.14438394989286,-3.2061023712158203,3.3126258965443167,98.42703030761588,,,0.0,-1,-1,0,176,delayed
73,3874,8,-33.99486625856181,-13.603373289108276,23.597348928451538,2.762641340650343,82.0855090364793,,,0.0,-1,-1,0,176,delayed
73,3922,6,-24.422423809604954,42.67725054423014,25.417187531789143,0.9866656990988447,29.316493229735215,,,0.0,-1,-1,0,176,delayed
73,3968,6,19.83222436515209,22.359368960062664,3.5965356826782227,2.001029844952336,59.455981854464305,,,0.0,-1,-1,0,176,delayed
73,4128,6,-27.821551994336005,-38.187824639181294,0.6359168688456217,2.018238885929316,59.967308774770395,,,0.0,-1,-1,0,176,delayed
73,4384,7,26.78397267088249,-0.6334280286516462,41.65539387294224,4.89773773352037,145.52496882876252,,,0.0,-1,-1,0,176,delayed
73,4550,9,-61.976232383266016,53.863863203260635,40.80686230129666,3.4579863257230516,102.74607985173391,,,0.0,-1,-1,0,176,delayed
73,4672,6,-4.529993881852647,-2.337087949117025,24.30386257171631,1.7225551398234062,51.181748935430896,,,0.0,-1,-1,0,176,delayed
73,5016,6,32.9151072674775,-34.7376192410787,12.566147804260254,1.9254633712824856,57.21069855763897,,,0.0,-1,-1,0,176,delayed
73,5168,13,-22.176551520445916,3.2871288886437044,7.77766746741075,4.153443140833786,123.40997343837466,,,0.0,-1,-1,0,176,delayed
73,5658,8,-28.670765013970723,-15.134488582611084,-4.242373466491699,2.0784199755866597,61.75545090752013,,,0.0,-1,-1,0,176,delayed
73,5672,12,-14.924759971740992,8.607040882110596,-5.02362585067749,4.693312223241518,139.45093676952627,,,0.0,-1,-1,0,176,delayed
73,5696,6,-26.988262652668826,40.29859320322672,-17.164952278137207,1.8103320546015698,53.78983729825871,,,0.0,-1,-1,0,176,delayed
74,317,8,-24.136242127263614,-27.35916566848755,-8.118659138679504,3.10298547270605,92.19804913218161,,,0.0,-1,-1,0,176,delayed
74,373,10,-0.29960995360341336,-27.82057900428772,21.88456120491028,3.3555882820904905,99.70355840233732,,,0.0,-1,-1,0,176,delayed
74,1253,6,6.008854696243284,43.009799559911094,-13.161966641743978,2.918079741562296,86.70400224257546,,,0.0,-1,-1,0,176,delayed
74,1381,6,3.4438877082487305,19.287899653116863,-6.297033468882243,2.255749521361253,67.02438894081855,,,0.0,-1,-1,0,176,delayed
74,1581,6,-48.50128651583819,-31.056474685668945,8.561691761016846,2.1046724992995904,62.5354840376842,,,0.0,-1,-1,0,176,delayed
74,1629,8,-16.96221767727952,-11.112712651491165,16.45209050178528,2.0790400751921343,61.77387573560753,,,0.0,-1,-1,0,176,delayed
74,2265,6,-35.62594243619284,-35.69370047251383,-11.773400068283081,2.215520887669859,65.8290879707611,,,0.0,-1,-1,0,176,delayed
74,2405,8,1.5023059262202008,4.333542227745056,42.47759282588959,2.566578804408043,76.25996344226047,,,0.0,-1,-1,0,176,delayed
74,2407,6,-7.536406201617126,35.125594774881996,1.365472714106242,1.8601583090331075,55.270309409571965,,,0.0,-1,-1,0,176,delayed
74,2915,6,31.960813576320138,25.37079366048177,-0.09993569056193034,2.017820621458513,59.95488101171171,,,0.0,-1,-1,0,176,delayed
74,2965,6,-7.203014817983072,-29.116600195566814,-15.165033022562662,1.4544935354813915,43.21691726445846,,,0.0,-1,-1,0,176,delayed
74,3493,6,15.135594755222277,-35.40271910031637,6.708101908365886,2.0809231465390323,61.829826853035534,,,0.0,-1,-1,0,176,delayed
74,3581,8,-15.301608177144594,-37.48115634918213,-12.221212476491928,2.6897874649491715,79.9208243254327,,,0.0,-1,-1,0,176,delayed
74,3659,7,-36.67013041187597,-24.743303775787354,-13.77248137337821,2.109753196574844,62.686445226877595,,,0.0,-1,-1,0,176,delayed
74,3773,6,-1.2753730866558257,9.87950611114502,-1.0129768053690593,1.3878102339104061,41.23557691703615,,,0.0,-1,-1,0,176,delayed
74,3845,10,-13.240309860970408,17.33971118927002,31.171143341064454,4.354467442867267,129.38294644732736,,,0.0,-1,-1,0,176,delayed
74,3903,7,-17.794006171315882,-27.459128039223806,29.99365016392299,2.047246821754048,60.829212614126575,,,0.0,-1,-1,0,176,delayed
74,4239,6,3.8061488291296555,10.373712380727133,41.16712506612142,1.8314642354678088,54.41773126260801,,,0.0,-1,-1,0,176,delayed
74,4461,9,7.743187883605178,5.816546016269261,21.248976283603245,2.857352417906378,84.89963002770602,,,0.0,-1,-1,0,176,delayed
74,4579,6,-6.8106135465266675,7.200631300608317,3.956797997156779,2.746453450710222,81.60452326159454,,,0.0,-1,-1,0,176,delayed
74,4599,7,17.69028815746716,-9.932952012334551,21.398815972464426,1.6030908917149924,47.63214462257755,,,0.0,-1,-1,0,176,delayed
74,4809,7,-12.21068088858462,15.055805138179235,1.371680532182967,3.0172511451271893,89.65065153204498,,,0.0,-1,-1,0,176,delayed
74,4981,14,-14.694304821536077,19.55314826965332,25.694884061813354,5.160554651804272,153.33396676247708,,,0.0,-1,-1,0,176,delayed
74,5043,12,-16.81365876055188,19.454174677530926,2.7797522544860835,3.15603404132688,93.77426486993365,,,0.0,-1,-1,0,176,delayed
74,5555,6,21.27395454910551,25.892711798350017,36.62227471669515,2.262978243798768,67.2391737383367,,,0.0,-1,-1,0,176,delayed
75,218,8,3.9471388165166896,10.586174011230469,25.950549840927124,3.6401093410132512,108.15744476450078,,,0.0,-1,-1,0,176,delayed
75,492,6,-14.803444235295059,15.893118619918823,-3.339356263478597,1.6111005003442678,47.870131650369686,,,0.0,-1,-1,0,176,delayed
75,760,7,0.785872863226614,11.607578686305455,8.039952686854772,2.171678303929944,64.52640681891886,,,0.0,-1,-1,0,176,delayed
75,1210,6,-16.172417013553243,-0.31407515207926134,35.07037544250488,2.172930054014533,64.5635996826352,,,0.0,-1,-1,0,176,delayed
75,1264,6,-20.286740025756032,37.24559966723124,30.525524457295734,0.8844781826239091,26.280227108761256,,,0.0,-1,-1,0,176,delayed
75,1526,6,3.9604725690712375,2.3971312840779624,19.372714360555012,2.1414795401993407,63.62912027772947,,,0.0,-1,-1,0,176,delayed
75,1678,6,-61.18776224069092,-8.290656407674154,3.5241066614786782,2.631158515841103,78.17880046551437,,,0.0,-1,-1,0,176,delayed
75,1714,6,-41.83574403351373,49.961018085479736,37.30270226796468,1.6231417608902,48.22790990656598,,,0.0,-1,-1,0,176,delayed
75,1736,6,7.747597560983141,17.135562419891357,5.0621501604715995,1.8720863046262466,55.62472225920276,,,0.0,-1,-1,0,176,delayed
75,1836,6,-2.7272729903469073,14.576775074005127,-6.891174952189128,1.0543151435223914,31.326540281385647,,,0.0,-1,-1,0,176,delayed
75,1894,6,-15.627360973743151,-4.877400080362956,1.2470624446868896,1.234257426996777,36.673109783130776,,,0.0,-1,-1,0,176,delayed
75,2656,7,13.72656344228606,23.793161119733536,6.653067793164935,2.691024235700446,79.95757211284398,,,0.0,-1,-1,0,176,delayed
75,3126,8,-24.598824482784106,1.5137948989868164,40.96615743637085,3.1683583523464662,94.14045331744617,,,0.0,-1,-1,0,176,delayed
75,3238,8,-9.868635851008388,17.898810923099518,19.636667132377625,3.0483354587053695,90.57425014239291,,,0.0,-1,-1,0,176,delayed
75,3694,6,-10.340442503675538,26.765655517578125,54.676968256632485,1.443382323263225,42.8867732470212,,,0.0,-1,-1,0,176,delayed
75,3932,6,-42.0560681411394,-6.20759932200114,42.16477505366007,2.5260005315574485,75.05427375183613,,,0.0,-1,-1,0,176,delayed
75,3984,7,1.147709603603126,-4.034148624965122,-5.91652992793492,2.5908809648796645,76.982046031718,,,0.0,-1,-1,0,176,delayed
75,4176,7,-37.48769074988797,31.72685374532427,-5.671253204345703,1.589848791642563,47.23868619235602,,,0.0,-1,-1,0,176,delayed
75,4480,6,-40.325706097069606,15.251112620035807,-30.667029062906902,2.0509282467805967,60.93859765909688,,,0.0,-1,-1,0,176,delayed
75,4690,6,6.6425127390904395,-11.907138029734293,33.860262870788574,2.429225080526753,72.17881466013243,,,0.0,-1,-1,0,176,delayed
75,4802,6,-8.674457044630914,26.66404374440511,-11.077439467112223,2.614336579578591,77.67897546804932,,,0.0,-1,-1,0,176,delayed
75,4830,6,-51.69153072600984,0.40183138847351074,7.3270144065221166,2.507134014823519,74.49369876620108,,,0.0,-1,-1,0,176,delayed
75,4944,8,-11.563614884606402,-13.17036521434784,17.25575280189514,2.5606567431293397,76.08400306425021,,,0.0,-1,-1,0,176,delayed
76,340,9,-8.002779315597957,12.4121216668023,-2.316023508707682,2.9498889073302603,87.64913816220027,,,0.0,-1,-1,0,176,delayed
76,592,10,-17.749214783615706,-0.5348514556884766,21.785926580429077,2.675740848794921,79.50346155731084,,,0.0,-1,-1,0,176,delayed
76,1248,6,-17.23572688577374,-6.082893848419189,-3.126893679300944,2.392477232490093,71.08693719934908,,,0.0,-1,-1,0,176,delayed
76,1312,6,-12.942660049587024,-4.803500175476073,18.713704188664753,1.2318598410697854,36.601871052869306,,,0.0,-1,-1,0,176,delayed
76,1720,11,-9.673589944686448,33.11139835010875,-2.4356669946150347,3.9452773129733476,117.2248064778666,,,0.0,-1,-1,0,176,delayed
76,2040,9,24.20875129915615,37.24867953194512,19.702253977457683,2.9236206879648345,86.86863867196053,,,0.0,-1,-1,0,176,delayed
76,2418,12,-9.560864136021348,8.318368275960287,-17.600585142771404,3.9947331699112123,118.69427308283107,,,0.0,-1,-1,0,176,delayed
76,2630,6,2.7862828781692603,-14.313506126403809,-1.1962560017903658,2.4400445540136313,72.50029033473739,,,0.0,-1,-1,0,176,delayed
76,2980,7,13.969059265357412,-21.94434082508087,14.353185108729772,2.532015964431977,75.2330084512395,,,0.0,-1,-1,0,176,delayed
76,2992,13,-22.167060602694736,39.43062488849346,3.920687565436729,4.672844482657063,138.842785114087,,,0.0,-1,-1,0,176,delayed
76,3314,6,-35.20022177428502,14.0964248975118,7.296153704325358,0.7672807977548587,22.797977403319756,,,0.0,-1,-1,0,176,delayed
76,3424,7,-34.3568076548102,-6.168011018208095,30.19159712110247,1.7188099141906026,51.07046820274889,,,0.0,-1,-1,0,176,delayed
76,3460,7,-40.31841735245492,-18.056674139840258,-9.76748411996024,2.4320450277152785,72.26260288013049,,,0.0,-1,-1,0,176,delayed
76,3502,8,-41.45667491133466,-44.45431399345398,41.4361674785614,2.319294350836756,68.91247683604458,,,0.0,-1,-1,0,176,delayed
76,3662,10,-6.986527218460926,13.842393869161606,46.98213119506836,3.4776565634392167,103.33053555072084,,,0.0,-1,-1,0,176,delayed
