file_id,light_id,n_charge_hits,charge_x,charge_y,charge_z,charge_E,charge_Q,fprompt,integral,integral_total,tpc,det,n_valid_sumhits,period,window
0,379,8,2.148869181492688,-6.595574647188187,-20.063850045204163,2.1059131877411197,62.57234823021621,,,0.0,-1,-1,0,195,prompt
0,469,11,-0.32613520727118517,15.01513671875,-10.329718329689719,5.6873169361089415,168.98549184904095,0.3448335528373718,98.50227355957031,160.064453125,6,13,2,195,prompt
0,471,7,-39.050036330978706,41.77065682411194,23.06822327205113,2.060065240520392,61.21008233253542,,,0.0,-1,-1,0,195,prompt
0,517,10,2.090757682092697,10.178801083564759,16.875270795822143,3.217727426464441,95.60734137128223,,,0.0,-1,-1,0,195,prompt
0,733,6,-12.209283690345082,16.687543789545696,25.857439359029133,1.8215206164866213,54.12227958246213,,,0.0,-1,-1,0,195,prompt
0,749,6,-13.772018223788677,14.331981221834818,11.824206113815308,2.0605456278735717,61.22435593361429,,,0.0,-1,-1,0,195,prompt
0,1193,6,6.78087195421048,10.553844134012857,9.996651570002237,1.0097187884993528,30.001462556176513,,,0.0,-1,-1,0,195,prompt
0,1359,7,31.957123222424894,-37.34061482974461,28.964328902108328,1.9689439312847097,58.50262300995804,,,0.0,-1,-1,0,195,prompt
0,1371,6,7.504597079453755,-0.577343742052714,-1.2439153989156086,1.0806541205770557,32.109142172995405,,,0.0,-1,-1,0,195,prompt
0,1565,10,-6.615148859648393,8.85968644618988,1.8854561805725099,2.6293620253339545,78.12542189784126,,,0.0,-1,-1,0,195,prompt
0,1657,9,5.850534900159356,-9.702454143100315,0.8062511020236545,3.205459496956762,95.24282817022211,,,0.0,-1,-1,0,195,prompt
0,1873,6,12.062867474263532,11.676199316978455,-3.7766669591267905,1.942633766622297,57.720877212061836,,,0.0,-1,-1,0,195,prompt
0,1883,17,11.034819875879801,9.482565332861508,-29.366393566131592,6.153687882540829,182.84262776255562,,,0.0,-1,-1,0,195,prompt
0,1991,6,-13.704627515296266,10.230531334877014,24.065364042917892,1.6525375555848676,49.101338076751695,,,0.0,-1,-1,0,195,prompt
0,2007,10,0.7058711320677691,7.759500050544739,-13.390679550170898,3.097518001526545,92.03559584940903,,,0.0,-1,-1,0,195,prompt
0,2407,7,5.803939459359747,21.631586279187882,14.015414374215263,2.686364533024788,79.81911980618297,,,0.0,-1,-1,0,195,prompt
0,2521,6,-7.033245038958955,36.4049870967865,-19.10167980194092,2.8284549262506635,84.04100778183812,,,0.0,-1,-1,0,195,prompt
0,2857,6,-15.592372611703851,-3.6211001873016344,-21.512666702270508,1.6344389260889498,48.563579087492045,,,0.0,-1,-1,0,195,prompt
0,2873,8,23.983835304547185,-16.0732499063015,16.207399487495422,1.5623319836210152,46.42108777294769,,,0.0,-1,-1,0,195,prompt
0,3153,7,-5.101158745846758,18.587169579097203,-9.730416025434222,1.6812722847980468,49.95512421242647,,,0.0,-1,-1,0,195,prompt
0,3183,9,0.2847686567271257,1.4533669816123114,-23.256455845303005,3.056153606172972,90.80654834381248,,,0.0,-1,-1,0,195,prompt
0,3339,7,27.099043495872298,9.180755478995186,6.775794846670967,1.4792388436114154,43.95216696344378,0.2614856958389282,196.49365234375,252.96426391601562,0,15,2,195,prompt
0,3587,6,1.284670951324171,3.8982248306274414,17.629974683125813,1.0537106361189919,31.30857873958353,,,0.0,-1,-1,0,195,prompt
0,3695,7,15.183452077504905,-11.686756781169347,12.115128244672503,2.096717673330046,62.29912475014348,,,0.0,-1,-1,0,195,prompt
0,3745,7,-3.8301554566023532,-1.9675871644701293,20.28239870071411,2.567404142683431,76.28448646356824,,,0.0,-1,-1,0,195,prompt
0,3777,7,24.561025670612086,9.659785679408483,19.392900194440568,3.4043802701445354,101.15329967616309,,,0.0,-1,-1,0,195,prompt
0,3883,12,32.17277945774025,25.530140936374664,36.417475859324135,3.928170388768352,116.71651372167231,,,0.0,-1,-1,0,195,prompt
0,3923,7,-1.167146495520591,12.807134083339147,14.644883837018694,1.7288945527765045,51.37010995486204,,,0.0,-1,-1,0,195,prompt
0,3987,7,-21.913259258253966,-13.08030012675694,-23.510185514177596,2.284947410825608,67.89193681401015,,,0.0,-1,-1,0,195,prompt
0,4081,7,-7.974837275339397,17.201544489179337,17.10607651301793,1.4488018503288984,43.04780198114492,,,0.0,-1,-1,0,195,prompt
0,4085,8,11.747804757443078,-14.743049651384354,-39.2525497674942,3.783028615428508,112.40396103097312,,,0.0,-1,-1,0,195,prompt
0,4199,6,-16.293541290523134,-0.8452314933141073,-6.629377365112305,1.137167201765393,33.788297902805965,,,0.0,-1,-1,0,195,prompt
0,4295,9,-18.0701159498928,-8.831049866146511,24.26446114646064,3.0586594414841284,90.88100345459767,,,0.0,-1,-1,0,195,prompt
0,4419,6,1.505986841498877,-17.95769953727722,3.6210997899373374,1.4339456252795548,42.606383553934684,,,0.0,-1,-1,0,195,prompt
0,4425,7,7.712498877370557,25.62218577521188,9.251385825020927,2.954247005636321,87.77862899136441,,,0.0,-1,-1,0,195,prompt
0,5153,6,-5.811958890110922,22.11919363339742,24.765944083531696,2.0344482613183477,60.4489329401638,,,0.0,-1,-1,0,195,prompt
0,5303,8,-11.664345974737499,19.76940479874611,34.750526547431946,2.7585810977769025,81.96486829380524,,,0.0,-1,-1,0,195,prompt
0,5327,8,-38.1610432912923,9.706302732229233,10.284955859184265,2.343582050292359,69.6341297497988,,,0.0,-1,-1,0,195,prompt
0,5503,9,10.632531296750894,10.727816449271309,12.57692485385471,2.7346770895001207,81.25461587756146,,,0.0,-1,-1,0,195,prompt
0,6083,8,6.19224006515594,5.7191674411296844,-15.098745465278627,3.1966674527316457,94.981592875191,,,0.0,-1,-1,0,195,prompt
1,161,9,11.978792938381204,-9.53617975446913,5.984428935580784,3.997428686602414,118.77436413788692,,,0.0,-1,-1,0,195,prompt
1,439,6,-8.6465339010041,7.463900129000346,-10.198200702667236,1.8688734289687958,55.52925907694592,,,0.0,-1,-1,0,195,prompt
1,713,7,-27.092607239643094,-21.8849572624479,27.4678532736642,1.9494398846360552,57.92310529483938,,,0.0,-1,-1,0,195,prompt
1,779,7,22.10368056878733,13.77707130568368,3.613870961325508,2.192995978555987,65.15981230207176,,,0.0,-1,-1,0,195,prompt
1,815,6,-8.041152371114075,17.680575370788574,14.638495683670044,1.8383314129760464,54.621773587289525,,,0.0,-1,-1,0,195,prompt
1,1373,7,27.9903705564956,0.09501464026314821,-22.560042449406215,2.6168066118952362,77.7523667755147,,,0.0,-1,-1,0,195,prompt
1,1621,8,4.381518226601745,-2.050725072622299,-5.592100143432617,1.9930373957632646,59.21850467982002,,,0.0,-1,-1,0,195,prompt
1,1647,7,1.5996192127775868,-10.756408827645439,15.468340737479073,2.1221780151265284,63.055620023654086,,,0.0,-1,-1,0,195,prompt
1,1651,6,19.24864735409646,-10.091968695322672,8.324664433797201,1.1479092046633332,34.107471717725126,,,0.0,-1,-1,0,195,prompt
1,1695,7,-11.074577358486893,3.388842940330505,-6.724328586033413,1.8511972443259772,55.00405206115321,,,0.0,-1,-1,0,195,prompt
1,1837,8,-25.86237248189621,-30.864797234535217,-8.029697179794312,1.6156774616170662,48.00612548727848,,,0.0,-1,-1,0,195,prompt
1,1911,6,0.8660155078288435,0.7851870457331339,-2.375508944193522,1.5661579117407656,46.534766393702995,,,0.0,-1,-1,0,195,prompt
1,1961,6,-10.10189167535068,-40.46486949920654,40.6836264928182,2.2601321519955913,67.15460869147711,,,0.0,-1,-1,0,195,prompt
1,2197,8,-12.655787106668328,0.5369302928447723,-3.986033320426941,2.488803915674274,73.94906219061119,,,0.0,-1,-1,0,195,prompt
1,2597,13,17.29980561939722,-0.9017220643850473,18.833597036508415,4.554903036938075,135.3384273583812,,,0.0,-1,-1,0,195,prompt
1,2773,7,8.50919177638975,13.9354282276971,18.314810548509872,1.6185869532016588,48.09257431226508,,,0.0,-1,-1,0,195,prompt
1,2781,8,-6.025920337133716,22.22542515397072,-12.975275576114655,2.289325817812202,68.02203106872757,,,0.0,-1,-1,0,195,prompt
1,2815,7,12.088956529893768,-11.496728760855538,-34.34847150530134,3.290973853630646,97.7836898427874,,,0.0,-1,-1,0,195,prompt
1,3015,9,32.999221779186406,11.355966832902697,6.472055541144477,3.4314257786196785,101.95689451768888,,,0.0,-1,-1,0,195,prompt
1,3025,11,4.054794808734765,-25.137756846167825,14.304399577054111,3.42815810035568,101.85980300250705,,,0.0,-1,-1,0,195,prompt
1,3093,14,17.485796652219157,31.449728625161306,-22.053300040108816,3.5394479454817676,105.16652380384544,,,0.0,-1,-1,0,195,prompt
1,3333,11,0.2199306533772956,10.044521591880105,4.043216965415261,3.079102291429278,91.48841554215765,,,0.0,-1,-1,0,195,prompt
1,3363,8,28.738281434071084,21.820129930973053,-13.818145513534546,2.1842686459029252,64.90049976199782,,,0.0,-1,-1,0,195,prompt
1,3457,7,12.566867410444742,-44.77944050516401,27.86644458770752,1.1804222675571239,35.073522315282474,,,0.0,-1,-1,0,195,prompt
1,3643,7,0.5897372725619435,-5.479156766619001,-3.170471327645438,1.9769967987003727,58.74189537271157,,,0.0,-1,-1,0,195,prompt
1,3737,8,16.845133198022626,4.430536031723022,0.7863420248031616,1.705382651182442,50.67150808339729,,,0.0,-1,-1,0,195,prompt
1,3905,11,-26.076106079692792,-21.303354826840486,14.809065515344793,3.345507814324332,99.40404057650325,,,0.0,-1,-1,0,195,prompt
1,3921,6,16.49615716318863,2.7343000968297324,-7.537799835205078,1.5394312897608815,45.740646528136985,,,0.0,-1,-1,0,195,prompt
1,4125,6,-24.948456012197294,10.345999956130981,-9.910366694132486,2.016075989016118,59.903043286702555,,,0.0,-1,-1,0,195,prompt
1,4137,14,29.059207681826148,11.306699735777718,-0.595099925994873,3.8923553150453034,115.65235149602366,,,0.0,-1,-1,0,195,prompt
1,4249,221,24.45968768115188,42.32488746017353,48.95784676668331,89.39423818920847,2656.1433939021736,0.37738651037216187,1358.4124755859375,5365.1669921875,1,13,11,195,prompt
1,4401,6,7.195829672090878,45.15290069580078,17.315900166829426,2.002942701627589,59.51281797415582,,,0.0,-1,-1,0,195,prompt
1,4425,12,13.65909808282369,-15.643706301848093,-6.563979427019755,2.5366941860820322,75.372011006468,,,0.0,-1,-1,0,195,prompt
1,5657,6,12.963074227613099,6.207599878311157,5.705833117167155,1.1960178367344008,35.53690864625261,,,0.0,-1,-1,0,195,prompt
1,5987,7,-6.308470792402525,6.686630589621408,-3.9833127430507114,1.9822391590048454,58.897660005569776,,,0.0,-1,-1,0,195,prompt
1,6127,6,12.583856799361598,-1.847499966621399,13.47309954961141,1.1799225583981463,35.058674611354604,,,0.0,-1,-1,0,195,prompt
1,6257,10,21.057321191368022,-3.209107279777527,24.881412410736083,4.079059085456569,121.19982297114132,,,0.0,-1,-1,0,195,prompt
2,187,8,-35.29705167882053,26.43772518634796,-16.478699922561646,2.1138129210355663,62.80707056611465,,,0.0,-1,-1,0,195,prompt
2,429,9,-15.603005778377625,-0.5727248191833504,6.929733382331,3.309070317506605,98.32138448564994,,,0.0,-1,-1,0,195,prompt
2,499,7,15.960063575244119,-6.021529981068203,17.907041140965053,1.4439278940011726,42.902983621882726,,,0.0,-1,-1,0,195,prompt
2,629,6,6.147612469622611,5.570212682088216,26.165424664815266,1.1972773949305295,35.57433350997594,,,0.0,-1,-1,0,195,prompt
2,667,6,2.1222900187161713,7.020500143369038,-8.195134003957113,2.3503808417134935,69.8361401397922,,,0.0,-1,-1,0,195,prompt
2,881,9,5.993208778027887,-1.4318122863769531,47.98747868008084,2.5927014674011994,77.03613806095959,,,0.0,-1,-1,0,195,prompt
2,1091,13,10.389677803555413,19.7590124973884,4.462826031904954,4.805289393334172,142.77807984534664,,,0.0,-1,-1,0,195,prompt
2,1107,6,37.74477458425351,-4.286199967066447,22.2516671816508,1.8684387270130542,55.51634291197323,,,0.0,-1,-1,0,195,prompt
2,1255,7,-12.594576788646776,-13.389096566608973,-0.10752160208565849,1.305112276859247,38.778398056741786,,,0.0,-1,-1,0,195,prompt
2,1369,9,-40.14446913442603,-27.767924891577827,7.206858528984918,3.262904435141943,96.94967187921752,0.36164361238479614,96.33651733398438,177.1809844970703,7,1,2,195,prompt
2,1427,7,-30.045599915280803,-14.814310652869088,23.27012838636126,2.3325471329154652,69.30625265742003,,,0.0,-1,-1,0,195,prompt
2,1461,6,2.5245823791306687,4.466331561406454,10.292251666386923,0.8252668630952325,24.52089945637447,,,0.0,-1,-1,0,195,prompt
2,1579,9,-16.319951090462457,28.208246098624336,21.74360466003418,2.7034300389115438,80.32618191267764,,,0.0,-1,-1,0,195,prompt
2,1989,9,4.930445379796101,27.170566744274563,-16.620989057752823,3.2173833348771397,95.59711748420602,0.3391488492488861,203.65362548828125,358.3233947753906,3,14,2,195,prompt
2,2191,11,14.063986251035963,3.6605690609325063,-22.06722207502885,4.220376411837504,125.3987410503599,,,0.0,-1,-1,0,195,prompt
2,2277,8,-7.947948931221404,-23.974776588380337,18.01910439133644,1.5971156102185888,47.45460292867345,,,0.0,-1,-1,0,195,prompt
2,2453,8,13.762283260556623,7.409629702568054,4.109635710716248,2.029517515576708,60.30242721458283,,,0.0,-1,-1,0,195,prompt
2,2613,7,31.06542921218927,-7.506128617695401,33.21495641980852,1.7860921232047413,53.06960370208384,,,0.0,-1,-1,0,195,prompt
2,2819,7,-29.58688710026481,0.7601141248430524,16.438278606959752,1.8838423764267533,55.97402679027404,,,0.0,-1,-1,0,195,prompt
2,2997,10,-4.347068152418295,1.7375743389129639,20.523118591308595,3.354019630663369,99.65694954689113,,,0.0,-1,-1,0,195,prompt
2,3147,7,-12.767564293915568,2.8029213632856087,18.448153359549387,1.6636585259250922,49.431772034256305,,,0.0,-1,-1,0,195,prompt
2,3579,10,2.5255878267680822,-19.867091250419616,-7.901716899871826,2.09889208034498,62.363732234309815,,,0.0,-1,-1,0,195,prompt
2,3713,9,4.206454549046632,-7.445424556732178,18.634763611687553,1.9834689775748053,58.9342012249645,,,0.0,-1,-1,0,195,prompt
2,3741,12,-9.276001533516222,-4.52637521425883,1.3887728055318196,4.537424625735637,134.81909672374903,,,0.0,-1,-1,0,195,prompt
2,3767,6,-10.639438749560034,7.616318941116333,-8.273652076721191,1.275666197827908,37.90347580358863,,,0.0,-1,-1,0,195,prompt
2,3809,7,-30.07647877258135,11.868867976324898,-5.008675030299595,2.254108959703244,66.97564343888824,0.5736091732978821,75.84442901611328,75.84442901611328,7,4,1,195,prompt
2,3815,11,14.521951323303266,-14.362632903185757,30.525487292896617,2.7956704725333967,83.06689343254978,,,0.0,-1,-1,0,195,prompt
2,4029,6,7.328987306416782,18.590469082196552,11.068201859792074,1.2509887615395867,37.17024275967665,,,0.0,-1,-1,0,195,prompt
2,4215,7,-7.638834949741865,-17.929987260273524,0.07728699275425502,1.3091123788150234,38.89725185090112,,,0.0,-1,-1,0,195,prompt
2,4421,6,7.373821568485199,-16.2810933192571,20.71991840998332,0.8300283697132328,24.66237663213668,,,0.0,-1,-1,0,195,prompt
2,4499,6,11.924981555953524,-12.045700391133627,16.56136671702067,3.4631488343907377,102.89947187756687,,,0.0,-1,-1,0,195,prompt
2,4773,6,23.602911535432423,-8.794100284576416,7.257733186086019,1.260155854894104,37.44262177367248,,,0.0,-1,-1,0,195,prompt
2,4833,8,20.603082146587745,-26.7702753841877,-35.82202482223511,2.352828658257641,69.90887135686975,,,0.0,-1,-1,0,195,prompt
2,4985,7,9.23175100318531,-8.626505204609462,8.4056122643607,1.5085436762137092,44.82289240506836,,,0.0,-1,-1,0,195,prompt
2,5415,6,25.672978253959148,-22.76119927565257,-15.297300179799398,1.8259698560067505,54.254478462375026,,,0.0,-1,-1,0,195,prompt
2,5517,7,-36.07835406776864,-7.296305452074323,26.24454402923584,1.574764650830988,46.790495774484185,,,0.0,-1,-1,0,195,prompt
2,6297,8,29.705177941380665,-24.865039706230164,26.92048752307892,1.4723281936723598,43.74683295584989,,,0.0,-1,-1,0,195,prompt
3,463,7,12.242609938227705,0.7007303237915039,15.951329912458148,1.3218954195383514,39.27707039244275,,,0.0,-1,-1,0,195,prompt
3,563,8,-17.40359264808216,-24.24497389793396,17.395573318004608,1.8484344703719366,54.92196261181602,,,0.0,-1,-1,0,195,prompt
3,579,11,-5.098076808474182,-22.39673831246116,3.420142954046076,3.751244796088595,111.45957822193789,,,0.0,-1,-1,0,195,prompt
3,663,7,9.042863034709898,-5.162442411695208,21.96494265965053,2.7866461313551523,82.79875596988488,,,0.0,-1,-1,0,195,prompt
3,1103,7,-20.999506088332687,25.76074811390468,-5.478526251656668,2.373966265012838,70.53692653898212,,,0.0,-1,-1,0,195,prompt
3,1679,8,-2.966064376903578,-19.454174786806107,-11.140424847602844,1.5188441153961323,45.128946173665575,,,0.0,-1,-1,0,195,prompt
3,1887,9,13.300882063099573,-7.115954611036512,9.382848474714491,2.273978985401702,67.56603537649745,,,0.0,-1,-1,0,195,prompt
3,1993,7,13.389433457610611,10.229871307100568,20.68225043160575,2.141763187016788,63.63754818802465,,,0.0,-1,-1,0,195,prompt
3,2063,6,3.090405966297151,-2.4664125442504883,11.368420600891113,1.0228293049216906,30.391011282036594,,,0.0,-1,-1,0,195,prompt
3,2315,6,-7.341892518842113,22.19309417406718,23.10466416676839,1.5410254007080697,45.78801185444089,,,0.0,-1,-1,0,195,prompt
3,2359,9,13.575511126041683,-6.943520916832818,18.951917860243057,1.5705517189865108,46.66531823156489,,,0.0,-1,-1,0,195,prompt
3,2459,85,-27.653748510032457,10.513144420174992,-24.545691209680893,55.22238255375063,1640.8055998556536,,,0.0,-1,-1,0,195,prompt
3,2781,7,24.08893186517503,1.2351855891091483,14.14875670841762,1.9644615861282126,58.369440472494944,,,0.0,-1,-1,0,195,prompt
3,2819,6,-3.3640650841410165,15.509762565294901,10.823408285776773,1.8017640675480315,53.53525934477668,,,0.0,-1,-1,0,195,prompt
3,2835,6,-16.205217918265642,17.953081051508587,-3.4224937756856284,1.3302247284215678,39.5245565751551,,,0.0,-1,-1,0,195,prompt
3,2841,6,2.171573933989117,-16.447368621826172,15.834751764933268,2.0322036597283626,60.38223978626542,,,0.0,-1,-1,0,195,prompt
3,2999,10,-9.529152909491112,13.919988632202148,48.80561408996582,3.1569109889376996,93.80032134348785,,,0.0,-1,-1,0,195,prompt
3,3027,8,3.7286693558267143,13.36781707406044,38.94896984100342,2.4808785403583604,73.71357796124728,,,0.0,-1,-1,0,195,prompt
3,3289,8,-17.50432373821326,-15.075599879026413,-29.220625281333923,3.045090271413713,90.47782689452693,,,0.0,-1,-1,0,195,prompt
3,3295,6,13.779527189389421,-5.7872938712437945,-3.4793896675109863,1.2956219966735811,38.49641629223384,,,0.0,-1,-1,0,195,prompt
3,3363,15,-11.225915649708163,31.171019570032755,-35.308620071411134,5.837079125587114,173.43532953764938,,,0.0,-1,-1,0,195,prompt
3,3619,6,-1.1134656425627558,-27.121299823125202,-23.138466835021973,1.50010408579989,44.57212946129272,,,0.0,-1,-1,0,195,prompt
3,3663,11,-28.606233160998706,17.075938593257558,15.451604236255992,2.658595109890611,78.99401551194198,,,0.0,-1,-1,0,195,prompt
3,3741,9,-10.060083524326371,-10.031925280888876,9.724635971917046,2.2810555561245485,67.7762993371029,,,0.0,-1,-1,0,195,prompt
3,3869,7,17.687943449449158,-0.4750713961465018,18.202699525015696,1.2998493268925757,38.62202164960889,,,0.0,-1,-1,0,195,prompt
3,3875,9,2.5423305899174142,11.43910394774543,8.170637183719212,2.1847975036160387,64.91621354791353,,,0.0,-1,-1,0,195,prompt
3,3919,7,3.988544922510015,2.7554143837520053,-2.587071963718959,1.3116280329168835,38.97199870438239,,,0.0,-1,-1,0,195,prompt
3,3929,6,-5.905085284903252,24.465518554051716,-3.671905835469564,2.128805415505752,63.252537924545656,,,0.0,-1,-1,0,195,prompt
3,4047,9,-1.6749247412802544,2.3494043350219727,11.686065038045248,1.8408829400880828,54.69758632444438,,,0.0,-1,-1,0,195,prompt
3,4107,9,3.152184548159277,7.054370800654094,33.398387379116485,2.1998897092045655,65.36464359201247,,,0.0,-1,-1,0,195,prompt
3,4115,8,-32.72646426385766,-13.589517503976822,-28.642126858234406,2.8169135230602143,83.69808163288668,,,0.0,-1,-1,0,195,prompt
3,4229,6,17.324523554841253,-19.620450059572857,15.237462520599365,1.1145642246451402,33.116702623550836,,,0.0,-1,-1,0,195,prompt
3,4421,7,6.27916401052762,3.662008830479213,8.422708851950508,1.3601630750142588,40.41410542234389,0.550163745880127,54.893341064453125,54.893341064453125,6,12,1,195,prompt
3,4589,7,38.41438049388258,11.370042596544538,31.81475693838937,2.239890541167928,66.55317595967128,,,0.0,-1,-1,0,195,prompt
3,4797,6,16.257959704194096,-22.687300165494282,9.179133415222168,1.1583738770840526,34.418405297815745,,,0.0,-1,-1,0,195,prompt
3,4859,6,20.985202761509417,0.4110688765843709,6.321598211924236,2.5484742665517697,75.7220288997141,,,0.0,-1,-1,0,195,prompt
3,5153,6,-4.603577953688223,-4.410906195640564,7.798126935958862,0.9740200615692926,28.940757306859417,,,0.0,-1,-1,0,195,prompt
3,5181,7,18.70739239162483,22.6450720173972,13.071928433009557,2.7921817122628014,82.9632329759772,,,0.0,-1,-1,0,195,prompt
3,5359,7,-20.54228788200695,5.27329284804208,19.416653633117676,1.7243352563490644,51.23464098804837,,,0.0,-1,-1,0,195,prompt
3,5529,7,-30.81234152306259,-12.423118012292045,28.885150500706263,1.768874156770183,52.558011582412945,,,0.0,-1,-1,0,195,prompt
3,5895,10,-1.298438981033025,20.75389108657837,-1.8650512218475328,2.217206794973444,65.87918081385543,,,0.0,-1,-1,0,195,prompt
3,5945,7,-3.7031865623751368,18.761362314224243,12.822515760149274,2.3535660358659154,69.93078083003832,0.4270320236682892,73.26808166503906,73.26808166503906,6,2,1,195,prompt
3,5979,7,-8.884067885822212,-11.730305535452706,12.627091135297503,1.9631919817892194,58.33171711083097,,,0.0,-1,-1,0,195,prompt
3,6259,13,-9.809054009235739,26.586946120628944,-12.826284848726713,4.000147827567589,118.85515713370008,,,0.0,-1,-1,0,195,prompt
3,6299,12,3.0893722013735587,-1.2193501393000286,16.255793412526447,4.012956252480694,119.23572990783377,,,0.0,-1,-1,0,195,prompt
4,125,6,-19.479734405749543,-16.07324989636739,29.998987356821697,2.7289304573916686,81.08386797231343,,,0.0,-1,-1,0,195,prompt
4,475,8,-32.76664060290925,-18.466917008161545,32.769082725048065,2.6737620864629426,79.44466720319306,,,0.0,-1,-1,0,195,prompt
4,775,10,-21.874971110543974,-34.71267683506012,23.158577632904052,2.7068915519112973,80.4290327795058,,,0.0,-1,-1,0,195,prompt
4,793,8,-10.219201505780346,29.80825760960579,-0.7528053522109985,2.76672594756159,82.20687370028494,,,0.0,-1,-1,0,195,prompt
4,1105,9,1.7382016038535468,-10.028845495647854,-10.944829305013021,3.096792262003062,92.01403217506,,,0.0,-1,-1,0,195,prompt
4,1115,6,7.489902967960816,13.006399989128113,0.8206664721171061,1.6657383548012512,49.493569347391464,,,0.0,-1,-1,0,195,prompt
4,1227,11,-27.546293683713046,5.222546815872192,-2.6825601404363457,4.151630191448603,123.35610583314107,,,0.0,-1,-1,0,195,prompt
4,1241,9,3.0750626540150567,-0.21554128328959068,21.270530382792156,2.462367046203415,73.16355165186873,,,0.0,-1,-1,0,195,prompt
4,1321,7,29.370567313337542,8.618587936673846,8.199747903006417,1.8607449263481122,55.28773938870218,,,0.0,-1,-1,0,195,prompt
4,1443,7,31.274462643559588,-25.938900300434657,11.094985961914062,1.4635593217383778,43.48628617194953,,,0.0,-1,-1,0,195,prompt
4,1841,8,15.821706962535654,4.388967216014862,5.004467129707336,2.0310529258690564,60.34804838645657,,,0.0,-1,-1,0,195,prompt
4,1923,8,-17.98161888986437,2.9202047288417816,-9.349504709243774,2.1280806404543355,63.23100290725728,,,0.0,-1,-1,0,195,prompt
4,2023,7,15.62515017535682,8.879876954214913,8.864848000662667,2.3288300757571605,69.19580888592226,,,0.0,-1,-1,0,195,prompt
4,2107,6,9.336466338985943,10.715499718983969,11.396132787068685,1.7885503099136582,53.14264304466481,,,0.0,-1,-1,0,195,prompt
4,2497,9,-24.871003523870062,6.49704188770718,10.96246083577474,1.9315652291854917,57.392001177224984,,,0.0,-1,-1,0,195,prompt
4,2735,10,-7.569827443976656,0.4600271224975586,-1.968470311164856,2.8033156483492876,83.29405218069661,,,0.0,-1,-1,0,195,prompt
4,2775,6,10.11606730110462,7.182156364123027,10.133743445078531,2.035851607784496,60.49063014035166,0.28678804636001587,512.7166748046875,828.7095336914062,4,7,2,195,prompt
4,2785,10,16.476363885427595,-8.493881487846375,29.49088373184204,2.9301024823788677,87.06123022777226,,,0.0,-1,-1,0,195,prompt
4,2937,10,2.3176930695141786,9.79913969039917,-21.371880340576173,2.8540576119758185,84.80173247654484,,,0.0,-1,-1,0,195,prompt
4,2947,6,11.901433326980497,24.382380763689678,27.667988936106365,1.5161268220945998,45.048208076911685,,,0.0,-1,-1,0,195,prompt
4,3403,6,-37.16433162414483,-36.90843109289805,36.40519380569458,2.287591260362805,67.97049269887418,,,0.0,-1,-1,0,195,prompt
4,3415,7,3.0254288976810804,-16.085126774651663,23.860008784702845,2.2974981953283033,68.26485439819007,,,0.0,-1,-1,0,195,prompt
4,3577,9,1.7050799548320563,4.541771120495266,7.894492573208279,2.118156322582369,62.93612471500941,,,0.0,-1,-1,0,195,prompt
4,3795,7,3.6016851333145725,22.268973316465104,0.7503049033028749,1.2449371694177933,36.99043367172547,,,0.0,-1,-1,0,195,prompt
4,3833,10,-19.095876160329823,-19.287900424003602,4.703817653656007,3.463650749356521,102.9143851219512,,,0.0,-1,-1,0,195,prompt
4,4039,17,-15.580420055371617,28.18524291936089,31.517741077086505,7.591494982909117,225.56374613335788,0.3200710713863373,98.7956314086914,98.7956314086914,4,9,1,195,prompt
4,4147,8,18.795753601850002,-16.60325153172016,-0.23209261894226074,2.773513530332714,82.40855105112186,,,0.0,-1,-1,0,195,prompt
4,4249,6,28.708500165929923,10.715499440828962,15.756232738494873,1.1559655746311508,34.346848150729215,,,0.0,-1,-1,0,195,prompt
4,4443,6,34.3803109418532,24.881206154823303,-7.143735726674397,2.0989907431468264,62.36666377167347,,,0.0,-1,-1,0,195,prompt
4,5105,6,-9.482529185737178,10.493800044059753,17.686870098114014,1.150079223186422,34.171948807988464,,,0.0,-1,-1,0,195,prompt
4,5411,7,-1.4157369534560442,-1.753805160522461,25.91865198952811,1.5444055215277908,45.88844434055807,,,0.0,-1,-1,0,195,prompt
4,5623,9,-0.8877369996106333,17.545091178682114,10.230599827236599,2.9232981913182945,86.85905642869055,,,0.0,-1,-1,0,195,prompt
4,6079,7,-8.266354331953297,-18.357552085603988,9.349098409925189,2.2287515893151095,66.22220772303577,,,0.0,-1,-1,0,195,prompt
4,6109,7,32.78316163668669,-7.446744680404663,-29.682155200413295,1.8530423723605307,55.05887578065861,,,0.0,-1,-1,0,195,prompt
5,19,6,41.46363701260368,9.089700102806091,23.81909990310669,1.6733264795956595,49.71903295615462,,,0.0,-1,-1,0,195,prompt
5,123,12,-9.325860691713615,-4.918969348073006,25.602672894795734,4.056227169019661,120.52142528866808,0.6394827365875244,52.10753631591797,52.10753631591797,5,15,1,195,prompt
5,397,6,-31.603355477974063,-50.875531236330666,48.755731423695885,1.5091753609415202,44.84166145831821,,,0.0,-1,-1,0,195,prompt
5,449,12,-14.245099199611227,-4.020621821284294,23.129332304000854,2.509368464640372,74.56009028359931,,,0.0,-1,-1,0,195,prompt
5,741,7,21.373873719802514,32.2613091809409,31.32780933380127,2.139117873784658,63.5589488128451,,,0.0,-1,-1,0,195,prompt
5,1043,33,-5.189748030479155,10.863300265687885,-24.63448206583659,23.83257694755131,708.1299992167219,,,0.0,-1,-1,0,195,prompt
5,1095,6,-10.168485267324519,3.006806254386902,-10.361327648162844,1.2702478239069834,37.74248133249875,,,0.0,-1,-1,0,195,prompt
5,1229,6,0.14674003579009565,-4.789644042650859,17.34970211982727,1.1873540193249563,35.279483314998444,,,0.0,-1,-1,0,195,prompt
5,1323,6,21.053037217190095,-20.839799880981445,27.883599917093914,1.6433759032333326,48.82912072959727,0.40482181310653687,361.77691650390625,361.77691650390625,5,15,1,195,prompt
5,1453,8,41.880687629102,4.544849842786789,-20.235949635505676,3.8508574179154715,114.41933729337514,,,0.0,-1,-1,0,195,prompt
5,1509,6,11.595048042974971,-29.929500381151836,-0.3695003191630046,1.6737909423031936,49.73283339315504,,,0.0,-1,-1,0,195,prompt
5,1603,6,-16.887686579575718,-9.103556354840597,11.768781026204428,2.140140798816902,63.5893426684435,,,0.0,-1,-1,0,195,prompt
5,1715,12,-7.41436808720336,24.80268754561742,1.2463268438975017,3.391780085323498,100.77891427557934,,,0.0,-1,-1,0,195,prompt
5,1735,6,-1.0758165263865365,-1.5288061698277777,42.889918168385826,1.537823082861403,45.69286237315557,,,0.0,-1,-1,0,195,prompt
5,1815,7,12.16278731411999,7.395278828484671,17.340914249420166,2.335070442107273,69.381226964225,,,0.0,-1,-1,0,195,prompt
5,2117,6,19.429578635407278,5.851956446965535,8.224522272745768,1.6230440839312235,48.22500766124708,,,0.0,-1,-1,0,195,prompt
5,2361,6,-21.543961130263416,30.58074406782786,18.81993516286214,2.1890817804553953,65.04351094263396,,,0.0,-1,-1,0,195,prompt
5,2569,6,21.00208433032925,-16.438130855560303,16.46143118540446,1.188362156155281,35.30943777331989,,,0.0,-1,-1,0,195,prompt
5,2617,12,14.72453083553203,7.15213434273998,-14.168016036351522,4.5340340782868935,134.7183544344235,,,0.0,-1,-1,0,195,prompt
5,2749,9,24.624360355528648,4.8989541795518665,27.19694603814019,2.638323841962507,78.39170158786904,,,0.0,-1,-1,0,195,prompt
5,2795,11,28.983535708480225,-28.55647214976224,-7.402960777282715,3.7433352750524933,111.22456506589417,,,0.0,-1,-1,0,195,prompt
5,3065,6,-14.274028900597964,21.76354996363322,15.65462096532186,2.203855068478788,65.48246508760352,,,0.0,-1,-1,0,195,prompt
5,3233,6,20.973214593082382,-25.717199961344402,-6.8143331209818525,2.2013165647252153,65.407039309477,,,0.0,-1,-1,0,195,prompt
5,3291,7,-12.031359922069234,7.973281724112375,15.020982197352819,1.8524159383438676,55.040262740167634,,,0.0,-1,-1,0,195,prompt
5,3345,6,-14.163547640175766,26.603999694188435,12.182792027791342,1.3828333219720164,41.08769946950752,,,0.0,-1,-1,0,195,prompt
5,3361,6,-5.379127820861657,-4.092212557792664,15.05418348312378,1.189099746919016,35.331353579910825,,,0.0,-1,-1,0,195,prompt
5,3579,6,27.092949108007147,-13.745400071144104,-16.93863328297933,2.9469680882356606,87.56235276640682,,,0.0,-1,-1,0,195,prompt
5,3633,6,-17.049075537929784,4.674175302187602,10.851120948791504,1.6599004322101867,49.320108956224544,,,0.0,-1,-1,0,195,prompt
5,3793,7,-18.343744749440184,-28.599299907684326,-7.801157406398228,1.8409692980710584,54.700152252524724,,,0.0,-1,-1,0,195,prompt
5,3825,13,35.158881224536586,1.586007650081928,12.192576701824482,4.437592516289933,131.8528160844725,,,0.0,-1,-1,0,195,prompt
5,3923,7,-27.966436433386896,33.7934137071882,2.1186569758823945,2.9889800738539343,88.81064192155914,0.41157594323158264,159.9021759033203,205.0487518310547,7,15,2,195,prompt
5,3929,8,-12.123027144662387,-16.01782476902008,-8.480025053024292,2.3095352194844008,68.62250677984345,,,0.0,-1,-1,0,195,prompt
5,4025,7,10.394539047389758,-3.7411873000008726,4.265833718436105,1.8146113271179813,53.916986001076864,,,0.0,-1,-1,0,195,prompt
5,4519,6,5.731144483454177,-10.050399780273438,-8.195133209228516,1.2672424281113164,37.653182935304194,,,0.0,-1,-1,0,195,prompt
5,4533,7,3.246651598779603,-20.744785955974034,-5.450814383370536,2.037734435936007,60.54657403179019,,,0.0,-1,-1,0,195,prompt
5,5001,7,30.839303596919482,20.47953772544861,38.03297274453299,2.5369551245649196,75.37976419103083,,,0.0,-1,-1,0,195,prompt
5,5169,7,11.172239470839203,2.7752086435045515,4.582548141479492,2.183470690199942,64.87679035060803,,,0.0,-1,-1,0,195,prompt
5,5239,6,-13.534339250533145,13.90705672899882,34.38218148549398,1.58907150615771,47.21559094877446,,,0.0,-1,-1,0,195,prompt
5,5293,10,7.907157187622357,-2.571720242500305,9.136052370071411,2.2244969653499354,66.09579139500894,0.4064350426197052,125.5739974975586,125.5739974975586,4,5,1,195,prompt
5,5821,10,-11.686483325923145,5.409480047225953,-10.207519721984863,3.2043284019122678,95.20922029245317,,,0.0,-1,-1,0,195,prompt
6,127,7,-6.102768199777829,11.959923718656812,-4.790933745247977,1.6287086838316929,48.393318168831314,,,0.0,-1,-1,0,195,prompt
6,171,11,-8.308180222628463,6.525034232573076,21.418954329057172,3.2777384285269657,97.39042974385104,,,0.0,-1,-1,0,195,prompt
6,363,6,3.5152547731356445,3.856656074523926,14.182710329691568,1.315776372621381,39.09525704099288,,,0.0,-1,-1,0,195,prompt
6,739,8,-1.6629600383451386,-2.2412487268447876,21.511982440948486,6.956405256361091,206.6935212075045,,,0.0,-1,-1,0,195,prompt
6,901,7,-8.599734389782641,25.36485528945923,-1.6883950914655412,1.7016335656948738,50.56011266404261,,,0.0,-1,-1,0,195,prompt
6,1181,6,30.17278679630734,34.65909961859385,3.185466766357422,1.3715118963662594,40.7513094465998,,,0.0,-1,-1,0,195,prompt
6,1249,7,-46.026430883010335,-42.261562892368865,50.099787030901226,3.201542673594553,95.12644880719655,,,0.0,-1,-1,0,195,prompt
6,1297,7,15.445726413858822,11.001862798418317,7.068755558558872,1.9949412376903286,59.27507294708242,,,0.0,-1,-1,0,195,prompt
6,1323,8,32.14501083656226,-3.1592249274253845,46.081475019454956,2.8056372390984015,83.3630328897055,,,0.0,-1,-1,0,195,prompt
6,1341,11,-10.726014657884114,8.356578436764805,11.501201022755016,3.7879506043686506,112.55020656841535,,,0.0,-1,-1,0,195,prompt
6,1519,8,-7.457992602955416,-2.712361365556717,24.144670516252518,2.42858503455225,72.15979717174162,,,0.0,-1,-1,0,195,prompt
6,1579,10,21.11429748104137,-9.2504323720932,12.247160053253173,2.632863941104827,78.22947323973106,,,0.0,-1,-1,0,195,prompt
6,1769,6,33.754560422866085,2.956000010172526,4.367866516113281,1.5448053257833767,45.90032360094261,,,0.0,-1,-1,0,195,prompt
6,1777,6,-3.9463716818680425,11.6022998491923,4.663466453552246,2.017538306291631,59.94649266833854,0.4360601603984833,157.91595458984375,273.98529052734375,7,13,2,195,prompt
6,1801,9,-24.67942922601155,4.070658206939697,3.6823304494222007,2.6651651164911505,79.18922808921104,,,0.0,-1,-1,0,195,prompt
6,1871,7,-7.657080120966486,20.602264131818497,21.624474797930038,1.1352592616739168,33.73160786804992,,,0.0,-1,-1,0,195,prompt
6,1889,6,-6.650968298311239,-9.65318787097931,15.839370727539062,1.345348207545199,39.97391584014517,,,0.0,-1,-1,0,195,prompt
6,2027,6,19.893820268560624,8.646299560864767,-19.95300022761027,3.0516818105823393,90.67367926234213,,,0.0,-1,-1,0,195,prompt
6,2149,6,0.8580332454180724,-10.867918968200684,3.0777641932169595,1.2942681600032064,38.45619016131892,,,0.0,-1,-1,0,195,prompt
6,2213,6,18.846474921161676,32.174212177594505,15.774707953135172,1.6224372125587176,48.206975879560915,,,0.0,-1,-1,0,195,prompt
6,2601,6,26.393644066806207,24.391618688901264,0.6682475407918295,1.809934486360187,53.77802447587368,,,0.0,-1,-1,0,195,prompt
6,3021,7,2.3883812468773136,0.5423734188079834,30.035937513623917,1.5300678404242403,45.46243324948005,,,0.0,-1,-1,0,195,prompt
6,3267,6,-33.127095743362084,-20.99221881230672,4.1784976323445635,2.7616804784203226,82.05695923375804,,,0.0,-1,-1,0,195,prompt
6,3287,12,-7.81637861028387,-2.591118653615316,26.539543787638348,3.3663134592755606,100.02223228004583,,,0.0,-1,-1,0,195,prompt
6,3337,8,-15.792872288014554,12.526050090789795,1.6073247194290161,2.2329622911238998,66.34731900559333,,,0.0,-1,-1,0,195,prompt
6,3429,9,-3.588362472761732,-7.131349696053399,10.481130202611288,1.6097592327299184,47.83027897993506,,,0.0,-1,-1,0,195,prompt
6,3527,6,-7.331249502294418,8.161331375439962,-2.500214417775472,1.4051007552686439,41.74932483874898,,,0.0,-1,-1,0,195,prompt
6,3747,8,5.421207905604724,-15.858478456735611,18.487855792045593,1.847761783361823,54.90197527041383,,,0.0,-1,-1,0,195,prompt
6,3787,7,13.985023790178957,-8.202900069100517,-2.270357131958008,1.777854575083997,52.8248439785706,,,0.0,-1,-1,0,195,prompt
6,3793,10,-13.551184668209794,5.475990134477615,8.022010087966919,2.5735525235118444,76.46717140447038,,,0.0,-1,-1,0,195,prompt
6,3911,11,-23.43712996551271,24.90849932757291,7.938885168595747,3.3962913354175863,100.91295565652709,,,0.0,-1,-1,0,195,prompt
6,4127,6,-18.81407257470856,41.01450026035309,14.499933083852133,2.8605127961203585,84.99353336963651,,,0.0,-1,-1,0,195,prompt
6,4159,7,45.24764153385065,-9.283687421253749,-2.4922339575631276,2.3008443341976634,68.36427718910998,,,0.0,-1,-1,0,195,prompt
6,4263,6,-7.30158264852897,29.245924552281696,33.26906172434489,2.097980860449919,62.336657438957396,0.3256414532661438,123.24945068359375,123.24945068359375,5,15,1,195,prompt
6,4303,6,0.4589201248795008,17.09861210982005,7.177537600199383,3.0290876651630545,90.0023463966906,,,0.0,-1,-1,0,195,prompt
6,4391,7,3.7929178098079825,6.880617618560791,32.929914065769744,1.5210699131778669,45.195080615816124,,,0.0,-1,-1,0,195,prompt
6,4707,9,2.4133719662661743,12.566078636381361,29.40359041425917,1.8291744424314562,54.349695349219076,,,0.0,-1,-1,0,195,prompt
6,5061,6,33.34659318484742,13.597599546114603,8.934133052825928,2.131296094744128,63.32654270762059,,,0.0,-1,-1,0,195,prompt
6,5407,8,24.63968860483442,-0.38797494769096375,10.492799818515778,2.059668291402342,61.19828790597079,,,0.0,-1,-1,0,195,prompt
6,5451,8,14.377272438793547,17.330704629421234,-9.260542750358582,1.8961713849954358,56.34035481461221,,,0.0,-1,-1,0,195,prompt
6,5547,13,-31.029820741251022,19.976448976076565,23.808377761107224,5.137716546618901,152.65538519563188,,,0.0,-1,-1,0,195,prompt
6,5819,8,31.645465544587054,14.355074971914291,-10.192375779151917,2.5448293568376084,75.61372882294465,,,0.0,-1,-1,0,195,prompt
6,5843,6,1.8070506172305532,-12.84012520313263,24.105462074279785,1.9161121332224047,56.93284810887158,,,0.0,-1,-1,0,195,prompt
6,6155,7,29.566702904002206,-21.136719363076345,6.333655221121652,1.4170834917936785,42.10536418878488,,,0.0,-1,-1,0,195,prompt
6,6205,8,24.844966834914047,-12.914025038480759,-5.487075090408325,2.17093414419653,64.5042958305604,,,0.0,-1,-1,0,195,prompt
7,951,8,20.923026534320588,-19.353717237710953,20.090613782405853,1.9705777184530144,58.551167223567774,,,0.0,-1,-1,0,195,prompt
7,1069,6,18.016718188700736,-0.19860613346099854,11.482418457667032,1.3355801424035356,39.68368033702114,,,0.0,-1,-1,0,195,prompt
7,1115,7,-12.45317671165597,-25.91910563196455,5.714801379612514,1.789306522077179,53.165112143157195,,,0.0,-1,-1,0,195,prompt
7,1123,6,5.222068588232412,-19.717443625132244,4.1031270027160645,1.452457359060739,43.15641698325368,,,0.0,-1,-1,0,195,prompt
7,1213,6,3.107242346188011,-5.7318687836329145,12.289023240407309,1.5184594183863902,45.11751579021158,,,0.0,-1,-1,0,195,prompt
7,1305,6,-38.880518042460686,3.8936058282852173,21.53281895319621,2.0184725246712314,59.974250810560044,,,0.0,-1,-1,0,195,prompt
7,1735,6,29.969224330021788,24.83039951324463,-9.385300318400065,1.5600982636773342,46.35471794204563,,,0.0,-1,-1,0,195,prompt
7,1753,11,25.83035736830582,-33.91506093198603,1.9486363150856711,4.037099201094694,119.95308188453127,,,0.0,-1,-1,0,195,prompt
7,1943,9,1.752312340930665,-1.9275583161248102,17.249138196309406,1.668171248110612,49.56585715500217,,,0.0,-1,-1,0,195,prompt
7,2049,6,-21.509491253963123,-16.257999618848164,-6.888233343760173,1.6266306276531852,48.331573527314056,0.30970335006713867,134.26708984375,172.04364013671875,7,10,2,195,prompt
7,2069,10,1.7957250643375544,-13.260431432724,-1.2655788421630867,3.627878996028761,107.7940483007719,,,0.0,-1,-1,0,195,prompt
7,2075,9,-5.336388139193608,-9.951866891649034,31.26550504896376,2.4872974756549726,73.90430180351431,,,0.0,-1,-1,0,195,prompt
7,2139,7,15.377648643131602,-0.22169995307922363,7.364413806370327,1.4694762185729011,43.66209310042468,,,0.0,-1,-1,0,195,prompt
7,2475,9,-1.148942364388409,-29.19357959429423,23.566470887925888,2.5511041378113726,75.80016945233254,,,0.0,-1,-1,0,195,prompt
7,2593,7,-1.546075419796571,-31.053835494177683,23.501006943838938,2.534545064232285,75.30815481260665,,,0.0,-1,-1,0,195,prompt
7,2799,7,23.703161001689818,11.370043073381696,-15.078928538731166,1.7103534123246367,50.81920277421796,,,0.0,-1,-1,0,195,prompt
7,2807,6,-4.2873467696535785,12.124218344688416,-3.5163396199544272,1.2284244151042754,36.49979530203381,,,0.0,-1,-1,0,195,prompt
7,2815,8,-19.659179616514024,37.54697296023369,39.510148882865906,3.851711877018655,114.44472557284656,0.3902972638607025,93.63507080078125,249.59881591796875,4,13,3,195,prompt
7,2837,9,-0.7031780944641071,-12.5229705174764,17.806467798021103,2.7606474787998962,82.02626603503205,,,0.0,-1,-1,0,195,prompt
7,3379,13,15.992986714806657,-3.1251169534829946,15.240951684805063,2.9196337766960783,86.75017680861124,,,0.0,-1,-1,0,195,prompt
7,3381,9,-18.213796673286687,27.82950822512309,15.868691444396973,3.237797233727184,96.20366935681743,,,0.0,-1,-1,0,195,prompt
7,3419,10,13.134988840278671,-20.088791155815123,-14.734736156463622,3.1790844206864755,94.4591536737662,,,0.0,-1,-1,0,195,prompt
7,3669,7,-4.239074405483441,-14.743050575256348,15.782356943402972,2.1746386386866767,64.61436633137862,,,0.0,-1,-1,0,195,prompt
7,3777,11,-4.8586497026332625,20.723911783911966,25.323095408352938,3.5426459455476147,105.26154499224259,1.0,47.359222412109375,47.359222412109375,5,14,1,195,prompt
7,3923,7,-1.4217928549524572,-8.717560734067645,-3.125485692705427,1.6563841734802192,49.21563144642032,,,0.0,-1,-1,0,195,prompt
7,3945,8,-6.716087116970982,-2.8024263232946396,2.0115164518356323,2.219700528032917,65.95327633417358,,,0.0,-1,-1,0,195,prompt
7,3969,12,9.116615528170296,11.281296839316687,-7.2668678760528564,3.012717250722837,89.51593732769904,,,0.0,-1,-1,0,195,prompt
7,4381,7,-32.49089727572766,-5.803788525717599,13.271135534558978,1.283913822438557,38.148534926734726,,,0.0,-1,-1,0,195,prompt
7,4457,7,-22.33402585549816,36.58445872579302,-16.110948153904506,2.1473399558646675,63.80324899866597,,,0.0,-1,-1,0,195,prompt
7,4473,7,-6.377637488839981,20.257836988994054,28.507791110447474,1.967109959871689,58.44813078370304,,,0.0,-1,-1,0,195,prompt
7,4881,7,-12.970883445154572,-11.96388224193028,10.895778247288295,1.4653607621357434,43.53981181418212,,,0.0,-1,-1,0,195,prompt
7,4883,7,-24.413292132374682,-31.750607456479752,37.06303473881313,2.1757027919991403,64.64598519013566,,,0.0,-1,-1,0,195,prompt
7,5195,7,-4.434526753417903,15.681316546031407,24.976426669529506,2.6379161219852723,78.37958713009155,,,0.0,-1,-1,0,195,prompt
7,5557,6,5.285528129259297,-5.468599796295166,-1.5441335042317708,1.3695712928714863,40.693648894228225,,,0.0,-1,-1,0,195,prompt
7,5607,8,-4.885110703695391,11.552648186683655,-16.008535623550415,3.3125605372235603,98.42508830630153,,,0.0,-1,-1,0,195,prompt
7,5813,9,28.666351570848683,-1.622720559438069,1.913770702150133,2.4666077613374306,73.28955471109045,,,0.0,-1,-1,0,195,prompt
7,6193,8,-20.41022222834158,-3.1800093948841095,16.845890402793884,1.6362782077990836,48.61822909696534,,,0.0,-1,-1,0,195,prompt
7,6269,8,-8.755200190315561,-28.959562867879868,15.322806358337402,3.2264661719943253,95.86699301864081,,,0.0,-1,-1,0,195,prompt
7,6413,6,0.30106377573168075,7.242200414339702,-10.4199005762736,1.351810385619452,40.16592454171068,,,0.0,-1,-1,0,195,prompt
8,133,11,1.3730374491186539,-7.613379240036011,10.511911565607244,3.1646340273180664,94.02979359796859,,,0.0,-1,-1,0,195,prompt
8,405,6,-15.125470224413583,23.675712784131367,12.855657736460367,1.2729092155504522,37.8215584405493,,,0.0,-1,-1,0,195,prompt
8,423,6,15.671203453262535,-35.02859950065613,-2.423166513442993,2.024145503019807,60.14281026438553,,,0.0,-1,-1,0,195,prompt
8,485,6,-9.838950312605252,21.569562633832295,18.341262340545654,1.7627463676752035,52.37593847732752,,,0.0,-1,-1,0,195,prompt
8,825,9,-16.715516538818466,0.4803502294752333,17.797230508592392,2.407890599629218,71.54490981742455,,,0.0,-1,-1,0,195,prompt
8,1121,8,2.0304430279350925,-7.413093626499176,29.759914875030518,2.6600564364422388,79.03743545650514,,,0.0,-1,-1,0,195,prompt
8,1371,15,-24.62521811796899,30.542869822184244,-5.806398487091064,12.165812574666028,361.47903216375386,,,0.0,-1,-1,0,195,prompt
8,1623,8,13.87873601072785,-6.7930265963077545,40.68792927265167,3.5334589682016513,104.98857517134917,,,0.0,-1,-1,0,195,prompt
8,1763,6,-12.699734306608379,-4.900493820508321,1.046985149383545,1.1263048940255198,33.46554950726922,,,0.0,-1,-1,0,195,prompt
8,1895,10,6.929198842079025,25.160178327560423,47.27033996582031,3.507667808130999,104.2222503966166,0.4815531075000763,431.9385986328125,431.9385986328125,4,14,1,195,prompt
8,2005,6,-17.67181193344967,-23.869699954986572,-28.902666409810383,1.7283045958867982,51.35258074798,,,0.0,-1,-1,0,195,prompt
8,2021,6,1.090909196138765,30.072681069374084,29.98513174057007,1.9209400149136229,57.076297466687336,,,0.0,-1,-1,0,195,prompt
8,2203,9,25.491450672959125,-16.528966612286037,-12.26481130388048,3.0139447338733563,89.55240915549707,,,0.0,-1,-1,0,195,prompt
8,2365,7,17.8624642967759,-3.091923645564488,18.927183423723495,1.458973476007386,43.350028353878,,,0.0,-1,-1,0,195,prompt
8,2779,7,14.34536592186521,14.703460557120186,25.28126389639718,1.3686637397722277,40.666683049247155,,,0.0,-1,-1,0,195,prompt
8,2825,7,-19.51286625489123,11.690715857914515,-32.175019127982004,3.316780856355262,98.55048534540488,,,0.0,-1,-1,0,195,prompt
8,3039,6,3.549844576915652,-9.551575223604837,16.607553958892822,2.9307928483197134,87.08174285778395,,,0.0,-1,-1,0,195,prompt
8,3101,6,9.187584034797924,17.177131215731304,12.923468430836996,1.7672087871458855,52.508528969041144,,,0.0,-1,-1,0,195,prompt
8,3317,11,-6.881249421354772,26.787910743193194,26.32406694238836,2.5098954593573897,74.57574871488731,,,0.0,-1,-1,0,195,prompt
8,3477,11,3.1859948384793118,-2.680554498325695,2.3737113259055396,3.60990992387255,107.26013880873896,,,0.0,-1,-1,0,195,prompt
8,3587,7,-39.68088655193576,11.11271265574864,27.486387525285995,2.3193499230532146,68.9141280361512,,,0.0,-1,-1,0,195,prompt
8,3743,10,-24.909010804407345,42.73821771144867,50.14966993331909,3.843410821309293,114.1980788679642,0.4019431471824646,284.8271789550781,397.93267822265625,5,15,2,195,prompt
8,3877,10,0.4677876906285924,2.9790937900543213,-4.294431209564209,3.485608992620391,103.56682362322886,,,0.0,-1,-1,0,195,prompt
8,3927,7,17.139499387000317,-5.0951410702296664,14.415265764508929,1.4468867558667247,42.99089937078166,,,0.0,-1,-1,0,195,prompt
8,3943,13,-4.963609100359412,-11.49216103553772,-4.3661244465754585,4.489954281438061,133.40862504272866,,,0.0,-1,-1,0,195,prompt
8,3983,6,5.07266779830539,-6.928125023841858,7.5270912647247314,1.43947113901012,42.7705614371031,,,0.0,-1,-1,0,195,prompt
8,4117,8,-2.565344555066562,22.194248855113983,-8.863433003425598,1.94826594689758,57.88822444533425,,,0.0,-1,-1,0,195,prompt
8,4287,7,9.181337955935112,-16.453307356153214,5.852103505815778,2.1150564023027956,62.84401774101422,,,0.0,-1,-1,0,195,prompt
8,4465,6,-10.30458228656692,11.542256315549215,-12.918643792470297,1.527230369000627,45.37812433729644,,,0.0,-1,-1,0,195,prompt
8,4875,12,-26.911855916842047,30.680046220620472,24.797436157862347,4.165507868636186,123.76844896991562,0.28977060317993164,123.72943878173828,123.72943878173828,4,13,1,195,prompt
8,4877,8,-9.979434714762737,-1.6662138402462006,14.478832721710205,1.4051255803726492,41.75006245939818,,,0.0,-1,-1,0,195,prompt
8,4895,11,-29.57543240339476,9.87320782921531,39.89654835787687,3.459737827576997,102.79812168544717,,,0.0,-1,-1,0,195,prompt
8,5073,10,-2.5173393160443553,-17.780339908599853,-17.430280208587646,5.199922462941412,154.50369037780655,,,0.0,-1,-1,0,195,prompt
8,5313,6,7.937901445513048,-5.2053312460581465,13.905585130055746,1.2945051385600344,38.46323143199771,,,0.0,-1,-1,0,195,prompt
8,5459,6,15.351041101762362,8.794099768002829,16.502999782562256,1.39656037770665,41.49556723756324,,,0.0,-1,-1,0,195,prompt
8,5485,6,-0.7769402079817519,-7.96734356880188,27.90669314066569,0.8656446879024362,25.720633295984953,,,0.0,-1,-1,0,195,prompt
8,5521,6,10.173333478788335,31.703099528948467,0.22169971466064395,2.4658695346094626,73.26762000829066,,,0.0,-1,-1,0,195,prompt
8,5593,8,-6.723060515472239,27.44923159480095,31.386921286582947,2.270324157654951,67.45744060828838,,,0.0,-1,-1,0,195,prompt
8,5657,7,0.7964900575291846,2.565384932926723,-0.3133855547223762,1.8741773116032772,55.686851703797245,,,0.0,-1,-1,0,195,prompt
8,5999,7,14.157566879100028,-23.7100225516728,2.700619561331613,2.2108180800597252,65.68935490049307,,,0.0,-1,-1,0,195,prompt
8,6033,6,14.751972862695217,-18.082406481107075,15.917889595031738,1.6998815780522387,50.50805639624004,,,0.0,-1,-1,0,195,prompt
8,6233,6,-10.647421011970808,-22.613399902979534,-12.563000043233236,1.9822321101268734,58.897450564435296,,,0.0,-1,-1,0,195,prompt
9,173,6,18.285852914789327,22.61340069770813,-1.7074669202168782,2.152076555891109,63.94398613256444,,,0.0,-1,-1,0,195,prompt
9,391,7,26.410629903507978,-1.995299986430577,24.917042595999582,1.717329770397214,51.02648914729217,,,0.0,-1,-1,0,195,prompt
9,445,9,17.26003439314171,20.257837348514133,1.0483875274658194,2.3546787146339465,69.96384151067174,,,0.0,-1,-1,0,195,prompt
9,511,6,1.878890978927501,-5.468599597613018,0.007767041524251302,1.5930769921383674,47.33460471680246,,,0.0,-1,-1,0,195,prompt
9,1171,7,0.23402049529676688,-10.661394596099854,0.37024824959891184,1.9991018957151687,59.398697294141265,,,0.0,-1,-1,0,195,prompt
9,1305,6,16.425587214820293,-14.632200042406717,-12.415200074513754,1.4127409811404017,41.97633651073434,,,0.0,-1,-1,0,195,prompt
9,1317,7,-0.09490106470903724,-12.609187637056623,7.700923306601388,2.650212279711996,78.7449390675071,,,0.0,-1,-1,0,195,prompt
9,1491,6,-31.634412672547835,-21.906730969746906,-8.122911135355631,2.7091501849872643,80.49614284661413,,,0.0,-1,-1,0,195,prompt
9,1561,8,-2.595931930408945,15.91736713051796,-5.324264287948608,2.459212949369235,73.06983494663653,,,0.0,-1,-1,0,195,prompt
9,1595,7,13.9804624973728,-9.944828850882393,23.475992338997976,2.027542681782711,60.24374958790092,,,0.0,-1,-1,0,195,prompt
9,1663,8,29.278724739793326,-14.521349847316742,8.3312246799469,1.6852022403344675,50.07189376768906,,,0.0,-1,-1,0,195,prompt
9,1833,11,10.89146518785283,6.895373821258545,15.796750913966786,3.2929703876181016,97.8430122406164,,,0.0,-1,-1,0,195,prompt
9,2411,7,27.923445773093526,-22.581728049686976,-26.80401393345424,2.5101724427271956,74.58397863622042,,,0.0,-1,-1,0,195,prompt
9,2595,10,-22.816088713660456,5.065845382213592,-6.108717536926269,4.017785023307553,119.37920568426223,,,0.0,-1,-1,0,195,prompt
9,2655,6,-36.29339316630142,-26.668662508328755,23.746670246124268,1.5221707591909825,45.22778971345675,,,0.0,-1,-1,0,195,prompt
9,2663,6,8.842956410326432,10.539987603823343,20.65063714981079,1.291126046953233,38.362829526566195,,,0.0,-1,-1,0,195,prompt
9,3207,9,-1.3624638837083352,14.028683079613579,-12.757478025224474,1.987667217061981,59.05894221840838,,,0.0,-1,-1,0,195,prompt
9,3317,10,-21.447094731969244,24.461823976039888,16.884343528747557,3.6040215900460346,107.08518056410033,0.3358263373374939,485.8405456542969,485.8405456542969,7,15,1,195,prompt
9,3465,7,-27.84481486967866,8.297914470945086,37.292653628758025,2.702118257128854,80.28720534565373,,,0.0,-1,-1,0,195,prompt
9,3503,8,4.694168134922535,-0.35333430767059326,16.32628059387207,1.8347171177250754,54.51438314861092,,,0.0,-1,-1,0,195,prompt
9,3777,6,14.64288194308134,-6.3553998072942095,-4.795733690261841,1.5207857073502753,45.18663609582516,,,0.0,-1,-1,0,195,prompt
9,3883,8,6.653125773768206,-22.654968589544296,36.81857120990753,1.8283013545264215,54.32375355791094,,,0.0,-1,-1,0,195,prompt
9,3947,8,24.64606416594675,7.437342017889023,30.92620098590851,2.637704814267456,78.37330860912502,,,0.0,-1,-1,0,195,prompt
9,4201,10,-5.483264049801003,22.519177389144897,-0.5726423740386963,3.2449133618513635,96.41510867427314,,,0.0,-1,-1,0,195,prompt
9,4733,7,7.322508342444296,22.60548210144043,35.70116370064871,1.9217671098959637,57.10087268448632,,,0.0,-1,-1,0,195,prompt
9,4911,6,21.14802724960077,9.893362085024515,36.93634923299154,1.486350359437751,44.163469237117965,,,0.0,-1,-1,0,195,prompt
9,4995,7,-6.557300076720469,25.748872177941458,-25.670499392918178,2.1639362987326622,64.2963710092642,,,0.0,-1,-1,0,195,prompt
9,5021,10,-15.454368048535898,3.4973174571990966,35.661575126647946,3.0981786026028915,92.05522408519339,,,0.0,-1,-1,0,195,prompt
9,5039,9,-14.27622620779878,13.649945629967583,17.228565004136826,2.2325396120980567,66.33476007422401,,,0.0,-1,-1,0,195,prompt
9,5127,12,-11.433414616562294,-26.403084754943848,39.28960339228312,3.4419618206505174,102.26994868096565,,,0.0,-1,-1,0,195,prompt
9,5179,7,-14.093367158448753,24.220725331987655,7.600689206804548,2.211426860852985,65.70744341620846,,,0.0,-1,-1,0,195,prompt
9,5343,6,6.605262181173505,-8.286037564277649,20.271899223327637,1.0968791647455323,32.591231899993865,,,0.0,-1,-1,0,195,prompt
9,5457,10,10.715317103731746,3.827096176147461,18.17864065170288,2.1463959609653256,63.77520036973246,,,0.0,-1,-1,0,195,prompt
9,5469,8,22.043846620035257,-25.273799777030945,-11.86677497625351,2.8302072609642055,84.09307436205137,,,0.0,-1,-1,0,195,prompt
9,5709,8,-25.544423659766057,-33.78153747320175,18.70152485370636,2.425356384808409,72.06386529892698,,,0.0,-1,-1,0,195,prompt
9,5753,11,-1.536253642428707,-22.691499233245853,24.554703105579723,2.6188970036777484,77.81447794102448,,,0.0,-1,-1,0,195,prompt
9,6085,8,15.829689224946426,2.2170000076293945,-13.141550540924072,2.4360979164303256,72.3830251109672,,,0.0,-1,-1,0,195,prompt
9,6155,8,-35.62268384466698,25.29804891347885,-7.013622760772705,2.5043152982552233,74.4099471112419,0.4279073178768158,80.2372055053711,80.2372055053711,7,14,1,195,prompt
0,354,9,16.87357370479566,-32.63916638162401,11.728055265214708,2.3371062344400966,69.44171583314672,,,0.0,-1,-1,0,195,delayed
0,960,6,8.497930227595655,-4.230775594711303,7.34087069829305,1.6933153458962724,50.312955967877045,,,0.0,-1,-1,0,195,delayed
0,1110,8,9.258945586580829,-23.164185762405396,24.37219500541687,2.3775961206078335,70.6447793173576,,,0.0,-1,-1,0,195,delayed
0,1120,12,-20.86106436107229,-11.76857457558314,-8.82716671625773,3.64152889625808,108.19962357112422,,,0.0,-1,-1,0,195,delayed
0,1372,7,11.702096740698323,-8.89967141832624,-4.7473858424595425,2.3324754283027587,69.30412212040542,,,0.0,-1,-1,0,195,delayed
0,1508,7,8.29287198946249,-12.130157538822719,16.359099796840123,2.0981752742723607,62.34243399682758,,,0.0,-1,-1,0,195,delayed
0,1570,7,-1.4917455891027334,-8.206858566829137,16.60977281842913,2.560597461285305,76.08224164112497,,,0.0,-1,-1,0,195,delayed
0,1582,8,-9.55437924138916,0.7447737753391266,38.56099557876587,2.241502720347494,66.60107814178427,,,0.0,-1,-1,0,195,delayed
0,1756,6,11.981255951088214,-13.154199997584024,11.76563294728597,1.408813672682821,41.85964560730789,,,0.0,-1,-1,0,195,delayed
0,1884,8,18.979700609905265,10.031924933195114,-9.317225337028503,2.852605105731958,84.75857460706261,,,0.0,-1,-1,0,195,delayed
0,2490,6,-5.0833108148530854,-2.946762482325236,12.79876216252645,1.8875188174763813,56.08326374787718,,,0.0,-1,-1,0,195,delayed
0,2660,6,-26.52715507046243,24.70569348335266,22.485751787821453,1.5529672736214213,46.14283703660176,,,0.0,-1,-1,0,195,delayed
0,2678,11,7.603490675846405,18.76388190009377,-11.244118430397727,2.787118572085679,82.81279345541884,,,0.0,-1,-1,0,195,delayed
0,2708,8,7.1989579389095955,-20.340975299477577,11.168137848377228,2.3183865410086018,68.88550336295711,,,0.0,-1,-1,0,195,delayed
0,2726,7,-29.633247332671488,21.999766043254308,-15.415437698364258,2.1104849554291887,62.708187751745726,,,0.0,-1,-1,0,195,delayed
0,2874,6,-24.687702106778758,2.63268780708313,-1.9782962799072266,1.2181589294384894,36.19478009648261,,,0.0,-1,-1,0,195,delayed
0,3184,10,27.968603121569505,27.504655408859254,-11.310353899002076,2.9201373979276783,86.76514075074488,,,0.0,-1,-1,0,195,delayed
0,3504,6,-25.64025208779748,-13.83315634727478,11.696352322896322,1.634841483707218,48.575540157691734,,,0.0,-1,-1,0,195,delayed
0,3696,7,20.59879556412125,-18.274413926260813,20.102985654558456,1.355834425221075,40.28548958774898,,,0.0,-1,-1,0,195,delayed
0,3746,7,18.653062560930994,11.199809074401855,6.878726005554199,1.965343097998864,58.39563256249208,,,0.0,-1,-1,0,195,delayed
0,3754,8,9.104723089481276,13.67611888051033,17.33889067173004,1.6907968528296136,50.23812476111141,,,0.0,-1,-1,0,195,delayed
0,3884,6,-0.820902614980854,-23.426299850145977,-9.311400413513184,1.7861180641012095,53.07037447592991,,,0.0,-1,-1,0,195,delayed
0,3988,7,-7.255686354024838,0.4117285864693783,-10.258214405604772,1.7552153616697908,52.15217202150318,,,0.0,-1,-1,0,195,delayed
0,4082,6,9.846932575016027,-6.558625300725301,16.827783187230427,1.174223085440602,34.88932793139449,,,0.0,-1,-1,0,195,delayed
0,4086,9,15.113081360024308,-14.776920583513048,0.6441733572218146,1.8729264604611369,55.64968555008029,,,0.0,-1,-1,0,195,delayed
0,4120,34,44.27626759152493,-33.1677864299101,35.6216349882238,6.937607365708148,206.13498528742178,,,0.0,-1,-1,0,195,delayed
0,4144,6,6.434102061341065,14.248843431472778,24.9891144434611,1.6022220529175542,47.606329083691286,,,0.0,-1,-1,0,195,delayed
0,4376,6,23.51557994572396,-27.860300103823345,-39.25643348693848,1.5632900566473362,46.44955470092076,,,0.0,-1,-1,0,195,delayed
0,4738,7,-9.031865485674537,12.625023467200142,8.066405023847308,1.7778078448618004,52.823455497909016,,,0.0,-1,-1,0,195,delayed
0,5134,8,5.83997776347576,-19.963391602039337,2.7863638401031494,1.4826104715655737,44.05234710366912,,,0.0,-1,-1,0,195,delayed
0,5154,8,36.746751224675265,-36.96847566962242,2.599150002002716,2.3049813978758253,68.48720048463204,,,0.0,-1,-1,0,195,delayed
0,5328,11,5.756025172851334,-15.236836433410645,3.5930617939342153,2.3789625568788995,70.68537981631704,,,0.0,-1,-1,0,195,delayed
0,5354,7,28.250022625081332,1.6785855974469874,-8.998014722551618,1.5561919608383101,46.23865117207671,,,0.0,-1,-1,0,195,delayed
0,5504,11,-5.207901604476127,-39.85309444774281,26.53408501364968,2.9794030266151825,88.52608207439695,,,0.0,-1,-1,0,195,delayed
0,5762,6,-4.136555638918238,9.015799880027773,-19.50960048039754,2.1465293454004133,63.779163580262384,,,0.0,-1,-1,0,195,delayed
0,6008,6,22.849918114682982,-12.636899789174398,23.00619951883952,1.2965729624513753,38.524672044726174,,,0.0,-1,-1,0,195,delayed
0,6024,7,25.43798561008671,3.70555693762643,4.887385777064732,1.9075244534577498,56.67768503194533,,,0.0,-1,-1,0,195,delayed
0,6084,6,-8.35337764913245,7.579369028409322,-16.381235758463543,2.230586081168556,66.27671541297643,,,0.0,-1,-1,0,195,delayed
1,162,8,3.046929756617531,1.7562796473503113,5.62799859046936,2.266616785970418,67.34728461828186,,,0.0,-1,-1,0,195,delayed
1,578,8,0.933569729452735,-26.48275748640299,25.688538312911987,1.7198101978404492,51.1001893219439,,,0.0,-1,-1,0,195,delayed
1,780,6,-0.03280090471240449,21.71736176808675,9.068283081054688,1.0807137341928976,32.11091345395392,,,0.0,-1,-1,0,195,delayed
1,990,7,15.066391806602821,19.287900481905258,-17.29592936379569,1.7149961912316585,50.95715223016761,,,0.0,-1,-1,0,195,delayed
1,1374,14,-26.978542888681755,-29.113961134638107,11.010587351662773,3.446789678196887,102.41339732137301,,,0.0,-1,-1,0,195,delayed
1,1392,6,2.0895638525545093,-28.197469075520832,21.348068873087566,1.7263903558773477,51.29570352570664,,,0.0,-1,-1,0,195,delayed
1,1626,6,-6.08514471114476,0.7297628149390221,25.797396024068195,1.68543014761609,50.07866550636894,,,0.0,-1,-1,0,195,delayed
1,1838,9,-17.71450178941722,-17.23409612973531,-31.32498984866672,3.2521994708092077,96.63159857974857,,,0.0,-1,-1,0,195,delayed
1,1964,11,20.739560061500278,8.726918307217685,30.129954251376066,2.9965739553062707,89.03627657612165,,,0.0,-1,-1,0,195,delayed
1,2040,9,21.014899741227516,-16.62749973932902,47.66416698031955,2.832176294953672,84.15157966093228,0.4748935401439667,139.1981658935547,139.1981658935547,1,9,1,195,delayed
1,2198,6,-2.039881379022273,1.256300052007039,-7.545567035675049,1.157564622227593,34.39436015816794,,,0.0,-1,-1,0,195,delayed
1,2322,6,-11.105867840040275,-7.172918518384297,19.725210110346477,1.6620593870826466,49.38425731565325,,,0.0,-1,-1,0,195,delayed
1,2572,8,-0.31395769092476655,-7.683290421962738,4.535715758800507,2.214421912654007,65.7964344654844,,,0.0,-1,-1,0,195,delayed
1,2598,8,14.566586144051634,5.376225173473358,-11.023750126361847,2.5004494372109036,74.29508197583039,,,0.0,-1,-1,0,195,delayed
1,2774,8,-8.926728886537358,1.7458872199058542,26.012902975082397,2.0209426884981347,60.04764602554916,,,0.0,-1,-1,0,195,delayed
1,2838,8,-11.082683574357421,-14.77422645688057,1.7435259222984314,4.27176115944094,126.92552018801882,,,0.0,-1,-1,0,195,delayed
1,2852,6,-15.393214609693855,-3.565675417582192,12.975745876630148,1.8911844936207287,56.192180851173966,,,0.0,-1,-1,0,195,delayed
1,3016,6,26.645025369005655,-11.676200071970621,-9.894833246866861,1.9649252604047531,58.38321748308872,,,0.0,-1,-1,0,195,delayed
1,3320,6,19.043769285553324,-14.262699802716574,-1.987533410390218,1.3331899723897764,39.612661953499455,,,0.0,-1,-1,0,195,delayed
1,3364,6,10.223887807389891,-7.528562585512797,17.438928683598835,1.457311604697404,43.300649684839165,,,0.0,-1,-1,0,195,delayed
1,3458,7,16.80880565855407,-5.0317981243133545,14.026029995509557,1.2557307557077797,37.31114016804327,,,0.0,-1,-1,0,195,delayed
1,3602,9,27.5890518267273,8.963454167048136,18.218095779418945,2.488381850580222,73.93652150080757,,,0.0,-1,-1,0,195,delayed
1,3644,6,11.403872303375744,-4.360100030899048,-32.671566327412926,2.602681474892228,77.33267094166138,,,0.0,-1,-1,0,195,delayed
1,3738,7,7.290579292801207,-10.190282395907811,5.869200161525181,2.4582271477255633,73.04054412681889,,,0.0,-1,-1,0,195,delayed
1,3890,6,15.1737623571375,-1.0115063587824515,3.967505931854248,1.6458748928581928,48.903372436619506,,,0.0,-1,-1,0,195,delayed
1,3898,6,8.296111471448732,2.1431003014246612,19.894633134206135,1.77041460047863,52.60378231062486,,,0.0,-1,-1,0,195,delayed
1,3906,9,-14.311968635130622,-6.075195736355252,27.204084820217556,2.893563488911744,85.97555839831811,,,0.0,-1,-1,0,195,delayed
1,3912,8,9.851718516190394,5.002106288447976,-22.820140302181244,1.8923483348549868,56.226761706367164,,,0.0,-1,-1,0,195,delayed
1,3940,7,-14.601545623355024,-11.63133192062378,2.0778070177350725,1.640134675259258,48.73281512371194,,,0.0,-1,-1,0,195,delayed
1,4316,8,-0.20649606707381718,5.216878116130829,31.2979599237442,2.6723747329881933,79.4034451978199,,,0.0,-1,-1,0,195,delayed
1,4846,6,2.642128857965338,3.8705126444498696,-5.402466456095378,1.9206525370369318,57.06775572531189,,,0.0,-1,-1,0,195,delayed
1,5312,6,10.919615050455612,0.614293654759725,14.430651664733887,1.2562358634149413,37.32614827736623,,,0.0,-1,-1,0,195,delayed
1,5558,6,-11.730347945698796,-11.897899786631266,-12.489100615183512,1.6220470269500902,48.195382415063136,,,0.0,-1,-1,0,195,delayed
1,5588,7,-0.07621147713669986,-1.9042442440986633,22.90320941380092,2.575845707769257,76.53530808016345,,,0.0,-1,-1,0,195,delayed
1,5948,7,9.247032285276646,-21.952258859361923,20.233629771641322,1.1730394098520875,34.85415774415824,,,0.0,-1,-1,0,195,delayed
1,6118,6,9.204699045468358,27.26909911632538,15.911799907684326,1.637635529757235,48.65855878515966,,,0.0,-1,-1,0,195,delayed
1,6128,6,11.317856315924866,7.616318702697753,21.163318634033203,1.2279533822079036,36.48579964704137,,,0.0,-1,-1,0,195,delayed
1,6258,6,-40.24461305963328,-14.941656470298767,-20.002336025238037,2.224101346916345,66.08403650666074,,,0.0,-1,-1,0,195,delayed
2,150,6,-10.22436110419992,-12.780080874760946,39.45356845855713,2.0091349859729415,59.69680740669912,,,0.0,-1,-1,0,195,delayed
2,388,6,-6.756925166978163,-10.90024987856547,28.705737749735516,1.3102843915267601,38.932075502681236,,,0.0,-1,-1,0,195,delayed
2,420,13,15.001555740852732,21.32157114835886,24.508359395540676,3.951725778673923,117.41640774790747,,,0.0,-1,-1,0,195,delayed
2,430,6,34.41263854975558,13.228100021680197,-9.820933818817139,1.68893397290231,50.182773585098616,,,0.0,-1,-1,0,195,delayed
2,434,6,10.991455412152552,0.060043772061665855,2.929964224497477,1.0366703101448937,30.802264796057976,,,0.0,-1,-1,0,195,delayed
2,1160,7,14.916958069709935,1.6785856996263777,20.293014390128,1.726081638294632,51.28653069550503,,,0.0,-1,-1,0,195,delayed
2,1256,15,-25.608124681644593,0.1274773915608723,8.85351406733195,4.507183743635114,133.9205587324406,,,0.0,-1,-1,0,195,delayed
2,1302,6,-4.779187726725198,-17.36649974187215,1.3379662831624348,1.648984262976529,48.995760190755696,,,0.0,-1,-1,0,195,delayed
2,1748,6,51.50261718228825,-6.503199815750122,33.86950008074442,1.3340881000916185,39.639347744557696,,,0.0,-1,-1,0,195,delayed
2,1792,8,9.256741047893456,-26.167527735233307,26.70350933074951,1.6470889729137572,48.939446022396154,,,0.0,-1,-1,0,195,delayed
2,1990,6,1.765350406109092,-13.380518674850464,8.841964562733969,1.2379208614166177,36.78196027875958,,,0.0,-1,-1,0,195,delayed
2,2454,8,12.8183807304829,10.617351472377777,4.6915979385375985,1.6809442884581984,49.94537855846757,,,0.0,-1,-1,0,195,delayed
2,2610,9,-0.8686762619657683,-17.71136662695143,18.52293321821425,2.3783740741982915,70.6678944121547,,,0.0,-1,-1,0,195,delayed
2,2838,6,-11.757827342137352,23.828130920728047,0.9084226290384928,1.209320710570634,35.932172828550776,,,0.0,-1,-1,0,195,delayed
2,3202,6,-9.503695291352855,18.516568422317505,12.0935640335083,1.2945363230156348,38.46415800609705,,,0.0,-1,-1,0,195,delayed
2,3228,6,2.2700218370552996,-9.35296861330668,9.46087678273519,0.9816278131141547,29.166804079197966,,,0.0,-1,-1,0,195,delayed
2,3476,6,-10.685468686406315,-32.21578176816305,0.25550206502278705,1.8261238019898083,54.259052611830285,,,0.0,-1,-1,0,195,delayed
2,3580,6,32.24193647083578,-15.445099830627441,32.97493235270182,2.521862958238407,74.93133531351198,,,0.0,-1,-1,0,195,delayed
2,3780,6,29.904449186737327,-16.1102002064387,26.848999818166096,2.0889949895937967,62.06966303309388,,,0.0,-1,-1,0,195,delayed
2,3810,7,2.011327286024389,10.439694677080427,27.47055217197963,2.296245246616234,68.22762592002555,,,0.0,-1,-1,0,195,delayed
2,3816,7,2.7011714254640427,-3.7293107169015065,22.73963192531041,1.1550378779913377,34.319283786948084,,,0.0,-1,-1,0,195,delayed
2,3836,6,26.621597067512344,-12.096506555875143,6.394026915232339,1.4266739277364884,42.39032185037623,,,0.0,-1,-1,0,195,delayed
2,4042,8,21.302837890134217,-10.478788912296295,4.968723297119141,2.113034802299702,62.78395056440309,,,0.0,-1,-1,0,195,delayed
2,4120,6,10.709415473638627,-20.54419978459676,12.3568328221639,1.2505011808437991,37.1557554250302,,,0.0,-1,-1,0,195,delayed
2,4216,6,14.014943966767321,-0.1801309585571289,36.469855626424156,1.3308769173271655,39.543934862707744,,,0.0,-1,-1,0,195,delayed
2,4266,7,35.48225525723767,-13.016957555498395,7.547785350254604,1.543656622166231,45.86619252509213,,,0.0,-1,-1,0,195,delayed
2,4500,13,3.784471899625463,-6.034929848634279,11.849368168757511,4.148380604313585,123.25955185408803,,,0.0,-1,-1,0,195,delayed
2,4516,7,23.78257794281751,-5.352471317563738,11.10164247240339,1.4070070493179734,41.805965965163026,,,0.0,-1,-1,0,195,delayed
2,4986,6,16.269001279001078,-13.745399634043375,18.202699661254883,1.2307398752218763,36.56859385348176,,,0.0,-1,-1,0,195,delayed
2,5094,8,6.312627892619501,-20.704702019691467,7.969704508781433,2.4780456662257437,73.62940564695137,,,0.0,-1,-1,0,195,delayed
2,5154,6,-28.491190181771486,-0.36488155523935956,2.8482977946599326,1.1071055867682789,32.89508641958249,,,0.0,-1,-1,0,195,delayed
2,5416,8,11.132516660511687,9.314864188432693,6.790820479393005,3.333574589740179,99.04947235947719,,,0.0,-1,-1,0,195,delayed
2,5460,6,23.658388814048532,-17.897656242052715,-3.8027024269104004,1.5343673416496242,45.59018300168117,,,0.0,-1,-1,0,195,delayed
2,5512,7,4.060436681698264,0.5463318484170097,24.022324562072754,1.141659289627087,33.921769922259976,,,0.0,-1,-1,0,195,delayed
2,5518,9,16.061817963354276,-23.69110812081231,13.380724562538994,1.8417266834844852,54.722656211429275,,,0.0,-1,-1,0,195,delayed
2,5848,6,-13.210997659157039,-10.419899622599283,-31.792532920837402,2.522381897109389,74.94675438393442,,,0.0,-1,-1,0,195,delayed
2,6056,9,-14.378793169886478,10.139695829815334,25.011717584398056,3.2312106242475376,96.00796346332855,,,0.0,-1,-1,0,195,delayed
2,6298,11,23.827277001524973,-2.3857940327037466,19.281657565723766,3.2615101508697415,96.90824394119996,,,0.0,-1,-1,0,195,delayed
3,188,8,-3.3395901172146623,-15.390829503536224,12.365754544734955,3.2609079193590547,96.89035002229518,,,0.0,-1,-1,0,195,delayed
3,438,10,-13.76510930081847,2.9486098766326903,15.423012351989746,3.4229379998810527,101.70469976909908,,,0.0,-1,-1,0,195,delayed
3,464,11,-27.182705206418902,-7.860272342508489,8.723997289484197,3.1185585956481217,92.66076852509663,,,0.0,-1,-1,0,195,delayed
3,752,9,11.243843559877352,-12.347458574506971,3.64734156926473,2.3136037313831896,68.74339321751418,,,0.0,-1,-1,0,195,delayed
3,1122,10,23.533730082632722,2.2419410943984985,34.372943592071536,2.5654831982881943,76.22741003595037,,,0.0,-1,-1,0,195,delayed
3,1318,6,34.46493658849577,-15.59290107091268,13.531466722488403,2.032934504572168,60.40395515342066,,,0.0,-1,-1,0,195,delayed
3,1350,6,-12.85890625801378,-4.281581203142801,20.52740176518758,0.7856796241043565,23.344656048987453,,,0.0,-1,-1,0,195,delayed
3,1680,7,-0.608793809746613,-7.213167701448713,20.253424916948592,7.47049904151882,221.9686310910149,,,0.0,-1,-1,0,195,delayed
3,1798,6,-12.052299196266576,15.634468595186869,13.25748864809672,1.0209610908661007,30.33550161471724,,,0.0,-1,-1,0,195,delayed
3,1808,9,-25.175837626064467,6.11214616563585,11.968368106418186,3.6379742747034807,108.09400619855835,,,0.0,-1,-1,0,195,delayed
3,1994,6,1.6110266661675101,-1.422574917475383,33.158212860425316,1.767630245295563,52.52105162489401,,,0.0,-1,-1,0,195,delayed
3,2064,7,13.969400886722516,-17.29655865260533,18.882197788783483,2.298783653280722,68.30304881337409,,,0.0,-1,-1,0,195,delayed
3,2098,6,-6.663400213926546,-17.772949775060017,27.83888339996338,0.9884959988524041,29.37087636110648,,,0.0,-1,-1,0,195,delayed
3,2316,8,-26.93533288484298,8.556234411895275,34.02653765678406,2.646635856289296,78.63867390276691,,,0.0,-1,-1,0,195,delayed
3,2360,9,13.048997338137449,8.96345427301195,10.831037415398491,3.223360147450882,95.7747046705383,,,0.0,-1,-1,0,195,delayed
3,2460,565,-36.45425580273189,26.90157831453644,-40.49317682148081,302.3401930945779,8983.34079316775,,,0.0,-1,-1,0,195,delayed
3,2600,9,-30.337856279597062,-14.955512629614937,-11.360654142167833,2.7816861939832322,82.65138288240796,,,0.0,-1,-1,0,195,delayed
3,2778,6,-25.83714789392985,-10.91872505346934,29.038286526997883,2.1634045804936646,64.28057222942626,,,0.0,-1,-1,0,195,delayed
3,2988,7,16.319213986237525,8.278119734355382,10.590940747942243,1.3045553489361932,38.761850229346386,,,0.0,-1,-1,0,195,delayed
3,3366,6,-21.030037023577837,33.85543672243754,0.8653831481933594,1.8146658970932457,53.91860742190038,,,0.0,-1,-1,0,195,delayed
3,3836,6,10.569267359450988,-19.172431111335754,24.544243971506756,1.22869313192814,36.507779602040124,,,0.0,-1,-1,0,195,delayed
3,3876,8,-20.170100464716448,-22.990982621908188,11.640507817268372,2.587456992332924,76.88031059277756,,,0.0,-1,-1,0,195,delayed
3,4048,6,4.999158465020557,14.549062689145407,40.963900089263916,2.1892962348390137,65.04988295950976,,,0.0,-1,-1,0,195,delayed
3,4108,6,16.930258645766504,13.21424408753713,15.363639036814371,1.180730935892861,35.082693682223805,,,0.0,-1,-1,0,195,delayed
3,4116,7,-35.22995360582381,21.2911182812282,25.488388878958567,2.521498773125184,74.92051439370509,,,0.0,-1,-1,0,195,delayed
3,4202,7,7.206195375887339,9.86169069153922,9.982526642935616,2.165868563540276,64.35378379679923,,,0.0,-1,-1,0,195,delayed
3,4220,13,22.45819601645538,-3.649522909751305,25.65096671764667,2.992030322070637,88.90127300488922,,,0.0,-1,-1,0,195,delayed
3,4338,6,-3.872269124293464,5.8519560893376665,-10.49841864903768,1.5818546719913207,47.00115938378511,,,0.0,-1,-1,0,195,delayed
3,4380,7,-4.584643733040999,7.989117997033255,19.472078459603445,2.2504909066437047,66.8681413456041,,,0.0,-1,-1,0,195,delayed
3,4410,6,-3.8611528109357387,11.611536939938864,-5.396170457204184,1.862980933674996,55.354177183915,,,0.0,-1,-1,0,195,delayed
3,4422,6,-0.4766735487686482,-8.9280437429746,-3.7735184033711753,1.5778913407523363,46.88339814657882,,,0.0,-1,-1,0,195,delayed
3,4522,6,-30.649933641886022,-4.119924704233806,16.171921014785767,1.8059069951727567,53.65835687393216,,,0.0,-1,-1,0,195,delayed
3,4798,9,-11.70588788582988,12.38748738500807,-15.670506901211208,3.1020411541874937,92.1699908876503,,,0.0,-1,-1,0,195,delayed
3,4860,8,-5.659035184932696,-27.65361115336418,29.79109239578247,2.764846669825631,82.15103530124729,,,0.0,-1,-1,0,195,delayed
3,5360,7,-6.891124550897534,14.968709230422974,-21.71013409750802,2.065068744651872,61.35874990568553,,,0.0,-1,-1,0,195,delayed
3,5526,7,-22.61767610880752,24.173217671258108,17.165460790906632,1.8788665438880812,55.82618141461589,,,0.0,-1,-1,0,195,delayed
3,5566,9,-9.617471443724803,5.9951375590430365,-1.294720596737331,3.165494734510072,94.0553675249737,,,0.0,-1,-1,0,195,delayed
3,5682,6,-0.29581700600857036,-19.8051997423172,-7.234433809916179,1.6439675649853758,48.84670059252744,,,0.0,-1,-1,0,195,delayed
3,5946,10,-24.408586042853276,11.944087553024293,-8.260090351104736,2.260174288487412,67.15586068004662,,,0.0,-1,-1,0,195,delayed
3,6386,7,14.792714238233515,9.798348392759051,19.940669877188547,1.4955306005131892,44.436238905285435,,,0.0,-1,-1,0,195,delayed
4,126,11,-13.104011255062595,-13.097935264760798,33.58817612041127,4.618064586903379,137.21512698787944,,,0.0,-1,-1,0,195,delayed
4,476,6,12.895165033381685,-0.14779996871948242,19.089499473571777,1.0176823641228523,30.23808181948327,,,0.0,-1,-1,0,195,delayed
4,620,7,-3.6757547439232874,-12.54980366570609,22.653796604701448,1.8312111338911103,54.41021093361865,,,0.0,-1,-1,0,195,delayed
4,798,6,-0.9521514227594352,-8.392268816630045,17.996327082316082,1.5774231237635539,46.869486159779015,,,0.0,-1,-1,0,195,delayed
4,1228,10,-10.258253423924478,-20.911852335929872,10.505932140350343,3.534275546719187,105.01283791667694,,,0.0,-1,-1,0,195,delayed
4,1242,7,40.518328198212934,1.2351856912885388,7.301071303231376,2.1543686969945575,64.01209181334593,,,0.0,-1,-1,0,195,delayed
4,1292,6,-41.042320814971426,-29.55076281229655,38.091038386027016,3.148669819100658,93.55545400903671,,,0.0,-1,-1,0,195,delayed
4,1548,6,30.67872864058215,-21.87440037727356,-10.493799845377602,1.7755149076929555,52.75532616388226,,,0.0,-1,-1,0,195,delayed
4,1586,6,-0.8833703734587056,5.861193537712097,28.83044370015462,0.8628896363695934,25.638773300564093,,,0.0,-1,-1,0,195,delayed
4,1646,13,-0.07096766392062512,-21.607223235643826,-3.4359155068030725,4.034430935378749,119.87380052928796,,,0.0,-1,-1,0,195,delayed
4,1654,7,-17.15552797343678,-16.944214480263845,-16.035728454589844,2.443467648450164,72.6019996826604,,,0.0,-1,-1,0,195,delayed
4,1732,9,5.487164206952629,-14.037920872370401,-2.040859831704034,2.175191304469702,64.63078751912354,,,0.0,-1,-1,0,195,delayed
4,1826,6,-23.52626815120063,17.408069252967834,15.389881292978922,2.4646342847292297,73.23091741005099,,,0.0,-1,-1,0,195,delayed
4,1894,8,24.30815968778967,-14.299650102853775,15.758174538612366,2.0113259217164394,59.76190600387313,,,0.0,-1,-1,0,195,delayed
4,1950,6,16.978152220231127,-13.449800153573355,5.9275332291920995,1.1192470156543142,33.25584094673578,,,0.0,-1,-1,0,195,delayed
4,2024,6,2.093021723210009,-5.0252000490824384,15.091132799784342,0.9617401253860478,28.575887355155928,,,0.0,-1,-1,0,195,delayed
4,2498,6,-36.20824903391986,15.528237501780191,8.415361245473227,2.0207430598984457,60.04171452261296,,,0.0,-1,-1,0,195,delayed
4,2730,7,-8.610390317452906,-5.289128814424787,-16.41578551701137,2.5172044179979256,74.79291754592842,,,0.0,-1,-1,0,195,delayed
4,2736,6,1.4421287422127052,11.098855853080751,37.624543031056724,1.9771756304909227,58.74720894647999,,,0.0,-1,-1,0,195,delayed
4,2776,9,4.811412607827123,32.611453983518814,12.80268488989936,4.296330143891359,127.65553083596171,,,0.0,-1,-1,0,195,delayed
4,3004,7,-13.494343192152181,2.9098125525883267,-9.47038745880127,1.8149925623646328,53.92831352623314,0.6362802982330322,92.0522232055664,177.71435546875,7,7,2,195,delayed
4,3416,20,-17.980447701893816,10.259167623519897,20.400301027297974,7.5494782634232305,224.315316322259,,,0.0,-1,-1,0,195,delayed
4,3508,8,18.303502789286853,-0.16627512872219086,17.91974937915802,2.7608201686106097,82.03139711405026,,,0.0,-1,-1,0,195,delayed
4,3916,6,-14.09436803261575,12.844743967056274,-16.142531633377075,1.9362313118204435,57.53064304964629,,,0.0,-1,-1,0,195,delayed
4,4160,6,-27.239763882347987,24.75649893283844,-18.416633129119873,1.9733846149423602,58.634567672171215,,,0.0,-1,-1,0,195,delayed
4,4184,6,-13.86300235018309,17.569724520047505,14.872374852498373,2.167855945833214,64.41283427315513,,,0.0,-1,-1,0,195,delayed
4,4350,6,25.501772945197732,20.69200090567271,27.73579994837443,1.367979539915255,40.646353630181466,,,0.0,-1,-1,0,195,delayed
4,4520,6,-10.343223185292175,-47.44379969437917,-6.946600755055745,1.6658330437840496,49.49638281189689,,,0.0,-1,-1,0,195,delayed
4,4750,7,6.551308236838979,-12.415200318608965,-8.261654036385673,3.0899684999573993,91.81127984061102,,,0.0,-1,-1,0,195,delayed
4,4778,9,9.98854884396219,-1.4933961497412787,6.574648698170981,2.3508592347542017,69.85035448448046,,,0.0,-1,-1,0,195,delayed
4,4796,7,43.40259859376091,34.36349974359785,-47.58712836674282,2.315454682412995,68.7983899538793,,,0.0,-1,-1,0,195,delayed
4,4974,6,-4.755240939492883,-7.759500026702881,-3.908933639526367,1.4529338351260543,43.17057436944406,,,0.0,-1,-1,0,195,delayed
4,5954,8,3.972128359355244,-35.059776812791824,-4.74230170249939,2.2954537582396672,68.20410867030844,,,0.0,-1,-1,0,195,delayed
4,6080,8,17.740099398025478,-2.3278503715991974,-4.372750163078308,2.2836428259767176,67.85317408725777,,,0.0,-1,-1,0,195,delayed
4,6178,9,-9.803488653755927,2.309375168548688,-29.85720814598931,3.2658936410681143,97.03848923181923,,,0.0,-1,-1,0,195,delayed
4,6196,6,-36.27031823413842,-18.100880940755207,13.165114720662432,1.4971476234770893,44.48428500926656,,,0.0,-1,-1,0,195,delayed
4,6226,7,11.033867344596604,11.512564046042305,11.783838544573102,1.9512820382789196,57.97784063716301,,,0.0,-1,-1,0,195,delayed
5,20,10,-3.926199766658983,5.143439865112304,-4.290777683258057,2.708458049027339,80.47557762457213,,,0.0,-1,-1,0,195,delayed
5,124,9,4.603528127987729,-1.514949745602078,17.15158568488227,2.8606028032726205,84.996207724357,,,0.0,-1,-1,0,195,delayed
5,172,7,2.169439192181869,11.282946382250104,18.829471043178014,2.371334709611114,70.45873594596891,,,0.0,-1,-1,0,195,delayed
5,380,9,42.02238031838135,-33.03330013487074,-3.254188961452908,1.7051602724359174,50.66490061237353,,,0.0,-1,-1,0,195,delayed
5,398,6,-19.485927769092708,-10.729355891545614,19.030927340189617,1.2038649984658247,35.770068939533346,,,0.0,-1,-1,0,195,delayed
5,400,7,17.04714587179929,-27.07907165799822,-3.543870653424944,2.1245709667954675,63.12672105763715,,,0.0,-1,-1,0,195,delayed
5,446,9,-29.328889200816636,51.94862045182122,5.385109583536784,3.1200471819375006,92.7049984298296,,,0.0,-1,-1,0,195,delayed
5,450,6,-12.281995907111344,37.39340019226074,-4.286199569702148,3.1721829237505177,94.25409162652683,,,0.0,-1,-1,0,195,delayed
5,670,6,17.08771643665504,-15.99934987227122,24.17306613922119,1.528858288796076,45.42649421546835,,,0.0,-1,-1,0,195,delayed
5,910,6,16.549770804186398,-3.2931687434514365,11.426993370056152,1.1470352528421333,34.08150425714276,,,0.0,-1,-1,0,195,delayed
5,1044,7,11.878048135100402,13.967099700655256,-10.72158602305821,2.586553191051936,76.85345622441417,,,0.0,-1,-1,0,195,delayed
5,1230,10,-9.697826646200493,-23.968541193008424,-7.646761226654054,3.3236256251196967,98.75386184600174,,,0.0,-1,-1,0,195,delayed
5,1442,6,15.874811108477061,3.1777002414067588,-14.927799701690674,1.8599685306397813,55.26467058277565,,,0.0,-1,-1,0,195,delayed
5,1604,7,-7.906012200267044,-14.180881602423531,11.068710667746407,1.8088692723997752,53.74637410241167,0.5083503723144531,64.19804382324219,64.19804382324219,4,0,1,195,delayed
5,1690,8,10.135387750467245,7.1567531526088715,21.881533980369568,1.9749618484930818,58.681431525605724,,,0.0,-1,-1,0,195,delayed
5,1736,9,-12.793830646498957,23.663396570417618,34.29134602016873,3.0841089351052693,91.63717639962432,,,0.0,-1,-1,0,195,delayed
5,1738,6,9.975047331847657,-22.66420630613963,7.447101910909017,1.4855256306199898,44.13896432443644,,,0.0,-1,-1,0,195,delayed
5,1840,8,-16.530278751014457,-12.581474751234055,-10.536575436592102,3.117259041049575,92.62215526061934,,,0.0,-1,-1,0,195,delayed
5,1906,7,-0.6452841521958561,-17.205503634044103,25.305017607552664,1.5918088364332001,47.296924397948025,,,0.0,-1,-1,0,195,delayed
5,1952,7,2.062590432602326,7.9732823712485175,5.9471171242850165,1.2336329300608777,36.65455429852236,,,0.0,-1,-1,0,195,delayed
5,2232,6,6.0771624487339855,-1.1731624205907185,10.527807712554932,1.0907937005014787,32.41041638013385,,,0.0,-1,-1,0,195,delayed
5,2570,7,0.4099718896988444,27.142414263316564,-11.278357233319964,2.6313178972916345,78.18353611733619,,,0.0,-1,-1,0,195,delayed
5,2612,7,2.8984987368215576,23.088471344539098,-2.847099849155971,1.881403027691227,55.901547174579136,,,0.0,-1,-1,0,195,delayed
5,2618,11,34.72660342982813,-5.864972916516391,8.636736523021352,4.056554084864183,120.53113883820303,,,0.0,-1,-1,0,195,delayed
5,2788,8,15.083347689539298,-25.71719992160797,-13.85625046491623,2.0728525154092616,61.59002668253026,,,0.0,-1,-1,0,195,delayed
5,3086,13,-25.25950555770081,-5.591529717812173,6.563355005704439,4.9282108295264395,146.4304065201376,,,0.0,-1,-1,0,195,delayed
5,3132,7,15.072550503081846,-3.452185562678746,-10.19487190246582,2.277554895616871,67.67228529246077,,,0.0,-1,-1,0,195,delayed
5,3348,7,13.189078195504889,2.6643587180546353,24.06713376726423,1.317985285190655,39.16088977803983,,,0.0,-1,-1,0,195,delayed
5,3362,7,14.215774759869811,27.265141316822596,35.6813691002982,2.065267444925689,61.36465382556176,,,0.0,-1,-1,0,195,delayed
5,3426,6,10.543178303820747,0.5126812855402628,11.280664285024008,1.4191805165553646,42.167672437956526,,,0.0,-1,-1,0,195,delayed
5,3610,6,13.696171956075462,-2.8682432572046914,21.940739631652832,1.5139368839716625,44.98313912172932,,,0.0,-1,-1,0,195,delayed
5,3886,7,-40.66279495931963,-12.438953433718,-2.84836060660226,1.7290048489624328,51.37338715137447,,,0.0,-1,-1,0,195,delayed
5,3946,6,3.746740383048015,-16.650593519210815,13.37757682800293,1.073942317684094,31.909716446277084,,,0.0,-1,-1,0,195,delayed
5,4520,8,-3.150011384958841,-7.1948578506708145,5.0310763120651245,1.4648181659395103,43.52368982096003,,,0.0,-1,-1,0,195,delayed
5,5170,6,13.476599776039393,-5.380843599637349,-2.0660524368286133,1.4971094152468127,44.48314973991924,,,0.0,-1,-1,0,195,delayed
5,5294,6,3.2012857849786336,-2.4895063638687125,19.474326928456623,1.022285479378069,30.37485276159517,,,0.0,-1,-1,0,195,delayed
5,5702,7,13.542920009347013,9.196590900421143,11.216451644897461,1.3579122210786123,40.34722649442962,,,0.0,-1,-1,0,195,delayed
5,5822,9,-10.165005559218233,10.518433199988472,-21.443944507175022,3.107378541593045,92.32857903141797,,,0.0,-1,-1,0,195,delayed
6,26,7,13.74361689281784,-0.2850428649357387,6.540956497192383,4.377984433581945,130.08169953026137,,,0.0,-1,-1,0,195,delayed
6,348,7,0.21948651755056353,-7.898062399455479,13.653891018458776,2.054661591555648,61.04952537952138,,,0.0,-1,-1,0,195,delayed
6,364,7,0.8819629001532873,-0.11084989139011928,37.54602500370571,2.077654949479881,61.7327199230535,,,0.0,-1,-1,0,195,delayed
6,524,6,-43.29117654641106,4.900493741035461,-30.486897309621174,7.239434761913002,215.10308950495946,,,0.0,-1,-1,0,195,delayed
6,898,7,5.483218415853554,10.530750104359218,13.073189054216657,1.0414737372940062,30.944987543615834,,,0.0,-1,-1,0,195,delayed
6,1076,7,-19.89373420420518,-1.9636282580239433,0.9363751752035958,2.6404764051279637,78.45566003248135,,,0.0,-1,-1,0,195,delayed
6,1182,8,-7.669522556840859,-25.44007498025894,41.49505639076233,2.003011946296202,59.51487541961121,,,0.0,-1,-1,0,195,delayed
6,1250,6,11.490406776565626,25.218374848365784,17.49141271909078,2.904737094045931,86.30755627720184,,,0.0,-1,-1,0,195,delayed
6,1258,7,-8.618662803737475,17.542012895856583,-9.610387529645648,1.7614517424354015,52.33747167736439,,,0.0,-1,-1,0,195,delayed
6,1298,7,-9.17370997901306,7.498210736683437,13.904564312526158,1.4291386301857507,42.463554793138016,,,0.0,-1,-1,0,195,delayed
6,1324,6,21.00514364272546,3.9166999657948813,8.661832809448242,1.3705439337397787,40.722548671991156,,,0.0,-1,-1,0,195,delayed
6,1416,6,19.98654810509367,23.44015649954478,4.354010105133057,1.5641183762376754,46.474166305119034,,,0.0,-1,-1,0,195,delayed
6,1580,7,-19.981590488214977,-25.47174647876195,22.55878244127546,2.0474620649601825,60.83560806904222,,,0.0,-1,-1,0,195,delayed
6,1644,6,-3.987080110440475,-16.55359971523285,-37.482834021250405,1.2601071994195643,37.44117608858255,,,0.0,-1,-1,0,195,delayed
6,1802,6,16.52403511788648,-5.362368623415629,4.788172324498494,1.4627787072051663,43.46309201338211,,,0.0,-1,-1,0,195,delayed
6,1920,15,-27.14659670910988,13.728772942225138,16.71974573135376,3.8629385530403564,114.77830033062241,,,0.0,-1,-1,0,195,delayed
6,2214,11,-20.221245918111848,3.8142477599057285,16.893456372347746,3.999821225057456,118.84545289417308,,,0.0,-1,-1,0,195,delayed
6,2322,7,-10.537130845073412,-2.680194616317749,-4.189177104404995,2.437154720899999,72.4144256158278,,,0.0,-1,-1,0,195,delayed
6,2462,7,-27.39181633479397,-19.066199649657523,6.209667342049735,2.8159325136634856,83.6689332036226,,,0.0,-1,-1,0,195,delayed
6,2816,7,8.823173675669324,-3.578871420451573,19.778353418622697,2.4566928489699915,72.99495598169415,,,0.0,-1,-1,0,195,delayed
6,2876,7,-15.790954120051273,17.862686497824534,-0.37007113865443636,2.395022378386776,71.1625603334227,,,0.0,-1,-1,0,195,delayed
6,3036,7,13.561165180571637,-11.18397297177996,15.193737166268486,1.7530722795119325,52.08849528314186,,,0.0,-1,-1,0,195,delayed
6,3268,6,-10.609697157243842,22.59954325358073,4.955918391545612,1.2718583163243238,37.7903333963666,,,0.0,-1,-1,0,195,delayed
6,3338,8,2.7710967852286075,7.038974851369858,13.477718472480774,1.632129821686732,48.494969381452606,,,0.0,-1,-1,0,195,delayed
6,3340,8,-1.3180261077737394,-7.139433175325394,1.657079666852951,3.012016126850275,89.49510505058434,,,0.0,-1,-1,0,195,delayed
6,3690,6,0.34982920526562467,-2.115387399991353,44.75127490361532,1.6513817886071316,49.066997129449184,,,0.0,-1,-1,0,195,delayed
6,3746,6,-11.91215108207893,2.766631841659546,1.8691229820251465,1.4469278987470915,42.99212183648086,,,0.0,-1,-1,0,195,delayed
6,3748,6,36.33902454488842,-5.690300305684407,1.7735997041066487,1.6633957933600751,49.42396554268515,,,0.0,-1,-1,0,195,delayed
6,3772,6,-18.474766458510917,-7.620937744776408,1.5626080830891926,1.7527538546518437,52.07903402360532,,,0.0,-1,-1,0,195,delayed
6,3784,7,2.351890904428074,-15.22999804360526,6.981658526829311,1.7162088618144944,50.99318393671632,,,0.0,-1,-1,0,195,delayed
6,3788,9,10.990420578377492,-1.8875291347503662,5.197142812940809,2.7914952177559478,82.9428353766882,,,0.0,-1,-1,0,195,delayed
6,3912,11,-14.61403669716003,-13.564008998599919,13.347058946436102,2.8378073736510316,84.31889416336003,,,0.0,-1,-1,0,195,delayed
6,4094,8,-18.623537122629482,-15.002854883670807,-9.2536141872406,2.786455245973583,82.79308425148875,,,0.0,-1,-1,0,195,delayed
6,4126,9,31.750441170923498,12.670771227942573,-24.219254387749565,2.3736325526697803,70.52701104718498,,,0.0,-1,-1,0,195,delayed
6,4264,6,-22.102246202207393,-37.89222399393717,60.7229118347168,1.580786797997623,46.96942997357551,,,0.0,-1,-1,0,195,delayed
6,4304,6,23.327064960261662,3.768899838129679,3.70276610056559,1.6501777483461546,49.03122185298879,,,0.0,-1,-1,0,195,delayed
6,4314,6,-28.645115363453783,9.223643700281778,25.229289690653484,1.7096321948023134,50.79777346069296,,,0.0,-1,-1,0,195,delayed
6,4664,7,-23.088578193551733,-4.327109268733433,28.75324433190482,1.1987666048849404,35.61858194547545,,,0.0,-1,-1,0,195,delayed
6,4992,6,10.552430979560125,1.381006121635437,12.66628917058309,1.6705557890674687,49.63670828409438,,,0.0,-1,-1,0,195,delayed
6,5028,8,-42.37862621977876,8.885320156812668,22.219754099845886,2.812546441283259,83.56832388062597,,,0.0,-1,-1,0,195,delayed
6,5056,9,-10.338310085151535,24.205329656600952,9.101526896158854,2.5171575855574346,74.79152602808625,,,0.0,-1,-1,0,195,delayed
6,5062,6,-10.72371102687228,-3.59800628821055,0.6157643795013428,2.18605249495278,64.95350271795415,,,0.0,-1,-1,0,195,delayed
6,5184,8,11.970265349338435,23.275035202503204,12.657839179039001,2.681970139776098,79.68855055659654,,,0.0,-1,-1,0,195,delayed
7,34,12,-24.00857459519889,10.948747237523397,-5.230734507242839,3.944985120285102,117.21612464675142,,,0.0,-1,-1,0,195,delayed
7,380,6,20.272165841742808,0.39259382088979083,14.595455964406332,1.1331820768081706,33.66988911557969,,,0.0,-1,-1,0,195,delayed
7,466,8,-17.45577627244664,8.739830434322357,-3.34392362833023,2.28773850456086,67.97486772026119,,,0.0,-1,-1,0,195,delayed
7,738,6,16.284168687304046,-9.791750113169352,19.12162494659424,2.575911678032271,76.5372682342164,,,0.0,-1,-1,0,195,delayed
7,780,6,25.885440026653768,-33.333518743515015,16.4244810740153,1.9338594825513575,57.460169619007374,,,0.0,-1,-1,0,195,delayed
7,946,6,4.4642269560191545,-14.840043723583221,5.065298239390054,1.627679434218067,48.362736392899365,,,0.0,-1,-1,0,195,delayed
7,952,6,19.889889101095097,6.627906044324239,7.62261438369751,1.1094204972454467,32.96386863973398,,,0.0,-1,-1,0,195,delayed
7,1070,8,-21.537062902561058,-5.0194268226623535,-5.393545627593994,2.728794678235614,81.0798336081789,,,0.0,-1,-1,0,195,delayed
7,1214,7,20.97054092782289,-10.483242920466832,22.383327892848424,2.220733616637939,65.98397217687138,,,0.0,-1,-1,0,195,delayed
7,1282,7,36.65678815482261,-3.388843263898577,31.124643053327286,1.9216200444382932,57.09650297395714,,,0.0,-1,-1,0,195,delayed
7,1306,7,-22.273981744673016,-15.020174605505806,1.0101573126656669,2.6176607336221895,77.77774503063037,,,0.0,-1,-1,0,195,delayed
7,1334,8,-2.2201117058007007,0.8313750326633453,1.55772465467453,2.5604857324494694,76.07892187672824,,,0.0,-1,-1,0,195,delayed
7,1434,6,-13.478463413657742,-9.417630910873413,19.779163996378582,1.384088022644577,41.1249800031331,,,0.0,-1,-1,0,195,delayed
7,1548,8,25.820798414630854,-23.99902531504631,10.99162495136261,2.50066747614873,74.30156049945845,,,0.0,-1,-1,0,195,delayed
7,1582,6,4.386313158458761,24.460899392763775,-10.649366855621338,2.153445752371339,63.98466864476643,,,0.0,-1,-1,0,195,delayed
7,1736,8,-0.8012306705893444,-21.615749657154083,5.271199703216553,2.8513284212836334,84.72064087629647,,,0.0,-1,-1,0,195,delayed
7,1794,9,-16.283597300465082,-25.7202791372935,32.44384585486518,3.5727457020211175,106.15588976137569,,,0.0,-1,-1,0,195,delayed
7,2070,7,-18.98460638870498,34.09033397265843,-14.51280130658831,1.7811261176980993,52.92205031399374,,,0.0,-1,-1,0,195,delayed
7,2476,11,14.083869946344159,-19.703587770462036,25.339928713711824,4.275563420022038,127.03849558250678,,,0.0,-1,-1,0,195,delayed
7,2638,8,7.538503010061849,-10.475324720144272,-13.246575474739075,2.2317857348468433,66.31236035225996,,,0.0,-1,-1,0,195,delayed
7,2816,8,-0.17396918004179973,12.086114168167114,21.95427918434143,2.0669686871968107,61.41520231181099,,,0.0,-1,-1,0,195,delayed
7,3034,8,4.545154606022562,-6.540149986743927,-4.311500191688538,2.990259194260508,88.8486480312005,,,0.0,-1,-1,0,195,delayed
7,3576,6,13.34888357746705,22.405556122461956,28.932055473327637,2.402657317784541,71.38941493003881,,,0.0,-1,-1,0,195,delayed
7,3720,7,21.010845258733156,-7.696157251085554,12.881899629320417,1.5181085089908621,45.10708932770493,,,0.0,-1,-1,0,195,delayed
7,3846,6,4.383532476842123,-6.142937620480855,5.216245810190837,1.3722939431545047,40.77454616131874,,,0.0,-1,-1,0,195,delayed
7,3890,6,5.886858564204078,20.96450702349345,-6.11060627301534,1.333149974863208,39.61147351934398,,,0.0,-1,-1,0,195,delayed
7,3924,8,-20.841918289825227,-16.149459213018417,24.709312558174133,2.096451322567198,62.291210752177506,,,0.0,-1,-1,0,195,delayed
7,3934,7,14.167817123790263,-9.996294668742589,-9.669594900948661,2.4407775388841584,72.52206928784574,,,0.0,-1,-1,0,195,delayed
7,3946,8,-17.17805984328114,23.832749992609024,-0.33837515115737915,2.4610379592285745,73.12406090101439,,,0.0,-1,-1,0,195,delayed
7,4278,8,1.5966614552389675,6.585182815790176,10.522873282432556,2.524779551385194,75.0179951450231,,,0.0,-1,-1,0,195,delayed
7,4382,6,8.52453776896489,2.632687489191691,12.125895659128824,1.2706657766223755,37.75489983246517,,,0.0,-1,-1,0,195,delayed
7,4902,6,4.196881128998168,-1.8474998474121105,-25.8883003393809,1.6739747179150717,49.73829386115989,,,0.0,-1,-1,0,195,delayed
7,5100,13,-6.707242477054427,16.572075000176063,10.508509397506714,3.9867836252551565,118.45807071732715,,,0.0,-1,-1,0,195,delayed
7,5558,9,-3.785178327240953,4.695729308658176,-10.506607585483128,2.494180409824736,74.10881230101403,,,0.0,-1,-1,0,195,delayed
7,5610,8,3.0552109377227694,25.308439999818802,34.34523105621338,1.6054588667569063,47.702503533754715,,,0.0,-1,-1,0,195,delayed
7,5716,7,22.988571373181422,10.756409440721784,27.114247458321707,2.013530830377454,59.827419774030396,,,0.0,-1,-1,0,195,delayed
7,5814,6,17.032239158038923,15.075600643952688,-22.768966515858967,1.8537864959158934,55.080985694069795,,,0.0,-1,-1,0,195,delayed
7,6054,8,25.010564888240822,19.540777176618576,21.413885831832886,2.793579962754939,83.00477876106294,,,0.0,-1,-1,0,195,delayed
7,6270,6,6.658477263911981,-10.512274622917175,22.193299611409504,1.369262802517867,40.68448281561459,,,0.0,-1,-1,0,195,delayed
8,44,10,0.8274406556670673,-3.633108973503113,27.86050615310669,1.6771830117951902,49.833620906481734,,,0.0,-1,-1,0,195,delayed
8,424,6,-10.86826360533548,1.9491124947865803,15.1835085550944,1.62822883420853,48.379060545158374,,,0.0,-1,-1,0,195,delayed
8,486,9,24.58205399484406,8.104366699854532,-12.516322559780544,2.161024213084432,64.20984510766581,,,0.0,-1,-1,0,195,delayed
8,490,8,10.526873581202565,17.59050938487053,16.028371572494507,2.9148568616456356,86.6082418068541,,,0.0,-1,-1,0,195,delayed
8,568,8,-9.607216757055625,-5.92354691028595,17.96935081481934,2.18290312300952,64.85992640194678,,,0.0,-1,-1,0,195,delayed
8,826,8,16.055543110658242,-27.650146961212158,17.336684346199036,1.9005126650189177,56.4693459273397,,,0.0,-1,-1,0,195,delayed
8,1122,7,26.182565263200225,23.468528372900828,13.945414543151855,1.9322482876209184,57.41229668158474,,,0.0,-1,-1,0,195,delayed
8,1142,7,4.426087410535803,2.0348892211914062,9.003410407475062,2.2100535165896034,65.6666376622066,,,0.0,-1,-1,0,195,delayed
8,1614,6,-0.049283915272948065,2.56802499294281,2.888395627339681,1.8252260432354763,54.23237778319547,,,0.0,-1,-1,0,195,delayed
8,1624,8,1.3580273654373833,-4.669556170701981,34.81051766872406,2.2747010213907344,67.58748900887105,,,0.0,-1,-1,0,195,delayed
8,1896,7,2.032600407997215,7.656568152563913,-0.5680180958339146,1.4951586642356185,44.42518767752587,,,0.0,-1,-1,0,195,delayed
8,2006,8,24.762849726509174,8.369174778461456,3.8855754137039185,1.9705175470347602,58.54937936879843,,,0.0,-1,-1,0,195,delayed
8,2016,8,20.806595946365686,-4.596810549497604,7.899320006370544,2.3154728778025304,68.79893058786973,,,0.0,-1,-1,0,195,delayed
8,2022,10,-2.292266629417984,4.528223252296447,25.652702426910402,3.285625472791423,97.62477505451986,,,0.0,-1,-1,0,195,delayed
8,2366,6,-30.649933641886022,-26.9180748462677,0.009236971537272135,0.7376822467887343,21.918524798652456,,,0.0,-1,-1,0,195,delayed
8,2770,7,-28.40095097066447,18.44068959781102,5.0299072265625,1.5236014514638798,45.270299431156,,,0.0,-1,-1,0,195,delayed
8,2784,6,7.026653117356498,-30.66849998633067,-44.355534394582115,2.2891613130015696,68.01714318808922,,,0.0,-1,-1,0,195,delayed
8,3318,6,-0.6727722383824369,-17.27412474155426,6.962132930755615,1.1681439654688048,34.7087009169369,,,0.0,-1,-1,0,195,delayed
8,3344,8,36.37027710876503,11.472975045442581,12.771049857139587,3.2160561777024563,95.55768407290782,,,0.0,-1,-1,0,195,delayed
8,3392,6,5.155151176550028,-8.456931749979654,17.12800208727519,1.245252341892733,36.99979829414642,,,0.0,-1,-1,0,195,delayed
8,3478,7,-8.385695249258461,12.902148246765137,-5.8360907690865655,2.416623701809821,71.80439378568867,,,0.0,-1,-1,0,195,delayed
8,3648,6,-2.4102446897936862,6.844987392425537,22.941537539164226,1.0600680704881433,31.497475223784747,,,0.0,-1,-1,0,195,delayed
8,3842,9,5.826813842606663,8.055100017123753,9.619944360521105,1.8144133621807157,53.911103930028496,,,0.0,-1,-1,0,195,delayed
8,3944,6,-1.0891202970711558,-12.7846999168396,-8.580166657765707,1.9250696106059306,57.19899886825186,,,0.0,-1,-1,0,195,delayed
8,3984,6,17.52892832657436,-1.1870190699895222,10.92040236790975,1.8347242055949422,54.5145937482995,,,0.0,-1,-1,0,195,delayed
8,4156,7,3.7320235996550983,13.143642902374268,-18.506099973406112,2.886520085685674,85.7662799333021,,,0.0,-1,-1,0,195,delayed
8,4208,8,6.198880653266009,-2.106150209903717,22.21408450603485,2.4383105958841638,72.44876977229197,,,0.0,-1,-1,0,195,delayed
8,4238,9,-20.204887709924765,2.728141837649875,-5.731800079345703,2.8618048983638817,85.03192520459032,,,0.0,-1,-1,0,195,delayed
8,4276,9,9.73901919180423,-6.112145688798693,-3.8987156550089517,2.3491737024849564,69.80027278466567,,,0.0,-1,-1,0,195,delayed
8,4288,7,10.285068020042035,-2.7554145199911937,-0.24338626861572266,1.88818253529547,56.1029845904762,,,0.0,-1,-1,0,195,delayed
8,4466,9,3.2843753127863966,-3.082245964143011,10.953223652309841,3.236322965274683,96.15986487355016,,,0.0,-1,-1,0,195,delayed
8,4876,6,2.7635317657148093,-0.7066687345504761,19.70379368464152,1.3595631470841882,40.39627994901861,,,0.0,-1,-1,0,195,delayed
8,5518,6,-28.515136969003805,-29.753987948099773,5.838099479675293,2.1311958062753096,63.32356286731618,,,0.0,-1,-1,0,195,delayed
8,5522,6,2.246075049822986,-16.876912474632263,14.90491227308909,1.0579943979176347,31.43586083105829,,,0.0,-1,-1,0,195,delayed
8,5656,7,6.813924194558,-10.934560571398054,13.040256874901909,1.6047404090523718,47.68115622184342,,,0.0,-1,-1,0,195,delayed
8,5658,9,-6.257590307282128,18.025441620084976,17.77777491675483,2.736552778852686,81.31034765607143,,,0.0,-1,-1,0,195,delayed
8,6034,6,-7.000917431056577,2.5449309746424356,-0.5233896573384603,1.2188355599907001,36.21488461113334,,,0.0,-1,-1,0,195,delayed
9,30,6,-15.780887597166156,-3.510249773661295,11.414608001708984,1.0782072719099733,32.036439714150205,,,0.0,-1,-1,0,195,delayed
9,446,6,10.728514049407124,29.707800189654034,-37.926233768463135,2.5636716965401973,76.17358544391348,,,0.0,-1,-1,0,195,delayed
9,448,7,18.217053414963154,2.7554142645427158,-12.981957026890345,2.346469197138869,69.71991465248293,,,0.0,-1,-1,0,195,delayed
9,770,6,-9.205292269758099,15.237256248792013,28.507131099700928,1.357366713349104,40.33101799171843,,,0.0,-1,-1,0,195,delayed
9,1228,6,21.297428039527794,-6.452393730481465,8.076722939809164,1.0725292564862576,31.867730595266544,,,0.0,-1,-1,0,195,delayed
9,1318,9,15.992904061300452,-13.326633426878187,6.417610910203722,2.639519429094092,78.42722569910619,,,0.0,-1,-1,0,195,delayed
9,1394,9,-21.410249309777825,2.7065874205695257,-11.035243405236137,3.4776519356769526,103.33039804744973,,,0.0,-1,-1,0,195,delayed
9,1472,8,19.22879133763435,0.10738587379455566,-4.160339832305908,2.046761197175048,60.81478340097419,,,0.0,-1,-1,0,195,delayed
9,1492,7,18.413594688607848,-10.0398428440094,6.527642726898193,1.4125518606332372,41.97071723150638,,,0.0,-1,-1,0,195,delayed
9,1514,7,24.74422468720342,-7.949528762272426,9.948157106127056,2.992454497614707,88.91387640184251,,,0.0,-1,-1,0,195,delayed
9,1524,7,-4.998871279073372,14.394664355686732,29.596496309552872,2.1589638705864944,64.14862678726925,,,0.0,-1,-1,0,195,delayed
9,1534,6,2.6980046948407463,9.149743517239889,7.956635634104411,1.519608085453555,45.151645780063774,,,0.0,-1,-1,0,195,delayed
9,1562,13,-11.518028459719854,-32.74338406782884,21.17501141474797,3.447864565853739,102.44533512639003,,,0.0,-1,-1,0,195,delayed
9,1694,9,-36.6660565110741,26.33611313501994,50.44465361701118,2.9532434309747764,87.74881008735512,,,0.0,-1,-1,0,195,delayed
9,1720,8,15.263901403778108,-16.960050016641617,1.3360248804092407,2.798145123000481,83.14042195769308,,,0.0,-1,-1,0,195,delayed
9,1806,6,31.33859566653926,-5.985899806022644,-4.581800619761149,1.1403966069236864,33.884252221016936,,,0.0,-1,-1,0,195,delayed
9,1828,11,-1.9354321779562156,1.556938648223877,10.667306639931418,3.8610576535155223,114.72241374387275,,,0.0,-1,-1,0,195,delayed
9,2022,7,-9.50246468242133,-19.287900073187693,-8.807985714503697,2.9837784429556313,88.656087468969,,,0.0,-1,-1,0,195,delayed
9,2056,6,-2.8572513847968857,19.329468687375385,13.155876954396566,2.3802705104972373,70.7242426382757,,,0.0,-1,-1,0,195,delayed
9,2598,10,-2.5753618318008824,6.387731051445007,1.9963059425354004,2.807340313826029,83.41363582316902,,,0.0,-1,-1,0,195,delayed
9,2600,6,15.529311628936256,-22.98289978504181,-14.410500049591064,1.9109226786779234,56.77865544852242,,,0.0,-1,-1,0,195,delayed
9,2622,6,12.917442849026108,18.655130942662556,-4.070589145024617,1.2716072389435567,37.78287321168588,,,0.0,-1,-1,0,195,delayed
9,2664,8,2.4175827548575057,12.747750252485275,-10.807875275611877,2.365705391958598,70.2914737689228,,,0.0,-1,-1,0,195,delayed
9,3118,6,12.925425111436878,-8.914187550544739,-3.55014169216156,2.0301434397661056,60.32102510673372,,,0.0,-1,-1,0,195,delayed
9,3160,8,-8.567971996269952,11.37944546341896,7.878535628318787,1.7238956012408848,51.221577651586855,,,0.0,-1,-1,0,195,delayed
9,3208,7,-0.17353196812390642,-6.421382052557809,10.683256694248744,1.4841949095299272,44.09942501962112,,,0.0,-1,-1,0,195,delayed
9,3466,7,-15.712220421653795,-6.100708961486816,-27.655183383396693,2.1622656397660105,64.24673123529641,,,0.0,-1,-1,0,195,delayed
9,3504,7,9.49824501098028,-2.446617705481394,1.7294212068830201,1.7337700986636726,51.51497554421309,,,0.0,-1,-1,0,195,delayed
9,3778,6,20.213629250730488,-22.387081066767376,-10.14739322662354,1.5486100150681639,46.013371158753316,,,0.0,-1,-1,0,195,delayed
9,3798,8,12.512405301968906,-4.042560756206513,17.665770053863525,1.5564888073079133,46.24747127956026,,,0.0,-1,-1,0,195,delayed
9,3936,10,-0.15888300021826646,12.86137101650238,0.9487735748291015,4.171331665127648,123.94148963664725,,,0.0,-1,-1,0,195,delayed
9,4000,6,-14.445587578689691,-3.768900364637375,6.03061572710673,2.1261549035104137,63.17378408012029,,,0.0,-1,-1,0,195,delayed
9,4104,6,6.538743327750411,-17.809900283813473,19.061787128448486,1.8020148034172774,53.54270938223101,,,0.0,-1,-1,0,195,delayed
9,4144,10,14.715165706168017,8.468940091133117,-19.43024024963379,4.287729644678745,127.399986858737,,,0.0,-1,-1,0,195,delayed
9,4256,11,-21.667211983484467,4.554927132346413,-4.448827310041948,3.5715864262182375,106.12144455743523,,,0.0,-1,-1,0,195,delayed
9,4308,11,4.924070336300756,39.64399136196483,3.525954419916326,4.332477106036916,128.72955435981947,,,0.0,-1,-1,0,195,delayed
9,4464,7,-14.75519903168896,-13.397013936723981,2.7270712171282088,2.261431294969511,67.19320972547897,,,0.0,-1,-1,0,195,delayed
9,4470,7,18.33530540655808,7.189414330891202,5.7108428137643,2.2680582159231033,67.39011338134479,,,0.0,-1,-1,0,195,delayed
9,4912,6,-19.159053568510366,14.7984752257665,-6.179887771606445,2.289515306561711,68.0276612894266,,,0.0,-1,-1,0,195,delayed
9,5022,6,9.077102774375726,-3.468681295712789,4.0754144589106245,1.3208393102228249,39.24569054248265,,,0.0,-1,-1,0,195,delayed
9,5128,6,-18.89790110483255,6.429299990336101,25.66659951210022,1.0592765042307217,31.473955660017836,,,0.0,-1,-1,0,195,delayed
9,5180,7,4.631345586812783,6.025489466530936,11.211231776646205,1.3887852108501557,41.264546105768886,,,0.0,-1,-1,0,195,delayed
9,5318,7,-8.901907374066809,22.130410603114537,23.5789247240339,1.996736599880498,59.328417989421574,,,0.0,-1,-1,0,195,delayed
9,5470,7,-15.55564185755426,12.557720831462316,19.945889472961426,1.8263032471657419,54.264384410929175,,,0.0,-1,-1,0,195,delayed
