file_id,light_id,n_charge_hits,charge_x,charge_y,charge_z,charge_E,charge_Q,fprompt,integral,integral_total,tpc,det,n_valid_sumhits,period,window
0,187,9,-4.68925349708217,8.35993766784668,11.79271772172716,3.202445911384661,95.15328643272944,,,0.0,-1,-1,0,80,prompt
0,639,6,-34.0906872991878,11.727005958557129,-8.429219086964926,0.8760147620429688,26.028756106588833,,,0.0,-1,-1,0,80,prompt
0,851,11,-23.07796086452246,-28.97467769276012,-8.993565385991877,3.3288730803773197,98.90977786362951,,,0.0,-1,-1,0,80,prompt
0,1151,6,-16.91297851868738,-5.92585563659668,-1.8059320449829113,1.6804683977740247,49.931238565526264,,,0.0,-1,-1,0,80,prompt
0,1213,12,-35.33679209033746,27.137465794881184,-1.7474621136983235,3.8265113571049807,113.69595030670547,,,0.0,-1,-1,0,80,prompt
0,1285,6,-42.43210632951497,-26.636330604553223,2.3324673970540366,0.7673625363364447,22.800406076553106,,,0.0,-1,-1,0,80,prompt
0,1375,10,-31.775041838709534,-34.906664562225345,5.280237197875977,2.77185488643405,82.35926827715888,,,0.0,-1,-1,0,80,prompt
0,1671,9,-34.99158536685603,40.69118785858154,11.93337885538737,3.716967189455593,110.44109828115782,,,0.0,-1,-1,0,80,prompt
0,1869,8,8.04707332005406,30.428324222564697,-14.483399510383606,3.5136803588281897,104.40089945877475,,,0.0,-1,-1,0,80,prompt
0,1875,6,-17.52674086924747,-14.396643002827963,-17.545161565144856,0.6398850831667213,19.012707876233204,,,0.0,-1,-1,0,80,prompt
0,2259,7,15.866962755697958,38.338263920375276,-6.906440189906529,2.2875492088348786,67.96924323481063,,,0.0,-1,-1,0,80,prompt
0,2329,12,-21.89363624532837,31.061094045639038,43.879066149393715,2.5268742522151406,75.08023434392857,0.31415507197380066,576.1414184570312,686.89892578125,4,14,2,80,prompt
0,2605,8,-12.918513983225065,12.456768870353699,15.095280647277832,2.0430061805311714,60.70321175100369,,,0.0,-1,-1,0,80,prompt
0,2725,6,14.891722418623571,8.129000027974447,-7.545567512512207,1.6446533131539431,48.86707601609742,,,0.0,-1,-1,0,80,prompt
0,2973,6,-5.371145558450888,-34.580580393473305,-14.53520647684733,0.6570344714150844,19.52226235343498,,,0.0,-1,-1,0,80,prompt
0,3029,6,-25.70271984627534,-5.182237625122069,19.212528864542644,1.7410068313410036,51.72999834751329,,,0.0,-1,-1,0,80,prompt
0,3215,7,27.845562174023787,-20.99815695626395,-9.694785799298968,1.9456427712134803,57.81028283628314,,,0.0,-1,-1,0,80,prompt
0,3603,6,-13.947627996825647,-18.622798919677734,-13.53146775563558,0.4281606037531252,12.721803801056586,,,0.0,-1,-1,0,80,prompt
0,3899,7,-15.974494758007708,-19.521475655691965,-10.609298978533063,0.9101468159127726,27.04291128306347,,,0.0,-1,-1,0,80,prompt
0,4025,7,5.3851506205212205,-9.141165358679634,-16.84730965750558,1.5433091900624427,45.85586938228115,,,0.0,-1,-1,0,80,prompt
0,4233,7,-23.25962667378254,-20.376605442592076,12.40539060320173,1.9782026891467033,58.77772562315804,,,0.0,-1,-1,0,80,prompt
0,4621,14,-19.16241337984626,14.390705926077706,-9.557484422411237,4.41173952324644,131.08465408571217,0.2957359552383423,414.88323974609375,414.88323974609375,4,7,1,80,prompt
0,4783,8,19.541198381173736,25.613278329372406,-19.015496373176575,4.109359322925773,122.10012457019015,,,0.0,-1,-1,0,80,prompt
0,5683,6,-38.98694820793764,-27.952674229939777,16.88320763905843,1.3919715378341133,41.3592204554886,,,0.0,-1,-1,0,80,prompt
0,5831,9,3.0629115068822728,-22.6380328602261,-20.90201187133789,2.6858051790949524,79.80249989559724,,,0.0,-1,-1,0,80,prompt
0,5887,6,-1.5121802048420439,-27.13515631357829,-5.066768964131673,1.6755209268956817,49.78423589112324,,,0.0,-1,-1,0,80,prompt
0,6281,6,-15.134249603342928,22.096100489298504,-7.848933696746826,2.355059234319724,69.97514777458873,,,0.0,-1,-1,0,80,prompt
0,6283,12,7.852062142727326,-30.038040300210316,8.829682370026907,4.523089076988705,134.39314899072474,,,0.0,-1,-1,0,80,prompt
0,6545,8,-14.430853791371787,-10.19819962978363,-34.88562536239624,1.7571402350539431,52.20936518995542,,,0.0,-1,-1,0,80,prompt
0,6873,6,-30.190066923386464,-58.325575510660805,45.91519991556803,2.0208323431478474,60.0443673682313,,,0.0,-1,-1,0,80,prompt
1,38,6,-14.827864319337403,0.7620944976806641,9.665572881698608,1.0403480450306828,30.911540197015437,,,0.0,-1,-1,0,80,prompt
1,200,8,-14.760066061903055,-20.663132667541504,10.712138891220093,1.6407137814386337,48.750021926788676,,,0.0,-1,-1,0,80,prompt
1,554,6,-5.66295665844319,-40.32630570729574,3.7180933952331543,1.042369995205971,30.97161777818486,,,0.0,-1,-1,0,80,prompt
1,620,9,-18.39552507111608,38.387971030341255,18.924067815144856,3.464663094784224,102.94446462902691,,,0.0,-1,-1,0,80,prompt
1,800,7,-12.714259327317043,28.318216460091726,-0.8082526070731026,1.5961413854411894,47.42565608870835,,,0.0,-1,-1,0,80,prompt
1,840,7,-30.676933285953265,-4.996167591639927,24.197777884347097,1.2314266949958275,36.58900111733159,,,0.0,-1,-1,0,80,prompt
1,844,7,-25.03659184314506,-13.100094420569283,-4.608823912484305,0.7076875249641159,21.027300891606384,,,0.0,-1,-1,0,80,prompt
1,1208,9,-52.73573894706238,-14.010208143128288,-24.085870530870224,2.4687223816541213,73.35238577155434,,,0.0,-1,-1,0,80,prompt
1,1422,9,-10.710184601907496,6.105987389882405,30.714334593878853,2.584028613198405,76.77844422225523,,,0.0,-1,-1,0,80,prompt
1,1710,8,-18.123692911959814,-34.53323936462402,13.052742004394531,1.7345220595925672,51.537318327083824,,,0.0,-1,-1,0,80,prompt
1,2020,6,-29.73642311785183,0.4526386260986328,-20.071617126464844,0.8723869834602019,25.92096504183631,,,0.0,-1,-1,0,80,prompt
1,2050,7,-32.496103077896336,-24.22864259992327,49.812046323503765,2.354330858475339,69.95350576805086,,,0.0,-1,-1,0,80,prompt
1,2152,8,-5.852694994003691,-17.514299035072327,-26.726500511169434,1.2280600537527007,36.488969145711195,,,0.0,-1,-1,0,80,prompt
1,3256,10,-27.020071212214287,-25.290426683425903,-1.6674107074737534,1.8459032001480407,54.84675176132304,,,0.0,-1,-1,0,80,prompt
1,3330,15,-13.743437437728938,49.3633529663086,24.106639035542806,4.677566121107565,138.9830776992998,0.572992205619812,92.66749572753906,92.66749572753906,4,15,1,80,prompt
1,3520,10,5.5950157235518025,4.672328042984009,5.767976951599121,3.0338623080536045,90.14421388646251,,,0.0,-1,-1,0,80,prompt
1,3680,6,-38.49649759167434,-10.881774385770163,17.46517054239909,1.2184922785606334,36.2046847960089,,,0.0,-1,-1,0,80,prompt
1,3764,6,-18.430405493252525,-13.879343350728353,-4.801823218663533,1.850751005948707,54.990793118050156,,,0.0,-1,-1,0,80,prompt
1,4062,7,-13.94134988715538,-19.6481614112854,-4.553398949759347,0.7584696655935768,22.536174954335817,,,0.0,-1,-1,0,80,prompt
1,4084,6,-36.40907600751776,7.870350519816081,12.57076644897461,0.8531618485386484,25.349734544735586,,,0.0,-1,-1,0,80,prompt
1,4122,6,2.0438577354167755,-37.41649301846822,-18.054693698883057,0.8626889045846845,25.632809019026134,,,0.0,-1,-1,0,80,prompt
1,4156,12,0.39694825767616315,-1.4710715611775715,-16.458180904388428,4.149182506064196,123.2833785131724,,,0.0,-1,-1,0,80,prompt
1,4260,7,-39.0795819392361,-35.72932924543108,-27.044249262128556,0.4764913465440149,14.157840236813184,,,0.0,-1,-1,0,80,prompt
1,4424,8,-34.632139468819545,-17.226782143115997,-10.034286975860596,0.6607350820404289,19.632217454177695,,,0.0,-1,-1,0,80,prompt
1,4566,7,-19.48777914445738,6.381792885916574,-10.914136341639928,1.5503909479026654,46.0662874661034,,,0.0,-1,-1,0,80,prompt
1,4594,6,-39.46056244431008,-18.72902997334798,-26.263890584309895,0.5671359912868497,16.85113657451109,0.38306885957717896,87.5143051147461,87.5143051147461,3,15,1,80,prompt
1,4706,7,-6.92067015915493,10.039843150547572,-38.09235763549805,2.2382184452187186,66.50349348908448,,,0.0,-1,-1,0,80,prompt
1,5410,11,16.469816098438944,-13.097934982993387,-15.656471772627397,3.959095236755298,117.63537418015171,,,0.0,-1,-1,0,80,prompt
1,5428,9,-25.09265308362724,12.5876341925727,-2.023503197564019,2.7763830945622434,82.49381352693729,,,0.0,-1,-1,0,80,prompt
1,5496,6,-20.465085291480666,-15.874642928441366,-9.648569742838541,0.9593726424318665,28.505543065229606,,,0.0,-1,-1,0,80,prompt
1,5650,7,-14.089830729737912,-19.062240736825125,-3.5332555770874023,2.0842636427795536,61.92908198626723,,,0.0,-1,-1,0,80,prompt
1,5674,6,2.243015737426775,-30.59459940592448,-38.673000971476235,1.0531238328903048,31.291143236457486,,,0.0,-1,-1,0,80,prompt
1,5708,6,-8.154692943932483,-21.869780858357746,-18.23797384897868,0.9257428378312207,27.50631106619223,,,0.0,-1,-1,0,80,prompt
1,5814,8,9.994356483978038,-0.05542457103729248,-9.816050291061401,3.1222120986198068,92.76932393067325,,,0.0,-1,-1,0,80,prompt
1,5920,6,2.254057312233757,-12.193499247233072,-12.045700550079346,0.992630709144808,29.493729731204244,,,0.0,-1,-1,0,80,prompt
1,6356,9,-5.423701590526284,22.98905869325002,34.53558010525174,2.121983193025875,63.04983133473947,,,0.0,-1,-1,0,80,prompt
1,6608,7,-25.141159956321527,1.8725738525390625,3.513636997767857,2.074827673779218,61.648713953237426,,,0.0,-1,-1,0,80,prompt
2,457,17,-8.671438826149949,13.523700265323415,-18.956347325268915,6.710485324803167,199.38657822250002,,,0.0,-1,-1,0,80,prompt
2,481,6,-26.688070732006462,-1.5565179189046223,-23.4663987159729,0.971306576806886,28.86013237205248,,,0.0,-1,-1,0,80,prompt
2,491,6,-8.513894752417196,-6.369255701700848,15.2620267868042,1.1267345579229775,33.478315977971896,,,0.0,-1,-1,0,80,prompt
2,539,6,2.5126237603253947,16.18410001198451,-42.663600285847984,2.2762949796609355,67.63484979873077,,,0.0,-1,-1,0,80,prompt
2,841,6,-38.297812886474375,-11.569967945416769,18.995447476704914,1.1606450317873274,34.485887416169554,,,0.0,-1,-1,0,80,prompt
2,1055,7,32.20278852459476,39.55365589686802,17.574490683419363,2.012467464870923,59.79582432310774,,,0.0,-1,-1,0,80,prompt
2,1225,6,-29.017620942623115,-24.077542781829834,-2.064581871032715,0.7767203555272367,23.078452068425026,,,0.0,-1,-1,0,80,prompt
2,1269,8,-14.971652069701552,1.8879141807556152,-38.92928925156593,1.920071988691768,57.050506071608446,,,0.0,-1,-1,0,80,prompt
2,1495,6,12.849135096535404,-17.167893409729004,-0.5418651898701986,1.4884871969420777,44.2269604300173,,,0.0,-1,-1,0,80,prompt
2,1663,12,-22.952830445764572,-13.18883991241455,-16.03325593471527,2.271680843414924,67.4977513933227,,,0.0,-1,-1,0,80,prompt
2,1683,9,-18.80355719781156,-21.47410747740004,-20.096250534057617,1.0499601061058002,31.19714039948509,,,0.0,-1,-1,0,80,prompt
2,1737,7,13.306582882754688,-1.361870356968473,10.074842180524554,2.090058913833015,62.10127508546836,,,0.0,-1,-1,0,80,prompt
2,1785,12,-18.201640601216937,-8.574708859125773,1.6827983856201172,3.9102427298139992,116.18383472731757,,,0.0,-1,-1,0,80,prompt
2,2103,11,-6.542575435432965,12.803175059231846,20.954597906632856,2.9577861839037967,87.88378750230898,,,0.0,-1,-1,0,80,prompt
3,30,126,22.371296933461313,26.104295213071126,-8.227141285699512,51.64765282058942,1534.5907591896914,,,0.0,-1,-1,0,80,prompt
3,434,9,-55.560267241097065,5.394700368245442,-28.89356761508518,2.1315281030090536,63.333436297550946,,,0.0,-1,-1,0,80,prompt
3,518,14,12.103129519591022,-29.345557485307967,16.74572597231184,5.887008846754823,174.91887592414346,,,0.0,-1,-1,0,80,prompt
3,568,7,-30.43637648791989,-15.439820630209786,-11.563401085989815,1.1461498370095682,34.05519616993085,,,0.0,-1,-1,0,80,prompt
3,766,10,-16.422368479120365,49.33933525085449,43.80904922485352,2.8268704288771414,83.99392810067984,,,0.0,-1,-1,0,80,prompt
3,1196,7,-30.33071944903319,-8.87987654549735,13.069230488368444,1.6797899426459444,49.91107983781615,,,0.0,-1,-1,0,80,prompt
3,1258,9,-35.06836160384091,-10.801716168721518,-2.361230638292101,2.256109778471052,67.03509314907268,,,0.0,-1,-1,0,80,prompt
3,1412,6,13.46515964297312,3.168462594350179,27.515570004781086,2.296303475615048,68.2293560602859,,,0.0,-1,-1,0,80,prompt
3,1428,10,-53.54447990696358,-36.82714080810547,4.220613479614258,2.3223739570368545,69.00398022406942,,,0.0,-1,-1,0,80,prompt
3,1640,7,-18.22777340424833,-16.049495969499862,1.9827923093523299,1.6106164998016932,47.8557506917101,0.46789300441741943,65.79329681396484,65.79329681396484,4,14,1,80,prompt
3,1780,8,-5.648104546922777,-5.0990986824035645,1.8844492435455322,1.1227622873552094,33.36028912924998,,,0.0,-1,-1,0,80,prompt
3,1862,7,-39.652024186408575,-19.735258102416992,-10.775574275425502,0.5575653005158769,16.566765595113132,,,0.0,-1,-1,0,80,prompt
3,1884,9,-26.449056456745506,10.438375473022461,-8.52572250366211,1.4607947815867846,43.404144244129874,,,0.0,-1,-1,0,80,prompt
3,1918,8,-2.698004694840746,-18.0997269153595,7.636051416397095,2.303095278015175,68.43115878765636,,,0.0,-1,-1,0,80,prompt
3,1944,10,-27.468151246658056,-16.66906852722168,6.452475929260254,2.708213566867028,80.46831340164019,,,0.0,-1,-1,0,80,prompt
3,2040,9,-24.562010386827566,-15.195686340332031,-18.134822209676106,0.8480516205828385,25.19789591955004,,,0.0,-1,-1,0,80,prompt
3,2244,8,-20.301717848884394,10.624280452728271,17.86889147758484,1.2190401092026264,36.22096231870144,,,0.0,-1,-1,0,80,prompt
3,2358,9,-26.741739411807128,7.92269680235121,7.407003720601399,2.730372137381988,81.12670416466737,,,0.0,-1,-1,0,80,prompt
3,2480,10,-23.350661160226572,-17.86624813079834,5.195210266113281,1.0767929311684228,31.994415844452423,,,0.0,-1,-1,0,80,prompt
3,2786,6,-32.50666673264882,25.00591278076172,7.2037779490153,1.3334083676373678,39.61915106404953,,,0.0,-1,-1,0,80,prompt
3,3024,6,-19.121803010593435,-5.039056162039437,-27.05831511815389,1.8934619095779792,56.25984900823367,,,0.0,-1,-1,0,80,prompt
3,3054,8,-12.645809278654863,23.701114892959595,-19.22334098815918,2.066247194822786,61.393764831702256,,,0.0,-1,-1,0,80,prompt
3,3410,6,2.340193227164351,-4.512518564860026,11.337560653686523,1.463006575279035,43.46986258709411,,,0.0,-1,-1,0,80,prompt
3,3564,9,-11.195870033759583,25.707962459988064,0.38748402065700954,2.1436664541541233,63.69409937673734,,,0.0,-1,-1,0,80,prompt
3,3750,7,-17.753740573773307,10.194240842546735,-12.272048677716937,1.3165612627382794,39.11857823865805,,,0.0,-1,-1,0,80,prompt
3,3858,9,-27.63344755470986,4.1137674119737415,-24.602189540863037,1.6871302827880994,50.12918109772413,,,0.0,-1,-1,0,80,prompt
3,3878,6,-23.35280064656158,40.437156677246094,19.511276245117188,1.3604071859416422,40.421358614946485,,,0.0,-1,-1,0,80,prompt
3,4110,7,-33.22788768528682,33.32626152038574,-0.7488681248256128,1.4083216919720023,41.84502753637358,,,0.0,-1,-1,0,80,prompt
3,4132,6,-33.0730088055543,1.5980881055196126,-8.941900650660196,0.8366764776048179,24.859909808948444,,,0.0,-1,-1,0,80,prompt
3,4144,7,-17.49459698315021,30.55105209350586,26.00700787135533,2.06281229498621,61.29170471357332,,,0.0,-1,-1,0,80,prompt
3,4168,10,-30.76132162589895,11.522858047485352,-4.562360644340515,1.9146538895395655,56.889519764636745,,,0.0,-1,-1,0,80,prompt
3,4280,8,-21.403957844569568,-19.15280169248581,29.7841637134552,2.4952475935850167,74.14052120253125,,,0.0,-1,-1,0,80,prompt
3,4310,11,-15.043475566478143,24.98659831827337,21.70695859735662,2.4729537483450343,73.47811106337303,,,0.0,-1,-1,0,80,prompt
3,4464,6,-29.35240266706549,-2.697349230448405,-15.582192738850912,0.8749220300120075,25.99628809719431,,,0.0,-1,-1,0,80,prompt
3,4504,9,-14.046740163657311,12.898630142211914,7.271520614624023,1.7606586416176384,52.31390651767993,,,0.0,-1,-1,0,80,prompt
3,4680,6,-6.023030321997223,-21.34324248631795,-17.147948900858562,1.3564131642899053,40.30268548298344,,,0.0,-1,-1,0,80,prompt
3,4732,8,-1.3442673793032123,4.939753532409668,21.90342152118683,1.8971521243053695,56.369495218870796,,,0.0,-1,-1,0,80,prompt
3,4814,6,-46.89597991620381,-34.97779337565104,-5.944332122802734,0.5575764458690697,16.567096753550803,,,0.0,-1,-1,0,80,prompt
3,4820,8,-4.500654325374384,18.62280011177063,-38.14987587928772,2.095195064506869,62.25388394437009,,,0.0,-1,-1,0,80,prompt
3,4862,9,-14.722306008929767,8.224454243977865,-11.299071258968777,1.7194198379996835,51.08859068054042,,,0.0,-1,-1,0,80,prompt
3,4900,6,-51.26759896316963,26.465437253316242,16.330429395039875,1.5255005214647306,45.32672591164841,,,0.0,-1,-1,0,80,prompt
3,5104,8,6.594955452595649,-7.271066904067993,0.8625514507293701,2.587248587814464,76.87411833367698,,,0.0,-1,-1,0,80,prompt
3,5626,6,5.610140133964001,-22.414793809254963,0.13247251510620353,1.3504494245337864,40.12548672524428,,,0.0,-1,-1,0,80,prompt
3,5732,6,19.17819733320783,-19.213999430338543,-24.476434071858723,1.4835298329947442,44.079663805910386,,,0.0,-1,-1,0,80,prompt
3,5740,8,-20.390864409703582,21.820129871368408,0.6685634851455688,2.3504845705505666,69.83922220269615,0.5172939300537109,87.82672119140625,87.82672119140625,6,14,1,80,prompt
3,5922,6,-23.624670865337844,-17.648242870966595,-18.727561314900715,0.640974604521707,19.04508048780393,,,0.0,-1,-1,0,80,prompt
3,5952,6,0.7889735653377675,-19.14933681488037,14.944803873697916,1.1758791898486172,34.93853525025604,,,0.0,-1,-1,0,80,prompt
3,5982,6,-13.144877363993237,10.33676274617513,22.77673276265462,1.271406588753329,37.77691135454548,,,0.0,-1,-1,0,80,prompt
3,6322,7,-3.063452582188272,-15.289381844656807,3.9214066096714566,2.4610810471503104,73.12534115912713,,,0.0,-1,-1,0,80,prompt
3,6350,7,-16.426404367182176,15.661521707262311,6.914356776646206,1.5466290023202531,45.95450993872187,,,0.0,-1,-1,0,80,prompt
3,6590,6,-4.676215431903743,1.6119441986083984,15.012614568074545,0.9799940756750529,29.118261343176698,,,0.0,-1,-1,0,80,prompt
4,39,12,-15.617413127599614,-17.81682761510213,-3.1107285022735596,3.3539045446575937,99.6535300319407,0.33686184883117676,157.5297393798828,157.5297393798828,5,7,1,80,prompt
4,167,7,-20.107367661749343,3.0681701557976857,-26.23662785121373,2.5988691967845123,77.21939789949847,,,0.0,-1,-1,0,80,prompt
4,203,12,-10.971537125400994,-7.239890098571777,14.25891908009847,2.6968614102715587,80.13101027832505,,,0.0,-1,-1,0,80,prompt
4,487,6,-21.384834367786993,5.9350941975911455,-0.9852648973464966,1.448419778551409,43.03644960040618,,,0.0,-1,-1,0,80,prompt
4,575,7,-17.301728169616236,37.40791647774832,6.918315614972796,1.4313532196987686,42.529356207461355,,,0.0,-1,-1,0,80,prompt
4,777,9,-32.79260985037856,-16.378087361653645,9.568579567803276,2.3702687064171633,70.4270621222545,,,0.0,-1,-1,0,80,prompt
4,817,8,-46.32546611760099,6.342698931694031,-35.361305713653564,2.185281609923449,64.93059764913102,,,0.0,-1,-1,0,80,prompt
4,1043,7,-23.88976832376216,51.683812277657644,26.211612156459264,1.4265357296874774,42.38621561442227,,,0.0,-1,-1,0,80,prompt
4,1175,6,-44.33546258141379,-5.237661679585774,43.32869863510132,2.178954723043063,64.74260881303023,,,0.0,-1,-1,0,80,prompt
4,1203,10,-13.01661222164368,-2.1560317993164064,-4.096790599822998,1.8343600041276158,54.503772342568155,,,0.0,-1,-1,0,80,prompt
4,1213,8,-46.20239494153602,-5.819624423980713,-38.98707604408264,0.8899467323049586,26.4427124367172,,,0.0,-1,-1,0,80,prompt
4,1279,8,-16.51756152048653,-10.108134746551514,12.220109105110168,2.606441429362474,77.44438930774196,,,0.0,-1,-1,0,80,prompt
4,1301,6,-35.54572125382584,-22.24389902750651,-29.132134437561035,0.8096822760478998,24.05783943404002,,,0.0,-1,-1,0,80,prompt
4,1731,7,-23.032309337819918,-15.843631948743548,-3.8856002943856365,1.554801725117648,46.19734352742082,,,0.0,-1,-1,0,80,prompt
4,1781,7,-12.07156145799689,16.437472343444824,9.87563589641026,1.7911458654217336,53.219763983954984,,,0.0,-1,-1,0,80,prompt
4,1807,7,-11.909738358360995,33.56379726954869,15.804849897112165,2.435338072333069,72.3604480979493,,,0.0,-1,-1,0,80,prompt
4,1911,6,-32.57898039115579,-17.09861159324646,-3.4455881118774414,1.2117581667713013,36.004596211941845,,,0.0,-1,-1,0,80,prompt
4,1943,6,-33.57501948236358,-2.438699722290039,-26.17613347371419,0.8725188971914735,25.92488455379792,,,0.0,-1,-1,0,80,prompt
4,2043,6,8.675328899700233,32.894737243652344,-13.348186810811361,1.7971594676597462,53.398444290220866,,,0.0,-1,-1,0,80,prompt
4,2125,7,-7.756236842009057,-25.178784915379115,-11.341700417654854,0.6315869205213964,18.76614713206919,,,0.0,-1,-1,0,80,prompt
4,2205,6,-20.159098565734435,-5.468599160512288,-38.29573408762614,1.2601738423496613,37.44315622938484,,,0.0,-1,-1,0,80,prompt
4,2393,9,-17.681911551408117,5.68722136815389,-3.861766232384576,2.0159279798258676,59.89864553533867,,,0.0,-1,-1,0,80,prompt
4,2731,14,-22.83084578332012,-9.376721620559692,1.7953741891043526,4.193931677246507,124.61299681773158,,,0.0,-1,-1,0,80,prompt
4,2929,7,-16.360671304472948,-17.14611898149763,9.246165820530482,1.0362105254619436,30.78860335575742,,,0.0,-1,-1,0,80,prompt
4,2937,8,-22.823813851993698,-15.657561779022217,-5.2307350635528564,1.1686084962836516,34.72250337758888,,,0.0,-1,-1,0,80,prompt
4,3499,6,-13.558684596024746,-2.808198928833008,-11.46226723988851,1.7145462973978505,50.943784673613266,,,0.0,-1,-1,0,80,prompt
4,3787,7,8.50126091147029,3.4521868569510326,-18.386071750095912,3.522170915233428,104.65317673931484,,,0.0,-1,-1,0,80,prompt
4,3935,8,-33.57288299809389,14.323898673057556,-15.50860846042633,2.8477700156806978,84.61491106947092,,,0.0,-1,-1,0,80,prompt
4,4001,6,-9.069992367034272,8.341463724772135,-8.932663281758627,1.2522703939046904,37.20832350636611,,,0.0,-1,-1,0,80,prompt
4,4221,8,-42.11148545601566,-39.31364440917969,-7.729426980018616,2.1040540638899294,62.51710865733307,,,0.0,-1,-1,0,80,prompt
4,4285,12,-18.147035177670144,-2.004537264506022,43.45802414417267,3.05219590096967,90.68895427126705,1.0,17.15082359313965,17.15082359313965,4,8,1,80,prompt
4,4433,8,11.114911542694973,-13.856249392032623,15.136849403381348,1.4591488336497402,43.3552387013539,,,0.0,-1,-1,0,80,prompt
4,4457,11,-5.502019447638258,-3.920058639212088,9.876240383494984,3.248828685132048,96.53144346583956,,,0.0,-1,-1,0,80,prompt
4,4469,7,-5.566171785692087,-34.553528376988005,-38.85247107914516,2.0361331363420394,60.49899511144445,,,0.0,-1,-1,0,80,prompt
4,4631,6,-31.48100597660454,-24.373143513997395,12.076560020446777,0.6942032479951551,20.626646734043728,,,0.0,-1,-1,0,80,prompt
4,4785,7,-0.8589176097400179,7.7594998053142,27.04028947012765,2.397174341688292,71.22650095446299,,,0.0,-1,-1,0,80,prompt
4,4851,10,-4.014004653177471,-2.6742562532424925,-26.149639463424684,1.8476979607888155,54.90007893001081,,,0.0,-1,-1,0,80,prompt
4,5077,8,-30.459146766591047,5.885442733764648,-18.49935221672058,1.6919283452520386,50.271744446048075,,,0.0,-1,-1,0,80,prompt
4,5095,11,11.646409977676694,-12.324504158713601,-10.441371050747959,2.773974713821097,82.42225405369629,,,0.0,-1,-1,0,80,prompt
4,5109,8,28.40966700092875,36.24795055389404,-32.05895006656647,2.610105606022853,77.55326185733466,,,0.0,-1,-1,0,80,prompt
4,5399,8,28.5544243716256,-31.481399059295654,-9.582700252532959,2.4871303575574037,73.89933627508822,0.3378562033176422,230.15170288085938,230.15170288085938,6,13,1,80,prompt
4,5469,14,14.359594263138789,-9.356927565165929,-16.213968685695104,4.997362330913017,148.4850837264874,,,0.0,-1,-1,0,80,prompt
4,5759,6,-29.010435796730917,15.957781155904135,0.013855616251627604,1.5324057752801976,45.53189958588847,,,0.0,-1,-1,0,80,prompt
4,5789,10,10.872648494598304,-12.018911170959473,21.72206344604492,2.995126853656106,88.99327929166293,,,0.0,-1,-1,0,80,prompt
4,5869,7,3.7320235996550966,-22.32835623196193,3.050442559378488,1.212857927889413,36.03727307443222,,,0.0,-1,-1,0,80,prompt
4,5941,7,-1.0596144932108413,-14.121498107910156,-28.05773435320173,2.124957461269944,63.138204848605724,,,0.0,-1,-1,0,80,prompt
4,5953,7,-31.59647820274123,-17.894357136317662,8.021596091134208,2.300775186926696,68.36222263760077,,,0.0,-1,-1,0,80,prompt
4,6131,7,3.4880584961407193,-11.49672828401838,-5.830871173313686,2.1642240930857257,64.30492215400436,,,0.0,-1,-1,0,80,prompt
4,6443,7,-15.614152626321458,-8.89967155456543,-35.74867166791643,1.4635053812273933,43.48468345420376,,,0.0,-1,-1,0,80,prompt
5,521,6,-8.858522376888688,26.13750680287679,0.1878976821899414,1.0859937911200535,32.267798154920975,,,0.0,-1,-1,0,80,prompt
5,807,14,-24.962109846996093,-14.226409299033028,25.419738667351858,4.788739394802201,142.28633484969333,,,0.0,-1,-1,0,80,prompt
5,1115,8,-30.722916398754023,4.8670075088739395,-0.2714546322822571,2.836496402057154,84.2799416692261,,,0.0,-1,-1,0,80,prompt
5,1303,7,-20.336965644115047,25.194621222359793,31.03088923863002,1.9674575097610356,58.45845742623995,,,0.0,-1,-1,0,80,prompt
5,1365,8,-38.243814290999154,-1.2089574337005615,-20.749889612197876,1.8471549315536462,54.88394407003652,,,0.0,-1,-1,0,80,prompt
5,1383,6,-8.176970759576902,-27.541605949401855,16.02873929341634,0.8340030126303019,24.780473969740783,,,0.0,-1,-1,0,80,prompt
5,1611,8,-1.6942351966862326,-9.744407653808594,-8.281470537185669,2.306700955559248,68.53829317107107,,,0.0,-1,-1,0,80,prompt
5,1675,10,-12.589480361293052,38.97485980987549,14.274831962585449,1.963245129217704,58.333296263961344,,,0.0,-1,-1,0,80,prompt
5,1741,8,-32.84247209581157,27.45962405204773,1.6997513771057111,1.9217899966319774,57.10155271100594,,,0.0,-1,-1,0,80,prompt
5,2031,9,-30.167016904073712,0.6127546098497179,13.553019841512045,2.114189344243002,62.81825511263573,,,0.0,-1,-1,0,80,prompt
5,2053,6,-29.481862575776464,-24.904298782348633,-33.49223486582438,0.32671992553849827,9.707728254683582,,,0.0,-1,-1,0,80,prompt
5,2137,10,-24.563609112089985,-18.345674324035645,-20.340093040466307,2.7265239362859455,81.0123637538455,,,0.0,-1,-1,0,80,prompt
5,2313,6,-2.3046116408353066,-17.1309428413709,34.07881450653076,2.074514642254088,61.639412944197026,,,0.0,-1,-1,0,80,prompt
5,2389,8,-5.285210525927145,-20.06731367111206,13.545742154121399,1.69840250238301,50.46410907762665,,,0.0,-1,-1,0,80,prompt
5,3039,9,1.062685584281586,-3.587228880988226,-13.30766815609402,1.8749085911361167,55.708579986733525,,,0.0,-1,-1,0,80,prompt
5,3057,7,-0.24001233517825935,5.688980783735003,-9.03364508492606,1.658117980352926,49.26714751462032,,,0.0,-1,-1,0,80,prompt
5,3089,8,25.389367380144943,-44.118300437927246,36.14875030517578,3.883342921322081,115.3845690244004,,,0.0,-1,-1,0,80,prompt
5,3101,6,-9.107641483210493,27.09358819325765,10.593940416971842,1.3610347601047676,40.44000553225721,,,0.0,-1,-1,0,80,prompt
5,3301,6,-11.158285806260176,-22.313180605570476,-24.390148480733234,1.1123028132684003,33.04951000564956,,,0.0,-1,-1,0,80,prompt
5,3603,6,4.08818876764358,-4.48942502339681,-17.54054069519043,2.7156009502070932,80.68781244156048,,,0.0,-1,-1,0,80,prompt
5,3633,8,-19.144678663626784,-6.075964689254761,25.202312469482422,2.0864910010971407,61.99526279613765,,,0.0,-1,-1,0,80,prompt
5,3639,8,-38.520544018471476,-8.854143023490906,-10.13474440574646,1.1608694567002447,34.49255568430347,,,0.0,-1,-1,0,80,prompt
5,3671,8,-11.83926796477575,1.738959789276123,24.91133064031601,1.9872195263001182,59.04564012105044,,,0.0,-1,-1,0,80,prompt
5,3767,6,-11.90063621046192,0.08313735326131066,6.510966618855794,1.939014765230625,57.613346941277875,,,0.0,-1,-1,0,80,prompt
5,3777,9,-16.865681243911954,-18.662828233506943,-19.691899405585396,1.7187822625702833,51.06964659869331,,,0.0,-1,-1,0,80,prompt
5,3901,14,-16.32074732829547,-15.548692294529506,15.825993503843035,3.34727305593462,99.45649065535379,,,0.0,-1,-1,0,80,prompt
5,3925,7,2.299094415792186,31.600167955671036,-11.30211067199707,1.8820501203998943,55.92077404040613,,,0.0,-1,-1,0,80,prompt
5,4107,6,-10.958136021701149,53.92852465311686,32.530062675476074,1.6367868866620985,48.63334331493936,,,0.0,-1,-1,0,80,prompt
5,4163,6,-26.320014806041666,-2.064579963684082,-2.5371652046839395,0.6120833462707274,18.18664345316599,,,0.0,-1,-1,0,80,prompt
5,4245,6,0.8062085034879161,12.193499565124512,20.136278947194416,2.221749006583841,66.01414214477617,,,0.0,-1,-1,0,80,prompt
5,4283,6,-35.70929766950679,-9.611618041992188,-25.109203338623047,0.8901993024554947,26.450216975605088,,,0.0,-1,-1,0,80,prompt
5,4421,11,-6.96399933484584,2.4739714535799893,19.207794666290283,2.4485420987608424,72.75277525772451,,,0.0,-1,-1,0,80,prompt
5,4541,7,-24.301134775643856,-8.436475958142962,-28.691163744245255,0.9979505513732135,29.651796560541435,,,0.0,-1,-1,0,80,prompt
5,4591,8,38.802217687145635,-1.4964741468429565,29.836125135421753,1.382845224334261,41.08805312072138,,,0.0,-1,-1,0,80,prompt
5,4643,8,-19.52878006934027,5.119884490966797,-6.167135059833527,1.3009038068951018,38.65335308829494,,,0.0,-1,-1,0,80,prompt
5,4709,6,18.518330307250732,6.8727006912231445,-21.36486752827962,1.284095324398095,38.1539278384097,,,0.0,-1,-1,0,80,prompt
5,4759,6,-16.273525670756353,-16.484318415323894,26.882801691691082,1.6018743619007416,47.59599824787756,,,0.0,-1,-1,0,80,prompt
5,4951,6,-20.791884753512267,38.192443211873375,17.943843682607014,1.9182756271927472,56.99713133711397,0.37536588311195374,147.30841064453125,291.0650329589844,6,14,2,80,prompt
5,5203,10,-7.863263609249643,-7.443576812744141,-2.7703678131103517,3.0037856626727026,89.25055581008701,,,0.0,-1,-1,0,80,prompt
5,5931,10,-45.22165000445169,-6.695339488983154,-32.56886096000672,2.2530632879909884,66.94457371821096,,,0.0,-1,-1,0,80,prompt
5,6029,8,-28.003349346587907,7.4269514083862305,-38.04485058784485,1.7996991726109186,53.473905759160715,,,0.0,-1,-1,0,80,prompt
5,6137,8,-14.265165792435223,0.9941860437393188,-6.715713977813721,2.1766268385106073,64.67344109878044,,,0.0,-1,-1,0,80,prompt
5,6687,7,-18.597238121546898,-15.926769256591797,-5.503541673932757,0.6469733797372342,19.223320243329365,,,0.0,-1,-1,0,80,prompt
5,6721,9,-29.403656022156692,-11.063445727030436,-10.688415103488499,3.592452404530683,106.74142892750838,0.31051191687583923,80.29243469238281,80.29243469238281,6,14,1,80,prompt
5,6795,7,-13.763801089080433,-14.390705244881767,20.591194561549596,1.3503209034861665,40.12166801904432,,,0.0,-1,-1,0,80,prompt
5,6837,11,-22.48244392749987,-18.48675606467507,-7.857352863658559,1.243104552425115,36.93598168894385,,,0.0,-1,-1,0,80,prompt
6,315,7,-8.506227887256467,-25.052100045340403,-43.72321537562779,1.8140027398213512,53.898903234667074,,,0.0,-1,-1,0,80,prompt
6,351,6,-37.062749670131694,20.322500546773274,-5.79044246673584,1.0059306714268876,29.888907403392956,,,0.0,-1,-1,0,80,prompt
6,787,6,-13.114737213417754,-27.04739983876546,-22.333333492279053,2.2804033282658156,67.75691989214779,,,0.0,-1,-1,0,80,prompt
6,1179,8,-14.577127917757299,15.570961236953735,-1.3070554435253143,1.2385069372233053,36.79937416822037,,,0.0,-1,-1,0,80,prompt
6,1345,7,-3.6678238790038233,-15.036010469709124,-16.392032350812638,1.0153501619623642,30.168785816885052,,,0.0,-1,-1,0,80,prompt
6,1865,8,-14.657604433167002,-19.748620212078094,6.125720024108887,2.040095870989346,60.616738622306436,,,0.0,-1,-1,0,80,prompt
6,1875,6,-22.56700632109974,37.268693923950195,23.852901458740234,1.6920651403888853,50.27580899770614,,,0.0,-1,-1,0,80,prompt
6,2185,6,0.341448384595567,-14.65991242726644,4.452474594116211,2.291119760361466,68.0753339297149,,,0.0,-1,-1,0,80,prompt
6,2227,7,-19.76186239580671,-40.127698625837056,-16.162414823259628,1.3178317602261873,39.15632813817992,,,0.0,-1,-1,0,80,prompt
6,2615,11,-24.39086488890447,3.328019835732201,10.439653526652943,2.8875258719028514,85.796164548581,,,0.0,-1,-1,0,80,prompt
6,2859,7,3.141336181258012,-15.24583285195487,7.671772548130581,1.182032330027412,35.12136160426634,,,0.0,-1,-1,0,80,prompt
6,3399,11,-23.47605745545102,-13.312076958743008,9.709965272383256,1.7909334114086501,53.213451403471176,,,0.0,-1,-1,0,80,prompt
6,3487,7,-25.90051241356374,-5.863173007965088,17.417394365583146,1.191441243074757,35.40092573211996,,,0.0,-1,-1,0,80,prompt
6,3573,7,-29.14096933097184,-13.092176369258336,-10.633052280970983,0.6661108626742285,19.791946364080278,,,0.0,-1,-1,0,80,prompt
6,3715,11,-22.726200346149042,-13.417888272892345,-10.239825465462424,2.9156077247107013,86.63055196923592,,,0.0,-1,-1,0,80,prompt
6,4069,6,-17.300178209349653,-28.008098761240642,-6.059800465901692,0.4090439106610665,12.153795402548228,,,0.0,-1,-1,0,80,prompt
6,4079,12,-20.779253558767326,-4.260796070098877,-8.620897769927979,1.5141050523784505,44.98813585766894,,,0.0,-1,-1,0,80,prompt
6,4185,7,-19.28782956533168,-3.163182939801897,3.0081544603620256,1.411796584792528,41.948275953684565,,,0.0,-1,-1,0,80,prompt
6,4293,20,-36.522785509837284,27.779010009765624,-42.471860027313234,7.76083966558249,230.59543239509773,,,0.0,-1,-1,0,80,prompt
6,4323,7,-45.740261156915395,52.09158270699637,41.069471631731304,2.0426026648553903,60.69122221433699,,,0.0,-1,-1,0,80,prompt
6,4407,6,16.01050956946018,3.8428004582722983,0.1555668512980143,1.346032576662149,39.99425028838031,,,0.0,-1,-1,0,80,prompt
6,4419,7,-45.85156841431848,-21.215897696358816,-20.282399586268834,0.9280848413809473,27.575898294442165,,,0.0,-1,-1,0,80,prompt
6,4613,9,-2.769697140808269,-5.043674363030329,14.010835223727756,1.8385938218339608,54.62957046065147,,,0.0,-1,-1,0,80,prompt
6,5793,7,-11.99208045525428,32.26922716413225,8.8581908089774,1.6698723995436564,49.616402942207664,,,0.0,-1,-1,0,80,prompt
6,6185,7,-35.78826755823008,-29.739470618111746,-30.04115813119071,0.6153482353910146,18.28365209538205,,,0.0,-1,-1,0,80,prompt
6,6373,6,-12.669992714292192,20.604243834813435,31.9449520111084,1.5768778448346426,46.85328445534929,,,0.0,-1,-1,0,80,prompt
6,6481,13,-22.941162925717226,-6.957969372089092,3.802762985229492,3.003913148981266,89.25434377140495,,,0.0,-1,-1,0,80,prompt
7,155,7,-25.741311581696028,-41.71127101353237,-36.635471888950896,2.5522393671979824,75.83390017253204,,,0.0,-1,-1,0,80,prompt
7,195,8,-16.51916822178497,10.031925678253174,-10.320700407028198,2.147326924571951,63.80286180388962,,,0.0,-1,-1,0,80,prompt
7,787,9,-14.081054412057204,13.927071889241537,-0.8688157399495443,1.7182000137981326,51.0523464207279,,,0.0,-1,-1,0,80,prompt
7,795,8,-27.316485914957312,-11.19584971666336,-29.343125224113464,2.494623742097045,74.12198489591779,,,0.0,-1,-1,0,80,prompt
7,997,8,-22.072917239688984,34.44663763046265,8.581739902496338,3.6457159023033094,108.32403078877651,,,0.0,-1,-1,0,80,prompt
7,1199,23,-30.73944287141655,-23.545985553575598,22.96558137561964,8.008151396149922,237.94372947427686,,,0.0,-1,-1,0,80,prompt
7,1263,9,-2.657284278691443,-23.124541295899284,-8.973320325215658,2.978528943925007,88.50011072534512,,,0.0,-1,-1,0,80,prompt
7,1635,6,-20.473067553891443,-8.050479888916016,-15.660710970560709,0.7047528974864037,20.940105211589618,,,0.0,-1,-1,0,80,prompt
7,1669,8,-26.427805330457005,-23.299283504486084,-17.9288849234581,1.6868687000086557,50.12140876937666,,,0.0,-1,-1,0,80,prompt
7,1689,9,-40.49984771534806,-1.8444203270806208,19.52562353346083,1.948927057262984,57.90786781346712,,,0.0,-1,-1,0,80,prompt
7,1713,6,-26.99052484854646,5.91200065612793,-9.302163124084473,2.2546042688168155,66.99036040562571,,,0.0,-1,-1,0,80,prompt
7,1757,7,-12.39616055157903,-8.400846890040807,-24.58701487949916,2.8899361546668865,85.86778053604071,,,0.0,-1,-1,0,80,prompt
7,2079,12,-3.045372425099091,30.049587567647297,14.071124712626139,2.9582138958724653,87.89649597595428,,,0.0,-1,-1,0,80,prompt
7,2099,7,-23.264935270933826,27.391827174595424,10.782230172838483,1.8786920634944653,55.82099713256086,,,0.0,-1,-1,0,80,prompt
7,2623,10,-12.207449948147032,-18.789074772596358,10.429220008850098,1.804515679829206,53.617017150774785,,,0.0,-1,-1,0,80,prompt
7,2839,6,-33.743000362320096,-4.046023686726888,-18.76913070678711,0.7635219078417274,22.686290668095978,,,0.0,-1,-1,0,80,prompt
7,2887,6,-32.585173754498946,-29.58309268951416,-23.798948605855305,0.575275019564197,17.092969008340916,,,0.0,-1,-1,0,80,prompt
7,2897,7,-42.081659910031284,10.174446650913783,0.4942357199532645,0.5546513690863413,16.480184850384784,,,0.0,-1,-1,0,80,prompt
7,2905,8,-17.387927041955084,19.294828295707703,29.447046637535095,2.1324942241479636,63.36214235660806,,,0.0,-1,-1,0,80,prompt
7,3047,6,-18.304079635488506,-3.6949996948242188,18.547428448994953,1.2279616934185673,36.48604659547728,,,0.0,-1,-1,0,80,prompt
7,3339,8,-13.785632210400006,-13.367816686630249,4.465175747871399,1.6759410566948996,49.79671907810909,,,0.0,-1,-1,0,80,prompt
7,3397,9,23.974604935106854,28.128187974294026,14.04568756951226,2.8221050867580217,83.85233696185732,,,0.0,-1,-1,0,80,prompt
7,3707,14,7.655888400273641,-21.94434063775199,-18.961377331188746,3.3360032661009242,99.1216348701959,,,0.0,-1,-1,0,80,prompt
7,3917,11,-16.507575078342025,20.177219650962137,0.34302763505415484,2.9105379322834457,86.4799147924236,,,0.0,-1,-1,0,80,prompt
7,4021,6,-51.62501187258675,16.14715067545573,-8.961846351623535,1.4294296823060577,42.472202734910255,0.2541755735874176,137.64186096191406,210.74542236328125,5,5,2,80,prompt
7,4025,8,-21.062716126509088,17.296064794063568,7.64408278465271,2.3327568225656536,69.31248310124282,,,0.0,-1,-1,0,80,prompt
7,4199,6,-30.349666982672915,7.22372563680013,14.898616472880045,1.5448191568249958,45.90073455841114,,,0.0,-1,-1,0,80,prompt
7,4221,7,-31.86406113624643,-0.12668548311505998,-2.814168248857771,1.8848004006933352,56.002492269464014,,,0.0,-1,-1,0,80,prompt
7,4245,6,-11.724034654875917,34.746857325236,-8.706344604492186,1.6532219993022053,49.1216747415651,,,0.0,-1,-1,0,80,prompt
7,4405,6,-49.9434152580509,-21.698886235555012,-22.51955525080363,0.32675274264683396,9.708703339289462,,,0.0,-1,-1,0,80,prompt
7,4699,6,-22.71874404545514,-4.577180544535319,-10.424519379933676,1.312323721720592,38.992669490974606,,,0.0,-1,-1,0,80,prompt
7,4979,8,-19.58400201491368,22.880133628845215,11.56540048122406,2.484419251613837,73.81878202139087,,,0.0,-1,-1,0,80,prompt
7,5019,6,-14.018995061712564,-10.091968854268393,22.088539759318035,1.924631015854127,57.18596703783191,,,0.0,-1,-1,0,80,prompt
7,5263,7,-37.521153141589004,-27.653115136282786,-29.981774466378347,1.0101314485313113,30.01372379627449,,,0.0,-1,-1,0,80,prompt
7,5355,13,-24.155053156767693,-1.579611558180589,-13.259026747483473,1.78144314845194,52.931470150881864,,,0.0,-1,-1,0,80,prompt
7,5409,7,14.779436042795073,-10.629723140171595,-16.752294744764054,3.2702861221135175,97.1690016646999,,,0.0,-1,-1,0,80,prompt
7,5443,7,-27.016534542381482,36.24003274100168,30.128253391810826,2.500460964953697,74.29542449609217,0.5380436778068542,92.2887954711914,176.36810302734375,4,15,2,80,prompt
7,5787,6,-24.308484678527254,0.09237527847290039,-11.785579522450766,1.3088959536059943,38.89082127549849,,,0.0,-1,-1,0,80,prompt
7,5875,9,6.729696413069476,-10.897170490688747,-20.565401289198135,2.975465176123088,88.40907793875442,,,0.0,-1,-1,0,80,prompt
7,5895,6,-8.419024647486228,-8.68786851565043,0.1601861317952468,1.908588598755398,56.709303652560656,,,0.0,-1,-1,0,80,prompt
7,6137,8,-17.993237310873006,9.013491094112396,8.533243417739868,1.7453828184999416,51.86002070263882,,,0.0,-1,-1,0,80,prompt
7,6501,10,-39.37363254072235,-8.363631868362427,4.498744630813599,2.2147388675392783,65.80585204811311,,,0.0,-1,-1,0,80,prompt
7,6503,6,12.532903912500762,-0.9607000350952148,1.9952996571858723,0.8479864932101466,25.195960810036926,,,0.0,-1,-1,0,80,prompt
8,505,6,-38.851648305213814,-5.274612029393514,-11.212855021158854,0.8424249344097139,25.030711930838443,,,0.0,-1,-1,0,80,prompt
8,565,10,19.83949419579726,27.136080169677733,39.121860122680665,4.435441018991787,131.7888893096464,0.2135218232870102,166.63653564453125,321.8013916015625,1,14,2,80,prompt
8,785,7,-23.56557491316004,10.855382101876396,-16.114907809666224,1.7195849718492089,51.09349725161715,0.7999368906021118,43.61294937133789,43.61294937133789,4,7,1,80,prompt
8,995,6,-10.764892752254744,-3.177699406941732,-40.520500342051186,1.6945537600597746,50.34975258548833,,,0.0,-1,-1,0,80,prompt
8,1317,9,-37.57301816473186,26.376141442192925,28.463464101155598,3.6065356659979773,107.15988052650044,,,0.0,-1,-1,0,80,prompt
8,1335,8,-3.4519396283543937,30.17544937133789,-7.241148948669434,2.5370354740617227,75.38215159081699,,,0.0,-1,-1,0,80,prompt
8,1411,7,0.5947042483481246,19.28790065220424,-3.9372431891305086,2.5128195439128778,74.66263113631172,,,0.0,-1,-1,0,80,prompt
8,1431,7,-36.0064623085804,-31.323042188371932,-29.97781481061663,1.8598023053042405,55.25973158071198,,,0.0,-1,-1,0,80,prompt
8,1477,9,-33.93072130666329,-5.019041379292806,14.16577402750651,1.5519719502848852,46.11326330166439,,,0.0,-1,-1,0,80,prompt
8,1585,13,-36.55169744980504,13.084563695467436,2.6209151561443624,3.4248624269980694,101.76187967775371,,,0.0,-1,-1,0,80,prompt
8,1683,8,-1.2529162797966507,34.63023281097412,3.5911300778388973,3.2903379176483116,97.76479447332467,,,0.0,-1,-1,0,80,prompt
8,1759,6,-24.974943626086816,-28.294461488723755,-18.916930039723713,0.8132069282097233,24.16256633529304,,,0.0,-1,-1,0,80,prompt
8,1773,8,-36.24330474710446,5.092172145843506,-7.75950026512146,2.006748842227333,59.62590865443968,,,0.0,-1,-1,0,80,prompt
8,1839,13,-19.469329703680028,8.970323058275076,-32.03472731663631,4.677430079959153,138.97903555066728,,,0.0,-1,-1,0,80,prompt
8,1861,8,-25.855731893786142,-6.917731607332826,-18.583593130111694,1.1831517889800143,35.154623742430154,,,0.0,-1,-1,0,80,prompt
8,1941,7,-20.739854019746954,3.432391575404576,22.643179757254465,1.0091816356531529,29.985502299533024,,,0.0,-1,-1,0,80,prompt
8,2141,7,-15.341563983662386,-3.3611296926225935,-0.0877279554094587,1.1550999695507989,34.32112869428014,,,0.0,-1,-1,0,80,prompt
8,2259,6,-41.24366627430832,4.512519200642903,-32.2959779103597,0.7523490574743851,22.354315215366444,,,0.0,-1,-1,0,80,prompt
8,2407,7,-36.69402580161698,3.808490208217076,-23.20139013017927,0.5518500079034107,16.396948870631523,,,0.0,-1,-1,0,80,prompt
8,3019,8,-15.989689445769375,26.99197518825531,4.3982561230659485,6.829824530624766,202.93246719249896,,,0.0,-1,-1,0,80,prompt
8,3081,11,3.911872453054508,4.937864260240034,-13.388973192735152,4.232102991406616,125.7471692878671,0.47571131587028503,89.81105041503906,137.494384765625,1,4,2,80,prompt
8,3323,10,-12.432549748130786,-13.845164668560027,-16.304269981384277,2.654121343068018,78.86108785986515,,,0.0,-1,-1,0,80,prompt
8,3613,6,-34.818463519376316,-13.334330399831137,10.21058432261149,1.015131821500199,30.162298334157427,,,0.0,-1,-1,0,80,prompt
8,3709,9,-45.89794647232752,-4.738837507035997,29.895276811387802,2.575115397951419,76.51360861006955,,,0.0,-1,-1,0,80,prompt
8,3911,8,-24.85824801113418,-0.7135963439941406,-1.0611072778701782,1.6066128890468805,47.736792641688524,,,0.0,-1,-1,0,80,prompt
8,3953,7,-18.35777024922376,-6.488683700561523,1.3124723775046212,1.456546412398947,43.27791376237054,,,0.0,-1,-1,0,80,prompt
8,4273,13,-12.083676468478567,-24.052317986121544,7.496373763451209,3.3807334479765823,100.45068895135049,0.39896735548973083,93.15010070800781,93.15010070800781,4,0,1,80,prompt
8,4553,14,-9.64500508261368,39.563552720206125,1.8812097140720911,4.112097993727209,122.18149784999716,,,0.0,-1,-1,0,80,prompt
8,5301,10,-16.79079306792416,-2.8737862586975096,-44.095371341705324,2.4390370054468145,72.47035335530788,,,0.0,-1,-1,0,80,prompt
8,5519,8,25.138314978509896,-17.957699060440063,-17.698050022125244,3.09725219698431,92.02769808112743,,,0.0,-1,-1,0,80,prompt
8,5705,7,1.0537974180969212,-43.172115325927734,8.160158566066197,1.8754515580564135,55.72471299516525,,,0.0,-1,-1,0,80,prompt
8,6165,7,-47.22526485331629,-21.2475688798087,-25.71404893057687,1.1740455942679655,34.88405419099216,,,0.0,-1,-1,0,80,prompt
8,6689,6,-24.29963056104717,-20.691999157269795,-12.173555056254068,0.9975796109955481,29.640774923648216,0.76349276304245,34.717979431152344,34.717979431152344,4,11,1,80,prompt
8,6837,6,-34.271220022239326,-31.181180000305176,-23.207749048868816,0.3320272203402564,9.865422266207503,,,0.0,-1,-1,0,80,prompt
8,6839,7,-0.4262393025177969,16.750227246965682,19.047212600708008,1.7216449269440026,51.15470406122373,,,0.0,-1,-1,0,80,prompt
8,6929,6,-45.06005956172638,-9.800986766815186,-21.84521770477295,1.4112918087497335,41.93327769900252,,,0.0,-1,-1,0,80,prompt
9,159,8,-32.91764969741192,-29.38910549879074,-13.030700623989105,1.8026046722540332,53.560235972822916,,,0.0,-1,-1,0,80,prompt
9,229,6,-24.057501934587105,-1.3856244881947841,-23.461779594421387,1.5697966937636147,46.642884400272756,,,0.0,-1,-1,0,80,prompt
9,469,8,-14.198714290157426,-3.325499475002289,-16.694576025009155,0.9880431186400074,29.357420071207336,,,0.0,-1,-1,0,80,prompt
9,483,7,-18.501792593982742,15.64964498792376,7.75886903490339,1.3113168740328016,38.96275333654718,,,0.0,-1,-1,0,80,prompt
9,549,7,-1.7915991936161253,-6.872699533190046,-18.449414457593644,2.2162086406475168,65.84952296260451,,,0.0,-1,-1,0,80,prompt
9,613,6,-8.569372031033309,0.29560065269470215,-16.561367352803547,0.9876931179161688,29.347020607782003,,,0.0,-1,-1,0,80,prompt
9,805,7,-20.493202586849474,4.893236705235073,-6.495971952165875,2.423481939359768,72.0081704801502,,,0.0,-1,-1,0,80,prompt
9,1035,9,-31.78440976216406,1.6504334343804254,7.317707697550456,2.6669545307296563,79.24239640189916,,,0.0,-1,-1,0,80,prompt
9,1045,10,-8.415113055033435,-6.06903715133667,-9.8148854970932,1.7760824148818484,52.77218832973662,,,0.0,-1,-1,0,80,prompt
9,1211,10,-31.28100288708408,-16.03445177078247,-14.642403411865235,1.1567307085832736,34.36958233957124,,,0.0,-1,-1,0,80,prompt
9,1267,8,-26.94361406594821,-7.41655695438385,1.9987635612487793,1.8131236393871903,53.872782794937706,,,0.0,-1,-1,0,80,prompt
9,1369,7,-14.698080076629408,-6.979590824672154,-26.443751743861608,1.5180449719570703,45.10520147144045,,,0.0,-1,-1,0,80,prompt
9,1515,8,23.32365806266337,18.56737518310547,21.344449758529663,1.9625500206507254,58.31264271776391,,,0.0,-1,-1,0,80,prompt
9,1677,6,-26.068633503842218,-17.46349302927653,-16.832403024037678,1.3871381689349138,41.21560805795655,,,0.0,-1,-1,0,80,prompt
9,1705,9,3.8365697481876513,-12.045699463950264,-10.462656021118164,3.0004388213935025,89.15111214868044,,,0.0,-1,-1,0,80,prompt
9,1735,6,17.690317284928422,5.394700686136882,-8.49073338508606,1.2578968596465252,37.375500945470854,,,0.0,-1,-1,0,80,prompt
9,1801,7,-32.79456486870208,6.734138216291155,-17.394902774265837,1.6551890050051326,49.18011977459442,,,0.0,-1,-1,0,80,prompt
9,1899,6,-24.826061321898795,-20.437968571980793,6.3230686982472735,1.8920909820563618,56.21911506213353,,,0.0,-1,-1,0,80,prompt
9,1995,7,-19.15708541601113,3.2542398316519603,-6.4418072019304535,2.5945535998844056,77.09116990148475,,,0.0,-1,-1,0,80,prompt
9,2013,14,-12.232398426905162,4.33502687726702,-7.158550160271781,4.422287673408149,131.3980680141425,,,0.0,-1,-1,0,80,prompt
9,2121,8,6.803835949576412,14.749978065490723,-6.281603455543518,1.8665959920607824,55.46159029738269,,,0.0,-1,-1,0,80,prompt
9,2207,9,-35.513594462752835,-1.3486744032965765,-18.34826448228624,1.6525298757317652,49.10110988764806,,,0.0,-1,-1,0,80,prompt
9,2439,6,-38.14567660385969,8.332225799560547,-19.110917727152508,1.3245135951257683,39.35486343516519,,,0.0,-1,-1,0,80,prompt
9,2541,9,-24.669633151682927,-4.196903652615018,-5.019532521565755,1.3527240995950682,40.19307344290846,,,0.0,-1,-1,0,80,prompt
9,2859,10,-32.56552495233148,-21.8374493598938,-29.017882919311525,1.4153273376020876,42.05318412159987,,,0.0,-1,-1,0,80,prompt
9,2913,6,-36.53325959688385,-15.990111668904623,5.005253314971924,1.5858454894948866,47.11973731188299,,,0.0,-1,-1,0,80,prompt
9,3067,6,-9.784464816538174,-8.72019894917806,-32.753233909606934,1.092350613498809,32.45667645524056,,,0.0,-1,-1,0,80,prompt
9,3091,6,-6.288632438879574,19.24171257019043,-2.8650968074798584,1.628751034122427,48.394576509941906,,,0.0,-1,-1,0,80,prompt
9,3507,8,-13.408470311491055,11.625394552946092,24.724271774291992,1.933361586326986,57.44537578224561,,,0.0,-1,-1,0,80,prompt
9,3771,6,-23.27079056512697,-1.1962560017903645,-4.854306538899739,0.9478267389133781,28.162483199420862,,,0.0,-1,-1,0,80,prompt
9,3899,8,-14.75378044640051,5.642958402633667,8.011272668838501,2.2335197804076814,66.36388351252671,,,0.0,-1,-1,0,80,prompt
9,4117,6,-14.152032768558755,-9.925692637761435,-26.088377952575684,0.8900779350038035,26.446610821991897,,,0.0,-1,-1,0,80,prompt
9,4151,10,-36.78845285907296,-22.30856137275696,-20.322583770751955,0.7037254224171389,20.909576162146298,,,0.0,-1,-1,0,80,prompt
9,4157,9,9.924425039169828,14.11182067129347,22.554542647467724,1.599183817918628,47.51605494539123,,,0.0,-1,-1,0,80,prompt
9,4283,7,-12.682774694021674,2.3595215933663503,14.925967829568046,0.958014549129208,28.465190458314122,,,0.0,-1,-1,0,80,prompt
9,4359,12,-16.772815629688854,-2.713515599568685,3.3732609351476035,3.656773053261337,108.65256850068566,,,0.0,-1,-1,0,80,prompt
9,4361,10,-7.409587126231808,25.833593022823333,14.902016639709473,2.834627993964503,84.22442623654347,,,0.0,-1,-1,0,80,prompt
9,4565,6,7.349874781252886,20.479537963867188,17.457403818766277,2.026096241157581,60.20077194427496,,,0.0,-1,-1,0,80,prompt
9,4583,6,-25.165646068876015,19.001538038253784,-11.351417541503906,1.4140875504982398,42.01634671023605,,,0.0,-1,-1,0,80,prompt
9,4633,10,-30.078279098492487,-16.79654541015625,0.44440555572509766,1.6505993073284209,49.043747504849215,,,0.0,-1,-1,0,80,prompt
9,5221,7,-16.732861084522305,5.142648696899414,-25.06478418622698,1.5920707712453765,47.304707186135374,,,0.0,-1,-1,0,80,prompt
9,5561,10,-0.6785371480460156,37.755510330200195,22.931334495544434,3.4523587333192958,102.57886893647142,,,0.0,-1,-1,0,80,prompt
9,5599,6,-3.8159947291587777,-3.103799343109131,-11.610067049662272,1.1974846718323475,35.580492264551474,,,0.0,-1,-1,0,80,prompt
9,5883,6,-24.560783024724994,-7.75950026512146,21.86074988047282,2.004935573241808,59.57203155301981,,,0.0,-1,-1,0,80,prompt
9,5907,7,-0.9150836704892148,8.119763333882604,24.930179868425643,2.003672526973811,59.5345030492942,,,0.0,-1,-1,0,80,prompt
9,5927,6,-15.488603200363825,-17.731380303700764,-5.6117814381917315,0.5054474841082734,15.0182050104515,,,0.0,-1,-1,0,80,prompt
9,5931,9,-38.044327154000634,-33.03329849243164,-29.91781234741211,0.458694345287171,13.629043434276747,,,0.0,-1,-1,0,80,prompt
9,6519,8,-24.91650827791652,-5.431649923324585,-8.723612546920776,3.342704586656469,99.32074913845958,,,0.0,-1,-1,0,80,prompt
10,161,9,-15.299649680815659,15.19568814171685,-23.22580189175076,2.018972780465739,59.98911475650062,,,0.0,-1,-1,0,80,prompt
10,415,6,-35.55942358276974,8.189044316609701,-11.329793930053711,0.9724243918573009,28.893345665458252,,,0.0,-1,-1,0,80,prompt
10,823,8,-11.80832561682585,6.730673789978027,-1.880986213684083,1.3166025842448408,39.11980601182222,,,0.0,-1,-1,0,80,prompt
10,859,8,-23.740821219235965,4.378575921058655,-15.03182566165924,1.8412903901371438,54.7096927619294,,,0.0,-1,-1,0,80,prompt
10,861,6,-38.66944661057439,-0.3279307683308919,-1.4364325205485027,1.7473500490167666,51.91847241549406,,,0.0,-1,-1,0,80,prompt
10,1055,6,23.981211919685624,-0.6651002566019694,-26.627300262451172,2.3889367201348293,70.98173904906609,,,0.0,-1,-1,0,80,prompt
10,1193,6,-7.164493846737536,-12.761604944864908,-3.3578317960103354,1.2324276485859396,36.618742142254824,,,0.0,-1,-1,0,80,prompt
10,1203,8,-32.39454648250865,-10.042316377162933,-7.7075395584106445,1.4042319637825462,41.72351070560997,,,0.0,-1,-1,0,80,prompt
10,1241,7,-6.485511112514834,37.81964438302176,27.320111955915177,1.3160934194500924,39.10467735550864,,,0.0,-1,-1,0,80,prompt
10,1579,11,-21.27633122826529,-20.26539525118741,21.278674732555043,1.915171210065494,56.90489074967233,,,0.0,-1,-1,0,80,prompt
10,1707,6,-41.696866332654686,-37.088561375935875,-12.820180892944336,0.3918564425063592,11.643109468848522,,,0.0,-1,-1,0,80,prompt
10,2037,7,15.421425341137791,15.740700313023158,33.14495686122349,2.54179415785699,75.52354489291903,,,0.0,-1,-1,0,80,prompt
10,2053,9,-28.08071995521925,-17.240253448486328,-20.444196383158367,1.7731347058686742,52.6846039620963,,,0.0,-1,-1,0,80,prompt
10,2147,8,1.8163196710580234,2.4456284046173096,-3.3255006670951843,1.5783388561282305,46.89669503274766,,,0.0,-1,-1,0,80,prompt
10,2247,6,-28.120946798479796,-19.435699144999187,-23.893000841140747,0.9350051552246729,27.781519442651252,,,0.0,-1,-1,0,80,prompt
10,2901,9,-41.019581690093844,-39.41949144999186,9.208316379123264,1.874390685507047,55.693191616708965,,,0.0,-1,-1,0,80,prompt
10,2935,9,12.398876560808478,-17.2956788804796,31.54570982191298,2.5094071988724442,74.56124118187554,,,0.0,-1,-1,0,80,prompt
10,2977,11,-32.20329815988551,-22.59576416015625,-3.8440791910344903,1.131929391164968,33.632668453899164,,,0.0,-1,-1,0,80,prompt
10,3167,8,-29.47794848967142,-20.493393182754517,31.13278764486313,2.0568465244707497,61.11444561650896,,,0.0,-1,-1,0,80,prompt
10,3609,9,-8.343621550630397,-6.506278567843967,-6.970743815104167,1.595586273870032,47.40916223001594,,,0.0,-1,-1,0,80,prompt
10,3889,9,-21.50487398528133,27.66939142015245,-0.9140227635701498,2.8392328152573585,84.36124786962492,,,0.0,-1,-1,0,80,prompt
10,3967,7,-12.917339652173562,-8.582956995282855,-6.820604188101632,1.5624288669264264,46.423966436683294,,,0.0,-1,-1,0,80,prompt
10,4163,6,-3.8753284366896747,8.941900571187336,39.763024965922035,1.1684563198552333,34.71798180636417,,,0.0,-1,-1,0,80,prompt
10,4219,6,-30.732417020130658,-6.563242594401042,-24.510236104329426,0.5709713073668903,16.965094136831443,,,0.0,-1,-1,0,80,prompt
10,4221,6,-14.246031018420403,-23.855843544006348,-12.272018432617188,1.6466481316289634,48.9263474414352,,,0.0,-1,-1,0,80,prompt
10,4317,8,-26.709180080436695,1.8809867799282074,0.7575260400772095,0.9858508064196028,29.29228057520007,,,0.0,-1,-1,0,80,prompt
10,4411,14,-22.549717751271544,4.8239544459751675,-16.01728289467948,5.576915952423293,165.70518151319723,0.33656394481658936,834.197509765625,834.197509765625,6,14,1,80,prompt
10,4595,6,-23.94801245671394,-18.03159922361374,-32.901033560434975,0.8783402099644155,26.09785142256816,,,0.0,-1,-1,0,80,prompt
10,4603,6,-20.195875826841334,9.824082056681315,6.044472058614095,1.3816965015599072,41.053921475658676,,,0.0,-1,-1,0,80,prompt
10,4869,6,-9.6292240325983,16.632119019826252,-35.71385244528452,2.352115831974797,69.88769136965216,,,0.0,-1,-1,0,80,prompt
10,4919,9,-9.232944494776321,-14.856978946261936,3.9787733289930554,2.4734216993581533,73.49201514732007,,,0.0,-1,-1,0,80,prompt
10,5225,7,1.918226466478235,12.522090911865234,-5.193484715053013,1.5369511994470897,45.6669563705083,,,0.0,-1,-1,0,80,prompt
10,5441,8,-5.351419163423531,-16.253381192684174,-1.5668594241142273,2.859001543875495,84.94862999836761,,,0.0,-1,-1,0,80,prompt
10,6523,9,-11.373253642887835,32.96863725450304,14.605114618937174,1.8165880753299064,53.97572051026748,,,0.0,-1,-1,0,80,prompt
11,27,11,-3.539834215026805,2.42358415777033,-0.02811345187100497,3.359095493874386,99.80776710302668,,,0.0,-1,-1,0,80,prompt
11,189,6,-14.592327614479787,-2.369418303171795,5.739635149637858,1.227633046359539,36.47628160690032,,,0.0,-1,-1,0,80,prompt
11,553,7,10.613139480720099,-36.96055603027344,-16.465814999171666,2.435668241929612,72.37025832521327,0.8243812322616577,31.865577697753906,31.865577697753906,7,0,1,80,prompt
11,711,6,-36.06595865133429,-29.92949867248535,-34.97023423512777,0.7979827116923544,23.710213891231085,,,0.0,-1,-1,0,80,prompt
11,771,8,-3.8208203461581096,-23.38934898376465,-38.93164986371994,2.306932049820541,68.54515960349374,,,0.0,-1,-1,0,80,prompt
11,791,10,20.511645533914656,-21.63514838218689,1.3329710006713866,3.8252409922089807,113.658204346846,,,0.0,-1,-1,0,80,prompt
11,799,8,-15.906174609150739,9.79290509223938,4.616491913795471,2.9462756431408774,87.54177835913623,,,0.0,-1,-1,0,80,prompt
11,923,6,-19.42560227901278,-43.69799359639486,-4.318531195322674,1.3407050630570683,39.83595552179693,,,0.0,-1,-1,0,80,prompt
11,1135,6,-18.301020323092295,-20.691999117533367,-15.305067698160807,0.588786994721308,17.494446153614728,,,0.0,-1,-1,0,80,prompt
11,1219,7,-31.312144706701666,-13.080299786158971,-36.57212897709438,1.7001769717916082,50.516833339198776,,,0.0,-1,-1,0,80,prompt
11,1335,8,-20.205930699955136,30.44218111038208,32.385674238204956,1.9010804292848607,56.486215731645046,,,0.0,-1,-1,0,80,prompt
11,1555,6,-22.963931984311415,-11.140424410502115,17.49288324515025,0.9144099418016547,27.16958022612399,,,0.0,-1,-1,0,80,prompt
11,1575,7,-4.250580432481441,-33.54004267283848,-4.880728857857841,1.6792782896787604,49.89587725120336,,,0.0,-1,-1,0,80,prompt
11,1589,6,-42.468485032362594,-18.16554296016693,-9.371444702148438,0.9084656802994274,26.992960219727724,,,0.0,-1,-1,0,80,prompt
11,1597,7,-34.1979097109399,-0.35234410422188894,-0.9970204489571712,1.7063878475025591,50.701375171246966,,,0.0,-1,-1,0,80,prompt
11,1663,10,-38.30827562208385,-20.03613739013672,-7.264453125,3.32111373083144,98.67922670670103,,,0.0,-1,-1,0,80,prompt
11,1699,8,-12.202494796162581,7.794140607118607,14.380580991506578,3.203622556821666,95.18824773524483,,,0.0,-1,-1,0,80,prompt
11,1983,8,7.693469344073173,-22.05914968252182,-17.680574893951416,2.706378931901502,80.4138014594545,,,0.0,-1,-1,0,80,prompt
11,2075,6,-29.63039151063417,14.142613728841146,-0.038421630859375,0.6007990898120142,17.851357825646364,,,0.0,-1,-1,0,80,prompt
11,2099,8,1.3037921215571533,15.32154893875122,-16.741814523935318,2.3860028314649746,70.89456532101903,,,0.0,-1,-1,0,80,prompt
11,2649,10,6.7750332428193945,-15.136567306518554,-26.884020805358887,2.6799233829641014,79.62773590349101,,,0.0,-1,-1,0,80,prompt
11,2677,6,-2.9237702382199817,13.773112932840982,-10.224441210428873,2.86317042487384,85.07249867209889,0.33502039313316345,114.390380859375,114.390380859375,5,2,1,80,prompt
11,2871,6,31.580325734740043,1.4364312489827473,1.8983065287272136,1.707233312000728,50.72649619679716,,,0.0,-1,-1,0,80,prompt
11,3113,6,10.420783613522254,6.872700055440267,-19.517367680867512,1.8763229864480306,55.75060547786367,,,0.0,-1,-1,0,80,prompt
11,3173,7,-3.371339846603741,-23.45269230433873,-1.9048752784729004,1.1440067235810367,33.99151850243365,,,0.0,-1,-1,0,80,prompt
11,3477,12,0.992062734813293,23.061418533325195,38.51281340916952,3.3645312821412143,99.96927900119874,0.43544116616249084,252.43832397460938,340.876220703125,4,13,2,80,prompt
11,3521,9,-23.78634272987736,-11.99643269677957,-14.240656216939291,2.456338042668905,72.98441373163604,,,0.0,-1,-1,0,80,prompt
11,3815,7,-32.40338261308297,-8.689847673688616,21.57426861354283,1.8730938099448762,55.65465795361223,,,0.0,-1,-1,0,80,prompt
11,3835,6,-21.236703991188577,-21.67117436726888,-0.19545904795328775,0.5903798560190926,17.541774349471808,,,0.0,-1,-1,0,80,prompt
11,4077,6,-24.448632792714903,9.805607398351034,-14.707777659098307,1.4851051350058544,44.12647026810492,0.29293063282966614,149.71371459960938,149.71371459960938,6,14,1,80,prompt
11,4111,8,-30.208060473259266,-19.509599328041077,7.004334330558777,1.8123135850972178,53.84871390196881,,,0.0,-1,-1,0,80,prompt
11,4147,7,-7.6323346318977405,-2.7118659700666154,9.960034234183174,2.471048467315416,73.42150003650082,,,0.0,-1,-1,0,80,prompt
11,4149,10,-0.07741908049795124,6.166031002998352,-1.6684162139892578,3.4739803704336962,103.22130596317568,,,0.0,-1,-1,0,80,prompt
11,4323,9,0.5013064372172293,-15.928528997633192,13.563376214769152,1.712115448452519,50.871557609559666,,,0.0,-1,-1,0,80,prompt
11,4377,6,19.400783636711143,-15.81459935506185,-14.869433800379435,1.7737436395211976,52.70269701967181,,,0.0,-1,-1,0,80,prompt
11,4409,7,-42.838087211507904,-36.96055657523019,-47.53044400896345,1.040579428587843,30.918415225196874,,,0.0,-1,-1,0,80,prompt
11,4825,10,-13.076159233394538,-10.30073595046997,42.35502529144287,3.640272302154645,108.16228677857175,,,0.0,-1,-1,0,80,prompt
11,4833,6,35.943962519295084,15.962400118509928,21.52043342590332,1.7769011734072766,52.79651584896568,,,0.0,-1,-1,0,80,prompt
11,5111,8,-42.21698540596064,-11.843628406524658,-24.450612545013428,0.7037994408929709,20.911775450261388,,,0.0,-1,-1,0,80,prompt
11,5443,9,-43.89435863139732,-11.100395096672905,-20.653580056296455,1.4855717038745047,44.1403332848202,,,0.0,-1,-1,0,80,prompt
11,5467,6,-16.46549852687415,-23.878937403361004,19.32337824503581,1.1728603554434192,34.84883755580643,,,0.0,-1,-1,0,80,prompt
11,5747,6,-32.08181792581032,3.4963945547739663,-3.0345195134480796,0.8360988361893107,24.842746527948208,,,0.0,-1,-1,0,80,prompt
11,5813,8,4.541518447424695,2.7920347452163687,2.258568048477173,2.815121271801989,83.64482902470772,,,0.0,-1,-1,0,80,prompt
11,5909,7,30.06235047781517,30.942985807146346,16.10572828565325,2.745802873262326,81.58519285478695,0.6171239614486694,967.6627807617188,967.6627807617188,5,15,1,80,prompt
11,5977,7,-32.16847603356599,-15.285422801971436,5.163072858537946,1.5958572878639874,47.417214785127776,,,0.0,-1,-1,0,80,prompt
11,6167,7,-34.74223689693031,-16.405799048287527,1.6594206265040807,0.7450700496499282,22.138036303674493,,,0.0,-1,-1,0,80,prompt
11,6351,8,6.43200685617355,5.8438732624053955,-15.360911250114441,1.9691972440950347,58.5101496152669,,,0.0,-1,-1,0,80,prompt
11,6485,6,-21.622040044232502,3.884369214375814,-4.686561266581216,1.561425416473762,46.39415122325409,,,0.0,-1,-1,0,80,prompt
11,6505,8,-4.6287254965542495,12.25585389137268,33.38332521915436,1.9332468316027818,57.44196611056219,,,0.0,-1,-1,0,80,prompt
11,6559,7,22.60096427964084,10.455530439104352,30.608543940952845,1.861032259799038,55.29627683879944,,,0.0,-1,-1,0,80,prompt
12,503,7,-9.60584107490495,-8.329585211617607,-6.084243501935687,1.818162160680317,54.02249082219834,,,0.0,-1,-1,0,80,prompt
12,513,7,-19.542173036766133,15.772371019635882,-2.8141683850969588,1.6801045620559765,49.92042802719029,,,0.0,-1,-1,0,80,prompt
12,823,7,-43.50250261914861,8.305832317897252,2.188657147543771,1.1929822134432269,35.446712108818495,,,0.0,-1,-1,0,80,prompt
12,855,6,-0.02394678723231299,1.5195687611897786,-6.295356750488281,0.9594813739543544,28.50877377138041,,,0.0,-1,-1,0,80,prompt
12,1267,12,-18.468847112848145,6.838059266408284,32.84329795837402,3.2010243347015637,95.11104756373494,,,0.0,-1,-1,0,80,prompt
12,1279,10,-3.3482120116313014,-12.991619491577149,-14.468819904327393,2.7882606182057974,82.84672671911603,,,0.0,-1,-1,0,80,prompt
12,1417,8,-38.10147524190598,-10.61388635635376,-19.91032910346985,0.6808818947684361,20.230833479322595,,,0.0,-1,-1,0,80,prompt
12,1459,6,-22.52582459571728,34.866943359375,14.60469357172648,2.9744461176688666,88.37879896959477,0.2929815649986267,315.90130615234375,594.3900146484375,4,7,2,80,prompt
12,1517,6,-14.553686715754537,13.260431289672852,18.384301503499348,1.447160292918516,42.99902689273185,,,0.0,-1,-1,0,80,prompt
12,1673,7,-28.475020581273196,7.66844483784267,-8.043913194111415,1.3337562634752804,39.629487985649355,,,0.0,-1,-1,0,80,prompt
12,1719,7,-3.166081670326762,17.415327617100306,-11.796977043151855,2.0119475301296923,59.78037566270015,,,0.0,-1,-1,0,80,prompt
12,1743,10,-9.729827652331409,24.949564337730408,-8.048716163635254,2.6255727889546807,78.01283348744015,,,0.0,-1,-1,0,80,prompt
12,1747,11,-21.001814270008254,-18.88732793114402,-24.254792820323598,1.9777826176680988,58.765244169034574,,,0.0,-1,-1,0,80,prompt
12,1783,7,-22.838796014923428,-20.946690695626394,-20.418262890407018,0.5959688793375375,17.707839273412787,,,0.0,-1,-1,0,80,prompt
12,1807,6,-19.68282357522507,-1.598086675008138,-8.286037921905518,0.8527950475362363,25.338835899821,,,0.0,-1,-1,0,80,prompt
12,2233,6,3.915239748743531,-36.06319936116537,-5.3208004633585615,1.1648237228994192,34.61004757478122,,,0.0,-1,-1,0,80,prompt
12,2459,8,-0.2241572388035884,-5.182236433029175,6.226177453994751,1.4007376982310855,41.61968667232712,,,0.0,-1,-1,0,80,prompt
12,3345,8,-38.944556736238816,-0.9041194915771484,-10.470759153366089,1.308564023201556,38.88095872989329,,,0.0,-1,-1,0,80,prompt
12,3525,9,-0.2733285236608541,-17.973095628950333,13.459665086534288,1.5161310616131465,45.048334044417075,,,0.0,-1,-1,0,80,prompt
12,3779,8,-0.8032601278887697,-0.3464055061340332,10.383052587509155,1.9778491608885143,58.76722134719387,,,0.0,-1,-1,0,80,prompt
12,4079,7,14.262412552026676,10.229871477399554,11.741728714534215,2.2037349830728608,65.47889702702021,,,0.0,-1,-1,0,80,prompt
12,4153,9,-13.062922321361519,-25.015149222479927,-3.483027935028076,1.2527694030310543,37.22315041044111,,,0.0,-1,-1,0,80,prompt
12,4311,8,-23.914734345364707,7.638258934020996,2.2193603515625,1.1342274880440535,33.70095109680295,,,0.0,-1,-1,0,80,prompt
12,4505,7,-10.31849167837538,-31.093424252101354,-3.051704134259905,0.915135685710464,27.191144030772886,,,0.0,-1,-1,0,80,prompt
12,4847,8,-54.128127624130066,0.1558828353881836,1.8244573473930359,1.0528400831384515,31.282712267704095,,,0.0,-1,-1,0,80,prompt
12,4865,9,-12.648641792519985,16.25492106543647,27.80144288804796,2.7871501639122402,82.81373213360573,,,0.0,-1,-1,0,80,prompt
12,5113,6,-47.680030531527024,-8.392268180847168,-1.8244062264760348,1.714369150346867,50.938521157991346,,,0.0,-1,-1,0,80,prompt
12,5541,8,-30.35871459515441,-3.8277885913848877,27.56826663017273,1.7475273347331777,51.923740051239,,,0.0,-1,-1,0,80,prompt
12,5923,7,-51.12670354463687,3.511570317404611,-27.75685637337821,2.014866623310717,59.867109776956504,,,0.0,-1,-1,0,80,prompt
12,6263,10,9.001845320469053,-30.320246505737305,8.181736183166503,4.32491279191109,128.50479823009903,,,0.0,-1,-1,0,80,prompt
12,6563,8,-16.562416773742225,4.035633683204651,3.293219804763794,1.1219912855777683,33.3373805915263,,,0.0,-1,-1,0,80,prompt
13,43,6,-11.323252562749454,19.897575696309406,5.386933247248332,1.5078333532691501,44.801786798768156,,,0.0,-1,-1,0,80,prompt
13,177,10,-1.0040966547872188,-22.89606695175171,11.521091842651368,3.4909694158478684,103.72609622325983,,,0.0,-1,-1,0,80,prompt
13,451,6,-22.61231387997819,0.07390085856119792,-1.1162675221761067,1.683145822696727,50.01079206545153,,,0.0,-1,-1,0,80,prompt
13,461,6,-39.923932222394114,27.07511329650879,8.691016038258871,1.4308238329954521,42.51362670382313,,,0.0,-1,-1,0,80,prompt
13,509,8,-19.288060468326208,-2.511444926261902,-9.661270380020142,2.789187683404565,82.87427232108439,,,0.0,-1,-1,0,80,prompt
13,573,6,-12.566223302952162,0.6512441635131836,4.069118499755859,1.1621644141187948,34.53103235419115,,,0.0,-1,-1,0,80,prompt
13,763,6,-35.23568343313435,-18.396480719248455,-22.282528241475422,0.9914658001532908,29.45911715006936,,,0.0,-1,-1,0,80,prompt
13,973,7,-1.269331167311364,-22.823222466877528,-1.259570802961077,0.8925035936176677,26.518683667329434,,,0.0,-1,-1,0,80,prompt
13,1549,6,-2.6868431925540466,0.7066694895426432,1.648893674214681,1.434143203502144,42.61225413464928,,,0.0,-1,-1,0,80,prompt
13,1619,8,-28.98347097620457,-16.294948935508728,-29.115601062774658,1.4073488033998072,41.81612039866108,,,0.0,-1,-1,0,80,prompt
13,1625,8,-43.34409110717786,-30.69505763053894,8.426960468292236,1.8131043606698805,53.87220997236365,,,0.0,-1,-1,0,80,prompt
13,1699,10,-9.709312905018972,-8.89848346710205,-3.899148941040039,3.207799869467357,95.31236693591,,,0.0,-1,-1,0,80,prompt
13,1787,6,-35.78467064040998,-22.179238001505535,25.28786261876424,1.2395084122438138,36.82913068624395,,,0.0,-1,-1,0,80,prompt
13,1821,6,-34.1346497061869,-43.24997520446777,-18.011654218037922,1.5816391444134281,46.99475547941923,,,0.0,-1,-1,0,80,prompt
13,1969,6,-35.40470128456887,-6.937361399332683,-16.9415758450826,1.0569837212137927,31.405830906259343,,,0.0,-1,-1,0,80,prompt
13,2043,8,-17.82131975034696,-8.73982858657837,13.337898731231691,2.6338568863159275,78.25897631416174,,,0.0,-1,-1,0,80,prompt
13,2067,7,-7.455635933150534,3.2581987380981436,7.9251444680350165,2.757168056597496,81.92288303759611,,,0.0,-1,-1,0,80,prompt
13,2557,6,-23.555491257777817,-14.68762477238973,1.1824003855387382,1.918910085378898,57.01598279727503,,,0.0,-1,-1,0,80,prompt
13,2755,6,-14.591455759410472,-9.505387345949808,-1.5518999099731445,1.6343498141109492,48.560931330807975,,,0.0,-1,-1,0,80,prompt
13,3015,9,24.052338191916597,7.4238702985975475,-6.65050972832574,2.679156728730952,79.60495654300833,,,0.0,-1,-1,0,80,prompt
13,3019,8,-7.808614311640426,-0.26673266291618347,-9.602536261081696,2.0704809396273873,61.51956078367858,,,0.0,-1,-1,0,80,prompt
13,3095,7,3.6834467824602593,1.0253624916076671,3.934544699532645,1.7229155182145506,51.19245674728021,,,0.0,-1,-1,0,80,prompt
13,3185,10,3.9692591405467015,-7.706845664978028,-11.395503997802734,2.840502011032412,84.39895909175472,,,0.0,-1,-1,0,80,prompt
13,3561,8,-41.16163012083059,-1.718174457550048,-30.673326075077057,1.5344439307082878,45.59245866873013,,,0.0,-1,-1,0,80,prompt
13,3701,10,-1.759813748375614,3.705161285400391,8.314755821228028,3.5014708864267945,104.03812317566178,,,0.0,-1,-1,0,80,prompt
13,3969,6,-24.85127852245972,-3.4409681955973306,-1.196257472038269,0.6358009411264336,18.891357024994797,,,0.0,-1,-1,0,80,prompt
13,4075,9,-37.993151612859634,-1.6565912034776475,-7.855444696214464,1.128700032333184,33.536715512173465,,,0.0,-1,-1,0,80,prompt
13,4087,6,-40.159867485511015,3.214651107788086,-18.907692750295002,0.9159409993932379,27.21507206754402,,,0.0,-1,-1,0,80,prompt
13,4105,6,-20.870391775362407,-40.497198740641274,-21.586567560831707,0.5433259719736465,16.143676823317843,,,0.0,-1,-1,0,80,prompt
13,4239,6,-21.473511109374794,-14.525968233744303,-31.944952646891277,1.406853449840432,41.80140211131916,,,0.0,-1,-1,0,80,prompt
13,4269,7,0.07699751484952141,5.586048398699079,12.026594161987305,1.1886653459043401,35.3184463567071,,,0.0,-1,-1,0,80,prompt
13,4455,9,-23.06018258017678,8.116683748033312,3.54978879292806,1.4819105516811533,44.031550600282316,,,0.0,-1,-1,0,80,prompt
13,4473,7,-42.53322789784064,-37.97008296421596,-9.22367422921317,1.3906603426372606,41.32026131750851,,,0.0,-1,-1,0,80,prompt
13,4529,6,-51.09552179933891,-1.5519002278645833,-47.61490058898926,2.2415262044271294,66.60177591699046,,,0.0,-1,-1,0,80,prompt
13,4851,7,-7.785137940903932,-24.70767320905413,1.2399515424455916,1.671858042517158,49.67540173870225,,,0.0,-1,-1,0,80,prompt
13,5201,7,-54.23141060357055,-35.990618569510325,-32.428392682756694,0.35879229530214785,10.66068467335341,,,0.0,-1,-1,0,80,prompt
13,5659,6,-34.90662177522512,-31.310504913330078,-34.43907833099365,0.30997762514225413,9.210269453120933,,,0.0,-1,-1,0,80,prompt
13,5835,6,-32.1887213880973,-29.116599400838215,2.9161082108815513,1.109529209149897,32.96709876298009,,,0.0,-1,-1,0,80,prompt
13,5849,6,-29.93685153319044,-29.869455019632976,0.3726472854614258,0.7424544288315733,22.060319170016264,,,0.0,-1,-1,0,80,prompt
13,5939,7,2.416940724407091,29.996802738734655,5.127619198390415,1.841765493053491,54.72380934816853,,,0.0,-1,-1,0,80,prompt
13,5951,9,-2.9724458662268614,12.726196500990126,16.40236767133077,2.3682034574775996,70.36569801827305,,,0.0,-1,-1,0,80,prompt
13,6431,8,-41.45167491621976,-3.6199450492858887,11.951170265674591,2.0167980181826883,59.92449671636244,,,0.0,-1,-1,0,80,prompt
13,6499,7,8.536662328209292,8.95509661946978,-1.675257750919887,1.2259352135234802,36.42583442414227,,,0.0,-1,-1,0,80,prompt
14,555,9,-13.144784487066708,22.85665448506673,1.3420259687635634,2.6311255823430817,78.17782192265771,,,0.0,-1,-1,0,80,prompt
14,607,6,-19.595417246965873,6.212219874064128,-9.779365102450052,1.1266331519243977,33.475302932850816,,,0.0,-1,-1,0,80,prompt
14,759,7,3.400988249843747,-25.2144159589495,-4.059970378875732,1.8474607046092386,54.893029410413,,,0.0,-1,-1,0,80,prompt
14,839,10,9.077640835127465,-16.58315944671631,-1.5519001960754395,1.770254680239402,52.599030649940886,,,0.0,-1,-1,0,80,prompt
14,991,7,-33.127539243551404,-10.602010454450335,-10.779532841273717,1.3353358010416099,39.676420297588145,,,0.0,-1,-1,0,80,prompt
14,1167,7,-39.013101572181746,-23.436856474195206,-13.050696645464214,1.3718824088506723,40.762318369632936,,,0.0,-1,-1,0,80,prompt
14,1187,7,-18.68999731972795,-5.613759994506836,-17.183818544660294,1.0847409443825982,32.23057270669667,,,0.0,-1,-1,0,80,prompt
14,1489,6,-11.472653352676476,-22.37322489420573,34.34984954198202,1.9666111896260392,58.43331097741694,,,0.0,-1,-1,0,80,prompt
14,1649,6,-4.593732053659102,0.26326942443847656,15.511439402898153,2.003807035959249,59.53849967324143,0.36762768030166626,270.87127685546875,270.87127685546875,4,7,1,80,prompt
14,1889,6,-22.75460426256375,-27.02430534362793,-16.205723762512207,0.443784419835749,13.186029423602506,,,0.0,-1,-1,0,80,prompt
14,1941,6,20.061921075996853,24.904300689697266,13.317533175150553,1.69907949298857,50.48422429043137,,,0.0,-1,-1,0,80,prompt
14,2339,7,-51.772873781052944,-23.721899032592773,-37.01553004128592,1.4809562194129056,44.003194820298724,,,0.0,-1,-1,0,80,prompt
14,2453,9,-5.5927474302105065,3.473300721910265,-39.771144443088104,2.901772964897366,86.2194840231493,,,0.0,-1,-1,0,80,prompt
14,2503,12,-43.274058329186204,-4.521755933761597,16.596110184987385,3.599664046984963,106.95570623275907,,,0.0,-1,-1,0,80,prompt
14,3031,9,-14.466558080578396,0.6651005215115018,-6.5006118350558815,2.2272007894543906,66.17612928566942,,,0.0,-1,-1,0,80,prompt
14,3191,10,-3.787475579179305,18.12674674987793,-37.21246910095215,3.037330816209928,90.24727259821768,,,0.0,-1,-1,0,80,prompt
14,3203,8,-5.9470844147191855,15.997040867805481,13.880652785301208,2.042312091764901,60.68258850582979,,,0.0,-1,-1,0,80,prompt
14,3481,7,-10.1189865155974,-8.07621329171317,6.225502831595285,0.9245487602559255,27.47083180793496,,,0.0,-1,-1,0,80,prompt
14,3527,6,-17.26245435462269,-1.4040988286336262,-20.847567876180012,0.9856586628761895,29.28657147342957,,,0.0,-1,-1,0,80,prompt
14,3619,6,-15.105853162906081,0.4618752797444661,14.342895348866781,1.429529537298091,42.475169695452784,,,0.0,-1,-1,0,80,prompt
14,3769,6,-4.416333381554525,9.426868756612143,-11.653106689453125,2.5319961363666037,75.23241930605607,,,0.0,-1,-1,0,80,prompt
14,4173,7,-14.476451692550866,30.163077763148717,17.89912278311593,1.369932566396286,40.70438330290743,,,0.0,-1,-1,0,80,prompt
14,4247,6,-5.461137902296268,19.241712888081867,1.0807870229085286,1.167954755784113,34.7030789880046,,,0.0,-1,-1,0,80,prompt
14,4325,9,-40.04606120718641,-17.806820180681015,13.793194876776802,1.841443002069711,54.7142272731544,,,0.0,-1,-1,0,80,prompt
14,4359,6,-23.59985222303621,-17.514299750328064,-30.691800673802693,1.5876787564476071,47.17420860672665,,,0.0,-1,-1,0,80,prompt
14,4549,13,-23.615357089334694,-12.698720345130333,10.92061211512639,4.93422117628148,146.60899009724318,,,0.0,-1,-1,0,80,prompt
14,4601,12,-22.218684177567738,36.59666617711385,25.03761116663615,3.2753704642146624,97.32007115147947,,,0.0,-1,-1,0,80,prompt
14,4655,12,-20.210945902129076,11.983347137769064,22.579700628916424,2.500503878374461,74.29669956931144,,,0.0,-1,-1,0,80,prompt
14,4801,6,-19.836674018356618,16.872294028600056,5.4070844650268555,2.348377035924717,69.77660167717613,,,0.0,-1,-1,0,80,prompt
14,4879,8,-21.574234812100453,3.4813833236694336,-12.56305193901062,1.5414557970937095,45.80080008933873,,,0.0,-1,-1,0,80,prompt
14,5157,6,18.95469398570624,32.5344754854838,-9.476204713185629,1.7773364619425114,52.80944944279372,,,0.0,-1,-1,0,80,prompt
14,5443,10,-28.426261870906195,13.728772926330567,8.661161804199219,1.6860708092035188,50.097701286276525,,,0.0,-1,-1,0,80,prompt
14,5527,6,-15.89661562731146,6.512438456217448,28.631837209065754,0.8426874881036845,25.038513107669424,,,0.0,-1,-1,0,80,prompt
14,5599,8,-33.949002141396605,11.029575824737549,-5.992829322814941,1.163716225655895,34.57714085118539,,,0.0,-1,-1,0,80,prompt
14,5601,6,-14.292654179556429,-8.715580622355143,-24.869027455647785,1.6778237164067908,49.85265796475325,,,0.0,-1,-1,0,80,prompt
14,5895,8,-53.901287036725066,-35.01128005981445,-34.49528968334198,2.3031320412190412,68.43225112138016,,,0.0,-1,-1,0,80,prompt
14,6157,8,-1.7518076804698612,-19.3190758228302,-11.975264430046082,0.9820067460441544,29.178063196330555,,,0.0,-1,-1,0,80,prompt
14,6345,6,-4.188380380848397,2.263188362121582,1.1731624603271473,1.1610449567465608,34.497770262984325,,,0.0,-1,-1,0,80,prompt
14,6361,6,-18.70279419776779,-30.05882453918457,-14.547592163085938,1.103786394255182,32.79646427742506,,,0.0,-1,-1,0,80,prompt
14,6847,8,-20.05730603535941,-8.646299362182617,-3.0968730449676514,1.433509350758385,42.59342066381105,,,0.0,-1,-1,0,80,prompt
15,27,7,-7.728121780826996,-2.2328352246965673,2.87624944959368,1.582232641551373,47.01238987660393,,,0.0,-1,-1,0,80,prompt
15,371,9,-9.873329449681968,28.346808751424152,15.889127625359428,3.1364032534772814,93.19098133264968,,,0.0,-1,-1,0,80,prompt
15,397,6,-34.00248385441002,-36.18790626525879,13.258960564931234,2.7399720025500507,81.41194199391686,,,0.0,-1,-1,0,80,prompt
15,473,11,-13.24238690252044,5.152006246826866,7.190535241907293,2.5406021949073283,75.48812846588022,,,0.0,-1,-1,0,80,prompt
15,485,8,-16.151629178281965,-14.933573246002197,5.786241769790649,2.0394183363805407,60.596607245701264,0.5145559310913086,160.35891723632812,264.1563415527344,0,5,2,80,prompt
15,537,12,-3.559889756074416,36.60128434499105,-11.548449357350668,8.665676418026074,257.4805674020769,,,0.0,-1,-1,0,80,prompt
15,745,6,-23.89340703316714,-17.52815532684326,-34.00491587320963,0.7320877890754053,21.752298404214457,,,0.0,-1,-1,0,80,prompt
15,1207,6,-15.052638080167606,14.064093987147013,-6.2768815358479815,1.247035302104916,37.05277484034347,,,0.0,-1,-1,0,80,prompt
15,1297,8,-7.320687440673861,3.7550443410873413,12.940633594989777,1.5643527468567568,46.48113008694891,,,0.0,-1,-1,0,80,prompt
15,1651,6,-40.16832304473181,-33.03329849243164,-33.640034675598145,0.2966397337766234,8.81396480578538,,,0.0,-1,-1,0,80,prompt
15,1721,6,-33.1058097102667,-5.75034280618032,10.395334879557291,1.0544068551045482,31.32926527930525,,,0.0,-1,-1,0,80,prompt
15,1793,6,-9.83628955846833,-8.946518143018087,12.078031222025553,0.7276518783397568,21.620495558358844,,,0.0,-1,-1,0,80,prompt
15,2491,7,-23.273652173566113,3.7966130120413646,-11.360233988080706,3.5651888724891014,105.93135601907984,,,0.0,-1,-1,0,80,prompt
15,2765,14,-4.696769058964364,2.523817607334682,4.636623791285923,3.619516900658879,107.54558794330589,,,0.0,-1,-1,0,80,prompt
15,2793,8,-1.5705101293192776,-12.754677757620811,-14.45096606016159,2.9973304243603622,89.05875330752421,,,0.0,-1,-1,0,80,prompt
15,2997,7,-47.19789709647937,-32.65324183872768,-39.04250117710659,0.6408911834881792,19.042601824395568,,,0.0,-1,-1,0,80,prompt
15,3039,6,-30.586474100859135,8.526212056477865,2.7080578804016113,1.4421251841485874,42.84942026071918,,,0.0,-1,-1,0,80,prompt
15,3057,7,-39.08380161067715,-31.91292245047433,-22.62734522138323,1.5626882202700936,46.431672522494,,,0.0,-1,-1,0,80,prompt
15,3273,7,-19.823034165709778,-1.3539530890328533,-0.29881129946027485,1.0298151059767182,30.5985782315323,,,0.0,-1,-1,0,80,prompt
15,3717,7,-29.07483058528259,6.9479201180594305,-16.546430860246932,1.836723519245072,54.57399873738717,,,0.0,-1,-1,0,80,prompt
15,4087,7,6.185213091653724,-33.66672842843192,-28.267557416643417,2.207296593237206,65.58472204998931,,,0.0,-1,-1,0,80,prompt
15,4139,8,1.0918733033674592,6.540149927139282,-45.416375398635864,2.727543835101872,81.04266769241302,,,0.0,-1,-1,0,80,prompt
15,4159,7,-27.29517908653697,-12.157869611467634,6.151544025966099,1.4701464409057081,43.68200720963116,,,0.0,-1,-1,0,80,prompt
15,4179,6,-1.0376941134002873,-16.3318993250529,-12.553762753804525,1.813994726139692,53.89866512661858,,,0.0,-1,-1,0,80,prompt
15,4191,6,-7.043888055506646,-19.952999114990234,-16.856966892878216,1.1791013749036907,35.03427503976964,,,0.0,-1,-1,0,80,prompt
15,4195,6,-39.25302362163002,18.451906363169353,36.044931411743164,2.1753717300693616,64.63614844924984,,,0.0,-1,-1,0,80,prompt
15,4199,8,-8.596507752096585,3.8139328956604004,11.557369947433472,1.4309035691840242,42.515995880571204,,,0.0,-1,-1,0,80,prompt
15,4345,7,21.70912874105491,-0.6650990758623395,-23.44018609183175,1.4880344512159682,44.213508136067674,,,0.0,-1,-1,0,80,prompt
15,4483,15,-20.88172045611685,7.41217013100783,10.079748153686523,3.103364838437099,92.20932110899817,,,0.0,-1,-1,0,80,prompt
15,4567,7,-11.814595718794257,16.58791058404105,15.728192601885114,1.9953612330841546,59.287552140522365,,,0.0,-1,-1,0,80,prompt
15,4605,6,-17.454900507550523,-20.93679345647494,-6.1276110013326,1.0434092963958026,31.002498213496622,,,0.0,-1,-1,0,80,prompt
15,4855,7,-12.591207216533466,-25.166908264160156,-1.4879271643502372,0.6306735132425757,18.7390073436586,,,0.0,-1,-1,0,80,prompt
15,4989,6,-23.01309597210465,16.996999740600586,-25.88830057779948,1.937394495305029,57.565204361326565,,,0.0,-1,-1,0,80,prompt
15,5313,13,-31.983789664749374,-22.952344600970928,-28.16272999690129,3.8563227758508427,114.58172778597739,,,0.0,-1,-1,0,80,prompt
15,5597,16,14.448469990296665,32.25215411186218,-28.30036497116089,5.105399569522838,151.6951608348301,,,0.0,-1,-1,0,80,prompt
15,5683,8,-41.40639690696309,-18.7578986287117,-41.76982116699219,1.8125278473873487,53.85508021123013,,,0.0,-1,-1,0,80,prompt
15,5685,15,-22.46310147195194,9.058292484283447,14.64492073059082,5.318241102862557,158.01925558836143,0.5390843749046326,51.226566314697266,51.226566314697266,6,15,1,80,prompt
15,5821,7,-20.308811849565295,-13.373259816850934,-7.9607759203229636,1.0724306930498428,31.864802010317266,,,0.0,-1,-1,0,80,prompt
15,6089,7,-24.42156461865925,14.00668934413365,10.99997091293335,1.400095438165807,41.60060339734079,,,0.0,-1,-1,0,80,prompt
15,6095,6,25.7772209621092,2.7342999974886575,-14.647733370463053,1.8406251359117656,54.68992626856475,,,0.0,-1,-1,0,80,prompt
15,6183,9,-27.38029027871619,-13.739240540398491,-21.925276120503742,1.6055078929118864,47.70396023275811,,,0.0,-1,-1,0,80,prompt
15,6199,6,-17.936497006333727,-4.129162470499675,-0.019946734110514324,1.0215333156072246,30.352503951744225,,,0.0,-1,-1,0,80,prompt
15,6483,7,34.59548948942053,44.83486638750349,21.207527024405344,2.144211402469947,63.71029125776248,,,0.0,-1,-1,0,80,prompt
15,6761,6,14.493879711413605,14.239606459935507,8.152093728383383,1.4945817531722545,44.40804609725332,,,0.0,-1,-1,0,80,prompt
15,6819,12,-47.02190721570855,-11.768574714660645,39.96624946594238,3.31000409256098,98.3491294554859,,,0.0,-1,-1,0,80,prompt
15,6833,6,-32.20953412438266,-38.862162272135414,-5.439417362213135,1.0840968304783167,32.21143434916454,,,0.0,-1,-1,0,80,prompt
16,471,6,-10.55076200797223,-29.814029932022095,0.3818851312001546,1.2509509301144153,37.16911868622307,,,0.0,-1,-1,0,80,prompt
16,515,6,-18.98483413628171,1.7551250457763672,-17.281891504923504,0.9160718053490559,27.218958664515668,,,0.0,-1,-1,0,80,prompt
16,541,12,-35.72063585645864,-7.796449661254883,-24.221667448679607,2.197472091951687,65.29280967715069,,,0.0,-1,-1,0,80,prompt
16,757,6,16.86687384329036,-7.320718288421631,22.58736451466878,2.547449252583095,75.69157297619262,,,0.0,-1,-1,0,80,prompt
16,823,7,-26.08837551794384,-31.18447984967913,-20.79958050591605,2.0389451457507355,60.582547478641644,,,0.0,-1,-1,0,80,prompt
16,1019,7,-33.343008931150926,-31.5843323298863,19.201610837663925,1.8541604480310616,55.0920968177894,,,0.0,-1,-1,0,80,prompt
16,1361,9,8.68832698905209,3.4609835545221963,-24.11148320304023,3.1725008161848347,94.26353706626085,,,0.0,-1,-1,0,80,prompt
16,1603,8,-29.988193284355525,-25.156021101400256,5.867018163204193,1.618188027648092,48.08072116048228,,,0.0,-1,-1,0,80,prompt
16,2109,6,-14.776911432476561,-11.191230535507202,-20.473448753356934,0.7941472201502445,23.596251115460458,,,0.0,-1,-1,0,80,prompt
16,2305,6,1.4646851886367014,-31.18579896291097,-11.979566971460978,0.9972655792488252,29.631444195332495,,,0.0,-1,-1,0,80,prompt
16,2315,11,-24.294577534157973,-21.812256466258656,-1.0870298905806108,2.431690891846777,72.25208055042873,,,0.0,-1,-1,0,80,prompt
16,2609,9,-42.409392117487634,-33.393561045328774,-26.5707581837972,0.3979550265236287,11.824314812478645,,,0.0,-1,-1,0,80,prompt
16,2813,8,6.2248230061010155,11.881734371185303,-2.81974720954895,2.534425737812792,75.30460930355288,,,0.0,-1,-1,0,80,prompt
16,3255,7,-14.948203876622813,-8.341461726597377,-11.52777099609375,0.9605658965945268,28.540997857681543,,,0.0,-1,-1,0,80,prompt
16,3257,6,-35.002927409893374,-7.048211415608724,-10.604650259017944,0.5917871204111362,17.5835879617819,,,0.0,-1,-1,0,80,prompt
16,3271,13,-48.280048479969054,-27.488667543117817,-9.165425080519455,3.0201131130260963,89.73568830043436,,,0.0,-1,-1,0,80,prompt
16,3911,8,3.027870856673999,-15.758020237088203,-10.11049509048462,2.428677216307785,72.16253613977761,,,0.0,-1,-1,0,80,prompt
16,3935,6,4.730820855450537,5.999756495157878,-10.37980230649312,1.96115057470724,58.27106141260143,,,0.0,-1,-1,0,80,prompt
16,3941,7,-38.34640551813798,-20.90314190728324,-10.557832717895508,1.212020929616921,36.01240360323118,,,0.0,-1,-1,0,80,prompt
16,3969,13,-21.161787779445127,-21.07429020221417,-18.913150713993954,3.7916059620994,112.65881708387528,,,0.0,-1,-1,0,80,prompt
16,4055,7,4.374076959612737,-24.355327793530055,-16.22575787135533,2.010779306196495,59.7456645857268,,,0.0,-1,-1,0,80,prompt
16,4201,8,-13.32331488187725,-0.07967281341552646,41.103618025779724,3.119181691533265,92.67928238071659,,,0.0,-1,-1,0,80,prompt
16,4213,15,-23.795192355132183,20.664287694295247,15.686910565694173,6.113499182463962,181.64851332765494,,,0.0,-1,-1,0,80,prompt
16,4235,6,-20.07395443335287,-37.55505561828613,-6.701807181040446,0.8682182865649827,25.797101838304314,,,0.0,-1,-1,0,80,prompt
16,4239,6,-38.781551653655505,-11.292843500773111,30.762550989786785,1.8797295820540683,55.8518246011311,,,0.0,-1,-1,0,80,prompt
16,4255,6,-20.339157991975934,-19.97609265645345,18.079464594523113,0.9382758557428621,27.87870075713858,,,0.0,-1,-1,0,80,prompt
16,4337,6,-38.0228833553019,-32.141880671183266,-22.13619899749756,0.7702350782588001,22.88575702763591,,,0.0,-1,-1,0,80,prompt
16,4363,9,-22.838137537559774,-11.423708067999947,24.905907948811848,3.3858431236509325,100.60251116676756,,,0.0,-1,-1,0,80,prompt
16,4391,7,-18.93021249639622,1.3579131535121374,0.8940868377685547,3.6325875616739967,107.93395245775879,,,0.0,-1,-1,0,80,prompt
16,4459,9,14.506775073965015,22.844337887234158,-8.398495939042833,2.492886084867447,74.07035442325248,,,0.0,-1,-1,0,80,prompt
16,4535,7,-19.902959584800104,-19.45417526790074,1.6014740807669503,2.723858471830557,80.9331656315921,,,0.0,-1,-1,0,80,prompt
16,4585,7,-42.79019363704328,2.379317147391183,-11.773224694388253,0.8284811845414193,24.61640559690555,,,0.0,-1,-1,0,80,prompt
16,4649,9,-11.225178305092316,-4.7296002705891915,-5.902272648281521,2.644812172061361,78.5844873364656,,,0.0,-1,-1,0,80,prompt
16,4805,7,-29.33972718940469,-3.7253516060965404,-16.333909579685756,1.2812756894443171,38.07014889574631,,,0.0,-1,-1,0,80,prompt
16,5203,9,-33.69750183648619,-31.509112305111355,10.84755113389757,2.83605806229915,84.26691741535818,,,0.0,-1,-1,0,80,prompt
16,5531,8,-62.132995147833114,6.176424026489257,45.753490924835205,1.8776286655307668,55.78940071724839,,,0.0,-1,-1,0,80,prompt
16,5623,7,-0.3403607769136739,-19.268105506896973,7.900130680629185,2.5620091201037365,76.12418582366931,,,0.0,-1,-1,0,80,prompt
16,5733,6,8.786682015191744,13.209625244140625,21.9545955657959,1.9159756123286755,56.92879170571457,,,0.0,-1,-1,0,80,prompt
16,5743,8,-4.700509804338135,6.675248622894288,13.350651502609253,2.041265146847219,60.651480954792845,,,0.0,-1,-1,0,80,prompt
16,6035,10,3.4616320943520846,-20.074934577941896,-5.144322729110717,3.2458015931480966,96.44150041650246,,,0.0,-1,-1,0,80,prompt
16,6055,11,-32.91780725487501,-50.252839521928266,28.556183208118785,3.351160757695026,99.57200473721787,,,0.0,-1,-1,0,80,prompt
16,6381,8,-40.409301888615374,-9.976499795913696,-41.647475719451904,2.293444116672386,68.14439681100777,,,0.0,-1,-1,0,80,prompt
16,6551,6,-27.810435680978284,7.9350128173828125,4.16464106241862,1.233332533776686,36.64562871649414,,,0.0,-1,-1,0,80,prompt
16,6851,7,18.99556520437265,-14.790557316371373,-30.871271678379603,2.6823612354756463,79.70017106234481,,,0.0,-1,-1,0,80,prompt
17,246,6,-22.019364265703462,3.9305569330851235,7.328484535217285,1.0258761389617899,30.481540920991588,,,0.0,-1,-1,0,80,prompt
17,448,9,-41.174486666748294,7.58398797776964,-39.84714317321777,2.117316331088009,62.91116630713133,,,0.0,-1,-1,0,80,prompt
17,558,6,-17.712121803762816,-1.4826186498006184,-23.19704016049703,0.9127492811762128,27.12023752978102,,,0.0,-1,-1,0,80,prompt
17,606,8,-0.6722066894130254,-18.141295433044434,-7.161320686340332,1.978656683215296,58.791215008722375,,,0.0,-1,-1,0,80,prompt
17,824,6,6.2217150271971855,8.216756502787273,21.988397280375164,1.2301507574644006,36.55108957947655,,,0.0,-1,-1,0,80,prompt
17,1162,7,-1.9432495152971658,10.56637968335833,18.23041241509574,1.6759628362120624,49.79736620617693,,,0.0,-1,-1,0,80,prompt
17,1232,6,-15.749357105782357,-6.604811350504558,-10.981917063395182,1.2684115832583074,37.687921681145454,,,0.0,-1,-1,0,80,prompt
17,1250,7,-46.04845130932828,-1.2628979001726424,15.643795013427734,2.1082593216795584,62.64205818343046,,,0.0,-1,-1,0,80,prompt
17,1334,7,-1.1773580068431337,-7.0350156511579245,-0.23816640036446707,1.2897183636359484,38.32100346685977,,,0.0,-1,-1,0,80,prompt
17,1670,12,13.532535576654652,-23.604121685028076,15.246596813201904,3.080169210602765,91.52011658208919,,,0.0,-1,-1,0,80,prompt
17,2124,8,-16.577428488567318,8.701725482940674,-12.310176134109497,1.5692814861227875,46.62757619473972,,,0.0,-1,-1,0,80,prompt
17,2204,6,10.533880439152396,-19.292518119017284,16.71378517150879,1.2453898844425628,37.00388505345565,,,0.0,-1,-1,0,80,prompt
17,2228,6,-26.50539574055701,3.602625528971354,-9.356117725372314,1.4886863211879113,44.23287694724312,0.38526633381843567,117.21627044677734,117.21627044677734,4,15,1,80,prompt
17,2374,8,-7.103824681282324,-19.4299259185791,-8.656692743301392,2.9266117386029538,86.95751083591868,0.19862042367458344,144.81784057617188,238.39796447753906,7,14,2,80,prompt
17,2482,6,-32.58648935675653,17.569725036621094,0.8668537139892578,0.9605464089201649,28.540418826431114,,,0.0,-1,-1,0,80,prompt
17,2558,6,-27.961700108523655,-0.6004365285237631,-11.870188236236572,1.501739593460331,44.620724795353986,,,0.0,-1,-1,0,80,prompt
17,3070,10,-8.458456407007175,2.0008423805236815,-7.670820426940918,2.805044736765777,83.34542805086409,,,0.0,-1,-1,0,80,prompt
17,3666,10,-32.39501562818437,-2.7490787506103516,-8.219528007507325,0.8908892235769628,26.470716388835974,,,0.0,-1,-1,0,80,prompt
17,3698,7,-1.7578339139176775,23.603132520403182,15.020982197352819,2.257588335837642,67.07902506751984,,,0.0,-1,-1,0,80,prompt
17,3830,7,-29.526398573091942,-20.895223753792898,-6.131750788007464,1.09441272404777,32.517947309191186,,,0.0,-1,-1,0,80,prompt
17,3946,8,-9.406352414182365,10.641600400209427,17.448636889457703,1.983952379826923,58.9485644068045,,,0.0,-1,-1,0,80,prompt
17,4142,7,-39.42014555763978,-38.08489227294922,29.85112816946847,2.5889690409987094,76.9252376278554,,,0.0,-1,-1,0,80,prompt
17,4270,8,-14.40390257462727,16.92540955543518,0.37411803007125854,1.628028383669676,48.373104620197594,,,0.0,-1,-1,0,80,prompt
17,4302,8,10.142028338577312,-12.470624685287476,25.396299123764038,1.9316848706515652,57.3955560471605,,,0.0,-1,-1,0,80,prompt
17,4380,6,-1.552091516895899,-6.650999069213867,-4.951301256815593,0.6665762081460999,19.805773030384845,,,0.0,-1,-1,0,80,prompt
17,4558,6,-6.197768239964879,-9.371442874272665,-2.7573941548665366,0.6225072304600923,18.496365105134004,,,0.0,-1,-1,0,80,prompt
17,4766,8,-20.677273046494903,30.39368438720703,21.149359345436096,2.6396531854593093,78.43119996068121,,,0.0,-1,-1,0,80,prompt
17,4976,8,-18.99795961902397,-16.50279313325882,4.233084321022034,1.6521120033008918,49.08869377315073,,,0.0,-1,-1,0,80,prompt
17,5090,8,-16.366107507766554,25.578637570142746,7.253747463226318,3.1446259121118896,93.43529864945931,,,0.0,-1,-1,0,80,prompt
17,5354,8,-28.44827053037863,-0.9145114421844482,-15.746526002883911,1.6114927033356865,47.881785056739346,,,0.0,-1,-1,0,80,prompt
17,5656,11,-8.806393275294539,17.665459459478203,5.175994699651545,2.1312484138905394,63.325125981142016,,,0.0,-1,-1,0,80,prompt
17,5740,6,4.331707734911961,33.610644022623696,-9.04813090960185,2.05634262153663,61.09947330423533,0.3250575363636017,104.57688903808594,104.57688903808594,7,7,1,80,prompt
17,5818,7,-8.754754283576998,-28.270709446498326,15.255819593157087,4.553048454570795,135.283322725207,,,0.0,-1,-1,0,80,prompt
17,5908,6,-11.72010348741039,-11.999512076377869,-0.12932554880777994,0.8798541959476158,26.142836020560104,,,0.0,-1,-1,0,80,prompt
17,6120,8,-15.254069575287485,-12.917488098144531,-2.4779083728790283,0.5433506080411498,16.144408827183817,,,0.0,-1,-1,0,80,prompt
17,6146,7,-46.248400888453965,-19.074117388044083,28.964327675955637,1.3475311717664333,40.038777581939804,,,0.0,-1,-1,0,80,prompt
17,6220,10,2.362749673588344,-9.702145195007324,8.741528415679932,1.7189404008036409,51.074345311187145,,,0.0,-1,-1,0,80,prompt
17,6570,9,-6.948193783503914,21.84052912394206,5.681690216064453,2.1052897566827737,62.55382441569838,,,0.0,-1,-1,0,80,prompt
17,6722,8,-17.889112926925456,6.692568659782408,-25.763490915298462,2.2460130495790294,66.73509216142735,,,0.0,-1,-1,0,80,prompt
17,6826,6,11.150702102108694,30.89019997914632,20.99536641438802,1.3845885356147338,41.13985159045433,,,0.0,-1,-1,0,80,prompt
17,6882,9,-32.22286280791753,16.294950485229492,4.058969391716851,1.4414567432768117,42.829559083514205,,,0.0,-1,-1,0,80,prompt
17,6952,6,-4.356924935472885,-5.131430943806966,-21.129310925801594,1.6677730058927318,49.5540243069616,,,0.0,-1,-1,0,80,prompt
18,43,6,-25.485409862116896,-7.87958780924479,9.837937196095785,1.073726491204856,31.90330366074785,,,0.0,-1,-1,0,80,prompt
18,205,7,-46.63001614211305,10.522832598005023,32.345252990722656,2.1669086131817576,64.38468647062375,,,0.0,-1,-1,0,80,prompt
18,493,6,-16.678358857828055,-24.719550609588623,11.674729665120443,1.4570353435824643,43.29244122364185,,,0.0,-1,-1,0,80,prompt
18,509,6,-19.91776705579294,-47.53617477416992,26.417779286702473,1.4335202971145091,42.593745909510275,,,0.0,-1,-1,0,80,prompt
18,517,9,-35.983661026942706,8.470787578158909,-10.036612934536404,1.9811794272099597,58.86617252199911,,,0.0,-1,-1,0,80,prompt
18,569,10,-16.192195343604133,7.701304244995117,-5.816854667663574,1.8440944932351369,54.793010211358194,,,0.0,-1,-1,0,80,prompt
18,579,7,-38.40570232461799,-8.681929724557062,33.54480906895229,3.043747040318321,90.43791588378639,,,0.0,-1,-1,0,80,prompt
18,659,7,-20.88012643765984,-38.987527574811665,-33.46167237418039,1.463211749301065,43.475958859451865,,,0.0,-1,-1,0,80,prompt
18,887,9,-5.822419228205029,-45.146741761101616,40.15198092990451,2.671402310606772,79.37455191188992,,,0.0,-1,-1,0,80,prompt
18,1475,9,3.8762553305618863,-2.580341524548001,-10.969600677490234,2.3741242694385356,70.54162127569026,,,0.0,-1,-1,0,80,prompt
18,1571,7,-21.464352271580484,-5.126812253679547,5.572279521397182,1.174565749675952,34.89950940800292,,,0.0,-1,-1,0,80,prompt
18,1861,6,-9.905469166028348,-1.4687617619832356,-8.165950457255045,0.8224078430655202,24.435950277112152,,,0.0,-1,-1,0,80,prompt
18,1915,9,-6.621807942707927,-7.56859106487698,6.333354843987359,1.3812924009168002,41.04191455803846,,,0.0,-1,-1,0,80,prompt
18,1997,6,-29.80381382634425,-40.751230557759605,12.446059862772623,1.3348131298556716,39.660890330043976,,,0.0,-1,-1,0,80,prompt
18,2155,6,-33.85880313101614,10.008831342061361,-3.5717649459838867,0.8565750342613722,25.451149478105066,,,0.0,-1,-1,0,80,prompt
18,2179,23,-14.84828982238739,-19.672259908655416,11.07325031446374,7.940810544259699,235.94285153727398,,,0.0,-1,-1,0,80,prompt
18,2245,6,-41.10403664585967,-18.184017181396484,-22.561123847961426,0.43130675619868053,12.815284457122843,,,0.0,-1,-1,0,80,prompt
18,2441,8,2.0607314845830054,13.444026589393616,-5.856626749038696,2.244179681467285,66.68061786087686,,,0.0,-1,-1,0,80,prompt
18,2539,10,-5.190518176037349,-7.038974857330322,13.75938024520874,2.4113105089482985,71.64652452693633,,,0.0,-1,-1,0,80,prompt
18,2719,7,-35.55448863779102,17.712247031075613,-5.3808150972638815,2.533710944470623,75.28337086970899,,,0.0,-1,-1,0,80,prompt
18,3039,6,27.922660651539115,10.877157211303711,11.519368886947632,1.7008792010416978,50.53769846005457,,,0.0,-1,-1,0,80,prompt
18,3229,9,-16.248651989651822,-6.660236994425456,-0.3515160878499345,2.0355368311507767,60.48127727943864,,,0.0,-1,-1,0,80,prompt
18,3523,6,-17.963976402772285,-17.823755860328674,15.797801653544107,1.696401688163621,50.40465950258795,,,0.0,-1,-1,0,80,prompt
18,3527,8,-5.099324006182242,16.471617221832275,-13.075733065605164,3.261333383403283,96.9029917040558,,,0.0,-1,-1,0,80,prompt
18,3727,10,-34.147370227190805,-14.870526790618896,9.68274745941162,2.135490668916147,63.4511747946871,,,0.0,-1,-1,0,80,prompt
18,3835,10,-5.266101669097573,15.247417449951172,-20.040797805786134,2.4916492289395924,74.0336041050158,,,0.0,-1,-1,0,80,prompt
18,4015,9,-27.385110501930303,-27.647837347454495,10.609337170918783,1.6579414462207933,49.261902210466936,,,0.0,-1,-1,0,80,prompt
18,4059,6,-37.79087925965053,-22.9690424601237,-26.6149164835612,0.3228028110342963,9.591340241045916,,,0.0,-1,-1,0,80,prompt
18,4081,8,-12.19841371934741,3.214650869369507,-19.200350046157837,2.6649971670069754,79.1842378580514,0.27741366624832153,379.5334167480469,379.5334167480469,6,15,1,80,prompt
18,4121,6,-3.2998084265955563,47.68397490183512,36.81626303990682,1.8638161605151131,55.37899402109291,,,0.0,-1,-1,0,80,prompt
18,4167,6,-27.692490643884323,-8.124380747477213,14.07962703704834,2.0628212093618,61.291969583662414,,,0.0,-1,-1,0,80,prompt
18,4369,6,-11.755963704519004,-2.2308555444081635,-6.29535675048828,1.5860141487449113,47.12474863209612,,,0.0,-1,-1,0,80,prompt
18,4503,7,-14.364358397434959,-32.98579229627337,7.587374823434012,1.3588819723548793,40.376040414637025,,,0.0,-1,-1,0,80,prompt
18,4579,13,-33.36308380765109,15.5658980516287,-0.5744542341965896,4.733907639081554,140.65713582430206,0.22477546334266663,172.92491149902344,280.6998596191406,4,7,2,80,prompt
18,5083,6,-27.85260918890978,7.921156883239747,-8.547835985819498,1.2549810782044117,37.28886523189007,,,0.0,-1,-1,0,80,prompt
18,5085,9,-31.85181553363279,16.59363004896376,-5.4629327985975475,1.2222884545815471,36.317479401839066,,,0.0,-1,-1,0,80,prompt
18,5093,6,-20.703681308734502,-18.313342720270157,-6.008994738260905,0.6522263559908935,19.37940030460748,,,0.0,-1,-1,0,80,prompt
18,5385,7,-20.04738761253912,-17.827054704938615,-0.4665235791887556,1.2277918963330752,36.481001467110296,,,0.0,-1,-1,0,80,prompt
18,5451,8,-9.441375838947435,-13.301999300718307,-22.68630051612854,2.522222995834723,74.94203299942981,,,0.0,-1,-1,0,80,prompt
18,5693,8,-19.097438980464144,-30.80937135219574,-1.7608473300933856,2.22685339295424,66.16580720073833,,,0.0,-1,-1,0,80,prompt
18,5749,8,-14.051640272947088,0.9387607574462891,33.83018898963928,1.5996580783714924,47.53014649977306,,,0.0,-1,-1,0,80,prompt
18,5785,6,-34.912860327497256,17.48658816019694,9.088228861490885,1.8683372248812478,55.51332701047528,,,0.0,-1,-1,0,80,prompt
18,6499,9,-15.464646563257585,33.55675930447049,22.680788887871635,2.7470511919029006,81.62228376106697,,,0.0,-1,-1,0,80,prompt
19,145,7,-36.219651349776846,-10.700983319963727,-14.378198896135602,0.864526853427179,25.68741942541484,,,0.0,-1,-1,0,80,prompt
19,389,6,-37.981581702439726,-17.814517577489216,-29.607865651448567,1.012100789239133,30.072238208583173,,,0.0,-1,-1,0,80,prompt
19,459,7,-26.798848269993805,-8.45627042225429,-5.830872671944754,1.2468780357651443,37.0481020341545,,,0.0,-1,-1,0,80,prompt
19,465,6,-27.77012581066514,-3.0114237467447915,-5.662588437398274,1.5421434980206754,45.82123353461598,,,0.0,-1,-1,0,80,prompt
19,791,6,-18.518728865510017,8.392269770304365,6.995935440063477,2.2185839718357423,65.92010044468539,,,0.0,-1,-1,0,80,prompt
19,979,7,0.6137995189004863,35.49575424194336,48.28263963971819,2.192677650837655,65.15035392887825,,,0.0,-1,-1,0,80,prompt
19,1353,11,4.886659581789697,17.070900136774238,15.590856768868186,3.203674227297284,95.18978300413075,,,0.0,-1,-1,0,80,prompt
19,1541,6,-36.448115464502294,-39.753580729166664,2.6280689239501953,1.2250946248481573,36.40085827241063,,,0.0,-1,-1,0,80,prompt
19,1693,7,-23.972277277252974,0.6690593021256583,27.203865936824254,1.8997790617965675,56.44754860133455,,,0.0,-1,-1,0,80,prompt
19,1791,6,-7.814116414406235,-11.491449435551962,-5.533262888590495,1.1184221111798685,33.23133081482143,,,0.0,-1,-1,0,80,prompt
19,1895,8,-47.88200728770141,-16.70024538040161,7.777923107147217,1.4147500952907672,42.03603269905908,,,0.0,-1,-1,0,80,prompt
19,1939,10,2.4114503391805835,15.04511604309082,29.352320671081543,2.1574270758303236,64.1029644792495,,,0.0,-1,-1,0,80,prompt
19,2039,8,-39.2063308027991,-33.03329849243164,-36.43170142173767,0.2536302183410877,7.536036355215256,,,0.0,-1,-1,0,80,prompt
19,2057,10,-8.718678161598323,15.61322283744812,25.69238224029541,1.998769238109694,59.38881314143625,,,0.0,-1,-1,0,80,prompt
19,2239,6,-32.784257017958204,-20.696618527173996,4.11530613899231,0.6154040515261181,18.285310542968066,,,0.0,-1,-1,0,80,prompt
19,2489,6,-37.75235828840499,-29.45838673909505,-8.378413200378418,0.4225814284573223,12.55603148837125,,,0.0,-1,-1,0,80,prompt
19,3105,6,-35.36566182758433,-11.011099497477213,-39.33033402760824,0.8890815394854478,26.417005229647202,,,0.0,-1,-1,0,80,prompt
19,3381,8,16.51157482367845,35.04245710372925,-2.036868691444397,2.858938934583686,84.94676970781416,,,0.0,-1,-1,0,80,prompt
19,3425,7,-37.867469773491685,20.942732129778182,20.300931930541992,2.0349773358195096,60.464653167435834,,,0.0,-1,-1,0,80,prompt
19,3695,10,-31.862873838585404,-15.821065759658813,-14.505728912353515,2.031245471758515,60.35376944301086,,,0.0,-1,-1,0,80,prompt
19,3753,9,-9.360610867648171,4.329308615790473,31.246049669053818,1.7527170687138947,52.07794101439074,,,0.0,-1,-1,0,80,prompt
19,3823,8,-6.062229382286441,-3.858965039253235,5.242384195327759,2.2796736079874265,67.73523793885748,,,0.0,-1,-1,0,80,prompt
19,3895,13,-32.026021639580186,-23.169780731201172,-29.278400274423454,2.157036748769717,64.09136681183274,,,0.0,-1,-1,0,80,prompt
19,3931,6,-23.85389427937257,-26.27144972483317,10.760215759277344,1.065238817584262,31.65111203549765,,,0.0,-1,-1,0,80,prompt
19,3963,7,-38.70936991759241,-33.69048139027187,-10.82577909742083,1.1266973489556247,33.477210399415256,,,0.0,-1,-1,0,80,prompt
19,3983,10,-27.264567576939463,2.970781135559082,-11.10628833770752,1.6952724326474466,50.37110628215596,,,0.0,-1,-1,0,80,prompt
19,4177,7,-9.619866574688519,-19.980711936950684,-9.240770067487444,1.0050174592147296,29.861773410937868,,,0.0,-1,-1,0,80,prompt
19,4523,9,7.4599854716655,1.357913123236762,17.39483955171373,2.3358578959572607,69.40462433729975,,,0.0,-1,-1,0,80,prompt
19,4621,6,-25.34883954606447,-18.941493034362793,-27.1968781153361,1.2550074999052012,37.289650291726474,,,0.0,-1,-1,0,80,prompt
19,5025,7,-1.9892681263387442,-2.7950028010777066,-23.34391130719866,2.138092356505736,63.52847793462166,,,0.0,-1,-1,0,80,prompt
19,5215,8,-24.644722491646043,-2.2758884727954865,13.504173040390015,1.3341506302978199,39.64120568526491,,,0.0,-1,-1,0,80,prompt
19,5345,7,4.269128491703477,-5.9621462140764505,-1.794025148664202,1.2405770452102094,36.860882647574954,,,0.0,-1,-1,0,80,prompt
19,5365,8,-4.926961527438883,-11.802060842514038,-5.129173696041108,2.284091066537367,67.8664925206173,,,0.0,-1,-1,0,80,prompt
19,5685,6,-16.49563867744963,5.639494101206462,-3.2100321451822924,3.796116820300204,112.79284682061892,,,0.0,-1,-1,0,80,prompt
19,5873,7,-20.62428835753513,-25.04813998086112,-6.404916490827288,1.6195094038598266,48.1199828038136,,,0.0,-1,-1,0,80,prompt
19,6109,7,-12.672221561334027,-8.452312077794756,-3.9833130155290877,2.8749099214016502,85.42131070721109,,,0.0,-1,-1,0,80,prompt
19,6427,6,-30.068544088157285,-32.43748092651367,4.638901710510254,1.6035852483415147,47.646833288361464,,,0.0,-1,-1,0,80,prompt
19,6471,6,14.08325171925802,14.410500288009644,-2.150867144266764,1.9734052720402007,58.635181450140315,,,0.0,-1,-1,0,80,prompt
20,21,6,-28.193584276695315,23.583338419596355,5.522553443908691,0.8901537018250011,26.44886205815294,,,0.0,-1,-1,0,80,prompt
20,793,16,-23.882117512722903,9.337380766868591,-11.081613779067993,5.603840872712164,166.50519335518263,,,0.0,-1,-1,0,80,prompt
20,961,6,-29.49961599966562,16.595169067382812,-8.503119786580404,1.2652779924558364,37.59481426530107,,,0.0,-1,-1,0,80,prompt
20,963,7,-2.709269146981041,37.55439649309431,56.50137383597238,1.7521658527622623,52.06156290503828,,,0.0,-1,-1,0,80,prompt
20,1083,7,-6.729945960624157,-2.177410670689174,7.025207247052874,2.407651919555429,71.53781799009775,,,0.0,-1,-1,0,80,prompt
20,1105,7,-33.30954653944989,-23.72189930507115,-39.992643628801616,1.5275075133610165,45.386359042093034,,,0.0,-1,-1,0,80,prompt
20,1187,9,-49.22118841351878,-28.27906608581543,20.642380396525066,2.6132260303873043,77.64597806287205,,,0.0,-1,-1,0,80,prompt
20,1201,8,-17.10920174888007,7.437342643737793,8.080554723739624,1.7810540309827096,52.91990842368014,,,0.0,-1,-1,0,80,prompt
20,1303,6,18.825188888066283,22.359368642171223,0.6312977472941069,2.3024945028223733,68.41330813987518,,,0.0,-1,-1,0,80,prompt
20,1357,6,-42.49688147279944,12.350537449121475,28.068349997202557,2.0655548439979294,61.373193225444886,,,0.0,-1,-1,0,80,prompt
20,1673,10,-6.190731634350924,-8.510508632659912,21.379310750961302,1.953239623270957,58.03600575551882,,,0.0,-1,-1,0,80,prompt
20,1689,12,-21.885631388453117,20.105419158935547,-22.24242925643921,3.574950300987798,106.22139432968083,0.60821533203125,107.8369140625,203.47584533691406,6,2,3,80,prompt
20,1947,7,11.182515043776672,30.847971507481166,14.48256778717041,1.981332169929031,58.87071091924311,,,0.0,-1,-1,0,80,prompt
20,1951,8,-42.83590966148989,-18.97266936302185,-15.902409076690674,0.7853345904383104,23.334404170216445,,,0.0,-1,-1,0,80,prompt
20,2147,6,-11.606562914591983,-5.034436543782552,-1.320963462193807,1.547306589598185,45.97464288026852,,,0.0,-1,-1,0,80,prompt
20,2849,8,-25.97940090724004,32.86702537536621,10.577039957046509,1.5726270683995422,46.72698244779542,,,0.0,-1,-1,0,80,prompt
20,2873,8,-5.536707845779501,-4.655699610710144,20.346799612045288,2.0785052171013865,61.75798366232418,,,0.0,-1,-1,0,80,prompt
20,2877,7,-35.79739014384239,8.202900324548994,-4.68530409676688,2.376367237643362,70.60826589731984,,,0.0,-1,-1,0,80,prompt
20,3039,10,-41.217296022654985,4.287124729156494,1.8697108268737792,1.8151545119712151,53.933125484882645,,,0.0,-1,-1,0,80,prompt
20,3323,6,-31.45300809442698,22.41941261291504,5.457890510559082,1.088159842702812,32.332157376711294,,,0.0,-1,-1,0,80,prompt
20,3591,7,-18.957238631868044,-5.03179795401437,5.793980189732143,5.6888105892383045,169.02987230322574,,,0.0,-1,-1,0,80,prompt
20,3759,11,-7.739262610806213,-9.452481096441096,-2.7078671888871626,2.523152077867628,74.96963852696807,,,0.0,-1,-1,0,80,prompt
20,3841,8,-12.732272490872644,-10.981078088283539,4.025240331888199,2.3999807684987156,71.30988744764166,,,0.0,-1,-1,0,80,prompt
20,3917,10,-47.6666529591149,-25.85853271484375,-15.992002391815186,0.7431574273482289,22.081207147852,,,0.0,-1,-1,0,80,prompt
20,3961,8,-35.67117525652054,11.078073024749756,-7.253748178482056,1.065895297363677,31.67061781645899,,,0.0,-1,-1,0,80,prompt
20,3975,7,-3.5226098135519908,-13.91563333783831,-2.5568384443010603,1.646330685005253,48.9169152479341,,,0.0,-1,-1,0,80,prompt
20,3993,8,-18.564977937152673,-12.82395887374878,-1.9872695207595825,1.4146139144641552,42.03198640021131,,,0.0,-1,-1,0,80,prompt
20,4141,6,7.490894750509849,-5.42703113456567,1.2424437204996757,1.9205266417970808,57.064015038927316,,,0.0,-1,-1,0,80,prompt
20,4349,6,1.0133487679086812,5.366987864176433,6.677241166432698,1.3882232858657029,41.247849802231265,,,0.0,-1,-1,0,80,prompt
20,4403,8,14.857904830348058,-4.035632371902466,-9.534358024597168,1.8372278571077025,54.5889839725573,,,0.0,-1,-1,0,80,prompt
20,4571,6,-28.408706803526854,-12.0364621480306,-4.979013204574585,1.122663375567582,33.35735019384868,,,0.0,-1,-1,0,80,prompt
20,4677,8,-4.046618177956869,-1.4791539553552866,-41.07700824737549,2.1802499393354777,64.78109317475712,,,0.0,-1,-1,0,80,prompt
20,4835,6,-23.883282502358455,-6.567861557006836,1.753653526306153,0.6591073133763857,19.583852066526553,,,0.0,-1,-1,0,80,prompt
20,5057,9,10.680876330574765,-7.611699210272897,28.100122027926975,3.9882759895545177,118.50241287690406,,,0.0,-1,-1,0,80,prompt
20,5451,6,1.8097861099182222,13.689974784851074,1.5227166811625168,1.4883006274604915,44.221416948624565,,,0.0,-1,-1,0,80,prompt
20,5463,6,-50.04186316111708,-5.9443308512369795,1.5565179189046223,0.6768612327367084,20.11136878997558,,,0.0,-1,-1,0,80,prompt
20,5473,7,13.822350591215322,-3.5828297478812083,4.537562234061105,1.7818123456505073,52.94243999323284,,,0.0,-1,-1,0,80,prompt
20,5591,6,36.86053235572549,-33.25500075022379,-22.3255672454834,3.1088034564260933,92.37091708583112,,,0.0,-1,-1,0,80,prompt
20,5757,6,-39.70042887489251,-11.981035868326822,14.639965057373047,1.5536800637048775,46.16401594823816,,,0.0,-1,-1,0,80,prompt
20,5807,8,-8.839966755625113,-18.889532804489136,-2.317458391189575,1.8227106553446975,54.157638839561855,,,0.0,-1,-1,0,80,prompt
20,6567,6,-43.37226958384738,4.937443772951762,12.592389742533365,1.0772040626646162,32.00663166763923,,,0.0,-1,-1,0,80,prompt
21,161,6,17.387509799058112,-24.60869900385539,13.745399554570517,2.1278351532515156,63.22370882180764,,,0.0,-1,-1,0,80,prompt
21,201,12,-9.9396230422737,-4.741146117448807,-15.524457891782125,2.675655643586705,79.50092988127098,,,0.0,-1,-1,0,80,prompt
21,429,10,-49.48844437620851,13.886733722686767,16.190648460388182,2.850208738108564,84.6873720758797,,,0.0,-1,-1,0,80,prompt
21,503,8,-50.803515330043766,23.378958225250244,-21.927671194076538,3.138035670349812,93.23948483108421,,,0.0,-1,-1,0,80,prompt
21,551,6,-32.794501476246616,-9.131268183390299,-18.33958689371745,0.9126529612883545,27.11737560669718,,,0.0,-1,-1,0,80,prompt
21,555,8,-29.54982274306509,-10.548069477081299,-24.7543466091156,1.4371735351692645,42.70229344369198,,,0.0,-1,-1,0,80,prompt
21,725,6,5.549814643884068,-11.394455909729004,-5.020581563313802,1.0727200570141529,31.873399792431687,,,0.0,-1,-1,0,80,prompt
21,939,9,-42.11612792571314,8.19982189602322,-19.45368544260661,2.1687358118619304,64.43897746075909,,,0.0,-1,-1,0,80,prompt
21,1107,6,-26.67429366451181,11.422168413798014,-1.3163441022237141,1.265595894342464,37.60425998588863,,,0.0,-1,-1,0,80,prompt
21,1179,9,2.0358604100296813,12.735433472527397,5.513316207461887,1.7759486068338672,52.76821253252758,,,0.0,-1,-1,0,80,prompt
21,1305,6,-1.5747678907996085,-9.14974308013916,10.744889259338379,1.2055585539002358,35.820389029177115,,,0.0,-1,-1,0,80,prompt
21,1835,6,-33.22860295882449,8.13361930847168,-12.687706391016642,1.5355142505530774,45.62426075175794,,,0.0,-1,-1,0,80,prompt
21,1917,6,-35.90619347563916,21.514137268066406,-3.7674296696980796,1.4478047974741426,43.01817685756676,,,0.0,-1,-1,0,80,prompt
21,2009,10,-4.21620389201209,-9.54972677230835,6.893104457855225,2.2093445516394876,65.64557240557592,,,0.0,-1,-1,0,80,prompt
21,2025,8,-17.073281568031597,-23.157257080078125,-23.479570746421814,0.6770992624652515,20.11844129379495,,,0.0,-1,-1,0,80,prompt
21,2113,8,31.752628249743537,-11.75702828168869,26.059194087982178,2.2599086967042537,67.14796923340978,,,0.0,-1,-1,0,80,prompt
21,2297,6,-15.503650681187077,-24.460898717244465,-34.37903436024984,1.3040982155199483,38.74826756531472,,,0.0,-1,-1,0,80,prompt
21,2569,6,2.836762468220068,-20.691998799641926,-11.897900740305582,0.8516623435099057,25.305180214871637,,,0.0,-1,-1,0,80,prompt
21,2661,6,-25.189194297849042,10.01806926727295,-10.442994435628256,1.1668255814485367,34.66952817966664,,,0.0,-1,-1,0,80,prompt
21,2677,14,-13.834652571574543,23.77732526510954,30.13617100034441,3.358602652307502,99.79312345374193,,,0.0,-1,-1,0,80,prompt
21,2853,9,-23.459876937428234,-3.965966436598036,-30.940094841851128,2.2815776136254704,67.79181107041369,0.7444519400596619,503.3992919921875,557.36181640625,5,7,2,80,prompt
21,2871,6,-46.067613524551184,-15.232636451721191,-19.28643004099528,0.5298948770928469,15.744602848717806,,,0.0,-1,-1,0,80,prompt
21,2913,6,-1.3871247604066212,-41.162298838297524,-3.2515999476114907,0.8970162638445147,26.65276724424328,,,0.0,-1,-1,0,80,prompt
21,3099,7,-26.64410593594963,-2.276382718767439,-18.850528172084264,0.983938658881796,29.235465525890493,,,0.0,-1,-1,0,80,prompt
21,3403,12,-4.07587677950799,-15.88849941889445,-7.578633944193522,3.1534584244048074,93.69773635969223,,,0.0,-1,-1,0,80,prompt
21,3457,7,-29.263376932392895,12.933820452008929,2.3034662178584506,4.475206483837008,132.97042828680648,,,0.0,-1,-1,0,80,prompt
21,3495,6,-24.19093819969258,41.148444493611656,10.264538645744324,1.3842880243208286,41.130922591178,,,0.0,-1,-1,0,80,prompt
21,3593,6,-39.660517562838656,-34.98703066507975,-8.65091880162557,0.6367524606301852,18.919629230175516,,,0.0,-1,-1,0,80,prompt
21,3619,8,-26.903403835199892,-9.051594018936159,-20.557005643844604,1.1306888961916082,33.59581000982714,,,0.0,-1,-1,0,80,prompt
21,3753,6,-17.224730499895728,-46.252162297566734,21.355628331502277,3.1299494226737647,92.9992206509619,,,0.0,-1,-1,0,80,prompt
21,4045,13,-21.269376729862643,38.13666387704703,26.37643476632925,4.213694854672607,125.20021400561953,,,0.0,-1,-1,0,80,prompt
21,4069,7,6.926017489673903,16.50081525530134,4.894042560032436,2.1302849142164546,63.29649781285972,0.4734058082103729,128.57235717773438,128.57235717773438,1,5,1,80,prompt
21,4079,14,-34.8655432466952,-37.993837220328196,-11.949307458741325,4.163075448848524,123.69617523190891,,,0.0,-1,-1,0,80,prompt
21,4111,6,-32.099172791440175,-14.724574406941732,-16.117967128753662,0.9819784467946101,29.177222349467797,,,0.0,-1,-1,0,80,prompt
21,4235,6,-11.949401639995864,0.14780044555664062,-38.66523424784342,1.2652704694052797,37.594590735223015,,,0.0,-1,-1,0,80,prompt
21,4313,6,47.65036367776157,33.10720030466715,-3.1115660667419434,3.763997968625925,111.83850929929241,,,0.0,-1,-1,0,80,prompt
21,4567,6,19.88416903456196,-3.3254995346069336,-24.550333817799885,1.070958649384093,31.82106363145171,,,0.0,-1,-1,0,80,prompt
21,4979,7,-34.68750138325645,-1.0768274579729353,11.847182273864746,1.2874861788828573,38.25467925060165,,,0.0,-1,-1,0,80,prompt
21,5327,10,-26.785392697337606,10.32013521194458,-0.003777885437011719,2.928810253192379,87.02283462100134,,,0.0,-1,-1,0,80,prompt
21,5403,6,2.5919730876230815,-31.827804883321125,16.62917709350586,0.3447881420081941,10.2445835910868,,,0.0,-1,-1,0,80,prompt
21,5511,9,-26.017748581057656,-15.411229027642143,-41.61458502875434,2.1645784434433457,64.31545085675505,,,0.0,-1,-1,0,80,prompt
21,5757,7,-1.2013561915667523,19.774848324911936,-10.783491679600306,1.5267841707550542,45.36486658661412,,,0.0,-1,-1,0,80,prompt
21,5867,7,-25.82034816809092,-17.320312023162842,-7.0950309208461215,1.6678891104994906,49.55747408728851,,,0.0,-1,-1,0,80,prompt
21,5955,7,-19.275440202588673,-3.1711010251726424,-0.2710987499782017,1.5449422770776222,45.90439279245726,,,0.0,-1,-1,0,80,prompt
21,6483,6,-5.8882489050123965,23.680330912272137,24.64585606257121,2.6150778526447547,77.70100068575516,,,0.0,-1,-1,0,80,prompt
21,6545,8,9.731296797030105,-21.584572792053223,-29.452718257904053,2.2457118249058086,66.72614196573171,,,0.0,-1,-1,0,80,prompt
21,6565,7,-39.33164476426748,-31.746647153581893,3.266922950744629,1.3270503403297,39.43023696204927,,,0.0,-1,-1,0,80,prompt
22,459,6,-11.632298600891906,0.36950047810872394,-11.839533487955729,2.0199418582202675,60.01790866456459,,,0.0,-1,-1,0,80,prompt
22,591,8,-50.35091080253673,-44.52705907821655,34.57496190071106,2.2812264056702203,67.7813757368942,,,0.0,-1,-1,0,80,prompt
22,1171,6,-7.853155871390771,2.2031436761220298,13.443710009256998,1.1662659891661205,34.65290118698425,,,0.0,-1,-1,0,80,prompt
22,1241,7,-43.46447893464141,-33.61526244027274,-25.595279966081893,1.9327608573759114,57.42752650843061,,,0.0,-1,-1,0,80,prompt
22,1255,6,-12.749815338399905,20.11003812154134,0.026241302490234375,1.254977710105925,37.28876515661983,,,0.0,-1,-1,0,80,prompt
22,1385,7,-24.32046887257871,21.2554874420166,-10.85475240434919,1.92242719571798,57.12048561067789,,,0.0,-1,-1,0,80,prompt
22,1697,8,-42.31902427869571,22.502551078796387,-30.229925632476807,2.7719601121719695,82.36239481701543,0.32746797800064087,154.9802703857422,266.5067443847656,7,14,3,80,prompt
22,1831,6,0.19383649373615341,-6.812655528386434,26.864327033360798,0.9831409235977876,29.211762663741624,,,0.0,-1,-1,0,80,prompt
22,1901,6,-17.793688138009163,-9.015798886617025,-36.30043443044027,0.9076013524440821,26.967278713070865,,,0.0,-1,-1,0,80,prompt
22,2047,7,-41.63509763137581,-6.5163967950003485,25.795925549098424,2.615065033984351,77.70061980885704,,,0.0,-1,-1,0,80,prompt
22,2143,8,-12.65649705188337,-28.04504892230034,-29.780699968338013,2.3894972241663597,70.99839313226835,,,0.0,-1,-1,0,80,prompt
22,2313,15,-48.36771665816462,34.06420532862346,26.85697911580404,24.87317039562209,739.0488309984859,,,0.0,-1,-1,0,80,prompt
22,2365,18,-47.06684941767982,21.55108801523845,15.307165622711185,26.705684287792636,793.4977503865628,,,0.0,-1,-1,0,80,prompt
22,2443,20,-36.798018017287205,20.11788985729218,22.314291143417357,37.28901302604704,1107.9569289984001,,,0.0,-1,-1,0,80,prompt
22,2585,15,-35.02465093445415,-17.54940236409505,-2.660694440205892,5.255850291707157,156.16545668311366,,,0.0,-1,-1,0,80,prompt
22,2749,8,-32.049223687633,4.887793064117432,8.905001640319824,1.8712257471784386,55.599152781500734,,,0.0,-1,-1,0,80,prompt
22,2969,7,-29.585695379571963,-21.599913256508962,-10.312379292079381,0.5472343544635144,16.2598053853101,,,0.0,-1,-1,0,80,prompt
22,3033,6,-25.12573475682216,-12.332062085469564,-6.704954783121745,1.074058009003656,31.91315394672914,,,0.0,-1,-1,0,80,prompt
22,3051,6,14.038018898930318,28.82099994023641,21.143166224161785,1.8119239510879734,53.837136826973165,,,0.0,-1,-1,0,80,prompt
22,3287,6,-49.22946129428599,-24.354668458302815,2.6834932963053384,1.1869705470708367,35.26808932233005,,,0.0,-1,-1,0,80,prompt
22,3689,6,-15.58439034929308,-5.9997555414835615,-23.82519022623698,1.4219341712447648,42.24949092939954,,,0.0,-1,-1,0,80,prompt
22,3815,10,5.705933192817611,-29.965526485443114,22.690236377716065,3.5298106059232985,104.88017250960607,,,0.0,-1,-1,0,80,prompt
22,4083,9,-41.24752947769757,-0.41876580980088973,-34.70185640123155,1.4837741595399727,44.086923405099455,,,0.0,-1,-1,0,80,prompt
22,4113,6,-49.136334899493654,-28.74709876378377,-38.081801414489746,0.6651631207008625,19.763786399493384,,,0.0,-1,-1,0,80,prompt
22,4359,8,6.207460753065712,-5.2653748989105225,-36.9859504699707,2.393899568472084,71.12919862915709,,,0.0,-1,-1,0,80,prompt
22,4427,9,-19.827060622481586,-15.42662493387858,14.712886386447483,1.8430719108344522,54.7626265362655,,,0.0,-1,-1,0,80,prompt
22,4465,8,-9.656063141516706,-15.387365847826004,-17.92778253555298,2.4988142187815034,74.24649523560171,,,0.0,-1,-1,0,80,prompt
22,4523,7,15.739588178490724,31.406180245535715,-0.3977840968540737,2.5575919747100384,75.99294054662424,,,0.0,-1,-1,0,80,prompt
22,4575,6,-6.30280806463351,-14.779999732971191,-34.75630029042562,2.293861007909966,68.15678377161174,,,0.0,-1,-1,0,80,prompt
22,4601,7,9.736623957593192,-20.994197572980607,-10.957684448787145,1.0356647362338487,30.77238648896564,,,0.0,-1,-1,0,80,prompt
22,4657,7,4.371860374824578,22.94594955444336,7.6519783564976285,1.6100825065313435,47.83988431456814,,,0.0,-1,-1,0,80,prompt
22,4819,9,-40.11288574194228,-6.537070592244466,6.791170544094509,1.9478480154531606,57.875806577385674,,,0.0,-1,-1,0,80,prompt
22,5069,9,-20.343828161757685,-12.630740854475233,-5.033947626749676,2.928449532467935,87.01211663750841,,,0.0,-1,-1,0,80,prompt
22,5851,14,-31.78138137207307,-25.671672003609793,6.383772236960275,3.00452556012995,89.27254015474998,,,0.0,-1,-1,0,80,prompt
22,5859,6,-30.623326100516778,-14.410499413808187,-29.8789005279541,1.0061367808328718,29.895031468525282,,,0.0,-1,-1,0,80,prompt
22,5915,6,19.354280403054837,2.3047568003336587,-10.332144419352213,2.4048364121412353,71.45416168774341,,,0.0,-1,-1,0,80,prompt
22,5925,6,13.999099369425494,26.599380493164062,-42.99300161997477,2.198612235618176,65.32668641383067,,,0.0,-1,-1,0,80,prompt
22,6201,6,-33.752771523798465,35.75836309790611,50.894212086995445,1.3456309720271014,39.982317533876774,,,0.0,-1,-1,0,80,prompt
22,6401,6,-19.49835968470801,13.283525784810385,-3.4548257191975913,1.1765760291225522,34.95924022041482,,,0.0,-1,-1,0,80,prompt
22,6567,8,-23.645631907695638,30.660417556762695,8.453569889068604,1.4388921597541144,42.75335840526126,,,0.0,-1,-1,0,80,prompt
22,6651,8,-43.7491909245245,-51.874335289001465,-6.745633006095886,1.6559830933503352,49.20371427637675,0.7579819560050964,68.2619400024414,68.2619400024414,5,7,1,80,prompt
23,509,7,-6.863009489715474,-25.26192310878209,-8.938631330217634,1.3207198894434757,39.24214222974362,,,0.0,-1,-1,0,80,prompt
23,593,6,-4.274042998968956,-23.126081354916096,-10.91116484006246,2.3809134317217775,70.743345558083,,,0.0,-1,-1,0,80,prompt
23,821,7,-23.358441773460008,-16.290990148271835,-8.558574404035296,1.2810321968957974,38.06291407684393,,,0.0,-1,-1,0,80,prompt
23,1171,7,-0.11576850370183779,-3.194854736328125,4.971784046718052,2.0329856765813505,60.405475611527315,,,0.0,-1,-1,0,80,prompt
23,1235,6,14.837590291886807,49.22201792399088,-46.7896146774292,2.1994555162171165,65.35174254985748,,,0.0,-1,-1,0,80,prompt
23,1251,6,-10.200812875226895,-8.946518898010254,6.868080774943034,1.0037555265108344,29.82427799419852,,,0.0,-1,-1,0,80,prompt
23,1427,9,-13.847834941880121,-3.965966330634223,-6.072744687398274,2.6221622231452613,77.91149639874561,,,0.0,-1,-1,0,80,prompt
23,1557,8,-21.622218332174864,-27.348772764205933,-1.305952548980713,1.190741157355677,35.38012430133911,,,0.0,-1,-1,0,80,prompt
23,1737,7,-12.151384082104604,-12.41124016898019,16.73645796094622,1.931806989165052,57.3991845168409,,,0.0,-1,-1,0,80,prompt
23,1889,6,-31.889845069692516,-24.114493052164715,-17.711435953776043,0.8191093486600274,24.337943131434265,,,0.0,-1,-1,0,80,prompt
23,2087,6,-23.060590988309997,-33.86005560557047,-7.864261468251546,0.8238646433090666,24.479235732881016,,,0.0,-1,-1,0,80,prompt
23,2175,6,-52.87735521600854,-13.1541996995608,-55.670000076293945,1.2388865350996778,36.810653042699194,,,0.0,-1,-1,0,80,prompt
23,2377,14,-22.532986555421026,13.569227627345494,10.170575414385114,3.709132053532689,110.20829530701198,,,0.0,-1,-1,0,80,prompt
23,2739,7,-28.699271233119926,-21.43759741101946,-12.547913687569755,0.8280078369640935,24.602341166512705,,,0.0,-1,-1,0,80,prompt
23,2943,7,-46.80259796440181,-0.6175930840628487,32.67780276707241,1.928148024377291,57.29046682600984,,,0.0,-1,-1,0,80,prompt
23,2973,7,-31.318239341565775,-37.74838311331613,8.71692957196917,1.2132138624766813,36.047848848909254,,,0.0,-1,-1,0,80,prompt
23,2989,17,-25.07158471359233,22.59709833650028,22.25509957706227,5.548749887589282,164.86829192661415,,,0.0,-1,-1,0,80,prompt
23,3171,6,-28.25351120851596,-18.479617913564045,-9.905749003092447,0.8227629992730784,24.4465029238332,,,0.0,-1,-1,0,80,prompt
23,3439,9,-6.276175610414023,5.059070693122016,7.615406142340766,2.2353898894934536,66.41944948629268,,,0.0,-1,-1,0,80,prompt
23,3891,11,-38.03587219109885,-11.528398687189275,-22.618953531438653,1.244904861043983,36.98947370299145,,,0.0,-1,-1,0,80,prompt
23,4021,9,-25.818152044961803,17.08013781408469,-11.945696089002821,3.3283855899864605,98.89529321218554,,,0.0,-1,-1,0,80,prompt
23,4043,12,-22.28839704567764,14.74074113368988,17.204211473464966,3.7566689569575438,111.6207446388274,,,0.0,-1,-1,0,80,prompt
23,4101,7,-41.53549649398552,-37.08724158150809,-34.85521561758859,0.3150871308884407,9.362086619514963,,,0.0,-1,-1,0,80,prompt
23,4103,7,-29.424961205646298,-24.101956503731863,-32.07478652681623,1.7210310788159908,51.13646498135567,,,0.0,-1,-1,0,80,prompt
23,4261,6,-2.8425572733039477,11.750100453694662,-33.41833337148031,2.8868483219282774,85.7760327154175,,,0.0,-1,-1,0,80,prompt
23,4277,6,0.27937918437700066,-15.648324231306711,13.779407739639282,1.3427448236120003,39.896562297276766,,,0.0,-1,-1,0,80,prompt
23,4357,6,20.780843178705283,-29.389105717341106,-14.97713565826416,0.7581984404412517,22.528116125140553,,,0.0,-1,-1,0,80,prompt
23,4431,6,-8.24249783045097,-27.393805821736652,-21.552765051523846,0.9954084090600923,29.576262671018668,,,0.0,-1,-1,0,80,prompt
23,4509,6,-17.026519091505786,-18.798311869303387,-14.23351764678955,0.806076172650465,23.950692397375853,,,0.0,-1,-1,0,80,prompt
23,4583,7,-20.56662768809567,2.5930990491594588,-13.022984640938896,1.1533964817896345,34.2705134884787,,,0.0,-1,-1,0,80,prompt
23,4799,7,-7.636895924703893,7.28442873273577,3.091292040688651,0.9047421309990491,26.882323549217308,,,0.0,-1,-1,0,80,prompt
23,4841,6,-28.040252319302766,-29.472242911656696,-20.823002497355144,1.2847417312004759,38.17313432411502,,,0.0,-1,-1,0,80,prompt
23,5815,7,-10.977637222232485,-16.51664992741176,27.475772040230886,1.6079662348046186,47.777004186267874,,,0.0,-1,-1,0,80,prompt
23,5909,9,19.155122401044835,-34.55132950676812,-36.792609744601776,2.2530495589600377,66.94416579175392,,,0.0,-1,-1,0,80,prompt
23,5913,14,-20.496472112455386,-13.982935769217354,-8.832370485578265,4.152900572884878,123.39385228445663,,,0.0,-1,-1,0,80,prompt
23,5989,9,9.809657104248847,41.58106676737467,9.532747056749132,3.191798522067765,94.83692384192665,,,0.0,-1,-1,0,80,prompt
23,6465,6,-30.055240317472663,-0.3186947504679362,-5.704156875610352,2.9136497244778004,86.57237451295653,,,0.0,-1,-1,0,80,prompt
24,441,7,-44.123585745130825,-12.815050942557198,-34.32867785862514,1.0365385733277266,30.798350540690517,,,0.0,-1,-1,0,80,prompt
24,807,7,-10.905467903294051,-11.306699752807617,-9.054700034005302,2.186392768147121,64.96361315029944,,,0.0,-1,-1,0,80,prompt
24,1013,7,-10.949889110662756,-17.066940307617188,2.1688622065952847,2.7631007166322745,82.09915833317268,,,0.0,-1,-1,0,80,prompt
24,1139,6,-21.856186408281797,35.25030072530111,-18.867799679438274,1.6591130986888665,49.29671515843832,,,0.0,-1,-1,0,80,prompt
24,1305,6,6.557368606708876,-4.212299346923828,-7.693367004394531,1.2354612491397774,36.7088785787191,,,0.0,-1,-1,0,80,prompt
24,1329,6,8.083371067974541,-7.3114808400472,0.7713314692179362,1.0587041767647163,31.456950270758163,,,0.0,-1,-1,0,80,prompt
24,1447,9,-7.265129207130611,15.183371437920464,4.421192381117079,2.92362556675056,86.86878363381419,,,0.0,-1,-1,0,80,prompt
24,1653,6,5.725071047590727,-15.089455008506775,13.388284683227539,1.967293758491607,58.45359193533867,,,0.0,-1,-1,0,80,prompt
24,1747,6,-29.056660399607654,-22.761199951171875,8.866528828938803,0.9717588711605498,28.873571254512,,,0.0,-1,-1,0,80,prompt
24,1977,9,-22.092594968208726,-21.049182679918076,-3.864845222897,1.6753928900210862,49.78043157100684,,,0.0,-1,-1,0,80,prompt
24,2037,6,-43.14431658314123,-16.484317938486736,-30.95654018719991,0.6589519356052875,19.579235374795395,,,0.0,-1,-1,0,80,prompt
24,2075,6,-17.852623287280775,-26.30839951833089,-18.638333797454834,2.2915432999623584,68.08791843108496,,,0.0,-1,-1,0,80,prompt
24,2149,6,-12.151544215851333,17.33416811625163,-27.48323980967204,2.4051049577690193,71.46214090105343,,,0.0,-1,-1,0,80,prompt
24,2333,8,-43.62415807455357,19.81097412109375,12.618476390838623,1.5330130926887602,45.54994462050627,,,0.0,-1,-1,0,80,prompt
24,2655,9,0.7767824423784097,0.9329876369900174,21.193551805284287,2.0351247952815372,60.4690345848948,,,0.0,-1,-1,0,80,prompt
24,2857,6,-20.025189003818923,5.288468996683757,-0.9191310405731183,1.3464001694194596,40.005172458463676,,,0.0,-1,-1,0,80,prompt
24,3045,6,-23.892016692358823,20.95526949564616,-0.8452310562133789,1.824008302698775,54.19619543467319,,,0.0,-1,-1,0,80,prompt
24,3057,7,8.466709594059017,7.636773790631976,0.031040736607143366,1.3051024997709813,38.77810755313737,,,0.0,-1,-1,0,80,prompt
24,3347,6,-26.067243163033897,-36.81605497996012,-13.342098871866861,0.5635318766745101,16.744048630004304,,,0.0,-1,-1,0,80,prompt
24,3495,6,-11.617205931139678,-32.58989906311035,-21.29096794128418,1.0164396967469929,30.201158827486626,,,0.0,-1,-1,0,80,prompt
24,3639,7,-26.052226796859703,4.319192068917411,-1.9246703556605749,0.9153750317386896,27.19825564539823,,,0.0,-1,-1,0,80,prompt
24,3725,7,-30.346683973854738,-17.542011942182267,-2.138452938624791,0.8378704772857852,24.895386752755616,,,0.0,-1,-1,0,80,prompt
24,3835,7,-30.26264167830597,43.56800896780832,5.6435409273420065,2.196805056999184,65.27299027359089,,,0.0,-1,-1,0,80,prompt
24,4187,10,-43.52705167288883,-5.262603163719177,-22.50998191833496,2.2562760215388176,67.04003267800849,,,0.0,-1,-1,0,80,prompt
24,4491,10,-22.965037064411952,33.81756362915039,7.1231184005737305,2.447888342897684,72.73335041164574,,,0.0,-1,-1,0,80,prompt
24,4605,9,-11.026242957362479,16.504333919949,4.393480088975695,1.87793219678353,55.79841944762969,,,0.0,-1,-1,0,80,prompt
24,4627,6,-6.002142847161117,17.990031878153484,3.6519597371419272,1.0833351804284168,32.18880367643343,,,0.0,-1,-1,0,80,prompt
24,4717,7,-12.714703743664758,-20.0361373765128,-10.10255595615932,1.0820255294781844,32.14989042217632,,,0.0,-1,-1,0,80,prompt
24,4817,6,11.931693405035688,-10.4522311364611,-3.562527338663737,2.7676307513173897,82.23375785487283,,,0.0,-1,-1,0,80,prompt
24,4965,12,-44.67115353020085,-16.962358395258587,-26.899703860282898,2.1382958655603344,63.534524736316264,,,0.0,-1,-1,0,80,prompt
24,5005,6,18.580399507469295,15.505144119262695,-29.821797370910645,1.7442929535738714,51.82763788264654,,,0.0,-1,-1,0,80,prompt
24,5013,7,-49.77046623915085,-31.703098842075892,-45.37678691319057,0.4513593689966523,13.411101548836047,,,0.0,-1,-1,0,80,prompt
24,5225,9,11.969342521211908,-24.05137104458279,22.038223054673935,2.482576850608028,73.76403932924846,,,0.0,-1,-1,0,80,prompt
24,5481,7,-18.287514627076064,-9.628113610403878,3.3988280977521623,0.9254147560520798,27.496562873602002,,,0.0,-1,-1,0,80,prompt
24,5625,6,-31.158137682038472,-31.333598772684734,-41.6290012995402,0.4572065447753981,13.584836877111103,,,0.0,-1,-1,0,80,prompt
24,5999,8,-11.849843630178144,-5.840409278869629,6.518262028694153,3.168995638322961,94.15938879886846,0.697465717792511,58.71235656738281,58.71235656738281,4,14,1,80,prompt
24,6021,6,-7.698433573189905,-22.022198994954426,-20.330267429351807,0.7428526332601961,22.0721508952363,,,0.0,-1,-1,0,80,prompt
24,6159,6,-31.098729235956828,25.204519271850586,-20.685911178588867,1.5432132976813924,45.85302016157507,,,0.0,-1,-1,0,80,prompt
24,6715,11,-16.73252974628195,-30.667659412730824,-25.191979321566496,1.7263126131173296,51.2933935790856,,,0.0,-1,-1,0,80,prompt
24,6797,6,-30.406016116358348,22.183856964111328,19.14324696858724,1.2995567783915902,38.613329246339624,,,0.0,-1,-1,0,80,prompt
25,155,10,5.345206888338572,8.513279819488526,25.192674732208253,2.6437913069595678,78.55415468694457,,,0.0,-1,-1,0,80,prompt
25,195,9,2.2413596911122626,-0.8159787919786241,-13.220470799340141,3.4195112823219453,101.60288276845384,,,0.0,-1,-1,0,80,prompt
25,397,10,-31.510057840029305,-12.373630237579345,-22.037987422943115,0.88284734924977,26.231770660325438,,,0.0,-1,-1,0,80,prompt
25,419,6,-42.65918747515179,-8.59549331665039,-30.984252611796062,0.753978290914386,22.40272412545329,,,0.0,-1,-1,0,80,prompt
25,497,8,26.77428990841379,-3.93517529964447,-10.098999857902527,2.8951810436784386,86.02362030359149,,,0.0,-1,-1,0,80,prompt
25,565,9,-26.379345438173104,5.985900243123372,-8.132569975323147,2.2227887780428817,66.04503655305174,,,0.0,-1,-1,0,80,prompt
25,795,7,-23.817534943208805,31.703099931989396,-32.96158627101353,2.070427275908556,61.51796629017257,,,0.0,-1,-1,0,80,prompt
25,1069,8,-12.692361178818784,-5.778055548667908,-22.92988872528076,1.5266956098061284,45.36223520248677,,,0.0,-1,-1,0,80,prompt
25,1333,8,-8.957705126183992,34.131407499313354,15.47065794467926,2.294885662504254,68.18722901715307,,,0.0,-1,-1,0,80,prompt
25,1537,12,-34.08675613172227,-24.647958715756733,-0.6542890866597494,2.9346465109512065,87.19624554552207,,,0.0,-1,-1,0,80,prompt
25,1717,6,-11.164479169603341,12.41520063082377,5.3208004633585615,1.7244472118495764,51.23796748726263,0.5544304251670837,92.06674194335938,92.06674194335938,7,14,1,80,prompt
25,1727,8,-9.413736839204203,-6.276880443096161,-8.868000388145447,1.2101746623180836,35.957546033117936,,,0.0,-1,-1,0,80,prompt
25,1793,6,-49.693304369180055,-21.417142232259113,-34.18042850494385,0.5692319969629259,16.913414543906704,,,0.0,-1,-1,0,80,prompt
25,1883,6,8.227803718958027,-25.791100184122723,-14.270466645558676,1.4876582196965638,44.2023292851139,,,0.0,-1,-1,0,80,prompt
25,1909,7,7.140462313178115,16.07324981689453,21.553214073181152,2.356645502810679,70.02228008041237,,,0.0,-1,-1,0,80,prompt
25,2151,9,-11.496890758265229,10.071954727172852,-26.392165925767685,1.774420398487799,52.722805349859684,,,0.0,-1,-1,0,80,prompt
25,2731,8,-13.146008461932054,6.536686420440674,5.350872755050659,1.358187215151388,40.35539730839439,,,0.0,-1,-1,0,80,prompt
25,2913,7,-19.15817434172136,10.772245134626116,-7.1571134839739114,1.912692771885955,56.831249681398525,,,0.0,-1,-1,0,80,prompt
25,2915,11,-8.21501290417276,10.89605181867426,10.333039197054775,2.227081888328348,66.17259641322862,,,0.0,-1,-1,0,80,prompt
25,2919,6,15.190125440218331,-26.677899678548176,6.444832960764566,2.2854465158269024,67.90676656678734,,,0.0,-1,-1,0,80,prompt
25,3005,7,-35.45835986749666,-26.71088981628418,-21.384241921561106,1.2767007677360902,37.93421565978978,,,0.0,-1,-1,0,80,prompt
25,3173,6,-22.93287478973765,-20.48877461751302,-0.8498512903849283,0.6853937178970954,20.364891886669593,,,0.0,-1,-1,0,80,prompt
25,3237,11,-35.34029457982422,-23.409504196860574,-13.555248260498047,1.1338563236810124,33.68992280470144,,,0.0,-1,-1,0,80,prompt
25,3483,9,-22.231801125547836,7.710233900282118,-10.161878373887804,2.454264991405298,72.92281779960967,0.4310067892074585,290.82769775390625,290.82769775390625,6,15,1,80,prompt
25,3767,6,-28.213998454721388,31.06109364827474,23.021526336669922,2.2648559261933685,67.29496473548919,,,0.0,-1,-1,0,80,prompt
25,3789,6,-3.925484207031939,7.985818703969319,15.337397893269857,1.5196420146627372,45.152653908178685,,,0.0,-1,-1,0,80,prompt
25,4013,6,-40.16832304473181,-26.654805660247803,-17.692960659662884,1.922571393488806,57.12477011451341,,,0.0,-1,-1,0,80,prompt
25,4029,6,-40.336349113617295,-2.0461060206095376,18.088701883951824,1.2704808205750557,37.749404290546565,,,0.0,-1,-1,0,80,prompt
25,4041,7,2.0079189805433875,32.114828722817556,24.9829067502703,1.755417004525544,52.158163373407795,,,0.0,-1,-1,0,80,prompt
25,4075,9,1.6699187642130937,25.69256655375163,-4.830722596910265,2.7000972851401004,80.22715682903875,,,0.0,-1,-1,0,80,prompt
25,4241,8,-26.245819996307702,-7.932703256607056,-6.774603307247162,1.9025374391348935,56.52950741538672,,,0.0,-1,-1,0,80,prompt
25,4265,10,-22.885809509833656,-11.56719741821289,1.7394625663757324,3.4012407347764824,101.06001563127725,,,0.0,-1,-1,0,80,prompt
25,4361,9,-53.21525592842155,-29.128915786743164,-24.578537146250408,0.6848410207899822,20.348469768201735,,,0.0,-1,-1,0,80,prompt
25,4363,7,-32.468432433061984,-32.98579256875174,-11.744250229426793,1.3977890542788296,41.53207452513058,,,0.0,-1,-1,0,80,prompt
25,5331,6,-38.44010326905994,40.86669969558716,-50.94040044148763,1.657135711348741,49.23796165902884,,,0.0,-1,-1,0,80,prompt
25,5395,8,4.1434480824923625,-6.186814904212952,5.5760369300842285,1.6660907757502774,49.504040722220424,,,0.0,-1,-1,0,80,prompt
25,5517,6,-25.426399974294544,15.112550735473633,-4.500134309132894,1.2019236104284878,35.712385076290836,0.32039138674736023,110.26789855957031,215.08407592773438,4,5,2,80,prompt
25,5883,6,-16.825692117907895,-3.96750537554423,11.097384770711264,1.3074694227415071,38.84843520444227,,,0.0,-1,-1,0,80,prompt
25,6151,9,0.3410000006357837,-0.23401651117536756,26.024763743082683,2.94125619542794,87.39263705927374,,,0.0,-1,-1,0,80,prompt
25,6453,7,-50.21519228775097,-22.83905805860247,-9.611649649483818,1.616786413037429,48.03907541838166,,,0.0,-1,-1,0,80,prompt
26,207,6,18.109446025233783,8.235231399536133,-11.07114378611247,1.534015183988223,45.5797194498361,,,0.0,-1,-1,0,80,prompt
26,515,6,34.42999341538545,10.19819966952006,-42.81140009562174,2.458526984404325,73.04945308146377,,,0.0,-1,-1,0,80,prompt
26,583,6,-4.626532958371509,40.94060071309408,-12.561529795328775,2.095325062265779,62.25774652763658,,,0.0,-1,-1,0,80,prompt
26,1033,7,21.591726848787722,3.578871045793806,9.424318381718228,2.015712035685138,59.89222925376987,,,0.0,-1,-1,0,80,prompt
26,1163,6,-9.026149887514888,-18.44728648662567,11.525458017985025,0.5662658937051543,16.825283633756918,,,0.0,-1,-1,0,80,prompt
26,1253,22,22.80699873338455,-25.35441780090332,1.7778362794355913,7.275253350872654,216.16735617774788,0.2492949217557907,86.15997314453125,86.15997314453125,0,6,1,80,prompt
26,1277,6,-43.036616004335684,-27.306049346923828,37.44588375091553,1.1251859582497097,33.43230291409586,,,0.0,-1,-1,0,80,prompt
26,1329,12,-35.25474463962748,-21.39173984527588,-18.447391748428345,1.682631210801605,49.995501561126666,,,0.0,-1,-1,0,80,prompt
26,1343,10,-20.371229671972912,-45.2267988204956,-25.47446060180664,2.7047375952181,80.36503292943404,,,0.0,-1,-1,0,80,prompt
26,1405,7,-47.6548124148077,-9.948787689208984,42.11858694893973,1.9721246932881757,58.59713200913088,,,0.0,-1,-1,0,80,prompt
26,1449,8,-18.00053179028506,-37.844882130622864,-1.292095541954044,2.944079277258489,87.47651841792225,,,0.0,-1,-1,0,80,prompt
26,1593,8,3.0771621593523903,2.968702793121338,-3.7041866779327393,2.7196503315689458,80.8081304594948,,,0.0,-1,-1,0,80,prompt
26,1753,6,-15.292977807560069,-4.521755536397298,4.446384747823079,1.54360928970416,45.86478615026313,,,0.0,-1,-1,0,80,prompt
26,1949,9,-19.148558467692094,21.006075117323135,5.759649064805773,1.7259479651910463,51.28255890785716,,,0.0,-1,-1,0,80,prompt
26,2049,8,3.1099540733821422,-1.8671295642852783,41.62322640419006,1.873071322574937,55.65398979333344,,,0.0,-1,-1,0,80,prompt
26,2175,7,-32.881229432019026,-17.20946148463658,-27.029673712594168,0.64671664242047,19.21569188671819,,,0.0,-1,-1,0,80,prompt
26,2421,9,-26.45379672830647,-1.671987109714085,-4.582291073269315,1.6253912566672883,48.294748479934405,,,0.0,-1,-1,0,80,prompt
26,2495,9,1.449647557687373,5.791913138495551,-19.070888307359482,2.250421199950601,66.86607017215769,,,0.0,-1,-1,0,80,prompt
26,2961,14,-3.8979789883482567,18.11605712345668,-27.00735773359026,5.651674744189777,167.92646640704433,0.23408666253089905,474.9561767578125,1039.984130859375,7,13,3,80,prompt
26,3025,6,-9.656230132226826,-10.600030740102133,-2.748156706492106,0.6739761388652072,20.025644886703923,,,0.0,-1,-1,0,80,prompt
26,3037,10,-13.167441002963349,-4.705582046508789,13.860027313232422,1.9889077924152663,59.09580305078432,,,0.0,-1,-1,0,80,prompt
26,3187,7,-8.338143296158934,-15.610055071966988,-4.1020806176321845,0.7111849064918307,21.13121750892946,,,0.0,-1,-1,0,80,prompt
26,3211,7,-33.85427940842032,-31.76644175393241,-26.810672760009766,0.9095623802177903,27.025546125735303,,,0.0,-1,-1,0,80,prompt
26,3295,6,-30.30582450315353,-6.808037122090657,0.5265371004740397,2.203995482152127,65.48663715571894,,,0.0,-1,-1,0,80,prompt
26,3543,9,-11.544784332729856,-10.401424460940891,2.6937804751925998,1.497917797973658,44.50716896624914,,,0.0,-1,-1,0,80,prompt
26,3561,11,-38.762225362984594,18.345675121654164,10.29948616027832,2.5177150516068045,74.80808984466269,,,0.0,-1,-1,0,80,prompt
26,3707,6,-36.72038424153784,-4.00445556640625,-8.595494826634726,0.9603829950639473,28.535563360984387,,,0.0,-1,-1,0,80,prompt
26,3843,9,-38.77387507257749,-28.257511138916016,-29.316394382052952,0.7575031791069046,22.50745803981347,,,0.0,-1,-1,0,80,prompt
26,4057,6,-17.718713725365266,-14.04099973042806,-42.885299841562905,1.842572553194992,54.74778927692851,,,0.0,-1,-1,0,80,prompt
26,4157,7,-24.572087281262373,12.169746398925781,-3.913489750453404,2.0111057184070136,59.75536317094009,,,0.0,-1,-1,0,80,prompt
26,4177,9,11.149880072739869,30.348267449273003,20.36623525619507,3.5075842177499243,104.21976670143687,,,0.0,-1,-1,0,80,prompt
26,4195,7,-13.89682588480406,-36.30733299255371,14.630308423723493,0.731477985417738,21.73417949644479,,,0.0,-1,-1,0,80,prompt
26,4263,6,-37.36603045281203,19.010774930318195,33.88797537485758,2.295152988556399,68.19517199358876,,,0.0,-1,-1,0,80,prompt
26,4437,6,-13.92054715864638,3.5472005208333335,-13.53146743774414,0.948121341994147,28.171236649784753,,,0.0,-1,-1,0,80,prompt
26,4603,11,-4.506954599248782,-12.11792009527033,27.01264290376143,3.0118050742875626,89.48883411096263,,,0.0,-1,-1,0,80,prompt
26,4639,6,-18.515151067374806,-29.633899052937824,-0.332550843556722,0.7517518833700896,22.33657156561604,,,0.0,-1,-1,0,80,prompt
26,4665,11,-11.455335885635428,-7.565512462095781,0.4782689701427113,3.0442321425582892,90.45232957684043,,,0.0,-1,-1,0,80,prompt
26,4847,6,22.296954551012856,-45.74409929911295,26.759566624959316,1.2461311079135058,37.025908797554045,,,0.0,-1,-1,0,80,prompt
26,4853,8,4.414490031851068,-30.68120139837265,12.20278787612915,2.758078207638927,81.94992607443072,,,0.0,-1,-1,0,80,prompt
26,5607,12,8.308182198080116,8.752531290054321,-16.69142707188924,3.3889574337191255,100.6950457001084,,,0.0,-1,-1,0,80,prompt
26,5901,7,-33.08495426623806,-14.121497290475025,-17.512409482683456,0.8241149450576366,24.486672871441776,,,0.0,-1,-1,0,80,prompt
26,6001,8,-8.91011047041383,24.196476383134723,27.276182889938354,2.568070148231446,76.30427528075037,0.36568647623062134,233.46047973632812,233.46047973632812,4,15,1,80,prompt
26,6075,9,18.11769399315074,-21.80049991607666,8.68387762705485,3.0710422504221517,91.24893003269622,,,0.0,-1,-1,0,80,prompt
26,6645,11,19.861551962797645,-13.274286963722922,-17.277083136818625,3.1777337052502834,94.41902028311868,,,0.0,-1,-1,0,80,prompt
26,6689,9,-15.61481126835108,28.27290810479058,21.733386039733887,2.8541306617967774,84.80390298331682,,,0.0,-1,-1,0,80,prompt
26,6705,7,-44.169984710905204,-22.443165642874582,-11.541084493909564,1.2327850217972633,36.62936066212415,,,0.0,-1,-1,0,80,prompt
26,6757,6,2.4634597725321608,14.331981658935547,0.29098065694173175,1.3357575986659695,39.688953040147396,,,0.0,-1,-1,0,80,prompt
27,194,10,-47.24809843070446,-13.055357742309571,-17.415542602539062,1.2444096598013725,36.974759941390516,,,0.0,-1,-1,0,80,prompt
27,238,15,-27.378885345465186,20.607015546162923,10.083443069458008,3.209124915389682,95.35173761621886,,,0.0,-1,-1,0,80,prompt
27,542,12,-13.777362326527012,-10.888702551523844,-24.77969773610433,2.545748897727876,75.64105085745808,,,0.0,-1,-1,0,80,prompt
27,800,9,-29.743119903957677,-3.316261715359158,-3.552868604660034,0.996346760115929,29.604143606172972,,,0.0,-1,-1,0,80,prompt
27,824,7,-7.427759698350968,43.528419971466064,-1.3058155604771204,2.0592543127001157,61.18598748463034,,,0.0,-1,-1,0,80,prompt
27,996,20,5.339502505032757,0.5764201641082762,33.53501973152161,6.972324107933334,207.166513128445,0.44752267003059387,83.07708740234375,83.07708740234375,1,5,1,80,prompt
27,1192,6,10.753851177447757,0.9145126342773438,-9.01433022816976,1.4290289512823013,42.460295937749244,,,0.0,-1,-1,0,80,prompt
27,1260,8,-28.29130863076461,4.298901796340942,23.792438507080078,2.0489336866476675,60.87933390979789,,,0.0,-1,-1,0,80,prompt
27,1274,10,-6.759591831039444,-12.916795539855958,-8.133619403839111,1.4060611565522294,41.777860945511165,,,0.0,-1,-1,0,80,prompt
27,1314,23,-14.960307930617523,24.947273741597716,16.102083061052404,8.256334411476429,245.31791476844498,,,0.0,-1,-1,0,80,prompt
27,1350,9,-27.78210412921825,-12.877074824439156,8.223963578542074,1.981396923402569,58.872634919206135,,,0.0,-1,-1,0,80,prompt
27,1364,6,-14.112121456504894,-10.535368283589682,-21.42344029744466,1.2903493507344341,38.33975179166493,,,0.0,-1,-1,0,80,prompt
27,1480,7,-30.480050390943468,3.7768181392124722,12.854009355817523,1.6195127139152956,48.12008115446957,,,0.0,-1,-1,0,80,prompt
27,1594,11,-42.74664093847817,-36.36383750221946,-9.969343792308461,1.5967203633042946,47.44285907916338,,,0.0,-1,-1,0,80,prompt
27,1662,14,-6.9313774843164975,4.699248177664621,18.394619260515487,3.0185340379035694,89.68876972894545,,,0.0,-1,-1,0,80,prompt
27,1948,8,-33.06630825370437,29.78400981426239,8.609452724456787,3.3976158104319207,100.95230937362311,,,0.0,-1,-1,0,80,prompt
27,2210,11,-40.14530909219882,0.8666465065696023,-46.701228055087,2.352047337543187,69.88565621575717,,,0.0,-1,-1,0,80,prompt
27,2358,6,-35.05614249263186,-12.844743092854818,-28.000540653864544,2.029353837677001,60.29756390369343,,,0.0,-1,-1,0,80,prompt
27,2416,10,0.2727542394928101,-4.13193359375,-14.572239303588868,1.6312710469200427,48.46945287200416,,,0.0,-1,-1,0,80,prompt
27,2630,9,-27.970130754894207,-36.432699839274086,6.349869198269314,2.7028355901307535,80.30851923962295,,,0.0,-1,-1,0,80,prompt
27,2844,7,-15.30814032532904,-15.732781682695661,25.6955144064767,1.7932869944831253,53.283382690564125,,,0.0,-1,-1,0,80,prompt
27,2872,6,-32.04809997709963,14.322744687398275,-24.989115715026855,1.2462568296220164,37.02964432785549,,,0.0,-1,-1,0,80,prompt
27,3090,9,13.88598226771662,-3.0175827344258632,-17.835161844889324,2.373395745929188,70.51997488162895,,,0.0,-1,-1,0,80,prompt
27,3092,6,-7.733421935229202,-8.664774735768637,-14.955512364705404,1.1547815696096377,34.311668175152,,,0.0,-1,-1,0,80,prompt
27,3110,7,-8.168628157986069,26.873207909720286,14.308375222342354,1.2793681746041943,38.01347149635241,,,0.0,-1,-1,0,80,prompt
27,3134,16,-16.74653018699309,30.116559505462646,-2.8809971809387207,4.59979346557286,136.6722428020047,,,0.0,-1,-1,0,80,prompt
27,3452,6,-9.905469166028348,-6.239930470784505,-12.04108222325643,1.6050585371335775,47.690608663280656,,,0.0,-1,-1,0,80,prompt
27,3486,6,-38.869875025913,-27.851062138875324,18.148745536804203,1.7058650657400265,50.68584191817462,,,0.0,-1,-1,0,80,prompt
27,3528,6,-31.271678254856877,-12.863217433293661,-19.900723457336426,0.5699400828194668,16.934453680301445,,,0.0,-1,-1,0,80,prompt
27,3544,6,3.2536290126477936,-20.24859917163849,11.905665397644041,1.146336883808042,34.060753833692864,0.3128698170185089,100.07487487792969,100.07487487792969,5,3,1,80,prompt
27,3654,6,-7.200354063846148,-40.644999186197914,-10.501567204793295,0.7869258333927243,23.381684280736692,,,0.0,-1,-1,0,80,prompt
27,4064,11,-43.67687192445369,-17.14395956559615,-35.44823594526811,1.9837631644586418,58.942942308997466,,,0.0,-1,-1,0,80,prompt
27,4074,6,11.705529303397169,11.108094056447348,16.90000605583191,1.5808520220132727,46.971367954610976,,,0.0,-1,-1,0,80,prompt
27,4076,6,7.025262776548177,29.95259376366933,-25.552602132161457,2.2699049664689133,67.4449853100261,,,0.0,-1,-1,0,80,prompt
27,4116,7,-31.619284666772018,-13.183231830596924,-23.058868680681503,1.375396420820397,40.86672912214388,,,0.0,-1,-1,0,80,prompt
27,4130,10,0.4028291385444689,3.394781398773193,-25.42445421218872,2.400155238263938,71.31507141389854,,,0.0,-1,-1,0,80,prompt
27,4154,13,-27.66483424962286,32.80733761420617,43.273210525512695,4.913432595180194,145.99130540660457,0.36656948924064636,205.12472534179688,318.2318115234375,4,14,2,80,prompt
27,4218,6,-14.22034052104946,-5.015961329142253,16.21034113566081,1.6260747737113175,48.315057610789964,,,0.0,-1,-1,0,80,prompt
27,4314,15,-36.13679819269642,16.261695130666098,-4.534730466206868,3.136255817025975,93.18660059890118,0.2911089360713959,140.5101776123047,236.24205017089844,7,15,2,80,prompt
27,4318,10,-23.844159269037373,28.219638800621034,24.292018318176268,1.8535863743741348,55.075039544498104,,,0.0,-1,-1,0,80,prompt
27,4450,6,2.317990150070671,16.022444089253742,-3.7180938720703125,1.914533042331645,56.88592906886606,,,0.0,-1,-1,0,80,prompt
27,4600,10,4.942066658350702,-26.856182861328126,25.262838554382324,2.307288668278707,68.55575569761557,,,0.0,-1,-1,0,80,prompt
27,4730,11,-32.78016532662408,-4.879918358542702,-33.56962689486417,1.424612139673223,42.32906057834351,,,0.0,-1,-1,0,80,prompt
27,4778,14,1.630713575691756,36.21231991904123,-29.20645386832101,4.607626659743288,136.9049880814588,,,0.0,-1,-1,0,80,prompt
27,5046,6,-15.29349629329907,-31.389023939768474,0.2771240870157878,0.6808477680659893,20.229819483151307,,,0.0,-1,-1,0,80,prompt
27,5348,7,-6.708672838651329,1.417296358517238,-15.498575619288854,2.353454993418226,69.92748146008057,,,0.0,-1,-1,0,80,prompt
27,5388,7,-8.04142043737636,-13.495987892150879,22.659016472952707,1.6898563795859654,50.210180770045994,,,0.0,-1,-1,0,80,prompt
27,5828,9,-36.11971499495908,-10.66623263888889,-34.15474478403727,1.6068323368738482,47.743313027204564,,,0.0,-1,-1,0,80,prompt
27,5904,8,-19.951541058416694,5.448970794677734,-8.490417927503586,1.4811251853095617,44.0082152518085,,,0.0,-1,-1,0,80,prompt
27,6216,18,-11.151007783441457,15.763794051276314,5.903811454772949,5.201948850585698,154.56389980812196,,,0.0,-1,-1,0,80,prompt
28,161,8,3.933614775515144,4.770014315843582,-2.3648517727851868,1.5424775013907115,45.831157673607855,,,0.0,-1,-1,0,80,prompt
28,479,8,-30.847927086508633,5.6152454912662515,-50.145923376083374,2.3472866825481384,69.74420434400474,,,0.0,-1,-1,0,80,prompt
28,487,7,-26.7429210356271,-6.85686411176409,-7.954118183680943,1.3174160133393502,39.14397517931615,,,0.0,-1,-1,0,80,prompt
28,551,11,-24.540350894051645,3.522007031874223,-15.258307500319047,2.225439455019116,66.12379529950351,,,0.0,-1,-1,0,80,prompt
28,555,10,-20.76436329600618,1.8179402589797973,-11.909067821502685,2.2940434838274473,68.16220562219834,,,0.0,-1,-1,0,80,prompt
28,645,6,-44.06406565944756,3.7088566621144614,19.89925193786621,1.5256435196270304,45.33097477188624,,,0.0,-1,-1,0,80,prompt
28,829,14,-38.020968989351694,28.379579544067383,20.39189910888672,3.0896755866688816,91.8025765985225,,,0.0,-1,-1,0,80,prompt
28,871,11,11.59223556414824,24.444944208318535,-14.589885364879262,3.861052159930581,114.72225051467986,,,0.0,-1,-1,0,80,prompt
28,1037,6,-29.326666980765566,-11.052667935689291,8.972759882609049,0.716473252183758,21.288348491404555,,,0.0,-1,-1,0,80,prompt
28,1367,9,-26.512914556031674,15.774571312798393,4.826661427815755,1.4444905893522904,42.91970281508718,,,0.0,-1,-1,0,80,prompt
28,1423,7,-25.655800005704233,-30.891518456595286,-28.082749230521067,0.6572003112423103,19.52718990100912,,,0.0,-1,-1,0,80,prompt
28,1743,6,10.946815816114594,39.07462374369303,-5.75496260325114,1.5204350178422914,45.1762161667692,,,0.0,-1,-1,0,80,prompt
28,1877,9,-24.593012542598437,-12.25200366973877,-8.711590449015299,2.0478443068504073,60.846965504288164,0.6055618524551392,58.48386764526367,58.48386764526367,7,12,1,80,prompt
28,2027,8,-14.70922411183928,19.488815307617188,9.026243448257446,1.7378377067803645,51.635835128085446,,,0.0,-1,-1,0,80,prompt
28,2029,9,-34.288189254883285,-14.696862326727974,4.363806512620714,3.145327354580885,93.4561403929314,0.4809650778770447,59.787654876708984,59.787654876708984,6,15,1,80,prompt
28,2095,7,19.929135620944187,-36.20044306346348,-31.308014188494003,2.296942159685029,68.24833308282821,0.4576522707939148,157.3993377685547,157.3993377685547,2,0,1,80,prompt
28,2119,6,-16.108558914267075,7.214487075805664,-10.908016840616861,1.5310089986104856,45.49039759203335,,,0.0,-1,-1,0,80,prompt
28,2417,7,-7.916565332954692,46.802453586033415,37.49851744515555,1.8558741053999208,55.143014190003846,,,0.0,-1,-1,0,80,prompt
28,2533,6,-15.75594902738481,2.7989632288614907,1.6627492904663093,1.2784158566793962,37.98517556793369,,,0.0,-1,-1,0,80,prompt
28,2703,7,-50.735179667652666,-33.03329849243164,-44.80670166015625,0.2964550888824602,8.808478509064427,,,0.0,-1,-1,0,80,prompt
28,2869,6,-6.740562083897331,1.9860633214314778,14.4921662012736,1.4057303042340696,41.76803043275062,,,0.0,-1,-1,0,80,prompt
28,2925,9,-5.809045355741188,-5.9397125244140625,4.538201279110378,1.804053522136739,53.60328520197526,,,0.0,-1,-1,0,80,prompt
28,2947,7,-32.37908154036194,37.00806508745466,-2.039478574480328,1.33849560399062,39.77030654684821,,,0.0,-1,-1,0,80,prompt
28,3307,8,-40.73991188736041,-22.069542407989502,18.30426025390625,2.639489392408767,78.42633322835061,,,0.0,-1,-1,0,80,prompt
28,3583,7,9.804257311972695,18.880131312779017,-18.69217027936663,1.6153970597572922,47.99779399340858,,,0.0,-1,-1,0,80,prompt
28,3587,9,-11.944478689981306,5.262295987870958,20.019271320766872,2.129987082471647,63.28764843019828,,,0.0,-1,-1,0,80,prompt
28,3835,14,-37.146582668629165,-18.31598312514169,17.01160396848406,3.2587214000885507,96.82538265041943,,,0.0,-1,-1,0,80,prompt
28,4069,7,-16.213215325985725,-26.382299423217773,-30.47790036882673,1.3339867501127003,39.636336363931505,,,0.0,-1,-1,0,80,prompt
28,4077,6,-27.006016076557973,45.96580123901367,-40.151000340779625,1.8165197097867287,53.97368918599468,0.5982807874679565,58.55382537841797,58.55382537841797,0,7,1,80,prompt
28,4081,14,-4.255805601333962,15.344807284218925,20.51327623639788,3.483418973752732,103.50175226890352,,,0.0,-1,-1,0,80,prompt
28,4091,9,-20.110027454867723,11.069604449801975,-4.099979506598579,1.9404458343232343,57.65586785530486,,,0.0,-1,-1,0,80,prompt
28,4161,6,6.158728782980336,27.57855733235677,15.023322264353434,1.3088987881432856,38.8909054972297,,,0.0,-1,-1,0,80,prompt
28,4247,9,16.356590285713864,-11.14350414276123,1.7844454447428386,1.904120780597603,56.57655275132399,,,0.0,-1,-1,0,80,prompt
28,4277,6,-4.613702484496918,-23.601812203725178,0.8882702191670736,2.4915344279864287,74.03019305974557,,,0.0,-1,-1,0,80,prompt
28,4351,6,17.687257972532212,26.41001319885254,36.53913688659668,1.250960310672223,37.16939740784045,,,0.0,-1,-1,0,80,prompt
28,4507,7,-11.716122240481894,24.25239631107875,7.762828350067139,1.729055116147347,51.37488072471705,,,0.0,-1,-1,0,80,prompt
28,4867,8,-25.241097688156742,16.298414528369904,10.110494613647461,1.8004606813952386,53.49653223451128,,,0.0,-1,-1,0,80,prompt
28,5177,6,24.342202627237953,5.796531995137532,29.81885592142741,1.289035310262942,38.30070811291813,0.38877934217453003,380.5869140625,380.5869140625,6,15,1,80,prompt
28,5515,7,-28.338523418453644,14.885572160993304,-2.886690548488072,1.0086783257416227,29.970547607556483,,,0.0,-1,-1,0,80,prompt
28,5581,6,-41.187790437432916,-3.852036158243815,-18.963118235270183,0.7575751693756858,22.5095970644388,,,0.0,-1,-1,0,80,prompt
28,5663,8,-17.11155228709028,-1.5415070056915283,-5.109492540359497,0.8832556216317962,26.243901531535904,,,0.0,-1,-1,0,80,prompt
28,5837,6,-14.61222330676686,25.30613199869792,35.61223920186361,2.555627086834538,75.93455843994725,,,0.0,-1,-1,0,80,prompt
28,5855,6,-32.21000742119269,1.6488946278889973,-6.08289368947347,0.6422697090057564,19.083561527403376,,,0.0,-1,-1,0,80,prompt
28,6059,6,-28.778551628559267,-4.494043350219727,1.2409722805023193,0.9028475510971962,26.826030481649845,,,0.0,-1,-1,0,80,prompt
28,6309,8,-36.220310769868604,-21.418297588825226,-30.235596001148224,1.0783617901185467,32.04103086596551,,,0.0,-1,-1,0,80,prompt
28,6519,8,-21.44886915173832,-0.38451051712036133,-4.61066746711731,1.3964769810291013,41.493089297836576,,,0.0,-1,-1,0,80,prompt
28,6669,9,-34.862676568905286,-10.601569917466906,-19.834521717495388,1.5684647218265768,46.60330792942753,,,0.0,-1,-1,0,80,prompt
29,33,7,-39.241166212489496,-27.43933309827532,3.7286793845040456,0.5241336500230246,15.573421287889591,,,0.0,-1,-1,0,80,prompt
29,581,6,-3.4305839375641103,-22.39169915517171,-14.935566743214926,0.7848051255418281,23.318672343248824,,,0.0,-1,-1,0,80,prompt
29,589,11,-20.523854288489755,14.841304085471414,26.47522614218972,2.281036583607224,67.77573561255447,,,0.0,-1,-1,0,80,prompt
29,803,8,12.764945377427509,-10.340226650238037,16.620726108551025,3.96533392596708,117.82074242616116,,,0.0,-1,-1,0,80,prompt
29,973,7,-38.64853976905444,-35.25821740286691,34.95022855486189,2.8928096296684287,85.95315921141723,,,0.0,-1,-1,0,80,prompt
29,1221,11,2.0650344877951947,0.24185471101240744,8.490615931424228,2.9067674007047595,86.3678821519862,,,0.0,-1,-1,0,80,prompt
29,1327,6,50.57187172010392,13.31585661570231,31.065918763478596,2.27035617032792,67.45839179095462,,,0.0,-1,-1,0,80,prompt
29,1407,7,35.74834358205261,-15.170613970075335,7.857842309134346,2.9923455370723318,88.9106388908945,,,0.0,-1,-1,0,80,prompt
29,1483,8,-0.00029891869446529995,12.401344299316406,2.6049742698669434,1.916511933324068,56.94472724583191,,,0.0,-1,-1,0,80,prompt
29,1547,7,-9.3161989817141,-25.052098955426896,-22.1799864087786,1.0939594842801776,32.50448033593956,,,0.0,-1,-1,0,80,prompt
29,1627,6,-27.169667230789674,-5.9350935618082685,3.088472286860148,1.4790909949608206,43.9477739821451,,,0.0,-1,-1,0,80,prompt
29,1719,7,-24.71804865105933,-4.8100979668753485,-8.290627343314034,2.234614330880805,66.39640555273165,0.5635421276092529,56.8638801574707,56.8638801574707,4,1,1,80,prompt
29,1967,6,-25.02156678722284,-20.105417887369793,4.834360122680665,1.2959382298804099,38.505812431853855,,,0.0,-1,-1,0,80,prompt
29,2183,9,9.03457068401152,38.96069547865126,-7.427440537346734,3.435864795961263,102.08878966916733,,,0.0,-1,-1,0,80,prompt
29,2403,6,-28.988232719637242,-10.188961744308472,-12.108892440795898,0.4652537245013797,13.82394024329751,,,0.0,-1,-1,0,80,prompt
29,2507,9,-13.453431966949873,-11.229720857408312,-0.6584518220689561,2.0480714593854192,60.85371481741507,,,0.0,-1,-1,0,80,prompt
29,2947,6,-5.866564313657718,-10.863299449284872,-29.50163459777832,1.4463062882653672,42.97365211619398,,,0.0,-1,-1,0,80,prompt
29,3023,7,7.265897865347379,-30.638147626604354,10.35466548374721,2.2571071210278824,67.06472688047913,,,0.0,-1,-1,0,80,prompt
29,3253,6,18.759587078641477,-5.694918314615886,-15.836222966512045,1.357262856616445,40.32793212869244,,,0.0,-1,-1,0,80,prompt
29,3307,10,-22.75299286237145,16.19795627593994,14.21663589477539,3.1313623006053515,93.04120105663894,,,0.0,-1,-1,0,80,prompt
29,3337,8,-31.921208570366193,35.70755624771118,0.7216277122497559,2.707531131808893,80.44803641949737,,,0.0,-1,-1,0,80,prompt
29,3339,10,-11.807024353212324,-12.054937553405761,21.862514114379884,2.8109587588001834,83.52114956129112,,,0.0,-1,-1,0,80,prompt
29,3555,7,-23.996275461976598,-2.2407527651105608,-4.301465170724051,1.488043083314647,44.213764618950094,,,0.0,-1,-1,0,80,prompt
29,3843,6,-34.70619335988651,-16.79839324951172,-6.775706609090169,1.580670307553044,46.9659687289686,,,0.0,-1,-1,0,80,prompt
29,3985,10,-30.726438806247124,9.23657684326172,8.863463020324707,1.467777080937103,43.611607148554896,,,0.0,-1,-1,0,80,prompt
29,4187,10,-37.60955254794186,-15.388750386238097,-23.01346673965454,1.5125199550138082,44.94103834915977,,,0.0,-1,-1,0,80,prompt
29,4241,6,0.6412417469986403,-31.25969918568929,-27.136834462483723,1.0738812089991385,31.907900742791686,,,0.0,-1,-1,0,80,prompt
29,4273,8,-22.9635034441822,3.2423627376556396,2.9630310237407684,2.071800852996645,61.5587789620231,,,0.0,-1,-1,0,80,prompt
29,4339,7,-36.21131480187736,12.296432358877999,9.399303231920515,2.0434443466523007,60.716230845652795,,,0.0,-1,-1,0,80,prompt
29,4397,7,-13.224376817261287,-26.702972957066127,-10.285926818847656,1.8026181335804732,53.5606359450585,,,0.0,-1,-1,0,80,prompt
29,4613,10,-5.9065630925274615,2.8183618068695067,-3.6663644790649412,2.161651109226854,64.22847187915673,,,0.0,-1,-1,0,80,prompt
29,5283,9,-23.59704355316987,-21.295515908135307,-11.389348242017958,1.5255438831008334,45.32801430255164,,,0.0,-1,-1,0,80,prompt
29,5409,9,9.930012252949867,2.734300242529975,-39.485900243123375,3.2664708080695846,97.05563841670168,,,0.0,-1,-1,0,80,prompt
29,5827,7,-24.786126421786555,-25.305470875331334,-31.30135699680873,1.6209645048085017,48.16321776895869,,,0.0,-1,-1,0,80,prompt
29,6025,6,-30.73639337652516,-25.855762163798016,31.16585357983907,1.8702234983338584,55.569373271081474,,,0.0,-1,-1,0,80,prompt
29,6317,6,-28.387420770431465,-31.65229256947835,-18.376536369323727,0.6925868223473508,20.578618377931313,,,0.0,-1,-1,0,80,prompt
29,6403,8,-3.597260944743449,-0.1593470573425293,14.422149896621704,2.3098042597376756,68.63050068980795,,,0.0,-1,-1,0,80,prompt
29,6473,8,-33.09230666045244,12.06186556816101,-14.818156480789185,2.1997675004967157,65.36101244241482,,,0.0,-1,-1,0,80,prompt
29,6521,6,-30.595846704078223,18.941494941711426,4.843597014745076,0.9650596320369266,28.67451883119227,,,0.0,-1,-1,0,80,prompt
29,6539,11,-9.640685131915578,-2.038128462704745,21.9051831852306,2.983588156476588,88.65043354557865,,,0.0,-1,-1,0,80,prompt
30,121,8,-22.950188376265338,26.108640670776367,29.132920026779175,2.955486184273524,87.81544832354673,,,0.0,-1,-1,0,80,prompt
30,783,6,-2.0651437685121645,24.858112335205078,7.711840947469075,1.4400243904550871,42.787000026440424,,,0.0,-1,-1,0,80,prompt
30,1237,9,-19.511929160898816,22.246979607476128,11.98782295650906,1.6381711661041016,48.674473982526784,,,0.0,-1,-1,0,80,prompt
30,1349,8,-6.8573273565448645,-0.16973885893821716,14.169273138046265,1.853318546778647,55.06708166585997,,,0.0,-1,-1,0,80,prompt
30,1621,6,-55.855610950295606,-10.71549916267395,-46.136901219685875,1.9652524860831249,58.392940238621165,,,0.0,-1,-1,0,80,prompt
30,1711,6,-40.565173969392745,-6.323067665100098,0.013855616251627604,1.4762879205571542,43.86448709799317,,,0.0,-1,-1,0,80,prompt
30,2013,8,-0.6957646123410939,-34.69604969024658,-19.48078465461731,1.9358874815703735,57.52042692760256,,,0.0,-1,-1,0,80,prompt
30,2081,6,-26.845972270083255,8.45231262842814,5.579449971516927,1.2090433543402448,35.92393182852629,,,0.0,-1,-1,0,80,prompt
30,2247,8,24.889613115085062,-11.663498163223267,-29.146777153015137,3.1413381897639017,93.3376115705996,,,0.0,-1,-1,0,80,prompt
30,2293,6,-25.64684400939994,-12.655374844868978,-20.967654943466187,0.926396134994165,27.52572228305317,,,0.0,-1,-1,0,80,prompt
30,2345,8,-25.225465973726394,-3.748115301132202,-14.893262684345245,2.0410553611864146,60.64524765823628,,,0.0,-1,-1,0,80,prompt
30,2431,9,1.7923435804642363,38.47418763902452,-7.765169249640571,2.923015960990175,86.85067060610535,,,0.0,-1,-1,0,80,prompt
30,2573,6,-34.70139033735166,-18.11935520172119,-14.746198972066244,0.9522401282976093,28.293616875316527,,,0.0,-1,-1,0,80,prompt
30,2699,8,-11.650377015518645,-3.9767433404922485,12.186571836471558,3.006611845511853,89.33452930804648,,,0.0,-1,-1,0,80,prompt
30,2763,7,7.496584773423316,18.27441460745675,-32.581529072352815,2.32461029025962,69.0704277025259,,,0.0,-1,-1,0,80,prompt
30,3151,11,-24.46724389983607,16.78873651677912,22.130204634232953,2.5819191899667726,76.7157675811748,0.5366362929344177,68.462890625,68.462890625,4,11,1,80,prompt
30,3155,14,1.2410966929380594,-3.408637693950108,-16.030509097235544,3.9890626133531435,118.52578558691906,,,0.0,-1,-1,0,80,prompt
30,3163,11,-33.030768205143254,-12.48070257360285,-3.3947254094210537,3.8963285480748255,115.77040694207446,,,0.0,-1,-1,0,80,prompt
30,3545,12,-34.237265425123624,-12.72003798186779,25.3632329305013,3.739018940599215,111.09631515319082,,,0.0,-1,-1,0,80,prompt
30,3631,10,-38.474518701826085,-6.232540702819824,-29.341236972808836,1.4795522123767526,43.96147799279831,,,0.0,-1,-1,0,80,prompt
30,3641,19,-29.66952969493136,10.459280766938862,21.044824399446185,5.88976894248127,175.00088579613112,,,0.0,-1,-1,0,80,prompt
30,3661,7,-21.928070795750358,9.71917016165597,16.60977281842913,2.037733143216256,60.54653562160744,,,0.0,-1,-1,0,80,prompt
30,3967,9,-9.344380637320437,-10.666232872340414,-14.792945120069716,2.0732360701972032,61.601423127500624,,,0.0,-1,-1,0,80,prompt
30,4169,11,-28.731698904936877,4.738838195800781,-20.943606289950285,2.469158550181166,73.36534551230729,,,0.0,-1,-1,0,80,prompt
30,4211,9,-22.987721005940394,1.2008751763237848,17.133110788133408,2.465695236777991,73.26244115064824,,,0.0,-1,-1,0,80,prompt
30,4263,8,-11.932405656800327,-9.882969617843628,0.399469792842865,1.3097864098808836,38.91727912781667,,,0.0,-1,-1,0,80,prompt
30,4329,7,-5.983021599492644,26.999892779758998,6.60682133265904,1.626361143234944,48.323566420013066,,,0.0,-1,-1,0,80,prompt
30,4543,12,-33.73678440451244,-22.36398748556773,11.068201979001364,2.987629987637705,88.7705272267301,0.44813188910484314,151.6880645751953,151.6880645751953,5,0,1,80,prompt
30,4573,6,-48.26980090592582,-37.02389907836914,-36.30820115407308,0.7970351243715461,23.682058521787884,,,0.0,-1,-1,0,80,prompt
30,5177,9,-39.664105210847794,-10.820191277398003,-22.712561289469402,2.0341025534168646,60.43866102804347,,,0.0,-1,-1,0,80,prompt
30,5451,8,-47.113714530664666,-11.04343032836914,-18.773013472557068,1.8895055414466215,56.14229466369406,,,0.0,-1,-1,0,80,prompt
30,5497,9,-12.663463543663612,-23.081433084275986,-37.01738897959391,3.1507842852741064,93.61828048949005,,,0.0,-1,-1,0,80,prompt
30,5821,11,-21.573851918121317,-9.63135255466808,-21.176185607910156,3.4505648505840814,102.52556785272049,,,0.0,-1,-1,0,80,prompt
30,5867,6,-21.18833711991392,3.1499881744384766,20.568970680236816,1.0421213114254144,30.96422871380805,,,0.0,-1,-1,0,80,prompt
30,6673,10,-16.758624883325503,10.00144100189209,-5.0907865524292,2.3012970371751997,68.37772821288446,,,0.0,-1,-1,0,80,prompt
30,6767,6,-10.558225784644,-22.83048089345296,-28.38998619715373,1.8052568944739122,53.639040632621935,,,0.0,-1,-1,0,80,prompt
31,27,6,9.934264164724482,11.676200230916342,-6.518733660380046,2.468210359745077,73.33717222268598,,,0.0,-1,-1,0,80,prompt
31,433,6,5.016393403170703,9.874887466430664,-0.6189126968383789,1.8633402395450689,55.3648531282769,,,0.0,-1,-1,0,80,prompt
31,455,12,3.9375175643879565,-18.442668279012043,2.890601317087809,3.144456932353761,93.43027780608789,,,0.0,-1,-1,0,80,prompt
31,501,9,-6.566287612865783,-19.731299029456245,-40.121189753214516,1.9929642513020422,59.21633136103114,,,0.0,-1,-1,0,80,prompt
31,509,11,-8.834944126750445,-0.4761511195789684,-2.0704789595170454,2.0925102361143284,62.17411046743173,,,0.0,-1,-1,0,80,prompt
31,581,9,-24.400621428473507,-3.7319495942857532,5.7298383712768555,1.3999290412903806,41.59565929836549,,,0.0,-1,-1,0,80,prompt
31,787,8,-26.8015739355495,-39.5873064994812,-3.09907865524292,2.5223255001662865,74.9450786789797,,,0.0,-1,-1,0,80,prompt
31,965,9,-10.240433568924313,10.897171126471626,-21.565013037787544,2.695492169213308,80.09032644159012,,,0.0,-1,-1,0,80,prompt
31,1189,6,-35.11149984376825,-21.948298772176106,-43.40260124206543,0.3115288210013194,9.256359656663848,,,0.0,-1,-1,0,80,prompt
31,1203,6,-33.175861172896035,-33.03329849243164,-33.640034675598145,0.29683705389592213,8.819827717556603,,,0.0,-1,-1,0,80,prompt
31,1285,8,-4.015821829529805,33.07833215594292,1.7125045657157898,3.5869487066462282,106.57789925183863,0.30876460671424866,166.1237030029297,396.7433776855469,3,14,3,80,prompt
31,1369,7,-43.37553372492139,-10.764325823102679,-35.18380628313337,1.5218961533371014,45.219630434520106,,,0.0,-1,-1,0,80,prompt
31,1613,6,-21.214546103023867,-20.608861605326336,2.475649038950602,0.8690982296600597,25.823247315757257,,,0.0,-1,-1,0,80,prompt
31,1639,10,-13.773853811226406,-34.585199165344235,-8.296240997314452,1.4933326888535687,44.37093303486989,,,0.0,-1,-1,0,80,prompt
31,1649,12,3.1294228288172037,-8.59549347559611,5.6149288813273115,4.228862617797362,125.65088906745983,,,0.0,-1,-1,0,80,prompt
31,1731,8,1.8163196710580234,13.440563201904297,11.50651204586029,1.5657145076699668,46.52159166547287,,,0.0,-1,-1,0,80,prompt
31,1817,11,-28.044789546782216,1.0984231016852626,-18.190793644298207,1.523458724882797,45.266058640327024,,,0.0,-1,-1,0,80,prompt
31,1853,6,9.122335594703431,6.415444374084473,6.136847813924153,1.9651463342037343,58.3897861806091,,,0.0,-1,-1,0,80,prompt
31,1885,9,-8.526060962526303,-3.69192017449273,-7.962235768636067,3.4797182208247914,103.39179293996771,,,0.0,-1,-1,0,80,prompt
31,1997,6,-10.227021858336844,33.6245002746582,-30.248400052388508,2.3579300784669943,70.06044828020471,,,0.0,-1,-1,0,80,prompt
31,2121,9,-34.19976315582535,24.56559117635091,23.16113895840115,3.019206255963424,89.70874313657342,,,0.0,-1,-1,0,80,prompt
31,2969,6,-36.87609832228774,-27.948055744171143,-25.101435979207356,1.4249665063181616,42.339589765034255,,,0.0,-1,-1,0,80,prompt
31,3147,7,-28.6783397325122,24.778933933803014,11.312726293291364,1.3900896554269295,41.30330466465919,,,0.0,-1,-1,0,80,prompt
31,3309,8,-2.6481155547734225,12.359776020050049,-20.562675893306732,1.6651507132711298,49.47610893607378,,,0.0,-1,-1,0,80,prompt
31,3473,9,-16.149898405252877,-36.34648376040988,36.623256047566734,2.203579895959893,65.47428897152432,,,0.0,-1,-1,0,80,prompt
31,3507,7,-12.414850139151369,-17.41928509303502,-17.231325149536133,1.1984462023135904,35.60906192281494,,,0.0,-1,-1,0,80,prompt
31,3547,8,-5.381053728769459,-35.63827455043793,-10.370300054550171,2.662618124367112,79.1135500987541,,,0.0,-1,-1,0,80,prompt
31,3555,11,-31.790905759987883,-5.774276549165899,4.410924478010698,2.462756501199828,73.17512340791141,,,0.0,-1,-1,0,80,prompt
31,3625,8,-31.75426884273871,21.13078138232231,-2.230856418609619,2.771750600717926,82.35616966787966,,,0.0,-1,-1,0,80,prompt
31,3747,13,-30.757216635342658,-6.469801976130559,-29.938557404738205,2.841243771598895,84.420998794407,,,0.0,-1,-1,0,80,prompt
31,3773,10,5.116079978905516,-27.08619713783264,21.564102554321288,3.5816305151039476,106.41988146882854,,,0.0,-1,-1,0,80,prompt
31,3813,7,-25.79451375331194,-13.844372885567802,-16.793144907270158,1.5789901305562168,46.91604614870942,,,0.0,-1,-1,0,80,prompt
31,4189,13,-25.03969996959884,2.404592724946829,-27.33639199917133,5.008004179548593,148.80128168873713,,,0.0,-1,-1,0,80,prompt
31,4529,6,-24.079261264492526,-35.989298502604164,-20.55196762084961,0.4830397146585228,14.35240987642883,,,0.0,-1,-1,0,80,prompt
31,4619,7,-38.31481808985999,-8.420640672956194,-40.195809841156006,1.1912765235409162,35.3960314714772,,,0.0,-1,-1,0,80,prompt
31,4845,7,-31.068457162937477,6.508478437151227,-5.879639319011143,1.2815331895201387,38.077799915981814,,,0.0,-1,-1,0,80,prompt
31,5357,6,-29.942173041464287,-1.8059310913085938,4.418672243754069,1.6345745197325388,48.56760793955198,,,0.0,-1,-1,0,80,prompt
31,5467,8,-21.813702684423593,35.517032504081726,30.468945264816284,2.6605641340293853,79.05252051813231,,,0.0,-1,-1,0,80,prompt
31,5903,6,-17.444257491002826,-16.595168352127075,-1.436431646347046,1.9482300023273647,57.88715643541932,,,0.0,-1,-1,0,80,prompt
31,5919,10,11.144451729987848,-39.90599956512451,25.420800018310548,3.2570596277180277,96.77600692113818,,,0.0,-1,-1,0,80,prompt
31,6269,9,-13.00793340253176,-29.72935390472412,-25.482693672180176,2.658710118385688,78.99743272384099,,,0.0,-1,-1,0,80,prompt
31,6327,6,41.57979315063003,27.786399523417156,-23.449600219726562,1.5703203689940053,46.65844420067967,,,0.0,-1,-1,0,80,prompt
31,6427,12,-12.16883911774134,12.664612690607706,22.94762710730235,2.5847640875192632,76.80029714363253,,,0.0,-1,-1,0,80,prompt
31,6441,12,-38.116209029223874,-38.769786993662514,-12.580740928649902,1.7861046850822482,53.06997694927102,,,0.0,-1,-1,0,80,prompt
32,111,6,-16.042040060843977,-31.18579896291097,-37.04720115661621,0.7173365203991321,21.313998513306174,,,0.0,-1,-1,0,80,prompt
32,173,7,-8.802306236676523,30.800464289528982,8.681299482073102,1.6218150131510618,48.18848866069971,,,0.0,-1,-1,0,80,prompt
32,349,8,-21.802772046413676,16.537434846162796,22.08465588092804,1.8846680091415475,55.99855856016896,,,0.0,-1,-1,0,80,prompt
32,885,7,-13.347873344392578,36.358799525669646,29.661100115094865,2.609170319187602,77.52547196842036,,,0.0,-1,-1,0,80,prompt
32,1237,12,-8.316702334139963,11.389837741851807,41.18633500734965,3.4394590683797444,102.19558517560736,,,0.0,-1,-1,0,80,prompt
32,1307,8,-9.008991994465074,15.889655470848083,-13.407179832458496,2.8646733128170423,85.11715351745553,,,0.0,-1,-1,0,80,prompt
32,1491,8,-10.417472445661982,-28.623547315597534,-1.9086987972259521,1.0025011263758095,29.787006390351934,,,0.0,-1,-1,0,80,prompt
32,1531,6,-35.40776059696508,-12.974069277445475,32.76708857218424,1.299943607904697,38.62482299220758,,,0.0,-1,-1,0,80,prompt
32,1535,8,-11.313126428663555,-6.706424176692963,-10.869126081466675,1.0413010285466786,30.939855901939865,,,0.0,-1,-1,0,80,prompt
32,1541,10,-22.672691968352588,11.758414459228515,11.873040819168091,1.7906046735605283,53.203683717305914,,,0.0,-1,-1,0,80,prompt
32,1617,9,-21.88084728498008,16.790696091122097,26.67446772257487,6.738555115801408,200.2206072543308,,,0.0,-1,-1,0,80,prompt
32,1775,8,-48.19930221852958,-1.2643818855285645,-19.56517994403839,1.4401507317557412,42.79075396649189,,,0.0,-1,-1,0,80,prompt
32,1813,6,-17.002572304273475,-12.733893314997355,-29.20141537984212,1.698435666186985,50.46509446349299,,,0.0,-1,-1,0,80,prompt
32,1897,11,4.300326124707577,-22.933352903886274,-23.026167262684215,3.5241406565579934,104.71170305502511,,,0.0,-1,-1,0,80,prompt
32,1921,6,-0.6199557139032462,10.687787532806396,-2.846621513366699,1.1706040587430544,34.781796908704855,,,0.0,-1,-1,0,80,prompt
32,2043,8,-46.28460199555067,-20.919472992420197,-33.29089903831482,2.8042853187046095,83.32286369652492,,,0.0,-1,-1,0,80,prompt
32,2079,12,-15.569260310265483,5.496312777201335,-6.965075651804606,3.114503468802354,92.54027979337295,,,0.0,-1,-1,0,80,prompt
32,2173,7,2.41118771090809,-24.545356273651123,20.526413440704346,2.6662812409235492,79.22239114980574,0.19080176949501038,291.49383544921875,291.49383544921875,4,6,1,80,prompt
32,2211,9,-14.439950539209157,-19.34024567074246,11.244625939263237,1.4986566703329764,44.52912285249388,,,0.0,-1,-1,0,80,prompt
32,2395,7,-30.908064610376922,31.28741237095424,19.404776573181152,1.1481994033146266,34.11609430063613,,,0.0,-1,-1,0,80,prompt
32,2535,7,-42.849490443523294,7.363607202257429,26.24850300380162,2.4062475563484975,71.49609057980499,,,0.0,-1,-1,0,80,prompt
32,2753,9,-22.207282951476568,-20.568832609388565,-27.646366755167644,1.6536503433192349,49.134401995068224,,,0.0,-1,-1,0,80,prompt
32,2757,9,-36.471781483252094,2.0599626700083413,-28.646115197075737,2.839549905718785,84.37066948058606,,,0.0,-1,-1,0,80,prompt
32,2803,11,-3.2251150753250712,-23.847865386442706,-26.24253429066051,2.949802901670148,87.64658270258036,,,0.0,-1,-1,0,80,prompt
32,2809,7,-50.456193502132066,-25.20649746486119,-41.233048575265066,1.7347614366704711,51.54443086427868,,,0.0,-1,-1,0,80,prompt
32,2991,9,-34.92526211715992,-38.2001416683197,13.634197023179796,1.9646691685928275,58.37560830616349,,,0.0,-1,-1,0,80,prompt
32,2999,8,13.41749532950807,21.335161089897156,36.47673273086548,3.0598392373305687,90.91605836425573,,,0.0,-1,-1,0,80,prompt
32,3267,9,15.309977166156674,3.2423629760742188,12.778051535288492,2.4464495692277857,72.690600573893,,,0.0,-1,-1,0,80,prompt
32,3449,6,-20.651736639324625,-8.489261627197266,-14.815479278564453,0.6537160196545906,19.42366222103088,,,0.0,-1,-1,0,80,prompt
32,3703,9,5.415629526588448,18.91532113817003,22.11212370130751,1.613079800548223,47.928941986111425,,,0.0,-1,-1,0,80,prompt
32,3811,7,-13.200139806155175,-11.999511650630406,12.231197902134486,1.4611131633623613,43.413604223509616,,,0.0,-1,-1,0,80,prompt
32,3873,6,-34.43479643792028,-16.590549389521282,-11.979567209879557,0.55961035263147,16.627529597100835,,,0.0,-1,-1,0,80,prompt
32,3891,6,-21.13992505971029,5.607163213193417,13.08806578318278,1.3769262338462598,40.91218398416699,,,0.0,-1,-1,0,80,prompt
32,3907,6,3.324552330346446,-29.707798957824707,-15.822367032368978,0.5781792889713505,17.17926266838191,,,0.0,-1,-1,0,80,prompt
32,3947,12,1.834988535668255,3.1407505671183267,1.703583002090454,2.690516220901229,79.94247762599247,,,0.0,-1,-1,0,80,prompt
32,4065,6,15.832712339096313,11.131187319755554,14.188799778620401,1.9099893500779594,56.75092374404851,,,0.0,-1,-1,0,80,prompt
32,4083,6,22.671249029249797,20.5441997051239,-1.8474998474121094,1.7749857359175183,52.73960304632974,,,0.0,-1,-1,0,80,prompt
32,4121,6,-42.2458535399303,-33.03329849243164,-44.80670166015625,0.1784325497197068,5.301711248906137,,,0.0,-1,-1,0,80,prompt
32,4201,7,-39.24909707740897,-23.91588647024972,-26.2049560546875,0.8912527540909158,26.481517858736915,,,0.0,-1,-1,0,80,prompt
32,4227,8,8.367316626481372,-23.05679927766323,-0.7205252647399902,1.6303443999333784,48.4419196962429,,,0.0,-1,-1,0,80,prompt
32,4277,9,-0.12223692469515236,4.236933602227105,16.492644362979465,1.8239543498439557,54.194592350158864,,,0.0,-1,-1,0,80,prompt
32,4323,6,-13.339112415988671,-17.44501845041911,-28.44541025161743,1.0263090972323285,30.494405276384295,,,0.0,-1,-1,0,80,prompt
32,4401,12,-23.811678789066523,12.56531016031901,-25.1477263768514,3.5471495470780647,105.39535911378086,,,0.0,-1,-1,0,80,prompt
32,5125,18,-43.53413705211387,35.67060661315918,20.231312301423817,23.02690987338726,684.1914622363412,0.5945163369178772,77.2052230834961,77.2052230834961,4,6,1,80,prompt
32,5173,17,-46.11383396028885,28.806329166187965,25.318811641019934,34.32466273274376,1019.8781041405362,,,0.0,-1,-1,0,80,prompt
32,5187,18,-44.57389561996187,24.08832136789958,14.174032317267526,33.84204752395443,1005.5383074759092,,,0.0,-1,-1,0,80,prompt
32,5191,16,-46.63111460046399,33.26885676383973,28.79580384492874,30.339676051872644,901.4734254767865,,,0.0,-1,-1,0,80,prompt
32,5633,7,-29.17443172267287,-31.63975661141532,-33.14495781489781,0.6005635603752394,17.844359612224206,,,0.0,-1,-1,0,80,prompt
32,5683,6,-31.095669923560617,-16.47969889640808,-20.55196698506673,0.6725744669573458,19.983997442149334,,,0.0,-1,-1,0,80,prompt
32,5981,6,-28.512476214866883,-5.085243384043376,38.24345684051514,1.65424235957413,49.15199239123217,,,0.0,-1,-1,0,80,prompt
32,6187,6,-20.061921075996853,-19.629686673482258,-3.4271135330200195,0.9456128969133456,28.09670399572002,,,0.0,-1,-1,0,80,prompt
33,197,9,-10.210198403719366,-36.974633110894096,10.716127607557508,2.2783535373104016,67.69601508647585,,,0.0,-1,-1,0,80,prompt
33,513,22,-17.953077910657466,22.41185491735285,6.554976810108531,6.439361958364705,191.3307733598442,0.33041244745254517,390.759765625,533.9424438476562,5,6,2,80,prompt
33,611,6,-28.131589815027493,-35.5458984375,-19.443467775980633,0.5862808017480685,17.419980415726513,,,0.0,-1,-1,0,80,prompt
33,895,7,-5.312917239967867,-10.265501294817243,18.59589413234166,1.3547525650448649,40.25334461041739,,,0.0,-1,-1,0,80,prompt
33,1253,10,-16.73922831858408,10.999091339111327,-27.956494140625,3.2200617793836286,95.67670127870952,,,0.0,-1,-1,0,80,prompt
33,1273,6,-26.919083045108806,-31.984843571980793,15.696189244588217,1.273213570953903,37.83060165866548,,,0.0,-1,-1,0,80,prompt
33,1339,11,-30.225648608269772,-11.30921831997958,-24.848549235950816,2.9148773054360673,86.60884924688604,,,0.0,-1,-1,0,80,prompt
33,1491,7,-18.449743409691987,-1.0372395515441883,11.207096644810267,1.239751802021189,36.83636245153906,,,0.0,-1,-1,0,80,prompt
33,1499,8,-12.519101943992027,-7.676362216472626,10.979974746704102,1.4437961631897012,42.899069544960625,,,0.0,-1,-1,0,80,prompt
33,1525,6,-35.993599803898356,-33.03329849243164,-33.640034675598145,0.2337850565317508,6.946383190665404,,,0.0,-1,-1,0,80,prompt
33,1773,7,-10.750383947884776,-11.421508244105748,-20.31533077784947,1.8535617192338276,55.074306973927804,,,0.0,-1,-1,0,80,prompt
33,1819,6,6.385291442878144,-25.864999453226726,4.87739912668864,1.5011779974031707,44.604038265131415,,,0.0,-1,-1,0,80,prompt
33,1935,6,14.189283326475689,-5.824244101842244,22.247047424316406,1.5435683295747975,45.86356911458808,,,0.0,-1,-1,0,80,prompt
33,1945,9,-10.061887486370303,29.750908109876846,29.17783037821452,3.0023172377015466,89.20692495237645,,,0.0,-1,-1,0,80,prompt
33,2013,7,-32.28216673235476,1.7736007145472936,-10.130268505641393,0.7775692778545549,23.10367583538493,,,0.0,-1,-1,0,80,prompt
33,2121,6,-37.19272806458167,-17.694430033365887,-27.80655320485433,0.4346541427056657,12.914744318714238,,,0.0,-1,-1,0,80,prompt
33,2325,7,-26.664973374942438,10.799957820347377,-21.55321475437709,2.029424978619418,60.2996776925468,,,0.0,-1,-1,0,80,prompt
33,2445,12,-15.722809528152974,0.8567783037821451,4.475671370824178,3.4177975758967856,101.55196393864466,,,0.0,-1,-1,0,80,prompt
33,2731,7,-57.49273495997146,16.473102024623326,14.202744620186943,2.1071057476535917,62.60778239462667,,,0.0,-1,-1,0,80,prompt
33,3105,15,-41.154980494934726,-21.81527976989746,12.958740997314454,3.4397230476043283,102.20342870878923,,,0.0,-1,-1,0,80,prompt
33,3157,7,-35.961977039596775,-33.16394478934152,-30.02136312212263,2.2849037595806796,67.89063981804934,,,0.0,-1,-1,0,80,prompt
33,3371,8,-50.99175238799888,1.0392193794250488,9.720157146453857,1.6511952732267339,49.061455255548374,,,0.0,-1,-1,0,80,prompt
33,3735,6,-34.3035476301417,10.609269460042318,-5.879669825236003,0.9979233135150045,29.650987250471672,,,0.0,-1,-1,0,80,prompt
33,4011,10,8.062369012965169,-0.5126809120178223,10.266598892211913,3.330888339697984,98.9696566415017,,,0.0,-1,-1,0,80,prompt
33,4233,6,-30.348396569344317,-11.366743087768555,-31.889527956644695,0.7539843087879408,22.40290293267187,,,0.0,-1,-1,0,80,prompt
33,4297,12,-5.288049568006433,15.124097108840942,7.40469487508138,3.5541235036695102,105.60257413238776,,,0.0,-1,-1,0,80,prompt
33,4315,11,-26.524265166755708,41.825721047141336,25.711069974032316,2.9405137596424042,87.37057729404621,,,0.0,-1,-1,0,80,prompt
33,4321,15,-10.840307784225455,-15.50052506128947,1.8441810290018716,4.054778932773152,120.47839429229859,,,0.0,-1,-1,0,80,prompt
33,4609,6,-28.048114654233817,24.936631202697754,-15.514381249745687,1.8054906787752354,53.64598699337332,,,0.0,-1,-1,0,80,prompt
33,4661,8,-11.634113572002638,-4.212299585342407,-21.39987540245056,1.0371646430055566,30.816952755694253,,,0.0,-1,-1,0,80,prompt
33,4849,10,-26.556265787904557,8.35531930923462,0.11273779869079589,2.0967544097110715,62.300216286888514,,,0.0,-1,-1,0,80,prompt
33,5247,7,-8.520697803387753,1.2985294886997767,6.717670713152204,0.8981833365776103,26.687444115963523,,,0.0,-1,-1,0,80,prompt
33,5687,7,-12.570172920943133,-25.50341742379325,-23.296402794974192,2.7097222265468135,80.51313974082355,,,0.0,-1,-1,0,80,prompt
33,6027,6,-18.371470343980917,-13.274286905924479,-8.303042570749918,0.8677545324362522,25.783322455087077,,,0.0,-1,-1,0,80,prompt
33,6127,9,-40.72898810233019,-0.15395821465386283,1.2219386630588107,1.397711272803658,41.52976342817815,,,0.0,-1,-1,0,80,prompt
33,6321,7,-43.372950190520896,-33.001627513340544,0.033739021846226284,0.8111871120620968,24.10255216182854,,,0.0,-1,-1,0,80,prompt
33,6441,6,-2.120621047128278,-1.6996994018554688,2.882099151611328,1.6497313953288943,49.0179595036231,,,0.0,-1,-1,0,80,prompt
33,6495,8,9.27365838271145,2.442164570093155,6.880885601043701,0.9312769442728405,27.67074426193073,,,0.0,-1,-1,0,80,prompt
33,6639,12,-36.21730243052959,-21.303983847300213,-18.728399395942688,3.2668949860925713,97.0682418873103,0.41335344314575195,256.04022216796875,377.56951904296875,7,9,2,80,prompt
33,6691,8,-8.336041468140273,1.084252178668974,-19.913792729377747,1.5655933341428776,46.517991273881506,,,0.0,-1,-1,0,80,prompt
33,6741,537,-24.504944019928022,0.39138102786723017,35.19622362836557,189.9020197664642,5642.500070572392,,,0.0,-1,-1,0,80,prompt
33,6767,7,12.700272560901164,-45.666241782052175,27.083837577274867,3.347897786446119,99.47505308012187,,,0.0,-1,-1,0,80,prompt
34,21,6,-31.73425091642233,-21.726598739624023,-29.132134437561035,0.5596382644000155,16.628358930860326,,,0.0,-1,-1,0,80,prompt
34,205,12,-6.856940095517821,3.482537647088369,5.684945901234944,3.584996715931207,106.51990035450827,,,0.0,-1,-1,0,80,prompt
34,209,9,-2.922462924464265,46.332220713297524,21.29824251598782,2.4585058821629304,73.0488260770817,,,0.0,-1,-1,0,80,prompt
34,423,7,-26.579461798950643,-22.13832746233259,-27.310757773263113,0.7089455401509267,21.064679908370348,,,0.0,-1,-1,0,80,prompt
34,791,8,-48.932328686019844,23.888174533843994,-16.59537523984909,2.142297310912098,63.653418446385714,0.31696179509162903,308.2657470703125,449.31585693359375,7,14,2,80,prompt
34,817,7,-19.533797755498956,-12.621064205254827,35.63908222743443,3.329141649391636,98.91775777181635,,,0.0,-1,-1,0,80,prompt
34,1287,8,-22.96654176539113,-22.6376473903656,-6.973158359527588,1.5335059048563877,45.564587396259974,,,0.0,-1,-1,0,80,prompt
34,1387,7,-25.13009834567124,-14.600528172084264,16.494963782174246,0.708426020653711,21.04924358597995,,,0.0,-1,-1,0,80,prompt
34,1449,7,-33.086487608296004,-13.183231353759766,6.391777787889753,1.7441288547541316,51.82276206509021,,,0.0,-1,-1,0,80,prompt
34,1495,8,-31.332217798877338,-20.015352249145508,-8.48002541065216,2.194737223226242,65.21154936725347,,,0.0,-1,-1,0,80,prompt
34,1583,6,-38.64589838160136,11.449882507324219,-7.625557581583659,0.9521006823035512,28.289473559556743,,,0.0,-1,-1,0,80,prompt
34,1673,7,-29.066796925380512,9.41433225359235,28.188378197806223,2.4373110548326156,72.41907071769087,,,0.0,-1,-1,0,80,prompt
34,1723,6,-37.900488665003415,-12.974068323771158,-13.231248537699381,1.5175024554987855,45.08908184744738,,,0.0,-1,-1,0,80,prompt
34,1745,14,-18.06147639419007,-7.99505615234375,26.769102777753556,3.446272796730719,102.39803938198449,,,0.0,-1,-1,0,80,prompt
34,1921,7,-20.38138685148375,28.282585961478098,2.703317642211914,3.1790032450563483,94.45674172733568,,,0.0,-1,-1,0,80,prompt
34,1985,6,-37.94039997705726,-3.2654552459716797,-22.394848823547363,0.42578444415315564,12.651201704633353,,,0.0,-1,-1,0,80,prompt
34,2107,6,-29.926208516642742,-25.68486754099528,-18.94002374013265,0.6793470469627335,20.18522902044087,,,0.0,-1,-1,0,80,prompt
34,2297,6,-32.55988181538729,8.387650807698568,10.113590240478516,1.0634558423920406,31.598135044203357,,,0.0,-1,-1,0,80,prompt
34,2811,7,-43.22426375797314,-9.913156332714218,-43.47650064740862,2.5168525205175913,74.78246172476308,,,0.0,-1,-1,0,80,prompt
34,3085,6,-36.70795232592254,-15.472812334696451,3.1947034200032554,1.5593010460582752,46.33103046111555,,,0.0,-1,-1,0,80,prompt
34,3115,7,-35.43476736575307,-22.67674228123256,-25.410472324916295,0.9130782916462273,27.130013316276397,,,0.0,-1,-1,0,80,prompt
34,3675,6,-41.37936473529143,-38.31714884440104,-22.390230496724445,0.6064284518862807,18.01862132258224,,,0.0,-1,-1,0,80,prompt
34,3791,6,-34.582528256259415,-3.5980052947998047,-19.762160778045654,1.141369939212515,33.91317254274474,,,0.0,-1,-1,0,80,prompt
34,3891,6,-21.802099470474,-2.8636249701182046,10.917253494262695,1.3993209133710414,41.577590181291285,,,0.0,-1,-1,0,80,prompt
34,4209,7,-20.75775756960647,-5.2930867331368585,-7.497581209455218,1.0814277198398654,32.13212788899973,,,0.0,-1,-1,0,80,prompt
34,4237,7,-24.48205314583211,1.5835715702601842,-6.592246941157749,1.7142158018939133,50.93396476276355,,,0.0,-1,-1,0,80,prompt
34,4327,10,-11.398048539694809,-14.95920696258545,-24.324268341064453,2.514736415809117,74.71958655902449,,,0.0,-1,-1,0,80,prompt
34,4415,7,-44.60252148977711,-18.73364918572562,-23.343911170959473,0.9059650396870836,26.9186594574242,,,0.0,-1,-1,0,80,prompt
34,4499,19,4.841942396089766,13.07154893875122,25.949471925434313,6.285724844770511,186.7658012475736,,,0.0,-1,-1,0,80,prompt
34,4549,7,-11.621185190880379,17.739958797182357,13.578495025634766,2.4607232329268647,73.11470953560082,,,0.0,-1,-1,0,80,prompt
34,4701,6,-7.288677436103637,12.179644266764322,4.547997156778972,1.4322938722115472,42.55730552509507,,,0.0,-1,-1,0,80,prompt
34,4781,7,-12.617383252677554,15.934688023158483,-17.71035589490618,1.2651416039901213,37.59076179693675,,,0.0,-1,-1,0,80,prompt
34,4821,11,-39.035831973102766,8.749592520973899,0.31623021039095794,3.235973653301804,96.1494858747694,,,0.0,-1,-1,0,80,prompt
34,5581,18,-34.418260526259786,9.289846102396647,12.681616359286839,3.6916735491091957,109.6895561563553,,,0.0,-1,-1,0,80,prompt
34,5743,9,-10.106283214352858,-28.891819927427505,-21.85347451104058,2.1029492660255262,62.48428213955548,,,0.0,-1,-1,0,80,prompt
34,5809,8,-17.351617996802357,21.671175479888916,-33.71587586402893,2.082617536859812,61.88017174940016,,,0.0,-1,-1,0,80,prompt
34,5887,7,-29.203294088200057,-0.6650994334902082,-24.91038649422782,1.4132328645411536,41.99095169032468,,,0.0,-1,-1,0,80,prompt
34,5893,7,-10.409820329481095,-22.8311414037432,-20.876237801143102,2.264726937090035,67.29113212209434,,,0.0,-1,-1,0,80,prompt
34,6193,9,-22.388399986640433,22.582608964708115,23.37668016221788,2.7579824975109197,81.94708226895303,,,0.0,-1,-1,0,80,prompt
34,6257,8,-26.30312745309359,-18.813323259353638,-13.947574377059937,1.0254070372408925,30.46760264641967,,,0.0,-1,-1,0,80,prompt
34,6299,6,-13.247376362004657,5.380844910939534,-30.577803293863933,0.9293746301921431,27.614221391095615,,,0.0,-1,-1,0,80,prompt
34,6493,9,-11.462922167024669,-10.484562555948893,14.408048629760742,2.6490398357629976,78.71010260250742,,,0.0,-1,-1,0,80,prompt
34,6519,6,12.50768671193984,-7.357667922973634,20.130189100901287,0.7908913632738662,23.499510845518458,,,0.0,-1,-1,0,80,prompt
35,135,6,-13.809268781705606,-19.361799240112305,-15.223400592803955,0.9201538565507458,27.340247391312467,,,0.0,-1,-1,0,80,prompt
35,523,8,-15.074378725435341,-24.837327122688293,-8.999634981155396,1.7098642810288036,50.80466936707123,,,0.0,-1,-1,0,80,prompt
35,605,7,-11.024061516254083,-1.1441290719168526,-10.070884704589844,1.0804666772092801,32.10357272609219,,,0.0,-1,-1,0,80,prompt
35,1267,6,-14.797205683022918,20.909081141153973,6.978930473327637,1.8125876305921884,53.85685653113416,0.2703060805797577,310.6487731933594,356.54339599609375,6,15,2,80,prompt
35,1427,8,-25.0198888249523,-1.8290245532989498,-2.703072249889374,1.5426146898008497,45.83523391047378,,,0.0,-1,-1,0,80,prompt
35,1515,9,-28.49251563390299,22.440966500176323,-20.808655791812473,2.0936052409316344,62.20664600742507,,,0.0,-1,-1,0,80,prompt
35,1759,8,-50.30462392937055,-38.49958944320679,-21.447269916534424,0.49493491674361745,14.705848342681906,,,0.0,-1,-1,0,80,prompt
35,1997,12,-49.314146904668405,23.55100679397583,13.831684827804565,2.847530534863878,84.6077954499137,,,0.0,-1,-1,0,80,prompt
35,2663,8,-18.471130299913053,6.308058261871338,12.53423547744751,2.084203497312272,61.92729490257113,,,0.0,-1,-1,0,80,prompt
35,2985,6,-46.221020220494474,-42.87123680114746,-17.688342253367107,0.5995486036041552,17.814202515109002,,,0.0,-1,-1,0,80,prompt
35,2989,6,-28.518669578210048,-29.486099243164062,-17.82543436686198,1.7179291873799987,51.04429943899852,,,0.0,-1,-1,0,80,prompt
35,3051,11,-0.28944205399153233,-4.607833038676869,19.00876912203702,1.946693046091589,57.841489329405945,,,0.0,-1,-1,0,80,prompt
35,3725,7,-11.971960320606607,-16.302866842065537,3.5901173182896207,0.5312735936749047,15.78556822876552,,,0.0,-1,-1,0,80,prompt
35,3749,6,12.5928308443214,36.224857012430824,-1.761215051015218,1.5758759499252257,46.82351546129624,,,0.0,-1,-1,0,80,prompt
35,3857,7,-40.08762764939638,16.152428490774973,11.935539381844658,1.8384463875982133,54.625189792733195,,,0.0,-1,-1,0,80,prompt
35,3901,9,-11.357103364213243,-25.90502887301975,8.232220543755425,2.524691449138089,75.0153773901613,,,0.0,-1,-1,0,80,prompt
35,4149,7,-42.83124527229868,-3.206731285367693,-20.24011175973075,0.7621308274327485,22.644957925476984,,,0.0,-1,-1,0,80,prompt
35,4197,6,-25.395861265459775,9.283687829971313,-7.935012976328532,1.4032432450013108,41.69413320978472,,,0.0,-1,-1,0,80,prompt
35,4221,7,5.86289464447466,15.13498422077724,21.305062294006348,1.9340955128739246,57.467182715094374,,,0.0,-1,-1,0,80,prompt
35,4333,6,-22.835817227479783,12.7431321144104,17.24808915456136,0.7607725889275271,22.60460100420257,,,0.0,-1,-1,0,80,prompt
35,4521,6,-30.07219662484324,-14.262699127197266,-12.201267878214518,0.824774451061076,24.506268569663025,,,0.0,-1,-1,0,80,prompt
35,4541,6,-13.381285923920165,-27.41689904530843,-17.81766716639201,0.6225228087077211,18.49682797679516,,,0.0,-1,-1,0,80,prompt
35,4641,7,-18.6211335112879,5.055551937648228,-4.820084776197161,1.1071426149931682,32.89618662779412,,,0.0,-1,-1,0,80,prompt
35,5491,6,-1.3640950171725994,23.883556365966797,-6.130552609761556,0.6749671667416024,20.055090991960597,,,0.0,-1,-1,0,80,prompt
35,5495,8,1.9160979511926675,12.415199935436249,-10.369197010993958,2.773205640156322,82.39940280538887,,,0.0,-1,-1,0,80,prompt
35,5591,7,16.650313397663798,1.9319576535906111,6.647671290806362,1.4366706203886987,42.68735049211977,,,0.0,-1,-1,0,80,prompt
35,5805,7,-23.998492046764756,-21.421762193952286,49.10213770185198,1.238846683946321,36.80946895768576,,,0.0,-1,-1,0,80,prompt
35,5959,6,-41.298271697855114,-35.30110581715902,-2.6664902369181314,1.3852135366300828,41.15842205261977,,,0.0,-1,-1,0,80,prompt
35,6263,7,-13.934063531598428,-8.970932688031876,-29.804881504603795,2.576160660909199,76.54466618555134,,,0.0,-1,-1,0,80,prompt
35,6587,8,46.06643145355517,-31.315125465393066,-21.140225052833557,2.4687240657410356,73.35243581030878,,,0.0,-1,-1,0,80,prompt
36,466,14,4.362280708740938,-3.032538754599435,10.80535330091204,3.1617723734509546,93.944766160309,,,0.0,-1,-1,0,80,prompt
36,940,12,-22.85523962295683,10.720118582248688,10.367622971534729,3.693621203978559,109.74742622404256,,,0.0,-1,-1,0,80,prompt
36,1070,8,-12.058126289769977,-23.042942762374878,3.684659004211426,1.3247630390000271,39.362275083971454,,,0.0,-1,-1,0,80,prompt
36,1184,8,4.8295676772111875,-11.971799775958061,-30.501225471496582,2.049398847430699,60.893155088499995,,,0.0,-1,-1,0,80,prompt
36,1530,6,-40.58340069009192,-30.151198705037434,-29.871134440104168,0.5014273231847889,14.898755210378967,,,0.0,-1,-1,0,80,prompt
36,1598,6,-7.86733149714471,-17.90227476755778,-6.926654974619548,1.285310957235609,38.19004756151691,,,0.0,-1,-1,0,80,prompt
36,1878,6,-9.766711392649027,-14.558299243450165,7.1682993570963545,0.7261164972736377,21.57487525487504,,,0.0,-1,-1,0,80,prompt
36,1944,7,-2.8034588922374297,24.786851610456193,-5.551048415047782,2.19860826952682,65.32656857058296,,,0.0,-1,-1,0,80,prompt
36,2028,10,-20.89906037403657,16.427970123291015,-13.401765060424804,3.953856308933344,117.47971153558663,,,0.0,-1,-1,0,80,prompt
36,2206,7,-35.67001556663516,-5.336635385240827,-27.255332946777344,0.6796865830543857,20.195317551481594,,,0.0,-1,-1,0,80,prompt
36,2508,8,-7.9954536413817845,-40.09652256965637,-10.955726623535156,1.3496023726409179,40.10031853392558,,,0.0,-1,-1,0,80,prompt
36,2856,6,-46.85427970508235,-30.400611221790314,-21.512667496999104,1.5094803358720932,44.85072308425247,,,0.0,-1,-1,0,80,prompt
36,3068,12,-38.93081312819274,10.029616117477417,14.342056592305502,3.642232679334571,108.22053486034407,,,0.0,-1,-1,0,80,prompt
36,3078,7,-40.452189452523676,-15.491286414010185,-32.68968146187918,0.6772783057090913,20.12376115040966,,,0.0,-1,-1,0,80,prompt
36,3164,6,-18.18168494519001,19.70820649464925,15.697660128275553,0.7012100682089552,20.834838219313216,,,0.0,-1,-1,0,80,prompt
36,3394,7,-24.0406966693453,8.487943785531181,0.5575782230922154,1.3826975893364457,41.08366648762177,,,0.0,-1,-1,0,80,prompt
36,3432,9,-2.4077847524861347,13.403613408406576,-8.596543418036568,3.481514164846191,103.44515527007852,,,0.0,-1,-1,0,80,prompt
36,3516,10,-12.590359408908487,8.601960277557373,-23.770900201797485,2.6755952961207847,79.49913679565168,,,0.0,-1,-1,0,80,prompt
36,3654,6,-37.584257480968766,-24.460899511973064,-14.566066741943358,0.7971567089356394,23.685671126394823,,,0.0,-1,-1,0,80,prompt
36,3768,7,10.483484257109783,-0.2850426265171596,-5.69752870287214,2.1373083364099283,63.50518258762447,,,0.0,-1,-1,0,80,prompt
36,4062,6,-18.034944909399915,13.52369991938273,1.5411911010742188,1.1098224716756626,32.975812381847156,0.41499969363212585,76.37098693847656,76.37098693847656,4,7,1,80,prompt
36,4112,10,-29.3599203246535,-21.247173595428468,-2.209569215774536,1.6753767677358253,49.77995253452354,,,0.0,-1,-1,0,80,prompt
36,4140,6,19.20122707644186,-6.341543813546498,-13.452948093414307,2.2572892083561786,67.07013718503529,,,0.0,-1,-1,0,80,prompt
36,4152,6,-3.596821107381993,-6.7664690017700195,1.6396557490030925,1.8582885445537072,55.21475367498871,,,0.0,-1,-1,0,80,prompt
36,4306,9,-25.335984159339635,-20.273232195112442,-36.37692324320475,1.3688500983164267,40.67222026312245,,,0.0,-1,-1,0,80,prompt
36,4372,10,-34.5494642310955,-21.416219329833986,-29.76612033843994,2.0560035220043025,61.089397744547014,,,0.0,-1,-1,0,80,prompt
36,4542,15,-9.42276943238428,1.1380600611368814,-4.978129514058431,4.830233700116374,143.51924232983237,,,0.0,-1,-1,0,80,prompt
36,4712,7,-23.363003066266167,-13.915633065359932,-16.3734986441476,1.5142001631827517,44.990961855626395,,,0.0,-1,-1,0,80,prompt
36,6214,7,17.645055584138404,2.5653864315577914,-4.944071360996792,1.8940362111941074,56.27691305480631,,,0.0,-1,-1,0,80,prompt
36,6308,7,-40.251834190417966,-25.43215642656599,-24.79287964957101,0.905826646494188,26.914547423220256,,,0.0,-1,-1,0,80,prompt
36,6488,7,-8.65372259911138,3.705557414463588,-9.751472132546562,1.5057566441159602,44.7400821809982,,,0.0,-1,-1,0,80,prompt
36,6602,6,-15.577798427690631,-6.018230120340983,-16.364231904347736,1.8322460386891826,54.440960740299715,,,0.0,-1,-1,0,80,prompt
36,6694,6,-17.629119939779176,-6.831130504608154,-16.593698501586914,0.4896630001792762,14.54920551380136,,,0.0,-1,-1,0,80,prompt
37,229,6,6.194235630758633,-19.126243730386097,-16.835344314575195,1.5613893931539249,46.39308087347596,,,0.0,-1,-1,0,80,prompt
37,1221,9,-21.44453343222507,-6.826512230767144,-1.8603070576985676,1.5684807686369242,46.603784723348056,,,0.0,-1,-1,0,80,prompt
37,1237,15,-15.914341937843222,4.116230010986328,-11.72091719309489,4.605581215631061,136.84421243219614,,,0.0,-1,-1,0,80,prompt
37,1413,11,-23.70653459474114,4.2778026407415215,-11.685111652721059,2.9604211563259564,87.96207962419517,0.4913713335990906,148.30609130859375,148.30609130859375,6,13,1,80,prompt
37,1443,10,-23.12236845527851,-24.572672843933105,0.5616810798645016,1.9496893921350291,57.93051883410716,,,0.0,-1,-1,0,80,prompt
37,1465,7,3.344719394111941,5.312881742204938,23.746461595807755,1.5266523264598517,45.36094913778497,,,0.0,-1,-1,0,80,prompt
37,1661,7,-16.69409009566998,-20.550797598702566,-0.05605588640485491,1.2222670403383527,36.31684312704387,,,0.0,-1,-1,0,80,prompt
37,1749,11,4.465842069665226,-25.487941135059703,17.35609652779319,3.6706265353528758,109.06419273604295,,,0.0,-1,-1,0,80,prompt
37,1763,6,-23.740473634033886,4.6002756754557295,-2.153808434804281,1.114886851942044,33.126288748794714,,,0.0,-1,-1,0,80,prompt
37,2449,6,-22.02960872399187,-23.943599204222362,-39.78150018056234,1.9113694540633461,56.79193034758289,,,0.0,-1,-1,0,80,prompt
37,2533,6,-26.97861141867016,-26.825698773066204,-21.43876775105794,0.4343385744579093,12.905367936817797,,,0.0,-1,-1,0,80,prompt
37,2693,11,-17.09343297811361,-19.149337421764027,19.865337285128508,2.666754838639862,79.23646301250108,,,0.0,-1,-1,0,80,prompt
37,3057,6,-12.66999271429219,14.539825439453125,5.180766423543294,1.6400619553328193,48.73065441899396,0.37326884269714355,143.5226287841797,245.1629180908203,4,6,2,80,prompt
37,3061,6,-22.286830020204164,-9.63471245765686,-10.669312795003256,1.0699995185848512,31.792565274198513,,,0.0,-1,-1,0,80,prompt
37,3295,8,-37.15557714622956,-29.510347843170166,-29.119065046310425,0.7515864071704704,22.33165482239668,,,0.0,-1,-1,0,80,prompt
37,3627,6,-19.94004487143736,-17.823755423227947,-20.528873761494953,0.5749136715742336,17.082232387101303,,,0.0,-1,-1,0,80,prompt
37,3759,6,-9.212402677099552,-30.968718369801838,30.65946880976359,0.6075905412287665,18.053150124356183,,,0.0,-1,-1,0,80,prompt
37,3997,6,16.336511914973205,-9.292924404144287,15.266645749409994,1.6831666149559368,50.011409859428674,,,0.0,-1,-1,0,80,prompt
37,4079,6,-2.0624830143752426,-6.2861188252766915,11.662343819936117,2.9332241000801296,87.15398189055779,,,0.0,-1,-1,0,80,prompt
37,4167,6,-1.1054833801519865,-30.243574778238933,-14.918562412261963,2.027813860889554,60.25180704896101,,,0.0,-1,-1,0,80,prompt
37,4175,6,-40.759010463128895,-16.036299228668213,-41.70290104548136,0.7316535151128591,21.739394956071422,,,0.0,-1,-1,0,80,prompt
37,4209,6,-36.91334888020468,7.935013373692835,9.834995985031128,1.4753478308345784,43.83655450237096,,,0.0,-1,-1,0,80,prompt
37,4347,7,-21.734215851488763,17.94978209904262,31.053381851741246,1.425130220689246,42.344454159586434,,,0.0,-1,-1,0,80,prompt
37,4467,7,0.828419107172268,-12.636899539402553,1.4114461626325325,1.8501977581591738,54.974354637325604,,,0.0,-1,-1,0,80,prompt
37,4613,7,-37.84010201665475,-8.317708151681083,4.892604827880859,1.580354403230602,46.956582361388826,0.5234984755516052,91.25128173828125,91.25128173828125,4,7,1,80,prompt
37,4709,6,9.745823917812922,-18.81216828028361,31.538501739501953,1.547721559830007,45.98697276262164,,,0.0,-1,-1,0,80,prompt
37,4753,7,5.378650302677093,8.582957812717982,9.378070422581263,1.8517955520773672,55.02182939460966,,,0.0,-1,-1,0,80,prompt
37,4855,13,-6.3949731793460005,-12.671007862457863,16.38065352806678,4.7980737220746805,142.56368283345088,,,0.0,-1,-1,0,80,prompt
37,4933,7,13.550573314516296,15.784248079572405,34.43826539175851,2.221371289870709,66.00291916471981,,,0.0,-1,-1,0,80,prompt
37,5667,6,-11.383059567090385,18.97844420125087,34.64230155944824,1.7947848319364168,53.32788747227365,,,0.0,-1,-1,0,80,prompt
37,5853,6,-17.856674382226018,18.765981674194336,-13.192827701568604,2.5875357507720533,76.8826507179584,0.21339690685272217,153.06356811523438,153.06356811523438,6,15,1,80,prompt
37,6119,7,-22.91450176257271,5.938393320356097,-22.694647107805526,1.8799553495368304,55.85853276062823,,,0.0,-1,-1,0,80,prompt
37,6199,6,-30.301773408208287,9.380681991577148,3.6903807322184243,1.1188632300187555,33.24443764266145,,,0.0,-1,-1,0,80,prompt
37,6595,6,-42.81617196923029,-10.56308078765869,-12.216594060262045,1.3018163115172727,38.680466056347235,,,0.0,-1,-1,0,80,prompt
37,6679,8,2.0836694079058127,-13.246574401855469,-35.877450466156006,1.9122614755071325,56.81843470528118,,,0.0,-1,-1,0,80,prompt
37,6817,6,4.6598523488229135,-4.235392967859904,1.6304181416829426,1.1608453405017807,34.491839127145724,,,0.0,-1,-1,0,80,prompt
38,410,10,-17.596239323414913,32.75063285827637,8.904149484634399,1.9358000546872627,57.517829239622586,,,0.0,-1,-1,0,80,prompt
38,478,12,-23.35748694817113,30.06575361887614,12.864056905110678,4.214641874887325,125.22835252481457,,,0.0,-1,-1,0,80,prompt
38,484,8,-11.384222953448724,-44.966994524002075,-34.08070528507233,2.7426165092523296,81.49051740492402,,,0.0,-1,-1,0,80,prompt
38,696,6,6.814191344661876,6.092131614685059,4.8990224202473955,1.2428110556660816,36.92726111037604,,,0.0,-1,-1,0,80,prompt
38,1108,14,-15.789610955359723,-14.159107344491142,-39.8883626801627,2.7478906994909646,81.64722779078673,,,0.0,-1,-1,0,80,prompt
38,1210,11,7.103584258821138,-17.27244485508312,-4.839209123091265,2.5206581170857545,74.89553624040457,,,0.0,-1,-1,0,80,prompt
38,1346,6,-12.432787037846685,-12.784699440002441,-4.507900555928548,1.1601121421061413,34.470053829631624,,,0.0,-1,-1,0,80,prompt
38,1588,6,-31.358611286306047,6.674093882242839,8.566309293111166,1.412080482276907,41.956711311968874,,,0.0,-1,-1,0,80,prompt
38,1698,7,-15.900425147398996,18.24670151301793,-3.7616124834333156,1.9033992931771546,56.55511541839933,,,0.0,-1,-1,0,80,prompt
38,1816,19,4.1483068685833056,16.337248551218135,22.139797838110674,6.958794221488309,206.76450379060444,0.32640567421913147,204.5695343017578,430.0828857421875,4,6,3,80,prompt
38,1842,6,-44.557177029847786,-14.054856330156326,-5.177618980407714,1.4265686501956787,42.38719377131641,,,0.0,-1,-1,0,80,prompt
38,2006,9,-5.036609839766861,33.01790449354384,-25.33909013536241,5.7988986406985275,172.30088458049056,,,0.0,-1,-1,0,80,prompt
38,2068,8,23.582461591408183,-0.38797444105148315,-3.713475286960602,3.5333952184741637,104.98668099538259,,,0.0,-1,-1,0,80,prompt
38,2234,7,-23.42458051914926,-24.95312581743513,-16.66519900730678,1.134150833537877,33.69867348513225,,,0.0,-1,-1,0,80,prompt
38,2402,7,-34.47614857211537,-25.903268269130162,-22.856963838849747,0.380889697879781,11.317257972347782,,,0.0,-1,-1,0,80,prompt
38,2564,6,-1.6333044818119322,40.27550061543783,9.46696662902832,1.947875068722811,57.87661040283258,,,0.0,-1,-1,0,80,prompt
38,2700,6,-41.39405884678437,28.945706367492676,-16.547510782877605,2.1556667498649937,64.0506604574396,,,0.0,-1,-1,0,80,prompt
38,2750,8,-29.21054269891057,-33.03329849243164,-36.43170142173767,0.2931163540193456,8.709275711095698,,,0.0,-1,-1,0,80,prompt
38,2940,7,20.080747209257538,44.153931209019255,-37.258284432547434,2.3476052447647144,69.75366968477215,,,0.0,-1,-1,0,80,prompt
38,2948,6,-21.989697411938014,-29.541524410247803,11.600828806559244,1.450503554334135,43.098364186757316,,,0.0,-1,-1,0,80,prompt
38,2960,20,-35.66291788091028,9.675819802284241,28.98645372390747,5.1065907458343,151.73055388873095,0.2867622971534729,340.78955078125,555.1287841796875,4,14,2,80,prompt
38,2986,7,-30.9218125504103,-36.63196563720703,0.37816572189331055,1.3243488722986718,39.349969076670966,,,0.0,-1,-1,0,80,prompt
38,3224,6,-9.244331726742638,-16.701399246851604,-19.739067554473877,1.1489259596624788,34.13768224503541,,,0.0,-1,-1,0,80,prompt
38,3258,7,-22.197528692678613,4.924907411847796,36.446703229631694,2.0576542130265447,61.13844421714877,,,0.0,-1,-1,0,80,prompt
38,3294,6,-28.846859381049967,-15.518999218940735,-8.932662963867188,0.9969138337417449,29.620992889701494,,,0.0,-1,-1,0,80,prompt
38,3410,10,-12.475653965148954,-2.352790641784668,-4.730524349212647,2.1798989097115626,64.77066313994155,,,0.0,-1,-1,0,80,prompt
38,3602,7,4.989812755075979,23.06471770150321,9.937717710222516,2.056520527162606,61.10475935916176,,,0.0,-1,-1,0,80,prompt
38,3656,6,37.99627581393267,13.68535582224528,-20.992218494415283,2.4843200206276204,73.81583360174048,,,0.0,-1,-1,0,80,prompt
38,4044,6,-6.426991653999611,17.990031878153484,20.00086482365926,0.8251210549597152,24.516567104270177,,,0.0,-1,-1,0,80,prompt
38,4098,8,19.81882486472945,-14.18879970908165,32.27482485771179,2.3940104155306967,71.13249219357951,0.4515029191970825,83.86702728271484,83.86702728271484,1,11,1,80,prompt
38,4162,8,-49.52102053881424,-27.996552228927612,8.200693488121033,1.2250926734326568,36.40080029060448,,,0.0,-1,-1,0,80,prompt
38,4380,10,-6.740078466679743,-11.702988433837891,42.786458778381345,2.8178839515669694,83.72691567543446,,,0.0,-1,-1,0,80,prompt
38,4538,8,24.627805156828046,16.042073965072632,30.726388692855835,2.3674753124145855,70.34406286887074,0.38206854462623596,80.56884002685547,80.56884002685547,4,7,1,80,prompt
38,4556,7,-3.045954715308778,24.608699526105607,-9.772703715733119,2.0910106800768893,62.12955462196214,,,0.0,-1,-1,0,80,prompt
38,4566,7,-10.10802769992973,-17.26092747279576,-16.35244342258998,1.2088341326577854,35.91771528928413,,,0.0,-1,-1,0,80,prompt
38,4648,6,-17.961315648635363,-27.21367422739665,-3.6133338610331216,0.9473555843023703,28.148483927959024,,,0.0,-1,-1,0,80,prompt
38,4694,7,-36.1801330565794,16.8294061933245,-6.83248165675572,1.6094224099541643,47.82027106881172,,,0.0,-1,-1,0,80,prompt
38,5190,9,-34.44902710247712,8.436916881137424,2.046174579196506,1.911978563530817,56.81002862909362,,,0.0,-1,-1,0,80,prompt
38,5340,6,-40.95896558165747,-10.669312159220377,5.356278260548909,1.1909614867647484,35.386670881031954,,,0.0,-1,-1,0,80,prompt
38,5494,10,-0.5659512698102247,8.441228008270263,23.404211902618407,2.539118430393635,75.44404182907917,,,0.0,-1,-1,0,80,prompt
38,5798,7,6.489730783955887,-10.570338930402484,-0.4150570460728237,1.8182055403329194,54.023779748420246,,,0.0,-1,-1,0,80,prompt
38,6222,6,-29.9333189239842,-18.650511741638184,-11.67473030090332,0.7487564845507142,22.247570205490945,,,0.0,-1,-1,0,80,prompt
38,6386,6,-11.468722185210945,0.4572563171386719,-1.2623899777730305,1.0675126847038177,31.718674747038808,,,0.0,-1,-1,0,80,prompt
38,6450,8,-3.6182254646798917,-21.36287271976471,-7.250283479690552,0.7752457905853208,23.034638775659346,,,0.0,-1,-1,0,80,prompt
38,6522,10,-26.65524584179812,-10.577860641479493,-11.09331455230713,1.3502929492413858,40.120837423201586,,,0.0,-1,-1,0,80,prompt
39,35,8,-25.8118294505269,-16.579002141952515,-5.673031806945801,0.7281488353231267,21.635261487742767,,,0.0,-1,-1,0,80,prompt
39,131,8,14.642417636953962,3.391317069530487,-2.975630044937134,2.975009227067777,88.39553046527344,,,0.0,-1,-1,0,80,prompt
39,141,9,-3.92534150440492,8.212137911054823,21.533240000406902,1.8383349384125511,54.62187833749571,,,0.0,-1,-1,0,80,prompt
39,175,7,18.145670133737543,-21.631585257393972,-20.91312885284424,2.7933673996981847,82.9984629405982,,,0.0,-1,-1,0,80,prompt
39,403,11,-13.582754252801438,18.02068328857422,-7.949765118685636,3.525769980487504,104.7601146537988,,,0.0,-1,-1,0,80,prompt
39,459,17,5.578963702623502,-15.479876406052533,1.9918529566596537,9.871060424560806,293.29577015928396,,,0.0,-1,-1,0,80,prompt
39,1189,6,-24.561256321535016,-22.327036539713543,-14.521350860595703,0.6179732957117217,18.361649702058706,,,0.0,-1,-1,0,80,prompt
39,1321,8,-10.09443368280715,-27.79910182952881,-24.94833278656006,2.550906392095775,75.7942938949499,,,0.0,-1,-1,0,80,prompt
39,1615,9,-33.746272479122545,-3.0791662534077964,-34.75630103217231,1.7282913881299118,51.35218830997826,,,0.0,-1,-1,0,80,prompt
39,1715,7,-55.94417605228178,-2.410987377166748,39.84616197858538,2.367823133981739,70.35439758368643,,,0.0,-1,-1,0,80,prompt
39,1991,6,-17.026045794695758,-23.966693878173828,57.12490431467692,1.5873206430092908,47.163568092721285,,,0.0,-1,-1,0,80,prompt
39,2031,6,-8.640739095920223,10.124300320943197,-9.910367329915365,0.8441343440697724,25.08150309219301,0.34535083174705505,112.57807922363281,112.57807922363281,6,13,1,80,prompt
39,2117,14,38.54328841314777,1.2628980364118298,47.68088245391846,3.5309139377229384,104.91295546665405,,,0.0,-1,-1,0,80,prompt
39,2213,8,-34.34781634324071,-15.872333645820618,-12.324032068252563,0.735984699412431,21.86808609767197,,,0.0,-1,-1,0,80,prompt
39,2457,6,-31.921774119335605,-18.442667643229168,-20.81523672739665,0.42552880997819686,12.643606125333989,,,0.0,-1,-1,0,80,prompt
39,2727,8,30.45047672118156,28.654725790023804,7.709899663925171,2.1730749264547353,64.56790423271356,,,0.0,-1,-1,0,80,prompt
39,2993,7,-32.81052939352362,-8.24248777117048,-20.288879462650844,0.6453474944284213,19.175010815230593,,,0.0,-1,-1,0,80,prompt
39,3461,11,-1.2190208537245781,12.072573358362371,4.306718132712624,3.0528417296208787,90.70814357854513,0.7638772130012512,57.47645950317383,57.47645950317383,4,5,1,80,prompt
39,3563,6,-12.342719955450562,-14.853899558385214,-9.836467345555624,1.1610001585977094,34.4964391894214,,,0.0,-1,-1,0,80,prompt
39,3687,9,-24.470963509459278,-17.110928853352863,0.44906753963894314,1.9221630409626629,57.11263686200554,,,0.0,-1,-1,0,80,prompt
39,3805,7,-8.483015740245664,2.9969092777797153,-33.41020584106445,1.9193867174034682,57.03014481743459,,,0.0,-1,-1,0,80,prompt
39,4051,7,23.747240587693426,12.411240986415319,32.9022023337228,2.1640970633602974,64.30114775900016,,,0.0,-1,-1,0,80,prompt
39,4073,6,-0.710894651368689,-3.5056307713190713,-13.89781936009725,1.9519852514345295,57.998734992499706,,,0.0,-1,-1,0,80,prompt
39,4089,7,-41.02691234609922,-17.20154353550502,-0.7607453210013253,2.6436278337709567,78.54929745857275,,,0.0,-1,-1,0,80,prompt
39,4099,6,3.9755652388234637,-34.07251803080241,19.8715394337972,1.04515883378558,31.05448167769267,,,0.0,-1,-1,0,80,prompt
39,4109,8,-8.859234628653322,-32.257349491119385,-40.0401508808136,2.074833134404073,61.64887620309747,,,0.0,-1,-1,0,80,prompt
39,4145,10,-30.126722899356082,-11.697445964813232,8.9022611618042,2.130224864017304,63.294713559836204,,,0.0,-1,-1,0,80,prompt
39,4305,6,-50.828574530577214,-36.74215507507324,-27.778841018676758,0.2820023269418779,8.379048056613264,,,0.0,-1,-1,0,80,prompt
39,4403,6,-47.6002079074193,4.614131609598797,-12.992544253667196,1.7698621783788338,52.58736836336448,,,0.0,-1,-1,0,80,prompt
39,4687,8,-47.640543849775575,-3.325499415397644,-9.179766297340393,2.3998151899127977,71.30496766224982,,,0.0,-1,-1,0,80,prompt
39,5055,7,0.0328151338633061,-13.39701407296317,-5.627528939928327,1.92343796061307,57.150518155876156,,,0.0,-1,-1,0,80,prompt
39,5401,7,9.652987345024451,10.49116052900042,29.265207018171036,1.4958381661946982,44.44537750940221,,,0.0,-1,-1,0,80,prompt
39,5733,8,-29.724090841801356,-26.053213596343994,-8.98703646659851,2.1132935762432625,62.79163943467735,0.40478089451789856,164.5487060546875,164.5487060546875,7,8,1,80,prompt
39,5863,7,-35.90611386684499,13.028834206717354,-10.460119792393273,2.2253859159956675,66.1222045110329,,,0.0,-1,-1,0,80,prompt
39,5921,6,9.04557228299193,41.38400014241537,-21.010900179545086,2.1504097997431706,63.8944623218439,,,0.0,-1,-1,0,80,prompt
39,6081,11,12.862833900404752,-30.85660882429643,9.321990273215555,5.042632661359184,149.8301870753168,,,0.0,-1,-1,0,80,prompt
39,6085,6,-50.80728849748181,-24.608698844909668,-44.585001627604164,0.6021479652915201,17.89143654622903,,,0.0,-1,-1,0,80,prompt
39,6299,7,-10.80243313217554,4.556727273123605,0.8228259427206857,2.615060546932739,77.70048648647813,,,0.0,-1,-1,0,80,prompt
39,6303,6,-25.771500895576068,-27.86029879252116,-46.802001317342125,0.8364125300926468,24.852067218027702,,,0.0,-1,-1,0,80,prompt
39,6399,9,5.448721049657291,-6.463170131047566,-10.690376705593533,2.421019715449195,71.9350111814431,,,0.0,-1,-1,0,80,prompt
40,529,10,-50.14722902493926,31.969140243530273,16.661884593963624,2.545395042702694,75.63053687236714,,,0.0,-1,-1,0,80,prompt
40,773,7,-49.96207927037705,-52.79231207711356,26.045337438583374,2.8873883879394833,85.79207953003322,,,0.0,-1,-1,0,80,prompt
40,989,6,-3.268676493471047,0.8590873082478853,11.242037455240885,1.2703926757485382,37.746785270535845,,,0.0,-1,-1,0,80,prompt
40,1427,6,-0.006238552272137099,28.80252456665039,-16.17339261372884,1.4317428281983515,42.540932524496284,,,0.0,-1,-1,0,80,prompt
40,1451,6,-38.441020313058225,4.752694447835286,-8.225994110107422,1.615897145151128,48.012652876286616,,,0.0,-1,-1,0,80,prompt
40,1473,7,-32.678999206490246,40.67403193882534,28.622600282941544,2.353218736279193,69.92046162466599,,,0.0,-1,-1,0,80,prompt
40,1697,7,-25.32772854502617,-5.593965257917132,-26.87797369275774,1.8211119946948902,54.110138329349006,,,0.0,-1,-1,0,80,prompt
40,1735,8,-37.529790669539366,-11.985655903816223,8.242262125015259,2.419259582259789,71.88271288752473,,,0.0,-1,-1,0,80,prompt
40,1769,6,-20.965705627481636,9.316019694010416,-7.580839951833089,1.1290274704640952,33.54644458024259,0.2528199851512909,276.9225158691406,577.3942260742188,4,7,3,80,prompt
40,1813,12,-5.896347888348468,34.1233252286911,24.112287203470867,3.3389258965136928,99.20847408512678,,,0.0,-1,-1,0,80,prompt
40,1941,6,-19.494308589762767,-14.091805219650269,0.5019722779591879,0.5651221627921054,16.791300310327657,,,0.0,-1,-1,0,80,prompt
40,1969,15,-49.80241336436553,24.431339899698894,-29.271579043070474,6.501723067678912,193.18368974345674,,,0.0,-1,-1,0,80,prompt
40,2057,6,-33.50492283080526,-33.34275499979655,-24.71199067433675,0.40288192017252183,11.97070608201737,,,0.0,-1,-1,0,80,prompt
40,2287,10,-2.410164978141828,-43.633330535888675,11.296620750427246,3.9736919208752517,118.06908094787461,,,0.0,-1,-1,0,80,prompt
40,2327,9,-28.92175384204072,-17.132482926050823,7.608129501342773,2.6100850503101127,77.55265109178973,,,0.0,-1,-1,0,80,prompt
40,2719,9,-27.761083801629056,-9.255974451700846,2.0656295352511935,1.0931924530582373,32.481689774105334,,,0.0,-1,-1,0,80,prompt
40,2919,6,-20.78743510030774,-19.846768061319988,-6.99887752532959,1.539016751744899,45.72832948807962,,,0.0,-1,-1,0,80,prompt
40,2925,7,7.079670898007841,-47.53881399972098,-23.706872122628347,1.7958270341563305,53.3588541049964,,,0.0,-1,-1,0,80,prompt
40,2991,7,-26.1431110316177,-17.375736509050643,-30.45018822806222,0.6255225776179643,18.585959184080693,,,0.0,-1,-1,0,80,prompt
40,3179,7,-42.70352907372633,-22.055190222603933,-36.91781670706613,0.8783885782856686,26.099288575561157,,,0.0,-1,-1,0,80,prompt
40,3511,6,13.562615763490271,-6.724899530410767,-24.025267362594604,2.135438650283736,63.4496291811259,,,0.0,-1,-1,0,80,prompt
40,3771,7,-11.50864747941676,-22.201670237949916,-11.72175761631557,0.504848923293498,15.000420157800821,,,0.0,-1,-1,0,80,prompt
40,3861,6,-10.10415387122832,2.5818813145160675,13.961010297139486,1.2482218277682136,37.08802971097163,,,0.0,-1,-1,0,80,prompt
40,4451,6,-55.916808295444845,-20.96912431716919,-12.376780192057291,0.8472275959235206,25.17341192931089,,,0.0,-1,-1,0,80,prompt
40,4487,6,-30.948336663480774,4.184588432312012,-16.413567543029785,0.7315344834059996,21.735858203723122,,,0.0,-1,-1,0,80,prompt
40,4501,9,-22.995793069878218,2.1923671298556857,-9.461789025200737,2.3493552645120874,69.80566748111049,,,0.0,-1,-1,0,80,prompt
40,4833,7,-14.578739159324247,-13.8958386693682,6.876028333391462,1.242283692970628,36.9115917454584,,,0.0,-1,-1,0,80,prompt
40,5317,7,-11.720000290557843,-14.271936689104352,-8.138927119118827,0.7872986783585874,23.392762508070895,,,0.0,-1,-1,0,80,prompt
40,5415,6,-22.47169246898051,-4.175349871317546,25.34475803375244,1.0859992991944107,32.26796181463344,,,0.0,-1,-1,0,80,prompt
40,5489,6,29.024731349964572,-8.050481160481771,7.845784982045491,2.072593739430518,61.58233775178524,,,0.0,-1,-1,0,80,prompt
40,5855,6,-8.790214624397986,-25.199899673461914,-14.26270087560018,1.0767965979646816,31.994524794837332,,,0.0,-1,-1,0,80,prompt
40,6397,7,-17.36340841748194,-22.61735875265939,30.44766616821289,1.545002539933736,45.90618336409147,,,0.0,-1,-1,0,80,prompt
40,6627,6,14.542690329876526,-23.50019931793213,23.294033686319988,1.6966618667303588,50.412390107996906,,,0.0,-1,-1,0,80,prompt
41,24,6,-35.35807812343285,-19.75901158650716,-23.81280509630839,0.5937849427305926,17.64294863942181,,,0.0,-1,-1,0,80,prompt
41,112,9,-35.276561614886994,5.3454344007704,-31.297278616163467,1.3591084134271796,40.38276858829208,,,0.0,-1,-1,0,80,prompt
41,134,7,-34.57084679533438,-21.857243129185267,-15.059134892054967,0.3232289605333936,9.604002289515375,,,0.0,-1,-1,0,80,prompt
41,328,8,-20.03764929802695,17.528156757354736,9.712127685546875,2.2725622042200095,67.52393899475535,,,0.0,-1,-1,0,80,prompt
41,422,8,-1.045586430201273,-24.32118222117424,-11.930386066436768,3.1766286620867765,94.38618647684459,,,0.0,-1,-1,0,80,prompt
41,486,8,-11.27521068221239,4.011384725570679,-16.342344760894775,1.628462478972689,48.38600275988509,,,0.0,-1,-1,0,80,prompt
41,614,8,-31.38240585763912,-10.78016197681427,-21.156288623809814,2.0966823258422047,62.29807448115274,,,0.0,-1,-1,0,80,prompt
41,738,7,-30.38545496270706,-19.248310361589706,-21.887025833129883,0.5615898058993422,16.686344480783475,,,0.0,-1,-1,0,80,prompt
41,920,8,-18.632771113731174,31.280483841896057,24.335193634033203,1.6569313225216413,49.23188871692558,,,0.0,-1,-1,0,80,prompt
41,1098,10,-32.016345298470405,-24.841484451293944,3.810591983795166,2.5741944251714606,76.48624403025991,,,0.0,-1,-1,0,80,prompt
41,1174,7,-19.576724354177397,3.487816946847098,-10.482613154820033,0.8033104194376557,23.868514426242875,,,0.0,-1,-1,0,80,prompt
41,1594,6,4.015077992618029,-6.641762653986613,29.10442050298055,1.3206653732531222,39.240522407014545,,,0.0,-1,-1,0,80,prompt
41,1618,6,-11.651397176660398,-18.16554355621338,-31.964897950490315,1.2191741306607178,36.22494445689917,,,0.0,-1,-1,0,80,prompt
41,1622,6,-27.555875138902916,26.640949726104736,41.712137858072914,1.5232086688394326,45.258628802329156,,,0.0,-1,-1,0,80,prompt
41,1848,7,6.168159641121952,-35.05235290527344,9.763524872916085,3.3156735160683986,98.51758328541388,,,0.0,-1,-1,0,80,prompt
41,1974,7,-7.897572857384942,48.24350425175258,29.54107093811035,1.811232503084454,53.81659204596739,,,0.0,-1,-1,0,80,prompt
41,2072,7,-18.312904625507333,-7.985158579690116,-14.07731989451817,1.7759138471017228,52.76717972734038,,,0.0,-1,-1,0,80,prompt
41,2120,8,-2.1960749729585984,23.600658774375916,9.652136087417603,2.6840534692310136,79.75045188134729,,,0.0,-1,-1,0,80,prompt
41,2162,7,-19.023718998922398,-15.784247534615654,-5.763570513044085,1.2813112006402165,38.07120402894401,,,0.0,-1,-1,0,80,prompt
41,2342,7,17.05443222735624,-8.056419100080218,9.1299193246024,1.8508721830492985,54.994393615819895,0.8244252800941467,355.806640625,355.806640625,5,7,1,80,prompt
41,3426,6,-26.181257032662334,-36.94999885559082,-15.526767412821451,0.5073371495052191,15.074352054852275,,,0.0,-1,-1,0,80,prompt
41,3572,7,-33.037402313138536,9.580607754843575,-10.683257920401436,1.7410596675192327,51.731568252560926,,,0.0,-1,-1,0,80,prompt
41,3728,11,-30.328474963976475,-12.634380015459927,-21.14938839999112,1.9906694250765442,59.148145898047375,,,0.0,-1,-1,0,80,prompt
41,3756,12,6.322786315124925,9.415322621663412,2.1276694933573403,3.7916247631268236,112.6593757129973,,,0.0,-1,-1,0,80,prompt
41,4000,6,-6.101981091035618,-28.068142890930176,-1.0669320424397786,0.7547931464155799,22.426935675328576,,,0.0,-1,-1,0,80,prompt
41,4048,6,-24.59584612531503,-20.391780535380047,-25.423277854919434,0.6118161168374356,18.178703347536455,,,0.0,-1,-1,0,80,prompt
41,4050,8,4.3300784391490375,0.2944459915161133,-17.821498960256577,1.345074778037517,39.9657915136199,,,0.0,-1,-1,0,80,prompt
41,4102,6,-13.571988366709363,26.470056533813477,3.864422162373861,1.1472106081950362,34.08671453659291,,,0.0,-1,-1,0,80,prompt
41,4222,7,3.949090690927492,-8.392927987234932,-20.919785703931534,2.504745283126009,74.42272311892594,,,0.0,-1,-1,0,80,prompt
41,4244,13,1.3384547819270485,-24.141850544856144,-14.758407446054312,3.765756218360549,111.89075163070049,,,0.0,-1,-1,0,80,prompt
41,4368,9,-20.227050811191877,11.944087584813436,28.207893053690594,2.866367442974591,85.16749068367042,,,0.0,-1,-1,0,80,prompt
41,4566,7,-20.242331482510938,-15.285423006330218,-16.903994696480886,1.9818218086602393,58.885259403660484,,,0.0,-1,-1,0,80,prompt
41,4714,7,32.99526175217291,12.712119783673968,23.83877726963588,1.3963726019177765,41.489987913534605,,,0.0,-1,-1,0,80,prompt
41,4790,8,34.419002813635664,9.976500749588013,18.474000096321106,1.5301277421408588,45.46421309068799,,,0.0,-1,-1,0,80,prompt
41,5032,8,-16.92296025652765,1.3405921459197998,-4.083026885986328,2.056265804360894,61.09719085921424,,,0.0,-1,-1,0,80,prompt
41,5538,10,-1.4756452065521501,10.885470008850097,6.401587009429932,4.305354642573643,127.92367297849546,,,0.0,-1,-1,0,80,prompt
41,5700,7,-34.512980535929714,-3.99059990474156,-28.40342221941267,1.147241496489832,34.0876323109577,,,0.0,-1,-1,0,80,prompt
41,5782,8,-5.729623817938723,-34.5851993560791,-19.41622531414032,2.495832271167113,74.15789354697652,,,0.0,-1,-1,0,80,prompt
41,5876,7,-11.917630489912767,-28.78932809829712,-16.662499564034597,2.126515612429716,63.184501712850704,,,0.0,-1,-1,0,80,prompt
41,5928,8,-8.512992915477952,10.361011147499084,-1.6869990825653076,2.2162952599055528,65.85209665387003,,,0.0,-1,-1,0,80,prompt
41,5950,6,-33.585144013172275,-4.350862105687459,6.686478614807129,1.6944593449339083,50.346947258009365,,,0.0,-1,-1,0,80,prompt
41,6148,6,4.143192749449661,24.16068108876546,13.220539808273315,1.8615239582538263,55.31088652314748,,,0.0,-1,-1,0,80,prompt
41,6226,9,-38.93741365013483,-25.22453286912706,-23.501808961232502,2.1115110988771013,62.73867723513503,,,0.0,-1,-1,0,80,prompt
41,6450,7,-20.98126091710807,-5.336634976523263,-8.318339620317733,4.801519761013155,142.66607392427463,,,0.0,-1,-1,0,80,prompt
41,6520,12,1.8738660827985256,15.842312415440878,-0.9937666257222494,3.0314793383768874,90.07340944433189,,,0.0,-1,-1,0,80,prompt
42,1177,6,-38.35102796921285,-8.470787366231283,3.1562827428181968,2.6739033247643427,79.44886377322742,,,0.0,-1,-1,0,80,prompt
42,1387,7,-25.2757180941031,3.333418709891183,-0.10752241952078682,1.1610536490885761,34.49802853585838,,,0.0,-1,-1,0,80,prompt
42,1427,6,-41.89022952958081,4.979013125101726,-19.517367839813232,0.9494523554596266,28.21078464186055,,,0.0,-1,-1,0,80,prompt
42,1429,6,-10.562276879589243,-31.333599090576172,14.601545651753744,0.520296834249272,15.45941916563309,,,0.0,-1,-1,0,80,prompt
42,2055,9,-18.898231699015554,-14.616803487141928,-23.47927411397298,2.6562282485475732,78.92368969175563,,,0.0,-1,-1,0,80,prompt
42,2429,8,-6.465632552724866,-18.6782243847847,4.212299942970276,2.877581367641257,85.50068656437179,,,0.0,-1,-1,0,80,prompt
42,2619,7,-27.002509042597914,2.0507250343050276,-12.220582553318568,2.093439713985564,62.20172775639207,0.7326477766036987,38.11412048339844,38.11412048339844,6,12,1,80,prompt
42,2781,11,-14.00233783990174,20.10919778997248,7.437540401111949,1.844638079845868,54.80916163246043,,,0.0,-1,-1,0,80,prompt
42,2937,6,-18.097412667877766,-21.629606246948242,0.4203058083852132,3.151731017569203,93.64641045381829,,,0.0,-1,-1,0,80,prompt
42,2941,8,-34.54603122920929,-22.23581600189209,-26.667612314224243,0.6609196396937563,19.63770115873864,,,0.0,-1,-1,0,80,prompt
42,2957,7,-20.362800058894027,26.263532366071427,-9.837307793753487,1.8691068137906222,55.53619356808638,,,0.0,-1,-1,0,80,prompt
42,2989,6,-21.57906941978243,17.481969197591145,-37.505927403767906,1.7237133552204171,51.21616263185923,,,0.0,-1,-1,0,80,prompt
42,3179,8,18.98902454661674,2.2654967308044434,7.399237155914307,2.197984382042721,65.30803119442768,,,0.0,-1,-1,0,80,prompt
42,3233,6,20.767539408020667,25.938900629679363,-17.455933729807537,1.9377642951586116,57.57619211017991,,,0.0,-1,-1,0,80,prompt
42,3511,9,-10.162700312114566,5.982821199629042,-36.43640645345052,3.0739783531014675,91.33616954492268,,,0.0,-1,-1,0,80,prompt
42,3627,10,-11.240833948446525,-10.148316574096679,14.380139923095703,1.7190974575576692,51.07901189001963,,,0.0,-1,-1,0,80,prompt
42,3777,9,-19.388607576728116,21.206221050686306,7.3331038157145185,2.2258163932366584,66.1349951483608,,,0.0,-1,-1,0,80,prompt
42,4057,11,-16.795412082440336,17.317793239246715,7.0209383531050245,2.0358538661785093,60.490697243315566,,,0.0,-1,-1,0,80,prompt
42,4111,7,-22.372455222985376,-15.222079140799385,-6.70579515184675,1.6433256123346593,48.827626451655085,,,0.0,-1,-1,0,80,prompt
42,4123,7,-35.04328222213655,4.402328627450125,-18.062700816563197,1.3090364085967034,38.89499457126419,,,0.0,-1,-1,0,80,prompt
42,4129,8,3.2184584528393296,12.016832709312439,6.805779695510864,3.6815100819917093,109.38757219642585,,,0.0,-1,-1,0,80,prompt
42,4165,6,-38.982025257923084,-5.8103868166605634,-18.528955459594727,1.0435521151917337,31.006741744276916,,,0.0,-1,-1,0,80,prompt
42,4323,8,-15.371363027629055,-5.767663955688477,30.192923426628113,2.221944210556278,66.01994218012916,,,0.0,-1,-1,0,80,prompt
42,4535,7,-21.529807774539528,4.86552483694894,3.174429484776088,2.0792744121939473,61.7808385185779,,,0.0,-1,-1,0,80,prompt
42,4607,7,-24.12399166054894,-12.76754447392055,-15.882591451917376,2.5558218605418066,75.94034569096418,0.41106441617012024,194.7130126953125,194.7130126953125,5,1,1,80,prompt
42,4719,7,-29.83775820460334,-6.627245903015136,-17.691821711403982,1.5742746723572814,46.775937195402896,,,0.0,-1,-1,0,80,prompt
42,4897,6,-2.6931564833769257,-13.745399475097656,9.39306608835856,1.4004437082190937,41.61095143788646,,,0.0,-1,-1,0,80,prompt
42,4911,7,-9.968058170014254,-30.424365997314453,11.922401700701032,1.3417777593664981,39.86782821598473,,,0.0,-1,-1,0,80,prompt
42,5161,10,-16.819078056049175,2.1643468379974364,7.861152648925781,2.059195953255286,61.18425346846784,,,0.0,-1,-1,0,80,prompt
42,5187,6,-32.81618606760129,10.285956700642904,-5.750345230102539,1.0966172200014934,32.58344881670415,,,0.0,-1,-1,0,80,prompt
42,5771,6,-22.417087045433714,23.06603717803955,-12.903316815694174,1.5310103751180184,45.49043849177661,,,0.0,-1,-1,0,80,prompt
42,5813,12,-0.9826527623188331,22.615709622701008,14.646159648895264,2.442520069767389,72.57384456987644,0.34704115986824036,94.62061309814453,94.62061309814453,4,6,1,80,prompt
42,5961,8,-47.282384796897105,9.498459577560425,1.6131490767002106,2.6572145355273364,78.95299493221468,,,0.0,-1,-1,0,80,prompt
42,6031,6,-0.2580931512816065,-29.014987309773762,3.1577540238698325,0.965126249186306,28.67649820598006,,,0.0,-1,-1,0,80,prompt
42,6609,8,-36.34272805463158,-36.05742597579956,-31.150107741355896,1.8939312522507827,56.273794442135184,,,0.0,-1,-1,0,80,prompt
42,6649,6,-23.376747433793895,43.86426909764608,13.081977287928263,2.0973475342535792,62.31783961326003,,,0.0,-1,-1,0,80,prompt
42,6667,7,-24.341741994551537,-13.614754813058036,4.1720796312604636,1.2452212340583886,36.99887399667081,,,0.0,-1,-1,0,80,prompt
43,35,6,-43.524804424721346,1.8290249506632488,-13.235867182413736,2.0016881048462576,59.47554052741826,,,0.0,-1,-1,0,80,prompt
43,509,12,-24.51096123580297,-24.38007140159607,-2.200834592183431,2.755620848963884,81.87691133496452,,,0.0,-1,-1,0,80,prompt
43,591,8,-28.97709541509224,10.291730165481567,-10.076957941055298,1.8725051165478979,55.637166288499444,,,0.0,-1,-1,0,80,prompt
43,757,6,-0.4173398412377492,-16.036299069722492,-14.869433244069418,2.207873691209441,65.60186918382742,,,0.0,-1,-1,0,80,prompt
43,823,8,-27.25227284306362,18.449597358703613,2.236680507659911,1.662169974448639,49.38754316390903,,,0.0,-1,-1,0,80,prompt
43,1179,6,-28.233097030489876,-21.292436917622883,-13.50522549947103,1.2341946951558904,36.671245851314445,,,0.0,-1,-1,0,80,prompt
43,1393,7,-13.748242247238919,2.292220320020403,6.507847922188895,1.1535174745809622,34.274108509924204,,,0.0,-1,-1,0,80,prompt
43,1413,6,-0.3827500374577421,3.0529945691426597,20.989276885986328,1.2636726389708481,37.54711489294325,,,0.0,-1,-1,0,80,prompt
43,1663,10,-8.157489135877178,14.937037658691406,6.7793597221374515,4.350160749082561,129.25498298483222,0.30447694659233093,98.63287353515625,180.97714233398438,6,15,2,80,prompt
43,1697,7,-39.65430483281164,-0.22169930594308035,-22.797579629080637,0.9425118055689362,28.004562226237006,,,0.0,-1,-1,0,80,prompt
43,1987,6,-20.329386830497555,-23.024467786153156,-7.319249153137207,0.8633843240141983,25.653471801786072,,,0.0,-1,-1,0,80,prompt
43,2081,6,-7.217235632665982,-22.83509922027588,11.637778600056967,1.5895158174489297,47.22879263296479,,,0.0,-1,-1,0,80,prompt
43,2295,6,-28.086755552959072,2.5772629578908295,-1.3671503067016602,1.3541544265670629,40.23557230653479,,,0.0,-1,-1,0,80,prompt
43,2823,6,22.010983445033403,53.05096244812012,44.75127569834391,1.7196446783996915,51.09527129391393,,,0.0,-1,-1,0,80,prompt
43,2841,8,1.1111750680924004,-10.530749797821045,-40.97655010223389,2.1557798537613557,64.05402107858515,0.31024548411369324,279.5917053222656,279.5917053222656,3,1,1,80,prompt
43,3051,7,20.04466254978832,-17.518258503505162,-2.081766264779227,1.7580021712066918,52.234975632691594,,,0.0,-1,-1,0,80,prompt
43,3183,7,-28.457219826396287,-0.748237064906529,-31.391151700701034,1.0555956981689258,31.364589006156077,,,0.0,-1,-1,0,80,prompt
43,3323,7,-19.062148366409616,-20.111356326511928,-19.83630153111049,1.6485645997484344,48.98329086685355,,,0.0,-1,-1,0,80,prompt
43,3423,7,-23.55383005977955,-6.8726991925920755,-21.73658643450056,1.2510795296873831,37.17293972562245,,,0.0,-1,-1,0,80,prompt
43,3949,7,-30.029674123826958,-1.512309959956578,-5.151196888514927,1.6298082354696737,48.425988807103266,,,0.0,-1,-1,0,80,prompt
43,4115,6,-23.66065100992617,-9.232880274454752,-4.743456761042277,1.1341297169264846,33.69804605377887,,,0.0,-1,-1,0,80,prompt
43,4233,6,14.647331596285868,18.031600634257,40.5127321879069,2.281751707593504,67.79698387072473,,,0.0,-1,-1,0,80,prompt
43,4367,9,19.5031098061429,45.62093310885959,-11.629522959391275,3.73550119250457,110.99179339035383,,,0.0,-1,-1,0,80,prompt
43,4693,7,-9.118530048991483,-2.4941248893737797,13.14571053641183,3.5580791290750797,105.72010640854543,,,0.0,-1,-1,0,80,prompt
43,4699,8,23.645986880303163,8.365711092948914,11.468407988548279,2.6441860255385814,78.56588283819163,,,0.0,-1,-1,0,80,prompt
43,4743,6,-16.64058981417212,-2.604974349339803,6.557153860727946,0.7979790480284129,23.71010503391574,,,0.0,-1,-1,0,80,prompt
43,5047,8,-26.3609089099619,2.5911195874214172,6.325377702713013,1.4473981945948866,43.00609559177655,0.2679944634437561,296.8454284667969,296.8454284667969,5,13,1,80,prompt
43,5749,6,-32.50487783358121,26.511625051498413,31.17215061187744,3.0561642042370805,90.80686324081857,0.4810151755809784,68.68724822998047,68.68724822998047,5,14,1,80,prompt
43,5993,12,-20.586844775114866,-25.188352584838867,-3.1860989332199097,3.9911284571107126,118.5871673645442,,,0.0,-1,-1,0,80,prompt
43,6187,772,-49.82851434319326,-28.589607830492326,34.97485037757943,314.16110089134065,9334.571776174082,0.19644375145435333,3856.0693359375,16002.4296875,5,11,16,80,prompt
43,6213,6,-3.492179840972644,-15.029412031173706,-7.594696124394734,0.8763374296256904,26.038343428832786,,,0.0,-1,-1,0,80,prompt
43,6397,6,6.1037699901032285,-16.650592982769012,11.688584963480631,1.1961417042939482,35.54058908479849,0.24541522562503815,122.48347473144531,122.48347473144531,0,11,1,80,prompt
43,6623,7,-15.15921506639879,-8.088090079171318,-2.5739342825753346,0.7173778575563828,21.315226751494432,,,0.0,-1,-1,0,80,prompt
44,77,8,-3.817427052341655,26.58668041229248,21.4219172000885,1.4963187498586457,44.45965694340231,,,0.0,-1,-1,0,80,prompt
44,203,15,-25.57669197748424,-37.291787465413414,-45.3338259379069,4.92639148875418,146.37634900959347,,,0.0,-1,-1,0,80,prompt
44,247,6,-18.811885117381667,-39.99375597635905,-21.848365306854248,1.0758571690074796,31.966611832332617,,,0.0,-1,-1,0,80,prompt
44,431,7,-17.27783277987523,-1.3737483705793108,1.994668960571289,1.3475455132187892,40.039203705084944,,,0.0,-1,-1,0,80,prompt
44,471,11,-17.013827749420056,11.679559707641602,25.42466995932839,2.8145821782509333,83.62881110450013,,,0.0,-1,-1,0,80,prompt
44,531,8,16.300343788487474,-1.936410903930664,23.77165389060974,2.7370558376359977,81.32529488635276,,,0.0,-1,-1,0,80,prompt
44,595,9,-25.04028494310783,4.267724990844727,-29.609894858466255,2.3218713432992177,68.98904621729281,,,0.0,-1,-1,0,80,prompt
44,849,8,-15.638469899695433,14.89200496673584,4.93408226966858,6.439083128710871,191.32248858044397,,,0.0,-1,-1,0,80,prompt
44,1039,6,-20.295195584976835,-14.872374773025513,24.938307285308838,0.8059125334977323,23.94583023776335,,,0.0,-1,-1,0,80,prompt
44,1195,8,-33.51366992131509,-25.32922412455082,-32.00352609157562,0.8148784393384997,24.2122314292909,,,0.0,-1,-1,0,80,prompt
44,1225,6,-11.749371782916555,-7.907299359639485,-23.745200792948406,1.735393812548887,51.56322045347302,,,0.0,-1,-1,0,80,prompt
44,1239,8,-31.691718526056512,23.16765058040619,-32.502350091934204,2.344926952921588,69.67409042630804,0.44789883494377136,90.93173217773438,90.93173217773438,7,15,1,80,prompt
44,1281,6,-5.792461756083141,-26.64556821187337,-25.064486185709637,1.461351666012074,43.420690779089625,,,0.0,-1,-1,0,80,prompt
44,1409,10,-18.62140095191354,14.961979198455811,7.2228833675384525,3.111908412813762,92.46317369615095,,,0.0,-1,-1,0,80,prompt
44,1595,8,28.92425789942577,-11.871341943740845,12.375992834568024,1.8926400643506682,56.235429774784734,,,0.0,-1,-1,0,80,prompt
44,1617,10,22.062040029042045,12.60641655921936,-25.435538864135744,2.0091718667710725,59.69790323446501,,,0.0,-1,-1,0,80,prompt
44,1833,6,-22.56660776284046,-4.429381052652995,12.870984554290771,0.7171997268528044,21.309934008906712,,,0.0,-1,-1,0,80,prompt
44,1899,6,-14.862055564858126,-28.225180625915527,9.69181458155314,1.154910890089105,34.315510634623585,,,0.0,-1,-1,0,80,prompt
44,1999,7,-1.803408108611539,-13.210944243839808,-32.523406164986746,1.930531251494567,57.361278917392326,,,0.0,-1,-1,0,80,prompt
44,2033,10,-17.990279108421007,43.03196984529495,20.626537132263184,3.624424726502782,107.69141265704319,,,0.0,-1,-1,0,80,prompt
44,2043,9,-11.003183088175803,6.54630872938368,-3.1679729885525174,1.666035655849584,49.50240296163243,,,0.0,-1,-1,0,80,prompt
44,2173,6,-19.61098321352813,1.8428812026977528,-7.025119463602702,1.9430156799511544,57.732224884865325,,,0.0,-1,-1,0,80,prompt
44,2209,7,-14.98098302559364,17.134244101388113,-2.467043467930385,1.15289682961632,34.25566747774825,,,0.0,-1,-1,0,80,prompt
44,2335,13,-18.655322887747165,-12.257451295852661,-11.572827265812801,3.8267262238314443,113.70233457539686,,,0.0,-1,-1,0,80,prompt
44,2829,14,-11.012745666622482,1.9913411821637834,9.700812544141497,4.322994468546861,128.4477996803661,,,0.0,-1,-1,0,80,prompt
44,2837,6,-10.772401717855482,-5.958187739054362,17.160332997639973,1.9706571324868833,58.55352682823264,,,0.0,-1,-1,0,80,prompt
44,3537,6,-19.235816880221865,1.2008753617604573,17.272653738657635,1.5572863181473795,46.27116747285776,,,0.0,-1,-1,0,80,prompt
44,3685,6,10.256688712102289,-1.2239688237508126,14.644585291544596,1.749916401840788,51.99472566445086,,,0.0,-1,-1,0,80,prompt
44,4187,13,26.836246824634625,25.529607626108024,29.96626853942871,4.501122482881775,133.74046236342602,,,0.0,-1,-1,0,80,prompt
44,4245,9,-20.329056236314543,-6.19528311656581,-10.631872389051649,2.132778306757987,63.37058321547348,,,0.0,-1,-1,0,80,prompt
44,4297,7,-36.78981295054623,-41.52124295915876,-44.17327199663435,1.9619699781240156,58.29540809328798,,,0.0,-1,-1,0,80,prompt
44,4327,6,-37.09428016151549,-21.874399185180664,-32.68710112571716,0.5858816516775355,17.408120592940424,0.5834686756134033,70.40541076660156,70.40541076660156,6,15,1,80,prompt
44,4381,7,3.6370865500535814,-34.363498960222515,-42.202986580984934,1.28269563830555,38.11233939777238,,,0.0,-1,-1,0,80,prompt
44,4473,6,-11.680590733615821,55.46656862894694,30.095980644226074,1.4026989435402766,41.67796054855617,,,0.0,-1,-1,0,80,prompt
44,4517,6,-14.745380941092762,-39.84595553080241,-21.441915194193523,1.4610199486304318,43.41083456296498,,,0.0,-1,-1,0,80,prompt
44,5095,10,-5.341658048800417,22.67991065979004,18.132412052154542,2.1568983862447184,64.08725568885455,,,0.0,-1,-1,0,80,prompt
44,5173,9,-10.686247664549107,-20.076165835062664,-23.858011881510418,1.1217534922495154,33.33031511179575,,,0.0,-1,-1,0,80,prompt
44,5215,8,10.135088831772778,-12.789318323135376,35.738887906074524,2.4143432914034837,71.73663665548796,,,0.0,-1,-1,0,80,prompt
44,5243,7,-12.908964370906375,-1.7735995054244995,5.738378524780273,2.1540568989345905,64.00282745387503,,,0.0,-1,-1,0,80,prompt
44,5355,7,-37.779613489481896,-11.67883791242327,-20.438058580671036,0.7096909992312224,21.086829503821455,,,0.0,-1,-1,0,80,prompt
44,5539,11,-32.09561763704659,-21.39908807927912,5.9888200759887695,2.788390223002836,82.85057762642779,,,0.0,-1,-1,0,80,prompt
44,5691,10,-37.229808878787324,-10.816188383102418,-19.444096660614015,3.305530734258129,98.21621394163002,,,0.0,-1,-1,0,80,prompt
44,5779,6,-8.934692464310448,40.64500045776367,4.960537711779277,2.339646019917512,69.51717969473798,0.3610837757587433,131.66940307617188,383.7914733886719,6,15,4,80,prompt
44,6027,13,-11.832843684030264,-7.256411171876467,27.662451670720028,4.474756762719834,132.9570658621282,,,0.0,-1,-1,0,80,prompt
44,6045,7,-5.9845162081829,42.66933250427246,25.47255277633667,1.7008627657161475,50.53721012230182,,,0.0,-1,-1,0,80,prompt
44,6069,7,-1.171366166961642,-20.827922684805735,0.029779979160853794,1.4791309893620759,43.94896232343912,,,0.0,-1,-1,0,80,prompt
44,6157,7,-45.47982305061685,-24.961043221609934,-36.03101757594517,0.383603531710016,11.3978932788993,,,0.0,-1,-1,0,80,prompt
44,6437,6,-9.844271820879102,10.673932393391928,16.453664143880207,0.9735632214910614,28.927183358689565,,,0.0,-1,-1,0,80,prompt
45,31,6,-7.683340903437677,-30.964098771413166,-30.16673405965169,1.5596765296502615,46.34218708913293,,,0.0,-1,-1,0,80,prompt
45,139,9,-3.238866937078577,-4.264645920859443,-5.088254451751709,2.505600358996122,74.44812972420267,,,0.0,-1,-1,0,80,prompt
45,471,8,-45.48732856446998,24.019809395074844,32.90638780593872,1.6344901513296777,48.56510112725117,,,0.0,-1,-1,0,80,prompt
45,533,6,-11.181240810943459,3.791994253794353,4.899022738138835,1.1350884392630147,33.726532274505665,,,0.0,-1,-1,0,80,prompt
45,559,6,-16.83494479364727,13.874725421269735,26.036099990208943,1.1249723934466689,33.42595732905305,,,0.0,-1,-1,0,80,prompt
45,803,13,-9.875326476406174,7.889535830571101,-5.704851480630728,3.031671447954966,90.07911753690087,,,0.0,-1,-1,0,80,prompt
45,813,6,-35.3093126938989,40.972930908203125,-4.540231386820476,1.667331340052035,49.540901226225714,,,0.0,-1,-1,0,80,prompt
45,973,8,-40.226064825775154,-11.084999084472656,-32.718225955963135,1.2850352219304255,38.18185472354251,,,0.0,-1,-1,0,80,prompt
45,1119,7,-16.745353242247923,1.1441307067871094,7.567580189023699,1.3127405406561012,39.00505430328949,,,0.0,-1,-1,0,80,prompt
45,1191,7,-0.5521192710347803,1.9953008379255022,-3.9872721263340543,1.8868372438588739,56.06301236145373,,,0.0,-1,-1,0,80,prompt
45,1275,6,-6.026608120132437,-16.15176804860433,-17.22184880574544,1.247903058814298,37.07855822748147,,,0.0,-1,-1,0,80,prompt
45,1283,11,-16.713703347065987,17.67049789428711,17.372928619384766,2.7034554076133355,80.32693568508,,,0.0,-1,-1,0,80,prompt
45,1377,8,-18.337517350142416,2.5495505332946777,-25.402125358581543,1.9820070190382832,58.890762502429354,0.6536264419555664,163.4905548095703,239.812744140625,6,13,2,80,prompt
45,1495,6,-29.821093953423368,25.047481218973797,-33.63541475931803,2.332274909383649,69.29816416368324,,,0.0,-1,-1,0,80,prompt
45,1685,10,-38.70228829373256,26.764732360839844,-14.053132915496827,2.586878871780442,76.86313307532835,0.3080759048461914,133.2302703857422,133.2302703857422,7,15,1,80,prompt
45,1761,6,-42.15006639100105,27.1998192469279,-48.67406415939331,1.7794973457299472,52.87365511547746,,,0.0,-1,-1,0,80,prompt
45,1879,9,-49.17032840358447,5.9027623600429955,-49.62041770087348,2.348552934557458,69.78182809893232,,,0.0,-1,-1,0,80,prompt
45,1921,6,27.46326722984959,14.507493019104004,14.247372309366861,2.662981453774019,79.12434559322348,,,0.0,-1,-1,0,80,prompt
45,2205,8,-8.402582916027855,15.972792625427246,31.55776357650757,2.758904631360461,81.97448134726464,,,0.0,-1,-1,0,80,prompt
45,2263,6,0.9228831272532739,13.722306569417318,5.454742987950643,1.6088197703664602,47.802365024840554,,,0.0,-1,-1,0,80,prompt
45,2399,7,-29.53626846304939,-24.604740687779017,-25.54111671447754,1.892974689153775,56.245372378225554,,,0.0,-1,-1,0,80,prompt
45,2813,6,-49.266711852202924,-18.5073299407959,-31.78791618347168,0.5503295502444124,16.351771981735077,,,0.0,-1,-1,0,80,prompt
45,3067,7,-4.144884660227056,-10.483242307390485,2.4103565216064453,1.6278703467395197,48.368408917694495,,,0.0,-1,-1,0,80,prompt
45,3081,7,-36.676972351085205,12.32018552507673,-35.932042939322336,1.861450783304527,55.30871229847578,,,0.0,-1,-1,0,80,prompt
45,3269,7,-5.215596748980657,-37.58210754394531,-7.182127680097308,0.9759380260942284,28.997745194511236,,,0.0,-1,-1,0,80,prompt
45,3277,7,-1.122622493169273,26.912796088627406,44.80670057024275,2.001021436231225,59.4557320087306,,,0.0,-1,-1,0,80,prompt
45,3645,9,5.609293191744933,11.445263332790798,-15.056635538736979,1.9637362968997845,58.34789017762382,,,0.0,-1,-1,0,80,prompt
45,3737,9,-2.412840555253792,3.088404337565104,-16.755354139539932,2.2642491873954054,67.27693689294946,,,0.0,-1,-1,0,80,prompt
45,3861,6,-4.783517452450013,7.043594678243001,-4.216919581095378,0.8965336321086472,26.63842695651469,,,0.0,-1,-1,0,80,prompt
45,4117,9,-1.228579234643075,-22.816624535454643,-6.232861465877956,3.7930491800973267,112.70169897457434,,,0.0,-1,-1,0,80,prompt
45,4145,9,-6.777324282027911,-20.467220306396484,-13.030543910132515,1.2928356459186396,38.413626312692124,,,0.0,-1,-1,0,80,prompt
45,4181,10,10.984639303304675,-0.1939870834350586,-1.5574428558349596,2.205229020961733,65.52328891344547,,,0.0,-1,-1,0,80,prompt
45,4281,8,-31.842372647951663,-12.380558490753174,-0.18926605582237244,1.5861036720781079,47.12740861125011,,,0.0,-1,-1,0,80,prompt
45,4293,6,-6.317502176126446,-28.377599477767944,-26.25003393491109,1.4328921859794927,42.57508303731958,,,0.0,-1,-1,0,80,prompt
45,4325,9,2.300823175996798,-18.096262137095135,4.649051030476888,2.3106551196387373,68.65578202729817,,,0.0,-1,-1,0,80,prompt
45,4571,6,-22.13290483852187,13.588363647460938,-13.799354871114096,1.7263238701090016,51.29372805460293,,,0.0,-1,-1,0,80,prompt
45,4719,6,-18.692151181220094,-10.369092941284181,-26.014477888743084,1.0454870156449396,31.064232843935535,,,0.0,-1,-1,0,80,prompt
45,5083,9,-11.694713458269803,-27.432295481363933,-1.883960035112169,1.5221300794509012,45.226581008901825,,,0.0,-1,-1,0,80,prompt
45,5103,12,-21.092068854521028,-3.7943027019500732,7.5478755235672,3.045921814264036,90.50253427045371,,,0.0,-1,-1,0,80,prompt
45,5281,6,-37.92836661970125,-31.379788398742676,11.594533522923788,1.4555285110470204,43.24766917383406,,,0.0,-1,-1,0,80,prompt
45,5409,10,-21.655990872175884,-4.639071655273438,-6.05707049369812,1.698415734705633,50.46450224554254,0.4020795226097107,121.96849060058594,121.96849060058594,7,14,1,80,prompt
45,5433,8,7.613736665575242,22.17346453666687,14.087238907814026,4.129828879049445,122.70833017018552,,,0.0,-1,-1,0,80,prompt
45,5441,11,-12.888264715569854,-20.79949053851041,-5.6915414116599345,1.9497256618367151,57.93159650455308,,,0.0,-1,-1,0,80,prompt
45,5579,10,7.359050873201845,11.212477111816407,2.3879349708557127,2.5632643194059495,76.16148117292379,,,0.0,-1,-1,0,80,prompt
45,5831,10,35.64324620296937,16.494480180740357,-26.090559673309325,3.372935946525722,100.21900419865081,,,0.0,-1,-1,0,80,prompt
45,5969,10,9.113596994219852,-18.894382286071778,4.550391960144043,2.3361111841964943,69.41215021253537,,,0.0,-1,-1,0,80,prompt
45,5987,7,-15.770428302423577,-16.956090654645646,-27.661841528756277,1.8091433710256808,53.7545183102401,,,0.0,-1,-1,0,80,prompt
45,6183,10,-30.761844738940532,36.31723124533892,-13.60318374633789,3.4544528621168897,102.64109113875628,,,0.0,-1,-1,0,80,prompt
45,6435,7,-7.810908294067997,11.845114299229213,15.084324972970146,1.835452685138903,54.53623883603086,,,0.0,-1,-1,0,80,prompt
45,6541,6,-32.39046540569348,32.53909428914388,1.7597430547078463,1.578142466223939,46.89085976016768,,,0.0,-1,-1,0,80,prompt
45,6593,6,-10.955475267564225,36.16943073272705,-2.840531468391418,2.5125980853646377,74.65605100685544,,,0.0,-1,-1,0,80,prompt
46,149,10,11.240549970360508,5.719860243797302,-41.56521987915039,3.1452441600713206,93.45366846015966,,,0.0,-1,-1,0,80,prompt
46,169,8,-36.730521672855986,-18.14822244644165,-6.2179930210113525,1.6626791392554456,49.4026718205809,,,0.0,-1,-1,0,80,prompt
46,469,10,7.293880299519539,-22.751961517333985,8.202017688751221,1.718833931822321,51.071181831223356,,,0.0,-1,-1,0,80,prompt
46,703,7,-47.89274694507289,11.338372366768974,-10.313639913286481,1.4430618652752165,42.87725157778263,,,0.0,-1,-1,0,80,prompt
46,741,6,-17.34807178381428,-12.193498929341635,-15.962400833765665,1.0057691802641777,29.88410906634468,,,0.0,-1,-1,0,80,prompt
46,1187,7,-11.285144131915157,-17.514299665178573,-10.07484381539481,0.9317981232080949,27.686229890691124,,,0.0,-1,-1,0,80,prompt
46,1271,11,-29.31491232572819,-1.75092567097057,25.004746176979758,2.4950151504260214,74.13361469072768,0.40398210287094116,107.75448608398438,107.75448608398438,4,12,1,80,prompt
46,1411,8,-34.326519012913074,-34.71683311462402,-10.744419813156128,0.48998042220458393,14.55863697641773,,,0.0,-1,-1,0,80,prompt
46,1639,6,-45.966504867348085,-13.81468137105306,24.684277216593426,1.7462415920155445,51.88553717491413,,,0.0,-1,-1,0,80,prompt
46,1665,8,-4.9403326492688,-11.99258403480053,-3.72843474149704,2.4461120790960065,72.68057283382615,,,0.0,-1,-1,0,80,prompt
46,1715,7,-38.73367099031344,-21.188185010637557,-36.4454436983381,1.101800899893147,32.737469896577075,,,0.0,-1,-1,0,80,prompt
46,1847,9,-34.11345655001803,27.946517096625435,4.21390798356798,2.8034943340187763,83.29936141281502,,,0.0,-1,-1,0,80,prompt
46,1851,7,-15.572012065355826,-9.97649874005999,-29.724443980625697,1.0268042886668627,30.509118746560876,,,0.0,-1,-1,0,80,prompt
46,2965,11,-26.35636290471417,22.250618761236016,18.057381759990346,4.08173798851577,121.27942039047997,,,0.0,-1,-1,0,80,prompt
46,2973,7,-42.26911733143137,6.009653500148228,1.2622675214494967,2.637860195023307,78.3779253895412,0.6333261132240295,70.52274322509766,70.52274322509766,5,4,1,80,prompt
46,3001,6,-46.44984507626993,-33.03329849243164,-44.80670166015625,0.2695483627814663,8.00900726536499,,,0.0,-1,-1,0,80,prompt
46,3047,6,-15.01411710892207,4.193825403849284,2.826674461364746,1.473486606279896,43.78125251193366,,,0.0,-1,-1,0,80,prompt
46,3291,6,0.6035178922716765,9.23750098546346,-11.372833887736002,1.8325974774292648,54.45140293105763,,,0.0,-1,-1,0,80,prompt
46,3923,8,9.644833584812321,-37.00657892227173,-37.329995691776276,1.7779481753851898,52.82762509541568,,,0.0,-1,-1,0,80,prompt
46,3957,7,-30.87916351148204,7.106277193341937,5.6672941616603305,1.7341354483392906,51.52583106630282,,,0.0,-1,-1,0,80,prompt
46,4039,6,-7.7209900196139,-20.414874235788982,4.1738786697387695,4.068613867486023,120.88946743512105,,,0.0,-1,-1,0,80,prompt
46,4125,9,-3.6521707463474105,17.7513953977161,18.443718062506782,4.261255624581255,126.61337247489779,0.26602208614349365,127.15619659423828,195.002685546875,4,14,2,80,prompt
46,4159,16,-48.11635373251896,-25.036511451005936,-2.9952341318130484,3.279831212559535,97.45261198954799,,,0.0,-1,-1,0,80,prompt
46,4175,6,-33.393171157054475,-14.632199764251709,-15.460633595784506,1.1729303596578962,34.85091756941351,,,0.0,-1,-1,0,80,prompt
46,4181,10,4.394199478885762,36.48350658416748,19.69905104637146,4.013881228837693,119.26321344469166,,,0.0,-1,-1,0,80,prompt
46,4209,12,-18.699934164501226,-22.768127123514812,-5.597086866696675,2.0000485600759643,59.426825239958646,,,0.0,-1,-1,0,80,prompt
46,4211,6,-19.047700453018855,24.594844182332356,27.07678985595703,1.5068611659915172,44.772900498404425,,,0.0,-1,-1,0,80,prompt
46,4213,6,-14.279748967131098,-24.936630249023438,-33.792453130086265,1.730835901809958,51.427792659194175,,,0.0,-1,-1,0,80,prompt
46,4329,10,3.3286034252916905,4.1568756103515625,0.10996742248535156,2.767761015576142,82.23762835656687,,,0.0,-1,-1,0,80,prompt
46,4403,10,-39.888736466059214,-14.942579078674317,-32.608541107177736,1.1744552248206068,34.89622541710671,,,0.0,-1,-1,0,80,prompt
46,4437,6,-11.498862335786425,-34.589818477630615,-10.681697209676107,1.1440580959919449,33.9930449150149,,,0.0,-1,-1,0,80,prompt
46,4447,7,-19.438455022917406,-22.340233394077845,-28.87453487941197,1.21260327646398,36.02970669526604,,,0.0,-1,-1,0,80,prompt
46,4525,6,0.3804878415801056,-26.16059970855713,-19.591267108917236,2.2064973768688554,65.56097518083875,,,0.0,-1,-1,0,80,prompt
46,4753,6,2.014589439910612,12.401344299316406,-5.331714948018392,1.7405333247937518,51.715929193696105,,,0.0,-1,-1,0,80,prompt
46,4881,6,-9.459852811833466,20.43335024515788,9.179133097330729,1.8707639469651427,55.58543145436941,,,0.0,-1,-1,0,80,prompt
46,5287,11,-23.893537535870532,-0.04282795299183239,-16.480979225852273,2.961847707743903,88.00446630594999,,,0.0,-1,-1,0,80,prompt
46,5661,6,-24.680990257696592,-4.30467414855957,-7.602463722229004,0.8543193444113115,25.38412686215917,,,0.0,-1,-1,0,80,prompt
46,6615,6,0.3796159865107853,-6.821893056233724,-0.30945642789204914,1.5439045323321212,45.87355860329526,,,0.0,-1,-1,0,80,prompt
46,6657,6,-12.560383308939313,-10.272099494934082,-19.868392546971638,1.6192382033124972,48.11192470569895,,,0.0,-1,-1,0,80,prompt
46,6707,7,-36.18663337442353,-25.68552827835083,1.5539673396519251,1.6879910320714506,50.154756275376386,,,0.0,-1,-1,0,80,prompt
46,6781,6,-33.920000476165384,-29.486098766326904,-35.04413445790609,0.4244847575051943,12.612584516612593,,,0.0,-1,-1,0,80,prompt
46,6845,6,-47.9895498664795,25.583256483078003,-6.0984272956848145,1.2560675294853998,37.32114662330018,,,0.0,-1,-1,0,80,prompt
46,6875,8,-34.05950208645648,-17.012010097503662,-14.198089718818665,1.9494067377553228,57.92212041180812,,,0.0,-1,-1,0,80,prompt
47,235,9,-23.053087235811645,-1.3148036532931857,-10.585685729980469,1.7972775145569315,53.401951781223424,,,0.0,-1,-1,0,80,prompt
47,275,8,-30.23734006599767,2.196216508746147,-7.876175403594971,2.9210969438716696,86.79365144306584,,,0.0,-1,-1,0,80,prompt
47,415,6,-20.95061295772941,2.4571752548217787,4.821974515914917,1.2092630926849308,35.93046084610558,,,0.0,-1,-1,0,80,prompt
47,465,8,-34.585288649961164,-11.386373236775398,1.9502668380737305,1.2335803871983333,36.652993108673094,,,0.0,-1,-1,0,80,prompt
47,1021,6,-47.26669659630554,13.680737177530924,-30.657792170842487,1.8927080668109069,56.23745031088629,,,0.0,-1,-1,0,80,prompt
47,1275,6,-14.205721148107259,-22.257754961649578,5.591834704081218,0.40130433231692636,11.923831701231538,,,0.0,-1,-1,0,80,prompt
47,1395,6,-12.517931170228243,-12.780080795288086,19.345002730687458,1.0203457447444946,30.31721802542809,,,0.0,-1,-1,0,80,prompt
47,1515,7,-26.030612053521768,-14.632199151175362,-4.430672373090472,0.8534627882959029,25.358676274811092,,,0.0,-1,-1,0,80,prompt
47,1931,6,-25.100990853071266,-18.257918039957683,-7.394619067509968,1.4189197640051052,42.15992477795245,,,0.0,-1,-1,0,80,prompt
47,1981,6,-42.40462693307642,-17.906893094380695,-11.246657252311707,1.1455236044851678,34.03658911631725,,,0.0,-1,-1,0,80,prompt
47,2177,7,-42.52107736148013,-8.828409944261823,-19.464161736624582,0.8546629946204625,25.394337634702666,,,0.0,-1,-1,0,80,prompt
48,163,8,5.0577160472201586,11.251275539398193,-6.645174980163574,3.8661454193461755,114.87358495886994,,,0.0,-1,-1,0,80,prompt
48,211,6,-25.402054628802947,-13.426706314086914,-19.143248399098713,1.2995245359119854,38.61237123549978,,,0.0,-1,-1,0,80,prompt
48,475,6,21.642055663999287,-10.895631154378256,-21.266402006149292,2.1630167174438,64.2690477743998,,,0.0,-1,-1,0,80,prompt
48,541,6,0.45598073996300315,37.11627558122078,-11.908607880274454,2.193008151326195,65.16017398783391,,,0.0,-1,-1,0,80,prompt
48,623,8,-11.099899827869882,-8.4730966091156,2.0219092369079608,2.2275975403025843,66.18791782110301,,,0.0,-1,-1,0,80,prompt
48,895,8,-28.07614251828131,-16.02821660041809,2.5749014616012573,2.651079366770092,78.77070255750326,,,0.0,-1,-1,0,80,prompt
48,1273,6,-16.934783037521772,-5.690299987792969,-24.772033373514812,1.5064795110391922,44.761560502663066,,,0.0,-1,-1,0,80,prompt
48,1489,6,-23.79229837596404,3.741188367207845,-6.614050547281901,1.3238908974920778,39.33636141266766,,,0.0,-1,-1,0,80,prompt
48,1613,6,-23.17373300286911,-12.193498929341635,-20.855334122975666,1.2432267957531764,36.939613867201146,0.2660689651966095,319.2415466308594,319.2415466308594,6,15,1,80,prompt
48,1697,7,-10.809172276402156,-24.248437447207316,-12.95172391619001,1.7722264053372716,52.657615908894755,,,0.0,-1,-1,0,80,prompt
48,1701,6,-39.864997073122495,1.8567379315694172,-9.708613634109497,2.293751659968539,68.15353474999532,,,0.0,-1,-1,0,80,prompt
48,1723,7,-27.523649409824746,31.63975783756801,-16.66915730067662,3.0501146662900664,90.62711518792828,,,0.0,-1,-1,0,80,prompt
48,1771,11,-18.904180679322316,-7.656207821585915,2.7910030538385566,4.074573322226771,121.06653887352175,,,0.0,-1,-1,0,80,prompt
48,1795,6,-14.577753430466563,-11.232799530029297,-22.3255672454834,1.2766549907648355,37.932855502779056,,,0.0,-1,-1,0,80,prompt
48,1957,6,-16.31470739613881,-9.122031370798748,-29.36768976847331,2.2895411046458003,68.02842781993257,,,0.0,-1,-1,0,80,prompt
48,2011,6,-20.5023358493976,9.413013776143393,-13.993342399597168,1.6007739511413481,47.56330208279636,,,0.0,-1,-1,0,80,prompt
48,2129,7,-11.510928125819833,-30.38477655819484,-10.41927010672433,1.2009096801767785,35.68225847982883,,,0.0,-1,-1,0,80,prompt
48,2221,13,-16.258059484952618,-5.099099526038537,-2.8363155951866736,2.1038911455564975,62.51226791520185,,,0.0,-1,-1,0,80,prompt
48,2833,8,-28.964823102781615,-3.8797494173049927,-27.460882663726807,1.4878359083939572,44.20760889450835,,,0.0,-1,-1,0,80,prompt
48,2873,6,-2.3529785121099693,-12.267399152119955,-24.25473419825236,0.7546383395670124,22.422335947242264,,,0.0,-1,-1,0,80,prompt
48,3047,9,-20.334327918887897,38.344862620035805,49.68717964490255,2.4179719773525177,71.84445468053418,,,0.0,-1,-1,0,80,prompt
48,3119,7,-2.148571753189067,-3.4165548597063338,-15.010366712297712,2.1556966671827307,64.05154938146289,,,0.0,-1,-1,0,80,prompt
48,3127,6,2.2784773962761036,-25.42159954706828,-16.347433884938557,1.4173059008707398,42.11197256101052,,,0.0,-1,-1,0,80,prompt
48,3263,7,9.245498943218697,-9.735005038125175,-15.035381044660296,1.1473793007717945,34.09172684703297,,,0.0,-1,-1,0,80,prompt
48,3399,7,-48.751017296975185,-11.180013384137835,-34.60850122996739,0.7013614392280015,20.83933585965797,,,0.0,-1,-1,0,80,prompt
48,3595,7,-10.800152485772456,-4.240011487688337,-34.551638160433086,1.1932831823996217,35.45565470647904,,,0.0,-1,-1,0,80,prompt
48,3637,7,-37.98640500781682,8.879877635410853,7.607169015066964,1.1104009789178113,32.99300138888703,,,0.0,-1,-1,0,80,prompt
48,3719,6,-23.833600028826215,-12.955593029657999,0.06928094228108723,0.785685283375583,23.344824201165792,,,0.0,-1,-1,0,80,prompt
48,3825,6,-39.91154549570778,11.491449991861979,25.76191584269206,1.9990564707146974,59.39734759512975,,,0.0,-1,-1,0,80,prompt
48,3887,7,-40.491302062741106,-22.93407358442034,-17.632438114711217,2.556549202148356,75.96195696751263,,,0.0,-1,-1,0,80,prompt
48,4063,8,-12.514755840179122,7.7491078823804855,2.9260292053222656,2.361012240597841,70.15202761181058,,,0.0,-1,-1,0,80,prompt
48,4127,8,6.7060532350444575,-6.484724283218384,-12.747750639915466,1.3943571216702726,41.43010257133149,,,0.0,-1,-1,0,80,prompt
48,4261,6,-38.27386609924206,36.10476875305176,31.13058090209961,1.5563214725878183,46.242499314695934,,,0.0,-1,-1,0,80,prompt
48,4301,7,-29.433639374910893,-24.038613183157786,-36.82550116947719,0.8131760255351922,24.161648133667608,,,0.0,-1,-1,0,80,prompt
48,4357,7,-32.14611398588293,-6.112585340227399,-38.02901485988072,1.614515656105801,47.97160511889394,,,0.0,-1,-1,0,80,prompt
48,4453,7,-40.844016217505306,33.74194771902902,-23.94836643763951,2.122995423262067,63.079907419165394,0.33198249340057373,76.64997100830078,76.64997100830078,7,15,1,80,prompt
48,4587,7,-43.7556543698902,-35.62243815830776,-18.387333461216517,0.40817420618818323,12.127954142114795,,,0.0,-1,-1,0,80,prompt
48,4675,7,-17.72752580426153,-3.832241875784738,-30.80127171107701,1.5497697678757265,46.04783053578663,,,0.0,-1,-1,0,80,prompt
48,5571,15,-13.710155135243948,-2.052572154998779,28.865799140930175,3.8962990422687658,115.76953024517051,0.494903564453125,208.46868896484375,208.46868896484375,1,5,1,80,prompt
48,5721,1964,-9.242546977523746,51.80338248555869,57.061451742702495,1156.947976007581,34376.037939456335,0.06240144744515419,27284.42578125,95757.609375,4,14,41,80,prompt
48,5805,7,-13.740550208701942,1.8013133321489607,-2.0659307752336775,1.493403604611049,44.37304013287274,,,0.0,-1,-1,0,80,prompt
48,5897,6,-13.505469513286267,-19.671255469322205,-8.715581258138021,1.6794533519501575,49.90107882241322,,,0.0,-1,-1,0,80,prompt
49,35,6,1.0992900168088227,-19.625068028767902,-4.560177326202393,1.2840138566464203,38.15150721226188,,,0.0,-1,-1,0,80,prompt
49,145,7,-24.57675136905114,24.7195497240339,2.6057822363717227,2.4229885061236085,71.993509250779,,,0.0,-1,-1,0,80,prompt
49,195,7,8.679492952275439,-13.606836591448102,-13.79353768484933,2.241170279868086,66.59120044047899,,,0.0,-1,-1,0,80,prompt
49,423,7,-39.90255366938199,-17.173831667218888,7.581978457314627,1.418742694772338,42.15466357451914,,,0.0,-1,-1,0,80,prompt
49,499,7,-8.78708901620011,-10.795997619628906,-8.251038006373815,1.2749344578144401,37.88173383853365,,,0.0,-1,-1,0,80,prompt
49,569,7,-22.10596121519041,-9.576647894723076,-0.7819771085466657,2.462038341108057,73.15378493887624,,,0.0,-1,-1,0,80,prompt
49,697,6,-6.721936804938868,3.8058506647745767,2.8529165585835776,1.321541115795613,39.26654307474564,,,0.0,-1,-1,0,80,prompt
49,743,6,-8.866903197558747,-15.893118778864542,16.23196490605672,1.5940599165404112,47.36381004602814,,,0.0,-1,-1,0,80,prompt
49,763,13,-16.268286202567097,0.7823459551884577,8.926669707665077,3.4795438449946627,103.38661176477527,,,0.0,-1,-1,0,80,prompt
49,769,18,-19.869963282855377,-15.720684899224175,-13.45036013921102,4.3253059659402115,128.51648048861213,0.33045825362205505,248.928466796875,248.928466796875,6,6,1,80,prompt
49,1117,7,-14.827774033607422,-12.57355717250279,1.1659928730555933,1.2940448865832195,38.449556107138854,,,0.0,-1,-1,0,80,prompt
49,1287,6,27.403858783767944,-39.979899088541664,15.830133438110352,1.1785147667269602,35.01684533216216,,,0.0,-1,-1,0,80,prompt
49,1327,6,17.770139909036136,-29.116599400838215,-37.63063383102417,2.362185991227288,70.18690290180295,,,0.0,-1,-1,0,80,prompt
49,1355,14,14.553246365910372,-28.066823959350586,-1.8184972490583147,4.008328954694243,119.098240437639,,,0.0,-1,-1,0,80,prompt
49,1357,6,-16.925410434302687,-32.012555519739784,7.825838963190715,0.8243592755949078,24.493932589245148,,,0.0,-1,-1,0,80,prompt
49,1383,6,7.787907431296283,-19.80519986152649,-18.105499903361004,1.7757643821094853,52.762738720181595,,,0.0,-1,-1,0,80,prompt
49,1687,8,-9.682749331263489,-12.900168061256409,-16.92541015148163,1.8008600478973755,53.50839848806278,,,0.0,-1,-1,0,80,prompt
49,1689,8,-27.388715140958507,-0.10392141342163086,-13.773113071918488,1.2364505558616081,36.738273543841714,,,0.0,-1,-1,0,80,prompt
49,1695,7,-15.462541038008114,-36.10146876743862,-3.1915275028773715,1.7649813505314875,52.44234583276176,,,0.0,-1,-1,0,80,prompt
49,1747,6,15.507627037581578,-23.29235617319743,5.304002523422241,2.4544707950775106,72.92893278056886,,,0.0,-1,-1,0,80,prompt
49,1867,10,-10.343555696987988,-28.147585678100587,-25.68406925201416,2.374180688221332,70.54329762956107,,,0.0,-1,-1,0,80,prompt
49,2013,6,-25.449549645008286,-35.250298817952476,-28.089767773946125,0.7062336496453379,20.984102343223924,,,0.0,-1,-1,0,80,prompt
49,2019,7,-35.20898337184839,-7.320058822631836,-10.805984088352748,2.0737314611355413,61.616142525472114,,,0.0,-1,-1,0,80,prompt
49,2191,9,-5.643311608685987,-38.30483288235135,-7.732278082105848,1.333842611614227,39.63205362123713,,,0.0,-1,-1,0,80,prompt
49,2285,6,11.954249851459684,-7.325337727864583,20.60444974899292,1.6745166523654091,49.75439619213056,,,0.0,-1,-1,0,80,prompt
49,2429,9,20.23086418888063,-9.779433144463432,8.447900030348036,3.359350908812936,99.81535616822232,,,0.0,-1,-1,0,80,prompt
49,2529,7,-5.068546453473465,-13.171354310853141,5.865240369524274,0.8730715231505721,25.941304558266793,,,0.0,-1,-1,0,80,prompt
49,2719,7,-29.452328962483232,-6.057160513741629,12.930666991642543,2.7090695717323774,80.49374760986551,,,0.0,-1,-1,0,80,prompt
49,2887,6,-15.649638789387568,-20.79823048909505,-2.1861399014790854,0.9957024975781967,29.585000832341006,,,0.0,-1,-1,0,80,prompt
49,2901,6,17.08060602931358,-7.962725003560384,2.568024476369222,1.1292859172819807,33.554123730732684,,,0.0,-1,-1,0,80,prompt
49,2915,8,-7.448758611853727,-8.344926364719868,17.38282036781311,2.2289089792831396,66.22688420255298,,,0.0,-1,-1,0,80,prompt
49,2921,8,-13.057994602328888,-3.0726232528686523,8.092204570770264,2.4617640148628883,73.14563396786694,,,0.0,-1,-1,0,80,prompt
49,3099,7,-0.2830029954716297,-9.236179760524205,-17.125695364815847,1.7539842879057266,52.11559350691363,0.5251675248146057,85.0599365234375,85.0599365234375,7,3,1,80,prompt
49,3123,10,-8.605090900409797,-5.437192320823669,9.319837188720703,2.1700826274383944,64.47899497607881,,,0.0,-1,-1,0,80,prompt
49,3145,10,-8.251679832324282,-1.3468271255493165,1.5603373527526856,3.729842454161934,110.82365704542744,,,0.0,-1,-1,0,80,prompt
49,3189,7,-5.502210891423302,-9.723128182547432,-25.213786125183105,2.198683709198119,65.32881008624011,,,0.0,-1,-1,0,80,prompt
49,3393,6,-1.2980494605595336,-16.47969929377238,-10.567700386047363,1.3367894503467743,39.71961213049789,,,0.0,-1,-1,0,80,prompt
49,3399,7,-15.917136976565672,-25.7607479095459,-8.408134596688408,1.3616332284893538,40.45778763855821,,,0.0,-1,-1,0,80,prompt
49,3515,7,-13.588596999023483,-29.81073134286063,7.539867537362235,1.1663431933487178,34.65519513102072,,,0.0,-1,-1,0,80,prompt
49,3527,7,-10.437529707683126,-12.597310202462333,-9.909829275948661,1.7803903545120594,52.90018880965451,,,0.0,-1,-1,0,80,prompt
49,3737,13,-28.47372409767758,2.3107964442326474,-10.113365760216347,3.4395820161246755,102.19923828398554,,,0.0,-1,-1,0,80,prompt
49,3767,7,11.262273606269462,-24.608699253627233,2.867071151733398,1.384572381480731,41.13937160765918,,,0.0,-1,-1,0,80,prompt
49,3797,7,18.57249263247815,-5.6493907655988425,-9.525812694004603,1.80260373777232,53.560208206856345,,,0.0,-1,-1,0,80,prompt
49,4043,6,-28.610525559673775,-19.615830103556316,-12.586094697316488,0.578346382627164,17.184227470577685,,,0.0,-1,-1,0,80,prompt
49,4049,8,0.0761304115967949,-30.424860954284668,1.7956421375274663,2.0634276287910662,61.30998793689867,,,0.0,-1,-1,0,80,prompt
49,4051,13,1.3261190270736885,-7.384315050565279,1.4592172916118915,4.7461309633916136,141.02032368489967,,,0.0,-1,-1,0,80,prompt
49,4059,7,-14.131390842955941,-25.428197588239396,-13.48474189213344,0.9281734879388459,27.578532222242483,,,0.0,-1,-1,0,80,prompt
49,4171,7,10.098055014989678,-30.214542116437638,21.18773228781564,1.3001906132280547,38.632162185103944,,,0.0,-1,-1,0,80,prompt
49,4247,12,-2.5800744325576654,1.182400385538737,-20.47806692123413,3.896738875004603,115.78259885942782,,,0.0,-1,-1,0,80,prompt
49,4267,7,-2.6480333154630507,-29.636538641793386,2.9224962166377475,1.1415917269647993,33.91976245373913,,,0.0,-1,-1,0,80,prompt
49,4287,7,-4.390447167414303,-36.75469207763672,16.058221408299037,1.2896816088805318,38.31991138416215,,,0.0,-1,-1,0,80,prompt
49,4297,7,-21.042838369991166,-36.75073323931013,11.985744203839984,1.8964737945146033,56.34934021526959,,,0.0,-1,-1,0,80,prompt
49,4371,6,-26.884966538138826,-11.228179931640625,-23.022998332977295,0.6900494089488742,20.50322499718906,,,0.0,-1,-1,0,80,prompt
49,4421,10,-16.773304047108294,-34.98425996303558,18.432590103149415,2.8814223414174096,85.61481223206958,,,0.0,-1,-1,0,80,prompt
49,4475,7,-21.80076028015804,-23.326006208147323,-6.362629345485142,0.8371664300616632,24.87446761499878,,,0.0,-1,-1,0,80,prompt
49,4555,9,-1.5395817873303967,-19.928366157743667,-9.89483388264974,2.253899434383757,66.96941787777286,,,0.0,-1,-1,0,80,prompt
49,4617,9,-16.38878504086314,-5.0713874499003095,10.466714753044975,1.9570060263882234,58.147915728256955,,,0.0,-1,-1,0,80,prompt
49,4667,6,24.889446124374942,-34.585199197133385,9.245266755421957,1.5368633333242336,45.6643456315334,,,0.0,-1,-1,0,80,prompt
49,4767,14,11.261013869876676,-34.33182781934738,-13.81207197053092,2.6517038885451876,78.78925878015106,,,0.0,-1,-1,0,80,prompt
49,4813,8,-20.857826760733712,15.49821662902832,-0.14659345149993896,1.5060851585452482,44.74984322878865,,,0.0,-1,-1,0,80,prompt
49,4819,14,-13.44864683579186,-4.673515000513622,7.335352625165667,3.101425291051813,92.15169193648165,,,0.0,-1,-1,0,80,prompt
49,5035,12,-13.82253518311486,-21.541849454243977,-20.33026723066966,3.346188256615967,99.4242583481904,,,0.0,-1,-1,0,80,prompt
49,5061,12,-1.1418394885351162,-16.11250964800517,10.138259092966715,3.5616011415146596,105.82475487654659,,,0.0,-1,-1,0,80,prompt
49,5485,7,-31.161622044098547,0.07917894635881696,21.70491395677839,1.6298200024089784,48.426338434537136,,,0.0,-1,-1,0,80,prompt
49,5815,6,-12.191056969645901,-16.47046172618866,5.6703542073567705,1.1815375907282144,35.106661568247375,,,0.0,-1,-1,0,80,prompt
49,5849,9,-38.93444721466514,-31.259698761834038,-39.77632363637289,1.1329217242825032,33.66215334138277,,,0.0,-1,-1,0,80,prompt
49,5857,8,5.446851339745266,-14.930108785629272,2.734402894973755,1.6307474434177185,48.453895202831134,,,0.0,-1,-1,0,80,prompt
49,5929,6,-8.402661564405399,2.8728624979654946,4.8744581540425616,1.4900917438576826,44.274635837028086,0.7634651064872742,36.142059326171875,36.142059326171875,4,15,1,80,prompt
49,5937,7,-21.698131192019552,-3.3254994664873396,-0.6380180631365094,1.5609547637174406,46.38016686324557,,,0.0,-1,-1,0,80,prompt
49,6021,6,-7.945883707923819,-18.992299397786457,-20.404167016347248,0.8631080825775265,25.64526392528306,,,0.0,-1,-1,0,80,prompt
49,6265,6,-21.51076166729173,-38.187825202941895,38.40511226654053,1.4194190159890088,42.174758897978506,,,0.0,-1,-1,0,80,prompt
49,6535,12,-13.053141310009218,-7.8703499635060625,-24.919833501180012,4.686753771698772,139.2560675241212,,,0.0,-1,-1,0,80,prompt
49,6617,6,-24.84555845592658,-20.39639977614085,-25.80663315455119,1.6428913063245358,48.81472205129228,,,0.0,-1,-1,0,80,prompt
50,25,6,10.057530710092294,10.406044006347656,38.60371859868368,2.1619158695070655,64.23633861960329,,,0.0,-1,-1,0,80,prompt
50,157,14,-19.82987610491901,20.55475834437779,-38.592443398066926,4.466699614418144,132.71766630273007,,,0.0,-1,-1,0,80,prompt
50,439,9,-7.910274133345073,-25.61558681064182,-0.6850461959838867,2.941744783581151,87.40715432819147,,,0.0,-1,-1,0,80,prompt
50,523,7,-33.60831121825305,21.405926636287145,4.503369058881487,1.67399070498274,49.738768879964624,,,0.0,-1,-1,0,80,prompt
50,577,9,35.98662746241239,-42.19690015580919,-18.226077185736763,3.053816202800897,90.73709779922052,,,0.0,-1,-1,0,80,prompt
50,719,7,-11.912321892761485,-16.91254220690046,-4.099382672991071,1.603459101447911,47.64308512466664,,,0.0,-1,-1,0,80,prompt
50,771,6,-5.838167873220871,-36.35879898071289,-8.564633846282959,0.898188031669549,26.687583619780426,,,0.0,-1,-1,0,80,prompt
50,807,8,-10.212616971583337,-31.107280552387238,-2.6764628887176514,1.7316713910010542,51.452617291525755,,,0.0,-1,-1,0,80,prompt
50,813,7,-18.729921295905417,-20.95064926147461,-1.6502425330025805,2.9292653638729496,87.03635718411256,,,0.0,-1,-1,0,80,prompt
50,1011,10,-21.921836188698485,-33.83973293304443,-20.07039976119995,1.086046570861094,32.26936638306787,,,0.0,-1,-1,0,80,prompt
50,1149,6,-16.02786443509004,-35.384243647257485,12.647814432779947,0.9385220323978165,27.88601532806659,,,0.0,-1,-1,0,80,prompt
50,1179,6,9.034530708184947,-20.280930678049724,9.229939301808676,1.1847479030937367,35.2020485882027,,,0.0,-1,-1,0,80,prompt
50,1317,10,-0.6564530616088149,-9.474903297424316,0.5561381816864014,2.0598118825922263,61.202554386654114,,,0.0,-1,-1,0,80,prompt
50,1377,6,-4.135683783848922,-27.578555425008137,-10.313668886820475,0.8508798059864586,25.281928919089182,,,0.0,-1,-1,0,80,prompt
50,1403,6,-15.758211223262451,5.112956126530965,-13.278906186421713,1.6869665483221654,50.1243161060999,,,0.0,-1,-1,0,80,prompt
50,1417,7,-7.906695442997253,-31.51307146889823,55.51164354596819,2.3410920703906326,69.56014574589778,,,0.0,-1,-1,0,80,prompt
50,1691,8,-11.733237960835291,-10.918724775314331,-19.792550563812256,1.6177007728550703,48.06624350928408,,,0.0,-1,-1,0,80,prompt
50,1795,13,-28.404530585831726,-0.10445426060603215,-2.392820798433744,2.3816885370082765,70.76637602210414,,,0.0,-1,-1,0,80,prompt
50,1871,6,11.422497582334211,-5.911999543507894,-3.5471999645233154,1.3338821859444803,39.63322948109116,,,0.0,-1,-1,0,80,prompt
50,1911,8,-22.93660828135074,-10.41297161579132,23.116946697235107,2.046006030553005,60.79234536833288,,,0.0,-1,-1,0,80,prompt
50,1937,9,-18.453610202769163,-22.440965864393448,-15.329700681898329,1.4995154260180648,44.554638794976604,,,0.0,-1,-1,0,80,prompt
50,1981,7,-10.081748868803029,-35.61452102661133,-19.679203169686453,2.510511603631944,74.59405601944852,,,0.0,-1,-1,0,80,prompt
50,2037,6,-17.023858337368864,-19.06619914372762,-23.06456772486369,2.016897692611687,59.92745831189127,,,0.0,-1,-1,0,80,prompt
50,2155,9,-22.267543552879676,30.095775604248047,-3.6758971744113498,2.1141920512517713,62.81833554515133,0.48646628856658936,190.5439453125,266.9899597167969,4,7,2,80,prompt
50,2163,6,15.339999526955381,-7.389999707539876,-2.9482339223225913,1.3105684387320728,38.94051530957741,,,0.0,-1,-1,0,80,prompt
50,2245,9,-36.11169275672174,-4.655699676937527,-46.23025629255507,2.329355485873202,69.21142023445077,,,0.0,-1,-1,0,80,prompt
50,2423,10,-5.026155526863286,-24.223495650291444,-11.475746822357177,2.041773176789922,60.66657589159806,,,0.0,-1,-1,0,80,prompt
50,2575,8,13.885709409229117,-28.32217425107956,-8.646300554275513,1.4941698552767217,44.395807502279624,,,0.0,-1,-1,0,80,prompt
50,2669,14,7.235128505589679,3.1532868146896362,10.3712203843253,7.633155511908574,226.80159256652698,,,0.0,-1,-1,0,80,prompt
50,2719,8,-22.121763624150066,-9.879505574703217,-5.916619181632996,1.0716795331381568,31.84248302782349,,,0.0,-1,-1,0,80,prompt
50,2881,8,-14.02670678402159,-25.336152374744415,-5.888907074928284,0.7562745646576883,22.47095259808655,,,0.0,-1,-1,0,80,prompt
50,2895,8,-11.788426014711977,-13.014482378959656,10.09553575515747,1.496456502309822,44.46374993944542,,,0.0,-1,-1,0,80,prompt
50,2907,10,4.841517265332362,4.841374301910401,-30.295429134368895,1.7316641469887175,51.45240205242418,,,0.0,-1,-1,0,80,prompt
50,2943,12,7.008167153787821,15.237256209055582,19.044047514597576,4.506749902945021,133.90766815798818,,,0.0,-1,-1,0,80,prompt
50,2969,8,-23.87547692461284,-12.758141279220581,-22.87792730331421,1.0754035961069686,31.95313496080545,,,0.0,-1,-1,0,80,prompt
50,3121,6,-18.05849313837294,-13.07568073272705,7.9566343625386535,0.870465858602089,25.86388325218072,,,0.0,-1,-1,0,80,prompt
50,3131,10,-22.022412695074202,-25.814193153381346,-15.84235429763794,1.6037952490631475,47.65307297495401,,,0.0,-1,-1,0,80,prompt
50,3193,7,-18.913056250881834,-1.152047838483536,-7.1900449480329245,1.7158645072981213,50.982952237309824,0.21918055415153503,181.00379943847656,243.2068328857422,4,5,2,80,prompt
50,3309,6,-24.999882195868164,-34.141798655192055,-25.281567732493084,0.4526915915209383,13.450685465302794,,,0.0,-1,-1,0,80,prompt
50,3499,9,-16.07844367654184,-14.921641031901041,-13.484161376953125,1.8157778754056149,53.95164729011102,,,0.0,-1,-1,0,80,prompt
50,3733,11,-27.942246001478598,6.713983709161932,-4.873565327037465,2.020979844099969,60.04875001847264,,,0.0,-1,-1,0,80,prompt
50,3759,10,-32.03557468474408,-27.122222805023192,-11.919147062301636,0.8351609781233642,24.814880240850286,,,0.0,-1,-1,0,80,prompt
50,3917,21,-30.15067069972751,-15.91093367054349,-0.2223304339817592,5.809873786575855,172.62698570076046,,,0.0,-1,-1,0,80,prompt
50,3973,9,-9.50757355771843,-16.981603357526993,-4.454926702711317,2.090684845388003,62.11987319647075,0.3754439353942871,97.43634033203125,97.43634033203125,4,5,1,80,prompt
50,3983,7,10.192308821860982,-21.35446058000837,28.18711825779506,1.4748955976988745,43.82311743886177,,,0.0,-1,-1,0,80,prompt
50,3985,7,-28.112056181818755,-24.929371970040457,-16.66645908355713,1.1478529985887538,34.105801683987885,,,0.0,-1,-1,0,80,prompt
50,4015,7,28.9486477287682,1.4766804831368583,-4.57715197971889,1.7308017992243618,51.426779379599424,,,0.0,-1,-1,0,80,prompt
50,4029,9,-25.315970677275786,-45.457736545138886,1.352381494310167,2.0625592160681157,61.2841850578321,,,0.0,-1,-1,0,80,prompt
50,4031,8,1.9882372315840744,-8.247932195663452,0.8129514455795279,1.2227257668481157,36.330473126171285,,,0.0,-1,-1,0,80,prompt
50,4133,8,3.4665963705719633,-22.779674530029297,-18.68405032157898,2.3059632371584153,68.51637357203849,,,0.0,-1,-1,0,80,prompt
50,4205,7,-0.32861592353317903,-15.677356592246465,6.350928136280605,1.4841015564577125,44.096651248614336,,,0.0,-1,-1,0,80,prompt
50,4245,10,-20.91051951949766,-1.197179412841797,-17.74066047668457,2.2421255024115507,66.61958267293518,,,0.0,-1,-1,0,80,prompt
50,4249,6,-34.04239516646388,-22.87204917271932,-5.607163031895955,0.6425859195443422,19.092956993488887,,,0.0,-1,-1,0,80,prompt
50,4289,8,-17.335055634591882,-25.734520137310028,20.95080542564392,1.455614575887793,43.250226391870655,,,0.0,-1,-1,0,80,prompt
50,4333,8,-22.633880147130355,-11.372517108917236,-1.5207237005233756,3.0092389015515213,89.41258621290433,,,0.0,-1,-1,0,80,prompt
50,4355,6,-15.818138155083085,-19.0107741355896,9.688666184743246,0.9563479970401012,28.41567271073059,,,0.0,-1,-1,0,80,prompt
50,4409,9,-23.1016419986423,-3.8889867994520397,-0.7476100656721327,2.4276544060139114,72.13214569336498,0.6344457864761353,40.55459213256836,40.55459213256836,5,5,1,80,prompt
50,4465,10,-21.691067983652836,16.67184000015259,-14.690520095825196,3.1366024604855016,93.19690030896876,,,0.0,-1,-1,0,80,prompt
50,4653,10,-28.703494376402062,9.9183034658432,-4.302868747711182,2.853655940293778,84.78979772989469,,,0.0,-1,-1,0,80,prompt
50,4939,9,0.7084497770374606,-17.083215925428604,-5.293577829996745,2.038158532563884,60.55917508393103,,,0.0,-1,-1,0,80,prompt
50,5003,14,0.5946528508568184,-16.605725288391113,-8.869979585920062,3.0762734467298216,91.40436295316493,,,0.0,-1,-1,0,80,prompt
50,5317,10,-6.308913961160786,-16.13975944519043,-31.362360286712647,3.0182509409317273,89.68035815604294,,,0.0,-1,-1,0,80,prompt
50,5373,7,-5.068546453473464,-23.211197444370814,0.2989871161324637,1.0658871552746918,31.6703758930833,,,0.0,-1,-1,0,80,prompt
50,5395,6,-19.33426478328805,-8.558543860912323,-3.0068055788675943,1.4828558125919469,44.05963684582314,,,0.0,-1,-1,0,80,prompt
50,5505,8,-23.898470901848697,-7.523943305015564,-6.209806442260742,1.356817564223591,40.31470129333222,,,0.0,-1,-1,0,80,prompt
50,5553,6,-18.505499833376135,-41.383999506632485,-1.0652543703715012,1.0885151199336922,32.34271361936095,,,0.0,-1,-1,0,80,prompt
50,5669,8,-9.214834170236902,-21.78202474117279,-10.364475011825562,2.875843305664456,85.44904406557784,,,0.0,-1,-1,0,80,prompt
50,5683,9,8.577422257520356,-18.992299397786457,14.201744185553657,1.6494891342589524,49.010761275263434,,,0.0,-1,-1,0,80,prompt
50,5795,11,-15.339003963596376,-10.049559896642512,-0.23378328843550247,3.363713611932639,99.94498381879222,,,0.0,-1,-1,0,80,prompt
50,5801,6,-9.260694809823471,-6.156793276468911,12.943414370218912,1.050349127887463,31.20869928355164,,,0.0,-1,-1,0,80,prompt
50,5877,7,10.3192777160882,-38.358058384486604,-7.420923505510602,1.4192975603141136,42.1711501230165,,,0.0,-1,-1,0,80,prompt
50,6077,9,-15.899551936828495,-17.588199615478516,11.344277275933159,1.5021910589518137,44.634139050087484,,,0.0,-1,-1,0,80,prompt
50,6325,6,-13.325011528785476,-36.35879898071289,-19.731300830841064,0.8686310433739929,25.80936595390895,,,0.0,-1,-1,0,80,prompt
50,6431,6,-9.57386668146191,-25.938899358113606,6.06756607691447,0.7744893450605896,23.012162743377388,,,0.0,-1,-1,0,80,prompt
51,819,7,-15.269433398091646,-40.00101361955915,-31.941443852015905,0.7775243282741203,23.102340262382143,,,0.0,-1,-1,0,80,prompt
51,1169,8,-30.554634996825833,-15.990111827850342,-16.48783504962921,0.973014369029784,28.910875474996175,,,0.0,-1,-1,0,80,prompt
51,1763,6,-2.0958024048266473,6.517056465148926,2.0076847076416016,0.899799803797549,26.735473707295927,,,0.0,-1,-1,0,80,prompt
51,1903,7,-6.607577092570788,-1.4885565212794714,-23.00344317299979,1.5040687315895613,44.68992975733763,,,0.0,-1,-1,0,80,prompt
51,1921,7,-10.462958439482083,0.02375439235142299,-31.238014663968766,2.1745777778269146,64.61255799144668,,,0.0,-1,-1,0,80,prompt
51,1945,6,-42.05213697367386,-28.98265504837036,-22.367136637369793,0.3234602147254869,9.610873473912521,,,0.0,-1,-1,0,80,prompt
51,1997,6,-0.3308053680478684,-30.446799596150715,-23.434066772460938,1.364482959990262,40.54246083063252,,,0.0,-1,-1,0,80,prompt
51,2023,6,-10.695713144694722,3.4455875555674234,8.498500188191732,1.1786200290498463,35.01997295905652,,,0.0,-1,-1,0,80,prompt
51,2601,9,-1.3263757992171565,-7.31917847527398,-12.911574045817057,2.4475697118033786,72.7238830243356,,,0.0,-1,-1,0,80,prompt
51,2769,8,43.98136431743559,27.102825164794922,-34.04842483997345,3.574959259562062,106.2216605130315,,,0.0,-1,-1,0,80,prompt
51,2967,7,-25.18438944299739,21.0852541242327,25.720528193882533,2.719102855744053,80.7918634793732,,,0.0,-1,-1,0,80,prompt
51,3021,7,-4.787279641549796,-8.626504625592913,0.9086622510637555,1.662921486794028,49.40987261815658,,,0.0,-1,-1,0,80,prompt
51,3571,6,17.50851414854829,-9.459199905395506,-6.28926658630371,2.158183130652445,64.12542890270545,,,0.0,-1,-1,0,80,prompt
51,3815,13,9.15144520976875,-17.10500746506911,-5.288484646723821,3.8781872175811705,115.23137919125534,,,0.0,-1,-1,0,80,prompt
51,4095,6,-23.49076130342233,-5.764200051625569,27.367769877115887,0.8682382539460469,25.79769512293185,,,0.0,-1,-1,0,80,prompt
51,4125,6,-19.04690333650028,-27.564699172973633,-33.78783416748047,0.9042941374441993,26.869012455064837,,,0.0,-1,-1,0,80,prompt
51,4157,7,18.49307569135046,13.115930557250977,5.025948115757532,1.6866206360312948,50.1140381210208,,,0.0,-1,-1,0,80,prompt
51,4453,6,-39.07920274766065,-19.828293164571125,-18.587528149286907,1.0751346851692711,31.945144893154765,,,0.0,-1,-1,0,80,prompt
51,4463,6,6.438107967357336,-29.213594436645508,-24.000702540079754,1.6368719722438765,48.63587143655587,,,0.0,-1,-1,0,80,prompt
51,4499,6,-17.478448736523546,21.989869435628254,-25.506415287653606,1.335307289110318,39.67557313137831,,,0.0,-1,-1,0,80,prompt
51,4631,6,-20.547967227984596,-27.906487147013348,-8.322988510131836,1.0131041412304727,30.102050496461445,,,0.0,-1,-1,0,80,prompt
51,4775,7,-29.664770699334547,5.205992017473493,-3.1994454520089284,0.9882690036993204,29.364131724220204,,,0.0,-1,-1,0,80,prompt
51,4811,9,-47.382882860284546,31.909404754638672,17.456424289279514,2.3071224435804574,68.55081671448757,,,0.0,-1,-1,0,80,prompt
51,4819,6,-12.015447196608932,-6.129081378380458,11.817910194396973,2.170410592499114,64.48873970065061,,,0.0,-1,-1,0,80,prompt
51,5071,7,-27.735343842330934,-4.441917146955218,-7.194003990718296,1.1844341679663155,35.1927266732447,,,0.0,-1,-1,0,80,prompt
51,5077,9,-27.39802863962902,30.514542049831814,38.2788667678833,3.592273650713969,106.73611767055252,,,0.0,-1,-1,0,80,prompt
51,5473,8,-22.517449559175454,8.012376947328448,5.49526059627533,2.2802801169763987,67.75325895315363,,,0.0,-1,-1,0,80,prompt
51,5517,9,14.416624964516295,-28.263670179578995,29.19420602586534,2.3710774931821237,70.45109335364413,,,0.0,-1,-1,0,80,prompt
51,5691,8,-44.00462332166919,-34.3080735206604,-41.37035155296326,0.46430419504702297,13.795727167839935,,,0.0,-1,-1,0,80,prompt
52,137,7,-11.347507622511072,-31.259699276515416,6.930193083626883,0.9957399802848498,29.586114544428938,,,0.0,-1,-1,0,80,prompt
52,159,6,-11.374678746420322,-29.559999068578083,-30.82406775156657,0.8090711334172064,24.03968074177831,,,0.0,-1,-1,0,80,prompt
52,511,8,-11.225321542145066,-11.691210627555847,-2.0206511616706857,1.953678931692951,58.049058791000775,0.3837974965572357,80.07808685302734,80.07808685302734,0,15,1,80,prompt
52,513,8,7.753725176458213,0.27712589502334595,3.7192999124526978,2.1961531919709705,65.25362160930696,,,0.0,-1,-1,0,80,prompt
52,585,12,-21.241093680653247,-10.849443435668945,-3.232389728228251,2.6779234217536887,79.56831167364466,,,0.0,-1,-1,0,80,prompt
52,785,12,-29.703163691140286,15.549022277196249,15.154221932093302,3.3430582439927967,99.33125724968262,,,0.0,-1,-1,0,80,prompt
52,811,8,11.400576342574517,0.5681063532829289,2.8474596738815308,2.399832140473607,71.30547130902873,,,0.0,-1,-1,0,80,prompt
52,959,7,-21.02806556586247,-30.61439377920968,4.433369500296457,1.7532551073811544,52.09392759116183,,,0.0,-1,-1,0,80,prompt
52,1095,9,-27.910401564503484,-21.862082799275715,12.897157563103569,2.503509734409714,74.38601164146266,,,0.0,-1,-1,0,80,prompt
52,1317,8,3.919589762383243,-20.645812511444092,23.420681476593018,2.294721021675533,68.18233709505124,,,0.0,-1,-1,0,80,prompt
52,1341,7,-17.035742639783905,-6.2828191348484586,1.8904759543282645,1.3553667404649745,40.27159341501449,,,0.0,-1,-1,0,80,prompt
52,1481,6,5.163531997220088,-22.539499282836914,-5.6903001467386884,1.5178917384926238,45.10064849283064,,,0.0,-1,-1,0,80,prompt
52,1591,7,6.461957344138928,-28.852671759469168,-14.565528733389717,2.3414725008169657,69.57144935767647,,,0.0,-1,-1,0,80,prompt
52,1653,9,21.261197252409595,16.184100257025825,-27.104433907402885,2.5329077645659352,75.25950623322721,,,0.0,-1,-1,0,80,prompt
52,1663,8,3.023580806774147,-11.379444986581802,-0.6707707643508911,1.5559685670799437,46.232013542319535,,,0.0,-1,-1,0,80,prompt
52,1717,6,-7.9919883833208445,-29.906405319770176,-0.4772027333577474,0.7304514121739356,21.703677242662938,,,0.0,-1,-1,0,80,prompt
52,1989,8,16.26906863014638,3.7307958602905273,-15.95893657207489,2.374511386991614,70.55312358000094,,,0.0,-1,-1,0,80,prompt
52,2033,9,19.203862917728532,-11.051128705342611,17.53648132748074,2.2316066801972863,66.3070401567507,,,0.0,-1,-1,0,80,prompt
52,2107,6,-30.856202051237474,20.696619033813477,-22.941330909729004,2.253583315086734,66.96002512271971,,,0.0,-1,-1,0,80,prompt
52,2123,6,-30.938685429482117,-24.90429910024007,-26.094467480977375,0.6614883878398798,19.654600196771966,,,0.0,-1,-1,0,80,prompt
52,2413,10,-16.966713932404534,-46.850752639770505,19.890267086029052,1.9967636880400939,59.329222851542696,,,0.0,-1,-1,0,80,prompt
52,2571,12,-16.732047237376563,-32.40976822376251,-6.715662956237793,3.0039506747769993,89.25545876378538,,,0.0,-1,-1,0,80,prompt
52,2725,6,-22.83708764080839,3.9582691192626953,-19.58664846420288,1.931225354308842,57.38190257997023,,,0.0,-1,-1,0,80,prompt
52,2949,8,-18.882272867980838,-28.942241072654724,-12.820496082305908,0.8092566019045093,24.045191509667887,,,0.0,-1,-1,0,80,prompt
52,2975,9,-21.16487869246796,-1.8136294153001573,-0.7518074247572157,2.5107991159800163,74.60259878506145,,,0.0,-1,-1,0,80,prompt
52,2989,13,-8.149950611737413,-31.707363055302547,-14.204061874976524,3.381943227167546,100.48663474686538,0.4282746911048889,213.9005584716797,213.9005584716797,3,13,1,80,prompt
52,3007,11,-18.993428827291368,10.198199879039418,3.27906118739735,2.7329629621318636,81.20368454040005,,,0.0,-1,-1,0,80,prompt
52,3143,6,-13.561818646971702,-19.94838015238444,-3.3870150248209634,0.7996008495091478,23.758293120491945,,,0.0,-1,-1,0,80,prompt
52,3171,6,6.7741601051283125,-22.761199315388996,6.740433216094971,2.7384936522748946,81.36801622871351,,,0.0,-1,-1,0,80,prompt
52,3227,6,5.7715742812470365,-38.058499018351235,-0.06613349914550781,0.7630749846236664,22.67301137652999,,,0.0,-1,-1,0,80,prompt
52,3459,6,-0.03419124552072006,16.022443453470867,8.851201693216959,1.8441384913541168,54.794317513880586,,,0.0,-1,-1,0,80,prompt
52,3477,6,-23.498345007573814,-33.204192797342934,-18.045457045237224,0.8182432657916454,24.312209478617,,,0.0,-1,-1,0,80,prompt
52,3495,7,15.519898819450148,-2.1219847542898997,0.7634423119681222,2.0096022011986556,59.71068962842223,,,0.0,-1,-1,0,80,prompt
52,3541,6,5.737856332536343,0.023094018300374348,20.09471074740092,2.6499646142492943,78.73758026009428,,,0.0,-1,-1,0,80,prompt
52,3681,7,-0.21839759184032712,-28.98331560407366,-4.103341783796038,1.7307220341035388,51.4244093431963,,,0.0,-1,-1,0,80,prompt
52,3779,9,-12.388864606674154,-28.460736380683052,-11.355477121141222,0.7927291372532139,23.5541160562525,,,0.0,-1,-1,0,80,prompt
52,3825,6,3.0371908835586736,-15.999349594116211,28.17919921875,1.53887497887951,45.72411703471053,,,0.0,-1,-1,0,80,prompt
52,3833,9,5.7145307578434785,-19.210920333862305,0.25717926025390625,2.308153564203379,68.58145408314093,,,0.0,-1,-1,0,80,prompt
52,3847,6,-23.663311764063092,-20.678142547607422,-13.3989946047465,0.8597262025589445,25.544779168633383,,,0.0,-1,-1,0,80,prompt
52,3927,7,-16.072220931974943,-13.713727814810616,-21.73658616202218,1.5897553786709269,47.235910641576226,,,0.0,-1,-1,0,80,prompt
52,4021,7,-20.510358832363856,-12.438952854701451,-1.993232590811593,2.168684089185794,64.43744064085529,,,0.0,-1,-1,0,80,prompt
52,4073,13,15.2078665231619,-23.142068679516132,-7.09260815840501,3.640276098771348,108.16239958627143,,,0.0,-1,-1,0,80,prompt
52,4085,7,-17.706252682288703,-10.122979941112655,-31.843731335231237,2.5630297657287744,76.15451195194528,,,0.0,-1,-1,0,80,prompt
52,4089,9,-22.25872419812376,-32.73769897884793,-27.449300871955025,1.1515892763590334,34.21681655159386,,,0.0,-1,-1,0,80,prompt
52,4157,8,-14.18036533542894,-6.775706231594086,-5.029818296432495,2.1497120067743007,63.87372901484203,,,0.0,-1,-1,0,80,prompt
52,4197,10,-1.2124696819522647,-17.339710998535157,7.112915992736815,2.183583223216191,64.88013400936904,,,0.0,-1,-1,0,80,prompt
52,4289,7,-21.099512908702994,-35.883727482386995,-23.313500949314662,0.9814054340307379,29.160196598164244,,,0.0,-1,-1,0,80,prompt
52,4343,6,-6.86116787512822,-30.608456293741863,11.824206113815308,1.1981857405829759,35.601322903845144,,,0.0,-1,-1,0,80,prompt
52,4409,8,4.682549713913901,-22.059149503707886,-5.487075209617615,2.586225569562551,76.84372170827135,,,0.0,-1,-1,0,80,prompt
52,4421,7,-10.491923599991889,-12.712119238717216,10.687215941292896,1.6089793171447644,47.80710558899543,,,0.0,-1,-1,0,80,prompt
52,4535,7,-30.01867657479159,-27.953993797302246,-3.873723711286272,0.9481196551263271,28.17118652840214,,,0.0,-1,-1,0,80,prompt
52,4583,6,11.302365087913351,-19.675875266393025,23.8283371925354,1.5373351040628607,45.67836320980492,,,0.0,-1,-1,0,80,prompt
52,4657,15,3.2128726130834746,1.7976176579793295,-9.411459573109944,3.707934275718576,110.17270610470136,,,0.0,-1,-1,0,80,prompt
52,4741,9,-0.7619803909826229,-10.419899622599283,-19.960766898261177,1.978654625250963,58.791153861063655,,,0.0,-1,-1,0,80,prompt
52,4765,8,22.432626939952844,3.380925178527832,-0.38797497749328613,2.7824448323165063,82.67392406893299,,,0.0,-1,-1,0,80,prompt
52,4857,7,11.295394376605392,-8.769026143210274,-5.09307370867048,2.136218525525738,63.47280137336189,,,0.0,-1,-1,0,80,prompt
52,4917,7,-17.997086496172397,-27.90252767290388,-20.779786791120255,0.8106890022445823,24.087751978639673,,,0.0,-1,-1,0,80,prompt
52,5185,7,-37.60975672994392,-9.010520935058594,0.9522103582109723,1.5648057404256126,46.49458974497351,,,0.0,-1,-1,0,80,prompt
52,5191,10,5.833081435217919,-21.637919425964355,6.398939990997315,2.1207436925938175,63.013002441166044,,,0.0,-1,-1,0,80,prompt
52,5363,10,28.741002144846163,22.125659561157228,5.999880123138428,4.688063540676292,139.29498428528666,,,0.0,-1,-1,0,80,prompt
52,5459,6,4.431426051306754,-21.26010576883952,3.576589743296305,4.429937156778417,131.6253547513223,,,0.0,-1,-1,0,80,prompt
52,5547,16,6.038908459399584,0.08660179749131203,17.325034201145172,5.563672348576841,165.31167840180257,,,0.0,-1,-1,0,80,prompt
52,5803,13,-9.216073603633948,-16.89396594120906,-1.9153128403883715,2.487186413682267,73.90100185341586,,,0.0,-1,-1,0,80,prompt
52,5891,10,-19.173579218913794,-10.209284210205078,2.6032095909118653,2.097299302837657,62.31640652809285,,,0.0,-1,-1,0,80,prompt
52,6331,13,-19.510441380532534,-10.974149557260366,15.079618857457088,3.4642082252118014,102.93094922988764,,,0.0,-1,-1,0,80,prompt
52,6373,6,-16.632727479241066,-33.80924916267395,-8.906421502431234,1.0612212322792385,31.531738763981096,,,0.0,-1,-1,0,80,prompt
52,6607,6,-37.21441265593635,-2.323230425516764,-6.332307497660319,0.8113518457535719,24.1074468431327,,,0.0,-1,-1,0,80,prompt
52,6613,8,-25.97776031424487,-6.671783924102783,-7.531975150108337,1.683017683472596,50.006984704255004,,,0.0,-1,-1,0,80,prompt
53,445,6,9.179083286648149,-2.0553436279296875,2.2293850580851235,1.6371115283179827,48.642989292209606,,,0.0,-1,-1,0,80,prompt
53,527,9,-14.773481550070768,-44.86345778571235,19.424010700649685,2.894415689648784,86.0008795756537,0.2852546274662018,90.20056915283203,90.20056915283203,0,14,1,80,prompt
53,545,6,6.513924685448781,-20.544198989868164,-6.864934126536052,0.9799355660120144,29.116522863626926,,,0.0,-1,-1,0,80,prompt
53,601,8,30.858913778431607,8.123226642608643,19.2672700881958,1.9933562954088395,59.22798004651109,0.6991404891014099,48.47328186035156,48.47328186035156,0,6,1,80,prompt
53,739,12,-8.928337191113007,-22.906690279642742,0.7043588956197103,3.753852953366972,111.53707359373753,,,0.0,-1,-1,0,80,prompt
53,837,8,5.073979490736167,-20.933329105377197,15.900201439857483,1.4551983321595134,43.23785867051056,,,0.0,-1,-1,0,80,prompt
53,1497,12,-17.630111722328206,7.4408063888549805,21.38040018081665,2.8479358978818836,84.61983987608946,,,0.0,-1,-1,0,80,prompt
53,1531,10,-0.07691369722942287,-4.730523681640625,11.334535884857178,2.2688992882585293,67.4151039039197,,,0.0,-1,-1,0,80,prompt
53,1617,6,2.924168796479268,-14.558300018310547,-2.6249213218688965,1.4898423521916082,44.26722573946748,,,0.0,-1,-1,0,80,prompt
53,1713,6,-5.085174452471435,-23.204599380493164,-15.740700403849283,0.9577931847437811,28.45861312668842,,,0.0,-1,-1,0,80,prompt
53,1755,15,-16.25774455473447,-23.85307232538859,-2.3281445185343426,5.990988230776608,178.00838325219868,,,0.0,-1,-1,0,80,prompt
53,1765,7,11.00803292981762,-19.161213670458114,0.6367568969726572,1.6260986215321742,48.31576619372675,,,0.0,-1,-1,0,80,prompt
53,1775,11,-10.162467536986838,-17.594917470758613,13.427676981145686,2.9282168299766194,87.0052024202437,,,0.0,-1,-1,0,80,prompt
53,1867,6,26.830007745261714,-39.5364990234375,-14.262700716654459,1.4876095554142066,44.200883338320004,,,0.0,-1,-1,0,80,prompt
53,1931,9,11.500438430447794,-24.3562077416314,7.255144331190321,2.1077208523053352,62.62605880919636,,,0.0,-1,-1,0,80,prompt
53,1945,19,9.817742697660636,5.589173869082802,-3.6086265664351616,4.939809201370079,146.77502536108904,0.34842541813850403,91.63365936279297,91.63365936279297,0,5,1,80,prompt
53,2021,6,-14.559601448318132,-39.55035527547201,-8.91104014714559,0.8350335446145827,24.811093848355988,,,0.0,-1,-1,0,80,prompt
53,2119,8,-20.618747752714825,1.988372266292572,-2.183463454246521,1.5804011113793537,46.957970186188945,,,0.0,-1,-1,0,80,prompt
53,2207,7,-4.1654104778547545,-3.230485303061349,0.5800713130405971,1.9850350101457646,58.98073226714627,,,0.0,-1,-1,0,80,prompt
53,2223,11,-27.501302750125067,-0.4106483459472656,-3.1561926928433506,2.1826712640258212,64.8530372475634,,,0.0,-1,-1,0,80,prompt
53,2295,7,-27.299398757978025,-19.751093574932643,-14.02189554486956,1.3407968760613596,39.8386835332411,0.3183653950691223,284.2226867675781,284.2226867675781,6,6,1,80,prompt
53,2345,7,-20.46736817207049,-21.069417544773646,-13.344918319157191,0.8793113012232869,26.126705157264897,,,0.0,-1,-1,0,80,prompt
53,2379,6,7.9116924624031,-19.65739933649699,3.333266258239746,1.1404115969448714,33.88469761488741,,,0.0,-1,-1,0,80,prompt
53,2433,9,-4.495324126419494,3.4086377885606556,-2.8148485819498696,2.0247608230400163,60.161093078131934,,,0.0,-1,-1,0,80,prompt
53,2781,7,-10.897131355394562,-18.610922404697963,12.736680712018694,1.3392199169384313,39.791827833794855,,,0.0,-1,-1,0,80,prompt
53,2985,8,9.716318973901743,-17.749855995178223,19.512115478515625,2.719544747534542,80.80499327368548,,,0.0,-1,-1,0,80,prompt
53,3009,7,-19.84287674060727,-35.883727482386995,-23.313500949314662,0.9494873207084638,28.211823553501794,,,0.0,-1,-1,0,80,prompt
53,3203,13,-7.59429001948287,-13.672920648868267,5.027055226839506,2.5811982857303084,76.69434757621576,,,0.0,-1,-1,0,80,prompt
53,3533,6,-33.70714014521148,-21.10306739807129,-27.37386147181193,0.9355728645715786,27.798387615164216,,,0.0,-1,-1,0,80,prompt
53,3535,10,-8.249916201374381,-4.564247989654541,-6.736909341812134,1.9687300970395103,58.4962694190636,,,0.0,-1,-1,0,80,prompt
53,3575,8,-8.189767341754763,-9.973035216331482,-33.574952244758606,2.5678876910030977,76.29885398546824,,,0.0,-1,-1,0,80,prompt
53,3627,7,-19.326703349166603,-30.954862322126115,13.433451652526855,1.4157879431238487,42.066869951230515,,,0.0,-1,-1,0,80,prompt
53,3629,6,-13.994176419410932,4.669556299845378,5.721160411834717,1.4417107747538322,42.837107042344655,,,0.0,-1,-1,0,80,prompt
53,3777,7,-32.016522823887534,-34.93358448573521,-30.477901186261857,0.792336996957196,23.542464512731904,,,0.0,-1,-1,0,80,prompt
53,3883,7,-11.691099191662962,-8.13955579485212,-17.999357768467494,1.1093422668618402,32.96154420450384,,,0.0,-1,-1,0,80,prompt
53,3937,6,-11.701478208451922,12.087268988291422,-2.287752628326416,1.452447606643458,43.15612721269059,,,0.0,-1,-1,0,80,prompt
53,4123,9,-21.455522105932104,-16.559757656521267,-12.584064695570204,1.5191302960329718,45.13744937055389,,,0.0,-1,-1,0,80,prompt
53,4171,10,-6.472063205783927,-0.5320796966552734,-14.335800409317017,2.791719654152077,82.94950398601927,,,0.0,-1,-1,0,80,prompt
53,4199,7,-32.84889469939592,-19.192885145545006,-12.187650408063616,2.395941529736194,71.18987079362915,,,0.0,-1,-1,0,80,prompt
53,4445,8,22.382438881191057,-6.793026685714722,22.65402066707611,2.9369772570793335,87.26549828548039,,,0.0,-1,-1,0,80,prompt
53,4535,6,-19.942705625574288,-3.4963931938012442,12.74018963177999,1.6356208549838227,48.59869737575951,,,0.0,-1,-1,0,80,prompt
53,4569,7,12.311370951685134,-27.522471291678293,-5.70418575831822,2.0618898847746387,61.26429742380205,,,0.0,-1,-1,0,80,prompt
53,4601,6,-19.961330904532755,-38.118542989095054,-20.67667333285014,1.1975127905257783,35.58132774660617,,,0.0,-1,-1,0,80,prompt
53,4711,10,16.35419929229888,-27.9342001914978,-12.074459886550903,2.852163737675963,84.74546037431165,,,0.0,-1,-1,0,80,prompt
53,4773,6,-15.195521687042918,-32.206543604532875,0.15094757080078067,0.9919572769615305,29.47372024870195,,,0.0,-1,-1,0,80,prompt
53,4901,7,9.055799608783236,-45.13178471156529,1.7835851396833147,1.5726923317930368,46.72892159885263,,,0.0,-1,-1,0,80,prompt
53,5159,8,-11.580233300729931,-31.09342384338379,-7.426950693130493,1.332163481802845,39.58216215567569,,,0.0,-1,-1,0,80,prompt
53,5225,7,-26.89116305182714,-44.37167167663574,-36.93887138366699,2.111813364508632,62.74765836050349,,,0.0,-1,-1,0,80,prompt
53,5557,7,1.2959516198031693,6.057160786220005,7.175646032605853,1.9092042641730342,56.727596728994136,,,0.0,-1,-1,0,80,prompt
53,5813,7,-9.28233090703304,-27.24138695853097,6.4590800149100165,2.4592151699172176,73.06990092509301,,,0.0,-1,-1,0,80,prompt
53,5893,12,-35.47034828292265,-7.237581094106038,15.465251922607422,3.7500539212121256,111.4241941244818,,,0.0,-1,-1,0,80,prompt
53,5975,7,-6.493203151051804,-36.386512007032124,-19.065569945744105,2.2084760791068776,65.61976774940342,,,0.0,-1,-1,0,80,prompt
53,6039,6,4.925055907445976,-11.837855656941732,7.945927222569783,1.8993018439625324,56.433369175199275,,,0.0,-1,-1,0,80,prompt
53,6041,7,2.052720542644888,-40.12770012446812,-16.03572859082903,1.7621573636965155,52.358437583996306,,,0.0,-1,-1,0,80,prompt
53,6247,7,2.353424246486021,-17.949781826564244,7.982007162911552,1.3572045923052718,40.32620093920687,,,0.0,-1,-1,0,80,prompt
53,6277,17,-23.616335297367158,9.25108515515047,15.753626991720761,4.324199977452416,128.48361859420933,,,0.0,-1,-1,0,80,prompt
53,6363,6,-16.143148718047083,-14.082567890485128,-25.738823731740315,1.196807027511337,35.56035762810143,,,0.0,-1,-1,0,80,prompt
53,6627,9,3.5983443009434044,-22.807387431462605,4.654229164123535,2.357556115927526,70.04933684675112,,,0.0,-1,-1,0,80,prompt
53,6669,6,25.53549089390842,-35.61979961395264,20.493600209554035,1.5991934073067782,47.51633987192008,,,0.0,-1,-1,0,80,prompt
53,6693,13,-27.250977426491843,-14.235697672917293,-6.5576386818519,5.690462433087718,169.07895302942526,0.46595385670661926,117.60995483398438,163.82864379882812,7,12,2,80,prompt
54,158,6,0.9286031937864087,7.440807342529297,3.060760498046875,2.4128841985265534,71.69328307941133,,,0.0,-1,-1,0,80,prompt
54,168,6,-21.496187483278504,-35.250298817952476,-16.92310078938802,0.548150266485329,16.2870195963758,,,0.0,-1,-1,0,80,prompt
54,206,7,-0.0321318911330997,-29.23272773197719,-22.80675779070173,1.0410488845064765,30.932364023936753,,,0.0,-1,-1,0,80,prompt
54,442,6,-27.546223904904252,22.835099538167317,-10.13206672668457,1.9667364141433563,58.43703173482997,0.39408254623413086,108.10781860351562,108.10781860351562,7,14,1,80,prompt
54,564,7,-7.390991796151542,-39.49427086966379,-17.732672010149276,1.366308692739549,40.596708264016165,,,0.0,-1,-1,0,80,prompt
54,714,7,-6.353639304116359,-24.628494262695312,6.639930248260498,1.1150353639123058,33.13070143910582,,,0.0,-1,-1,0,80,prompt
54,760,6,6.031809700926566,-8.720199584960938,-7.382233778635661,1.6569578762894612,49.232677700828866,,,0.0,-1,-1,0,80,prompt
54,792,6,8.438521781514014,-9.006561915079752,11.551699956258139,1.4415669365584227,42.83283322246244,,,0.0,-1,-1,0,80,prompt
54,798,6,9.09838880747112,-24.460899591445923,-3.3255001703898124,1.2714257946046559,37.7774820120751,,,0.0,-1,-1,0,80,prompt
54,952,7,-29.87043455859155,-39.894121987479075,-13.483480998447963,0.890681768584098,26.46455234269618,,,0.0,-1,-1,0,80,prompt
54,960,12,-34.527982796452484,-29.744749466578167,-1.6073256333669026,1.5052520549417274,44.72508947868404,,,0.0,-1,-1,0,80,prompt
54,1146,6,-0.48246835385252734,1.9260183970133464,-2.4525561332702632,1.6778623473521452,49.85380579410312,,,0.0,-1,-1,0,80,prompt
54,1164,10,-1.9790508514723417,-29.48332815170288,0.06285605430603028,2.3703743478284025,70.43020101288403,,,0.0,-1,-1,0,80,prompt
54,1278,8,-18.203814454761996,-32.143035650253296,12.27899819612503,1.9338427341882294,57.45967198006573,,,0.0,-1,-1,0,80,prompt
54,1346,8,-37.65577632950675,6.380803823471069,8.213446617126465,2.3987353155678894,71.2728816893105,0.3609803318977356,152.37750244140625,249.571044921875,5,6,2,80,prompt
54,1410,6,9.416288963093656,-22.53949960072835,7.257733186086019,1.2175330761736483,36.17618431169118,,,0.0,-1,-1,0,80,prompt
54,1496,6,-9.937871512481463,-23.83736801147461,-3.5440526008605957,1.0629788188942924,31.583961392322145,,,0.0,-1,-1,0,80,prompt
54,1598,6,-7.668766719424458,-11.30669911702474,-4.204533100128174,1.4114713984313074,41.9386137917529,,,0.0,-1,-1,0,80,prompt
54,1642,6,27.671159421859954,-31.703099568684895,41.11169974009196,2.3273482230901785,69.15177905523215,,,0.0,-1,-1,0,80,prompt
54,1670,6,18.73599366073948,-27.121299743652344,-14.18880001703898,2.378808001487795,70.68078755970868,,,0.0,-1,-1,0,80,prompt
54,1818,9,-7.099896745135142,-27.641678545210098,-17.95622984568278,1.0017802377320058,29.76558684869282,,,0.0,-1,-1,0,80,prompt
54,1946,8,-20.130488071357057,-8.386494994163513,-3.85660457611084,2.311762051534586,68.68867195289307,,,0.0,-1,-1,0,80,prompt
54,1962,7,4.579638023887129,-29.802813938685826,-4.564014843532019,1.7764149694068943,52.78206941964471,,,0.0,-1,-1,0,80,prompt
54,2098,8,-9.871375253522856,-12.463696718215942,14.636921644210815,1.4878845741915288,44.20905488632333,,,0.0,-1,-1,0,80,prompt
54,2142,8,-34.113382357729186,-12.92441713809967,19.863089323043823,2.482796090109658,73.77055352485807,,,0.0,-1,-1,0,80,prompt
54,2208,7,-31.425088101145317,-9.79042979649135,-18.68551336015974,1.1004463313839885,32.69722202076238,,,0.0,-1,-1,0,80,prompt
54,2262,7,17.792169941260518,-35.396780014038086,-4.2987662724086215,2.466393673234128,73.28319357738856,,,0.0,-1,-1,0,80,prompt
54,2304,7,-28.77572428511433,-37.11495426722935,-22.589017050606863,0.8262605077505176,24.550423313174235,,,0.0,-1,-1,0,80,prompt
54,2362,10,-5.448904343190771,-19.210304689407348,1.4512521028518677,3.3045219460485016,98.18624012907651,,,0.0,-1,-1,0,80,prompt
54,2712,6,-11.402083404308138,3.9351749420166016,6.962132612864177,2.3746710180107047,70.55786664717625,,,0.0,-1,-1,0,80,prompt
54,2888,7,-32.002838945469065,-23.076593807765416,-7.19922365461077,1.2103457916173788,35.962630745142256,,,0.0,-1,-1,0,80,prompt
54,2976,6,-27.338685082224192,-30.816299041112263,-29.198267300923664,1.390813389881069,41.324808763002004,,,0.0,-1,-1,0,80,prompt
54,3152,10,7.115316756473829,-11.010175609588623,6.43673095703125,2.213458064829675,65.76779595272134,,,0.0,-1,-1,0,80,prompt
54,3160,6,1.1205760499042114,-38.229393005371094,-7.931864897410075,1.182243798300322,35.12764489575679,,,0.0,-1,-1,0,80,prompt
54,3184,11,-8.564088177083688,-2.783845901489258,2.326646241274747,2.2313782107142592,66.3002517135541,,,0.0,-1,-1,0,80,prompt
54,3486,6,-13.584893579134693,-33.47669919331869,-22.317800362904865,0.9755614263375972,28.986555402238448,,,0.0,-1,-1,0,80,prompt
54,3506,7,-12.822744223937146,-29.57715470450265,-1.5537911823817663,1.1007951529260116,32.707586447522566,,,0.0,-1,-1,0,80,prompt
54,3666,8,-10.928726104255604,-13.870105862617493,-0.14769691228866488,1.2295890604693023,36.53440005011621,,,0.0,-1,-1,0,80,prompt
54,3814,10,4.75364042232605,-17.02655906677246,-15.213280487060548,1.9623050608758283,58.30536430361726,,,0.0,-1,-1,0,80,prompt
54,3834,10,-2.500211765521358,8.438456296920776,2.323313808441162,2.588670094555438,76.91635512450272,0.4059036076068878,234.98097229003906,234.98097229003906,4,5,1,80,prompt
54,3904,9,-19.267455311508517,-10.459928512573242,4.721969816419813,2.496309373207061,74.17206953255788,,,0.0,-1,-1,0,80,prompt
54,4024,6,-16.0921210926355,43.601000467936196,-39.69983243942261,2.043365715376107,60.713894498825,0.3471458852291107,76.52671813964844,131.70236206054688,6,6,3,80,prompt
54,4258,6,-13.427909085056188,-18.6181804339091,3.374834855397541,0.8949391040639599,26.591049237121588,,,0.0,-1,-1,0,80,prompt
54,4282,6,1.1179152957672878,-20.691999395688374,-18.187166690826416,1.0986096577671358,32.64264950475936,,,0.0,-1,-1,0,80,prompt
54,4322,11,-15.829115480920922,14.355075402693315,25.99827306920832,2.4400411328168734,72.50018868177462,,,0.0,-1,-1,0,80,prompt
54,4344,11,-24.844693395270966,-22.311080759221856,-18.226064465262674,1.7966350817007068,53.38286337215309,,,0.0,-1,-1,0,80,prompt
54,4426,11,9.51899161051068,-15.57946327599612,-9.671261527321555,3.422803790057265,101.70071203404957,,,0.0,-1,-1,0,80,prompt
54,4434,14,2.8127522885322906,-10.819751194545201,-20.41952317101615,3.3962796740445227,100.91260916575033,,,0.0,-1,-1,0,80,prompt
54,4624,8,-22.420410681555275,10.866764545440676,10.052863836288452,2.0877384698350587,62.032328449522474,,,0.0,-1,-1,0,80,prompt
54,4722,9,9.495156705079454,22.57645018895467,-3.1371806462605796,3.352400642645574,99.60884505587046,,,0.0,-1,-1,0,80,prompt
54,4776,6,-0.9693863609095862,-3.842799345652262,-10.353766918182373,1.003787322135346,29.82522272777098,,,0.0,-1,-1,0,80,prompt
54,5016,9,-20.76962877531864,-25.741832309299046,-20.20192305246989,1.23313193475144,36.639668379603044,,,0.0,-1,-1,0,80,prompt
54,5056,6,-9.07491531704883,-8.775624295075735,2.280191739400228,2.262121399112768,67.21371457677975,,,0.0,-1,-1,0,80,prompt
54,5080,7,-19.762306812154428,-13.662261962890625,-4.300027438572475,1.3355790282264208,39.68364723182059,,,0.0,-1,-1,0,80,prompt
54,5410,6,-17.570703276246565,-27.63859987258911,-5.690299828847249,1.4080949961773461,41.83829179423182,,,0.0,-1,-1,0,80,prompt
54,5438,6,-14.341419609090373,-27.638599077860516,-17.736000855763752,0.9111013612470991,27.071273393813662,,,0.0,-1,-1,0,80,prompt
54,5538,8,-6.005609708499265,25.232231736183167,7.826574683189393,1.802926742128214,53.569805535537576,,,0.0,-1,-1,0,80,prompt
54,5552,14,-28.0194871610041,-12.244965417044503,-8.33354561669486,2.022632923384608,60.09786745277748,,,0.0,-1,-1,0,80,prompt
54,5690,14,-28.095312321844627,-21.66523654120309,21.404124123709543,3.58115321982194,106.40569974150557,,,0.0,-1,-1,0,80,prompt
54,5842,7,13.776396041788662,5.847337518419538,21.20878710065569,2.137744545070318,63.51814352084707,,,0.0,-1,-1,0,80,prompt
54,5936,7,-7.294457342877158,-23.848584856305802,-11.461729185921806,0.929092783565699,27.605846969319813,,,0.0,-1,-1,0,80,prompt
54,6468,6,-19.81725162287958,-10.461468378702799,2.5434595743815103,1.2260969994729034,36.430641520097126,,,0.0,-1,-1,0,80,prompt
54,6488,7,8.340868358909729,25.487582070486887,8.108692850385394,1.7323238294376675,51.472002993316394,,,0.0,-1,-1,0,80,prompt
55,41,6,-21.096555877000927,-34.12332407633463,-0.6665711402893066,0.7146796642338877,21.235056166519513,,,0.0,-1,-1,0,80,prompt
55,225,14,21.226974868294025,0.730422590460096,17.165372235434397,4.499961101076406,133.70595458448395,,,0.0,-1,-1,0,80,prompt
55,453,7,-4.236110516350161,-8.028706525053297,13.651192801339286,1.2300088984877922,36.5468745675114,,,0.0,-1,-1,0,80,prompt
55,525,9,5.493332657445545,0.7143673366970487,4.885166115230984,2.7615577576703747,82.05331287001168,,,0.0,-1,-1,0,80,prompt
55,623,11,-0.4550853308676947,3.85959547216242,-10.351477362892844,3.6897479921860414,109.63234267811978,,,0.0,-1,-1,0,80,prompt
55,631,7,0.8089822152548055,-7.755541392735073,2.2797125407627656,2.9330611290539617,87.14913958278359,,,0.0,-1,-1,0,80,prompt
55,755,6,-19.689933982566526,-25.94351863861084,17.691489219665527,1.064806708378107,31.638272908092784,,,0.0,-1,-1,0,80,prompt
55,809,12,-50.972691181505745,4.011384606361389,-18.992403666178387,4.166694148835484,123.80369654714778,,,0.0,-1,-1,0,80,prompt
55,847,6,7.483709604617651,-15.200305938720703,17.20043134689331,1.4596692886279,43.37070281940071,,,0.0,-1,-1,0,80,prompt
55,1035,12,2.4242062616070927,-7.496231714884439,19.110180934270222,3.9319348679439052,116.82836652892442,0.3522266745567322,78.60549926757812,78.60549926757812,4,5,1,80,prompt
55,1203,6,-17.35911335862126,-4.073737144470215,-7.122113386789958,0.8832313421566775,26.243180122989337,,,0.0,-1,-1,0,80,prompt
55,1229,8,-7.997838071288725,-8.202899098396301,-12.241997718811035,1.501608808959264,44.61683883586073,,,0.0,-1,-1,0,80,prompt
55,1269,7,-5.220944079499636,16.92046138218471,32.597364153180806,2.2806628268022617,67.76463029202671,0.4360450208187103,67.06343078613281,67.06343078613281,4,14,1,80,prompt
55,1297,8,-2.0617742401892443,-16.267236709594727,9.432796716690063,1.2357039485370533,36.71608983096351,,,0.0,-1,-1,0,80,prompt
55,1465,10,-6.002634219542734,-15.851549434661866,16.130687618255614,2.3296232221701065,69.2193754003623,,,0.0,-1,-1,0,80,prompt
55,1505,6,0.1831187386377137,-26.48853047688802,1.027039368947347,1.0139025208189065,30.125772502628735,,,0.0,-1,-1,0,80,prompt
55,1513,7,-10.476300696535448,-17.11444822379521,12.920052119663783,2.2954353945987505,68.20356303711665,,,0.0,-1,-1,0,80,prompt
55,1537,12,-7.244279101569879,-11.849402586619059,-15.761484543482462,3.3456206602218743,99.40739353180949,,,0.0,-1,-1,0,80,prompt
55,1625,7,-21.19033308184607,-2.292219434465681,-6.478698594229563,2.2946895657862765,68.18140245592748,,,0.0,-1,-1,0,80,prompt
55,1893,13,-2.6266137798439853,1.5774810864375188,-6.01753645676833,3.986042657039218,118.43605455754187,,,0.0,-1,-1,0,80,prompt
55,1907,8,4.477006456836534,15.31462049484253,1.5681172609329224,2.5256366565655037,75.04346204656699,,,0.0,-1,-1,0,80,prompt
55,1981,6,-44.17541877493907,-15.375818252563477,15.845460732777914,1.7563465780985161,52.18578350592428,,,0.0,-1,-1,0,80,prompt
55,2001,12,-13.514146946101201,-3.4940840800603232,-10.703953663508097,2.8351630981909395,84.24032562318057,,,0.0,-1,-1,0,80,prompt
55,2051,6,-26.07522542544467,7.108256657918294,5.905909697214763,1.043598603285908,31.008123030663345,,,0.0,-1,-1,0,80,prompt
55,2145,8,-3.061851525832834,-16.544362008571625,-1.8381596803665161,1.4420132901752116,42.846095589641735,,,0.0,-1,-1,0,80,prompt
55,2147,8,1.8419070512855065,8.82643175125122,19.636821627616882,1.8603403587505176,55.27571859660746,,,0.0,-1,-1,0,80,prompt
55,2275,11,-5.409893307299275,-16.01026656410911,-0.8779267397793856,1.9405404779646322,57.658679972595266,,,0.0,-1,-1,0,80,prompt
55,2279,7,-6.970605553640142,-33.92009925842285,11.81424958365304,1.0287396354931564,30.5666231091652,,,0.0,-1,-1,0,80,prompt
55,2397,8,-12.363447826981986,-14.937037110328674,13.783659100532532,1.3428015822445074,39.89824874899709,,,0.0,-1,-1,0,80,prompt
55,2779,14,-34.36630389259508,23.57146086011614,13.645796571459089,4.95012934325075,147.08166454987497,0.23144887387752533,272.24896240234375,687.1893310546875,5,13,4,80,prompt
55,2945,6,-1.3684994814481553,0.8960380554199219,17.049482504526775,1.497701430377043,44.50074010266638,,,0.0,-1,-1,0,80,prompt
55,2947,7,9.240190346067413,15.384396144321986,6.163421358380999,2.8631014936084496,85.07045053869669,,,0.0,-1,-1,0,80,prompt
55,2985,11,6.1401248831894355,8.029067147861827,7.585378256711093,2.9342082283854887,87.1832229909909,,,0.0,-1,-1,0,80,prompt
55,3021,10,-15.271281396356681,-24.350973415374757,-17.57249598503113,2.6114437778337156,77.59302254311629,,,0.0,-1,-1,0,80,prompt
55,3029,17,12.852056776724678,12.054937530966367,2.574334649478688,8.584158226261907,255.05844254343717,,,0.0,-1,-1,0,80,prompt
55,3157,9,16.16766689211835,-12.04569943745931,4.200610796610515,1.8454181990689085,54.832341074029685,,,0.0,-1,-1,0,80,prompt
55,3161,6,15.441108184158482,-15.740699581801891,21.594333330790203,2.153538587164208,63.987427016299065,,,0.0,-1,-1,0,80,prompt
55,3229,12,2.849209158646257,-5.967424487074216,3.3016703923543296,2.723212698431114,80.91397796599271,,,0.0,-1,-1,0,80,prompt
55,3325,9,-25.68045401820778,-20.52880308363173,-19.773918363783096,1.8489091817881715,54.936067565533214,,,0.0,-1,-1,0,80,prompt
55,3467,13,-21.18589084107102,4.2123003005981445,-0.4550776848426232,3.05037154589069,90.63474777217587,,,0.0,-1,-1,0,80,prompt
55,3477,6,-31.75593550777701,-0.8036618232727051,-7.426950931549072,1.1963827936408007,35.547752498111855,,,0.0,-1,-1,0,80,prompt
55,3505,6,5.621181708770983,56.56583213806152,19.648368676503498,2.2121800040883666,65.72982132858675,,,0.0,-1,-1,0,80,prompt
55,3539,9,-27.66622354657201,-14.795394897460938,-23.436166127522785,2.3949560422190257,71.1605893073553,,,0.0,-1,-1,0,80,prompt
55,3667,9,2.4506225241831094,-45.744099934895836,14.300277392069498,2.296018966727452,68.22090253556661,,,0.0,-1,-1,0,80,prompt
55,3671,8,-29.40909039527035,13.198078632354736,-11.410622119903564,2.5782965104052504,76.60812802206588,,,0.0,-1,-1,0,80,prompt
55,3787,7,-15.509648574759913,0.07126099722726005,-2.1728221348353776,1.7556727658525935,52.165762730737974,,,0.0,-1,-1,0,80,prompt
55,3805,7,15.747621838392801,7.2369215829031805,11.126657213483538,2.0970991100111283,62.310458260458816,,,0.0,-1,-1,0,80,prompt
55,3807,9,-16.55290485513335,-5.748803668551975,-4.065971692403157,2.0724176994598085,61.57710713049762,,,0.0,-1,-1,0,80,prompt
55,3917,6,14.057635960437816,-0.2955993016560872,-3.3994007110595703,0.882018646174423,26.20714766175555,,,0.0,-1,-1,0,80,prompt
55,4093,6,14.89212097688286,-10.359855651855469,4.158552010854084,1.4211706600222385,42.226804956220924,,,0.0,-1,-1,0,80,prompt
55,4107,10,-14.401809863112016,11.594910430908204,0.1968827247619643,3.4559765025062315,102.68636259513659,,,0.0,-1,-1,0,80,prompt
55,4117,8,-19.832849877861356,-1.1431403756141663,-1.767775297164917,2.0957826170760203,62.271341712417936,,,0.0,-1,-1,0,80,prompt
55,4141,11,-13.9719008771792,-25.001713145862926,2.309010939164595,1.7220587959874032,51.16700122430534,,,0.0,-1,-1,0,80,prompt
55,4153,7,6.819677208057001,-8.16331045968192,2.2349033355712886,1.3275607257514397,39.445401886475715,,,0.0,-1,-1,0,80,prompt
55,4297,9,18.055609729955854,2.8851790957980685,-0.8697956932915581,2.9721513971609825,88.31061664776585,,,0.0,-1,-1,0,80,prompt
55,4367,7,-25.301552508882086,-34.11012758527483,-31.364701134817942,0.833768347486195,24.77350143677978,,,0.0,-1,-1,0,80,prompt
55,4427,6,-23.504538370916976,-37.393398920694985,-24.912067890167236,0.8788729597747539,26.113680853166784,,,0.0,-1,-1,0,80,prompt
55,4455,15,9.915778388258465,-2.856234689553579,1.78741455078125,4.818244746743535,143.16301826051742,,,0.0,-1,-1,0,80,prompt
55,4625,6,-27.523592719929514,-32.87626266479492,20.08862034479777,1.1680215638373714,34.70506403506039,,,0.0,-1,-1,0,80,prompt
55,4743,6,4.819896155297629,-13.191149393717447,22.322624683380127,1.1886328175942082,35.31747985307305,,,0.0,-1,-1,0,80,prompt
55,4805,13,1.0742076575045951,5.26963890515841,-6.952592372894287,3.7619641367530976,111.77807868091315,0.7679708003997803,34.155513763427734,34.155513763427734,7,5,1,80,prompt
55,5045,7,-40.827748804686344,-34.67229570661272,9.044260706220355,1.1083585066583155,32.93231404136687,,,0.0,-1,-1,0,80,prompt
55,5293,6,-16.115669321608525,18.248681386311848,12.416876633961996,1.363810806829048,40.52248935131782,,,0.0,-1,-1,0,80,prompt
55,5387,7,2.2184216923567335,-23.90005111694336,-1.3795984813145228,1.234412109276067,36.67770580992862,,,0.0,-1,-1,0,80,prompt
55,5455,7,-25.289401972521564,-19.48188672746931,-15.930098806108747,1.6048064709121683,47.68311909748329,,,0.0,-1,-1,0,80,prompt
55,5541,6,-38.41314235836039,12.775462786356607,17.63144572575887,1.890736850188716,56.17888016011326,,,0.0,-1,-1,0,80,prompt
55,5587,10,-3.654758001562308,46.06648845672608,33.98585052490235,3.7549993406262705,111.57113584436264,,,0.0,-1,-1,0,80,prompt
55,5729,7,-16.409756599630416,-21.188184806278773,-18.942843437194824,1.4888480803414506,44.237683247020165,,,0.0,-1,-1,0,80,prompt
55,5741,7,-24.728362957364485,-9.552894728524345,0.031040464128767247,0.981747479625227,29.170359693287807,,,0.0,-1,-1,0,80,prompt
55,5793,6,-22.383887582462027,4.346243540445964,32.978080590566,1.6097308071287284,47.829434378824864,,,0.0,-1,-1,0,80,prompt
55,5889,8,-19.71177426739908,-27.085503578186035,-11.899055123329163,1.8030158802622522,53.57245406938792,,,0.0,-1,-1,0,80,prompt
55,5955,11,-23.807975044998464,-18.8848083561117,-21.974809993397106,1.93979297684653,57.6364697027054,,,0.0,-1,-1,0,80,prompt
55,6287,8,-19.30631947744491,-2.081902027130127,-37.91195845603943,2.650591480933598,78.75620615630524,,,0.0,-1,-1,0,80,prompt
55,6333,8,-35.686186971345634,12.619580209255219,15.596466720104218,1.1847893482411362,35.203280035068914,,,0.0,-1,-1,0,80,prompt
55,6399,8,-0.19726207597212575,-21.934443473815918,12.377249717712402,1.490022174939779,44.272568757253666,,,0.0,-1,-1,0,80,prompt
56,47,7,1.9504971374864242,0.6848951067243304,16.88437625340053,1.704290559094991,50.639059088446665,,,0.0,-1,-1,0,80,prompt
56,221,10,-3.648895304675282,21.432848119735716,15.039697074890137,2.6372396979254518,78.3594887508854,,,0.0,-1,-1,0,80,prompt
56,415,6,-7.286016681966712,-5.196093002955119,-10.63698148727417,1.39377419651715,41.41278229626712,,,0.0,-1,-1,0,80,prompt
56,513,6,2.9156680483294948,-23.204599221547443,4.3678657213846845,1.5915562874710658,47.289420488624586,,,0.0,-1,-1,0,80,prompt
56,563,12,-8.571596857635575,-11.826308727264404,-0.15619969367980957,2.5512111041108008,75.80334770895567,,,0.0,-1,-1,0,80,prompt
56,569,10,-20.688806916303342,-6.767392349243164,14.434682321548461,2.6228722067093075,77.93259192113744,,,0.0,-1,-1,0,80,prompt
56,677,8,-23.925664983374624,11.417550802230835,0.1305302381515503,1.933885759117326,57.46095036649764,,,0.0,-1,-1,0,80,prompt
56,781,6,33.15676259712754,-11.232799530029297,14.064300060272217,1.3011394756585006,38.66035544148605,,,0.0,-1,-1,0,80,prompt
56,797,9,-36.9723489181531,6.909650166829427,14.102230495876736,2.126786843545624,63.19256071924009,,,0.0,-1,-1,0,80,prompt
56,963,13,7.2757906740598,-10.520091276902418,-9.024050675905668,3.788931439643867,112.57934982406074,,,0.0,-1,-1,0,80,prompt
56,1135,6,-0.3588032502254273,-32.22039922078451,-2.2831336657206216,1.0472401495851065,31.116323171322673,,,0.0,-1,-1,0,80,prompt
56,1185,13,-22.6052870651359,35.85358018141527,27.13455603672908,2.5266191255904307,75.07265384531303,,,0.0,-1,-1,0,80,prompt
56,1201,7,-13.023338312425356,1.8884094783238001,8.344791276114327,2.7656474846353714,82.17482966439327,,,0.0,-1,-1,0,80,prompt
56,1257,12,-12.950702275737655,-19.916049496581156,21.47424578666687,3.9650157488773354,117.81128852854836,,,0.0,-1,-1,0,80,prompt
56,1269,16,-42.68993445379885,8.104174613952637,3.7822818756103516,4.513691275284831,134.11391501078845,,,0.0,-1,-1,0,80,prompt
56,1315,6,2.4669176431876623,-21.40790557861328,3.7073847452799478,0.9887706787982199,29.37903784151388,,,0.0,-1,-1,0,80,prompt
56,1317,9,11.909848910374727,-2.848229090372721,-11.497118208143446,2.527258943591098,75.09166455998768,,,0.0,-1,-1,0,80,prompt
56,1351,7,-11.138435457773067,-11.560071400233678,-26.67732892717634,2.1894795589849116,65.05533001324537,,,0.0,-1,-1,0,80,prompt
56,1371,6,10.519231516588432,-37.76289971669515,-18.40886656443278,1.5699335756954664,46.646951530844,,,0.0,-1,-1,0,80,prompt
56,1517,6,-33.30715516960359,4.840450604756673,-7.186775366465251,1.1467456505339655,34.0728993931909,,,0.0,-1,-1,0,80,prompt
56,1593,7,-19.739841969488747,6.4055472782679965,-13.322425297328405,1.7158853545290293,50.98357166464406,,,0.0,-1,-1,0,80,prompt
56,1613,6,3.5924166431064335,-22.687299410502117,-9.163600285847982,1.1912981076268172,35.396672792756306,,,0.0,-1,-1,0,80,prompt
56,1685,6,-15.112565011988247,-1.9121627807617188,20.946237564086914,1.6576882261102508,49.254378359518086,,,0.0,-1,-1,0,80,prompt
56,1707,7,-22.258081281466396,-35.883727482386995,-23.313500949314662,0.9492690097675522,28.205336947930064,,,0.0,-1,-1,0,80,prompt
56,1811,7,2.6658728037076465,-37.72067070007324,-11.461728777204241,1.5983479160703742,47.491218051904994,,,0.0,-1,-1,0,80,prompt
56,1943,8,-8.312838517819735,-4.905112266540527,14.038896918296814,1.672927428589951,49.70717607685107,,,0.0,-1,-1,0,80,prompt
56,1979,6,-12.071796330294362,-36.35879898071289,-19.731300830841064,0.8973483010339651,26.662632962718583,,,0.0,-1,-1,0,80,prompt
56,2035,6,-17.967434273427788,11.463737805684408,16.736879030863445,1.0882843156826487,32.33585580392326,,,0.0,-1,-1,0,80,prompt
56,2051,7,-28.934558167369705,-35.84413882664272,-8.34748922075544,2.9085523753577043,86.42091855263952,,,0.0,-1,-1,0,80,prompt
56,2055,7,-22.108241861593484,-1.3618714468819755,3.834310531616211,1.6442802886989893,48.85599245565931,,,0.0,-1,-1,0,80,prompt
56,2121,9,-28.863828613693915,5.437808142768012,18.112285719977486,2.094927191353151,62.24592471207429,,,0.0,-1,-1,0,80,prompt
56,2293,6,-3.7165550435435613,9.297544479370117,8.962051391601562,1.2657623946736507,37.609207158813,,,0.0,-1,-1,0,80,prompt
56,2563,13,-7.471853882325735,-20.238651679112362,16.039577337411735,3.540754345900748,105.20534047607119,,,0.0,-1,-1,0,80,prompt
56,2813,15,-24.694905890860454,-1.418879763285319,8.037589581807454,3.9281347914210905,116.71545602868578,,,0.0,-1,-1,0,80,prompt
56,2829,6,-21.389637390321838,-26.474674622217815,0.3018954594930013,2.137341120760128,63.506156698897975,,,0.0,-1,-1,0,80,prompt
56,3113,6,3.810598482334186,-19.916049639383953,8.66183360417684,1.2932330288270022,38.425433628334346,,,0.0,-1,-1,0,80,prompt
56,3363,14,-17.35009819123604,-2.8583458491734097,-8.860082966940743,4.14540160704433,123.17103782815677,0.5635080337524414,57.12238311767578,57.12238311767578,4,15,1,80,prompt
56,3405,6,0.29308151332090776,-24.964343070983887,-7.192864735921224,1.0531851032893182,31.29296374490275,,,0.0,-1,-1,0,80,prompt
56,3439,11,-17.13820651628744,-9.973980123346502,8.386521166021174,2.009368372229077,59.70374194045678,,,0.0,-1,-1,0,80,prompt
56,3453,10,-13.87366806960496,14.108433723449707,25.261956024169923,2.9972584349015707,89.05661430696586,,,0.0,-1,-1,0,80,prompt
56,3559,7,-18.330808175366847,-9.691456930977958,14.560485976082939,3.4270021294872826,101.82545599706424,,,0.0,-1,-1,0,80,prompt
56,3675,10,-4.529063735383883,9.932159423828125,25.059654808044435,3.1850427161146864,94.63619066587147,,,0.0,-1,-1,0,80,prompt
56,3677,6,16.033584501623178,-13.121868451436361,5.731868743896484,1.8402172557872576,54.677807052380786,,,0.0,-1,-1,0,80,prompt
56,3775,9,46.973126723198284,-19.33716689215766,44.06770028008355,1.7781536392148718,52.83372997873872,,,0.0,-1,-1,0,80,prompt
56,3897,6,2.3108050041784742,-18.424193064371746,2.746685028076172,1.1534068014414607,34.27082011310665,,,0.0,-1,-1,0,80,prompt
56,3933,6,-0.44168518672935164,16.969287872314453,21.095507780710857,1.4703399765825667,43.68775767543281,,,0.0,-1,-1,0,80,prompt
56,3945,6,-31.066401628054454,-29.735511779785156,-7.677833875020345,1.0499261661613954,31.196131952397813,,,0.0,-1,-1,0,80,prompt
56,3955,11,-7.764628010982381,20.82720357721502,-8.217614954168146,3.3023597684951373,98.12199601512526,,,0.0,-1,-1,0,80,prompt
56,3997,6,8.834974147915661,-28.539255777994793,-0.3940647443135579,1.1145746238905625,33.11701161311873,,,0.0,-1,-1,0,80,prompt
56,4091,8,10.013658248702981,-16.76259756088257,-4.675226569175719,1.8363651196928243,54.563349722166905,,,0.0,-1,-1,0,80,prompt
56,4169,8,-1.6786256444722158,-3.086479425430298,-6.398123621940613,1.0586387662420789,31.455006748098157,,,0.0,-1,-1,0,80,prompt
56,4187,8,16.820887492095846,19.79711675643921,11.772141695022583,2.9173010984543923,86.68086666035941,,,0.0,-1,-1,0,80,prompt
56,4195,6,2.6926831865668976,8.392269134521484,22.068593343098957,1.4349112882006037,42.63507599810599,,,0.0,-1,-1,0,80,prompt
56,4345,6,-24.08244050436845,-38.2571055094401,-6.0012275377909345,0.9621917458415157,28.589306214286466,,,0.0,-1,-1,0,80,prompt
56,4369,6,11.579482076412715,7.0805439949035645,1.9537315368652344,1.4947351266803244,44.412603236936064,,,0.0,-1,-1,0,80,prompt
56,4449,6,-9.021700234310359,-16.812249342600506,3.8490955034891763,1.0602793441204954,31.503752731980406,,,0.0,-1,-1,0,80,prompt
56,4553,11,2.806441836363619,-8.275959535078568,-4.868526285344904,3.0495943361016713,90.61165477772121,,,0.0,-1,-1,0,80,prompt
56,4631,9,-11.75351575478832,0.7451587253146701,7.84634362326728,2.005371429996237,59.5849820301693,0.8093083500862122,68.40865325927734,68.40865325927734,6,14,1,80,prompt
56,4683,6,0.874914814237906,-9.694755554199219,5.895202000935872,1.9784070886725775,58.783798883150695,,,0.0,-1,-1,0,80,prompt
56,4695,7,-10.112891880733295,3.4165564945765903,-14.490309374673027,2.5402569850316303,75.47787135144625,0.46381258964538574,98.39864349365234,180.52688598632812,7,13,2,80,prompt
56,4931,12,-7.468218376606136,-8.93266224861145,4.233922561009725,3.3343311134300975,99.07195071425724,,,0.0,-1,-1,0,80,prompt
56,4965,7,18.16881821913342,2.973155975341797,4.977180480957031,1.8711489051784256,55.596869598883565,,,0.0,-1,-1,0,80,prompt
56,4967,7,-35.92480345441734,-29.007069178989955,-3.984573636736189,1.5679640855875807,46.58843267945737,,,0.0,-1,-1,0,80,prompt
56,4983,8,-19.80955698193103,-26.323410034179688,-7.160218000411986,1.0892341030814243,32.364076543603716,,,0.0,-1,-1,0,80,prompt
56,5199,12,-17.246726478206163,-20.629646460215252,11.282973806063334,2.897566656872533,86.09450329173767,,,0.0,-1,-1,0,80,prompt
56,5277,7,27.17351878946104,33.60734503609793,-28.787437847682412,2.442343771395973,72.56860627080842,,,0.0,-1,-1,0,80,prompt
56,5353,8,2.956030494977057,2.8647796511650085,-7.933960974216461,2.524178367204656,75.00013234511562,,,0.0,-1,-1,0,80,prompt
56,5633,6,-18.612328557112384,0.6743377049763998,17.713112115859985,1.9356464295857085,57.513264624420344,,,0.0,-1,-1,0,80,prompt
56,5661,8,-4.018680259519167,-2.975629806518554,15.409407615661621,1.9166381134016546,56.948476395512174,,,0.0,-1,-1,0,80,prompt
56,5685,9,-3.262557868678621,-35.98929892645942,-7.628567165798611,1.2383897524917606,36.79589229447925,,,0.0,-1,-1,0,80,prompt
56,5689,9,-7.150491049563267,6.45085424847073,-13.41235982047187,2.90061317286705,86.18502348070243,,,0.0,-1,-1,0,80,prompt
56,5755,6,-10.27578728787079,-9.893362681070963,2.740595976511637,1.1531318667503276,34.262651063530306,,,0.0,-1,-1,0,80,prompt
56,5843,8,-19.37851481174937,-11.285915315151215,14.476471662521362,1.0670358433075213,31.704506505881817,,,0.0,-1,-1,0,80,prompt
56,6083,6,-7.340103619774507,-12.341299215952555,-4.06450096766154,1.0931928800974886,32.48170246259075,,,0.0,-1,-1,0,80,prompt
56,6129,6,7.717855968666949,-26.308399200439453,1.0501330693562825,1.192601948607653,35.43541341718688,,,0.0,-1,-1,0,80,prompt
56,6411,8,19.81253924922691,-17.406913802027702,-0.39364540576934814,2.0451424198174593,60.76668516923518,,,0.0,-1,-1,0,80,prompt
56,6451,9,4.274707262734438,-9.720929463704428,-15.217732747395834,2.5893427220839076,76.93634069854521,,,0.0,-1,-1,0,80,prompt
56,6457,6,-46.494206041528315,20.75666268666585,-2.4955959320068346,1.7265833324527287,51.30143737909875,,,0.0,-1,-1,0,80,prompt
57,183,7,-18.255888465430395,5.732529095241001,0.581331729888916,1.6212586855726874,48.17195867116037,,,0.0,-1,-1,0,80,prompt
57,439,6,-14.214620454516322,-30.66849931081136,-4.507900396982829,1.2916717331863017,38.37904333309857,,,0.0,-1,-1,0,80,prompt
57,461,8,6.834068352311268,-15.906974077224731,-6.534325361251831,1.3156568786601766,39.09170655382398,,,0.0,-1,-1,0,80,prompt
57,527,7,-19.687387102217965,0.6651006426130023,-22.813414301191056,1.3353880170021926,39.67797177430037,,,0.0,-1,-1,0,80,prompt
57,743,7,-10.574368491867784,-32.96995694296701,14.33878585270473,2.427750038499801,72.1349871918864,,,0.0,-1,-1,0,80,prompt
57,1137,9,-3.7169256135531463,-4.649541119734446,3.4317996237013073,2.3170341609458567,68.84532051177487,,,0.0,-1,-1,0,80,prompt
57,1159,6,-21.45309693134872,-19.754392623901367,-17.14018217722575,0.9237030252719145,27.44570274552247,,,0.0,-1,-1,0,80,prompt
57,1245,8,-17.617417086264762,9.06198787689209,7.702971279621124,2.1402297217949715,63.59198480943099,,,0.0,-1,-1,0,80,prompt
57,1463,9,0.8953637549881495,-5.357749938964844,-3.2849805090162487,1.8352142158661866,54.52915327217122,,,0.0,-1,-1,0,80,prompt
57,1539,7,-17.149027655592654,-15.11122955594744,6.587025914873395,1.0267440231043818,30.507328094513216,,,0.0,-1,-1,0,80,prompt
57,1625,9,-33.864588086226085,-11.974878523084852,-18.17891028192308,1.6856157216721022,50.08417941098897,,,0.0,-1,-1,0,80,prompt
57,1673,7,-27.02344054320563,-24.200929369245255,-17.82246698651995,0.9185275874633293,27.291926560118565,,,0.0,-1,-1,0,80,prompt
57,1679,9,-15.074452448875924,-16.048616144392227,-4.001308759053548,1.5903431979657092,47.25337633476038,,,0.0,-1,-1,0,80,prompt
57,1703,7,-8.561305022295432,-11.496728079659599,-14.888900893075126,1.1653878595061713,34.62680959156928,,,0.0,-1,-1,0,80,prompt
57,1711,6,-15.787479518768611,-4.669555107752482,-25.70964018503825,1.4462439218201548,42.971799041266486,,,0.0,-1,-1,0,80,prompt
57,1861,7,3.4815969116642846,-24.236560004098074,14.729281970432826,2.866623759160881,85.17510652736186,,,0.0,-1,-1,0,80,prompt
57,1867,6,5.2748851127115985,-37.984599113464355,-6.429300149281819,0.937040352326745,27.841990625665492,,,0.0,-1,-1,0,80,prompt
57,1895,6,-12.866489962165266,-1.6304187774658203,24.33178170522054,1.2284125634235998,36.499443156705766,,,0.0,-1,-1,0,80,prompt
57,1939,10,18.730793925185022,-5.808539390563965,-7.715160369873047,2.3700097667212745,70.4193683270325,,,0.0,-1,-1,0,80,prompt
57,2015,11,-1.2020397992930285,6.547707991166548,2.3719938451593574,2.885236503954576,85.72814126570286,,,0.0,-1,-1,0,80,prompt
57,2037,9,-13.104301788173899,-27.663232803344727,-15.970167213016087,1.5014162730096192,44.611118074645056,,,0.0,-1,-1,0,80,prompt
57,2041,7,-30.4102004517758,-22.245219230651855,2.056751114981515,1.1228462709801583,33.3627845087635,,,0.0,-1,-1,0,80,prompt
57,2181,13,12.346511602564304,1.8034446056072528,-7.108303913703332,3.288385153986465,97.706772609664,,,0.0,-1,-1,0,80,prompt
57,2287,6,2.0753882268005728,-10.392187118530273,5.622695366541545,1.294801901433423,38.47204905561278,,,0.0,-1,-1,0,80,prompt
57,2337,7,-1.7847572544068924,17.14612020765032,-6.720370156424386,1.7227173704154866,51.18656924291571,,,0.0,-1,-1,0,80,prompt
57,2415,6,-18.056230942495304,21.97601302464803,7.562570571899414,3.648474962429379,108.40600989029004,0.24813194572925568,534.1464233398438,534.1464233398438,5,5,1,80,prompt
57,2511,6,-6.040385187627081,-36.35879898071289,-8.564633846282959,0.96060226045025,28.542078325697283,,,0.0,-1,-1,0,80,prompt
57,2649,6,-7.997708449853977,-8.055099566777548,30.451625029246014,1.7688163557374854,52.55629415817765,,,0.0,-1,-1,0,80,prompt
57,2837,7,-33.64786824481819,16.861077444893972,3.5057190486363004,1.1185164647564412,33.23413431350526,,,0.0,-1,-1,0,80,prompt
57,2879,8,-2.654457224189022,-22.613399267196655,-7.14982545375824,2.249932977374279,66.85156376551315,,,0.0,-1,-1,0,80,prompt
57,2881,9,18.70896264826071,-13.588362256685892,15.64489311642117,2.5462777809897523,75.65676540249625,,,0.0,-1,-1,0,80,prompt
57,3315,11,-16.093948753420236,-15.904454664750533,-11.088836323131215,2.5151463276224586,74.73176614215141,,,0.0,-1,-1,0,80,prompt
57,3447,6,6.944448369891433,-22.71963055928548,24.09160629908244,0.8092336431681222,24.0445093438234,,,0.0,-1,-1,0,80,prompt
57,3449,6,0.439422990851714,-26.396155039469402,4.749751726786296,1.0260418048901176,30.486463301561475,,,0.0,-1,-1,0,80,prompt
57,3485,6,23.687657109554696,-22.211568196614582,1.1855478286743164,1.9260037931233283,57.22675594491079,,,0.0,-1,-1,0,80,prompt
57,3533,6,-44.44415494276837,-34.141798655192055,-36.448234717051186,0.4563681194046626,13.559925002980627,,,0.0,-1,-1,0,80,prompt
57,3627,8,-22.329567473827858,-39.050376176834106,5.244744896888733,2.250500692560471,66.86843211152701,,,0.0,-1,-1,0,80,prompt
57,3743,6,-16.392861048658634,-34.141798655192055,-14.114900747934977,0.4526748804566297,13.450188934609459,,,0.0,-1,-1,0,80,prompt
57,3769,9,0.6499131860251366,-28.784049563937717,8.116330358717176,2.0807685175440334,61.825232409457385,,,0.0,-1,-1,0,80,prompt
57,3937,7,-1.7304661570807451,-7.58530672958919,7.809074742453438,2.267135259735369,67.3626898691524,,,0.0,-1,-1,0,80,prompt
57,3979,8,-3.4945903429227165,-26.382298946380615,-8.695900559425354,1.3123033762557756,38.99206497246131,,,0.0,-1,-1,0,80,prompt
57,3999,9,0.2257006547024177,-16.43659125434028,-5.663078414069282,1.863300036772135,55.36365859569953,,,0.0,-1,-1,0,80,prompt
57,4013,7,-11.226974984513063,-10.883094651358467,31.239451680864608,2.8443120515128406,84.512165647989,,,0.0,-1,-1,0,80,prompt
57,4025,9,-5.648367411453641,-40.845145755343964,-23.609579430686104,2.2942651007872796,68.16879045848935,,,0.0,-1,-1,0,80,prompt
57,4049,6,-5.7601341481807635,-32.091073989868164,17.759300072987873,1.374072632794075,40.827395817310524,,,0.0,-1,-1,0,80,prompt
57,4123,7,-29.37706763118167,-33.0926832471575,-15.953852381025042,0.9540947985047725,28.348724118449997,,,0.0,-1,-1,0,80,prompt
57,4183,7,-6.699208631673911,-35.63827405657087,9.5972501209804,0.9503920244962475,28.238704737770902,,,0.0,-1,-1,0,80,prompt
57,4217,6,-6.8452033503066785,-9.001942952473959,-10.341382026672363,1.3187893053163828,39.18477937974991,,,0.0,-1,-1,0,80,prompt
57,4227,9,-29.344006783419104,-24.31001959906684,-18.0988523695204,0.8317691539382882,24.714100016252377,,,0.0,-1,-1,0,80,prompt
57,4325,6,-2.3046863793860495,-37.467299143473305,-11.372833887736002,0.90078617225812,26.76478136876907,,,0.0,-1,-1,0,80,prompt
57,4331,8,1.578791310424517,-2.442163586616516,7.283820033073425,2.465546632878837,73.25802572888236,,,0.0,-1,-1,0,80,prompt
57,4347,11,-28.877589316482712,15.25195260481401,-14.892091209238226,3.1855148787322514,94.65021988792087,,,0.0,-1,-1,0,80,prompt
57,4371,6,-24.268573366473404,-4.484805852174758,8.178335030873617,2.1622144601143267,64.24521055011049,0.6242946982383728,58.200592041015625,58.200592041015625,5,11,1,80,prompt
57,4509,9,-25.184972512027073,-26.194470087687176,-6.0366382069057885,1.5374425786668482,45.68155656952448,,,0.0,-1,-1,0,80,prompt
57,4529,7,-0.2986258989280667,-36.83387047903879,-6.577671868460519,1.2366962437673998,36.745573592716774,,,0.0,-1,-1,0,80,prompt
57,4987,8,8.670997570698212,6.346162140369415,-20.00732183456421,2.518472948520858,74.8306090016274,,,0.0,-1,-1,0,80,prompt
57,5201,27,36.671398103316385,-16.142017938472605,29.114148722754585,5.978736824222686,177.64436099256122,,,0.0,-1,-1,0,80,prompt
57,5351,13,-24.6735254943927,22.272323608398438,13.037420859703651,3.6610611263644666,108.7799786926193,,,0.0,-1,-1,0,80,prompt
57,5469,7,1.0526697590189993,-0.2454531533377511,5.8296107564653665,1.3631190231470007,40.50193459639962,,,0.0,-1,-1,0,80,prompt
57,5615,14,6.967442777101864,-12.668571318898882,-36.30877147402082,5.415420735795709,160.90672401211933,,,0.0,-1,-1,0,80,prompt
57,5651,7,-2.8718782843297563,-11.009779793875557,6.118612016950335,2.253087951249664,66.94530652999984,,,0.0,-1,-1,0,80,prompt
57,5659,9,-13.02686436282299,-26.037432458665634,-12.861189736260307,4.041314493847741,120.07832957639783,,,0.0,-1,-1,0,80,prompt
57,5769,7,-7.637746024031634,10.930601392473493,15.41291604723249,3.2062220082844637,95.26548443383457,,,0.0,-1,-1,0,80,prompt
57,6073,8,-14.536263795706986,3.4813835620880127,16.454451084136963,2.016453220123791,59.914251838113884,,,0.0,-1,-1,0,80,prompt
57,6083,6,-8.71877282096033,5.676443735758464,9.026713689168295,1.1396946382531206,33.86339484268005,,,0.0,-1,-1,0,80,prompt
57,6123,7,-42.31701090589599,-28.27862548828125,-12.534598895481654,1.5939945354357201,47.36186739745448,0.36524882912635803,103.63472747802734,103.63472747802734,5,0,1,80,prompt
57,6411,10,-14.567601786300486,-9.47767448425293,6.526417064666748,2.1625241576958567,64.25441249871423,,,0.0,-1,-1,0,80,prompt
58,127,6,-9.102319974936647,-20.93679388364156,29.68176507949829,1.7914448029225718,53.22864622160391,,,0.0,-1,-1,0,80,prompt
58,373,6,-32.54212839149813,-10.341380397478739,-8.207519690195719,0.7287449303862276,21.65297307627537,,,0.0,-1,-1,0,80,prompt
58,575,8,-16.052893653753564,21.224311590194702,35.00104212760925,1.9414534522591698,57.685806895877576,,,0.0,-1,-1,0,80,prompt
58,771,7,-19.44182459503072,-20.301384925842285,-31.181329454694474,1.2605464505627506,37.45422742215696,,,0.0,-1,-1,0,80,prompt
58,781,6,-9.45846247102515,9.214406967163086,-23.19851080576579,1.2379602039593551,36.78312925158275,,,0.0,-1,-1,0,80,prompt
58,1283,7,-0.5049730009152792,1.4885575430733817,-51.331014905657085,1.796201242116872,53.36997283057056,,,0.0,-1,-1,0,80,prompt
58,1405,9,-17.792155094573825,7.4885334968566895,12.287483003404406,2.7268418973980717,81.02181123418205,,,0.0,-1,-1,0,80,prompt
58,1619,12,7.034079524752897,31.777000586191814,15.120316505432129,3.2397975311474334,96.26310357636285,,,0.0,-1,-1,0,80,prompt
58,1623,12,-26.11563262877304,-29.19049898783366,-20.555850982666016,2.812395711841764,83.5638453032769,,,0.0,-1,-1,0,80,prompt
58,1695,10,-9.043325971647679,23.32006950378418,0.646583366394043,2.674505869836604,79.46676700889043,,,0.0,-1,-1,0,80,prompt
58,2029,6,-29.531545049308704,11.625394344329834,10.256772994995117,0.9508742061531184,28.253031652441255,,,0.0,-1,-1,0,80,prompt
58,2159,6,7.576835999409986,27.786400477091473,38.07403246561686,2.8299926175702455,84.08669672916966,0.6072306632995605,58.665672302246094,58.665672302246094,1,15,1,80,prompt
58,2381,11,-34.568409502051026,10.437535892833363,-3.456103584983133,4.1053153472863135,121.97996717081594,,,0.0,-1,-1,0,80,prompt
58,2703,9,-25.49388569741643,8.187504662407768,9.85703976949056,1.6040448156268237,47.66048826919304,,,0.0,-1,-1,0,80,prompt
58,2901,10,-28.761277757203022,-21.172349834442137,-6.124463081359863,1.755979029733778,52.17486265486371,,,0.0,-1,-1,0,80,prompt
58,3163,12,-29.54844139293942,51.72769053777059,20.27326758702596,3.509509483968287,104.27697154205069,0.21888138353824615,231.26248168945312,231.26248168945312,7,14,1,80,prompt
58,3455,6,-32.27518112273644,-23.296974500020344,-5.017434120178223,1.6335490444162672,48.53713830815179,,,0.0,-1,-1,0,80,prompt
58,3517,8,-37.29088674290843,-13.3297119140625,-35.649925887584686,0.9645609125628922,28.6597005334675,,,0.0,-1,-1,0,80,prompt
58,3645,12,-34.44371051914023,6.378493944803874,32.8086576461792,3.618406767385845,107.51260289617925,,,0.0,-1,-1,0,80,prompt
58,3661,9,19.20799182662398,34.87772115071615,-10.104354964362251,2.892793191920892,85.95267080170073,,,0.0,-1,-1,0,80,prompt
58,3773,10,-19.81694956922197,-8.233382880687714,-28.737104415893555,1.1979820358394384,35.59527028770552,,,0.0,-1,-1,0,80,prompt
58,3795,12,-14.638315568951507,-11.124259233474731,-17.368074258168537,4.658415723602064,138.41406785196293,,,0.0,-1,-1,0,80,prompt
58,3831,6,-1.6869181228096946,3.7827571233113595,-7.39314881960551,1.0891011656209681,32.36012661389296,,,0.0,-1,-1,0,80,prompt
58,4055,6,-24.92045813001974,-38.92220560709635,-22.19162368774414,0.722248009969032,21.459932086202645,,,0.0,-1,-1,0,80,prompt
58,4177,6,-27.53419054754824,-36.04934310913086,-32.29597854614258,1.1870159829706959,35.26943934519173,,,0.0,-1,-1,0,80,prompt
58,4277,8,28.09440152740001,-1.2193496823310852,29.44814956188202,2.1799377717532664,64.77181783578587,,,0.0,-1,-1,0,80,prompt
58,4529,7,-36.867013306885774,-13.67413820539202,-16.907954352242605,1.7346981530645007,51.542550538036785,,,0.0,-1,-1,0,80,prompt
58,4723,6,-8.883739577449607,9.048131942749023,17.442076683044434,1.187357197848902,35.279577757498906,,,0.0,-1,-1,0,80,prompt
58,4799,9,-21.913753054195876,-20.371765931447346,-1.086456298828125,1.1799738392868309,35.06019830456428,0.295181542634964,272.6360168457031,272.6360168457031,1,11,1,80,prompt
58,4817,15,-8.081111654159818,5.516634917259216,26.063729810714722,3.693906211920507,109.75589457700967,,,0.0,-1,-1,0,80,prompt
58,5095,6,-25.529372269116,-1.477999210357666,-31.42303466796875,1.388191412660183,41.24690276351826,,,0.0,-1,-1,0,80,prompt
58,5119,6,-0.594220027603324,10.272100448608398,31.496933301289875,1.4602830954121153,43.38894067083331,,,0.0,-1,-1,0,80,prompt
58,5307,6,-1.5272728745942696,-33.92933718363444,-14.558300415674845,1.536275529575201,45.646880400255306,,,0.0,-1,-1,0,80,prompt
58,5607,12,-30.75433825989035,-14.38971479733785,-10.454541683197021,1.9459656228839581,57.819875628269735,,,0.0,-1,-1,0,80,prompt
58,6553,7,-1.2389354597262283,8.119762965611049,-12.669202191489083,1.8469150665810394,54.876817036177016,,,0.0,-1,-1,0,80,prompt
58,6585,8,-34.47786091780694,14.032917380332947,26.451735734939575,1.5152028668745678,45.02075488078113,,,0.0,-1,-1,0,80,prompt
59,161,6,-23.077073998870535,-22.026817957560223,-14.044148921966553,0.8448467358810926,25.102670170092406,,,0.0,-1,-1,0,80,prompt
59,411,7,-20.520911965051507,-30.626271111624582,-17.435929366520472,1.3101647269890198,38.928519947224395,,,0.0,-1,-1,0,80,prompt
59,691,8,-33.92141919556643,-40.95214605331421,37.173009634017944,2.1495561234462586,63.86909730165352,,,0.0,-1,-1,0,80,prompt
59,1215,8,-2.303237678115079,-0.4156872034072876,6.593368411064148,1.8581065681041165,55.209346664937314,0.5570778250694275,60.19620132446289,60.19620132446289,2,15,1,80,prompt
59,1231,8,-25.743326328733353,-11.822844743728638,-19.054705500602722,1.5695804531855009,46.636459310751505,,,0.0,-1,-1,0,80,prompt
59,1307,15,-9.559745499242116,3.2368208249409993,-7.331845664978028,3.0412253141934285,90.36298861415983,,,0.0,-1,-1,0,80,prompt
59,1373,13,-14.89717230932726,-4.257065773010254,18.376727397625263,3.8702574641675516,114.99576487682627,,,0.0,-1,-1,0,80,prompt
59,1669,9,-17.558008730524527,-29.153550148010254,8.080360995398628,2.648465467972002,78.69303658970138,,,0.0,-1,-1,0,80,prompt
59,1673,6,-22.234885350794297,-21.195443232854206,6.674093882242841,1.2558069733520416,37.313404799370815,,,0.0,-1,-1,0,80,prompt
59,1707,6,-30.074338893241162,2.0692002375920615,-18.19493357340495,1.5198718799636017,45.15948382487964,,,0.0,-1,-1,0,80,prompt
59,1725,6,5.34013355280609,-19.435699462890625,-17.152567863464355,1.4888469914629185,44.237650893508594,,,0.0,-1,-1,0,80,prompt
59,1735,7,-31.368819245413505,-19.99654688153948,-22.397727693830216,1.065199726563687,31.649950536074833,,,0.0,-1,-1,0,80,prompt
59,1843,8,-18.528702783696684,-4.0564165115356445,-19.68516492843628,1.611684608446199,47.88748707402669,,,0.0,-1,-1,0,80,prompt
59,2071,7,-27.27877014536771,-21.631584780556814,-28.147529465811594,1.190984953997922,35.387368155684435,,,0.0,-1,-1,0,80,prompt
59,2357,8,-39.40323790616371,-23.167649269104004,-30.778351306915283,1.215756111828971,36.123385918853785,,,0.0,-1,-1,0,80,prompt
59,2979,12,-13.108359345755835,6.798800786336263,-22.780616998672485,4.397088177712331,130.64932318027027,,,0.0,-1,-1,0,80,prompt
59,2993,10,-28.556904726129893,-14.64882698059082,-11.63748550415039,2.07763804239171,61.7322175679637,0.2991168200969696,121.91091918945312,121.91091918945312,7,5,1,80,prompt
59,3041,44,-7.953761004160353,-9.936190880496394,-26.501077348535713,8.833095756366902,262.45504650222034,,,0.0,-1,-1,0,80,prompt
59,3387,8,-32.59201753156546,-6.540149211883545,-25.130825877189636,1.8737611817714654,55.67448736660773,0.23202985525131226,220.9696807861328,220.9696807861328,6,12,1,80,prompt
59,3609,6,-15.46997792140536,-9.103555281956991,28.09291426340739,2.4774740025984543,73.61241998212647,,,0.0,-1,-1,0,80,prompt
59,3997,6,-34.24993398914393,-14.498255093892416,-22.496461232503254,0.5510242612835199,16.372413716309637,,,0.0,-1,-1,0,80,prompt
59,4155,9,-11.051422319799766,-14.022524992624916,-0.5322055816650378,2.941991381152116,87.41448140566695,,,0.0,-1,-1,0,80,prompt
59,4569,8,-29.091496545747717,-27.757532835006714,25.95401406288147,2.18214644290487,64.83744339966412,,,0.0,-1,-1,0,80,prompt
59,4849,10,-3.688044368731976,-11.99119883775711,-8.165108966827393,2.4387860525124947,72.46289686826604,,,0.0,-1,-1,0,80,prompt
59,5227,7,-8.94455641299507,2.2486719403948103,4.824042728969029,3.0817346889402497,91.56663115650286,,,0.0,-1,-1,0,80,prompt
59,5257,7,-18.6181055605397,-16.03761945452009,-12.114951951163155,2.603752249403535,77.36448653405502,,,0.0,-1,-1,0,80,prompt
59,5929,11,-9.335432282557408,-5.545018781315196,-19.44209272211248,2.269924430402864,67.44556363588501,,,0.0,-1,-1,0,80,prompt
59,6037,9,-20.631535265704787,-13.129565556844076,-35.0026339424981,1.5639158418321664,46.468148462871845,,,0.0,-1,-1,0,80,prompt
59,6361,6,-24.076999068614885,1.5334253311157227,0.055425008138020836,1.223317758363411,36.34806278725514,,,0.0,-1,-1,0,80,prompt
59,6497,10,-28.662252860179017,8.82088885307312,19.752711296081543,3.577950788565354,106.31054689050633,,,0.0,-1,-1,0,80,prompt
59,6571,8,-39.89379207181863,12.252389192581177,-9.542389869689941,2.019989799855143,60.019333139557006,,,0.0,-1,-1,0,80,prompt
59,6651,6,-32.3004730618481,30.645405451456707,16.535331567128498,2.296347164372522,68.23065417084541,,,0.0,-1,-1,0,80,prompt
59,6759,8,-40.648081977939796,-6.166030645370483,-29.497750759124756,2.0461722196632,60.79728329404405,,,0.0,-1,-1,0,80,prompt
60,159,6,-15.421685788681442,-33.03329849243164,-11.306700706481934,0.296167469910059,8.799932575355728,,,0.0,-1,-1,0,80,prompt
60,547,11,-7.655561582694065,-5.429130034013228,5.5874459526755595,3.165488898532683,94.05519412237973,,,0.0,-1,-1,0,80,prompt
60,781,7,-30.711142981999426,-13.753316879272461,-11.190000670296806,1.3365375060224152,39.71212618658996,,,0.0,-1,-1,0,80,prompt
60,949,6,5.556053196156206,-15.962399244308472,1.337965965270996,1.0384532631949102,30.855241129447773,,,0.0,-1,-1,0,80,prompt
60,953,6,10.754648293966335,24.419330994288128,-2.635835329691569,2.6355285584688155,78.30864619261932,,,0.0,-1,-1,0,80,prompt
60,1107,6,-14.870436385528182,16.52126916249593,14.957189242045084,1.097061383230451,32.596646101566215,,,0.0,-1,-1,0,80,prompt
60,1181,7,-39.51409647651368,25.88743441445487,13.57597269330706,1.8583461143678512,55.21646422909852,,,0.0,-1,-1,0,80,prompt
60,1525,6,5.8979748775618,-10.974150021870932,23.552682876586914,1.5401197973690495,45.761103942083686,,,0.0,-1,-1,0,80,prompt
60,1725,6,-0.1734675046390469,4.212300141652425,-20.19023370742798,1.5496245127316062,46.04351461454494,,,0.0,-1,-1,0,80,prompt
60,1897,8,-44.70640852251509,19.769404530525208,-7.110617160797119,1.8596599900685549,55.25550301206176,,,0.0,-1,-1,0,80,prompt
60,1965,9,-23.55566408635749,-26.10825326707628,-27.77163298924764,0.8797666477802416,26.140234728898264,,,0.0,-1,-1,0,80,prompt
60,2087,6,30.353319519358866,-11.131187121073404,9.768862644831339,1.876017761519414,55.74153642381475,,,0.0,-1,-1,0,80,prompt
60,2197,7,-16.587988640435572,-29.260440008980886,-7.402567454746792,0.9555773211955045,28.392773857348867,,,0.0,-1,-1,0,80,prompt
60,2209,11,-23.164023561211785,-13.843653072010387,6.164482853629372,2.6538348450600298,78.8525752330259,,,0.0,-1,-1,0,80,prompt
60,2225,8,-10.634335205053514,2.604975461959839,-12.642725706100464,1.6689135689281929,49.58791350422235,,,0.0,-1,-1,0,80,prompt
60,2309,14,-34.05041499908499,-0.825435774666923,-33.11193690981184,4.064948480222689,120.78055891525662,0.4346185028553009,262.4009094238281,386.0447692871094,7,4,3,80,prompt
60,2419,16,-4.335648244696338,-3.713475111871958,6.692568898200989,4.547234562688482,135.11057635106846,0.4129970371723175,83.53903198242188,83.53903198242188,4,9,1,80,prompt
60,2823,6,-11.80917878725748,27.934200286865234,-7.0666877428690595,1.874395600335359,55.69333764948489,,,0.0,-1,-1,0,80,prompt
60,2975,11,-24.922048169330356,-2.443737940354781,20.039169658314098,3.182150197053967,94.5502461402455,,,0.0,-1,-1,0,80,prompt
60,3205,11,-42.22678541115578,5.786874380978671,-29.35309006951072,2.7353726270633807,81.27528217039294,,,0.0,-1,-1,0,80,prompt
60,3215,8,-22.463005342210547,-5.473218500614166,15.490184664726257,2.393814698038751,71.12667690017992,,,0.0,-1,-1,0,80,prompt
60,3279,7,3.9069501299618605,-12.351856504167829,-10.614518369947161,1.4239712072386066,42.31001675083707,,,0.0,-1,-1,0,80,prompt
60,3499,10,-8.431483893278298,50.630737686157225,43.470957374572755,3.119911103451775,92.70095517180499,0.2432337999343872,170.07479858398438,294.7134094238281,4,15,3,80,prompt
60,3517,8,-44.629235355312055,-0.3360135555267334,-7.674002289772034,1.7227023262112826,51.18612223912193,0.33871832489967346,93.08244323730469,93.08244323730469,5,4,1,80,prompt
60,3529,6,-35.572328795195084,-25.749529997507732,-23.725049018859863,0.3044917508727087,9.047269365016932,,,0.0,-1,-1,0,80,prompt
60,3681,7,-15.444193071800877,-26.12892804827009,-26.874014445713588,1.5682726799711633,46.597601849081165,,,0.0,-1,-1,0,80,prompt
60,3713,10,-28.49092706131998,-16.364230251312257,-30.694489860534667,1.2862344173976274,38.217486048141595,,,0.0,-1,-1,0,80,prompt
60,4175,7,-19.79144673743179,1.4252146312168665,-19.15284320286342,1.8829000748614997,55.946028474853364,,,0.0,-1,-1,0,80,prompt
60,4189,10,-4.5346153408275125,7.382610321044922,19.279709815979004,3.820274822741288,113.51064608703186,,,0.0,-1,-1,0,80,prompt
60,4197,6,-11.946267589048917,6.831132253011067,25.65421454111735,1.895870345275287,56.331410114370094,,,0.0,-1,-1,0,80,prompt
60,4465,10,-10.464195794122379,-8.424599266052246,-15.794360446929932,2.4945204954863147,74.11891716125623,,,0.0,-1,-1,0,80,prompt
60,4519,6,-48.362927300718155,-33.03329849243164,-44.80670166015625,0.2041919526541317,6.067092433656773,,,0.0,-1,-1,0,80,prompt
60,5051,8,-19.869423950011814,-15.74762773513794,-21.95412516593933,1.9883119806139713,59.07809987872227,,,0.0,-1,-1,0,80,prompt
60,5113,8,-8.046684455749809,-23.45516699552536,17.001773595809937,2.0245593953995367,60.1551081208523,0.3167799115180969,149.23985290527344,370.6174011230469,5,2,3,80,prompt
60,5403,8,-12.710676241850544,-16.194490909576416,-7.187930583953857,1.5556469612014503,46.22245776616547,,,0.0,-1,-1,0,80,prompt
60,5485,7,-14.519545147826845,-22.744044167654856,24.68598665509905,1.858370648609108,55.21719320743268,,,0.0,-1,-1,0,80,prompt
60,5863,12,-1.7212486837202061,-3.327809969584147,41.23409620920817,4.420725387376791,131.35164829173493,,,0.0,-1,-1,0,80,prompt
60,5935,6,-30.08585376485817,-18.267155329386394,-19.272573788960774,0.7473372373099053,22.20540055049585,,,0.0,-1,-1,0,80,prompt
60,5943,9,-10.081980920087286,17.554329501258003,10.436903847588432,3.013787650694288,89.54774179150557,,,0.0,-1,-1,0,80,prompt
60,6341,8,-12.602261808003139,-16.19795534014702,-3.9224222898483276,0.9724700528211445,28.894702375576593,,,0.0,-1,-1,0,80,prompt
60,6669,8,-10.757705299812953,8.137083053588867,10.574678897857666,2.7181317455474394,80.7630091819852,,,0.0,-1,-1,0,80,prompt
61,155,6,-16.012771765337813,-18.950730482737224,-26.56096084912618,1.6517056013855134,49.07661847853814,,,0.0,-1,-1,0,80,prompt
61,467,6,-8.455831458214902,-25.34769932428996,-13.228100617726644,0.972438945636031,28.893778097391376,,,0.0,-1,-1,0,80,prompt
61,525,9,-7.382517920361945,-27.087428622775608,-25.36988279554579,2.7595199428539354,81.99276390765878,,,0.0,-1,-1,0,80,prompt
61,593,8,-13.591763428244331,-21.837448596954346,-13.246575713157654,1.4941491933728672,44.39519358151089,,,0.0,-1,-1,0,80,prompt
61,851,7,-30.83702295051641,-0.14252093860081264,-11.333781787327357,3.428914411660819,101.88227504676368,,,0.0,-1,-1,0,80,prompt
61,869,6,-54.19530036885515,24.816543062527973,11.41922656695048,2.437474108151012,72.42391547058867,,,0.0,-1,-1,0,80,prompt
61,1045,6,-26.84371007420562,18.456525166829426,7.102165857950847,1.0702078190403368,31.79875444130807,,,0.0,-1,-1,0,80,prompt
61,1053,10,-29.263326084596635,17.203920745849608,9.071306419372558,1.5534429229976916,46.15696985963585,,,0.0,-1,-1,0,80,prompt
61,1199,7,-45.60297795638302,-21.920586449759348,-31.699949537004745,0.9710765809071924,28.853298574908834,,,0.0,-1,-1,0,80,prompt
61,1207,7,-31.74968719472746,-17.19758479297161,-23.130129473549978,1.6624540408587787,49.395983541432294,,,0.0,-1,-1,0,80,prompt
61,1287,8,-3.658824559732463,17.16096568107605,6.324275165796278,1.4377623275742377,42.71978805059874,,,0.0,-1,-1,0,80,prompt
61,1307,9,6.698113020585726,6.167570855882433,-5.731937408447266,3.3903779354707657,100.7372526299964,0.48310959339141846,460.19921875,460.19921875,7,15,1,80,prompt
61,1735,6,-29.256142221326204,45.457738161087036,42.42342440287272,2.146003765674939,63.76354719218116,,,0.0,-1,-1,0,80,prompt
61,1743,10,-14.00960566554365,-23.996253204345702,11.275333213806153,2.049753959460667,60.903706422585955,,,0.0,-1,-1,0,80,prompt
61,1927,10,-17.169986510679717,3.768900489807129,-10.263827896118164,1.4508821760783839,43.1096140577238,,,0.0,-1,-1,0,80,prompt
61,2029,9,15.733392580960814,-11.402153544955784,-27.55609016948276,3.024863401977365,89.87683216912902,,,0.0,-1,-1,0,80,prompt
61,2151,7,-3.7161231364484744,-15.360642296927315,-22.81341470990862,1.1368373166659382,33.778496128716135,,,0.0,-1,-1,0,80,prompt
61,2261,6,-30.612683083969085,-2.868243137995401,-24.297773361206055,1.0574876557142403,31.420804156453507,,,0.0,-1,-1,0,80,prompt
61,2347,11,19.402176336574236,-6.416703224182129,-4.135517467151988,3.1744352269618856,94.32101361632307,,,0.0,-1,-1,0,80,prompt
61,2527,6,-39.9333048256132,-33.573692321777344,-24.24234898885091,0.23852320266023277,7.0871662634163926,,,0.0,-1,-1,0,80,prompt
61,2707,6,-9.916112182576045,7.135968764623006,6.395497004191079,1.8281940781066564,54.320566086777966,,,0.0,-1,-1,0,80,prompt
61,2927,6,-40.65170844258263,-25.42159875233968,-32.60543441772461,1.8005609034377068,53.49951010111003,,,0.0,-1,-1,0,80,prompt
61,2929,12,-1.7654103698489487,7.962724924087525,31.666356563568115,2.480373789786661,73.69858046338003,,,0.0,-1,-1,0,80,prompt
61,2991,6,-7.23725125243277,29.50457461675008,21.734366337458294,2.0359813754019327,60.494485885495614,,,0.0,-1,-1,0,80,prompt
61,3153,6,-23.46780629873905,-28.52539873123169,-10.124300638834635,0.8862439344100641,26.332692346309784,,,0.0,-1,-1,0,80,prompt
61,3199,11,-22.580092539189053,17.244733116843484,7.990875590931285,2.201462495118653,65.41137529419314,,,0.0,-1,-1,0,80,prompt
61,3231,7,-25.43189097522261,-13.788947446005684,-12.999231338500977,1.1382451388801156,33.82032631542303,,,0.0,-1,-1,0,80,prompt
61,3451,21,17.02098274677777,-4.883998053414481,-8.338251795087542,6.603731207081642,196.21462608887683,,,0.0,-1,-1,0,80,prompt
61,3515,7,-25.872803035361702,-23.872338431222097,-8.81590461730957,0.6514218004420589,19.355494794035966,,,0.0,-1,-1,0,80,prompt
61,3555,9,-29.79331872552597,14.63527954949273,-10.585685518052843,2.0887660719735583,62.06286127453475,,,0.0,-1,-1,0,80,prompt
61,3639,7,-21.145809079494757,-8.578998225075859,20.781223228999547,1.5143479114686444,44.99535185481969,,,0.0,-1,-1,0,80,prompt
61,3761,6,-38.46544039710057,-7.329955259958903,-16.69384042421977,0.9482383339344579,28.174712795179484,,,0.0,-1,-1,0,80,prompt
61,3847,9,-12.30838079420042,21.96369539366828,-4.286690341101752,2.5786377365128503,76.61826676802858,,,0.0,-1,-1,0,80,prompt
61,4137,6,-34.63435299818957,-14.826186656951904,23.110753377278645,1.1063275624890654,32.87196922443223,0.2955792546272278,170.73590087890625,170.73590087890625,5,9,1,80,prompt
61,4141,6,-28.236629639696122,-21.509517828623455,-31.843340555826824,0.6972633792236748,20.717571468252025,,,0.0,-1,-1,0,80,prompt
61,4165,6,-24.02517432668473,-13.777730305989584,-12.318207105000814,1.5959969260156393,47.42136381040681,,,0.0,-1,-1,0,80,prompt
61,4215,7,-14.484143731087837,-8.353337969098773,14.040427889142718,1.0987602990681427,32.64712546321735,,,0.0,-1,-1,0,80,prompt
61,4281,7,-20.983541563511146,-19.88173852648054,32.44818523951939,1.5199756203598995,45.16256623123926,,,0.0,-1,-1,0,80,prompt
61,4299,6,-24.787420423173547,-8.332224527994791,-22.999905268351238,1.133057861327434,33.66619833935896,,,0.0,-1,-1,0,80,prompt
61,4321,9,0.5331555352071725,-28.9934327867296,-0.29301198323567706,1.7144267158906987,50.940231585218676,,,0.0,-1,-1,0,80,prompt
61,4741,9,-30.568139440257116,22.970583809746635,23.03181330362956,2.4219542408109005,71.96277844492909,,,0.0,-1,-1,0,80,prompt
61,5049,10,-28.355706870248007,44.2818035364151,15.07660551071167,3.230111458493693,95.97530429071277,,,0.0,-1,-1,0,80,prompt
61,5695,6,1.6483971515641567,19.625068426132202,-3.2299769719441733,2.093420907824419,62.201168974733406,,,0.0,-1,-1,0,80,prompt
61,6667,10,-10.041898134348653,1.5408156394958497,-16.525088357925416,2.1068373659773836,62.59980805275918,,,0.0,-1,-1,0,80,prompt
62,29,21,-27.02286536757139,35.22654631024315,-2.444970062800816,7.243136984415034,215.21309249889646,0.31343093514442444,744.3253173828125,744.3253173828125,4,7,1,80,prompt
62,455,11,-29.775239066572677,4.534773046320135,-30.891590811989524,2.3251042205372228,69.08510370033605,,,0.0,-1,-1,0,80,prompt
62,459,10,-9.410704334368294,14.241454315185546,26.02127799987793,1.9549018926069206,58.08539625098075,,,0.0,-1,-1,0,80,prompt
62,523,6,11.193792654038475,8.4707883199056,2.5665539105733237,1.098486291065073,32.638983948037264,,,0.0,-1,-1,0,80,prompt
62,595,8,-14.722505288059407,-10.125454664230347,13.027235507965088,1.755341563061536,52.155921804484464,,,0.0,-1,-1,0,80,prompt
62,969,8,-31.979079972844286,-3.8762853145599365,15.34705400466919,1.044958740345262,31.04853636309042,,,0.0,-1,-1,0,80,prompt
62,1159,6,-3.3206211628809186,0.41106923421223956,-15.594577630360922,0.9260660705947029,27.515915181477588,,,0.0,-1,-1,0,80,prompt
62,1181,15,-18.67259703841463,-17.141104825337727,-5.402467187245687,4.143812372889761,123.123817404486,,,0.0,-1,-1,0,80,prompt
62,1297,9,-24.8662134266086,10.650837792290583,12.513242827521431,2.7453725358477032,81.57240637207674,,,0.0,-1,-1,0,80,prompt
62,1315,6,-11.765336307738094,1.930638313293457,4.497191429138184,1.1642151496169268,34.59196522476918,,,0.0,-1,-1,0,80,prompt
62,1409,8,-1.682915694372066,-21.875553607940674,17.39777970314026,1.7911175984713097,53.21892409678603,,,0.0,-1,-1,0,80,prompt
62,1583,11,21.35691222008663,2.1943266608498315,12.241880070079457,3.151135527636102,93.62871684532651,,,0.0,-1,-1,0,80,prompt
62,1655,7,7.8470570151521315,-19.22455699103219,-2.3470142909458716,2.006860069812543,59.629213525331345,,,0.0,-1,-1,0,80,prompt
62,1671,7,-9.227189710379156,1.3381175994873047,31.98103196280343,1.5772155656879465,46.86331905077354,,,0.0,-1,-1,0,80,prompt
62,1977,6,-1.3571045373108592,51.984031677246094,45.5503184000651,2.7269040198434626,81.02365705921821,,,0.0,-1,-1,0,80,prompt
62,2021,10,-10.650669643091028,-16.23952474594116,5.020622587203979,2.3794074922986823,70.69860004504665,0.25939232110977173,161.997802734375,161.997802734375,5,5,1,80,prompt
62,2025,9,-35.07071667664508,-12.372091081407335,-8.981439934836494,1.0039181427489332,29.82910976026441,,,0.0,-1,-1,0,80,prompt
62,2113,8,-1.2066632983271894,16.946194648742676,21.02465295791626,2.2669881750574454,67.35831958753778,,,0.0,-1,-1,0,80,prompt
62,2191,6,-32.0441688096341,-22.39169939359029,-33.426100730895996,1.0286795082980822,30.56483656838556,,,0.0,-1,-1,0,80,prompt
62,2569,11,-4.189873790969876,6.9130096435546875,-18.02451905337247,2.210953050696685,65.69336524134943,,,0.0,-1,-1,0,80,prompt
62,2869,7,-9.027342926236072,2.0863562992640894,6.492011955806187,1.5064938632945113,44.761986946793314,,,0.0,-1,-1,0,80,prompt
62,2895,9,-21.43357488447069,-0.36334122551812065,7.988966200086805,1.3412698085837067,39.85273563123353,,,0.0,-1,-1,0,80,prompt
62,3055,12,-22.67257940631826,2.7042787869771323,-1.4941665331522624,1.9161822896176082,56.93493264417759,,,0.0,-1,-1,0,80,prompt
62,3103,7,-28.022363667753606,-9.703333173479352,7.710100923265729,1.3367696356348322,39.719023382080856,,,0.0,-1,-1,0,80,prompt
62,3395,7,-45.85612970712464,-14.228388922555107,-19.725450788225448,0.8160278465378157,24.24638341046115,,,0.0,-1,-1,0,80,prompt
62,3677,8,-8.144822142889282,-14.52134907245636,-32.55777597427368,1.145070021805351,34.02311195422059,,,0.0,-1,-1,0,80,prompt
62,3699,9,-42.889174804353,-14.69070307413737,-36.01666132609049,0.8804523477213431,26.160608719500438,,,0.0,-1,-1,0,80,prompt
62,3723,8,-22.314200786395247,13.523700296878815,22.694330632686615,1.5145119866021157,45.00022696859325,,,0.0,-1,-1,0,80,prompt
62,3885,7,3.058549668017011,37.58606801714216,39.858038493565154,2.0358544430627314,60.49071438409831,,,0.0,-1,-1,0,80,prompt
62,3923,6,-25.553717614607606,-1.1593058904012044,0.4373099009195964,0.42094661644487447,12.50745682388399,,,0.0,-1,-1,0,80,prompt
62,3955,13,-19.905870379958436,15.906975819514347,-1.3923603204580455,2.2657865387662226,67.32261573948833,,,0.0,-1,-1,0,80,prompt
62,3975,6,-5.688692344743111,-22.69191825389862,-27.09526530901591,0.89232196261297,26.51328692137546,,,0.0,-1,-1,0,80,prompt
62,3997,10,-28.65133455753257,-11.24296064376831,-20.009432220458983,1.4528043754450024,43.166727773918794,,,0.0,-1,-1,0,80,prompt
62,4127,8,-28.35912396955944,-16.935800552368164,-14.753443121910095,0.9845747854218208,29.25436655733501,,,0.0,-1,-1,0,80,prompt
62,4209,7,-37.99290532566095,-6.120503289358957,-9.843964849199567,1.2036542209233114,35.76380617150187,,,0.0,-1,-1,0,80,prompt
62,4351,9,-0.25199266486496835,9.283687776989407,10.153620507982042,3.0317620423079283,90.08180933893442,,,0.0,-1,-1,0,80,prompt
62,4357,8,-27.850553659567225,17.604366302490234,-3.6372666358947754,1.526524622329698,45.35715470440143,,,0.0,-1,-1,0,80,prompt
62,4455,10,-30.73820904315162,2.862701416015625,-16.3134672164917,1.6752813195778107,49.777116512879346,,,0.0,-1,-1,0,80,prompt
62,4519,6,-26.16481921103076,-44.28919378916422,-24.046890258789062,1.2832366095657837,38.128413109772936,,,0.0,-1,-1,0,80,prompt
62,4709,6,-25.393200511322856,-30.516080856323242,-24.861260732014973,0.731907096684037,21.746929546988493,,,0.0,-1,-1,0,80,prompt
62,4947,6,-27.69117504162674,-19.153954823811848,-17.12947368621826,0.2835954491707131,8.426384005434072,,,0.0,-1,-1,0,80,prompt
62,5229,10,-7.2659335161953065,-22.347359585762025,-24.662360382080077,3.483604459792494,103.5072635583239,,,0.0,-1,-1,0,80,prompt
62,5349,6,-38.2813750648428,25.749531586964924,1.0669307708740234,1.7208551963759153,51.13123904072712,,,0.0,-1,-1,0,80,prompt
62,5431,9,-15.440709625899197,13.36050542195638,-8.774154980977377,1.8874865256693367,56.08230427138635,,,0.0,-1,-1,0,80,prompt
62,5517,10,-8.761543243660919,11.630936622619629,-20.1978759765625,2.702581209657202,80.30096091116636,,,0.0,-1,-1,0,80,prompt
62,5541,9,-15.008740561845327,-1.9214002821180551,-10.083780924479166,2.174911167530367,64.62246389675285,,,0.0,-1,-1,0,80,prompt
62,5689,11,-1.9351740160598359,26.984417655251242,0.5689648714932528,2.816574288421016,83.68800205880967,,,0.0,-1,-1,0,80,prompt
62,5809,10,-9.740691728263084,1.671064567565918,-6.587261581420899,1.9656621895263746,58.40511363051186,0.3054322302341461,476.07891845703125,476.07891845703125,5,7,1,80,prompt
62,5823,7,-2.155755313763405,-14.905365807669503,-2.0671915326799666,0.9024958656206489,26.815580959687544,,,0.0,-1,-1,0,80,prompt
62,5913,8,-25.450277103831972,18.103190898895264,-16.521372079849243,2.5717175788114526,76.41265025922826,,,0.0,-1,-1,0,80,prompt
62,6167,13,-21.398362681663386,-40.59668012765738,-5.485961950742281,2.8537362117422416,84.79218281065468,,,0.0,-1,-1,0,80,prompt
62,6319,10,-10.021906500077813,-30.32855930328369,-6.571640300750732,2.155143446890162,64.03511171774718,,,0.0,-1,-1,0,80,prompt
62,6579,9,-7.5616753655814835,-9.930312368604872,7.462429046630859,2.106044128101733,62.57623882071603,,,0.0,-1,-1,0,80,prompt
63,21,6,-6.526311412135109,-35.84150040149689,10.00274133682251,0.8952071057402429,26.599012288168655,,,0.0,-1,-1,0,80,prompt
63,167,6,3.4787561428083134,47.96109962463379,-4.161699930826823,1.9987888157413276,59.38939484555928,0.5737524032592773,80.02291870117188,80.02291870117188,3,14,1,80,prompt
63,175,16,-33.456308815531955,32.96921491622925,1.128809630870819,4.394874461437675,130.5835477122087,0.24274073541164398,225.2445526123047,400.5800476074219,4,7,2,80,prompt
63,227,9,-50.48177451175514,-27.41382047865126,-10.235640578799778,2.341380001870911,69.56870096505652,,,0.0,-1,-1,0,80,prompt
63,427,8,-23.727151178711576,-15.252266444265842,9.182126522064209,2.2058600322200843,65.54203795610522,,,0.0,-1,-1,0,80,prompt
63,441,10,-20.966039421799213,11.148739242553711,-4.553164863586426,1.5005352007306532,44.584939046099926,,,0.0,-1,-1,0,80,prompt
63,495,8,1.0413863259112084,23.905495643615723,-0.9467920064926147,3.521937293383752,104.6462352054391,,,0.0,-1,-1,0,80,prompt
63,583,8,-34.547671822204464,30.248193740844727,9.898084282875061,1.656993786344138,49.23374468519427,0.38357460498809814,175.72801208496094,175.72801208496094,4,6,1,80,prompt
63,601,8,-34.057805439548254,-4.645306825637818,-32.7494021654129,2.292553933107196,68.11794706162866,,,0.0,-1,-1,0,80,prompt
63,785,7,-14.451022960751905,7.605102675301688,-0.4757025582449777,1.438154556348986,42.731442223060505,,,0.0,-1,-1,0,80,prompt
63,833,9,-23.416457929018378,-27.410740905337864,7.478804482354058,2.07035964707819,61.51595685562004,,,0.0,-1,-1,0,80,prompt
63,1181,11,-44.508761346015326,-12.435353365811435,-30.694282965226606,1.022726448654719,30.387955145538633,,,0.0,-1,-1,0,80,prompt
63,1247,6,-22.877915996860537,-43.62409337361654,49.688718477884926,1.2589762105896696,37.407571366735226,,,0.0,-1,-1,0,80,prompt
63,1263,7,-30.4044474382768,-0.6492641993931362,3.74847480228969,2.4309343265829946,72.22960096037731,,,0.0,-1,-1,0,80,prompt
63,1339,7,-43.952537264900016,-5.918597834450858,25.620294298444474,1.9671577218046667,58.44954991926848,0.40939295291900635,92.1818618774414,92.1818618774414,5,11,1,80,prompt
63,1355,7,-16.970287136824858,28.702232088361466,20.959374564034597,1.7977630774006461,53.41637916005434,,,0.0,-1,-1,0,80,prompt
63,1397,7,-21.99005393161348,-10.602010556629725,-10.383639880589078,1.6291078395559704,48.40517815960537,,,0.0,-1,-1,0,80,prompt
63,1403,11,-17.472637754837276,15.284703341397373,20.883141951127485,2.9188217556385103,86.72604947768414,,,0.0,-1,-1,0,80,prompt
63,1449,6,24.084109475956343,23.648000717163086,-20.11633316675822,1.9768002611911388,58.73605571439154,,,0.0,-1,-1,0,80,prompt
63,1463,7,-7.325980709540218,28.23111997331892,17.764519827706472,1.5460150665731343,45.93626825545433,,,0.0,-1,-1,0,80,prompt
63,1695,6,-22.53908317747293,10.789400180180868,-13.532937367757164,1.5407543921487976,45.77995946080811,,,0.0,-1,-1,0,80,prompt
63,1737,6,-14.38172947940352,-6.2214555740356445,4.688030242919922,0.9993317740276586,29.6928364027441,,,0.0,-1,-1,0,80,prompt
63,1903,9,-20.877782951186376,7.2360413869222,1.3460862901475694,2.6463064675233205,78.62888687608046,,,0.0,-1,-1,0,80,prompt
63,1929,6,-23.123975790786137,-10.193580786387125,23.39102617899577,0.9884133002475528,29.36841916299829,,,0.0,-1,-1,0,80,prompt
63,2057,7,-18.127766583878028,17.02735165187291,-10.688477924891881,1.0543597872937858,31.327866767978858,,,0.0,-1,-1,0,80,prompt
63,2175,9,-10.27945796293253,17.89611710442437,16.332527584499783,2.4925982598290437,74.06180236676832,,,0.0,-1,-1,0,80,prompt
63,2245,6,-12.425601891954491,36.931525230407715,18.82455348968506,1.0660326417037955,31.67469868642428,,,0.0,-1,-1,0,80,prompt
63,2625,9,-21.469317311802534,26.628634134928387,11.547502093844944,1.539304557275134,45.73688096492364,,,0.0,-1,-1,0,80,prompt
63,2847,11,-20.872388589101217,-35.29312801361084,-2.115827040238814,2.090524996738597,62.11512366291306,,,0.0,-1,-1,0,80,prompt
63,2913,6,-14.982586617538274,14.493637720743815,14.361370086669922,1.26694660683053,37.64439328893937,,,0.0,-1,-1,0,80,prompt
63,3407,7,-38.5618752057375,6.666836329868862,-12.789407730102539,1.3130357082628097,39.013824527238306,,,0.0,-1,-1,0,80,prompt
63,3447,7,-46.584403214051505,-33.03329849243164,-44.80670166015625,0.26408573987703143,7.8466980378923745,,,0.0,-1,-1,0,80,prompt
63,3725,6,-16.2242417554834,12.563000361124674,-8.144533634185791,1.6525273801233,49.101035736404384,,,0.0,-1,-1,0,80,prompt
63,3777,7,-20.553588319039722,-2.1299026161432266,0.36628893443516325,2.2448491139029616,66.70050850011384,,,0.0,-1,-1,0,80,prompt
63,4009,6,2.288248557754479,-18.89530603090922,-3.8182362715403237,1.1841710158039396,35.1849077143068,,,0.0,-1,-1,0,80,prompt
63,4059,8,-16.596341388988005,-7.208713471889496,-5.891267418861389,1.714316638245111,50.93696088212788,0.3627513647079468,131.4493408203125,131.4493408203125,4,6,1,80,prompt
63,4061,8,-10.206630274775256,-14.715337038040161,1.0716525316238403,2.3821162221854877,70.77908369970315,,,0.0,-1,-1,0,80,prompt
63,4073,7,-11.218599703245884,-34.58124106270926,5.2568268094744,3.067451826581485,91.14224887786037,0.5638613700866699,73.37002563476562,73.37002563476562,7,14,1,80,prompt
63,4075,9,13.718079201710308,29.4860995610555,-11.289832644992405,3.5360963780687626,105.06693971628454,,,0.0,-1,-1,0,80,prompt
63,4091,10,-0.43451905323198403,38.18228263854981,-9.746610736846923,3.4265681787921527,101.81256215406616,0.37317582964897156,135.85035705566406,266.8228454589844,3,15,2,80,prompt
63,4289,8,-30.990232243905083,-21.788952708244324,1.0231559872627258,2.76722705297289,82.22176289062689,,,0.0,-1,-1,0,80,prompt
63,4451,7,15.272055665859824,-29.042699541364396,-53.16795785086496,2.024399142277252,60.15034656931686,,,0.0,-1,-1,0,80,prompt
63,4505,10,-41.76616458507265,9.693833160400391,-5.566435551643371,2.531801359779269,75.22663196946462,,,0.0,-1,-1,0,80,prompt
63,4575,6,4.8806949421875885,-33.31504329045614,-0.8282275199890149,1.2093148082198635,35.93199745382501,,,0.0,-1,-1,0,80,prompt
63,4609,7,-23.453378823061524,-30.01263686588832,40.012437275477815,2.2535894527076215,66.96020748795382,,,0.0,-1,-1,0,80,prompt
63,4741,7,-30.96280012405078,25.55884334019252,-24.85622215270996,2.041009854715318,60.64389553851323,,,0.0,-1,-1,0,80,prompt
63,5039,6,-32.65654081938586,-18.026980717976887,4.604893684387207,0.8168730793931626,24.271497553279698,,,0.0,-1,-1,0,80,prompt
63,5057,10,-7.137951069310009,33.964440155029294,9.585876941680908,3.6211544149114037,107.59424289861806,0.2686450183391571,181.67288208007812,181.67288208007812,7,15,1,80,prompt
63,5389,6,-21.3071540120772,-5.039055506388347,4.058410008748373,0.716142241118915,21.278513261852847,,,0.0,-1,-1,0,80,prompt
63,5827,6,-26.708484910032535,-13.006399075190226,-31.423033714294434,0.8127229807131041,24.14818695277155,,,0.0,-1,-1,0,80,prompt
63,6213,7,12.261944035162559,-29.802814074925013,13.381985800606865,1.5211389570657696,45.19713209553626,,,0.0,-1,-1,0,80,prompt
63,6307,6,3.0731710281470015,-31.098043123881023,-6.295356432596843,1.0195174344192568,30.292606696520913,,,0.0,-1,-1,0,80,prompt
63,6319,9,-22.9176944561613,7.32841682434082,-9.658856074015299,1.483174262070477,44.069098836839835,,,0.0,-1,-1,0,80,prompt
63,6461,7,-6.179562873137335,7.280469758169992,7.0054119655064175,1.7043334919140314,50.640334738040934,,,0.0,-1,-1,0,80,prompt
63,6465,6,-13.793702815143357,-25.227611859639484,-10.752450307210287,1.0921584444825558,32.450966596603436,,,0.0,-1,-1,0,80,prompt
63,6537,13,-21.97762983679083,-2.572998670431284,9.655721719448383,3.845214029076119,114.25165702349982,,,0.0,-1,-1,0,80,prompt
64,175,6,-16.779068956771873,3.64419396718343,25.432514429092407,2.987953247257538,88.78013213998989,,,0.0,-1,-1,0,80,prompt
64,541,6,-4.752978743615242,-36.10476779937744,-2.498744010925293,0.6398305386780809,19.01108721268585,,,0.0,-1,-1,0,80,prompt
64,543,6,-35.265823583709825,-12.489099184672037,-36.89940102895101,0.8175029957574932,24.290214063691547,,,0.0,-1,-1,0,80,prompt
64,611,7,-30.779259486094343,-2.8345926148550853,22.987607138497488,2.307752047400765,68.56952393837535,,,0.0,-1,-1,0,80,prompt
64,1231,6,-27.92711030474364,-12.105744043986002,28.84262228012085,1.6063473677507478,47.728903289410916,0.30952244997024536,91.41571807861328,91.41571807861328,5,15,1,80,prompt
64,1279,12,-12.04974038824407,26.10286593437195,31.05437199274699,3.908126890991972,116.1209674617809,,,0.0,-1,-1,0,80,prompt
64,1515,6,-31.42687384986777,16.835344155629475,34.040393710136414,1.6163338452234228,48.02562841067942,,,0.0,-1,-1,0,80,prompt
64,1743,7,-24.366081800640263,20.962526866367885,15.626697812761579,1.5753274914269508,46.80721928330388,,,0.0,-1,-1,0,80,prompt
64,1747,7,-7.049236457055012,11.005821772984095,6.700574466160366,1.8223117844537706,54.1457873119532,,,0.0,-1,-1,0,80,prompt
64,1821,10,-28.93900709576375,-2.8599294662475585,9.23846492767334,1.7686797077921883,52.55223397997667,,,0.0,-1,-1,0,80,prompt
64,1863,8,-1.0277162853868198,-13.080298900604248,4.32314920425415,1.7852916375533654,53.04581911911871,,,0.0,-1,-1,0,80,prompt
64,1969,9,-9.072668184147522,9.871809005737305,13.548960155910915,1.7937867823540372,53.2982327332354,,,0.0,-1,-1,0,80,prompt
64,1995,6,-1.758359926247353,-25.717200597127277,50.63556226094564,2.0285335002305813,60.27318947047253,,,0.0,-1,-1,0,80,prompt
64,2101,6,-32.496895571170434,10.673932393391928,-5.879669825236003,0.9440066601217671,28.048978377946266,,,0.0,-1,-1,0,80,prompt
64,2171,6,-31.371396571251662,-14.900087356567383,-8.173717339833576,1.8430724825417812,54.76264352322882,,,0.0,-1,-1,0,80,prompt
64,2201,8,-22.268990560532032,32.83238434791565,23.897618770599365,3.056661178572856,90.82162968578916,,,0.0,-1,-1,0,80,prompt
64,2275,8,-39.866209125988455,15.82037353515625,-2.788570761680603,1.5637131041557626,46.462124580899314,,,0.0,-1,-1,0,80,prompt
64,2441,9,2.995901218273365,-24.74726241827011,-23.134406513637966,3.9282359318319258,116.71846118248023,,,0.0,-1,-1,0,80,prompt
64,2931,6,-33.20020651838763,-2.94676144917806,-13.919443130493164,0.5506517877827498,16.361346526203043,,,0.0,-1,-1,0,80,prompt
64,2935,6,-6.975978861275235,-12.193499247233072,-47.09760093688965,1.270432532396106,37.747969518797085,,,0.0,-1,-1,0,80,prompt
64,3011,10,0.8461198155417741,-5.423335886001587,-9.26806697845459,2.4059025967294705,71.4858409011702,,,0.0,-1,-1,0,80,prompt
64,3221,9,-4.237190999311313,12.245845794677734,32.62341817220052,1.9906627777886419,59.14794838923466,,,0.0,-1,-1,0,80,prompt
64,3255,6,-26.676555860389453,-29.707798957824707,-27.728034019470215,1.1604350339075016,34.47964781401475,,,0.0,-1,-1,0,80,prompt
64,3491,6,-49.75716246846624,-10.55384349822998,-37.31193987528483,1.6530450595780823,49.116417386182164,,,0.0,-1,-1,0,80,prompt
64,3537,6,6.240340306155656,-4.757312285403411,-10.91872501373291,1.863802226529837,55.3785800048913,,,0.0,-1,-1,0,80,prompt
64,3687,7,-32.59420960659636,-20.622058664049423,-27.265949249267578,2.5209651290206763,74.90465839121995,,,0.0,-1,-1,0,80,prompt
64,3805,9,-7.597683498419517,3.7442669338650174,18.99908553229438,1.6879769046527804,50.15433651174809,,,0.0,-1,-1,0,80,prompt
64,3843,12,-22.178870198529108,-42.32391516367594,-9.15667208035787,2.9600349857182775,87.95060545618074,,,0.0,-1,-1,0,80,prompt
64,3917,12,-6.435905735219554,-25.52090275287628,-2.775030533472697,3.0515682633390178,90.67030546816531,,,0.0,-1,-1,0,80,prompt
64,4079,7,0.4148748038700977,-3.9470509120396207,7.750951426369803,1.869069283609407,55.535078445401474,,,0.0,-1,-1,0,80,prompt
64,4095,11,22.169393503650618,8.485063986344771,-14.674627737565475,2.3379088319688592,69.46556316567252,,,0.0,-1,-1,0,80,prompt
64,4101,6,-28.883192894968605,27.301432291666668,-7.32848580678304,1.4703888499169406,43.68920983372473,,,0.0,-1,-1,0,80,prompt
64,4107,8,-37.405676737868156,-14.358538269996643,-30.65821146965027,1.9232224576730745,57.14411498356852,,,0.0,-1,-1,0,80,prompt
64,4147,10,-29.712452345123573,2.208686637878418,-18.573924827575684,1.6251260681184008,48.28686901447295,,,0.0,-1,-1,0,80,prompt
64,4221,8,-28.009246097786203,17.961163759231567,2.524198055267334,1.7221966453804574,51.17109710075254,,,0.0,-1,-1,0,80,prompt
64,4451,6,1.546770008622051,1.1038815180460613,16.95396105448405,1.7645327104655961,52.429015529026344,,,0.0,-1,-1,0,80,prompt
64,5263,6,-46.94919499894229,-11.311318079630533,-23.84366575876872,0.5771984194167591,17.150118394204036,,,0.0,-1,-1,0,80,prompt
64,5413,7,-30.881849840865137,2.672277178083147,-18.90595272609166,1.2907336858409484,38.35117142200007,,,0.0,-1,-1,0,80,prompt
64,5531,6,-12.475637734817036,28.668582280476887,32.63776397705078,1.7713687420966204,52.63213242587623,,,0.0,-1,-1,0,80,prompt
64,5689,7,2.357643917927074,4.90907233101981,-41.51287187848772,1.9515735268247274,57.98650154631141,,,0.0,-1,-1,0,80,prompt
64,5755,7,12.440278870950323,5.0555509839739114,28.342777252197266,2.8763039396178436,85.46273073998863,,,0.0,-1,-1,0,80,prompt
64,5923,8,-8.709866127145826,-2.158110737800598,18.5281662940979,2.2291996929036233,66.23552208658451,,,0.0,-1,-1,0,80,prompt
64,6137,7,-41.532024126889596,-15.435861587524414,-31.929567064557755,0.6776426922554346,20.134588055336664,,,0.0,-1,-1,0,80,prompt
64,6151,7,-40.98010769734483,-34.04678453717913,-45.18675831386021,0.6050749569899593,17.978405346694224,,,0.0,-1,-1,0,80,prompt
64,6521,8,-24.168081231296917,29.309433460235596,15.830919742584229,2.6299352532619964,78.14245404225133,,,0.0,-1,-1,0,80,prompt
64,6553,6,0.8904807808001607,-13.666880369186401,-10.977298577626547,0.4710158829436555,13.995149477707837,,,0.0,-1,-1,0,80,prompt
65,141,7,24.318935530520758,14.093785694667272,-7.6811282975333075,3.112155489504042,92.47051500955065,0.4949556887149811,74.38664245605469,74.38664245605469,4,7,1,80,prompt
65,905,8,-39.68756103174255,-17.354952096939087,-22.756685733795166,0.6043078464540568,17.955612428228754,,,0.0,-1,-1,0,80,prompt
65,943,9,-7.343573478006868,10.638521088494194,52.85256258646647,2.6785814777294092,79.58786428764006,,,0.0,-1,-1,0,80,prompt
65,1277,9,-33.616516738952726,7.719470977783203,21.651229010687935,2.669914358869565,79.33034086140967,,,0.0,-1,-1,0,80,prompt
65,1543,6,36.14971244290755,4.951300144195557,-25.370999972025555,2.2832357811397843,67.84107968971556,,,0.0,-1,-1,0,80,prompt
65,1769,7,-7.399367077418724,13.828537804739815,26.047858783176967,2.22757972403461,66.18738845183448,,,0.0,-1,-1,0,80,prompt
65,1777,6,0.7521215656801203,10.410663286844889,6.788091659545898,1.8301753438640114,54.37943482440092,,,0.0,-1,-1,0,80,prompt
65,1795,6,-0.46968306890690936,26.17445699373881,40.49887657165527,2.631050322531713,78.17558575112314,,,0.0,-1,-1,0,80,prompt
65,1843,7,-12.493886725546261,-16.868994985307967,-13.085065841674805,1.409322111332679,41.87475268790256,,,0.0,-1,-1,0,80,prompt
65,1945,12,-50.83256566178259,-33.17186196645101,1.3873019218444824,2.9159931403343307,86.64200370464243,,,0.0,-1,-1,0,80,prompt
65,2131,7,-12.763789038822235,5.906721319471087,14.080018179757255,2.0496388028187074,60.900284808844376,,,0.0,-1,-1,0,80,prompt
65,2215,9,-5.144282430322714,8.843367258707682,-20.168189366658527,2.0658102351783385,61.38078158472224,,,0.0,-1,-1,0,80,prompt
65,2641,9,-7.869741608751771,-1.8628953297932942,3.1710510253906268,3.0179914438173,89.67264779841605,,,0.0,-1,-1,0,80,prompt
65,2793,6,-55.33855279266307,-24.123730659484863,-35.52910232543945,1.1541963570102065,34.294279933901855,,,0.0,-1,-1,0,80,prompt
65,2991,11,-13.707977952818737,-11.261351758783514,-22.17635488510132,1.713911519268373,50.92492370707497,,,0.0,-1,-1,0,80,prompt
65,3015,6,-28.46013298719772,-19.823673884073894,-14.133375962575277,0.2909145593613808,8.643854466349428,,,0.0,-1,-1,0,80,prompt
65,3195,7,-30.55987301505118,-0.3879744665963309,-18.680293491908483,2.98791012597803,88.77885089072797,,,0.0,-1,-1,0,80,prompt
65,3209,11,-22.65603675929233,-25.767585320906207,-15.25326919555664,1.3747982189027177,40.848954933291786,,,0.0,-1,-1,0,80,prompt
65,3489,6,-39.475655114062306,-18.442667643229168,-20.685911496480305,0.4741262485716616,14.087566811115414,,,0.0,-1,-1,0,80,prompt
65,3833,6,-2.754752386785462,-16.216430187225342,-9.297544240951538,0.6433240692580406,19.11488940798747,,,0.0,-1,-1,0,80,prompt
65,4027,6,-15.663814415141509,27.934200286865234,-10.501567045847574,1.858106977071737,55.20935881646594,,,0.0,-1,-1,0,80,prompt
65,4087,8,14.33137442993161,-24.217260718345642,-17.592870712280273,2.236413089727055,66.44985151886402,,,0.0,-1,-1,0,80,prompt
65,4103,6,-44.79398414803399,-19.657398859659832,-43.180901209513344,0.4118872872469648,12.238279772995293,,,0.0,-1,-1,0,80,prompt
65,4115,6,-23.016748508790602,-36.37265586853027,-11.366743405659994,1.762271787484365,52.36183742267001,0.42404037714004517,69.07382202148438,69.07382202148438,6,1,1,80,prompt
65,4221,6,-37.065011866009336,10.780162811279297,18.019420941670734,2.659670441544518,79.02596650930643,,,0.0,-1,-1,0,80,prompt
65,5493,6,-43.71192906937532,-13.22809886932373,-42.589701334635414,0.9255613881383792,27.50091970750145,,,0.0,-1,-1,0,80,prompt
65,5525,8,-42.00640826207166,-18.979598343372345,14.17730450630188,1.0924199719834093,32.45873728247523,0.44925162196159363,71.51841735839844,71.51841735839844,5,7,1,80,prompt
65,5659,10,-53.03361511267421,16.879683876037596,-12.338611555099487,2.210516342498809,65.68038946552373,0.28342992067337036,228.47573852539062,228.47573852539062,5,6,1,80,prompt
65,5861,7,-0.5521192710347792,-11.876784597124372,-4.937414578029087,1.06709138301684,31.706156740113844,,,0.0,-1,-1,0,80,prompt
65,6097,7,10.683395102867788,-33.159985644476755,0.8834708077566964,1.7305007858781936,51.41783546299925,,,0.0,-1,-1,0,80,prompt
65,6399,6,-30.410864327822164,-14.572155634562174,-0.7620946566263834,1.137344519528017,33.79356649073015,,,0.0,-1,-1,0,80,prompt
66,151,7,-16.771632073374626,-7.763458592551095,0.3727694238935198,2.5883132140884393,76.90575124539338,,,0.0,-1,-1,0,80,prompt
66,163,7,-2.065721178333145,-23.87629726954869,1.9063119888305664,1.0660708175992908,31.675832995018197,,,0.0,-1,-1,0,80,prompt
66,753,6,-17.755167166763627,-20.691998799641926,-11.897900581359863,0.3583601921294347,10.647845725218327,,,0.0,-1,-1,0,80,prompt
66,871,7,-22.369768893602274,21.746395383562362,3.1731696810041154,1.5360554986921897,45.64034269057509,0.25646916031837463,222.82122802734375,573.8157348632812,7,15,3,80,prompt
66,1063,6,-26.44201093808087,-10.175105412801107,-5.1591440836588545,0.4888907900488433,14.526261072658382,,,0.0,-1,-1,0,80,prompt
66,1273,6,-24.04951967217633,21.51413853963216,22.702832221984863,1.3030346969278503,38.716667565807874,,,0.0,-1,-1,0,80,prompt
66,1339,6,-35.81306708084682,-31.624580542246502,-35.676902770996094,1.3718336363877064,40.76086920850203,,,0.0,-1,-1,0,80,prompt
66,1395,10,-17.15964554778963,14.673769187927245,9.55161647796631,2.5189884435493934,74.84592574622269,,,0.0,-1,-1,0,80,prompt
66,1657,10,-30.125694403045962,15.93191704750061,5.726408386230469,3.277780007242821,97.39166515939552,,,0.0,-1,-1,0,80,prompt
66,1673,6,-6.3511749359081655,-13.9670991897583,-11.388367335001627,0.8597166104931193,25.544494162543597,,,0.0,-1,-1,0,80,prompt
66,1685,7,3.515767874342756,-38.56788172040667,16.675813504627772,1.7803601780572496,52.89929218597138,,,0.0,-1,-1,0,80,prompt
66,1777,8,-16.78696287685007,25.35347330570221,38.58870768547058,2.025589867049551,60.18572620677407,,,0.0,-1,-1,0,80,prompt
66,1857,6,-7.5680566204806405,-7.671743075052897,-11.974948247273764,0.8826003319797526,26.22443111246166,,,0.0,-1,-1,0,80,prompt
66,1881,7,-31.344821060689878,-21.188184465680802,-39.10584429332188,0.6188612337931632,18.388032732072592,,,0.0,-1,-1,0,80,prompt
66,2031,9,2.592343657632663,-7.971962367494901,-0.9796658621893989,3.1349942894673464,93.14911722011804,,,0.0,-1,-1,0,80,prompt
66,2109,7,14.224150041136998,-9.299522944859095,17.924136843000138,1.6373390486307908,48.64974953300458,,,0.0,-1,-1,0,80,prompt
66,2115,7,-9.789040091496284,-30.75295639038086,-7.398607594626291,1.4242661631043745,42.318780683392696,,,0.0,-1,-1,0,80,prompt
66,2697,6,-21.217206857160793,-4.641843318939209,6.092130978902181,0.9071263861411845,26.953166185984976,,,0.0,-1,-1,0,80,prompt
66,2955,8,-47.08976774343235,-0.5161449611186981,15.685429573059082,2.8555192037939223,84.84516030288887,0.3697700500488281,172.84237670898438,172.84237670898438,5,3,1,80,prompt
66,3169,10,-11.926474311287876,-14.646056032180786,15.33067889213562,1.4420622727609635,42.84755099408609,,,0.0,-1,-1,0,80,prompt
66,3483,8,-17.965598311129774,-10.298657268285751,9.265263557434082,1.7405928245375974,51.71769709121118,,,0.0,-1,-1,0,80,prompt
66,3537,8,-31.01721735234633,-18.349138021469116,-23.896361827850342,1.5470447906049953,45.966864127628796,,,0.0,-1,-1,0,80,prompt
66,3549,7,-53.971416913619706,-33.03329849243164,-44.80670166015625,0.2298522853839519,6.829529976011397,,,0.0,-1,-1,0,80,prompt
66,4133,6,-35.80913591338129,-23.056799014409382,0.7389993667602539,0.9039991022169572,26.860246164466236,,,0.0,-1,-1,0,80,prompt
66,4257,6,-26.975432178794236,-37.762898763020836,-36.743834495544434,0.5908939481734478,17.55704941089978,,,0.0,-1,-1,0,80,prompt
66,4423,13,-7.684360217633827,7.674230942359338,28.945074961735653,3.2995908795840974,98.03972487395906,,,0.0,-1,-1,0,80,prompt
66,4523,6,-41.2512499784598,-0.013855298360188803,4.095360120137532,0.6883412107758001,20.45246983237315,,,0.0,-1,-1,0,80,prompt
66,4765,11,-4.588380524220041,14.6649508042769,11.223273710771041,3.164615824330492,94.02925273821995,,,0.0,-1,-1,0,80,prompt
66,5105,8,-14.84787094842154,-6.141782604157925,40.743354082107544,1.6079745501799243,47.777251258446505,,,0.0,-1,-1,0,80,prompt
66,5329,16,-20.890127728832685,-2.249908104538918,9.009552210569382,4.850916689939729,144.13378961943698,,,0.0,-1,-1,0,80,prompt
66,5417,11,-19.896560282249308,11.122790163213557,30.98480580069802,2.736508096154891,81.3090200128701,0.628995954990387,39.598167419433594,39.598167419433594,4,14,1,80,prompt
66,5817,6,-53.13099871408562,-17.440399487813313,-32.169800440470375,1.4831104410467753,44.06720254247084,,,0.0,-1,-1,0,80,prompt
66,5913,9,-9.120265927153307,-29.97876591152615,-19.955589241451687,1.7647816476422162,52.43641212248214,,,0.0,-1,-1,0,80,prompt
66,6023,6,-22.445956782680586,-28.41916783650716,-19.84529908498128,0.4220117544957031,12.539104941867997,,,0.0,-1,-1,0,80,prompt
66,6211,9,31.565115275211035,4.677253670162624,5.9299850463867205,3.431370831160327,101.95526188079725,,,0.0,-1,-1,0,80,prompt
68,133,7,-40.725867020892984,-27.31660727092198,26.722314153398788,1.2779369332138282,37.97094546289537,,,0.0,-1,-1,0,80,prompt
68,411,6,-0.6240068088484918,7.838018755118053,26.8089021841685,1.7320905505767452,51.465071650559565,,,0.0,-1,-1,0,80,prompt
68,469,7,24.39583299886288,13.333671501704625,-22.87010015760149,2.3714106199655123,70.46099144688763,,,0.0,-1,-1,0,80,prompt
68,775,6,-14.98746437862386,15.209544022878012,30.468422889709473,1.4151129252937602,42.04681335489418,,,0.0,-1,-1,0,80,prompt
68,1195,6,-7.769282152337817,10.988006273905436,-31.122814496358234,1.9412352383914302,57.67932317461102,,,0.0,-1,-1,0,80,prompt
68,2135,7,-18.924903899244935,20.89918381827218,9.681648458753314,1.8275785762445573,54.30227787001966,,,0.0,-1,-1,0,80,prompt
68,2687,7,15.484561464326061,4.845727920532227,2.910443033490862,2.127145161493719,63.203207309781334,,,0.0,-1,-1,0,80,prompt
68,2869,7,-16.00979337976411,24.501809120178223,20.386592047555105,2.3819720441739682,70.77479978296982,,,0.0,-1,-1,0,80,prompt
68,2925,7,-16.838859744774105,1.7142167772565569,-9.039041519165039,3.064923180271527,91.06711599091194,,,0.0,-1,-1,0,80,prompt
68,3125,6,18.298758127214658,9.334493637084961,50.65865580240885,2.6926427594142472,80.00566280814344,,,0.0,-1,-1,0,80,prompt
68,4691,19,-14.543002568827296,51.559835019864536,56.74979340402704,7.586602622713523,225.4183809456529,,,0.0,-1,-1,0,80,prompt
68,5771,10,-15.404382021904905,12.692325544357299,2.4054450511932375,3.397465678014439,100.94784853546417,,,0.0,-1,-1,0,80,prompt
68,6003,7,-32.057510397528006,-13.626631941114153,7.485703604561944,2.0140219118806555,59.84201112708645,,,0.0,-1,-1,0,80,prompt
68,6289,10,1.4606820646833436,16.017825293540955,15.12283535003662,3.1757319869203036,94.35954384452118,,,0.0,-1,-1,0,80,prompt
68,6313,8,15.044535187004735,-17.37573742866516,-29.532390117645264,4.2234381903385705,125.48971472946867,,,0.0,-1,-1,0,80,prompt
68,6363,6,-42.03391025297469,-15.468193689982096,-1.6581309636433925,1.3202717229701708,39.22882599771849,,,0.0,-1,-1,0,80,prompt
69,1126,10,26.112451997865662,-1.127899169921875,0.9893358230590821,3.8062801260014507,113.09482598443749,,,0.0,-1,-1,0,80,prompt
69,1778,7,-14.595895404838634,17.1263245173863,21.801189013889857,3.302648996048434,98.13058974410137,,,0.0,-1,-1,0,80,prompt
69,1802,7,6.57792868933078,-21.46927002498082,10.268829890659877,2.3081864539132484,68.58243132493375,,,0.0,-1,-1,0,80,prompt
69,2120,8,-1.4860424827041916,25.440075039863586,7.33578085899353,2.7158858009841707,80.69627612473636,,,0.0,-1,-1,0,80,prompt
69,3544,7,5.707127446335181,18.199195384979248,-6.926233564104352,3.2555511264482306,96.73118528874187,,,0.0,-1,-1,0,80,prompt
69,3550,9,-24.10081300309411,-23.669554816351997,-5.799679226345484,3.480094589622514,103.40297586982975,,,0.0,-1,-1,0,80,prompt
69,3864,6,-42.669830491699486,10.729356129964193,-14.378169218699137,1.2430354654582532,36.9339289292319,,,0.0,-1,-1,0,80,prompt
69,4000,6,-2.5007103304490954,15.745318730672201,18.365827401479084,2.1389166636219166,63.552970317414314,,,0.0,-1,-1,0,80,prompt
69,5020,6,-14.664641272986762,-19.57888062795003,-4.669556617736816,1.6299659641756226,48.43067535143566,,,0.0,-1,-1,0,80,prompt
69,5052,7,-28.10902823107055,-19.94112298318318,34.00530474526541,2.7220109263702015,80.87827008386037,,,0.0,-1,-1,0,80,prompt
70,939,8,0.39512198933318743,30.182376384735107,5.462826669216156,2.1937187292079074,65.18128716900303,,,0.0,-1,-1,0,80,prompt
70,1079,7,-41.58904028696653,-27.839185987200057,-27.26072829110282,2.2026564552622143,65.44685106323756,,,0.0,-1,-1,0,80,prompt
70,1385,9,-1.248041605946689,-13.720766332414414,10.649366166856554,3.043969626626766,90.4445295220334,,,0.0,-1,-1,0,80,prompt
70,1469,6,-25.56793842929051,-22.705775101979572,31.69092067082723,2.6438621028422564,78.55625822314477,,,0.0,-1,-1,0,80,prompt
70,1573,7,12.584365277324233,-5.669185706547329,-11.278357642037529,3.402743480658515,101.1046662556142,,,0.0,-1,-1,0,80,prompt
70,1827,6,-8.20564583079332,20.21626838048299,31.490843296051025,2.322144531269958,68.99716336710551,,,0.0,-1,-1,0,80,prompt
70,2117,10,-37.52886860599178,33.47669982910156,-6.1865599155426025,4.213028094663516,125.18040277136843,0.3714533746242523,857.2266845703125,1057.37841796875,7,13,2,80,prompt
70,2735,6,-21.170110399214746,-33.77230064074198,-34.31290086110433,2.216173049055312,65.8484654406162,,,0.0,-1,-1,0,80,prompt
70,2799,11,0.2395561867891109,-2.786365335637873,-5.767119884490967,3.82900672329181,113.77009435163244,0.4289294481277466,105.93183898925781,105.93183898925781,4,7,1,80,prompt
70,2959,7,8.249300881421524,-5.352472032819475,31.293438707079208,1.9256608373793618,57.21656580679687,,,0.0,-1,-1,0,80,prompt
70,4007,6,-15.578196985949916,-10.40142563978831,46.099949518839516,2.72759113318465,81.04407304574067,,,0.0,-1,-1,0,80,prompt
70,4015,7,-11.995894443715304,-37.209969656808035,26.16536590031215,2.354342662387819,69.95385649405725,,,0.0,-1,-1,0,80,prompt
70,4487,7,11.69491318012399,16.504772867475236,1.0761984416416712,1.7016224945595886,50.55978371081869,,,0.0,-1,-1,0,80,prompt
70,4541,9,4.821364310056146,-5.644112798902723,-13.349795924292671,3.386195500918153,100.61298124369253,,,0.0,-1,-1,0,80,prompt
70,5047,7,3.462971385706869,23.409144810267858,-10.63844885144915,1.7723338538151974,52.66080849233871,,,0.0,-1,-1,0,80,prompt
70,6239,7,27.451757650636498,-29.296070507594518,33.841729164123535,2.6334298481450045,78.24628786086078,,,0.0,-1,-1,0,80,prompt
71,371,6,-29.869859382957316,15.639087359110514,-24.302391529083252,2.504773149281306,74.42355109739309,,,0.0,-1,-1,0,80,prompt
71,507,9,3.0629914585354148,-38.04618328809738,-7.651238759358724,3.781894154552642,112.37025314529605,0.43207523226737976,63.936641693115234,63.936641693115234,1,7,1,80,prompt
71,1297,10,-28.952062693706996,8.956680202484131,-31.94810037612915,3.8921791151415306,115.64711612269429,,,0.0,-1,-1,0,80,prompt
71,1587,7,-36.20522016701326,-6.413464341844831,34.91063921792166,2.315895035145803,68.81147401864597,,,0.0,-1,-1,0,80,prompt
71,1913,7,-35.59325962664334,5.0120039667402,33.841728755405974,1.3783021913575533,40.95306738479709,,,0.0,-1,-1,0,80,prompt
71,2907,7,22.85207421036187,47.032072816576274,-24.403643471854075,2.9041876652841747,86.2912312700703,,,0.0,-1,-1,0,80,prompt
71,3147,37,39.1991059772541,-19.721563319902163,44.732789323136615,33.74183983577024,1002.5608673815569,,,0.0,-1,-1,0,80,prompt
71,3463,7,-18.473741594415603,-1.195596422467913,0.33048200607299855,2.3957016489925507,71.18274329116973,,,0.0,-1,-1,0,80,prompt
71,3855,6,-29.46010324587105,-18.017743428548176,19.227856636047363,1.6404482328605918,48.74213176389212,,,0.0,-1,-1,0,80,prompt
71,4045,6,-5.421226590242411,3.80584987004598,54.56149927775065,1.6561697045752868,49.20925899807719,,,0.0,-1,-1,0,80,prompt
71,4251,7,41.14247800831106,-28.547834055764334,-17.495312418256486,3.4325811932057024,101.99122499448526,,,0.0,-1,-1,0,80,prompt
71,4323,6,3.6301404978333998,-23.786562591791153,1.174633502960205,2.1914997673157277,65.11535583952788,,,0.0,-1,-1,0,80,prompt
71,4397,6,25.15639339313664,8.364555279413858,6.6001936594645185,1.6638773597747716,49.438274176854776,,,0.0,-1,-1,0,80,prompt
71,4725,7,-23.89439367818323,-0.19002859933035918,-3.0858966963631764,1.9862344151061078,59.01636981635035,,,0.0,-1,-1,0,80,prompt
71,5281,8,19.91925703616608,-18.030444622039795,-4.886689066886902,1.9755845265364624,58.69993296602243,,,0.0,-1,-1,0,80,prompt
71,5671,6,-37.163459769075516,1.1639248530069999,27.341530481974285,1.8018990292856056,53.53926942120831,,,0.0,-1,-1,0,80,prompt
71,5691,6,13.253968283607113,-31.92479983965556,11.100533167521158,2.748271731140014,81.65854926651033,,,0.0,-1,-1,0,80,prompt
71,6393,8,-22.306962360896254,-1.0669309347867966,-7.766428112983704,3.0302253168331834,90.03614908945227,,,0.0,-1,-1,0,80,prompt
72,181,9,21.012564368171198,-2.1030707359313965,29.409749242994522,3.5949213995365987,106.81478941368044,,,0.0,-1,-1,0,80,prompt
72,447,10,-10.753153693392306,1.7736001014709484,-24.312299251556396,4.3183836021192095,128.31079843006125,,,0.0,-1,-1,0,80,prompt
72,733,6,-11.245617395968635,1.0992628733317058,41.57357533772787,1.113828617723873,33.09484576225852,,,0.0,-1,-1,0,80,prompt
72,1189,7,-24.011795570450424,19.76297160557338,29.993649618966238,1.7879621521850688,53.12516729570146,,,0.0,-1,-1,0,80,prompt
72,1295,6,-9.941449310616681,21.53723120689392,-1.159306526184082,2.5393820209732287,75.45187381457248,,,0.0,-1,-1,0,80,prompt
72,1719,7,-11.789850229725506,30.871724196842738,41.22782897949219,1.46301339979924,43.47006536195553,,,0.0,-1,-1,0,80,prompt
72,1809,7,10.242585837711303,-29.46234675816127,39.344639369419646,1.6083758192832875,47.7891740434007,,,0.0,-1,-1,0,80,prompt
72,1897,7,-1.7372053013073665,2.4505771909441267,19.404776164463588,1.8960909920126838,56.33796612274149,,,0.0,-1,-1,0,80,prompt
72,1915,9,26.05677297506587,7.9072998894585504,5.673433727688259,3.1499290583397617,93.59286939568844,,,0.0,-1,-1,0,80,prompt
72,1983,8,-8.944035085659605,6.61635947227478,14.595353126525879,2.906127224791989,86.34886080277975,,,0.0,-1,-1,0,80,prompt
72,2663,6,14.038018898930318,3.8566563924153647,40.700631300608315,1.4611811261055503,43.41562357951072,,,0.0,-1,-1,0,80,prompt
72,2945,10,-10.359024222125324,10.131689834594727,-8.300017166137696,3.4902640514080603,103.70513794748008,,,0.0,-1,-1,0,80,prompt
72,2955,7,20.508761428690995,29.35941505432129,-29.534414563860214,3.5291807143789495,104.86145673666265,,,0.0,-1,-1,0,80,prompt
72,3669,12,-18.923001584468164,-26.16060010592143,3.584150274594625,4.455439056610791,132.38308482592004,,,0.0,-1,-1,0,80,prompt
72,3699,6,-19.014102431787876,2.5587873458862305,16.681453704833984,3.087278695701484,91.73135851738078,0.3122482895851135,131.4470672607422,131.4470672607422,2,9,1,80,prompt
72,3811,9,-4.352885828104506,-41.051450464460586,8.197369893391928,2.6630641345627613,79.12680226196711,,,0.0,-1,-1,0,80,prompt
72,4045,9,-22.7837298554429,-7.688678953382702,-16.02769003974067,3.7177687997050706,110.46491627895904,,,0.0,-1,-1,0,80,prompt
72,4367,7,-21.62890043396717,19.295817920139857,-21.309020723615372,1.8720758410491607,55.62441135816801,,,0.0,-1,-1,0,80,prompt
72,4593,14,-44.47521767674503,-0.00989736829485212,16.486958163125173,4.5431934767250395,134.9905048117454,,,0.0,-1,-1,0,80,prompt
72,4775,11,9.693650268926582,-24.99163614619862,18.316759369590066,4.283789460907794,127.28291339510034,,,0.0,-1,-1,0,80,prompt
72,5743,6,20.26147763626614,-41.23158200581869,55.07418123881022,2.2938506403536585,68.15647572361273,,,0.0,-1,-1,0,80,prompt
73,2087,6,-22.156453067494898,25.758769035339355,12.510723034540812,1.957895852944894,58.17435486995215,,,0.0,-1,-1,0,80,prompt
73,2503,6,-35.18334020546519,-48.2382253408432,46.30317401885986,2.5272930896305015,75.092679130712,,,0.0,-1,-1,0,80,prompt
73,3399,9,-4.654623717475589,11.4914501508077,-14.729125022888184,2.9548602757626545,87.79685089724711,,,0.0,-1,-1,0,80,prompt
73,4331,6,28.712431333395454,33.40279960632324,0.37726680437723853,1.75042908764694,52.00995893948897,,,0.0,-1,-1,0,80,prompt
73,4351,9,-21.28338005342455,30.93638711505466,24.61240726047092,3.062798412519481,91.00398342283492,,,0.0,-1,-1,0,80,prompt
73,5315,7,-18.51319582599813,-13.139684200286865,-10.20422649383545,2.566488948862165,76.25729359217367,,,0.0,-1,-1,0,80,prompt
73,5641,6,33.124434989225165,0.0230937401453654,13.405290285746256,2.6433591402364267,78.54131385055527,,,0.0,-1,-1,0,80,prompt
73,5661,6,2.6841824384171247,-26.47467541694641,16.293479045232136,2.035319131429418,60.47480883484473,,,0.0,-1,-1,0,80,prompt
73,6399,6,-22.75059835654748,27.56469949086507,-1.6705169677734375,2.4553686644343404,72.95561089550154,,,0.0,-1,-1,0,80,prompt
74,1009,6,-25.563090217826687,8.429218967755636,-19.30805230140686,1.6728940573882582,49.70618452864038,,,0.0,-1,-1,0,80,prompt
74,1371,6,2.9338947690286727,33.41203800837199,-27.803404649098713,2.157972335149699,64.11916560102715,,,0.0,-1,-1,0,80,prompt
74,1445,8,18.113957948727762,-25.921579718589783,52.17476010322571,2.8609590263844966,85.0067920716766,,,0.0,-1,-1,0,80,prompt
74,1723,8,-10.320975351517681,42.24077767133713,36.42366886138916,2.4644775150238236,73.2262593602056,,,0.0,-1,-1,0,80,prompt
74,2675,8,11.429168152314205,18.26946485042572,37.51138520240784,3.7703631719758928,112.02763662082151,,,0.0,-1,-1,0,80,prompt
74,2861,6,-40.86937179607138,-30.151200612386067,-11.108299732208252,1.7710575051740538,52.6228847393076,,,0.0,-1,-1,0,80,prompt
74,2873,8,-17.843270971976573,37.16939079761505,8.463962733745575,2.3876529685952375,70.94359533599945,,,0.0,-1,-1,0,80,prompt
74,3119,6,-12.563961107074524,32.566806157430015,32.941131909688316,4.696952934566431,139.5591121008525,,,0.0,-1,-1,0,80,prompt
74,3133,7,-31.685423412461258,-25.99432454790388,-4.32647841317313,1.9397241541753951,57.63442479593078,,,0.0,-1,-1,0,80,prompt
74,3851,9,-4.134308506016925,13.345108350118002,14.44191927380032,2.2486019376886084,66.81201499436492,0.3388262689113617,88.12653350830078,189.11505126953125,4,5,3,80,prompt
74,3927,8,-4.017727449522713,29.319824993610382,-6.43512487411499,3.0220378061300757,89.79287611227747,,,0.0,-1,-1,0,80,prompt
74,4819,11,-1.3740539787286636,10.659235016866164,-1.8983622897755017,3.4417863887017646,102.26473612564669,,,0.0,-1,-1,0,80,prompt
74,5131,11,11.846409387762048,3.365809440612793,-33.350445834073156,5.2532324112001705,156.0876724080249,,,0.0,-1,-1,0,80,prompt
74,5185,7,14.393601117694939,27.075112751552037,-8.306462287902832,2.8543104812838838,84.809245904208,,,0.0,-1,-1,0,80,prompt
75,385,7,-33.6243785380572,28.91601480756487,-34.73518575940813,3.536745134397257,105.08621601273371,,,0.0,-1,-1,0,80,prompt
75,471,7,-11.697535447892168,6.219476972307478,17.528243746076313,1.9385449219336424,57.59938663248471,,,0.0,-1,-1,0,80,prompt
75,725,6,-31.90847034865099,8.198280970255533,1.53804349899292,2.4543449056586435,72.92519226714137,,,0.0,-1,-1,0,80,prompt
75,1185,7,-12.803990574749887,3.056293146950858,55.82835674285889,2.103785317372923,62.50912347506359,,,0.0,-1,-1,0,80,prompt
75,1291,6,-19.797236003112793,16.9923814535141,-5.427030722300212,2.2826857075274236,67.82473552233715,,,0.0,-1,-1,0,80,prompt
75,1985,7,8.210124209589182,5.8790081569126675,-3.3894737788609097,2.4748952281618752,73.53579765363158,,,0.0,-1,-1,0,80,prompt
75,2393,6,-6.9494912473857084,32.871643702189125,-33.653889179229736,2.5501655465574475,75.7722813802466,,,0.0,-1,-1,0,80,prompt
75,2523,6,11.04252822649311,0.22170013189315738,24.91206733385722,2.3148017986076272,68.77899101898439,,,0.0,-1,-1,0,80,prompt
75,2741,7,5.061704514264235,-1.963628854070391,19.907561097826278,2.8271939823885592,84.00354174624954,0.5003836154937744,65.58644104003906,65.58644104003906,1,1,1,80,prompt
75,2805,6,-8.900695884820182,21.001455942789715,-12.409110387166342,1.651959535430304,49.08416354239484,,,0.0,-1,-1,0,80,prompt
75,3305,7,-30.276731239704464,13.761236190795898,42.36800043923514,2.1279167795169482,63.22613415782581,,,0.0,-1,-1,0,80,prompt
75,4613,18,-15.336043446639605,37.71055410967933,32.00142627292209,6.534234350821397,194.14968745981312,,,0.0,-1,-1,0,80,prompt
75,4889,8,-8.12984431976092,34.9454625248909,19.07785040140152,2.3034353380515773,68.44126288650563,,,0.0,-1,-1,0,80,prompt
75,5587,6,-24.768321847405048,3.016043742497762,0.30945587158203125,2.2198941401496595,65.9590290712099,,,0.0,-1,-1,0,80,prompt
75,5615,6,-31.66721357726023,-28.936468760172527,45.625689109166466,1.8877740088916315,56.09084617159405,,,0.0,-1,-1,0,80,prompt
75,6279,9,26.54306976958348,41.260832998487686,9.866277694702148,3.84302099429685,114.18649605832414,0.32797738909721375,113.3802261352539,190.1167755126953,1,6,2,80,prompt
75,6381,6,-13.610110779695617,26.8996000289917,-13.974867026011148,1.5215787454893381,45.21019939315674,,,0.0,-1,-1,0,80,prompt
76,41,8,-7.162349975062405,40.02724266052246,16.822745084762573,2.8862018237261826,85.75682351398073,,,0.0,-1,-1,0,80,prompt
76,667,9,7.268596927660032,22.490232997470432,-48.59505542119344,3.3785929707595197,100.38708961279059,,,0.0,-1,-1,0,80,prompt
76,693,7,-15.730568387861025,-3.7174337506294255,46.68719073704311,2.5047574028400263,74.42308322824593,,,0.0,-1,-1,0,80,prompt
76,701,6,-14.943148602294444,8.055099805196129,-13.399199962615967,2.3945468823655176,71.14843206697873,,,0.0,-1,-1,0,80,prompt
76,1069,6,-32.760310230725885,-5.1499074300130205,6.341544151306153,2.1675438078967604,64.40355981503913,,,0.0,-1,-1,0,80,prompt
76,1997,7,9.038301741903743,20.49141420636858,13.889989171709333,2.6480250037914637,78.67994921352272,,,0.0,-1,-1,0,80,prompt
76,2027,7,-2.9839715794456616,-12.122239794049944,10.280707223074776,1.7596583251208089,52.284184422512666,,,0.0,-1,-1,0,80,prompt
76,2307,6,17.085927537587434,21.28320002555847,-25.297100067138672,2.985313749455911,88.70170555690103,,,0.0,-1,-1,0,80,prompt
76,2727,10,-4.938111505389229,-26.68713688850403,-6.789562320709228,3.894655677473524,115.72070145448924,,,0.0,-1,-1,0,80,prompt
76,2731,6,-6.668323163941103,-30.742400487263996,14.122666676839193,2.979292669410385,88.52280306484968,,,0.0,-1,-1,0,80,prompt
76,2975,9,25.01468424726395,16.301108254326714,16.21649996439616,2.6910257526644057,79.95761718592566,,,0.0,-1,-1,0,80,prompt
76,3675,7,14.959201425658174,-29.426716123308456,19.150144032069615,2.703980975259058,80.34255171423925,,,0.0,-1,-1,0,80,prompt
76,3907,10,-26.729728882060396,20.59038734436035,22.831569957733155,3.4247889062814383,101.75969517940403,,,0.0,-1,-1,0,80,prompt
76,4409,7,-22.42827966236947,37.97404316493443,43.840721539088655,3.515626482571161,104.45872403257634,0.32053694128990173,234.4053955078125,553.462646484375,5,15,3,80,prompt
76,4901,6,-7.858875937923909,-2.120006561279297,16.370526949564617,2.0598964780650335,61.20506794581408,,,0.0,-1,-1,0,80,prompt
76,5149,7,-30.128592018487033,1.037239892142159,-5.776707512991769,1.9482749306306506,57.88849137622076,,,0.0,-1,-1,0,80,prompt
76,5633,8,15.358791796623967,-1.5415077805519104,33.37293237447739,2.1738529900928785,64.59102259732353,,,0.0,-1,-1,0,80,prompt
77,125,6,33.63442792844522,-8.253706296284994,4.318531036376953,1.8066838609840241,53.681439647882065,,,0.0,-1,-1,0,80,prompt
77,163,12,-18.075055500583414,34.39352226257324,-2.8151283264160156,4.2711206015785885,126.90648749006243,,,0.0,-1,-1,0,80,prompt
77,485,7,17.333657219259322,-19.287900168980872,47.6571284702846,4.7012971315571885,139.68818988452787,,,0.0,-1,-1,0,80,prompt
77,551,6,-4.371499119486107,48.113519032796226,30.50243107477824,2.423741409470815,72.015880035434,,,0.0,-1,-1,0,80,prompt
77,1427,6,-52.4489737999638,26.211406707763672,4.001514832178752,2.2947077516136423,68.18194280580013,,,0.0,-1,-1,0,80,prompt
77,1597,7,-24.95448857263427,-11.0256159561021,11.930319820131574,2.51649784579872,74.77192338436669,,,0.0,-1,-1,0,80,prompt
77,1909,9,-5.2275727749598495,2.8205163213941784,22.447752952575684,2.3041143466763203,68.46143806009118,,,0.0,-1,-1,0,80,prompt
77,1957,13,-34.509650262984266,40.25347130115215,8.161474081186148,3.9459927474173457,117.24606396057119,0.3288516402244568,609.706787109375,609.706787109375,5,7,1,80,prompt
77,2063,7,14.962229376406382,10.027966899531227,32.71595559801374,2.198484197066009,65.3228820438691,,,0.0,-1,-1,0,80,prompt
77,2909,10,-29.020949285395197,-4.262182807922363,32.43760452270508,3.4555499415158692,102.67368832015424,0.553280770778656,85.13287353515625,85.13287353515625,5,11,1,80,prompt
77,3389,8,32.87738341275053,45.00510025024414,13.159024894237518,4.378272689222984,130.0902643811087,0.3536180555820465,293.64996337890625,293.64996337890625,1,5,1,80,prompt
77,3447,9,3.4837061433760628,35.031678941514755,-11.169745869106716,3.6667681858148726,108.94955078769902,,,0.0,-1,-1,0,80,prompt
77,3451,6,32.010097491593086,-33.171862284342446,32.151326179504395,2.3874275291004996,70.93689692190921,,,0.0,-1,-1,0,80,prompt
77,3955,6,-1.4009470168302431,19.357181072235107,27.021364212036133,1.6387387312459,48.691337870317916,,,0.0,-1,-1,0,80,prompt
77,3987,8,0.04026628466137794,-12.61611533164978,0.10392177104949951,1.5926096807624308,47.32071963819749,,,0.0,-1,-1,0,80,prompt
77,4365,7,1.5494449919098794,10.96623206777232,-10.358624594552177,2.400937212074423,71.33830596025182,,,0.0,-1,-1,0,80,prompt
77,4477,9,-26.712776797633722,-3.7966124216715493,-4.254917939503987,3.644606475041119,108.29106671913203,,,0.0,-1,-1,0,80,prompt
78,21,7,-17.74655701319897,9.936910697392054,18.9903507232666,2.570035090908449,76.36265901572749,,,0.0,-1,-1,0,80,prompt
78,117,10,-21.802652478935887,11.256816816329959,-22.677262783050537,4.152955764763828,123.39549218371234,0.45341387391090393,105.01936340332031,173.87330627441406,7,7,2,80,prompt
78,1167,7,-8.948267606473484,8.032665661403112,10.031294141496929,2.3735431363824975,70.52435424865315,,,0.0,-1,-1,0,80,prompt
78,1239,6,-11.596318456303573,42.7003436088562,24.93368943532308,1.8386578916128353,54.63147414620609,,,0.0,-1,-1,0,80,prompt
78,1433,6,-35.80381440510744,-29.37986946105957,37.569119135538735,1.7651140761879596,52.44628946920611,,,0.0,-1,-1,0,80,prompt
78,1617,7,-8.611820864528243,16.239525318145752,15.741507087435041,2.147895645796889,63.81976004202208,,,0.0,-1,-1,0,80,prompt
78,1693,395,-24.258350277116584,18.131060923202128,-31.268005293834058,181.26557849155438,5385.888157949761,,,0.0,-1,-1,0,80,prompt
78,2313,10,-45.45930940269449,-9.197778701782227,25.211190605163573,3.7294251262860167,110.81125711112337,,,0.0,-1,-1,0,80,prompt
78,3449,11,19.21179519725766,35.4392485185103,-9.887232780456543,4.940073871987092,146.78288943740068,,,0.0,-1,-1,0,80,prompt
78,3463,6,-18.83444156380566,17.26026789347331,-7.0620683034261065,1.577300148680971,46.86583223912559,,,0.0,-1,-1,0,80,prompt
78,3649,10,-9.71941473295349,-29.02607250213623,15.471129894256592,3.4624181833725616,102.8777622694927,,,0.0,-1,-1,0,80,prompt
78,3913,8,6.0891245451178975,12.75467824935913,3.6627718210220346,1.6628400908390653,49.40745412528227,,,0.0,-1,-1,0,80,prompt
78,5575,12,-19.385852876813193,-11.884044090906778,5.449389616648357,3.0923717139692632,91.8826857964203,,,0.0,-1,-1,0,80,prompt
79,435,8,-6.056541604172827,-0.9595454931259151,10.631207883358002,2.5895282013703462,76.94185178730618,,,0.0,-1,-1,0,80,prompt
79,555,9,-32.85138202094443,-38.434158431159126,15.98962296379937,4.051894005850579,120.39267534952884,,,0.0,-1,-1,0,80,prompt
79,561,7,7.333911574459683,29.98492537225996,4.973221506391253,3.080850750931228,91.54036697940555,,,0.0,-1,-1,0,80,prompt
79,1659,11,21.861496175312176,18.522027134895325,-18.790391141718086,4.369062925261461,129.81661750854377,,,0.0,-1,-1,0,80,prompt
79,1909,14,8.032182392657822,11.870847616876874,1.7999630655561174,5.990149409987138,177.98345962911353,,,0.0,-1,-1,0,80,prompt
79,2435,1006,15.893752499914989,52.691544710760326,-56.58023276148923,539.8233938504973,16039.605801159361,,,0.0,-1,-1,0,80,prompt
79,3189,8,-19.445654097025887,33.961668848991394,26.559122443199158,2.8452451280888305,84.5398898641524,,,0.0,-1,-1,0,80,prompt
79,3237,9,29.98076411448904,49.799362394544815,15.38624291949802,3.503469671666007,104.09751246423906,0.47799593210220337,125.16090393066406,125.16090393066406,1,7,1,80,prompt
79,4101,6,1.4464584679375239,36.86224420865377,57.16185696919759,2.155807597528666,64.0548454205758,,,0.0,-1,-1,0,80,prompt
79,4237,8,-10.730720191371706,24.352359795942903,13.031802535057068,7.324012849371347,217.61613209944835,,,0.0,-1,-1,0,80,prompt
79,5199,6,-11.928912723419051,7.7456440925598145,30.67794406414032,1.3321693391641118,39.58233619364223,,,0.0,-1,-1,0,80,prompt
79,6369,6,-5.870495481123246,-25.181425094604492,2.3463247617085776,1.8721604657319448,55.62692578523503,,,0.0,-1,-1,0,80,prompt
79,6667,6,-26.597131794541024,20.30402421951294,30.525525252024334,2.9514562797374007,87.69570901452074,0.4920504093170166,76.90016174316406,76.90016174316406,4,6,1,80,prompt
79,6765,7,-41.26365515567157,-31.845621381487167,-19.416654314313615,1.9160223044163802,56.93017905329778,,,0.0,-1,-1,0,80,prompt
80,479,6,-31.339467521608572,27.48156213760376,31.62478764851888,2.3523626541131266,69.89502511962834,,,0.0,-1,-1,0,80,prompt
80,517,11,-9.953825619260481,18.62028104608709,38.717507709156386,4.595276690603705,136.5380372621502,,,0.0,-1,-1,0,80,prompt
80,801,6,-25.208691431876826,-37.62895584106445,9.237706343332926,1.489328094854045,44.25194577000186,,,0.0,-1,-1,0,80,prompt
80,2135,8,-26.381608402900603,-10.264016807079315,20.869874238967896,2.548173241195731,75.71308462626837,,,0.0,-1,-1,0,80,prompt
80,2325,6,16.99359825931367,26.38230013847351,12.282932917277018,4.784649285841151,142.16480670518092,,,0.0,-1,-1,0,80,prompt
80,2889,6,-1.1769703725186136,38.64970048268636,-28.023632685343426,2.8050675813232275,83.3461068241451,,,0.0,-1,-1,0,80,prompt
80,2907,6,-15.95816634179102,-0.6050562858581543,34.71473137537638,1.1728094271849359,34.84732434018903,,,0.0,-1,-1,0,80,prompt
80,3039,6,-20.92579431542778,37.76290035247803,-29.79723374048869,1.8385912148481593,54.629493000087415,,,0.0,-1,-1,0,80,prompt
80,3055,6,-31.58072429299932,-3.279312481482824,21.18011728922526,1.7320714446975396,51.46450396347071,,,0.0,-1,-1,0,80,prompt
80,4193,12,-18.94170621507656,-21.694269339243572,8.087637464205423,3.2556492885270276,96.7341019482762,,,0.0,-1,-1,0,80,prompt
80,4289,7,-15.055838673915174,29.193139212472097,13.012368338448661,2.41738699233711,71.82707320141785,,,0.0,-1,-1,0,80,prompt
80,4299,7,-13.726905063651168,-45.26638902936663,38.971239362444194,2.451666606990505,72.84561280588778,,,0.0,-1,-1,0,80,prompt
80,4669,6,-32.5155208501289,23.731137722730637,-1.4887086947758992,1.3743861933119743,40.83671254414972,,,0.0,-1,-1,0,80,prompt
81,1421,7,34.86460576498367,-21.694928850446427,-12.158499990190778,2.454056936026685,72.91663591439355,,,0.0,-1,-1,0,80,prompt
81,1775,7,-44.95374103585106,28.405312401907786,47.661086899893625,2.2225055837704364,66.03662208908645,0.29259225726127625,170.90948486328125,254.05690002441406,5,13,2,80,prompt
81,2061,9,13.765942650222286,-8.732516553666857,5.619969262017144,4.104341459898942,121.95103035561655,,,0.0,-1,-1,0,80,prompt
81,2367,8,-40.0232049172992,-5.324264168739319,16.75125789642334,2.8215214164054125,83.83499454491073,,,0.0,-1,-1,0,80,prompt
81,2421,6,-25.27878808343513,4.817356824874878,-14.624639590581259,1.7234727863467454,51.209014683204764,,,0.0,-1,-1,0,80,prompt
81,3387,7,-9.830433348116781,21.6672157900674,-17.686602524348668,2.6170642371310584,77.76002151459065,,,0.0,-1,-1,0,80,prompt
81,3439,56,4.289868509803166,-10.348639149750982,-8.651967235973903,12.87216200119755,382.46657454984455,,,0.0,-1,-1,0,80,prompt
81,3509,7,-24.794437641438815,32.91849136352539,-25.753636496407644,2.073459987580508,61.60807631556387,,,0.0,-1,-1,0,80,prompt
81,3737,6,7.866932938885422,-3.2100310722986864,32.13893961906433,2.3409061478393705,69.554621486546,,,0.0,-1,-1,0,80,prompt
81,4283,6,-4.184374474832126,18.645894209543865,37.39360682169596,1.7146045280352438,50.9455148625602,,,0.0,-1,-1,0,80,prompt
81,4359,10,-44.45375636053548,-14.158316326141357,18.54998893737793,3.4253786377942244,101.77721768973124,,,0.0,-1,-1,0,80,prompt
81,4629,9,-32.52298676450361,-28.71938705444336,4.012781937917073,2.9748714631460316,88.39143712840885,,,0.0,-1,-1,0,80,prompt
81,4977,7,-5.356591142991445,1.3539537021092,-17.400121007646835,2.48655183600795,73.8821468429398,,,0.0,-1,-1,0,80,prompt
82,1148,7,10.009959904597391,-4.299396514892579,0.6209215436662987,1.5674458319679834,46.57303396969774,,,0.0,-1,-1,0,80,prompt
82,1464,7,-30.572770855756826,26.022037233625138,32.80718721662249,2.400877217438523,71.336523358162,,,0.0,-1,-1,0,80,prompt
82,1534,9,13.775608947197274,-30.751637670728897,13.560159895155165,3.293492545802584,97.85852696550671,,,0.0,-1,-1,0,80,prompt
82,1626,47,13.089002302702793,-6.269510928620684,-19.351779075379067,10.337973481554538,307.1690136365161,,,0.0,-1,-1,0,80,prompt
82,1678,10,-7.500868895800619,17.159579944610595,0.8821401596069336,3.554971985096714,105.62778479901873,,,0.0,-1,-1,0,80,prompt
82,1978,8,-3.8775929391169046,-13.37474513053894,38.20183563232422,2.71576678560646,80.69273985757101,,,0.0,-1,-1,0,80,prompt
82,2208,6,0.14860367340844652,4.360099653402965,-29.361600081125896,2.453590502083364,72.90277690667291,,,0.0,-1,-1,0,80,prompt
82,2468,8,7.746396805349426,-0.9041203856468192,8.905001521110535,2.76056188611065,82.02372284588795,,,0.0,-1,-1,0,80,prompt
82,2734,6,-17.733407836858202,-7.676362673441569,20.855333010355633,2.357452182179667,70.04624869539626,,,0.0,-1,-1,0,80,prompt
82,3252,6,-18.020649356166263,-10.322905540466309,9.64562718073527,2.558207065286348,76.01121654297489,,,0.0,-1,-1,0,80,prompt
82,3556,15,-23.663077602208638,52.48377965291341,-35.11102037429809,5.668051091158882,168.41305174743474,0.22364100813865662,649.744140625,789.9066772460938,6,14,2,80,prompt
82,3874,6,9.612786210966732,-0.36488151550292997,-12.841801643371582,2.249583205230332,66.84117109381154,,,0.0,-1,-1,0,80,prompt
82,3948,6,24.87082084541647,-0.2632686297098796,9.748710632324219,1.6767780057844162,49.821587087951585,,,0.0,-1,-1,0,80,prompt
82,4118,18,-18.32005401018397,23.729598336749607,6.115293516053094,7.024761018915619,208.724554871666,,,0.0,-1,-1,0,80,prompt
82,4282,7,-37.64019117089675,22.67278344290597,5.841486794607979,2.6341138142288196,78.26661033389682,,,0.0,-1,-1,0,80,prompt
82,4528,6,-10.53034782994616,26.442343711853027,7.219105879465739,1.8104190242857452,53.79242140162793,,,0.0,-1,-1,0,80,prompt
82,4682,9,24.73346112501645,-10.432216538323296,-29.160335964626736,4.767110870905185,141.64369319814392,,,0.0,-1,-1,0,80,prompt
82,5588,10,-5.209914740778773,-8.90956883430481,3.951926517486572,3.3443129999559793,99.3685394261414,,,0.0,-1,-1,0,80,prompt
82,6282,6,-28.697338663643233,-35.716793060302734,14.054856618245443,2.6582202657338194,78.98287788326509,,,0.0,-1,-1,0,80,prompt
83,197,6,-32.501818521184994,30.298999150594074,-32.2436998685201,2.7004645289986495,80.23806863240095,,,0.0,-1,-1,0,80,prompt
83,983,8,-0.9604648922841985,-22.8593487739563,31.9595949947834,3.5415108776643374,105.22781907074172,,,0.0,-1,-1,0,80,prompt
83,1419,7,-29.630155320308365,45.27826581682478,-39.7365733555385,2.7656240505176304,82.1741333736894,0.3873905837535858,121.48165130615234,121.48165130615234,6,7,1,80,prompt
83,1889,6,-5.4496230306792555,26.59938148657481,14.790914297103882,1.6783154226798174,49.86726788140218,,,0.0,-1,-1,0,80,prompt
83,2741,8,8.274866717455517,39.05730414390564,42.32406973838806,2.578058027720549,76.60104205970006,,,0.0,-1,-1,0,80,prompt
83,3501,8,23.977549689044643,-15.695667058229446,5.363626718521118,2.3738533984873977,70.53357297076548,,,0.0,-1,-1,0,80,prompt
83,4051,6,-8.276215779161662,-36.543550292650856,29.002808491388958,1.2747646624143942,37.87668876024581,,,0.0,-1,-1,0,80,prompt
83,4211,8,31.115687849877,-22.225424766540527,13.319475054740906,2.289254292292406,68.01990585304536,,,0.0,-1,-1,0,80,prompt
83,4425,6,-25.983489371460653,-27.269099871317547,32.32683706283569,1.0588925082178662,31.46254610506785,,,0.0,-1,-1,0,80,prompt
83,4473,6,21.157279925340152,-9.680900494257608,-7.463899691899617,1.614916381916372,47.98351176115719,,,0.0,-1,-1,0,80,prompt
83,4637,9,15.351752115828877,34.933145946926544,16.9083317650689,4.094668236413582,121.66361285333862,,,0.0,-1,-1,0,80,prompt
83,4661,7,4.480822924209663,22.58172791344779,-7.85118647984096,2.3724084756482795,70.49064042464659,,,0.0,-1,-1,0,80,prompt
83,5427,7,10.14288190533841,-11.68675708770752,-24.93540062223162,2.275970190636126,67.62519944273319,,,0.0,-1,-1,0,80,prompt
83,5743,7,43.0904529245367,-33.730070795331685,-9.934842927115303,3.463511172434744,102.91023791597651,,,0.0,-1,-1,0,80,prompt
83,5855,7,-13.501526752726514,18.610923290252686,39.17314495359148,1.671783861392269,49.67319761784594,,,0.0,-1,-1,0,80,prompt
83,6297,13,-29.68860306798862,-2.293742399949294,4.781132844778209,4.77797229445603,141.96641532204512,,,0.0,-1,-1,0,80,prompt
83,6597,7,-10.122053199713296,-16.310785702296666,25.10167462485177,2.6448029389011705,78.58421299442811,,,0.0,-1,-1,0,80,prompt
84,513,6,-45.610835668069605,19.010775248209637,42.617412408192955,2.6701286210613504,79.33670716774888,,,0.0,-1,-1,0,80,prompt
84,1411,6,-11.467331844402628,6.263024648030599,-7.52709166208903,1.6504264841702887,49.03861246372034,,,0.0,-1,-1,0,80,prompt
84,1835,10,-20.201171504379566,20.122046279907227,11.253163623809815,3.131717665092149,93.05175989189672,,,0.0,-1,-1,0,80,prompt
84,2091,7,11.917327601915352,6.330326625279018,11.061876569475448,2.516512022963819,74.77234462609529,,,0.0,-1,-1,0,80,prompt
84,3401,7,-21.174265762041923,43.08105986458914,12.883160999843053,2.5048187356248373,74.42490559034111,0.5125105977058411,59.240516662597656,59.240516662597656,2,6,1,80,prompt
84,3599,10,17.221596103150247,5.5868395328521725,-0.21703996658325195,3.0187410257986858,89.6949198963541,0.585252046585083,83.24407196044922,83.24407196044922,4,7,1,80,prompt
84,3703,14,5.512644610919702,22.225425447736466,24.24987472806658,4.3532247777852024,129.34602352348548,,,0.0,-1,-1,0,80,prompt
84,4061,6,-16.473082231025632,-1.2840122381846106,9.52239195505778,1.6304428142367393,48.444843850047796,0.5267791748046875,47.637359619140625,47.637359619140625,5,4,1,80,prompt
84,4211,6,-35.655210731699,-4.697268486022949,-1.4116604328155518,3.739488209704697,111.1102584012092,,,0.0,-1,-1,0,80,prompt
84,4595,7,-10.566676453330809,5.859215055193222,18.46525035585676,1.1096532702311408,32.97078495157638,,,0.0,-1,-1,0,80,prompt
84,6379,8,-15.990078310073626,-34.11755084991455,42.932642221450806,3.268773158125005,97.12404743292052,,,0.0,-1,-1,0,80,prompt
85,159,7,-38.77744768831963,47.142921447753906,0.23168557030813933,3.1969142546270044,94.98892602369406,,,0.0,-1,-1,0,80,prompt
85,429,6,-15.854915416189995,-17.477350036303203,7.878116289774577,1.9088733708508459,56.71776499789357,,,0.0,-1,-1,0,80,prompt
85,767,11,-7.546019597095215,25.588714773004707,-8.08741196719083,5.584530087602828,165.93141796050156,,,0.0,-1,-1,0,80,prompt
85,783,6,-12.302335346586679,59.80819320678711,15.223606189092001,2.0027320365228043,59.506558546951865,0.3363761305809021,253.26943969726562,253.26943969726562,4,7,1,80,prompt
85,989,6,-16.223369900414085,31.185800075531006,9.291454156239828,2.5398780789288584,75.46661303142277,,,0.0,-1,-1,0,80,prompt
85,1701,6,2.9720623709438967,23.86046250661214,34.582258224487305,1.6430457486957974,48.81931094977695,,,0.0,-1,-1,0,80,prompt
85,2957,7,-37.59488113083261,-32.60573584692819,-25.283785479409353,1.8004627227473464,53.49659288857607,,,0.0,-1,-1,0,80,prompt
85,3029,7,26.382920525305952,41.6122978755406,22.230191230773926,3.0114091957790365,89.47707149508817,,,0.0,-1,-1,0,80,prompt
85,3691,18,-33.87847309362358,38.104687717225815,31.69609917534722,28.90218496717138,858.7616967819109,,,0.0,-1,-1,0,80,prompt
85,3731,18,-45.706026517309674,26.21910444895427,24.41128108236525,32.48721464143651,965.2825764172172,,,0.0,-1,-1,0,80,prompt
85,3813,15,-46.58891985101702,37.700085449218754,24.19657897949219,40.25050685088149,1195.950880490743,,,0.0,-1,-1,0,80,prompt
85,4187,16,-14.427372956861358,32.53274321556091,6.443233370780944,8.001422167545531,237.74378598277593,0.3197757601737976,101.7534408569336,260.3537902832031,4,7,3,80,prompt
85,4419,6,-11.270436038270267,46.76946194966634,49.92427444458008,2.8097208519723407,83.48436801798759,,,0.0,-1,-1,0,80,prompt
85,6481,7,16.726766449658196,-12.577516010829381,37.82710920061384,3.143546303822307,93.4032205817397,,,0.0,-1,-1,0,80,prompt
86,395,8,-13.978757155643907,19.509600400924683,-0.5703126192092896,2.856716440592515,84.8807334301724,,,0.0,-1,-1,0,80,prompt
86,1269,14,-18.51944190486094,4.263766390936715,45.5357734135219,7.070171683472649,210.0738279245956,0.32329341769218445,343.38995361328125,880.447021484375,4,10,3,80,prompt
86,1879,7,-18.797935005017724,-4.101449966430664,3.35258252280099,1.9269505084141811,57.25488540399722,,,0.0,-1,-1,0,80,prompt
86,1961,7,-16.640785129071464,1.0214031083243238,13.636617933000837,1.3039235848847635,38.743078819178336,,,0.0,-1,-1,0,80,prompt
86,2493,6,-7.941952540458291,33.897006352742515,25.820489565531414,1.8063769062349104,53.67231919621091,,,0.0,-1,-1,0,80,prompt
86,2615,7,-4.828570103187682,-8.392928804670062,19.477474757603236,2.1717025719449983,64.52712788695608,,,0.0,-1,-1,0,80,prompt
86,2857,6,-31.00647469623381,-20.899845123291016,18.770805994669598,1.658081048588632,49.26605017251257,,,0.0,-1,-1,0,80,prompt
86,2895,6,-32.687199455700345,1.9583501021067307,16.005646069844563,1.9303329400959663,57.3553865520453,,,0.0,-1,-1,0,80,prompt
86,3923,6,-20.991839872040842,16.618262608846027,22.184062639872234,1.886985700417955,56.06742340534953,,,0.0,-1,-1,0,80,prompt
86,4117,6,-23.0517368708299,-25.610968907674152,13.114101966222128,1.925253297046576,57.20445668673942,,,0.0,-1,-1,0,80,prompt
86,4161,9,21.755300405358852,17.90843327840169,-38.74689981672499,3.0158964246989384,89.61039914230517,,,0.0,-1,-1,0,80,prompt
86,4315,6,-11.278816858940324,26.520862579345703,-9.719321171442667,2.4411931262054143,72.53441750558666,,,0.0,-1,-1,0,80,prompt
86,5291,13,-18.689340118200377,1.45810420696552,24.737038649045505,3.817599444633008,113.43115340347148,,,0.0,-1,-1,0,80,prompt
86,5549,9,-33.933687742132975,27.81103367275662,15.629497369130453,3.4780296550698724,103.34162110712984,0.41733911633491516,381.1073913574219,539.564453125,4,7,3,80,prompt
86,5601,16,-38.07206313566871,48.40507674217224,-27.670457661151886,6.875875245489026,204.30075786255634,,,0.0,-1,-1,0,80,prompt
86,5667,6,-15.995536827187669,-34.23879353205363,11.002068519592285,2.0613965233680727,61.24963832868135,,,0.0,-1,-1,0,80,prompt
86,5927,8,-28.646220389349473,-39.909464225173,16.54561996459961,3.543463540155322,105.28583792834384,,,0.0,-1,-1,0,80,prompt
87,1613,7,10.83510948616375,8.713601793561663,3.1744305746895916,3.404450531406675,101.15538732734797,,,0.0,-1,-1,0,80,prompt
87,1699,6,-23.67260962873144,32.2943000793457,-11.174433390299479,1.708789478577293,50.77273409373415,,,0.0,-1,-1,0,80,prompt
87,2291,6,-18.805691754038502,17.68519401550293,12.114981810251875,1.895527805675313,56.32123234101411,,,0.0,-1,-1,0,80,prompt
87,2947,7,24.158948660940233,31.952513013567245,-30.678544316973007,2.831493411958267,84.13128936936768,,,0.0,-1,-1,0,80,prompt
87,3137,11,-7.638686709733673,25.31159036809748,8.655174081975762,2.8717405950975032,85.3271414934407,,,0.0,-1,-1,0,80,prompt
87,3525,9,-26.30802663761462,48.21667014227973,17.787012418111164,3.480240272672078,103.40730450529374,0.3336990177631378,221.633056640625,384.177978515625,4,7,2,80,prompt
87,3879,8,-28.8537253203328,21.982940435409546,16.81235361099243,3.3047054196079584,98.19169162229102,,,0.0,-1,-1,0,80,prompt
87,4043,7,-47.485297276634824,-49.79936218261719,49.98893778664725,2.327000035281795,69.1414334584039,,,0.0,-1,-1,0,80,prompt
87,4131,6,-29.963459074559676,13.934768915176392,21.414202372233074,1.3929367250352298,41.38789876474045,,,0.0,-1,-1,0,80,prompt
87,4467,6,-13.760901910430952,6.429300268491109,21.688178380330402,2.111129217558086,62.727330513430104,,,0.0,-1,-1,0,80,prompt
87,4599,10,4.860363603674813,6.512436866760254,14.065982341766357,3.2577272035542277,96.79584239580822,,,0.0,-1,-1,0,80,prompt
88,387,7,15.795818300854842,18.25857823235648,18.044342858450754,2.700530461419541,80.24002766206263,,,0.0,-1,-1,0,80,prompt
89,447,6,23.29080618489375,-12.91402498881022,12.074882904688517,2.4250561782639557,72.05494535457703,,,0.0,-1,-1,0,80,prompt
89,585,10,-28.683051585577466,21.222232007980345,11.487837743759155,2.90148850821666,86.21103204963723,,,0.0,-1,-1,0,80,prompt
89,1137,8,-28.15126406596859,-25.370795011520382,-11.22828483581543,2.638736248217197,78.40395528756142,,,0.0,-1,-1,0,80,prompt
89,1277,6,-15.018048276387598,10.059636751810709,36.762308756510414,2.3368122549082937,69.4329809101007,,,0.0,-1,-1,0,80,prompt
89,1555,7,-17.264999000784503,22.862812655312673,17.218187877110072,3.4103600115885424,101.33097388711306,,,0.0,-1,-1,0,80,prompt
89,1739,13,14.063332897494368,-33.36585041192862,2.291950299189641,4.617168079927452,137.18848935294983,,,0.0,-1,-1,0,80,prompt
89,1807,12,-30.627738384445944,29.017296353975933,36.449807484944664,3.7960074432761806,112.78959693488032,,,0.0,-1,-1,0,80,prompt
89,2795,10,-15.075991080492267,5.581297469139099,44.08617534637451,3.485875100867577,103.57473041540186,,,0.0,-1,-1,0,80,prompt
89,3057,6,-26.067641721293185,-0.9052751064300537,43.58734941482544,1.4527985621030965,43.16655504388594,,,0.0,-1,-1,0,80,prompt
89,3585,6,-37.57095371028415,23.46786912282308,-23.427976687749226,1.9593910136990187,58.21878011972591,,,0.0,-1,-1,0,80,prompt
89,3627,7,15.500525989147606,36.08167484828404,1.349364144461496,2.8207443261584157,83.81190510237127,,,0.0,-1,-1,0,80,prompt
89,4041,7,-12.91192826003966,6.07695552280971,-35.587616375514436,2.187562319526211,64.99836366926269,,,0.0,-1,-1,0,80,prompt
89,4353,7,3.1345583036637,8.82841055733817,30.87127140590123,1.9628054021316335,58.32023078884298,,,0.0,-1,-1,0,80,prompt
89,4735,6,-10.289489616814693,27.269099553426106,-55.374399185180664,2.8562762802089434,84.86765508061917,,,0.0,-1,-1,0,80,prompt
89,5003,7,-9.942971059580405,19.07015882219587,31.26320457458496,2.9028009293370802,86.25002761310569,,,0.0,-1,-1,0,80,prompt
89,5597,6,-1.142455307289346,-32.14649963378906,42.360233306884766,2.0092504439660415,59.700237974394064,,,0.0,-1,-1,0,80,prompt
89,5637,6,1.5995865331012382,42.972850481669106,-10.920195897420244,2.19052278135894,65.08632695749228,,,0.0,-1,-1,0,80,prompt
89,5665,8,31.351519563602274,21.009539365768433,-1.9203487038612357,3.054091060041196,90.74526454752416,,,0.0,-1,-1,0,80,prompt
89,6041,10,-21.419787861304876,10.769077682495118,5.061185264587403,3.922608008167052,116.55124042455843,,,0.0,-1,-1,0,80,prompt
89,6077,9,-32.859058602022436,-42.04910024007162,62.59196429782443,3.478949607729653,103.36895537642364,,,0.0,-1,-1,0,80,prompt
90,727,8,-2.415497243645026,-17.413841992616653,-17.91628670692444,2.930993753233974,87.08771228346087,,,0.0,-1,-1,0,80,prompt
90,1977,7,19.00506814471775,0.035630498613630025,54.913845607212615,1.5256131485839097,45.330072366460726,,,0.0,-1,-1,0,80,prompt
90,2165,6,-18.591914379086308,-42.14147535959879,32.74252494176229,1.4224558455507204,42.2649912769566,,,0.0,-1,-1,0,80,prompt
90,2249,9,-20.94963316275724,17.083216773139107,5.465030670166015,2.9261867749374577,86.94488402175682,,,0.0,-1,-1,0,80,prompt
90,2449,7,-32.57408947194869,-17.577643258231028,53.34215109688895,2.5602652826045125,76.07237171856113,,,0.0,-1,-1,0,80,prompt
90,2973,9,-27.048613055599002,0.6558625962999132,17.543620851304794,1.4791534045995385,43.949628340467896,,,0.0,-1,-1,0,80,prompt
90,3271,6,16.05002232325475,6.627906670173009,23.91756470998128,3.9821097824098017,118.31919826817052,,,0.0,-1,-1,0,80,prompt
90,3567,8,-44.11702888672198,49.41831588745117,34.760918617248535,2.5856392557973065,76.82630074842143,,,0.0,-1,-1,0,80,prompt
90,3975,8,-28.386706915389617,-11.202778100967407,-16.786847293376923,3.318183898929351,98.59217351614183,,,0.0,-1,-1,0,80,prompt
90,3991,7,-1.3766243432386216,-40.64631979806082,-28.62782028743199,2.395853846914325,71.1872655010199,,,0.0,-1,-1,0,80,prompt
90,5515,6,-0.8496524247480105,41.125350634256996,33.5938458442688,2.594997914052577,77.10437167115708,,,0.0,-1,-1,0,80,prompt
90,5813,7,-7.606055800771039,9.841897147042408,-34.357648849487305,2.2220540130370385,66.02320470733244,0.807508111000061,34.58527374267578,34.58527374267578,4,6,1,80,prompt
90,6307,6,-19.25170666649267,39.222424825032554,5.313033620516459,2.099940570230673,62.394885690504175,,,0.0,-1,-1,0,80,prompt
90,6363,13,-41.11302092550137,1.2257450543917159,19.527862255389874,4.258770139660137,126.53952202896745,,,0.0,-1,-1,0,80,prompt
91,449,6,14.236259856942029,14.07794984181722,-2.7172956466674805,1.086284227029932,32.276427787423046,,,0.0,-1,-1,0,80,prompt
91,1171,7,-33.28411780765094,-27.015728541782924,-28.14752905709403,2.5690613785974334,76.3337274025178,,,0.0,-1,-1,0,80,prompt
91,1315,7,-8.738106516025246,15.459616252354213,15.184559209006173,1.8527562046520512,55.05037296790664,,,0.0,-1,-1,0,80,prompt
91,1713,6,33.58081428744746,-45.64248808224996,37.79690742492676,1.7067453022095402,50.711996112571605,,,0.0,-1,-1,0,80,prompt
91,1973,6,-16.406563377602538,-21.74507490793864,2.695878664652506,1.7674631247490233,52.51608602370238,,,0.0,-1,-1,0,80,prompt
91,2071,6,31.720428659998706,3.1776997248331704,8.580166498819986,1.9989890357951219,59.39534392218867,,,0.0,-1,-1,0,80,prompt
91,2433,7,-23.319265101627668,28.009419986179896,-12.152020045689174,2.33808892348193,69.47091416918715,,,0.0,-1,-1,0,80,prompt
91,2543,6,-0.09626044573928756,20.54419978459676,-57.000200271606445,1.9935267515411512,59.23304475693271,,,0.0,-1,-1,0,80,prompt
91,2797,6,-6.8930969247713065,0.22169939676920572,-40.22489992777506,2.82144244805402,83.83264818267162,,,0.0,-1,-1,0,80,prompt
91,3263,6,2.4057202980384145,31.47216256459554,28.86277484893799,1.4234051808463855,42.29319858343694,,,0.0,-1,-1,0,80,prompt
91,4205,11,-23.781092909395042,9.49279091574929,4.955899715423585,3.7169653931014306,110.44104490664132,,,0.0,-1,-1,0,80,prompt
91,4479,6,-0.2768383577197895,-35.40271822611491,-34.79934032758077,1.5306178310705556,45.478774951714016,,,0.0,-1,-1,0,80,prompt
91,5107,6,33.602100320542846,-31.619962056477863,-33.29047966003418,2.846688519648755,84.5827769118455,,,0.0,-1,-1,0,80,prompt
91,5657,6,12.804819320205988,33.16724260648092,28.462414423624676,2.797657590453859,83.12593605368795,,,0.0,-1,-1,0,80,prompt
91,5985,6,-38.08141994631422,-8.937281439701716,20.250277360280354,1.9445755773388218,57.77857363424052,,,0.0,-1,-1,0,80,prompt
92,227,8,-21.963015132018036,51.50368070602417,34.37294411659241,2.0198204484278275,60.0143012528938,,,0.0,-1,-1,0,80,prompt
92,781,9,-14.046424632450623,-4.711125128799015,55.21428341335721,2.9947373293062136,88.98170547494175,,,0.0,-1,-1,0,80,prompt
92,1275,9,-54.5403114886096,-32.04180802239312,-26.9802860683865,3.738861264697588,111.09163017781692,,,0.0,-1,-1,0,80,prompt
92,1729,26,-4.706685295232181,34.63636088371277,-3.116346212533805,10.596111222878916,314.8389806301867,,,0.0,-1,-1,0,80,prompt
92,3019,9,-21.30879499541539,38.51113764444987,28.88013203938802,3.514158228697553,104.4150982586344,,,0.0,-1,-1,0,80,prompt
92,3201,9,-30.229682403981478,28.04504982630412,30.088283432854546,3.294046793321283,97.87499515087525,,,0.0,-1,-1,0,80,prompt
92,3219,8,-18.337816268836885,26.04628562927246,0.44214165210723877,2.8887809201571697,85.83345540979599,,,0.0,-1,-1,0,80,prompt
92,3543,9,-15.239684910871391,9.117412567138672,-22.371754116482204,3.671347077061032,109.08560196931033,,,0.0,-1,-1,0,80,prompt
92,3567,11,34.2859429888777,-12.98456638509577,16.963997927579012,3.4613801684067753,102.8469200513588,,,0.0,-1,-1,0,80,prompt
92,3741,7,-8.286880149580997,22.811346871512278,19.811285768236434,1.0906509306490217,32.40617430359589,,,0.0,-1,-1,0,80,prompt
92,4093,11,6.3761491423364625,-41.66448497772217,-13.453672755848277,4.043937917158887,120.15627854311494,,,0.0,-1,-1,0,80,prompt
92,4101,9,6.313555945684593,3.935175061225893,-23.734844101799858,4.0708346578921795,120.95545309466738,0.7486188411712646,186.11582946777344,186.11582946777344,5,6,1,80,prompt
92,4443,7,-22.815989550892656,-14.434253965105329,3.964778355189732,2.9412015445977113,87.39101323603164,,,0.0,-1,-1,0,80,prompt
92,4649,9,3.8152837150922605,3.100720829433866,-18.435598691304524,2.6217767350776024,77.90004251083202,,,0.0,-1,-1,0,80,prompt
93,1409,6,21.322246681829427,6.6186683177948,16.86158561706543,2.2912098611386735,68.07801106628449,,,0.0,-1,-1,0,80,prompt
93,1861,8,-41.46230663553522,6.1556396484375,-18.484392285346985,2.368975446709471,70.38863589592528,,,0.0,-1,-1,0,80,prompt
93,1911,7,27.142781460510797,14.410500117710658,5.760871614728657,2.1694782347432127,64.46103684256653,,,0.0,-1,-1,0,80,prompt
93,2203,9,-42.18912091096192,13.560649871826172,12.74935785929362,3.335573601237851,99.10886837080221,,,0.0,-1,-1,0,80,prompt
93,2297,7,-37.66180591423468,48.54438236781529,9.607688903808594,2.26552120608829,67.31473199156504,,,0.0,-1,-1,0,80,prompt
93,2551,7,-1.8726135384166847,-6.449094227382115,16.64144434247698,3.178876809657507,94.45298499137384,,,0.0,-1,-1,0,80,prompt
93,2685,7,-16.189281202877027,17.304476465497697,-5.890255519321987,2.4103224675552353,71.61716715813662,,,0.0,-1,-1,0,80,prompt
93,3089,10,6.009525412739881,21.615750312805176,29.488995361328126,4.805422191895655,142.78202564799514,,,0.0,-1,-1,0,80,prompt
93,3357,6,18.28505579827075,20.082325220108032,24.881412029266357,2.328108038783316,69.17435522428724,,,0.0,-1,-1,0,80,prompt
93,3683,7,5.816940095048008,-16.964008944375173,15.238723618643624,3.586776929114821,106.57279527909375,,,0.0,-1,-1,0,80,prompt
93,3869,6,5.318727592230988,36.432699839274086,-8.144533634185791,2.5521557222027274,75.83141485461803,,,0.0,-1,-1,0,80,prompt
93,3903,8,6.19614125075154,-30.362507820129395,6.467404782772063,3.0687731823262903,91.18150991306413,,,0.0,-1,-1,0,80,prompt
93,4085,6,27.285469999485716,1.1408309936523438,8.518652041753132,2.3836112901952826,70.82350619379328,,,0.0,-1,-1,0,80,prompt
93,4309,8,-10.638625254953368,7.756036162376404,34.82673567533493,3.19764203021036,95.01055019486135,,,0.0,-1,-1,0,80,prompt
93,4405,6,-17.04907553792978,-10.55384373664856,-3.6072444915771484,1.209878277925455,35.94873965518483,,,0.0,-1,-1,0,80,prompt
93,4979,6,-31.550658880974584,21.35709999005,-20.338032881418865,2.359239892655068,70.0993663846974,,,0.0,-1,-1,0,80,prompt
93,5307,7,34.53469807425025,40.44045639038086,24.763905661446707,2.2093794403543,65.64660904318531,,,0.0,-1,-1,0,80,prompt
93,5685,7,5.498841319309998,10.463448388235909,3.5544870921543668,2.664125286965025,79.15833195560612,,,0.0,-1,-1,0,80,prompt
93,6511,6,-6.450539882972641,33.47669982910156,11.676199913024902,1.4309625946301603,42.51774968542488,,,0.0,-1,-1,0,80,prompt
93,6563,6,-28.19671832764227,48.51996930440267,5.419264952341716,2.6495156331813923,78.72423982427144,0.28737226128578186,812.6968994140625,1167.810791015625,7,14,4,80,prompt
94,169,8,20.84919060702095,25.485108137130737,-21.4310519695282,3.1752182919421292,94.34428058426644,,,0.0,-1,-1,0,80,prompt
94,835,6,0.8354767989940761,-4.073738098144531,-7.7872122923533125,2.906216643966098,86.35151768708691,,,0.0,-1,-1,0,80,prompt
94,853,6,-19.783458935618146,-14.202656269073486,-18.60747265815735,2.913024202123606,86.55378856041096,,,0.0,-1,-1,0,80,prompt
94,2903,6,-51.31104288442973,5.020581563313802,-1.4826184908548992,2.284907185741114,67.89074161849629,,,0.0,-1,-1,0,80,prompt
94,2937,7,10.665491553008271,-6.61932863507952,-9.448071343558174,3.595987773347595,106.8464742494247,,,0.0,-1,-1,0,80,prompt
94,3197,6,-6.070923896461848,-18.918400208155315,-25.518799622853596,3.6425578557729636,108.23019672744181,,,0.0,-1,-1,0,80,prompt
94,3487,6,28.339527195966838,34.24803098042806,46.47406927744547,2.1776470513629924,64.70375436821624,,,0.0,-1,-1,0,80,prompt
94,3777,6,-0.6181668148356417,-50.74620660146078,9.78566058476766,1.662731426423586,49.404225413061276,,,0.0,-1,-1,0,80,prompt
94,4127,8,-8.002516985492829,37.19017505645752,-31.886849880218506,2.5784952979877986,76.61403453611948,,,0.0,-1,-1,0,80,prompt
94,4157,6,56.93587712988668,55.86839993794759,54.48759969075521,2.250968462382836,66.88233081180914,,,0.0,-1,-1,0,80,prompt
94,4255,9,10.16114235582898,31.259700351291233,3.1608334117465557,2.6183366167704785,77.7978273378992,,,0.0,-1,-1,0,80,prompt
94,4341,8,-30.743469892169884,11.244347214698792,16.53522801399231,1.6139478863926093,47.95473515273617,,,0.0,-1,-1,0,80,prompt
94,4455,8,-0.9525386837864822,30.06459927558899,-3.2815706729888916,2.5696637662863058,76.35162596189674,,,0.0,-1,-1,0,80,prompt
94,4467,7,-1.2838010834426485,-42.02798516409738,7.844528538840158,3.429191773912036,101.89051622568319,,,0.0,-1,-1,0,80,prompt
94,4679,9,-37.14109892637849,-36.324929555257164,-16.963756985134548,2.283605049919661,67.85205165893991,,,0.0,-1,-1,0,80,prompt
94,5031,8,-28.92121957821684,-23.742684602737427,8.279109835624695,1.7265356459397656,51.30002048446492,,,0.0,-1,-1,0,80,prompt
94,5085,6,22.58304558447202,-16.151768525441486,-13.811739683151245,2.554875120881977,75.91221550780988,,,0.0,-1,-1,0,80,prompt
94,6667,7,24.34943403308851,10.051719733646937,22.3502197265625,2.7026791773626933,80.30387179534665,,,0.0,-1,-1,0,80,prompt
95,393,6,10.772476456406224,25.818812290827434,-5.633404731750487,2.367526306352775,70.34557803600896,,,0.0,-1,-1,0,80,prompt
95,487,9,3.4677416185545193,56.508866204155815,42.65128305223253,3.775168019969321,112.1704015854878,0.5777178406715393,55.74203872680664,55.74203872680664,4,7,1,80,prompt
95,545,7,-10.741944605002674,-1.7656822119440352,19.33873564856393,2.6337612784493634,78.25613554714674,,,0.0,-1,-1,0,80,prompt
95,673,6,1.494352042402151,-27.495418707529705,19.177256107330322,2.02286578808394,60.10478648967885,,,0.0,-1,-1,0,80,prompt
95,763,10,-2.085206076649073,14.684853553771973,10.267481422424316,4.626608145264812,137.46897909917664,,,0.0,-1,-1,0,80,prompt
95,1859,7,-5.794816873747438,-31.711017847061157,-10.234461035047259,2.315175043529387,68.79008113008462,,,0.0,-1,-1,0,80,prompt
95,1983,6,-29.3536730803941,-2.766631166140239,9.987414360046387,2.6801618911162377,79.63482262256287,,,0.0,-1,-1,0,80,prompt
95,3503,7,16.69858732686122,7.913898178509304,61.82613318307059,1.759338243168621,52.27467392631031,,,0.0,-1,-1,0,80,prompt
95,4089,6,-18.446888503813074,5.1314306656519575,39.49051825205485,1.988541206294619,59.084910790585255,,,0.0,-1,-1,0,80,prompt
95,4459,6,-35.73995630582127,30.77935028076172,-10.290575345357258,2.4458659677328267,72.67326020289246,,,0.0,-1,-1,0,80,prompt
95,6341,7,-19.031752658824477,-21.82161440168108,-23.756900242396764,1.9992276285890402,59.40243315619564,,,0.0,-1,-1,0,80,prompt
95,6389,7,19.782324151819484,31.006329332079208,25.360443115234375,2.8223501140869507,83.85961738321605,,,0.0,-1,-1,0,80,prompt
96,1271,6,0.5481153522063046,-24.280768871307373,35.31516806284586,1.3631611032902629,40.5031849107018,,,0.0,-1,-1,0,80,prompt
96,1541,6,27.031751762857898,-18.105499188105266,-8.949666817982992,2.6574592833970105,78.96026705008686,,,0.0,-1,-1,0,80,prompt
96,1839,6,-14.319261720925667,1.5426623026529949,5.913469950358073,1.9295636014693078,57.33252743100723,,,0.0,-1,-1,0,80,prompt
96,2515,7,8.713702648321602,-51.430440357753206,1.810037476675851,2.6409435953119216,78.46954151014647,,,0.0,-1,-1,0,80,prompt
96,2551,7,-23.916350042886272,-14.27193798337664,33.30601256234305,2.6937163404976907,80.03756179134831,,,0.0,-1,-1,0,80,prompt
96,3325,49,-20.18513896971725,26.844929208560867,-6.521958574956777,15.67256585983804,465.67410962209976,,,0.0,-1,-1,0,80,prompt
96,3467,6,14.800264995419132,-39.09309927622477,17.51430066426595,3.5486686396966824,105.440495443654,,,0.0,-1,-1,0,80,prompt
96,3469,6,-35.3177682531197,47.808680852254234,18.26274347305298,2.195954702883879,65.24772396435668,0.29403960704803467,162.64012145996094,320.14105224609375,5,7,2,80,prompt
96,3859,6,-13.246504506935338,10.715499877929688,-10.13206704457601,1.9919837818780417,59.18719897580994,,,0.0,-1,-1,0,80,prompt
96,5259,9,11.920571878575565,3.017583476172553,-1.178830040825738,3.6065871216409287,107.1614094121297,,,0.0,-1,-1,0,80,prompt
96,6147,11,-27.312631093143192,22.086862650784578,19.868771639737215,3.7094962895918284,110.21911774055921,,,0.0,-1,-1,0,80,prompt
96,6149,8,-14.034035155130374,17.043187379837036,16.6391499042511,2.393921971617983,71.12986428691299,,,0.0,-1,-1,0,80,prompt
97,829,6,-35.75059932236896,47.36528160174688,0.04786463578542074,1.831638980294426,54.42292340167915,,,0.0,-1,-1,0,80,prompt
97,1483,9,-44.966366993197504,34.2064628733529,-13.84246269861857,2.2365902186701185,66.45511449645092,,,0.0,-1,-1,0,80,prompt
97,1799,6,-26.090716653456184,11.897899786631266,27.421724875768025,1.5965318738253393,47.43725854948171,,,0.0,-1,-1,0,80,prompt
97,1833,10,-13.443104169334452,5.295858478546142,12.665618705749512,3.4784113626743975,103.35296266730975,,,0.0,-1,-1,0,80,prompt
97,2027,6,-28.446355919703077,45.591681321462,14.292089621225992,2.6822461816102106,79.69675250237036,,,0.0,-1,-1,0,80,prompt
97,2263,6,-38.395388934471235,38.34024425347646,24.71346092224121,1.7785045513323667,52.844156522122304,,,0.0,-1,-1,0,80,prompt
97,2939,8,24.395665655613683,-32.09107494354248,10.36447525024414,3.572085215419748,106.13626492695097,,,0.0,-1,-1,0,80,prompt
97,3675,6,-1.0430156216741349,-1.5749936898549397,-27.049077033996582,2.0075764772428224,59.65049991807684,,,0.0,-1,-1,0,80,prompt
97,3827,13,-8.62153897058713,15.382569258029644,-2.687772970933181,4.351143425842672,129.28418095594958,0.2843388319015503,149.021484375,215.24009704589844,4,6,2,80,prompt
97,3923,8,14.108823892426464,-34.92814254760742,2.290848731994629,4.371980250163002,129.90329908245795,,,0.0,-1,-1,0,80,prompt
97,4463,6,62.12168694275118,37.98460006713867,30.100600242614746,1.8858086222949537,56.032449246568746,,,0.0,-1,-1,0,80,prompt
97,4529,12,-12.372187530086366,-7.680981000264485,2.894484798113505,3.6555714272979034,108.6168649595026,,,0.0,-1,-1,0,80,prompt
97,5435,8,-21.91976658006078,-14.102198362350464,-5.4733734130859375,2.3942071363860182,71.13833729960524,,,0.0,-1,-1,0,80,prompt
97,5849,16,-47.80704106410157,-48.0101734995842,-8.473174035549164,9.285476880201054,275.89650713701974,,,0.0,-1,-1,0,80,prompt
98,1271,6,-33.43967439071078,-14.364312807718912,-2.076966285705565,1.2997884911678725,38.62021405650717,,,0.0,-1,-1,0,80,prompt
98,1379,6,-35.51025959497651,-13.66226307551066,9.143654187520346,2.2182410817220934,65.90991225662484,0.22516055405139923,231.691162109375,231.691162109375,4,7,1,80,prompt
98,1521,7,-15.68900827464299,-38.42140252249582,14.05896282196045,2.2295631442145405,66.2463212031501,,,0.0,-1,-1,0,80,prompt
98,1539,7,-33.34038666338274,20.416194915771484,-21.591366904122488,2.1494773088028567,63.86675550649248,,,0.0,-1,-1,0,80,prompt
98,1697,6,-60.51459144404921,42.497118631998696,-19.8715394337972,2.152838255067409,63.966618264973135,,,0.0,-1,-1,0,80,prompt
98,1747,13,4.743550572860168,3.4022421836853027,1.7881818184485814,3.9912214658387346,118.58993090415835,,,0.0,-1,-1,0,80,prompt
98,1953,6,10.956865608372546,-36.42808163166046,9.416160186131796,2.565640038390084,76.23207017746476,,,0.0,-1,-1,0,80,prompt
98,2791,6,-38.53195925052366,14.119518319765726,48.11834271748861,2.581278547323086,76.69673236413675,,,0.0,-1,-1,0,80,prompt
98,4123,6,-10.39504792722233,3.436349829037983,-1.913633664449056,2.007366431130063,59.64425888279177,,,0.0,-1,-1,0,80,prompt
98,4433,9,-16.198453168083525,43.18223243289523,-6.290246963500977,3.1948093013213668,94.92638219614439,,,0.0,-1,-1,0,80,prompt
98,4565,14,-18.663141994938677,47.659562247140066,8.450509752546038,4.039174131696295,120.0147336567471,0.43857353925704956,331.6530456542969,740.5491943359375,4,6,3,80,prompt
98,4983,7,19.221349198277327,7.078564371381487,-28.823068073817662,2.1990931961127016,65.34097704448136,,,0.0,-1,-1,0,80,prompt
98,5265,8,-44.02457897769612,-20.39293646812439,12.63453894853592,1.6202292427489446,48.141371154435895,,,0.0,-1,-1,0,80,prompt
98,6127,9,-10.84766674885582,30.668500052558052,-32.47967825995551,4.530785129248813,134.62181941494768,0.4457205533981323,190.74339294433594,285.0829162597656,7,6,2,80,prompt
99,25,9,-30.07416606466149,-0.4988253381517198,5.287419531080458,1.8872517866275216,56.075329542725555,,,0.0,-1,-1,0,80,prompt
99,893,6,16.437222013917022,-4.567944208780925,-21.91302688916524,1.6308465011862303,48.456838475717376,,,0.0,-1,-1,0,80,prompt
99,1261,7,-50.212911641347894,-21.952258791242325,15.659630366734095,2.230106417547176,66.26246331591703,,,0.0,-1,-1,0,80,prompt
99,1431,7,-15.939879378981521,-16.40579945700509,23.92731080736433,2.8744451537817315,85.40750121044314,,,0.0,-1,-1,0,80,prompt
99,1493,6,7.636319184042367,37.758279959360756,15.226548194885254,1.9829584246999257,58.91903132505463,,,0.0,-1,-1,0,80,prompt
99,2335,7,6.254824204438898,-2.648523466927664,3.8157764162336076,1.47557498924679,43.84330399012528,0.40279653668403625,75.4922103881836,75.4922103881836,1,7,1,80,prompt
99,3747,6,29.73642311785183,38.20630005995432,-35.19969940185547,1.9538005707798276,58.05267301562635,,,0.0,-1,-1,0,80,prompt
99,4451,8,26.65994483167136,-19.454175233840942,44.766234397888184,2.7727436310910973,82.38567527270467,,,0.0,-1,-1,0,80,prompt
99,4645,8,7.875510732135531,-36.85762548446655,-49.79495096206665,4.204570558087994,124.92910659883198,,,0.0,-1,-1,0,80,prompt
99,5021,7,-26.56878054303315,53.623687744140625,14.572362627301898,2.6453899235238074,78.60165388725657,0.34995904564857483,220.54051208496094,472.41973876953125,4,7,3,80,prompt
99,5581,6,-51.96824915624992,15.00170024236043,-32.31760025024414,2.823625158185403,83.89750237477298,,,0.0,-1,-1,0,80,prompt
99,5631,6,-28.936806535966372,25.23223114013672,-9.944168090820312,2.377926992473564,70.65461041092908,,,0.0,-1,-1,0,80,prompt
99,5637,7,1.966461662307969,24.478055681501115,4.052051544189452,2.799409606996207,83.17799318017873,,,0.0,-1,-1,0,80,prompt
100,957,6,7.872254447159268,-6.83574906984965,-2.2738959789276123,1.9810614399622466,58.8626668033429,,,0.0,-1,-1,0,80,prompt
100,3025,11,-40.859166000945834,-22.089381651444867,10.122331272472035,3.777792837885797,112.24839198968237,,,0.0,-1,-1,0,80,prompt
100,4483,6,-55.39442862953846,38.0723561445872,-5.870431582132976,2.7990814136946844,83.16824167395843,0.502790093421936,111.88365173339844,111.88365173339844,7,14,1,80,prompt
100,4727,7,3.339005113980629,11.128548213413783,-13.893948554992676,2.948823053259114,87.61746876932567,,,0.0,-1,-1,0,80,prompt
100,4887,7,-12.871321041131981,-2.5297555242265974,24.693904876708984,2.46461491252596,73.2303418097575,,,0.0,-1,-1,0,80,prompt
100,5763,8,1.3187699446855135,27.965375900268555,16.194491982460022,2.8550515979312547,84.83126647429059,,,0.0,-1,-1,0,80,prompt
100,5967,9,0.9858293956435588,-2.2816624111599393,22.284556918674046,2.367600910670823,70.34779473107294,,,0.0,-1,-1,0,80,prompt
100,6365,7,25.602153417740602,24.113833359309606,-7.947637149265835,2.363534048286053,70.22695730490287,,,0.0,-1,-1,0,80,prompt
101,627,6,-18.149755895546928,9.754799922307335,-11.443791707356771,2.012299252095866,59.790826268867434,,,0.0,-1,-1,0,80,prompt
101,813,8,-4.593702071789177,32.00447374582291,-12.970707774162292,3.5902804123105563,106.67689319339448,,,0.0,-1,-1,0,80,prompt
101,1039,6,9.890894982015126,15.740700244903564,-5.33633287747701,3.135497653650571,93.16407352465265,,,0.0,-1,-1,0,80,prompt
101,1201,8,-35.04626430418321,43.00633627176285,53.449535727500916,2.2207199780350977,65.98356693727683,,,0.0,-1,-1,0,80,prompt
101,1251,9,-10.912056259154374,6.207599873344104,17.342494858635796,3.8182896671404603,113.45166177169102,,,0.0,-1,-1,0,80,prompt
101,1343,6,-18.780753184257154,38.92682504653931,9.510212262471518,1.8229032205699367,54.16336047063423,0.24135245382785797,281.1759033203125,378.3818664550781,4,6,2,80,prompt
101,2497,7,-14.698763319359617,12.419158935546875,10.552612577165876,2.740574537642585,81.42984493305532,,,0.0,-1,-1,0,80,prompt
101,2685,7,-1.4343878076606873,-14.10566248212542,5.431018829345704,1.9935600635136626,59.23403454528503,,,0.0,-1,-1,0,80,prompt
101,2691,6,-39.14838235522067,34.497443437576294,23.446452299753826,2.03841128286673,60.56668497562886,0.44773009419441223,163.75405883789062,363.13641357421875,5,14,3,80,prompt
101,2705,6,-20.2455131114446,21.112306594848633,29.042906125386555,2.150938960898716,63.91018512385086,,,0.0,-1,-1,0,80,prompt
101,3293,11,-39.74862305522635,-26.011959769509055,41.10078291459517,3.4243106704990813,101.7454855072846,,,0.0,-1,-1,0,80,prompt
101,3743,6,-4.152963910928041,1.9952996571858719,-20.419699748357136,3.1587250491779506,93.85422195521504,,,0.0,-1,-1,0,80,prompt
101,3883,6,-4.712548945822387,-6.734137852986653,-0.9714088439941406,2.2743508987224756,67.5770859221488,,,0.0,-1,-1,0,80,prompt
101,4149,6,-33.254811941934435,30.072680950164795,-9.215877056121826,1.7569478084429275,52.20364767748467,,,0.0,-1,-1,0,80,prompt
101,4631,9,-8.42487235367006,2.9929499096340604,18.702505429585774,4.784983559253152,142.1747388678463,,,0.0,-1,-1,0,80,prompt
102,539,130,-3.0484011066585937,-52.84667163445399,55.90732959233797,71.14254379931042,2113.8364347149386,,,0.0,-1,-1,0,80,prompt
102,567,6,-13.51698438490328,-32.51599947611491,-12.053466796875,1.8764464705251531,55.75427452211467,,,0.0,-1,-1,0,80,prompt
102,1303,9,17.667535108824804,20.183937284681534,26.890990363226997,3.416808142687935,101.5225652152523,,,0.0,-1,-1,0,80,prompt
102,1385,6,44.49065817642469,-36.2110006014506,-9.99203364054362,2.407340850915415,71.52857530365667,,,0.0,-1,-1,0,80,prompt
102,1515,6,0.7353599243400026,14.525968472162882,17.79310194651286,1.9820452306511445,58.89189787228236,,,0.0,-1,-1,0,80,prompt
102,1823,7,-21.882799489053912,-15.934688023158483,17.48073741367885,2.291991654804826,68.10124026006486,,,0.0,-1,-1,0,80,prompt
102,1937,6,29.84638589253503,37.762900034586586,-1.9214000701904308,3.332699108743558,99.02345946297774,,,0.0,-1,-1,0,80,prompt
102,3261,7,-26.4965471624798,13.82853753226144,25.324812855039323,1.7964020267984322,53.375938683810375,,,0.0,-1,-1,0,80,prompt
102,3813,7,18.518162801784314,19.762971128736222,9.985225200653076,1.9449961454442262,57.791069844482735,,,0.0,-1,-1,0,80,prompt
102,4241,7,-15.88098825548153,-13.171355179377965,-3.54783058166504,1.6439195063300225,48.8452726405417,,,0.0,-1,-1,0,80,prompt
102,4415,7,20.58477006433768,8.646299634660995,8.174557277134486,2.8738356246140575,85.38939045850987,,,0.0,-1,-1,0,80,prompt
102,4739,6,-19.388750279355126,-32.19730567932129,7.825839201609294,1.8615477378527032,55.31159307902564,,,0.0,-1,-1,0,80,prompt
102,4859,13,-28.41633238731999,-6.52735974238469,26.82119266803448,4.913659997900198,145.9980621534009,0.37577831745147705,158.85171508789062,158.85171508789062,5,8,1,80,prompt
102,5403,6,-19.91689520072362,51.35126304626465,13.429853439331055,4.923909825697529,146.30261212154193,,,0.0,-1,-1,0,80,prompt
102,5499,6,49.15317127938453,20.100799878438313,56.113399505615234,2.255283194890784,67.01053312640556,,,0.0,-1,-1,0,80,prompt
103,493,6,-24.053052281382573,-19.2740438580513,-0.17089351018269858,2.102469135261758,62.47001616243854,,,0.0,-1,-1,0,80,prompt
103,1731,6,17.122306240435048,-28.53925593694051,-12.713948329289755,1.523188569026885,45.258031582805856,,,0.0,-1,-1,0,80,prompt
103,3175,8,-1.3539462886222111,-22.225424826145172,-3.4097405672073364,2.6274359592453402,78.06819329092966,,,0.0,-1,-1,0,80,prompt
103,3465,7,15.918670318623617,1.4450089995350157,-9.56953729901995,2.400348255070058,71.32080646265416,,,0.0,-1,-1,0,80,prompt
103,3691,6,-40.93021577189031,-7.607080777486165,20.41655174891154,0.8898636324212507,26.440243315534275,,,0.0,-1,-1,0,80,prompt
103,4139,10,-8.706979881181654,37.3148814201355,29.512171363830568,4.9352123679428415,146.63844106899202,,,0.0,-1,-1,0,80,prompt
103,4181,8,-32.1676498411906,-25.450466990470886,6.999767303466797,2.009052474032237,59.694355754885095,,,0.0,-1,-1,0,80,prompt
103,4321,8,34.490843175332614,13.250039279460907,25.87780463695526,3.4364935057786163,102.10747032982144,,,0.0,-1,-1,0,80,prompt
103,4485,7,-24.28323122578434,37.590026582990376,-25.168976375034877,1.5709898012374337,46.67833483420444,,,0.0,-1,-1,0,80,prompt
103,5759,8,-10.360232772269551,39.757044702768326,25.440229833126068,2.860543505040778,84.99444581430589,,,0.0,-1,-1,0,80,prompt
103,5761,10,5.65623114427264,28.724006444215775,30.64372386932373,2.7954500233814095,83.06034329497264,,,0.0,-1,-1,0,80,prompt
103,5841,7,-33.625911880115154,0.11876787458147524,6.100078650883266,3.5622888030049196,105.84518715005314,,,0.0,-1,-1,0,80,prompt
103,6111,6,-5.670067065784643,-9.2236434618632,2.6450732549031577,1.7844577736805047,53.02104277936596,,,0.0,-1,-1,0,80,prompt
103,6283,6,35.62288312379662,10.110443751017252,19.421843846638996,1.7607746980280725,52.317354865964326,,,0.0,-1,-1,0,80,prompt
103,6485,8,7.556164181791615,1.350984811782837,4.9120402336120605,3.6839643961436632,109.46049647491765,,,0.0,-1,-1,0,80,prompt
104,388,10,-17.436115805288342,-40.770629501342775,26.461025047302247,2.7297595547096276,81.10850268489231,,,0.0,-1,-1,0,80,prompt
104,516,8,-12.239012814399985,18.311034560203552,35.28855925798416,2.418457173399061,71.85887116083404,,,0.0,-1,-1,0,80,prompt
104,712,7,-15.233967919737713,37.273312432425364,28.484037739889963,1.622127623819376,48.197777164951496,,,0.0,-1,-1,0,80,prompt
104,1146,6,-17.11118992707732,-14.803093274434408,32.7116641998291,2.098234906611739,62.34420583411275,,,0.0,-1,-1,0,80,prompt
104,1550,6,-30.341804647741863,9.53309996922811,-38.0001335144043,2.024684433025989,60.158823325234785,,,0.0,-1,-1,0,80,prompt
104,1586,8,-10.474898929922768,3.2181143760681152,4.669710844755173,2.3948774116264406,71.15825298083935,,,0.0,-1,-1,0,80,prompt
104,3370,7,-10.780715593854994,-18.971185547964915,-15.668985843658447,2.5432447160180405,75.5666448796183,,,0.0,-1,-1,0,80,prompt
104,5256,6,13.004375880475273,17.38497434059779,10.02121671040853,0.9574096483341794,28.44721722778799,,,0.0,-1,-1,0,80,prompt
104,5568,9,-24.887814990910677,-15.617533047993978,0.2366059621175138,2.2764798645982123,67.64034322777864,,,0.0,-1,-1,0,80,prompt
104,5816,6,-16.119999047333344,39.22704307238261,2.7573941548665366,1.6216898147775407,48.184768680089185,,,0.0,-1,-1,0,80,prompt
104,6444,7,-22.975634799108082,-5.237662724086216,22.35939802442278,2.285484165001961,67.90788522509959,,,0.0,-1,-1,0,80,prompt
105,185,6,3.7299787417078982,-9.75018056233724,-1.0591643651326497,2.483214768438503,73.78299358475296,,,0.0,-1,-1,0,80,prompt
105,781,10,3.954173663340599,-1.8816787004470825,6.219691109657288,4.334133499391498,128.77877026406117,,,0.0,-1,-1,0,80,prompt
105,809,6,-4.661122762151516,-7.1267309188842765,16.278151830037434,2.4604868109067817,73.10768480112645,,,0.0,-1,-1,0,80,prompt
105,1659,6,18.87661507173716,4.267724792162576,21.805325309435528,2.2855775893492294,67.91066111388007,,,0.0,-1,-1,0,80,prompt
105,1969,6,-43.67472370038737,24.68721803029378,7.1422646045684814,1.340570453841043,39.83195591972921,0.21895326673984528,151.78761291503906,151.78761291503906,4,7,1,80,prompt
105,2089,9,-26.545770499546975,3.9136206838819714,-3.3136741850111218,3.526432315995492,104.77979442421496,,,0.0,-1,-1,0,80,prompt
105,2321,6,-13.197693888472422,-31.45368758837382,3.6381040414174386,1.8946911482154094,56.29637299627225,,,0.0,-1,-1,0,80,prompt
105,3111,6,-15.772830596204642,-13.639168580373125,32.48072655995687,2.3036497240580514,68.44763287171244,0.8135981559753418,36.659488677978516,36.659488677978516,5,6,1,80,prompt
105,5405,7,-16.993093600855637,38.27492141723633,-19.242460795811244,2.863388080641569,85.07896581071219,,,0.0,-1,-1,0,80,prompt
105,6131,8,-9.980032552151666,-2.62922340631485,16.363283038139343,2.905808236957075,86.33938281574606,,,0.0,-1,-1,0,80,prompt
106,202,9,-24.954875105220083,0.120087464650472,27.19176779852973,4.293922148397325,127.58398280944927,,,0.0,-1,-1,0,80,prompt
106,470,8,-21.390287804045183,32.23656511306763,-20.955371141433716,2.742952833491854,81.50051050319429,,,0.0,-1,-1,0,80,prompt
106,472,9,-41.68685959162276,52.093342039320206,16.855005582173664,2.279267732037092,67.72317827208188,,,0.0,-1,-1,0,80,prompt
106,988,12,-18.70728122024769,-1.4387406408786774,18.594455043474834,3.6986943479015832,109.89816298281369,,,0.0,-1,-1,0,80,prompt
106,1284,7,-1.9314018669340618,24.02277864728655,34.22052519662039,2.0763862813660956,61.69502437916004,,,0.0,-1,-1,0,80,prompt
106,1536,6,4.286474914584261,-35.301106770833336,-8.807957331339518,3.7163224828152917,110.42194231184335,0.6244841814041138,37.40734100341797,37.40734100341797,1,10,1,80,prompt
106,2142,6,12.246534248262018,-20.987600326538086,-44.585000356038414,1.903829794411636,56.56790676863842,,,0.0,-1,-1,0,80,prompt
106,2736,7,32.58171744887074,-9.596442437597684,-32.51152910505022,3.589597583435886,106.65660450990255,,,0.0,-1,-1,0,80,prompt
106,3368,10,-21.70172003798632,39.23258647918701,-7.200713729858398,3.193419507217024,94.88508767309781,,,0.0,-1,-1,0,80,prompt
106,3970,11,-50.7922204762363,-18.358271837234497,10.628714994950728,3.098496034783835,92.06465584956103,,,0.0,-1,-1,0,80,prompt
106,4000,7,-12.669090815603209,-9.065946442740303,-23.725229127066477,2.328650942827353,69.19048636449607,,,0.0,-1,-1,0,80,prompt
106,4116,10,25.170021920353044,8.158559989929199,4.305639791488646,4.283446175447594,127.27271346022978,,,0.0,-1,-1,0,80,prompt
106,6400,7,-7.096382727174514,16.663130351475306,19.736066273280553,2.040057028808273,60.615584516574884,,,0.0,-1,-1,0,80,prompt
107,571,6,-21.120427925682502,-21.504899819691975,-57.81309954325358,2.0851719553605874,61.956070397495765,,,0.0,-1,-1,0,80,prompt
107,625,6,11.891383534722545,-1.5749936501185096,8.606202205022177,1.9280020320900961,57.28612900226361,,,0.0,-1,-1,0,80,prompt
107,779,10,9.6050652237678,-29.469472885131836,13.366744899749756,4.576308670957049,135.97444635181392,,,0.0,-1,-1,0,80,prompt
107,1101,8,-15.872937776903681,-13.360889196395874,22.315645694732666,2.8088887096843935,83.45964283115575,,,0.0,-1,-1,0,80,prompt
107,1243,91,10.1875441766657,-6.703075196716812,-0.1111196476024585,20.94137317226154,622.2245542605615,,,0.0,-1,-1,0,80,prompt
107,1585,6,3.8296970581026826,17.50968090693156,22.790589491526287,1.0769487584908986,31.999045893564837,,,0.0,-1,-1,0,80,prompt
107,1607,9,2.2682329379876927,48.50303310818143,-18.734277725219727,3.2748345817205813,97.30414864041619,0.314649760723114,90.9425048828125,90.9425048828125,6,6,1,80,prompt
107,1889,6,-31.256585585104645,47.40684994061788,6.3524580001831055,2.4325054133666195,72.27628217681927,0.3617301881313324,123.93766784667969,123.93766784667969,5,7,1,80,prompt
107,1897,6,-21.222528365434638,7.283768653869629,24.60261122385661,2.3738560403961673,70.53365146898491,,,0.0,-1,-1,0,80,prompt
107,2189,6,2.5529336306385395,-39.35174973805746,24.33010419209798,2.366718669765978,70.32158097950793,,,0.0,-1,-1,0,80,prompt
107,2539,9,-11.256495992069874,7.510087543063694,-18.64596218532986,2.9205178869960893,86.77644610493753,,,0.0,-1,-1,0,80,prompt
107,2803,9,18.63832473581609,38.60659228430854,6.1589616139729815,3.042523456724745,90.40155992231958,,,0.0,-1,-1,0,80,prompt
107,3353,6,-23.564345375257904,21.42638163516919,-35.529102643330894,2.035270122198318,60.47335263869537,,,0.0,-1,-1,0,80,prompt
107,3895,6,7.272712911282095,25.126000086466473,-6.281499862670898,1.817912074473211,54.01506008795454,,,0.0,-1,-1,0,80,prompt
107,3905,7,-17.442483737244526,4.936783960887365,2.8643734795706615,1.6806659385866554,49.9371080346903,,,0.0,-1,-1,0,80,prompt
107,3937,6,25.012314111483462,8.267562627792358,-19.147866249084473,1.7258620923955366,51.280007396002134,,,0.0,-1,-1,0,80,prompt
107,4095,10,10.589481335727575,27.698643231391905,13.12010383605957,2.6759289701956512,79.50905115039785,,,0.0,-1,-1,0,80,prompt
107,4425,6,22.435832251871897,-3.0298995971679688,-8.358466784159342,1.754610032791838,52.13418607148134,,,0.0,-1,-1,0,80,prompt
107,5315,7,-44.76216673799254,-23.638762882777623,25.213962282453263,1.2955475505644092,38.494204297981355,,,0.0,-1,-1,0,80,prompt
107,5339,10,-40.29874077588685,22.912695026397706,5.264492702484131,3.3650851801178407,99.98573680073162,,,0.0,-1,-1,0,80,prompt
108,1469,7,19.1624327465301,12.007430485316686,-10.7809693472726,2.057215542444976,61.125410133622424,,,0.0,-1,-1,0,80,prompt
108,2153,8,-6.827692791198938,-29.74936866760254,27.772647500038147,2.716427749943981,80.7123788868225,,,0.0,-1,-1,0,80,prompt
108,2327,7,-15.514487427316254,11.16813782283238,33.74941212790353,2.282811036166159,67.82845937347776,,,0.0,-1,-1,0,80,prompt
108,2957,7,-29.140183293259017,-45.30597863878523,45.535143171037944,2.502211357092303,74.34743335717621,,,0.0,-1,-1,0,80,prompt
108,3439,7,6.988786663249842,-4.176669801984515,-9.444112777709961,2.2362524758198523,66.44507924743775,,,0.0,-1,-1,0,80,prompt
108,3471,6,-26.046828985007824,-32.93630655606588,-11.420697689056396,1.921191041636752,57.08375614619328,,,0.0,-1,-1,0,80,prompt
108,3633,6,-27.447302705028047,-13.5329376856486,4.942061901092529,1.9626118983429723,58.314481270525484,,,0.0,-1,-1,0,80,prompt
108,3719,6,-14.346666378813481,29.43067459265391,16.855495293935142,1.9054433129477122,56.615848746637795,,,0.0,-1,-1,0,80,prompt
108,3999,8,-33.35363580879542,-4.375111103057861,28.585597693920135,2.9042753512140376,86.29383665502644,,,0.0,-1,-1,0,80,prompt
108,4065,9,-42.51786182456206,-30.366741604275173,14.816596772935656,2.12224394619197,63.05757901304171,,,0.0,-1,-1,0,80,prompt
108,4539,9,-28.975048876432336,-28.740942425198025,4.655347612169054,3.1227677653093244,92.78583428342607,0.3258691430091858,130.5546875,130.5546875,5,0,1,80,prompt
108,5055,8,-38.995099767608124,1.5934690833091736,-4.508002996444702,2.582854745161843,76.7435654437815,,,0.0,-1,-1,0,80,prompt
108,5637,6,-21.19492904151637,-27.269100189208984,-40.44659964243571,2.314065260774013,68.75710649778097,0.5747571587562561,45.92987060546875,45.92987060546875,6,3,1,80,prompt
108,6445,7,30.53747223400043,-8.62650544302804,20.789140973772323,2.2955823481137516,68.20792942152787,,,0.0,-1,-1,0,80,prompt
108,6499,7,19.417929205289713,-18.19919468675341,2.9606481279645647,2.161077470992804,64.21142754345092,,,0.0,-1,-1,0,80,prompt
109,145,7,-1.605880704239222,39.114214181900024,22.756728308541433,2.1374164982091384,63.50839636576345,,,0.0,-1,-1,0,80,prompt
109,451,8,11.071961909432183,-7.814924776554108,13.279009699821472,1.2776119063504519,37.96128804007389,,,0.0,-1,-1,0,80,prompt
109,593,13,28.193949337796692,-22.73277651346647,14.501147123483511,4.082688959294482,121.30767629156296,,,0.0,-1,-1,0,80,prompt
109,775,10,2.728337292001676,38.27927567958832,-12.154826450347901,2.95645317266326,87.84418015095983,,,0.0,-1,-1,0,80,prompt
109,1009,7,-10.033449611358376,4.0420661228043695,41.03384126935686,2.1121398641603575,62.75735954383038,,,0.0,-1,-1,0,80,prompt
109,1181,6,28.48007386841377,-17.070900082588196,22.4811331431071,1.1279149021894321,33.51338718266451,,,0.0,-1,-1,0,80,prompt
109,1243,16,-39.8489029268662,29.371786341071136,33.108561515808105,28.55063707396912,848.3162627910419,,,0.0,-1,-1,0,80,prompt
109,1269,21,-41.573110027139194,33.04781629925682,29.69019154139928,33.992973010199016,1010.022709842106,,,0.0,-1,-1,0,80,prompt
109,1323,19,-37.49953099829715,28.643056769120072,13.54348885385614,38.567602733558644,1145.9472701424256,,,0.0,-1,-1,0,80,prompt
109,1339,20,-36.86347256905553,34.08914659023285,31.46867437362671,44.79704716123893,1331.0408287366877,,,0.0,-1,-1,0,80,prompt
109,1407,16,-39.892805370125444,32.669573754072196,32.41574907302857,41.872582218326826,1244.1471049781894,,,0.0,-1,-1,0,80,prompt
109,1443,10,-0.7008426396657328,17.23994643688202,26.818516063690186,2.595315606085085,77.11381115641402,,,0.0,-1,-1,0,80,prompt
109,2423,7,8.40234301681021,23.531871489116124,-4.634014265877859,2.4379347165307355,72.43760138513707,,,0.0,-1,-1,0,80,prompt
109,2715,6,-1.4988764341574214,3.7042373418807983,25.363233248392746,0.5739062440104694,17.05229900299814,,,0.0,-1,-1,0,80,prompt
109,2909,8,-14.210033792471597,-9.806760430335999,-2.178895592689514,3.4262503166553233,101.80311761455204,,,0.0,-1,-1,0,80,prompt
109,3219,7,2.9337973585779538,20.618099655423844,12.22849982125419,1.5889094577096274,47.210776053278,0.44960817694664,80.64639282226562,80.64639282226562,7,7,1,80,prompt
109,3233,9,-44.952491835673925,1.234745740890503,18.662476274702286,2.82161344487201,83.83772895831986,,,0.0,-1,-1,0,80,prompt
109,3263,6,-30.100473137800375,-43.24535624186198,5.488752047220866,1.9768433787709851,58.73733685372657,,,0.0,-1,-1,0,80,prompt
109,3529,10,13.351272173366663,-14.041924023628235,25.296976327896118,1.9046344605567396,56.591815565322726,,,0.0,-1,-1,0,80,prompt
109,3841,6,-24.395891006786457,1.4918557405471802,-2.5619359016418444,2.6147521375505844,77.69132281374462,,,0.0,-1,-1,0,80,prompt
109,4291,12,-16.177043351422927,26.929621636867523,49.63098462422689,3.4579657963361226,102.74546986839967,,,0.0,-1,-1,0,80,prompt
109,4401,10,-22.871653459092457,25.259943389892577,30.70469160079956,1.9476609337046016,57.87024787516256,,,0.0,-1,-1,0,80,prompt
109,4507,6,-23.812313995730822,24.70569320519765,24.34248940149943,2.2680857076657497,67.39093023500448,,,0.0,-1,-1,0,80,prompt
109,4755,7,-14.029509059162582,15.9742773941585,38.406372615269255,1.7947866789780087,53.327942352850094,0.3202192783355713,101.54293823242188,101.54293823242188,7,14,1,80,prompt
109,5623,6,13.946681403205593,-15.264968991279602,47.0190814336141,1.4588843587285656,43.3473804396923,,,0.0,-1,-1,0,80,prompt
109,5643,6,25.420679907761414,9.828700224558512,21.882166544596355,1.6481162626812509,48.969969566025185,,,0.0,-1,-1,0,80,prompt
109,5807,10,2.2382263799803104,-23.929743456840516,27.252596282958983,2.121095841826054,63.023465742557924,,,0.0,-1,-1,0,80,prompt
109,6285,62,2.542600753742624,-6.672454820525262,-18.06641483691431,13.520718974298207,401.7369476137592,,,0.0,-1,-1,0,80,prompt
109,6511,6,5.2615813420269815,-10.886394004027048,25.147622108459476,1.2082841065945442,35.901372534718014,,,0.0,-1,-1,0,80,prompt
109,6615,9,-3.746765295898262,-25.10444622569614,17.431790351867676,2.4092175573212433,71.58433730155618,,,0.0,-1,-1,0,80,prompt
110,229,7,46.249148192799105,-14.727213791438512,0.45338548932756695,2.7741276202027887,82.42679731379721,,,0.0,-1,-1,0,80,prompt
110,1211,140,-39.8273936045389,-8.152621605992318,52.98036691120693,65.59614619130737,1949.0380353452736,,,0.0,-1,-1,0,80,prompt
111,593,6,-18.4349298850078,11.597681522369385,5.788764317830403,2.5074317225561122,74.5025444641259,,,0.0,-1,-1,0,80,prompt
111,801,6,22.781730289671994,17.010855555534363,3.7180943489074707,2.057469538611308,61.1329570432773,,,0.0,-1,-1,0,80,prompt
111,1419,6,-17.32226135896362,49.305155436197914,19.224915027618408,1.7844173299636006,53.019841087694836,,,0.0,-1,-1,0,80,prompt
111,2031,6,-30.630037949598943,-6.133700052897136,-4.811266581217448,2.448158798353278,72.74138637107973,,,0.0,-1,-1,0,80,prompt
111,2115,6,-45.06804182413715,16.659831603368122,20.57358916600545,3.168680631515721,94.15002909888071,,,0.0,-1,-1,0,80,prompt
111,3981,10,-24.883210699964245,23.311754989624024,9.28570008277893,3.9103480282564123,116.18696342742027,0.7486277222633362,53.11793518066406,106.19750213623047,4,6,2,80,prompt
111,4249,12,-21.444840651257564,-23.548696716626484,18.639171838760376,5.292008203458489,157.23980554922653,,,0.0,-1,-1,0,80,prompt
111,4451,6,4.123770353972623,-26.474674542744953,47.411675135294594,1.071318307167736,31.83175003211287,,,0.0,-1,-1,0,80,prompt
111,4481,9,8.93848770362342,-32.32817109425863,-25.104092915852863,4.295804276921082,127.63990591306437,,,0.0,-1,-1,0,80,prompt
111,4717,12,-1.1862004537935043,33.96628765265147,-6.122991402943929,3.6052424476361917,107.1214555286694,0.41548582911491394,100.39295959472656,100.39295959472656,6,15,1,80,prompt
111,4871,8,31.65910169341471,28.942242324352264,32.540454387664795,2.6016084647407425,77.30078892238151,,,0.0,-1,-1,0,80,prompt
111,5037,9,10.85568898709316,12.18118331167433,26.715477413601345,2.190661754635643,65.09045622754726,,,0.0,-1,-1,0,80,prompt
111,5695,13,-28.895084182000453,37.80198177924523,41.95725470322829,4.461981037867662,132.577464694807,0.3194733262062073,115.36563110351562,115.36563110351562,5,15,1,80,prompt
111,5991,6,-20.46774604561759,21.389431317647297,-9.46381918589274,1.7243014223407955,51.2336356886088,,,0.0,-1,-1,0,80,prompt
111,6101,7,-20.12486552862884,-6.417423384530204,-12.397473199026924,2.449059378987789,72.76814504536888,,,0.0,-1,-1,0,80,prompt
111,6529,6,52.798404446970146,37.6151008605957,-3.1789143998632124e-07,1.9150729841870873,56.90197219447991,,,0.0,-1,-1,0,80,prompt
111,6657,13,-40.72923063402665,34.63636104877178,16.365827046907864,6.0594283086552965,180.04192215154998,0.5770143270492554,53.593746185302734,53.593746185302734,4,7,1,80,prompt
111,6693,6,-1.4052767425550607,-6.7249001661936445,-29.73110008239746,2.197982838112323,65.30798532010056,,,0.0,-1,-1,0,80,prompt
112,527,6,-38.14920921306592,28.774812698364258,24.70590051015218,2.297318966477318,68.25952902668757,,,0.0,-1,-1,0,80,prompt
112,577,7,-3.5878984599134953,-24.644330705915177,-19.642312594822474,2.8367084569514405,84.28624239081637,,,0.0,-1,-1,0,80,prompt
112,665,10,-12.486022041396424,14.585088577866554,9.656924057006837,2.36365070258788,70.2304234181496,0.5473583340644836,50.69998550415039,50.69998550415039,7,15,1,80,prompt
112,689,7,-26.280291437167456,-19.03452832358224,-55.06824166434152,2.6644065348638257,79.16668858757232,,,0.0,-1,-1,0,80,prompt
112,847,8,10.538193083516738,4.343933820724487,-17.276537656784058,2.615263455493319,77.70651544587943,,,0.0,-1,-1,0,80,prompt
112,2045,7,-18.37795444548635,-8.646300452096122,-23.890242985316686,3.5664749191446283,105.96956792621751,,,0.0,-1,-1,0,80,prompt
113,203,7,-24.969325438377894,18.654471261160715,18.09437227249146,2.578518037621009,76.61471019181894,,,0.0,-1,-1,0,80,prompt
113,643,6,7.01589017332909,0.032331228256225586,24.056126594543457,2.2241923472779983,66.08674037230513,,,0.0,-1,-1,0,80,prompt
113,1399,6,-20.77719064201933,-14.03176244099935,33.43533786137899,1.414231699263008,42.020629757969694,,,0.0,-1,-1,0,80,prompt
113,1449,10,-12.628318333906346,48.521816635131835,-4.151456260681153,3.938219198292386,117.01509089593438,,,0.0,-1,-1,0,80,prompt
113,1681,251,41.65564983360731,30.787483373011252,-31.223886467071168,128.825093281876,3827.740214813905,,,0.0,-1,-1,0,80,prompt
113,1719,8,-11.21933484533699,-35.638275146484375,11.079174757003784,2.595460049546446,77.11810296037652,,,0.0,-1,-1,0,80,prompt
113,1839,8,-36.975587377682956,-37.55736589431763,7.329955697059631,3.0251484569731564,89.88530192019249,,,0.0,-1,-1,0,80,prompt
113,1963,8,-9.840787878180473,-5.736487746238707,1.8935843706130981,2.7365355000289933,81.30983425571884,,,0.0,-1,-1,0,80,prompt
113,1999,15,35.95874096974248,-16.37069764137268,42.14134572347005,19.724852083833394,586.0784388282451,,,0.0,-1,-1,0,80,prompt
113,2201,6,-20.56786292027167,1.875212386250496,22.960012753804524,1.4240563129289834,42.31254546993415,,,0.0,-1,-1,0,80,prompt
113,2215,6,-41.02374072494194,34.20646286010742,52.51077461242676,1.7263724854487212,51.295172547179355,,,0.0,-1,-1,0,80,prompt
113,3207,6,5.5209449066371965,2.3694188594818115,21.32329781850179,2.0785461307273256,61.759199316257344,,,0.0,-1,-1,0,80,prompt
113,4365,7,-36.84910975702625,-22.09873969214303,-5.650021689278739,1.618300540186139,48.08406421078081,,,0.0,-1,-1,0,80,prompt
113,4795,6,-12.698787712988322,44.24300638834635,40.66368166605631,1.5425754558918592,45.83406816545158,,,0.0,-1,-1,0,80,prompt
113,5049,6,41.92481933336082,3.5472002029418945,5.1807667414347325,2.087732535452958,62.032152123059674,,,0.0,-1,-1,0,80,prompt
113,5231,6,-0.9428987470200608,22.613400141398113,17.01253318786621,2.634527547433159,78.27890346083436,,,0.0,-1,-1,0,80,prompt
113,5911,6,30.352846222548845,27.78178119659424,24.694984436035156,2.237377415639376,66.47850423690788,,,0.0,-1,-1,0,80,prompt
113,6491,9,-37.781749586790326,5.75496260325114,48.65257877773709,2.946886966711403,87.55994242760731,,,0.0,-1,-1,0,80,prompt
113,6633,7,-23.43295580041644,22.918238162994385,-10.767655304500035,2.018159491186458,59.964949743293374,,,0.0,-1,-1,0,80,prompt
114,429,7,-21.624744824141043,-4.754673412867954,15.960509436471122,1.375844150571969,40.88003237799103,,,0.0,-1,-1,0,80,prompt
114,481,6,-13.960338543220525,27.38456916809082,-22.217864354451496,1.2492518700521498,37.118635039271716,,,0.0,-1,-1,0,80,prompt
114,773,7,-9.315793298734075,23.08055250985282,2.9250180380684987,3.3280444827507187,98.88515799822568,0.25939440727233887,202.23068237304688,361.98553466796875,4,5,2,80,prompt
114,925,103,-45.472909154423476,-10.127169850237161,-60.08893329657397,57.547662123714225,1709.8959136593464,,,0.0,-1,-1,0,80,prompt
114,1055,8,-7.865144039817814,17.088219940662384,10.651992738246918,3.7373218832513744,111.04589101227471,,,0.0,-1,-1,0,80,prompt
114,1285,8,-27.132183934294524,-9.481139659881592,11.613898515701294,2.8722065700244648,85.34098686254998,,,0.0,-1,-1,0,80,prompt
114,1339,6,-14.318668496635922,13.920912265777588,-30.20515473683675,2.032080072827132,60.378567686833456,,,0.0,-1,-1,0,80,prompt
114,2753,9,-27.92782439420962,15.17721218532986,10.048929532368977,2.1873388960247557,64.9917251557583,,,0.0,-1,-1,0,80,prompt
114,3215,6,-0.6017289932040685,-36.049344062805176,15.853227615356445,1.3677361848915148,40.63912289751039,,,0.0,-1,-1,0,80,prompt
114,3425,6,-14.097028786752674,-14.456687927246094,-3.1961739857991525,2.260916324350368,67.177908562498,,,0.0,-1,-1,0,80,prompt
114,3765,8,-36.40724004521974,-5.95125937461853,8.319575548171997,2.3065635314488127,68.53420993091501,,,0.0,-1,-1,0,80,prompt
114,3877,9,-32.25571875143283,20.174699995252823,-34.701856189303925,3.8342160756681727,113.9248782301157,,,0.0,-1,-1,0,80,prompt
114,3907,6,-55.387318222197024,25.426219701766964,-10.58155632019043,2.0698969329593786,61.50220837389637,,,0.0,-1,-1,0,80,prompt
114,3971,12,-12.392282501503082,21.691959182421368,-23.53578233718872,4.971098147461957,147.70470415412495,0.2909260392189026,150.3703155517578,330.9261169433594,6,13,3,80,prompt
114,4219,9,-8.37613183698636,4.778866820865208,22.323605325486923,2.9358554023819243,87.23216496329093,,,0.0,-1,-1,0,80,prompt
114,4391,7,-43.19540139244595,25.30151230948312,43.11623770850046,3.250898595781902,96.59294608177935,,,0.0,-1,-1,0,80,prompt
114,4491,6,-11.125763532327348,-58.519562403361,20.373512268066406,2.0625262263527935,61.28320484460812,,,0.0,-1,-1,0,80,prompt
114,4537,8,-10.393768523211076,11.566504418849945,-4.7007328271865845,2.6152264773377576,77.70541672536228,,,0.0,-1,-1,0,80,prompt
114,4791,6,-22.142157514261246,17.934606711069744,3.6164811452229806,2.457108585828349,73.00730864258477,,,0.0,-1,-1,0,80,prompt
114,4821,6,-36.92399189675237,40.10460662841797,22.70745261510213,1.7742223252436116,52.7169200607212,,,0.0,-1,-1,0,80,prompt
114,5089,8,13.446741030549742,-3.058767080307007,-10.760635614395142,2.9979836753315747,89.07816315190448,,,0.0,-1,-1,0,80,prompt
114,5769,6,-21.052240100671515,-18.216350555419922,29.909554560979206,1.0014207187120518,29.7549045710743,,,0.0,-1,-1,0,80,prompt
115,695,8,-3.2640575430068015,9.082771897315979,-14.568743884563446,2.42498448951059,72.05281528878612,,,0.0,-1,-1,0,80,prompt
115,835,7,-8.091833484626559,10.645558834075928,17.31446279798235,2.0469331271924456,60.819891904488216,,,0.0,-1,-1,0,80,prompt
115,1247,7,-9.311232005927922,24.319698878696986,2.9856621878487712,3.4940771124687453,103.81843425328276,0.3397239148616791,490.76580810546875,490.76580810546875,1,5,1,80,prompt
115,1917,6,-14.845099257487549,41.328575134277344,-8.09057871500651,1.470395466205305,43.689406421457754,,,0.0,-1,-1,0,80,prompt
115,2411,6,-38.544744535469285,18.946112314860027,24.382587432861328,2.0800085458527864,61.80265160527864,,,0.0,-1,-1,0,80,prompt
115,2453,6,-35.14394737915034,-21.070737838745117,6.491020838419597,2.774155979979212,82.42763995907642,0.44048410654067993,108.617919921875,108.617919921875,5,0,1,80,prompt
115,2639,6,-10.427848831934734,-7.523943583170573,-7.1422646045684814,1.1433872449546016,33.97311212530468,,,0.0,-1,-1,0,80,prompt
115,2669,14,-21.389110306962774,-3.4838572485106334,-29.154357297079905,2.3329303431584005,69.31763886503103,,,0.0,-1,-1,0,80,prompt
115,3681,6,17.746313049283533,5.537881215413411,-3.747276782989502,1.822939270663765,54.1644316159397,,,0.0,-1,-1,0,80,prompt
115,3727,8,-16.112016784922574,5.074851632118225,42.552698373794556,3.8890647454946206,115.55457981910948,,,0.0,-1,-1,0,80,prompt
115,3745,7,7.102135740673516,26.128927775791713,-16.295757157461985,2.948019027709663,87.59357900646218,,,0.0,-1,-1,0,80,prompt
115,3811,6,26.297856917876953,-2.734299977620443,-6.357828776041666e-07,2.1471384683435626,63.79726226217179,,,0.0,-1,-1,0,80,prompt
116,409,7,-14.280316101886195,-6.7341373307364325,5.676473072596958,2.402818209570127,71.39419545797968,,,0.0,-1,-1,0,80,prompt
116,483,8,-16.982883278521484,18.799467086791992,25.419445276260376,4.252112419251942,126.34170323841806,0.7321661710739136,51.82880783081055,51.82880783081055,1,5,1,80,prompt
116,1193,6,-2.8669026187955495,-3.029900391896566,-38.52519981066386,1.5535592459304441,46.160426127015576,,,0.0,-1,-1,0,80,prompt
116,1439,15,-20.688354477127813,30.975184949239097,47.88152844111125,3.747692426762842,111.35402776915225,0.3463227450847626,195.29742431640625,397.12908935546875,4,14,3,80,prompt
116,1823,13,-15.698714771585413,-8.818970166719877,2.522950612581693,4.318715338416747,128.32065520822806,0.6913745403289795,37.32810592651367,37.32810592651367,5,5,1,80,prompt
116,2033,6,22.859290717902073,41.41633121172587,-6.357076644897461,3.170907183986616,94.21618596487721,,,0.0,-1,-1,0,80,prompt
116,2279,6,37.98297204324805,17.823755264282227,33.090402603149414,1.5286365706784903,45.41990637350826,,,0.0,-1,-1,0,80,prompt
116,2697,8,1.0303657422915027,-2.927132725715637,28.315401911735535,2.0217083773252154,60.07039670121945,,,0.0,-1,-1,0,80,prompt
116,2943,8,6.366418218282423,-0.07274514436721802,9.63938295841217,2.1930599847141767,65.1617140972846,,,0.0,-1,-1,0,80,prompt
116,3525,12,20.125764400472146,9.71785032749176,-16.05571695168813,5.118231563594614,152.07643391209712,0.23962290585041046,117.8761978149414,117.8761978149414,3,14,1,80,prompt
116,3797,9,20.473929559086837,31.820109049479168,-11.691105524698893,3.48575702278463,103.57122199778638,,,0.0,-1,-1,0,80,prompt
116,3859,6,32.68894316583898,-40.79279931386312,-25.666600227355957,3.199330103379079,95.06070739163756,,,0.0,-1,-1,0,80,prompt
116,4569,7,-11.88114014746353,29.86615753173828,27.49286801474435,1.8483393975752116,54.91913774316591,,,0.0,-1,-1,0,80,prompt
116,5039,6,12.018107950745856,24.617937723795574,0.3694997628529866,2.0380334793331034,60.55545941590194,,,0.0,-1,-1,0,80,prompt
116,6063,6,29.402911806738064,-18.830643614133198,-15.843989054361979,2.429877090432249,72.19818762911034,,,0.0,-1,-1,0,80,prompt
116,6075,10,-21.712416935450257,11.359353876113891,-14.782854080200195,3.7950400856130853,112.76085413536192,0.5165335536003113,86.69185638427734,234.08499145507812,7,14,3,80,prompt
117,181,11,-13.715451950424505,19.159414638172496,42.58718009428544,2.7886059537712096,82.85698756812968,,,0.0,-1,-1,0,80,prompt
117,431,6,-11.423016068073215,37.407256762186684,-4.226156234741211,2.597719310084422,77.18523167106979,,,0.0,-1,-1,0,80,prompt
117,793,6,-30.503990722614493,26.456200281778973,-24.040800253550213,1.5930093421290925,47.332594652967565,,,0.0,-1,-1,0,80,prompt
117,1125,6,-35.44107998741649,21.334006309509277,42.76983133951823,1.799385688474679,53.4645913018262,,,0.0,-1,-1,0,80,prompt
117,1243,6,26.60916515189704,5.907381455103557,3.4749770959218345,2.7438758939736356,81.52793711424353,,,0.0,-1,-1,0,80,prompt
117,1555,8,27.39395800085481,5.206485688686371,3.618842363357544,2.3877640856753533,70.9468969234874,,,0.0,-1,-1,0,80,prompt
117,2119,9,-7.293776290097325,6.595575014750163,10.293163829379612,2.1264292679800616,63.18193618688174,,,0.0,-1,-1,0,80,prompt
117,2277,6,-14.835726654268461,-4.369337240854899,-33.09649085998535,1.2795298547464276,38.0182754484909,,,0.0,-1,-1,0,80,prompt
117,2751,9,2.4445038993906842,-3.7165543768141003,15.102959685855442,2.6776383597268167,79.55984171366885,,,0.0,-1,-1,0,80,prompt
117,2915,6,11.84821824424202,31.68924355506897,-30.365339994430542,2.0871468744632966,62.01475055892909,,,0.0,-1,-1,0,80,prompt
117,3169,6,11.97727959469371,22.4378875096639,-19.646691640218098,2.3322689870333724,69.29798819471833,,,0.0,-1,-1,0,80,prompt
117,3237,12,-34.456755046955344,33.24807198842367,16.314264218012493,5.191000169272687,154.2385850212792,,,0.0,-1,-1,0,80,prompt
117,3629,7,-39.693823126009086,26.223943165370397,-1.598599978855679,2.9720850378737347,88.30864493475596,0.3466663658618927,294.96484375,435.0789794921875,5,5,2,80,prompt
117,3927,11,0.299834810449453,-13.46323637528853,-1.3129660866477273,4.640173785211862,137.87205076978196,,,0.0,-1,-1,0,80,prompt
117,4145,8,19.884080692229382,2.334778666496276,-21.55229389667511,2.3726990893148523,70.49927533877843,,,0.0,-1,-1,0,80,prompt
117,4273,7,51.704454388960606,-19.161213397979736,16.409128189086914,2.74579316258484,81.58490432442555,,,0.0,-1,-1,0,80,prompt
117,4551,6,-24.988765882510435,-9.565431594848633,-4.624839226404826,1.7929352693079896,53.27293198904993,0.6188875436782837,44.63689041137695,44.63689041137695,7,6,1,80,prompt
117,5803,11,-29.948212891160583,30.388016440651633,17.336054715243254,3.1869349512007608,94.69241406265179,,,0.0,-1,-1,0,80,prompt
118,566,6,-5.136405970111848,-57.290974934895836,64.2146848042806,2.023340191817307,60.11888230131002,0.29219502210617065,150.40948486328125,150.40948486328125,4,8,1,80,prompt
118,766,7,-14.303225360899583,18.638635226658412,4.1760390145438055,2.642448018676684,78.51424197700977,,,0.0,-1,-1,0,80,prompt
118,1762,7,-28.262920465786983,28.943726675851003,16.93566587993077,2.634927379824254,78.2907835572006,0.3251506984233856,707.423095703125,865.2135620117188,7,14,2,80,prompt
118,2258,6,-39.26580890657564,40.06765615940094,33.41371440887451,1.1957393016047777,35.52863261795923,,,0.0,-1,-1,0,80,prompt
118,3006,7,-28.17738356154796,3.1869374683925082,38.79308809552874,1.9307251491562971,57.36704013873867,,,0.0,-1,-1,0,80,prompt
118,3060,8,4.116462974051116,45.022420167922974,25.397558122873306,2.792333425036218,82.96774077076402,0.38592806458473206,111.3670425415039,111.3670425415039,4,6,1,80,prompt
118,3872,9,-21.502674540377566,26.16983742184109,-29.8891175587972,3.540863023793629,105.20856958874207,,,0.0,-1,-1,0,80,prompt
118,4244,7,-6.9618245893929345,-8.523572989872523,22.80819456917899,2.5035295108015783,74.3865992512871,,,0.0,-1,-1,0,80,prompt
118,4600,7,40.805689645000705,-7.5694713933127264,39.92264311654227,2.0818515188576865,61.85741129305342,,,0.0,-1,-1,0,80,prompt
118,4612,9,-5.196175136329147,43.71184963650174,52.18536376953125,2.584407580120491,76.78970434938417,,,0.0,-1,-1,0,80,prompt
118,4926,11,-40.348301206656465,-12.893870613791726,33.767047838731244,3.296187286639976,97.93859496785791,,,0.0,-1,-1,0,80,prompt
118,4966,6,22.211411860372007,-52.32120005289713,25.038450082143147,1.9797553842422786,58.8238603730524,,,0.0,-1,-1,0,80,prompt
119,169,7,-6.490175200303601,2.058642932346889,-27.36744315283639,3.1262791862659425,92.89016804996471,,,0.0,-1,-1,0,80,prompt
119,693,6,-39.21704347704169,-24.197631359100342,20.176376501719158,1.8016003545372983,53.5303949906442,,,0.0,-1,-1,0,80,prompt
119,765,9,-6.013382163398017,18.76752101050483,-17.58574840757582,3.9178665348233186,116.41035849128815,,,0.0,-1,-1,0,80,prompt
119,955,6,-13.9444939458787,-19.352562487125397,-7.907299915949504,3.1880707982506022,94.72616313528815,,,0.0,-1,-1,0,80,prompt
119,969,6,-14.348011530692824,-25.08905005455017,8.570929209391275,2.0313703060681894,60.35747860630473,,,0.0,-1,-1,0,80,prompt
119,1625,7,-29.337446543001615,-33.326261264937266,6.654328278132847,1.3469346393506434,40.021052998481814,,,0.0,-1,-1,0,80,prompt
119,2205,6,27.88227604267523,25.347700119018555,16.716933250427246,2.0107066525298007,59.74350584976412,,,0.0,-1,-1,0,80,prompt
119,3481,7,-16.40638702751711,6.053202288491385,41.61184447152274,4.019342693424052,119.42548825541704,,,0.0,-1,-1,0,80,prompt
119,4045,7,-8.449147665564604,-7.130030359540667,-11.701962062290736,2.476932819283029,73.59633996939549,,,0.0,-1,-1,0,80,prompt
119,4409,8,-26.973581441685337,37.92109215259552,45.14381694793701,1.8076909756291606,53.71136373433069,,,0.0,-1,-1,0,80,prompt
119,4747,6,0.8732006537210412,-8.230612595876059,-20.071616570154827,1.6223581810830863,48.20462764173081,,,0.0,-1,-1,0,80,prompt
119,5053,9,0.8247258425435314,-6.201442294650607,30.39914141760932,3.83601500094251,113.97832914127444,,,0.0,-1,-1,0,80,prompt
119,5519,6,-12.057147407730398,22.8720506032308,20.559733708699543,2.4033748572386107,71.41073495825759,,,0.0,-1,-1,0,80,prompt
119,6577,6,-13.0748259013639,6.207600076993306,-30.6840337117513,2.5652370375649576,76.22009593839658,,,0.0,-1,-1,0,80,prompt
120,371,6,-18.695609051875593,28.40069357554118,-6.588014602661133,1.5386262177890582,45.71672567324869,0.3020194172859192,304.1333312988281,479.9893798828125,6,14,2,80,prompt
120,735,6,-39.37228426098156,3.251600424448649,-38.00789999961853,1.6873350768658402,50.135266080914526,,,0.0,-1,-1,0,80,prompt
120,1305,8,8.069977351680135,32.76656752824783,-2.9165857434272766,3.395298232057283,100.88344788305797,0.39874401688575745,433.47027587890625,710.9647827148438,1,6,2,80,prompt
120,1729,7,53.22792618621643,37.530643463134766,32.39149938310896,2.7815243950364468,82.64657540026649,,,0.0,-1,-1,0,80,prompt
120,1895,6,-30.610420888091454,50.50603103637695,20.641193230946858,2.204549414852448,65.50309598698622,,,0.0,-1,-1,0,80,prompt
120,2011,8,3.9478826534284615,16.267238080501556,11.284812271595001,2.4457970428880413,72.67121226026373,,,0.0,-1,-1,0,80,prompt
120,2775,7,-10.222704529446121,-19.244351523263113,10.315076657703944,2.7356369082410845,81.28313467541459,,,0.0,-1,-1,0,80,prompt
120,4121,7,0.0005444628551143994,11.987636021205358,-5.854624884469168,2.8595528869855253,84.96501188593825,,,0.0,-1,-1,0,80,prompt
120,4311,8,-2.69067632373196,-9.134732484817505,26.696426272392273,3.6092649136482393,107.24097381912657,0.422946035861969,429.5267333984375,622.7041015625,7,10,2,80,prompt
120,6333,8,32.006363999979996,33.53212547302246,-9.145124912261963,2.7466101675292247,81.60917974004258,,,0.0,-1,-1,0,80,prompt
121,563,7,25.46113369548259,17.134242466517858,1.3135570798601424,2.2752025013933164,67.60238932932808,,,0.0,-1,-1,0,80,prompt
121,1539,7,-24.586621259008577,14.545103907585144,16.446196147373744,3.3573825143161447,99.75686987038978,,,0.0,-1,-1,0,80,prompt
121,1929,9,-9.258389562719803,9.098937299516466,-26.97104893790351,3.944040290703059,117.18805121714854,0.9127399325370789,39.463714599609375,39.463714599609375,0,15,1,80,prompt
121,2149,9,3.2923975510237407,31.99562136332194,22.93020184834798,4.091919801649297,121.58194945991866,,,0.0,-1,-1,0,80,prompt
121,2247,6,-18.805571826558786,-22.63187535603841,42.746737798055015,1.3036806485036,38.73586052550486,0.6292665004730225,68.37889862060547,68.37889862060547,4,7,1,80,prompt
121,2805,110,19.88470005994873,-52.63888610493053,-57.72710356278853,51.58717932502076,1532.7939288903954,0.3292238414287567,2556.45849609375,4019.478515625,3,0,9,80,prompt
121,3291,6,-21.93600903238951,-10.359855016072592,-26.052897612253826,1.9111736348382649,56.78611203141806,,,0.0,-1,-1,0,80,prompt
121,3635,6,-22.693406917414503,-10.055018901824951,17.694430748621624,2.7199392615014695,80.81671534535681,0.24332720041275024,180.86959838867188,180.86959838867188,5,8,1,80,prompt
121,4205,6,30.535919772257586,7.316099802652995,14.795533498128256,1.651001010422201,49.05568318482666,,,0.0,-1,-1,0,80,prompt
121,4923,6,-18.900960417228756,-6.623287836710612,11.600829203923544,1.7506063348182548,52.01522542995538,,,0.0,-1,-1,0,80,prompt
121,5543,6,-0.0017888990676079668,6.965074857076009,32.87332010269165,3.322535556199098,98.72147296478303,,,0.0,-1,-1,0,80,prompt
121,6065,7,-11.416268635968503,22.882607868739537,-0.37672833033970426,2.8193118304898364,83.769341800933,,,0.0,-1,-1,0,80,prompt
122,1499,6,53.9230315918196,-0.5912001132965088,-3.0298999150594077,2.371791996977112,70.47232318426207,,,0.0,-1,-1,0,80,prompt
122,2237,7,3.508178630788393,36.75073432922363,2.0184223992483976,1.5911716547892896,47.27799201652758,,,0.0,-1,-1,0,80,prompt
122,2461,7,15.398682938721937,4.251888820103237,-9.696046148027692,2.3476113847009974,69.75385211880288,,,0.0,-1,-1,0,80,prompt
122,2539,6,46.6813306861823,20.100799242655437,-49.3146006266276,2.675396288267514,79.4932237367621,0.47792187333106995,165.86566162109375,165.86566162109375,2,6,1,80,prompt
122,3001,6,-32.11779807039865,-1.561137358347575,-9.727087815602621,1.539620780989826,45.746276822506715,,,0.0,-1,-1,0,80,prompt
122,3055,9,-13.562217205230985,-9.049671279059517,0.8237458335028754,3.911227232623582,116.21308695527901,,,0.0,-1,-1,0,80,prompt
122,3065,10,21.6860394912508,48.19480857849121,21.511448764801024,4.021133407776784,119.47869519799764,,,0.0,-1,-1,0,80,prompt
122,3559,11,-12.554830390595157,50.59546730735085,48.68393048373136,3.434174460706408,102.03856525972428,,,0.0,-1,-1,0,80,prompt
122,4213,7,-28.67837846587989,18.21503026144845,-51.288727079119,1.8744698319563515,55.69554327071632,,,0.0,-1,-1,0,80,prompt
122,4415,7,1.8752358061848646,11.710509981427874,36.59714344569615,2.5634683505654836,76.16754348776112,,,0.0,-1,-1,0,80,prompt
122,4573,6,16.834546235387986,14.826187133789062,12.495395342508951,1.4241039357795189,42.313960472985926,,,0.0,-1,-1,0,80,prompt
122,4711,9,-29.697501450644065,4.052183257208931,4.425253444247776,2.6748548679299926,79.47713668146682,,,0.0,-1,-1,0,80,prompt
122,4831,8,-1.235998944978654,19.28790032863617,6.440950155258179,3.867755138805058,114.9214140560618,,,0.0,-1,-1,0,80,prompt
122,5519,8,-20.54583074371491,-20.663132667541504,2.6638643741607675,2.814632633209275,83.63031025709657,,,0.0,-1,-1,0,80,prompt
122,6717,8,10.738347481174955,-29.586558043956757,-25.66885793209076,2.538235361753673,75.41780348327624,,,0.0,-1,-1,0,80,prompt
123,681,6,-56.52612099280041,5.1083373328049975,7.247025012969971,1.8224574481946378,54.15011537370384,,,0.0,-1,-1,0,80,prompt
123,1135,6,19.28637120882343,-18.165543874104817,-31.113576889038086,2.2495754524309484,66.84094073727756,,,0.0,-1,-1,0,80,prompt
123,1357,7,-43.93885338648154,25.800337416785105,45.27781241280692,2.7871778591677625,82.81455503418063,,,0.0,-1,-1,0,80,prompt
123,1551,6,-31.419335334645265,-38.45109430948893,-18.107176780700684,2.079952711611766,61.8009926197171,,,0.0,-1,-1,0,80,prompt
123,2167,8,-11.08783648864394,-41.7073130607605,9.979015588760376,3.3678130966852686,100.06679054330453,,,0.0,-1,-1,0,80,prompt
123,2487,6,-25.266356167819833,4.124543507893882,-4.066177209218343,1.0727352448732266,31.87385106459824,,,0.0,-1,-1,0,80,prompt
123,2843,7,-3.7088755142592214,19.200803688594274,11.1741646357945,2.1174232996688174,62.9143446315404,,,0.0,-1,-1,0,80,prompt
123,3061,6,-16.324079999357902,-2.484887758890789,18.758421222368877,1.4164113022848466,42.08539162948465,,,0.0,-1,-1,0,80,prompt
123,3101,7,-6.346391681927104,21.52073562145233,-17.661410876682826,2.484171212568583,73.81141211383502,,,0.0,-1,-1,0,80,prompt
123,3627,6,-6.214131323045706,-35.75836308797201,-6.510966618855794,1.482050515782733,44.03570931041088,,,0.0,-1,-1,0,80,prompt
123,3865,6,-39.96205463538036,38.035406748453774,16.740027109781902,2.4711792868924807,73.42538703819636,,,0.0,-1,-1,0,80,prompt
123,4209,7,-49.51959513481232,-15.047887529645648,49.82266180855887,3.008654608591751,89.39522529662344,,,0.0,-1,-1,0,80,prompt
123,4655,7,-15.353753253390591,38.95981666019985,24.210915769849503,2.9216053363795433,86.80875715265799,,,0.0,-1,-1,0,80,prompt
123,5221,6,-17.836703951388206,-26.119030634562176,44.36791960398356,1.759618811353798,52.28301036215554,,,0.0,-1,-1,0,80,prompt
123,5729,8,-5.013813603960918,-14.195728063583374,7.114081263542175,2.9269893815043204,86.96873162282887,0.4106280207633972,101.00772857666016,197.7552490234375,5,6,2,80,prompt
123,5795,6,-24.221551647078087,-39.16238149007162,8.501647631327312,1.498112720401295,44.51296063614844,,,0.0,-1,-1,0,80,prompt
124,573,9,12.356354320318193,-14.24730364481608,-5.116104549831814,3.435990632061054,102.09252859834156,,,0.0,-1,-1,0,80,prompt
124,641,7,17.465934710637818,-21.504900251116073,19.596242359706334,2.2974561115213428,68.26360397502957,,,0.0,-1,-1,0,80,prompt
124,3475,7,24.9404630728507,15.9901123046875,10.198829991476876,2.1771037004597593,64.68760995061811,,,0.0,-1,-1,0,80,prompt
124,3707,7,-0.06331363643105346,10.693066324506487,31.136520385742188,2.3464766487957767,69.72013606126352,,,0.0,-1,-1,0,80,prompt
124,4037,9,19.524927250250677,-22.73656611972385,9.101664066314697,2.0451805930322373,60.7678193981778,,,0.0,-1,-1,0,80,prompt
124,4433,6,-20.91554985713937,13.320474942525228,50.76488800843557,1.0558604553654807,31.372455654978886,,,0.0,-1,-1,0,80,prompt
124,5445,7,10.979879135267874,-47.8317745753697,15.296846798488072,1.8851781492320514,56.013716195144134,,,0.0,-1,-1,0,80,prompt
124,5807,9,-39.435280355072344,2.7989620632595487,43.22289011213515,3.6081227802944027,107.20703796348084,0.24670368432998657,265.54248046875,265.54248046875,5,12,1,80,prompt
124,6137,6,-27.956378600249806,3.2562185128529877,-23.06918462117513,1.686937264845059,50.12344601518752,0.2955349087715149,271.9150390625,406.58697509765625,7,3,2,80,prompt
0,188,9,-4.68925349708217,8.35993766784668,11.79271772172716,3.202445911384661,95.15328643272944,,,0.0,-1,-1,0,80,delayed
0,640,6,-34.0906872991878,11.727005958557129,-8.429219086964926,0.8760147620429688,26.028756106588833,,,0.0,-1,-1,0,80,delayed
0,852,11,-23.07796086452246,-28.97467769276012,-8.993565385991877,3.3288730803773197,98.90977786362951,,,0.0,-1,-1,0,80,delayed
0,1152,6,-16.91297851868738,-5.92585563659668,-1.8059320449829113,1.6804683977740247,49.931238565526264,,,0.0,-1,-1,0,80,delayed
0,1214,12,-35.33679209033746,27.137465794881184,-1.7474621136983235,3.8265113571049807,113.69595030670547,,,0.0,-1,-1,0,80,delayed
0,1286,6,-42.43210632951497,-26.636330604553223,2.3324673970540366,0.7673625363364447,22.800406076553106,,,0.0,-1,-1,0,80,delayed
0,1376,10,-31.775041838709534,-34.906664562225345,5.280237197875977,2.77185488643405,82.35926827715888,,,0.0,-1,-1,0,80,delayed
0,1672,9,-34.99158536685603,40.69118785858154,11.93337885538737,3.716967189455593,110.44109828115782,,,0.0,-1,-1,0,80,delayed
0,1870,8,8.04707332005406,30.428324222564697,-14.483399510383606,3.5136803588281897,104.40089945877475,,,0.0,-1,-1,0,80,delayed
0,1876,6,-17.52674086924747,-14.396643002827963,-17.545161565144856,0.6398850831667213,19.012707876233204,,,0.0,-1,-1,0,80,delayed
0,2260,7,15.866962755697958,38.338263920375276,-6.906440189906529,2.2875492088348786,67.96924323481063,,,0.0,-1,-1,0,80,delayed
0,2330,12,-21.89363624532837,31.061094045639038,43.879066149393715,2.5268742522151406,75.08023434392857,,,0.0,-1,-1,0,80,delayed
0,2606,8,-12.918513983225065,12.456768870353699,15.095280647277832,2.0430061805311714,60.70321175100369,,,0.0,-1,-1,0,80,delayed
0,2726,6,14.891722418623571,8.129000027974447,-7.545567512512207,1.6446533131539431,48.86707601609742,,,0.0,-1,-1,0,80,delayed
0,2974,6,-5.371145558450888,-34.580580393473305,-14.53520647684733,0.6570344714150844,19.52226235343498,,,0.0,-1,-1,0,80,delayed
0,3030,6,-25.70271984627534,-5.182237625122069,19.212528864542644,1.7410068313410036,51.72999834751329,,,0.0,-1,-1,0,80,delayed
0,3216,7,27.845562174023787,-20.99815695626395,-9.694785799298968,1.9456427712134803,57.81028283628314,,,0.0,-1,-1,0,80,delayed
0,3604,6,-13.947627996825647,-18.622798919677734,-13.53146775563558,0.4281606037531252,12.721803801056586,,,0.0,-1,-1,0,80,delayed
0,3900,7,-15.974494758007708,-19.521475655691965,-10.609298978533063,0.9101468159127726,27.04291128306347,,,0.0,-1,-1,0,80,delayed
0,4026,7,5.3851506205212205,-9.141165358679634,-16.84730965750558,1.5433091900624427,45.85586938228115,0.6904173493385315,45.00193405151367,45.00193405151367,4,7,1,80,delayed
0,4234,7,-23.25962667378254,-20.376605442592076,12.40539060320173,1.9782026891467033,58.77772562315804,,,0.0,-1,-1,0,80,delayed
0,4622,14,-19.16241337984626,14.390705926077706,-9.557484422411237,4.41173952324644,131.08465408571217,,,0.0,-1,-1,0,80,delayed
0,4784,8,19.541198381173736,25.613278329372406,-19.015496373176575,4.109359322925773,122.10012457019015,,,0.0,-1,-1,0,80,delayed
0,5684,6,-38.98694820793764,-27.952674229939777,16.88320763905843,1.3919715378341133,41.3592204554886,,,0.0,-1,-1,0,80,delayed
0,5832,9,3.0629115068822728,-22.6380328602261,-20.90201187133789,2.6858051790949524,79.80249989559724,,,0.0,-1,-1,0,80,delayed
0,5888,6,-1.5121802048420439,-27.13515631357829,-5.066768964131673,1.6755209268956817,49.78423589112324,,,0.0,-1,-1,0,80,delayed
0,6282,6,-15.134249603342928,22.096100489298504,-7.848933696746826,2.355059234319724,69.97514777458873,,,0.0,-1,-1,0,80,delayed
0,6284,12,7.852062142727326,-30.038040300210316,8.829682370026907,4.523089076988705,134.39314899072474,,,0.0,-1,-1,0,80,delayed
0,6546,8,-14.430853791371787,-10.19819962978363,-34.88562536239624,1.7571402350539431,52.20936518995542,,,0.0,-1,-1,0,80,delayed
0,6874,6,-30.190066923386464,-58.325575510660805,45.91519991556803,2.0208323431478474,60.0443673682313,,,0.0,-1,-1,0,80,delayed
1,39,6,-14.827864319337403,0.7620944976806641,9.665572881698608,1.0403480450306828,30.911540197015437,,,0.0,-1,-1,0,80,delayed
1,201,8,-14.760066061903055,-20.663132667541504,10.712138891220093,1.6407137814386337,48.750021926788676,,,0.0,-1,-1,0,80,delayed
1,555,6,-5.66295665844319,-40.32630570729574,3.7180933952331543,1.042369995205971,30.97161777818486,,,0.0,-1,-1,0,80,delayed
1,621,9,-18.39552507111608,38.387971030341255,18.924067815144856,3.464663094784224,102.94446462902691,,,0.0,-1,-1,0,80,delayed
1,801,7,-12.714259327317043,28.318216460091726,-0.8082526070731026,1.5961413854411894,47.42565608870835,,,0.0,-1,-1,0,80,delayed
1,841,7,-30.676933285953265,-4.996167591639927,24.197777884347097,1.2314266949958275,36.58900111733159,,,0.0,-1,-1,0,80,delayed
1,845,7,-25.03659184314506,-13.100094420569283,-4.608823912484305,0.7076875249641159,21.027300891606384,,,0.0,-1,-1,0,80,delayed
1,1209,9,-52.73573894706238,-14.010208143128288,-24.085870530870224,2.4687223816541213,73.35238577155434,,,0.0,-1,-1,0,80,delayed
1,1423,9,-10.710184601907496,6.105987389882405,30.714334593878853,2.584028613198405,76.77844422225523,,,0.0,-1,-1,0,80,delayed
1,1711,8,-18.123692911959814,-34.53323936462402,13.052742004394531,1.7345220595925672,51.537318327083824,,,0.0,-1,-1,0,80,delayed
1,2021,6,-29.73642311785183,0.4526386260986328,-20.071617126464844,0.8723869834602019,25.92096504183631,,,0.0,-1,-1,0,80,delayed
1,2051,7,-32.496103077896336,-24.22864259992327,49.812046323503765,2.354330858475339,69.95350576805086,,,0.0,-1,-1,0,80,delayed
1,2153,8,-5.852694994003691,-17.514299035072327,-26.726500511169434,1.2280600537527007,36.488969145711195,,,0.0,-1,-1,0,80,delayed
1,3257,10,-27.020071212214287,-25.290426683425903,-1.6674107074737534,1.8459032001480407,54.84675176132304,,,0.0,-1,-1,0,80,delayed
1,3331,15,-13.743437437728938,49.3633529663086,24.106639035542806,4.677566121107565,138.9830776992998,,,0.0,-1,-1,0,80,delayed
1,3521,10,5.5950157235518025,4.672328042984009,5.767976951599121,3.0338623080536045,90.14421388646251,,,0.0,-1,-1,0,80,delayed
1,3681,6,-38.49649759167434,-10.881774385770163,17.46517054239909,1.2184922785606334,36.2046847960089,,,0.0,-1,-1,0,80,delayed
1,3765,6,-18.430405493252525,-13.879343350728353,-4.801823218663533,1.850751005948707,54.990793118050156,,,0.0,-1,-1,0,80,delayed
1,4063,7,-13.94134988715538,-19.6481614112854,-4.553398949759347,0.7584696655935768,22.536174954335817,,,0.0,-1,-1,0,80,delayed
1,4085,6,-36.40907600751776,7.870350519816081,12.57076644897461,0.8531618485386484,25.349734544735586,,,0.0,-1,-1,0,80,delayed
1,4123,6,2.0438577354167755,-37.41649301846822,-18.054693698883057,0.8626889045846845,25.632809019026134,,,0.0,-1,-1,0,80,delayed
1,4157,12,0.39694825767616315,-1.4710715611775715,-16.458180904388428,4.149182506064196,123.2833785131724,,,0.0,-1,-1,0,80,delayed
1,4261,7,-39.0795819392361,-35.72932924543108,-27.044249262128556,0.4764913465440149,14.157840236813184,0.6542059183120728,41.166011810302734,41.166011810302734,2,6,1,80,delayed
1,4425,8,-34.632139468819545,-17.226782143115997,-10.034286975860596,0.6607350820404289,19.632217454177695,,,0.0,-1,-1,0,80,delayed
1,4567,7,-19.48777914445738,6.381792885916574,-10.914136341639928,1.5503909479026654,46.0662874661034,,,0.0,-1,-1,0,80,delayed
1,4595,6,-39.46056244431008,-18.72902997334798,-26.263890584309895,0.5671359912868497,16.85113657451109,,,0.0,-1,-1,0,80,delayed
1,4707,7,-6.92067015915493,10.039843150547572,-38.09235763549805,2.2382184452187186,66.50349348908448,,,0.0,-1,-1,0,80,delayed
1,5411,11,16.469816098438944,-13.097934982993387,-15.656471772627397,3.959095236755298,117.63537418015171,,,0.0,-1,-1,0,80,delayed
1,5429,9,-25.09265308362724,12.5876341925727,-2.023503197564019,2.7763830945622434,82.49381352693729,,,0.0,-1,-1,0,80,delayed
1,5497,6,-20.465085291480666,-15.874642928441366,-9.648569742838541,0.9593726424318665,28.505543065229606,,,0.0,-1,-1,0,80,delayed
1,5651,7,-14.089830729737912,-19.062240736825125,-3.5332555770874023,2.0842636427795536,61.92908198626723,,,0.0,-1,-1,0,80,delayed
1,5675,6,2.243015737426775,-30.59459940592448,-38.673000971476235,1.0531238328903048,31.291143236457486,,,0.0,-1,-1,0,80,delayed
1,5709,6,-8.154692943932483,-21.869780858357746,-18.23797384897868,0.9257428378312207,27.50631106619223,,,0.0,-1,-1,0,80,delayed
1,5815,8,9.994356483978038,-0.05542457103729248,-9.816050291061401,3.1222120986198068,92.76932393067325,,,0.0,-1,-1,0,80,delayed
1,5921,6,2.254057312233757,-12.193499247233072,-12.045700550079346,0.992630709144808,29.493729731204244,,,0.0,-1,-1,0,80,delayed
1,6357,9,-5.423701590526284,22.98905869325002,34.53558010525174,2.121983193025875,63.04983133473947,,,0.0,-1,-1,0,80,delayed
1,6609,7,-25.141159956321527,1.8725738525390625,3.513636997767857,2.074827673779218,61.648713953237426,,,0.0,-1,-1,0,80,delayed
2,458,17,-8.671438826149949,13.523700265323415,-18.956347325268915,6.710485324803167,199.38657822250002,,,0.0,-1,-1,0,80,delayed
2,482,6,-26.688070732006462,-1.5565179189046223,-23.4663987159729,0.971306576806886,28.86013237205248,,,0.0,-1,-1,0,80,delayed
2,492,6,-8.513894752417196,-6.369255701700848,15.2620267868042,1.1267345579229775,33.478315977971896,,,0.0,-1,-1,0,80,delayed
2,540,6,2.5126237603253947,16.18410001198451,-42.663600285847984,2.2762949796609355,67.63484979873077,,,0.0,-1,-1,0,80,delayed
2,842,6,-38.297812886474375,-11.569967945416769,18.995447476704914,1.1606450317873274,34.485887416169554,,,0.0,-1,-1,0,80,delayed
2,1056,7,32.20278852459476,39.55365589686802,17.574490683419363,2.012467464870923,59.79582432310774,,,0.0,-1,-1,0,80,delayed
2,1226,6,-29.017620942623115,-24.077542781829834,-2.064581871032715,0.7767203555272367,23.078452068425026,,,0.0,-1,-1,0,80,delayed
2,1270,8,-14.971652069701552,1.8879141807556152,-38.92928925156593,1.920071988691768,57.050506071608446,,,0.0,-1,-1,0,80,delayed
2,1496,6,12.849135096535404,-17.167893409729004,-0.5418651898701986,1.4884871969420777,44.2269604300173,,,0.0,-1,-1,0,80,delayed
2,1664,12,-22.952830445764572,-13.18883991241455,-16.03325593471527,2.271680843414924,67.4977513933227,,,0.0,-1,-1,0,80,delayed
2,1684,9,-18.80355719781156,-21.47410747740004,-20.096250534057617,1.0499601061058002,31.19714039948509,,,0.0,-1,-1,0,80,delayed
2,1738,7,13.306582882754688,-1.361870356968473,10.074842180524554,2.090058913833015,62.10127508546836,,,0.0,-1,-1,0,80,delayed
2,1786,12,-18.201640601216937,-8.574708859125773,1.6827983856201172,3.9102427298139992,116.18383472731757,,,0.0,-1,-1,0,80,delayed
2,2104,11,-6.542575435432965,12.803175059231846,20.954597906632856,2.9577861839037967,87.88378750230898,,,0.0,-1,-1,0,80,delayed
3,31,126,22.371296933461313,26.104295213071126,-8.227141285699512,51.64765282058942,1534.5907591896914,,,0.0,-1,-1,0,80,delayed
3,435,9,-55.560267241097065,5.394700368245442,-28.89356761508518,2.1315281030090536,63.333436297550946,,,0.0,-1,-1,0,80,delayed
3,519,14,12.103129519591022,-29.345557485307967,16.74572597231184,5.887008846754823,174.91887592414346,,,0.0,-1,-1,0,80,delayed
3,569,7,-30.43637648791989,-15.439820630209786,-11.563401085989815,1.1461498370095682,34.05519616993085,,,0.0,-1,-1,0,80,delayed
3,767,10,-16.422368479120365,49.33933525085449,43.80904922485352,2.8268704288771414,83.99392810067984,,,0.0,-1,-1,0,80,delayed
3,1197,7,-30.33071944903319,-8.87987654549735,13.069230488368444,1.6797899426459444,49.91107983781615,,,0.0,-1,-1,0,80,delayed
3,1259,9,-35.06836160384091,-10.801716168721518,-2.361230638292101,2.256109778471052,67.03509314907268,,,0.0,-1,-1,0,80,delayed
3,1413,6,13.46515964297312,3.168462594350179,27.515570004781086,2.296303475615048,68.2293560602859,,,0.0,-1,-1,0,80,delayed
3,1429,10,-53.54447990696358,-36.82714080810547,4.220613479614258,2.3223739570368545,69.00398022406942,,,0.0,-1,-1,0,80,delayed
3,1641,7,-18.22777340424833,-16.049495969499862,1.9827923093523299,1.6106164998016932,47.8557506917101,,,0.0,-1,-1,0,80,delayed
3,1781,8,-5.648104546922777,-5.0990986824035645,1.8844492435455322,1.1227622873552094,33.36028912924998,,,0.0,-1,-1,0,80,delayed
3,1863,7,-39.652024186408575,-19.735258102416992,-10.775574275425502,0.5575653005158769,16.566765595113132,,,0.0,-1,-1,0,80,delayed
3,1885,9,-26.449056456745506,10.438375473022461,-8.52572250366211,1.4607947815867846,43.404144244129874,,,0.0,-1,-1,0,80,delayed
3,1919,8,-2.698004694840746,-18.0997269153595,7.636051416397095,2.303095278015175,68.43115878765636,,,0.0,-1,-1,0,80,delayed
3,1945,10,-27.468151246658056,-16.66906852722168,6.452475929260254,2.708213566867028,80.46831340164019,,,0.0,-1,-1,0,80,delayed
3,2041,9,-24.562010386827566,-15.195686340332031,-18.134822209676106,0.8480516205828385,25.19789591955004,,,0.0,-1,-1,0,80,delayed
3,2245,8,-20.301717848884394,10.624280452728271,17.86889147758484,1.2190401092026264,36.22096231870144,,,0.0,-1,-1,0,80,delayed
3,2359,9,-26.741739411807128,7.92269680235121,7.407003720601399,2.730372137381988,81.12670416466737,,,0.0,-1,-1,0,80,delayed
3,2481,10,-23.350661160226572,-17.86624813079834,5.195210266113281,1.0767929311684228,31.994415844452423,,,0.0,-1,-1,0,80,delayed
3,2787,6,-32.50666673264882,25.00591278076172,7.2037779490153,1.3334083676373678,39.61915106404953,,,0.0,-1,-1,0,80,delayed
3,3025,6,-19.121803010593435,-5.039056162039437,-27.05831511815389,1.8934619095779792,56.25984900823367,,,0.0,-1,-1,0,80,delayed
3,3055,8,-12.645809278654863,23.701114892959595,-19.22334098815918,2.066247194822786,61.393764831702256,,,0.0,-1,-1,0,80,delayed
3,3411,6,2.340193227164351,-4.512518564860026,11.337560653686523,1.463006575279035,43.46986258709411,,,0.0,-1,-1,0,80,delayed
3,3565,9,-11.195870033759583,25.707962459988064,0.38748402065700954,2.1436664541541233,63.69409937673734,,,0.0,-1,-1,0,80,delayed
3,3751,7,-17.753740573773307,10.194240842546735,-12.272048677716937,1.3165612627382794,39.11857823865805,,,0.0,-1,-1,0,80,delayed
3,3859,9,-27.63344755470986,4.1137674119737415,-24.602189540863037,1.6871302827880994,50.12918109772413,,,0.0,-1,-1,0,80,delayed
3,3879,6,-23.35280064656158,40.437156677246094,19.511276245117188,1.3604071859416422,40.421358614946485,,,0.0,-1,-1,0,80,delayed
3,4111,7,-33.22788768528682,33.32626152038574,-0.7488681248256128,1.4083216919720023,41.84502753637358,,,0.0,-1,-1,0,80,delayed
3,4133,6,-33.0730088055543,1.5980881055196126,-8.941900650660196,0.8366764776048179,24.859909808948444,,,0.0,-1,-1,0,80,delayed
3,4145,7,-17.49459698315021,30.55105209350586,26.00700787135533,2.06281229498621,61.29170471357332,,,0.0,-1,-1,0,80,delayed
3,4169,10,-30.76132162589895,11.522858047485352,-4.562360644340515,1.9146538895395655,56.889519764636745,,,0.0,-1,-1,0,80,delayed
3,4281,8,-21.403957844569568,-19.15280169248581,29.7841637134552,2.4952475935850167,74.14052120253125,,,0.0,-1,-1,0,80,delayed
3,4311,11,-15.043475566478143,24.98659831827337,21.70695859735662,2.4729537483450343,73.47811106337303,,,0.0,-1,-1,0,80,delayed
3,4465,6,-29.35240266706549,-2.697349230448405,-15.582192738850912,0.8749220300120075,25.99628809719431,,,0.0,-1,-1,0,80,delayed
3,4505,9,-14.046740163657311,12.898630142211914,7.271520614624023,1.7606586416176384,52.31390651767993,,,0.0,-1,-1,0,80,delayed
3,4681,6,-6.023030321997223,-21.34324248631795,-17.147948900858562,1.3564131642899053,40.30268548298344,,,0.0,-1,-1,0,80,delayed
3,4733,8,-1.3442673793032123,4.939753532409668,21.90342152118683,1.8971521243053695,56.369495218870796,,,0.0,-1,-1,0,80,delayed
3,4815,6,-46.89597991620381,-34.97779337565104,-5.944332122802734,0.5575764458690697,16.567096753550803,,,0.0,-1,-1,0,80,delayed
3,4821,8,-4.500654325374384,18.62280011177063,-38.14987587928772,2.095195064506869,62.25388394437009,,,0.0,-1,-1,0,80,delayed
3,4863,9,-14.722306008929767,8.224454243977865,-11.299071258968777,1.7194198379996835,51.08859068054042,,,0.0,-1,-1,0,80,delayed
3,4901,6,-51.26759896316963,26.465437253316242,16.330429395039875,1.5255005214647306,45.32672591164841,,,0.0,-1,-1,0,80,delayed
3,5105,8,6.594955452595649,-7.271066904067993,0.8625514507293701,2.587248587814464,76.87411833367698,,,0.0,-1,-1,0,80,delayed
3,5627,6,5.610140133964001,-22.414793809254963,0.13247251510620353,1.3504494245337864,40.12548672524428,,,0.0,-1,-1,0,80,delayed
3,5733,6,19.17819733320783,-19.213999430338543,-24.476434071858723,1.4835298329947442,44.079663805910386,,,0.0,-1,-1,0,80,delayed
3,5741,8,-20.390864409703582,21.820129871368408,0.6685634851455688,2.3504845705505666,69.83922220269615,,,0.0,-1,-1,0,80,delayed
3,5923,6,-23.624670865337844,-17.648242870966595,-18.727561314900715,0.640974604521707,19.04508048780393,,,0.0,-1,-1,0,80,delayed
3,5953,6,0.7889735653377675,-19.14933681488037,14.944803873697916,1.1758791898486172,34.93853525025604,,,0.0,-1,-1,0,80,delayed
3,5983,6,-13.144877363993237,10.33676274617513,22.77673276265462,1.271406588753329,37.77691135454548,,,0.0,-1,-1,0,80,delayed
3,6323,7,-3.063452582188272,-15.289381844656807,3.9214066096714566,2.4610810471503104,73.12534115912713,,,0.0,-1,-1,0,80,delayed
3,6351,7,-16.426404367182176,15.661521707262311,6.914356776646206,1.5466290023202531,45.95450993872187,,,0.0,-1,-1,0,80,delayed
3,6591,6,-4.676215431903743,1.6119441986083984,15.012614568074545,0.9799940756750529,29.118261343176698,,,0.0,-1,-1,0,80,delayed
4,40,12,-15.617413127599614,-17.81682761510213,-3.1107285022735596,3.3539045446575937,99.6535300319407,,,0.0,-1,-1,0,80,delayed
4,168,7,-20.107367661749343,3.0681701557976857,-26.23662785121373,2.5988691967845123,77.21939789949847,,,0.0,-1,-1,0,80,delayed
4,204,12,-10.971537125400994,-7.239890098571777,14.25891908009847,2.6968614102715587,80.13101027832505,,,0.0,-1,-1,0,80,delayed
4,488,6,-21.384834367786993,5.9350941975911455,-0.9852648973464966,1.448419778551409,43.03644960040618,,,0.0,-1,-1,0,80,delayed
4,576,7,-17.301728169616236,37.40791647774832,6.918315614972796,1.4313532196987686,42.529356207461355,,,0.0,-1,-1,0,80,delayed
4,778,9,-32.79260985037856,-16.378087361653645,9.568579567803276,2.3702687064171633,70.4270621222545,,,0.0,-1,-1,0,80,delayed
4,818,8,-46.32546611760099,6.342698931694031,-35.361305713653564,2.185281609923449,64.93059764913102,,,0.0,-1,-1,0,80,delayed
4,1044,7,-23.88976832376216,51.683812277657644,26.211612156459264,1.4265357296874774,42.38621561442227,,,0.0,-1,-1,0,80,delayed
4,1176,6,-44.33546258141379,-5.237661679585774,43.32869863510132,2.178954723043063,64.74260881303023,,,0.0,-1,-1,0,80,delayed
4,1204,10,-13.01661222164368,-2.1560317993164064,-4.096790599822998,1.8343600041276158,54.503772342568155,,,0.0,-1,-1,0,80,delayed
4,1214,8,-46.20239494153602,-5.819624423980713,-38.98707604408264,0.8899467323049586,26.4427124367172,,,0.0,-1,-1,0,80,delayed
4,1280,8,-16.51756152048653,-10.108134746551514,12.220109105110168,2.606441429362474,77.44438930774196,,,0.0,-1,-1,0,80,delayed
4,1302,6,-35.54572125382584,-22.24389902750651,-29.132134437561035,0.8096822760478998,24.05783943404002,,,0.0,-1,-1,0,80,delayed
4,1732,7,-23.032309337819918,-15.843631948743548,-3.8856002943856365,1.554801725117648,46.19734352742082,,,0.0,-1,-1,0,80,delayed
4,1782,7,-12.07156145799689,16.437472343444824,9.87563589641026,1.7911458654217336,53.219763983954984,,,0.0,-1,-1,0,80,delayed
4,1808,7,-11.909738358360995,33.56379726954869,15.804849897112165,2.435338072333069,72.3604480979493,,,0.0,-1,-1,0,80,delayed
4,1912,6,-32.57898039115579,-17.09861159324646,-3.4455881118774414,1.2117581667713013,36.004596211941845,,,0.0,-1,-1,0,80,delayed
4,1944,6,-33.57501948236358,-2.438699722290039,-26.17613347371419,0.8725188971914735,25.92488455379792,,,0.0,-1,-1,0,80,delayed
4,2044,6,8.675328899700233,32.894737243652344,-13.348186810811361,1.7971594676597462,53.398444290220866,,,0.0,-1,-1,0,80,delayed
4,2126,7,-7.756236842009057,-25.178784915379115,-11.341700417654854,0.6315869205213964,18.76614713206919,,,0.0,-1,-1,0,80,delayed
4,2206,6,-20.159098565734435,-5.468599160512288,-38.29573408762614,1.2601738423496613,37.44315622938484,,,0.0,-1,-1,0,80,delayed
4,2394,9,-17.681911551408117,5.68722136815389,-3.861766232384576,2.0159279798258676,59.89864553533867,,,0.0,-1,-1,0,80,delayed
4,2732,14,-22.83084578332012,-9.376721620559692,1.7953741891043526,4.193931677246507,124.61299681773158,,,0.0,-1,-1,0,80,delayed
4,2930,7,-16.360671304472948,-17.14611898149763,9.246165820530482,1.0362105254619436,30.78860335575742,,,0.0,-1,-1,0,80,delayed
4,2938,8,-22.823813851993698,-15.657561779022217,-5.2307350635528564,1.1686084962836516,34.72250337758888,,,0.0,-1,-1,0,80,delayed
4,3500,6,-13.558684596024746,-2.808198928833008,-11.46226723988851,1.7145462973978505,50.943784673613266,,,0.0,-1,-1,0,80,delayed
4,3788,7,8.50126091147029,3.4521868569510326,-18.386071750095912,3.522170915233428,104.65317673931484,,,0.0,-1,-1,0,80,delayed
4,3936,8,-33.57288299809389,14.323898673057556,-15.50860846042633,2.8477700156806978,84.61491106947092,,,0.0,-1,-1,0,80,delayed
4,4002,6,-9.069992367034272,8.341463724772135,-8.932663281758627,1.2522703939046904,37.20832350636611,,,0.0,-1,-1,0,80,delayed
4,4222,8,-42.11148545601566,-39.31364440917969,-7.729426980018616,2.1040540638899294,62.51710865733307,,,0.0,-1,-1,0,80,delayed
4,4286,12,-18.147035177670144,-2.004537264506022,43.45802414417267,3.05219590096967,90.68895427126705,,,0.0,-1,-1,0,80,delayed
4,4434,8,11.114911542694973,-13.856249392032623,15.136849403381348,1.4591488336497402,43.3552387013539,,,0.0,-1,-1,0,80,delayed
4,4458,11,-5.502019447638258,-3.920058639212088,9.876240383494984,3.248828685132048,96.53144346583956,,,0.0,-1,-1,0,80,delayed
4,4470,7,-5.566171785692087,-34.553528376988005,-38.85247107914516,2.0361331363420394,60.49899511144445,,,0.0,-1,-1,0,80,delayed
4,4632,6,-31.48100597660454,-24.373143513997395,12.076560020446777,0.6942032479951551,20.626646734043728,,,0.0,-1,-1,0,80,delayed
4,4786,7,-0.8589176097400179,7.7594998053142,27.04028947012765,2.397174341688292,71.22650095446299,,,0.0,-1,-1,0,80,delayed
4,4852,10,-4.014004653177471,-2.6742562532424925,-26.149639463424684,1.8476979607888155,54.90007893001081,,,0.0,-1,-1,0,80,delayed
4,5078,8,-30.459146766591047,5.885442733764648,-18.49935221672058,1.6919283452520386,50.271744446048075,,,0.0,-1,-1,0,80,delayed
4,5096,11,11.646409977676694,-12.324504158713601,-10.441371050747959,2.773974713821097,82.42225405369629,,,0.0,-1,-1,0,80,delayed
4,5110,8,28.40966700092875,36.24795055389404,-32.05895006656647,2.610105606022853,77.55326185733466,,,0.0,-1,-1,0,80,delayed
4,5400,8,28.5544243716256,-31.481399059295654,-9.582700252532959,2.4871303575574037,73.89933627508822,,,0.0,-1,-1,0,80,delayed
4,5470,14,14.359594263138789,-9.356927565165929,-16.213968685695104,4.997362330913017,148.4850837264874,,,0.0,-1,-1,0,80,delayed
4,5760,6,-29.010435796730917,15.957781155904135,0.013855616251627604,1.5324057752801976,45.53189958588847,,,0.0,-1,-1,0,80,delayed
4,5790,10,10.872648494598304,-12.018911170959473,21.72206344604492,2.995126853656106,88.99327929166293,,,0.0,-1,-1,0,80,delayed
4,5870,7,3.7320235996550966,-22.32835623196193,3.050442559378488,1.212857927889413,36.03727307443222,,,0.0,-1,-1,0,80,delayed
4,5942,7,-1.0596144932108413,-14.121498107910156,-28.05773435320173,2.124957461269944,63.138204848605724,,,0.0,-1,-1,0,80,delayed
4,5954,7,-31.59647820274123,-17.894357136317662,8.021596091134208,2.300775186926696,68.36222263760077,,,0.0,-1,-1,0,80,delayed
4,6132,7,3.4880584961407193,-11.49672828401838,-5.830871173313686,2.1642240930857257,64.30492215400436,,,0.0,-1,-1,0,80,delayed
4,6444,7,-15.614152626321458,-8.89967155456543,-35.74867166791643,1.4635053812273933,43.48468345420376,,,0.0,-1,-1,0,80,delayed
5,522,6,-8.858522376888688,26.13750680287679,0.1878976821899414,1.0859937911200535,32.267798154920975,,,0.0,-1,-1,0,80,delayed
5,808,14,-24.962109846996093,-14.226409299033028,25.419738667351858,4.788739394802201,142.28633484969333,,,0.0,-1,-1,0,80,delayed
5,1116,8,-30.722916398754023,4.8670075088739395,-0.2714546322822571,2.836496402057154,84.2799416692261,,,0.0,-1,-1,0,80,delayed
5,1304,7,-20.336965644115047,25.194621222359793,31.03088923863002,1.9674575097610356,58.45845742623995,,,0.0,-1,-1,0,80,delayed
5,1366,8,-38.243814290999154,-1.2089574337005615,-20.749889612197876,1.8471549315536462,54.88394407003652,,,0.0,-1,-1,0,80,delayed
5,1384,6,-8.176970759576902,-27.541605949401855,16.02873929341634,0.8340030126303019,24.780473969740783,,,0.0,-1,-1,0,80,delayed
5,1612,8,-1.6942351966862326,-9.744407653808594,-8.281470537185669,2.306700955559248,68.53829317107107,,,0.0,-1,-1,0,80,delayed
5,1676,10,-12.589480361293052,38.97485980987549,14.274831962585449,1.963245129217704,58.333296263961344,,,0.0,-1,-1,0,80,delayed
5,1742,8,-32.84247209581157,27.45962405204773,1.6997513771057111,1.9217899966319774,57.10155271100594,,,0.0,-1,-1,0,80,delayed
5,2032,9,-30.167016904073712,0.6127546098497179,13.553019841512045,2.114189344243002,62.81825511263573,,,0.0,-1,-1,0,80,delayed
5,2054,6,-29.481862575776464,-24.904298782348633,-33.49223486582438,0.32671992553849827,9.707728254683582,,,0.0,-1,-1,0,80,delayed
5,2138,10,-24.563609112089985,-18.345674324035645,-20.340093040466307,2.7265239362859455,81.0123637538455,,,0.0,-1,-1,0,80,delayed
5,2314,6,-2.3046116408353066,-17.1309428413709,34.07881450653076,2.074514642254088,61.639412944197026,,,0.0,-1,-1,0,80,delayed
5,2390,8,-5.285210525927145,-20.06731367111206,13.545742154121399,1.69840250238301,50.46410907762665,,,0.0,-1,-1,0,80,delayed
5,3040,9,1.062685584281586,-3.587228880988226,-13.30766815609402,1.8749085911361167,55.708579986733525,,,0.0,-1,-1,0,80,delayed
5,3058,7,-0.24001233517825935,5.688980783735003,-9.03364508492606,1.658117980352926,49.26714751462032,,,0.0,-1,-1,0,80,delayed
5,3090,8,25.389367380144943,-44.118300437927246,36.14875030517578,3.883342921322081,115.3845690244004,,,0.0,-1,-1,0,80,delayed
5,3102,6,-9.107641483210493,27.09358819325765,10.593940416971842,1.3610347601047676,40.44000553225721,,,0.0,-1,-1,0,80,delayed
5,3302,6,-11.158285806260176,-22.313180605570476,-24.390148480733234,1.1123028132684003,33.04951000564956,,,0.0,-1,-1,0,80,delayed
5,3604,6,4.08818876764358,-4.48942502339681,-17.54054069519043,2.7156009502070932,80.68781244156048,,,0.0,-1,-1,0,80,delayed
5,3634,8,-19.144678663626784,-6.075964689254761,25.202312469482422,2.0864910010971407,61.99526279613765,,,0.0,-1,-1,0,80,delayed
5,3640,8,-38.520544018471476,-8.854143023490906,-10.13474440574646,1.1608694567002447,34.49255568430347,,,0.0,-1,-1,0,80,delayed
5,3672,8,-11.83926796477575,1.738959789276123,24.91133064031601,1.9872195263001182,59.04564012105044,,,0.0,-1,-1,0,80,delayed
5,3768,6,-11.90063621046192,0.08313735326131066,6.510966618855794,1.939014765230625,57.613346941277875,,,0.0,-1,-1,0,80,delayed
5,3778,9,-16.865681243911954,-18.662828233506943,-19.691899405585396,1.7187822625702833,51.06964659869331,,,0.0,-1,-1,0,80,delayed
5,3902,14,-16.32074732829547,-15.548692294529506,15.825993503843035,3.34727305593462,99.45649065535379,,,0.0,-1,-1,0,80,delayed
5,3926,7,2.299094415792186,31.600167955671036,-11.30211067199707,1.8820501203998943,55.92077404040613,,,0.0,-1,-1,0,80,delayed
5,4108,6,-10.958136021701149,53.92852465311686,32.530062675476074,1.6367868866620985,48.63334331493936,,,0.0,-1,-1,0,80,delayed
5,4164,6,-26.320014806041666,-2.064579963684082,-2.5371652046839395,0.6120833462707274,18.18664345316599,,,0.0,-1,-1,0,80,delayed
5,4246,6,0.8062085034879161,12.193499565124512,20.136278947194416,2.221749006583841,66.01414214477617,,,0.0,-1,-1,0,80,delayed
5,4284,6,-35.70929766950679,-9.611618041992188,-25.109203338623047,0.8901993024554947,26.450216975605088,,,0.0,-1,-1,0,80,delayed
5,4422,11,-6.96399933484584,2.4739714535799893,19.207794666290283,2.4485420987608424,72.75277525772451,,,0.0,-1,-1,0,80,delayed
5,4542,7,-24.301134775643856,-8.436475958142962,-28.691163744245255,0.9979505513732135,29.651796560541435,,,0.0,-1,-1,0,80,delayed
5,4592,8,38.802217687145635,-1.4964741468429565,29.836125135421753,1.382845224334261,41.08805312072138,,,0.0,-1,-1,0,80,delayed
5,4644,8,-19.52878006934027,5.119884490966797,-6.167135059833527,1.3009038068951018,38.65335308829494,,,0.0,-1,-1,0,80,delayed
5,4710,6,18.518330307250732,6.8727006912231445,-21.36486752827962,1.284095324398095,38.1539278384097,,,0.0,-1,-1,0,80,delayed
5,4760,6,-16.273525670756353,-16.484318415323894,26.882801691691082,1.6018743619007416,47.59599824787756,,,0.0,-1,-1,0,80,delayed
5,4952,6,-20.791884753512267,38.192443211873375,17.943843682607014,1.9182756271927472,56.99713133711397,,,0.0,-1,-1,0,80,delayed
5,5204,10,-7.863263609249643,-7.443576812744141,-2.7703678131103517,3.0037856626727026,89.25055581008701,,,0.0,-1,-1,0,80,delayed
5,5932,10,-45.22165000445169,-6.695339488983154,-32.56886096000672,2.2530632879909884,66.94457371821096,,,0.0,-1,-1,0,80,delayed
5,6030,8,-28.003349346587907,7.4269514083862305,-38.04485058784485,1.7996991726109186,53.473905759160715,,,0.0,-1,-1,0,80,delayed
5,6138,8,-14.265165792435223,0.9941860437393188,-6.715713977813721,2.1766268385106073,64.67344109878044,,,0.0,-1,-1,0,80,delayed
5,6688,7,-18.597238121546898,-15.926769256591797,-5.503541673932757,0.6469733797372342,19.223320243329365,,,0.0,-1,-1,0,80,delayed
5,6722,9,-29.403656022156692,-11.063445727030436,-10.688415103488499,3.592452404530683,106.74142892750838,,,0.0,-1,-1,0,80,delayed
5,6796,7,-13.763801089080433,-14.390705244881767,20.591194561549596,1.3503209034861665,40.12166801904432,,,0.0,-1,-1,0,80,delayed
5,6838,11,-22.48244392749987,-18.48675606467507,-7.857352863658559,1.243104552425115,36.93598168894385,,,0.0,-1,-1,0,80,delayed
6,316,7,-8.506227887256467,-25.052100045340403,-43.72321537562779,1.8140027398213512,53.898903234667074,,,0.0,-1,-1,0,80,delayed
6,352,6,-37.062749670131694,20.322500546773274,-5.79044246673584,1.0059306714268876,29.888907403392956,,,0.0,-1,-1,0,80,delayed
6,788,6,-13.114737213417754,-27.04739983876546,-22.333333492279053,2.2804033282658156,67.75691989214779,,,0.0,-1,-1,0,80,delayed
6,1180,8,-14.577127917757299,15.570961236953735,-1.3070554435253143,1.2385069372233053,36.79937416822037,,,0.0,-1,-1,0,80,delayed
6,1346,7,-3.6678238790038233,-15.036010469709124,-16.392032350812638,1.0153501619623642,30.168785816885052,,,0.0,-1,-1,0,80,delayed
6,1866,8,-14.657604433167002,-19.748620212078094,6.125720024108887,2.040095870989346,60.616738622306436,,,0.0,-1,-1,0,80,delayed
6,1876,6,-22.56700632109974,37.268693923950195,23.852901458740234,1.6920651403888853,50.27580899770614,,,0.0,-1,-1,0,80,delayed
6,2186,6,0.341448384595567,-14.65991242726644,4.452474594116211,2.291119760361466,68.0753339297149,,,0.0,-1,-1,0,80,delayed
6,2228,7,-19.76186239580671,-40.127698625837056,-16.162414823259628,1.3178317602261873,39.15632813817992,0.449297159910202,73.38124084472656,73.38124084472656,2,1,1,80,delayed
6,2616,11,-24.39086488890447,3.328019835732201,10.439653526652943,2.8875258719028514,85.796164548581,,,0.0,-1,-1,0,80,delayed
6,2860,7,3.141336181258012,-15.24583285195487,7.671772548130581,1.182032330027412,35.12136160426634,,,0.0,-1,-1,0,80,delayed
6,3400,11,-23.47605745545102,-13.312076958743008,9.709965272383256,1.7909334114086501,53.213451403471176,,,0.0,-1,-1,0,80,delayed
6,3488,7,-25.90051241356374,-5.863173007965088,17.417394365583146,1.191441243074757,35.40092573211996,,,0.0,-1,-1,0,80,delayed
6,3574,7,-29.14096933097184,-13.092176369258336,-10.633052280970983,0.6661108626742285,19.791946364080278,,,0.0,-1,-1,0,80,delayed
6,3716,11,-22.726200346149042,-13.417888272892345,-10.239825465462424,2.9156077247107013,86.63055196923592,,,0.0,-1,-1,0,80,delayed
6,4070,6,-17.300178209349653,-28.008098761240642,-6.059800465901692,0.4090439106610665,12.153795402548228,,,0.0,-1,-1,0,80,delayed
6,4080,12,-20.779253558767326,-4.260796070098877,-8.620897769927979,1.5141050523784505,44.98813585766894,,,0.0,-1,-1,0,80,delayed
6,4186,7,-19.28782956533168,-3.163182939801897,3.0081544603620256,1.411796584792528,41.948275953684565,,,0.0,-1,-1,0,80,delayed
6,4294,20,-36.522785509837284,27.779010009765624,-42.471860027313234,7.76083966558249,230.59543239509773,,,0.0,-1,-1,0,80,delayed
6,4324,7,-45.740261156915395,52.09158270699637,41.069471631731304,2.0426026648553903,60.69122221433699,,,0.0,-1,-1,0,80,delayed
6,4408,6,16.01050956946018,3.8428004582722983,0.1555668512980143,1.346032576662149,39.99425028838031,,,0.0,-1,-1,0,80,delayed
6,4420,7,-45.85156841431848,-21.215897696358816,-20.282399586268834,0.9280848413809473,27.575898294442165,,,0.0,-1,-1,0,80,delayed
6,4614,9,-2.769697140808269,-5.043674363030329,14.010835223727756,1.8385938218339608,54.62957046065147,,,0.0,-1,-1,0,80,delayed
6,5794,7,-11.99208045525428,32.26922716413225,8.8581908089774,1.6698723995436564,49.616402942207664,,,0.0,-1,-1,0,80,delayed
6,6186,7,-35.78826755823008,-29.739470618111746,-30.04115813119071,0.6153482353910146,18.28365209538205,,,0.0,-1,-1,0,80,delayed
6,6374,6,-12.669992714292192,20.604243834813435,31.9449520111084,1.5768778448346426,46.85328445534929,,,0.0,-1,-1,0,80,delayed
6,6482,13,-22.941162925717226,-6.957969372089092,3.802762985229492,3.003913148981266,89.25434377140495,,,0.0,-1,-1,0,80,delayed
7,156,7,-25.741311581696028,-41.71127101353237,-36.635471888950896,2.5522393671979824,75.83390017253204,,,0.0,-1,-1,0,80,delayed
7,196,8,-16.51916822178497,10.031925678253174,-10.320700407028198,2.147326924571951,63.80286180388962,,,0.0,-1,-1,0,80,delayed
7,788,9,-14.081054412057204,13.927071889241537,-0.8688157399495443,1.7182000137981326,51.0523464207279,,,0.0,-1,-1,0,80,delayed
7,796,8,-27.316485914957312,-11.19584971666336,-29.343125224113464,2.494623742097045,74.12198489591779,,,0.0,-1,-1,0,80,delayed
7,998,8,-22.072917239688984,34.44663763046265,8.581739902496338,3.6457159023033094,108.32403078877651,,,0.0,-1,-1,0,80,delayed
7,1200,23,-30.73944287141655,-23.545985553575598,22.96558137561964,8.008151396149922,237.94372947427686,,,0.0,-1,-1,0,80,delayed
7,1264,9,-2.657284278691443,-23.124541295899284,-8.973320325215658,2.978528943925007,88.50011072534512,,,0.0,-1,-1,0,80,delayed
7,1636,6,-20.473067553891443,-8.050479888916016,-15.660710970560709,0.7047528974864037,20.940105211589618,,,0.0,-1,-1,0,80,delayed
7,1670,8,-26.427805330457005,-23.299283504486084,-17.9288849234581,1.6868687000086557,50.12140876937666,,,0.0,-1,-1,0,80,delayed
7,1690,9,-40.49984771534806,-1.8444203270806208,19.52562353346083,1.948927057262984,57.90786781346712,,,0.0,-1,-1,0,80,delayed
7,1714,6,-26.99052484854646,5.91200065612793,-9.302163124084473,2.2546042688168155,66.99036040562571,,,0.0,-1,-1,0,80,delayed
7,1758,7,-12.39616055157903,-8.400846890040807,-24.58701487949916,2.8899361546668865,85.86778053604071,,,0.0,-1,-1,0,80,delayed
7,2080,12,-3.045372425099091,30.049587567647297,14.071124712626139,2.9582138958724653,87.89649597595428,,,0.0,-1,-1,0,80,delayed
7,2100,7,-23.264935270933826,27.391827174595424,10.782230172838483,1.8786920634944653,55.82099713256086,,,0.0,-1,-1,0,80,delayed
7,2624,10,-12.207449948147032,-18.789074772596358,10.429220008850098,1.804515679829206,53.617017150774785,,,0.0,-1,-1,0,80,delayed
7,2840,6,-33.743000362320096,-4.046023686726888,-18.76913070678711,0.7635219078417274,22.686290668095978,,,0.0,-1,-1,0,80,delayed
7,2888,6,-32.585173754498946,-29.58309268951416,-23.798948605855305,0.575275019564197,17.092969008340916,,,0.0,-1,-1,0,80,delayed
7,2898,7,-42.081659910031284,10.174446650913783,0.4942357199532645,0.5546513690863413,16.480184850384784,,,0.0,-1,-1,0,80,delayed
7,2906,8,-17.387927041955084,19.294828295707703,29.447046637535095,2.1324942241479636,63.36214235660806,,,0.0,-1,-1,0,80,delayed
7,3048,6,-18.304079635488506,-3.6949996948242188,18.547428448994953,1.2279616934185673,36.48604659547728,,,0.0,-1,-1,0,80,delayed
7,3340,8,-13.785632210400006,-13.367816686630249,4.465175747871399,1.6759410566948996,49.79671907810909,,,0.0,-1,-1,0,80,delayed
7,3398,9,23.974604935106854,28.128187974294026,14.04568756951226,2.8221050867580217,83.85233696185732,0.44257456064224243,70.46063995361328,70.46063995361328,6,9,1,80,delayed
7,3708,14,7.655888400273641,-21.94434063775199,-18.961377331188746,3.3360032661009242,99.1216348701959,,,0.0,-1,-1,0,80,delayed
7,3918,11,-16.507575078342025,20.177219650962137,0.34302763505415484,2.9105379322834457,86.4799147924236,,,0.0,-1,-1,0,80,delayed
7,4022,6,-51.62501187258675,16.14715067545573,-8.961846351623535,1.4294296823060577,42.472202734910255,,,0.0,-1,-1,0,80,delayed
7,4026,8,-21.062716126509088,17.296064794063568,7.64408278465271,2.3327568225656536,69.31248310124282,,,0.0,-1,-1,0,80,delayed
7,4200,6,-30.349666982672915,7.22372563680013,14.898616472880045,1.5448191568249958,45.90073455841114,,,0.0,-1,-1,0,80,delayed
7,4222,7,-31.86406113624643,-0.12668548311505998,-2.814168248857771,1.8848004006933352,56.002492269464014,,,0.0,-1,-1,0,80,delayed
7,4246,6,-11.724034654875917,34.746857325236,-8.706344604492186,1.6532219993022053,49.1216747415651,,,0.0,-1,-1,0,80,delayed
7,4406,6,-49.9434152580509,-21.698886235555012,-22.51955525080363,0.32675274264683396,9.708703339289462,,,0.0,-1,-1,0,80,delayed
7,4700,6,-22.71874404545514,-4.577180544535319,-10.424519379933676,1.312323721720592,38.992669490974606,,,0.0,-1,-1,0,80,delayed
7,4980,8,-19.58400201491368,22.880133628845215,11.56540048122406,2.484419251613837,73.81878202139087,,,0.0,-1,-1,0,80,delayed
7,5020,6,-14.018995061712564,-10.091968854268393,22.088539759318035,1.924631015854127,57.18596703783191,,,0.0,-1,-1,0,80,delayed
7,5264,7,-37.521153141589004,-27.653115136282786,-29.981774466378347,1.0101314485313113,30.01372379627449,,,0.0,-1,-1,0,80,delayed
7,5356,13,-24.155053156767693,-1.579611558180589,-13.259026747483473,1.78144314845194,52.931470150881864,,,0.0,-1,-1,0,80,delayed
7,5410,7,14.779436042795073,-10.629723140171595,-16.752294744764054,3.2702861221135175,97.1690016646999,,,0.0,-1,-1,0,80,delayed
7,5444,7,-27.016534542381482,36.24003274100168,30.128253391810826,2.500460964953697,74.29542449609217,,,0.0,-1,-1,0,80,delayed
7,5788,6,-24.308484678527254,0.09237527847290039,-11.785579522450766,1.3088959536059943,38.89082127549849,,,0.0,-1,-1,0,80,delayed
7,5876,9,6.729696413069476,-10.897170490688747,-20.565401289198135,2.975465176123088,88.40907793875442,,,0.0,-1,-1,0,80,delayed
7,5896,6,-8.419024647486228,-8.68786851565043,0.1601861317952468,1.908588598755398,56.709303652560656,,,0.0,-1,-1,0,80,delayed
7,6138,8,-17.993237310873006,9.013491094112396,8.533243417739868,1.7453828184999416,51.86002070263882,,,0.0,-1,-1,0,80,delayed
7,6502,10,-39.37363254072235,-8.363631868362427,4.498744630813599,2.2147388675392783,65.80585204811311,,,0.0,-1,-1,0,80,delayed
7,6504,6,12.532903912500762,-0.9607000350952148,1.9952996571858723,0.8479864932101466,25.195960810036926,,,0.0,-1,-1,0,80,delayed
8,506,6,-38.851648305213814,-5.274612029393514,-11.212855021158854,0.8424249344097139,25.030711930838443,,,0.0,-1,-1,0,80,delayed
8,566,10,19.83949419579726,27.136080169677733,39.121860122680665,4.435441018991787,131.7888893096464,,,0.0,-1,-1,0,80,delayed
8,786,7,-23.56557491316004,10.855382101876396,-16.114907809666224,1.7195849718492089,51.09349725161715,,,0.0,-1,-1,0,80,delayed
8,996,6,-10.764892752254744,-3.177699406941732,-40.520500342051186,1.6945537600597746,50.34975258548833,,,0.0,-1,-1,0,80,delayed
8,1318,9,-37.57301816473186,26.376141442192925,28.463464101155598,3.6065356659979773,107.15988052650044,,,0.0,-1,-1,0,80,delayed
8,1336,8,-3.4519396283543937,30.17544937133789,-7.241148948669434,2.5370354740617227,75.38215159081699,,,0.0,-1,-1,0,80,delayed
8,1412,7,0.5947042483481246,19.28790065220424,-3.9372431891305086,2.5128195439128778,74.66263113631172,,,0.0,-1,-1,0,80,delayed
8,1432,7,-36.0064623085804,-31.323042188371932,-29.97781481061663,1.8598023053042405,55.25973158071198,,,0.0,-1,-1,0,80,delayed
8,1478,9,-33.93072130666329,-5.019041379292806,14.16577402750651,1.5519719502848852,46.11326330166439,,,0.0,-1,-1,0,80,delayed
8,1586,13,-36.55169744980504,13.084563695467436,2.6209151561443624,3.4248624269980694,101.76187967775371,,,0.0,-1,-1,0,80,delayed
8,1684,8,-1.2529162797966507,34.63023281097412,3.5911300778388973,3.2903379176483116,97.76479447332467,,,0.0,-1,-1,0,80,delayed
8,1760,6,-24.974943626086816,-28.294461488723755,-18.916930039723713,0.8132069282097233,24.16256633529304,,,0.0,-1,-1,0,80,delayed
8,1774,8,-36.24330474710446,5.092172145843506,-7.75950026512146,2.006748842227333,59.62590865443968,,,0.0,-1,-1,0,80,delayed
8,1840,13,-19.469329703680028,8.970323058275076,-32.03472731663631,4.677430079959153,138.97903555066728,,,0.0,-1,-1,0,80,delayed
8,1862,8,-25.855731893786142,-6.917731607332826,-18.583593130111694,1.1831517889800143,35.154623742430154,,,0.0,-1,-1,0,80,delayed
8,1942,7,-20.739854019746954,3.432391575404576,22.643179757254465,1.0091816356531529,29.985502299533024,,,0.0,-1,-1,0,80,delayed
8,2142,7,-15.341563983662386,-3.3611296926225935,-0.0877279554094587,1.1550999695507989,34.32112869428014,,,0.0,-1,-1,0,80,delayed
8,2260,6,-41.24366627430832,4.512519200642903,-32.2959779103597,0.7523490574743851,22.354315215366444,,,0.0,-1,-1,0,80,delayed
8,2408,7,-36.69402580161698,3.808490208217076,-23.20139013017927,0.5518500079034107,16.396948870631523,,,0.0,-1,-1,0,80,delayed
8,3020,8,-15.989689445769375,26.99197518825531,4.3982561230659485,6.829824530624766,202.93246719249896,,,0.0,-1,-1,0,80,delayed
8,3082,11,3.911872453054508,4.937864260240034,-13.388973192735152,4.232102991406616,125.7471692878671,,,0.0,-1,-1,0,80,delayed
8,3324,10,-12.432549748130786,-13.845164668560027,-16.304269981384277,2.654121343068018,78.86108785986515,,,0.0,-1,-1,0,80,delayed
8,3614,6,-34.818463519376316,-13.334330399831137,10.21058432261149,1.015131821500199,30.162298334157427,,,0.0,-1,-1,0,80,delayed
8,3710,9,-45.89794647232752,-4.738837507035997,29.895276811387802,2.575115397951419,76.51360861006955,,,0.0,-1,-1,0,80,delayed
8,3912,8,-24.85824801113418,-0.7135963439941406,-1.0611072778701782,1.6066128890468805,47.736792641688524,,,0.0,-1,-1,0,80,delayed
8,3954,7,-18.35777024922376,-6.488683700561523,1.3124723775046212,1.456546412398947,43.27791376237054,,,0.0,-1,-1,0,80,delayed
8,4274,13,-12.083676468478567,-24.052317986121544,7.496373763451209,3.3807334479765823,100.45068895135049,0.4997245967388153,87.88997650146484,87.88997650146484,5,6,1,80,delayed
8,4554,14,-9.64500508261368,39.563552720206125,1.8812097140720911,4.112097993727209,122.18149784999716,,,0.0,-1,-1,0,80,delayed
8,5302,10,-16.79079306792416,-2.8737862586975096,-44.095371341705324,2.4390370054468145,72.47035335530788,,,0.0,-1,-1,0,80,delayed
8,5520,8,25.138314978509896,-17.957699060440063,-17.698050022125244,3.09725219698431,92.02769808112743,,,0.0,-1,-1,0,80,delayed
8,5706,7,1.0537974180969212,-43.172115325927734,8.160158566066197,1.8754515580564135,55.72471299516525,,,0.0,-1,-1,0,80,delayed
8,6166,7,-47.22526485331629,-21.2475688798087,-25.71404893057687,1.1740455942679655,34.88405419099216,,,0.0,-1,-1,0,80,delayed
8,6690,6,-24.29963056104717,-20.691999157269795,-12.173555056254068,0.9975796109955481,29.640774923648216,,,0.0,-1,-1,0,80,delayed
8,6838,6,-34.271220022239326,-31.181180000305176,-23.207749048868816,0.3320272203402564,9.865422266207503,,,0.0,-1,-1,0,80,delayed
8,6840,7,-0.4262393025177969,16.750227246965682,19.047212600708008,1.7216449269440026,51.15470406122373,,,0.0,-1,-1,0,80,delayed
8,6930,6,-45.06005956172638,-9.800986766815186,-21.84521770477295,1.4112918087497335,41.93327769900252,,,0.0,-1,-1,0,80,delayed
9,160,8,-32.91764969741192,-29.38910549879074,-13.030700623989105,1.8026046722540332,53.560235972822916,,,0.0,-1,-1,0,80,delayed
9,230,6,-24.057501934587105,-1.3856244881947841,-23.461779594421387,1.5697966937636147,46.642884400272756,,,0.0,-1,-1,0,80,delayed
9,470,8,-14.198714290157426,-3.325499475002289,-16.694576025009155,0.9880431186400074,29.357420071207336,,,0.0,-1,-1,0,80,delayed
9,484,7,-18.501792593982742,15.64964498792376,7.75886903490339,1.3113168740328016,38.96275333654718,,,0.0,-1,-1,0,80,delayed
9,550,7,-1.7915991936161253,-6.872699533190046,-18.449414457593644,2.2162086406475168,65.84952296260451,,,0.0,-1,-1,0,80,delayed
9,614,6,-8.569372031033309,0.29560065269470215,-16.561367352803547,0.9876931179161688,29.347020607782003,,,0.0,-1,-1,0,80,delayed
9,806,7,-20.493202586849474,4.893236705235073,-6.495971952165875,2.423481939359768,72.0081704801502,,,0.0,-1,-1,0,80,delayed
9,1036,9,-31.78440976216406,1.6504334343804254,7.317707697550456,2.6669545307296563,79.24239640189916,,,0.0,-1,-1,0,80,delayed
9,1046,10,-8.415113055033435,-6.06903715133667,-9.8148854970932,1.7760824148818484,52.77218832973662,,,0.0,-1,-1,0,80,delayed
9,1212,10,-31.28100288708408,-16.03445177078247,-14.642403411865235,1.1567307085832736,34.36958233957124,,,0.0,-1,-1,0,80,delayed
9,1268,8,-26.94361406594821,-7.41655695438385,1.9987635612487793,1.8131236393871903,53.872782794937706,,,0.0,-1,-1,0,80,delayed
9,1370,7,-14.698080076629408,-6.979590824672154,-26.443751743861608,1.5180449719570703,45.10520147144045,,,0.0,-1,-1,0,80,delayed
9,1516,8,23.32365806266337,18.56737518310547,21.344449758529663,1.9625500206507254,58.31264271776391,0.5676882266998291,67.97724151611328,67.97724151611328,0,13,1,80,delayed
9,1678,6,-26.068633503842218,-17.46349302927653,-16.832403024037678,1.3871381689349138,41.21560805795655,,,0.0,-1,-1,0,80,delayed
9,1706,9,3.8365697481876513,-12.045699463950264,-10.462656021118164,3.0004388213935025,89.15111214868044,,,0.0,-1,-1,0,80,delayed
9,1736,6,17.690317284928422,5.394700686136882,-8.49073338508606,1.2578968596465252,37.375500945470854,,,0.0,-1,-1,0,80,delayed
9,1802,7,-32.79456486870208,6.734138216291155,-17.394902774265837,1.6551890050051326,49.18011977459442,,,0.0,-1,-1,0,80,delayed
9,1900,6,-24.826061321898795,-20.437968571980793,6.3230686982472735,1.8920909820563618,56.21911506213353,,,0.0,-1,-1,0,80,delayed
9,1996,7,-19.15708541601113,3.2542398316519603,-6.4418072019304535,2.5945535998844056,77.09116990148475,,,0.0,-1,-1,0,80,delayed
9,2014,14,-12.232398426905162,4.33502687726702,-7.158550160271781,4.422287673408149,131.3980680141425,,,0.0,-1,-1,0,80,delayed
9,2122,8,6.803835949576412,14.749978065490723,-6.281603455543518,1.8665959920607824,55.46159029738269,,,0.0,-1,-1,0,80,delayed
9,2208,9,-35.513594462752835,-1.3486744032965765,-18.34826448228624,1.6525298757317652,49.10110988764806,,,0.0,-1,-1,0,80,delayed
9,2440,6,-38.14567660385969,8.332225799560547,-19.110917727152508,1.3245135951257683,39.35486343516519,,,0.0,-1,-1,0,80,delayed
9,2542,9,-24.669633151682927,-4.196903652615018,-5.019532521565755,1.3527240995950682,40.19307344290846,,,0.0,-1,-1,0,80,delayed
9,2860,10,-32.56552495233148,-21.8374493598938,-29.017882919311525,1.4153273376020876,42.05318412159987,,,0.0,-1,-1,0,80,delayed
9,2914,6,-36.53325959688385,-15.990111668904623,5.005253314971924,1.5858454894948866,47.11973731188299,,,0.0,-1,-1,0,80,delayed
9,3068,6,-9.784464816538174,-8.72019894917806,-32.753233909606934,1.092350613498809,32.45667645524056,,,0.0,-1,-1,0,80,delayed
9,3092,6,-6.288632438879574,19.24171257019043,-2.8650968074798584,1.628751034122427,48.394576509941906,,,0.0,-1,-1,0,80,delayed
9,3508,8,-13.408470311491055,11.625394552946092,24.724271774291992,1.933361586326986,57.44537578224561,,,0.0,-1,-1,0,80,delayed
9,3772,6,-23.27079056512697,-1.1962560017903645,-4.854306538899739,0.9478267389133781,28.162483199420862,,,0.0,-1,-1,0,80,delayed
9,3900,8,-14.75378044640051,5.642958402633667,8.011272668838501,2.2335197804076814,66.36388351252671,,,0.0,-1,-1,0,80,delayed
9,4118,6,-14.152032768558755,-9.925692637761435,-26.088377952575684,0.8900779350038035,26.446610821991897,,,0.0,-1,-1,0,80,delayed
9,4152,10,-36.78845285907296,-22.30856137275696,-20.322583770751955,0.7037254224171389,20.909576162146298,,,0.0,-1,-1,0,80,delayed
9,4158,9,9.924425039169828,14.11182067129347,22.554542647467724,1.599183817918628,47.51605494539123,,,0.0,-1,-1,0,80,delayed
9,4284,7,-12.682774694021674,2.3595215933663503,14.925967829568046,0.958014549129208,28.465190458314122,,,0.0,-1,-1,0,80,delayed
9,4360,12,-16.772815629688854,-2.713515599568685,3.3732609351476035,3.656773053261337,108.65256850068566,,,0.0,-1,-1,0,80,delayed
9,4362,10,-7.409587126231808,25.833593022823333,14.902016639709473,2.834627993964503,84.22442623654347,,,0.0,-1,-1,0,80,delayed
9,4566,6,7.349874781252886,20.479537963867188,17.457403818766277,2.026096241157581,60.20077194427496,,,0.0,-1,-1,0,80,delayed
9,4584,6,-25.165646068876015,19.001538038253784,-11.351417541503906,1.4140875504982398,42.01634671023605,,,0.0,-1,-1,0,80,delayed
9,4634,10,-30.078279098492487,-16.79654541015625,0.44440555572509766,1.6505993073284209,49.043747504849215,,,0.0,-1,-1,0,80,delayed
9,5222,7,-16.732861084522305,5.142648696899414,-25.06478418622698,1.5920707712453765,47.304707186135374,,,0.0,-1,-1,0,80,delayed
9,5562,10,-0.6785371480460156,37.755510330200195,22.931334495544434,3.4523587333192958,102.57886893647142,,,0.0,-1,-1,0,80,delayed
9,5600,6,-3.8159947291587777,-3.103799343109131,-11.610067049662272,1.1974846718323475,35.580492264551474,,,0.0,-1,-1,0,80,delayed
9,5884,6,-24.560783024724994,-7.75950026512146,21.86074988047282,2.004935573241808,59.57203155301981,,,0.0,-1,-1,0,80,delayed
9,5908,7,-0.9150836704892148,8.119763333882604,24.930179868425643,2.003672526973811,59.5345030492942,,,0.0,-1,-1,0,80,delayed
9,5928,6,-15.488603200363825,-17.731380303700764,-5.6117814381917315,0.5054474841082734,15.0182050104515,,,0.0,-1,-1,0,80,delayed
9,5932,9,-38.044327154000634,-33.03329849243164,-29.91781234741211,0.458694345287171,13.629043434276747,,,0.0,-1,-1,0,80,delayed
9,6520,8,-24.91650827791652,-5.431649923324585,-8.723612546920776,3.342704586656469,99.32074913845958,,,0.0,-1,-1,0,80,delayed
10,162,9,-15.299649680815659,15.19568814171685,-23.22580189175076,2.018972780465739,59.98911475650062,,,0.0,-1,-1,0,80,delayed
10,416,6,-35.55942358276974,8.189044316609701,-11.329793930053711,0.9724243918573009,28.893345665458252,,,0.0,-1,-1,0,80,delayed
10,824,8,-11.80832561682585,6.730673789978027,-1.880986213684083,1.3166025842448408,39.11980601182222,,,0.0,-1,-1,0,80,delayed
10,860,8,-23.740821219235965,4.378575921058655,-15.03182566165924,1.8412903901371438,54.7096927619294,,,0.0,-1,-1,0,80,delayed
10,862,6,-38.66944661057439,-0.3279307683308919,-1.4364325205485027,1.7473500490167666,51.91847241549406,,,0.0,-1,-1,0,80,delayed
10,1056,6,23.981211919685624,-0.6651002566019694,-26.627300262451172,2.3889367201348293,70.98173904906609,,,0.0,-1,-1,0,80,delayed
10,1194,6,-7.164493846737536,-12.761604944864908,-3.3578317960103354,1.2324276485859396,36.618742142254824,,,0.0,-1,-1,0,80,delayed
10,1204,8,-32.39454648250865,-10.042316377162933,-7.7075395584106445,1.4042319637825462,41.72351070560997,,,0.0,-1,-1,0,80,delayed
10,1242,7,-6.485511112514834,37.81964438302176,27.320111955915177,1.3160934194500924,39.10467735550864,,,0.0,-1,-1,0,80,delayed
10,1580,11,-21.27633122826529,-20.26539525118741,21.278674732555043,1.915171210065494,56.90489074967233,,,0.0,-1,-1,0,80,delayed
10,1708,6,-41.696866332654686,-37.088561375935875,-12.820180892944336,0.3918564425063592,11.643109468848522,,,0.0,-1,-1,0,80,delayed
10,2038,7,15.421425341137791,15.740700313023158,33.14495686122349,2.54179415785699,75.52354489291903,,,0.0,-1,-1,0,80,delayed
10,2054,9,-28.08071995521925,-17.240253448486328,-20.444196383158367,1.7731347058686742,52.6846039620963,,,0.0,-1,-1,0,80,delayed
10,2148,8,1.8163196710580234,2.4456284046173096,-3.3255006670951843,1.5783388561282305,46.89669503274766,,,0.0,-1,-1,0,80,delayed
10,2248,6,-28.120946798479796,-19.435699144999187,-23.893000841140747,0.9350051552246729,27.781519442651252,,,0.0,-1,-1,0,80,delayed
10,2902,9,-41.019581690093844,-39.41949144999186,9.208316379123264,1.874390685507047,55.693191616708965,,,0.0,-1,-1,0,80,delayed
10,2936,9,12.398876560808478,-17.2956788804796,31.54570982191298,2.5094071988724442,74.56124118187554,,,0.0,-1,-1,0,80,delayed
10,2978,11,-32.20329815988551,-22.59576416015625,-3.8440791910344903,1.131929391164968,33.632668453899164,,,0.0,-1,-1,0,80,delayed
10,3168,8,-29.47794848967142,-20.493393182754517,31.13278764486313,2.0568465244707497,61.11444561650896,,,0.0,-1,-1,0,80,delayed
10,3610,9,-8.343621550630397,-6.506278567843967,-6.970743815104167,1.595586273870032,47.40916223001594,,,0.0,-1,-1,0,80,delayed
10,3890,9,-21.50487398528133,27.66939142015245,-0.9140227635701498,2.8392328152573585,84.36124786962492,,,0.0,-1,-1,0,80,delayed
10,3968,7,-12.917339652173562,-8.582956995282855,-6.820604188101632,1.5624288669264264,46.423966436683294,,,0.0,-1,-1,0,80,delayed
10,4164,6,-3.8753284366896747,8.941900571187336,39.763024965922035,1.1684563198552333,34.71798180636417,,,0.0,-1,-1,0,80,delayed
10,4220,6,-30.732417020130658,-6.563242594401042,-24.510236104329426,0.5709713073668903,16.965094136831443,,,0.0,-1,-1,0,80,delayed
10,4222,6,-14.246031018420403,-23.855843544006348,-12.272018432617188,1.6466481316289634,48.9263474414352,,,0.0,-1,-1,0,80,delayed
10,4318,8,-26.709180080436695,1.8809867799282074,0.7575260400772095,0.9858508064196028,29.29228057520007,,,0.0,-1,-1,0,80,delayed
10,4412,14,-22.549717751271544,4.8239544459751675,-16.01728289467948,5.576915952423293,165.70518151319723,,,0.0,-1,-1,0,80,delayed
10,4596,6,-23.94801245671394,-18.03159922361374,-32.901033560434975,0.8783402099644155,26.09785142256816,,,0.0,-1,-1,0,80,delayed
10,4604,6,-20.195875826841334,9.824082056681315,6.044472058614095,1.3816965015599072,41.053921475658676,,,0.0,-1,-1,0,80,delayed
10,4870,6,-9.6292240325983,16.632119019826252,-35.71385244528452,2.352115831974797,69.88769136965216,,,0.0,-1,-1,0,80,delayed
10,4920,9,-9.232944494776321,-14.856978946261936,3.9787733289930554,2.4734216993581533,73.49201514732007,,,0.0,-1,-1,0,80,delayed
10,5226,7,1.918226466478235,12.522090911865234,-5.193484715053013,1.5369511994470897,45.6669563705083,,,0.0,-1,-1,0,80,delayed
10,5442,8,-5.351419163423531,-16.253381192684174,-1.5668594241142273,2.859001543875495,84.94862999836761,,,0.0,-1,-1,0,80,delayed
10,6524,9,-11.373253642887835,32.96863725450304,14.605114618937174,1.8165880753299064,53.97572051026748,,,0.0,-1,-1,0,80,delayed
11,28,11,-3.539834215026805,2.42358415777033,-0.02811345187100497,3.359095493874386,99.80776710302668,,,0.0,-1,-1,0,80,delayed
11,190,6,-14.592327614479787,-2.369418303171795,5.739635149637858,1.227633046359539,36.47628160690032,,,0.0,-1,-1,0,80,delayed
11,554,7,10.613139480720099,-36.96055603027344,-16.465814999171666,2.435668241929612,72.37025832521327,,,0.0,-1,-1,0,80,delayed
11,712,6,-36.06595865133429,-29.92949867248535,-34.97023423512777,0.7979827116923544,23.710213891231085,,,0.0,-1,-1,0,80,delayed
11,772,8,-3.8208203461581096,-23.38934898376465,-38.93164986371994,2.306932049820541,68.54515960349374,,,0.0,-1,-1,0,80,delayed
11,792,10,20.511645533914656,-21.63514838218689,1.3329710006713866,3.8252409922089807,113.658204346846,,,0.0,-1,-1,0,80,delayed
11,800,8,-15.906174609150739,9.79290509223938,4.616491913795471,2.9462756431408774,87.54177835913623,,,0.0,-1,-1,0,80,delayed
11,924,6,-19.42560227901278,-43.69799359639486,-4.318531195322674,1.3407050630570683,39.83595552179693,,,0.0,-1,-1,0,80,delayed
11,1136,6,-18.301020323092295,-20.691999117533367,-15.305067698160807,0.588786994721308,17.494446153614728,,,0.0,-1,-1,0,80,delayed
11,1220,7,-31.312144706701666,-13.080299786158971,-36.57212897709438,1.7001769717916082,50.516833339198776,,,0.0,-1,-1,0,80,delayed
11,1336,8,-20.205930699955136,30.44218111038208,32.385674238204956,1.9010804292848607,56.486215731645046,,,0.0,-1,-1,0,80,delayed
11,1556,6,-22.963931984311415,-11.140424410502115,17.49288324515025,0.9144099418016547,27.16958022612399,,,0.0,-1,-1,0,80,delayed
11,1576,7,-4.250580432481441,-33.54004267283848,-4.880728857857841,1.6792782896787604,49.89587725120336,,,0.0,-1,-1,0,80,delayed
11,1590,6,-42.468485032362594,-18.16554296016693,-9.371444702148438,0.9084656802994274,26.992960219727724,,,0.0,-1,-1,0,80,delayed
11,1598,7,-34.1979097109399,-0.35234410422188894,-0.9970204489571712,1.7063878475025591,50.701375171246966,,,0.0,-1,-1,0,80,delayed
11,1664,10,-38.30827562208385,-20.03613739013672,-7.264453125,3.32111373083144,98.67922670670103,0.5049447417259216,86.30652618408203,86.30652618408203,7,10,1,80,delayed
11,1700,8,-12.202494796162581,7.794140607118607,14.380580991506578,3.203622556821666,95.18824773524483,,,0.0,-1,-1,0,80,delayed
11,1984,8,7.693469344073173,-22.05914968252182,-17.680574893951416,2.706378931901502,80.4138014594545,,,0.0,-1,-1,0,80,delayed
11,2076,6,-29.63039151063417,14.142613728841146,-0.038421630859375,0.6007990898120142,17.851357825646364,,,0.0,-1,-1,0,80,delayed
11,2100,8,1.3037921215571533,15.32154893875122,-16.741814523935318,2.3860028314649746,70.89456532101903,,,0.0,-1,-1,0,80,delayed
11,2650,10,6.7750332428193945,-15.136567306518554,-26.884020805358887,2.6799233829641014,79.62773590349101,,,0.0,-1,-1,0,80,delayed
11,2678,6,-2.9237702382199817,13.773112932840982,-10.224441210428873,2.86317042487384,85.07249867209889,,,0.0,-1,-1,0,80,delayed
11,2872,6,31.580325734740043,1.4364312489827473,1.8983065287272136,1.707233312000728,50.72649619679716,,,0.0,-1,-1,0,80,delayed
11,3114,6,10.420783613522254,6.872700055440267,-19.517367680867512,1.8763229864480306,55.75060547786367,,,0.0,-1,-1,0,80,delayed
11,3174,7,-3.371339846603741,-23.45269230433873,-1.9048752784729004,1.1440067235810367,33.99151850243365,,,0.0,-1,-1,0,80,delayed
11,3478,12,0.992062734813293,23.061418533325195,38.51281340916952,3.3645312821412143,99.96927900119874,,,0.0,-1,-1,0,80,delayed
11,3522,9,-23.78634272987736,-11.99643269677957,-14.240656216939291,2.456338042668905,72.98441373163604,,,0.0,-1,-1,0,80,delayed
11,3816,7,-32.40338261308297,-8.689847673688616,21.57426861354283,1.8730938099448762,55.65465795361223,,,0.0,-1,-1,0,80,delayed
11,3836,6,-21.236703991188577,-21.67117436726888,-0.19545904795328775,0.5903798560190926,17.541774349471808,,,0.0,-1,-1,0,80,delayed
11,4078,6,-24.448632792714903,9.805607398351034,-14.707777659098307,1.4851051350058544,44.12647026810492,,,0.0,-1,-1,0,80,delayed
11,4112,8,-30.208060473259266,-19.509599328041077,7.004334330558777,1.8123135850972178,53.84871390196881,,,0.0,-1,-1,0,80,delayed
11,4148,7,-7.6323346318977405,-2.7118659700666154,9.960034234183174,2.471048467315416,73.42150003650082,,,0.0,-1,-1,0,80,delayed
11,4150,10,-0.07741908049795124,6.166031002998352,-1.6684162139892578,3.4739803704336962,103.22130596317568,1.0,6.810856342315674,6.810856342315674,2,11,1,80,delayed
11,4324,9,0.5013064372172293,-15.928528997633192,13.563376214769152,1.712115448452519,50.871557609559666,,,0.0,-1,-1,0,80,delayed
11,4378,6,19.400783636711143,-15.81459935506185,-14.869433800379435,1.7737436395211976,52.70269701967181,,,0.0,-1,-1,0,80,delayed
11,4410,7,-42.838087211507904,-36.96055657523019,-47.53044400896345,1.040579428587843,30.918415225196874,,,0.0,-1,-1,0,80,delayed
11,4826,10,-13.076159233394538,-10.30073595046997,42.35502529144287,3.640272302154645,108.16228677857175,0.5912231206893921,48.522220611572266,48.522220611572266,0,3,1,80,delayed
11,4834,6,35.943962519295084,15.962400118509928,21.52043342590332,1.7769011734072766,52.79651584896568,,,0.0,-1,-1,0,80,delayed
11,5112,8,-42.21698540596064,-11.843628406524658,-24.450612545013428,0.7037994408929709,20.911775450261388,,,0.0,-1,-1,0,80,delayed
11,5444,9,-43.89435863139732,-11.100395096672905,-20.653580056296455,1.4855717038745047,44.1403332848202,,,0.0,-1,-1,0,80,delayed
11,5468,6,-16.46549852687415,-23.878937403361004,19.32337824503581,1.1728603554434192,34.84883755580643,,,0.0,-1,-1,0,80,delayed
11,5748,6,-32.08181792581032,3.4963945547739663,-3.0345195134480796,0.8360988361893107,24.842746527948208,,,0.0,-1,-1,0,80,delayed
11,5814,8,4.541518447424695,2.7920347452163687,2.258568048477173,2.815121271801989,83.64482902470772,,,0.0,-1,-1,0,80,delayed
11,5910,7,30.06235047781517,30.942985807146346,16.10572828565325,2.745802873262326,81.58519285478695,,,0.0,-1,-1,0,80,delayed
11,5978,7,-32.16847603356599,-15.285422801971436,5.163072858537946,1.5958572878639874,47.417214785127776,,,0.0,-1,-1,0,80,delayed
11,6168,7,-34.74223689693031,-16.405799048287527,1.6594206265040807,0.7450700496499282,22.138036303674493,,,0.0,-1,-1,0,80,delayed
11,6352,8,6.43200685617355,5.8438732624053955,-15.360911250114441,1.9691972440950347,58.5101496152669,,,0.0,-1,-1,0,80,delayed
11,6486,6,-21.622040044232502,3.884369214375814,-4.686561266581216,1.561425416473762,46.39415122325409,,,0.0,-1,-1,0,80,delayed
11,6506,8,-4.6287254965542495,12.25585389137268,33.38332521915436,1.9332468316027818,57.44196611056219,,,0.0,-1,-1,0,80,delayed
11,6560,7,22.60096427964084,10.455530439104352,30.608543940952845,1.861032259799038,55.29627683879944,,,0.0,-1,-1,0,80,delayed
12,504,7,-9.60584107490495,-8.329585211617607,-6.084243501935687,1.818162160680317,54.02249082219834,,,0.0,-1,-1,0,80,delayed
12,514,7,-19.542173036766133,15.772371019635882,-2.8141683850969588,1.6801045620559765,49.92042802719029,,,0.0,-1,-1,0,80,delayed
12,824,7,-43.50250261914861,8.305832317897252,2.188657147543771,1.1929822134432269,35.446712108818495,,,0.0,-1,-1,0,80,delayed
12,856,6,-0.02394678723231299,1.5195687611897786,-6.295356750488281,0.9594813739543544,28.50877377138041,,,0.0,-1,-1,0,80,delayed
12,1268,12,-18.468847112848145,6.838059266408284,32.84329795837402,3.2010243347015637,95.11104756373494,,,0.0,-1,-1,0,80,delayed
12,1280,10,-3.3482120116313014,-12.991619491577149,-14.468819904327393,2.7882606182057974,82.84672671911603,0.3617585301399231,205.76329040527344,205.76329040527344,0,2,1,80,delayed
12,1418,8,-38.10147524190598,-10.61388635635376,-19.91032910346985,0.6808818947684361,20.230833479322595,,,0.0,-1,-1,0,80,delayed
12,1460,6,-22.52582459571728,34.866943359375,14.60469357172648,2.9744461176688666,88.37879896959477,,,0.0,-1,-1,0,80,delayed
12,1518,6,-14.553686715754537,13.260431289672852,18.384301503499348,1.447160292918516,42.99902689273185,,,0.0,-1,-1,0,80,delayed
12,1674,7,-28.475020581273196,7.66844483784267,-8.043913194111415,1.3337562634752804,39.629487985649355,,,0.0,-1,-1,0,80,delayed
12,1720,7,-3.166081670326762,17.415327617100306,-11.796977043151855,2.0119475301296923,59.78037566270015,,,0.0,-1,-1,0,80,delayed
12,1744,10,-9.729827652331409,24.949564337730408,-8.048716163635254,2.6255727889546807,78.01283348744015,,,0.0,-1,-1,0,80,delayed
12,1748,11,-21.001814270008254,-18.88732793114402,-24.254792820323598,1.9777826176680988,58.765244169034574,,,0.0,-1,-1,0,80,delayed
12,1784,7,-22.838796014923428,-20.946690695626394,-20.418262890407018,0.5959688793375375,17.707839273412787,,,0.0,-1,-1,0,80,delayed
12,1808,6,-19.68282357522507,-1.598086675008138,-8.286037921905518,0.8527950475362363,25.338835899821,,,0.0,-1,-1,0,80,delayed
12,2234,6,3.915239748743531,-36.06319936116537,-5.3208004633585615,1.1648237228994192,34.61004757478122,,,0.0,-1,-1,0,80,delayed
12,2460,8,-0.2241572388035884,-5.182236433029175,6.226177453994751,1.4007376982310855,41.61968667232712,,,0.0,-1,-1,0,80,delayed
12,3346,8,-38.944556736238816,-0.9041194915771484,-10.470759153366089,1.308564023201556,38.88095872989329,,,0.0,-1,-1,0,80,delayed
12,3526,9,-0.2733285236608541,-17.973095628950333,13.459665086534288,1.5161310616131465,45.048334044417075,,,0.0,-1,-1,0,80,delayed
12,3780,8,-0.8032601278887697,-0.3464055061340332,10.383052587509155,1.9778491608885143,58.76722134719387,,,0.0,-1,-1,0,80,delayed
12,4080,7,14.262412552026676,10.229871477399554,11.741728714534215,2.2037349830728608,65.47889702702021,,,0.0,-1,-1,0,80,delayed
12,4154,9,-13.062922321361519,-25.015149222479927,-3.483027935028076,1.2527694030310543,37.22315041044111,,,0.0,-1,-1,0,80,delayed
12,4312,8,-23.914734345364707,7.638258934020996,2.2193603515625,1.1342274880440535,33.70095109680295,,,0.0,-1,-1,0,80,delayed
12,4506,7,-10.31849167837538,-31.093424252101354,-3.051704134259905,0.915135685710464,27.191144030772886,,,0.0,-1,-1,0,80,delayed
12,4848,8,-54.128127624130066,0.1558828353881836,1.8244573473930359,1.0528400831384515,31.282712267704095,,,0.0,-1,-1,0,80,delayed
12,4866,9,-12.648641792519985,16.25492106543647,27.80144288804796,2.7871501639122402,82.81373213360573,,,0.0,-1,-1,0,80,delayed
12,5114,6,-47.680030531527024,-8.392268180847168,-1.8244062264760348,1.714369150346867,50.938521157991346,,,0.0,-1,-1,0,80,delayed
12,5542,8,-30.35871459515441,-3.8277885913848877,27.56826663017273,1.7475273347331777,51.923740051239,0.42419514060020447,99.57539367675781,99.57539367675781,4,14,1,80,delayed
12,5924,7,-51.12670354463687,3.511570317404611,-27.75685637337821,2.014866623310717,59.867109776956504,,,0.0,-1,-1,0,80,delayed
12,6264,10,9.001845320469053,-30.320246505737305,8.181736183166503,4.32491279191109,128.50479823009903,,,0.0,-1,-1,0,80,delayed
12,6564,8,-16.562416773742225,4.035633683204651,3.293219804763794,1.1219912855777683,33.3373805915263,,,0.0,-1,-1,0,80,delayed
13,44,6,-11.323252562749454,19.897575696309406,5.386933247248332,1.5078333532691501,44.801786798768156,,,0.0,-1,-1,0,80,delayed
13,178,10,-1.0040966547872188,-22.89606695175171,11.521091842651368,3.4909694158478684,103.72609622325983,,,0.0,-1,-1,0,80,delayed
13,452,6,-22.61231387997819,0.07390085856119792,-1.1162675221761067,1.683145822696727,50.01079206545153,,,0.0,-1,-1,0,80,delayed
13,462,6,-39.923932222394114,27.07511329650879,8.691016038258871,1.4308238329954521,42.51362670382313,,,0.0,-1,-1,0,80,delayed
13,510,8,-19.288060468326208,-2.511444926261902,-9.661270380020142,2.789187683404565,82.87427232108439,,,0.0,-1,-1,0,80,delayed
13,574,6,-12.566223302952162,0.6512441635131836,4.069118499755859,1.1621644141187948,34.53103235419115,,,0.0,-1,-1,0,80,delayed
13,764,6,-35.23568343313435,-18.396480719248455,-22.282528241475422,0.9914658001532908,29.45911715006936,,,0.0,-1,-1,0,80,delayed
13,974,7,-1.269331167311364,-22.823222466877528,-1.259570802961077,0.8925035936176677,26.518683667329434,,,0.0,-1,-1,0,80,delayed
13,1550,6,-2.6868431925540466,0.7066694895426432,1.648893674214681,1.434143203502144,42.61225413464928,,,0.0,-1,-1,0,80,delayed
13,1620,8,-28.98347097620457,-16.294948935508728,-29.115601062774658,1.4073488033998072,41.81612039866108,,,0.0,-1,-1,0,80,delayed
13,1626,8,-43.34409110717786,-30.69505763053894,8.426960468292236,1.8131043606698805,53.87220997236365,,,0.0,-1,-1,0,80,delayed
13,1700,10,-9.709312905018972,-8.89848346710205,-3.899148941040039,3.207799869467357,95.31236693591,,,0.0,-1,-1,0,80,delayed
13,1788,6,-35.78467064040998,-22.179238001505535,25.28786261876424,1.2395084122438138,36.82913068624395,,,0.0,-1,-1,0,80,delayed
13,1822,6,-34.1346497061869,-43.24997520446777,-18.011654218037922,1.5816391444134281,46.99475547941923,,,0.0,-1,-1,0,80,delayed
13,1970,6,-35.40470128456887,-6.937361399332683,-16.9415758450826,1.0569837212137927,31.405830906259343,,,0.0,-1,-1,0,80,delayed
13,2044,8,-17.82131975034696,-8.73982858657837,13.337898731231691,2.6338568863159275,78.25897631416174,,,0.0,-1,-1,0,80,delayed
13,2068,7,-7.455635933150534,3.2581987380981436,7.9251444680350165,2.757168056597496,81.92288303759611,,,0.0,-1,-1,0,80,delayed
13,2558,6,-23.555491257777817,-14.68762477238973,1.1824003855387382,1.918910085378898,57.01598279727503,,,0.0,-1,-1,0,80,delayed
13,2756,6,-14.591455759410472,-9.505387345949808,-1.5518999099731445,1.6343498141109492,48.560931330807975,,,0.0,-1,-1,0,80,delayed
13,3016,9,24.052338191916597,7.4238702985975475,-6.65050972832574,2.679156728730952,79.60495654300833,,,0.0,-1,-1,0,80,delayed
13,3020,8,-7.808614311640426,-0.26673266291618347,-9.602536261081696,2.0704809396273873,61.51956078367858,,,0.0,-1,-1,0,80,delayed
13,3096,7,3.6834467824602593,1.0253624916076671,3.934544699532645,1.7229155182145506,51.19245674728021,,,0.0,-1,-1,0,80,delayed
13,3186,10,3.9692591405467015,-7.706845664978028,-11.395503997802734,2.840502011032412,84.39895909175472,,,0.0,-1,-1,0,80,delayed
13,3562,8,-41.16163012083059,-1.718174457550048,-30.673326075077057,1.5344439307082878,45.59245866873013,,,0.0,-1,-1,0,80,delayed
13,3702,10,-1.759813748375614,3.705161285400391,8.314755821228028,3.5014708864267945,104.03812317566178,,,0.0,-1,-1,0,80,delayed
13,3970,6,-24.85127852245972,-3.4409681955973306,-1.196257472038269,0.6358009411264336,18.891357024994797,,,0.0,-1,-1,0,80,delayed
13,4076,9,-37.993151612859634,-1.6565912034776475,-7.855444696214464,1.128700032333184,33.536715512173465,,,0.0,-1,-1,0,80,delayed
13,4088,6,-40.159867485511015,3.214651107788086,-18.907692750295002,0.9159409993932379,27.21507206754402,,,0.0,-1,-1,0,80,delayed
13,4106,6,-20.870391775362407,-40.497198740641274,-21.586567560831707,0.5433259719736465,16.143676823317843,,,0.0,-1,-1,0,80,delayed
13,4240,6,-21.473511109374794,-14.525968233744303,-31.944952646891277,1.406853449840432,41.80140211131916,,,0.0,-1,-1,0,80,delayed
13,4270,7,0.07699751484952141,5.586048398699079,12.026594161987305,1.1886653459043401,35.3184463567071,,,0.0,-1,-1,0,80,delayed
13,4456,9,-23.06018258017678,8.116683748033312,3.54978879292806,1.4819105516811533,44.031550600282316,,,0.0,-1,-1,0,80,delayed
13,4474,7,-42.53322789784064,-37.97008296421596,-9.22367422921317,1.3906603426372606,41.32026131750851,,,0.0,-1,-1,0,80,delayed
13,4530,6,-51.09552179933891,-1.5519002278645833,-47.61490058898926,2.2415262044271294,66.60177591699046,,,0.0,-1,-1,0,80,delayed
13,4852,7,-7.785137940903932,-24.70767320905413,1.2399515424455916,1.671858042517158,49.67540173870225,,,0.0,-1,-1,0,80,delayed
13,5202,7,-54.23141060357055,-35.990618569510325,-32.428392682756694,0.35879229530214785,10.66068467335341,,,0.0,-1,-1,0,80,delayed
13,5660,6,-34.90662177522512,-31.310504913330078,-34.43907833099365,0.30997762514225413,9.210269453120933,,,0.0,-1,-1,0,80,delayed
13,5836,6,-32.1887213880973,-29.116599400838215,2.9161082108815513,1.109529209149897,32.96709876298009,,,0.0,-1,-1,0,80,delayed
13,5850,6,-29.93685153319044,-29.869455019632976,0.3726472854614258,0.7424544288315733,22.060319170016264,,,0.0,-1,-1,0,80,delayed
13,5940,7,2.416940724407091,29.996802738734655,5.127619198390415,1.841765493053491,54.72380934816853,,,0.0,-1,-1,0,80,delayed
13,5952,9,-2.9724458662268614,12.726196500990126,16.40236767133077,2.3682034574775996,70.36569801827305,,,0.0,-1,-1,0,80,delayed
13,6432,8,-41.45167491621976,-3.6199450492858887,11.951170265674591,2.0167980181826883,59.92449671636244,,,0.0,-1,-1,0,80,delayed
13,6500,7,8.536662328209292,8.95509661946978,-1.675257750919887,1.2259352135234802,36.42583442414227,,,0.0,-1,-1,0,80,delayed
14,556,9,-13.144784487066708,22.85665448506673,1.3420259687635634,2.6311255823430817,78.17782192265771,,,0.0,-1,-1,0,80,delayed
14,608,6,-19.595417246965873,6.212219874064128,-9.779365102450052,1.1266331519243977,33.475302932850816,,,0.0,-1,-1,0,80,delayed
14,760,7,3.400988249843747,-25.2144159589495,-4.059970378875732,1.8474607046092386,54.893029410413,,,0.0,-1,-1,0,80,delayed
14,840,10,9.077640835127465,-16.58315944671631,-1.5519001960754395,1.770254680239402,52.599030649940886,,,0.0,-1,-1,0,80,delayed
14,992,7,-33.127539243551404,-10.602010454450335,-10.779532841273717,1.3353358010416099,39.676420297588145,,,0.0,-1,-1,0,80,delayed
14,1168,7,-39.013101572181746,-23.436856474195206,-13.050696645464214,1.3718824088506723,40.762318369632936,,,0.0,-1,-1,0,80,delayed
14,1188,7,-18.68999731972795,-5.613759994506836,-17.183818544660294,1.0847409443825982,32.23057270669667,,,0.0,-1,-1,0,80,delayed
14,1490,6,-11.472653352676476,-22.37322489420573,34.34984954198202,1.9666111896260392,58.43331097741694,,,0.0,-1,-1,0,80,delayed
14,1650,6,-4.593732053659102,0.26326942443847656,15.511439402898153,2.003807035959249,59.53849967324143,,,0.0,-1,-1,0,80,delayed
14,1890,6,-22.75460426256375,-27.02430534362793,-16.205723762512207,0.443784419835749,13.186029423602506,,,0.0,-1,-1,0,80,delayed
14,1942,6,20.061921075996853,24.904300689697266,13.317533175150553,1.69907949298857,50.48422429043137,,,0.0,-1,-1,0,80,delayed
14,2340,7,-51.772873781052944,-23.721899032592773,-37.01553004128592,1.4809562194129056,44.003194820298724,,,0.0,-1,-1,0,80,delayed
14,2454,9,-5.5927474302105065,3.473300721910265,-39.771144443088104,2.901772964897366,86.2194840231493,,,0.0,-1,-1,0,80,delayed
14,2504,12,-43.274058329186204,-4.521755933761597,16.596110184987385,3.599664046984963,106.95570623275907,,,0.0,-1,-1,0,80,delayed
14,3032,9,-14.466558080578396,0.6651005215115018,-6.5006118350558815,2.2272007894543906,66.17612928566942,,,0.0,-1,-1,0,80,delayed
14,3192,10,-3.787475579179305,18.12674674987793,-37.21246910095215,3.037330816209928,90.24727259821768,,,0.0,-1,-1,0,80,delayed
14,3204,8,-5.9470844147191855,15.997040867805481,13.880652785301208,2.042312091764901,60.68258850582979,,,0.0,-1,-1,0,80,delayed
14,3482,7,-10.1189865155974,-8.07621329171317,6.225502831595285,0.9245487602559255,27.47083180793496,,,0.0,-1,-1,0,80,delayed
14,3528,6,-17.26245435462269,-1.4040988286336262,-20.847567876180012,0.9856586628761895,29.28657147342957,,,0.0,-1,-1,0,80,delayed
14,3620,6,-15.105853162906081,0.4618752797444661,14.342895348866781,1.429529537298091,42.475169695452784,,,0.0,-1,-1,0,80,delayed
14,3770,6,-4.416333381554525,9.426868756612143,-11.653106689453125,2.5319961363666037,75.23241930605607,,,0.0,-1,-1,0,80,delayed
14,4174,7,-14.476451692550866,30.163077763148717,17.89912278311593,1.369932566396286,40.70438330290743,,,0.0,-1,-1,0,80,delayed
14,4248,6,-5.461137902296268,19.241712888081867,1.0807870229085286,1.167954755784113,34.7030789880046,,,0.0,-1,-1,0,80,delayed
14,4326,9,-40.04606120718641,-17.806820180681015,13.793194876776802,1.841443002069711,54.7142272731544,,,0.0,-1,-1,0,80,delayed
14,4360,6,-23.59985222303621,-17.514299750328064,-30.691800673802693,1.5876787564476071,47.17420860672665,,,0.0,-1,-1,0,80,delayed
14,4550,13,-23.615357089334694,-12.698720345130333,10.92061211512639,4.93422117628148,146.60899009724318,,,0.0,-1,-1,0,80,delayed
14,4602,12,-22.218684177567738,36.59666617711385,25.03761116663615,3.2753704642146624,97.32007115147947,,,0.0,-1,-1,0,80,delayed
14,4656,12,-20.210945902129076,11.983347137769064,22.579700628916424,2.500503878374461,74.29669956931144,,,0.0,-1,-1,0,80,delayed
14,4802,6,-19.836674018356618,16.872294028600056,5.4070844650268555,2.348377035924717,69.77660167717613,,,0.0,-1,-1,0,80,delayed
14,4880,8,-21.574234812100453,3.4813833236694336,-12.56305193901062,1.5414557970937095,45.80080008933873,,,0.0,-1,-1,0,80,delayed
14,5158,6,18.95469398570624,32.5344754854838,-9.476204713185629,1.7773364619425114,52.80944944279372,,,0.0,-1,-1,0,80,delayed
14,5444,10,-28.426261870906195,13.728772926330567,8.661161804199219,1.6860708092035188,50.097701286276525,,,0.0,-1,-1,0,80,delayed
14,5528,6,-15.89661562731146,6.512438456217448,28.631837209065754,0.8426874881036845,25.038513107669424,,,0.0,-1,-1,0,80,delayed
14,5600,8,-33.949002141396605,11.029575824737549,-5.992829322814941,1.163716225655895,34.57714085118539,,,0.0,-1,-1,0,80,delayed
14,5602,6,-14.292654179556429,-8.715580622355143,-24.869027455647785,1.6778237164067908,49.85265796475325,,,0.0,-1,-1,0,80,delayed
14,5896,8,-53.901287036725066,-35.01128005981445,-34.49528968334198,2.3031320412190412,68.43225112138016,,,0.0,-1,-1,0,80,delayed
14,6158,8,-1.7518076804698612,-19.3190758228302,-11.975264430046082,0.9820067460441544,29.178063196330555,,,0.0,-1,-1,0,80,delayed
14,6346,6,-4.188380380848397,2.263188362121582,1.1731624603271473,1.1610449567465608,34.497770262984325,,,0.0,-1,-1,0,80,delayed
14,6362,6,-18.70279419776779,-30.05882453918457,-14.547592163085938,1.103786394255182,32.79646427742506,,,0.0,-1,-1,0,80,delayed
14,6848,8,-20.05730603535941,-8.646299362182617,-3.0968730449676514,1.433509350758385,42.59342066381105,,,0.0,-1,-1,0,80,delayed
15,28,7,-7.728121780826996,-2.2328352246965673,2.87624944959368,1.582232641551373,47.01238987660393,,,0.0,-1,-1,0,80,delayed
15,372,9,-9.873329449681968,28.346808751424152,15.889127625359428,3.1364032534772814,93.19098133264968,,,0.0,-1,-1,0,80,delayed
15,398,6,-34.00248385441002,-36.18790626525879,13.258960564931234,2.7399720025500507,81.41194199391686,,,0.0,-1,-1,0,80,delayed
15,474,11,-13.24238690252044,5.152006246826866,7.190535241907293,2.5406021949073283,75.48812846588022,,,0.0,-1,-1,0,80,delayed
15,486,8,-16.151629178281965,-14.933573246002197,5.786241769790649,2.0394183363805407,60.596607245701264,,,0.0,-1,-1,0,80,delayed
15,538,12,-3.559889756074416,36.60128434499105,-11.548449357350668,8.665676418026074,257.4805674020769,,,0.0,-1,-1,0,80,delayed
15,746,6,-23.89340703316714,-17.52815532684326,-34.00491587320963,0.7320877890754053,21.752298404214457,,,0.0,-1,-1,0,80,delayed
15,1208,6,-15.052638080167606,14.064093987147013,-6.2768815358479815,1.247035302104916,37.05277484034347,,,0.0,-1,-1,0,80,delayed
15,1298,8,-7.320687440673861,3.7550443410873413,12.940633594989777,1.5643527468567568,46.48113008694891,,,0.0,-1,-1,0,80,delayed
15,1652,6,-40.16832304473181,-33.03329849243164,-33.640034675598145,0.2966397337766234,8.81396480578538,,,0.0,-1,-1,0,80,delayed
15,1722,6,-33.1058097102667,-5.75034280618032,10.395334879557291,1.0544068551045482,31.32926527930525,,,0.0,-1,-1,0,80,delayed
15,1794,6,-9.83628955846833,-8.946518143018087,12.078031222025553,0.7276518783397568,21.620495558358844,,,0.0,-1,-1,0,80,delayed
15,2492,7,-23.273652173566113,3.7966130120413646,-11.360233988080706,3.5651888724891014,105.93135601907984,,,0.0,-1,-1,0,80,delayed
15,2766,14,-4.696769058964364,2.523817607334682,4.636623791285923,3.619516900658879,107.54558794330589,,,0.0,-1,-1,0,80,delayed
15,2794,8,-1.5705101293192776,-12.754677757620811,-14.45096606016159,2.9973304243603622,89.05875330752421,,,0.0,-1,-1,0,80,delayed
15,2998,7,-47.19789709647937,-32.65324183872768,-39.04250117710659,0.6408911834881792,19.042601824395568,,,0.0,-1,-1,0,80,delayed
15,3040,6,-30.586474100859135,8.526212056477865,2.7080578804016113,1.4421251841485874,42.84942026071918,,,0.0,-1,-1,0,80,delayed
15,3058,7,-39.08380161067715,-31.91292245047433,-22.62734522138323,1.5626882202700936,46.431672522494,,,0.0,-1,-1,0,80,delayed
15,3274,7,-19.823034165709778,-1.3539530890328533,-0.29881129946027485,1.0298151059767182,30.5985782315323,,,0.0,-1,-1,0,80,delayed
15,3718,7,-29.07483058528259,6.9479201180594305,-16.546430860246932,1.836723519245072,54.57399873738717,,,0.0,-1,-1,0,80,delayed
15,4088,7,6.185213091653724,-33.66672842843192,-28.267557416643417,2.207296593237206,65.58472204998931,,,0.0,-1,-1,0,80,delayed
15,4140,8,1.0918733033674592,6.540149927139282,-45.416375398635864,2.727543835101872,81.04266769241302,,,0.0,-1,-1,0,80,delayed
15,4160,7,-27.29517908653697,-12.157869611467634,6.151544025966099,1.4701464409057081,43.68200720963116,,,0.0,-1,-1,0,80,delayed
15,4180,6,-1.0376941134002873,-16.3318993250529,-12.553762753804525,1.813994726139692,53.89866512661858,,,0.0,-1,-1,0,80,delayed
15,4192,6,-7.043888055506646,-19.952999114990234,-16.856966892878216,1.1791013749036907,35.03427503976964,,,0.0,-1,-1,0,80,delayed
15,4196,6,-39.25302362163002,18.451906363169353,36.044931411743164,2.1753717300693616,64.63614844924984,,,0.0,-1,-1,0,80,delayed
15,4200,8,-8.596507752096585,3.8139328956604004,11.557369947433472,1.4309035691840242,42.515995880571204,,,0.0,-1,-1,0,80,delayed
15,4346,7,21.70912874105491,-0.6650990758623395,-23.44018609183175,1.4880344512159682,44.213508136067674,,,0.0,-1,-1,0,80,delayed
15,4484,15,-20.88172045611685,7.41217013100783,10.079748153686523,3.103364838437099,92.20932110899817,,,0.0,-1,-1,0,80,delayed
15,4568,7,-11.814595718794257,16.58791058404105,15.728192601885114,1.9953612330841546,59.287552140522365,,,0.0,-1,-1,0,80,delayed
15,4606,6,-17.454900507550523,-20.93679345647494,-6.1276110013326,1.0434092963958026,31.002498213496622,,,0.0,-1,-1,0,80,delayed
15,4856,7,-12.591207216533466,-25.166908264160156,-1.4879271643502372,0.6306735132425757,18.7390073436586,,,0.0,-1,-1,0,80,delayed
15,4990,6,-23.01309597210465,16.996999740600586,-25.88830057779948,1.937394495305029,57.565204361326565,,,0.0,-1,-1,0,80,delayed
15,5314,13,-31.983789664749374,-22.952344600970928,-28.16272999690129,3.8563227758508427,114.58172778597739,,,0.0,-1,-1,0,80,delayed
15,5598,16,14.448469990296665,32.25215411186218,-28.30036497116089,5.105399569522838,151.6951608348301,,,0.0,-1,-1,0,80,delayed
15,5684,8,-41.40639690696309,-18.7578986287117,-41.76982116699219,1.8125278473873487,53.85508021123013,,,0.0,-1,-1,0,80,delayed
15,5686,15,-22.46310147195194,9.058292484283447,14.64492073059082,5.318241102862557,158.01925558836143,,,0.0,-1,-1,0,80,delayed
15,5822,7,-20.308811849565295,-13.373259816850934,-7.9607759203229636,1.0724306930498428,31.864802010317266,,,0.0,-1,-1,0,80,delayed
15,6090,7,-24.42156461865925,14.00668934413365,10.99997091293335,1.400095438165807,41.60060339734079,,,0.0,-1,-1,0,80,delayed
15,6096,6,25.7772209621092,2.7342999974886575,-14.647733370463053,1.8406251359117656,54.68992626856475,,,0.0,-1,-1,0,80,delayed
15,6184,9,-27.38029027871619,-13.739240540398491,-21.925276120503742,1.6055078929118864,47.70396023275811,,,0.0,-1,-1,0,80,delayed
15,6200,6,-17.936497006333727,-4.129162470499675,-0.019946734110514324,1.0215333156072246,30.352503951744225,,,0.0,-1,-1,0,80,delayed
15,6484,7,34.59548948942053,44.83486638750349,21.207527024405344,2.144211402469947,63.71029125776248,,,0.0,-1,-1,0,80,delayed
15,6762,6,14.493879711413605,14.239606459935507,8.152093728383383,1.4945817531722545,44.40804609725332,,,0.0,-1,-1,0,80,delayed
15,6820,12,-47.02190721570855,-11.768574714660645,39.96624946594238,3.31000409256098,98.3491294554859,,,0.0,-1,-1,0,80,delayed
15,6834,6,-32.20953412438266,-38.862162272135414,-5.439417362213135,1.0840968304783167,32.21143434916454,,,0.0,-1,-1,0,80,delayed
16,472,6,-10.55076200797223,-29.814029932022095,0.3818851312001546,1.2509509301144153,37.16911868622307,,,0.0,-1,-1,0,80,delayed
16,516,6,-18.98483413628171,1.7551250457763672,-17.281891504923504,0.9160718053490559,27.218958664515668,,,0.0,-1,-1,0,80,delayed
16,542,12,-35.72063585645864,-7.796449661254883,-24.221667448679607,2.197472091951687,65.29280967715069,,,0.0,-1,-1,0,80,delayed
16,758,6,16.86687384329036,-7.320718288421631,22.58736451466878,2.547449252583095,75.69157297619262,,,0.0,-1,-1,0,80,delayed
16,824,7,-26.08837551794384,-31.18447984967913,-20.79958050591605,2.0389451457507355,60.582547478641644,,,0.0,-1,-1,0,80,delayed
16,1020,7,-33.343008931150926,-31.5843323298863,19.201610837663925,1.8541604480310616,55.0920968177894,,,0.0,-1,-1,0,80,delayed
16,1362,9,8.68832698905209,3.4609835545221963,-24.11148320304023,3.1725008161848347,94.26353706626085,,,0.0,-1,-1,0,80,delayed
16,1604,8,-29.988193284355525,-25.156021101400256,5.867018163204193,1.618188027648092,48.08072116048228,,,0.0,-1,-1,0,80,delayed
16,2110,6,-14.776911432476561,-11.191230535507202,-20.473448753356934,0.7941472201502445,23.596251115460458,,,0.0,-1,-1,0,80,delayed
16,2306,6,1.4646851886367014,-31.18579896291097,-11.979566971460978,0.9972655792488252,29.631444195332495,,,0.0,-1,-1,0,80,delayed
16,2316,11,-24.294577534157973,-21.812256466258656,-1.0870298905806108,2.431690891846777,72.25208055042873,,,0.0,-1,-1,0,80,delayed
16,2610,9,-42.409392117487634,-33.393561045328774,-26.5707581837972,0.3979550265236287,11.824314812478645,,,0.0,-1,-1,0,80,delayed
16,2814,8,6.2248230061010155,11.881734371185303,-2.81974720954895,2.534425737812792,75.30460930355288,,,0.0,-1,-1,0,80,delayed
16,3256,7,-14.948203876622813,-8.341461726597377,-11.52777099609375,0.9605658965945268,28.540997857681543,,,0.0,-1,-1,0,80,delayed
16,3258,6,-35.002927409893374,-7.048211415608724,-10.604650259017944,0.5917871204111362,17.5835879617819,,,0.0,-1,-1,0,80,delayed
16,3272,13,-48.280048479969054,-27.488667543117817,-9.165425080519455,3.0201131130260963,89.73568830043436,,,0.0,-1,-1,0,80,delayed
16,3912,8,3.027870856673999,-15.758020237088203,-10.11049509048462,2.428677216307785,72.16253613977761,,,0.0,-1,-1,0,80,delayed
16,3936,6,4.730820855450537,5.999756495157878,-10.37980230649312,1.96115057470724,58.27106141260143,,,0.0,-1,-1,0,80,delayed
16,3942,7,-38.34640551813798,-20.90314190728324,-10.557832717895508,1.212020929616921,36.01240360323118,,,0.0,-1,-1,0,80,delayed
16,3970,13,-21.161787779445127,-21.07429020221417,-18.913150713993954,3.7916059620994,112.65881708387528,,,0.0,-1,-1,0,80,delayed
16,4056,7,4.374076959612737,-24.355327793530055,-16.22575787135533,2.010779306196495,59.7456645857268,,,0.0,-1,-1,0,80,delayed
16,4202,8,-13.32331488187725,-0.07967281341552646,41.103618025779724,3.119181691533265,92.67928238071659,,,0.0,-1,-1,0,80,delayed
16,4214,15,-23.795192355132183,20.664287694295247,15.686910565694173,6.113499182463962,181.64851332765494,,,0.0,-1,-1,0,80,delayed
16,4236,6,-20.07395443335287,-37.55505561828613,-6.701807181040446,0.8682182865649827,25.797101838304314,,,0.0,-1,-1,0,80,delayed
16,4240,6,-38.781551653655505,-11.292843500773111,30.762550989786785,1.8797295820540683,55.8518246011311,,,0.0,-1,-1,0,80,delayed
16,4256,6,-20.339157991975934,-19.97609265645345,18.079464594523113,0.9382758557428621,27.87870075713858,,,0.0,-1,-1,0,80,delayed
16,4338,6,-38.0228833553019,-32.141880671183266,-22.13619899749756,0.7702350782588001,22.88575702763591,,,0.0,-1,-1,0,80,delayed
16,4364,9,-22.838137537559774,-11.423708067999947,24.905907948811848,3.3858431236509325,100.60251116676756,,,0.0,-1,-1,0,80,delayed
16,4392,7,-18.93021249639622,1.3579131535121374,0.8940868377685547,3.6325875616739967,107.93395245775879,,,0.0,-1,-1,0,80,delayed
16,4460,9,14.506775073965015,22.844337887234158,-8.398495939042833,2.492886084867447,74.07035442325248,,,0.0,-1,-1,0,80,delayed
16,4536,7,-19.902959584800104,-19.45417526790074,1.6014740807669503,2.723858471830557,80.9331656315921,,,0.0,-1,-1,0,80,delayed
16,4586,7,-42.79019363704328,2.379317147391183,-11.773224694388253,0.8284811845414193,24.61640559690555,,,0.0,-1,-1,0,80,delayed
16,4650,9,-11.225178305092316,-4.7296002705891915,-5.902272648281521,2.644812172061361,78.5844873364656,,,0.0,-1,-1,0,80,delayed
16,4806,7,-29.33972718940469,-3.7253516060965404,-16.333909579685756,1.2812756894443171,38.07014889574631,,,0.0,-1,-1,0,80,delayed
16,5204,9,-33.69750183648619,-31.509112305111355,10.84755113389757,2.83605806229915,84.26691741535818,,,0.0,-1,-1,0,80,delayed
16,5532,8,-62.132995147833114,6.176424026489257,45.753490924835205,1.8776286655307668,55.78940071724839,,,0.0,-1,-1,0,80,delayed
16,5624,7,-0.3403607769136739,-19.268105506896973,7.900130680629185,2.5620091201037365,76.12418582366931,,,0.0,-1,-1,0,80,delayed
16,5734,6,8.786682015191744,13.209625244140625,21.9545955657959,1.9159756123286755,56.92879170571457,,,0.0,-1,-1,0,80,delayed
16,5744,8,-4.700509804338135,6.675248622894288,13.350651502609253,2.041265146847219,60.651480954792845,,,0.0,-1,-1,0,80,delayed
16,6036,10,3.4616320943520846,-20.074934577941896,-5.144322729110717,3.2458015931480966,96.44150041650246,,,0.0,-1,-1,0,80,delayed
16,6056,11,-32.91780725487501,-50.252839521928266,28.556183208118785,3.351160757695026,99.57200473721787,,,0.0,-1,-1,0,80,delayed
16,6382,8,-40.409301888615374,-9.976499795913696,-41.647475719451904,2.293444116672386,68.14439681100777,,,0.0,-1,-1,0,80,delayed
16,6552,6,-27.810435680978284,7.9350128173828125,4.16464106241862,1.233332533776686,36.64562871649414,,,0.0,-1,-1,0,80,delayed
16,6852,7,18.99556520437265,-14.790557316371373,-30.871271678379603,2.6823612354756463,79.70017106234481,,,0.0,-1,-1,0,80,delayed
17,247,6,-22.019364265703462,3.9305569330851235,7.328484535217285,1.0258761389617899,30.481540920991588,,,0.0,-1,-1,0,80,delayed
17,449,9,-41.174486666748294,7.58398797776964,-39.84714317321777,2.117316331088009,62.91116630713133,,,0.0,-1,-1,0,80,delayed
17,559,6,-17.712121803762816,-1.4826186498006184,-23.19704016049703,0.9127492811762128,27.12023752978102,,,0.0,-1,-1,0,80,delayed
17,607,8,-0.6722066894130254,-18.141295433044434,-7.161320686340332,1.978656683215296,58.791215008722375,,,0.0,-1,-1,0,80,delayed
17,825,6,6.2217150271971855,8.216756502787273,21.988397280375164,1.2301507574644006,36.55108957947655,,,0.0,-1,-1,0,80,delayed
17,1163,7,-1.9432495152971658,10.56637968335833,18.23041241509574,1.6759628362120624,49.79736620617693,0.6589862108230591,51.85676956176758,51.85676956176758,0,3,1,80,delayed
17,1233,6,-15.749357105782357,-6.604811350504558,-10.981917063395182,1.2684115832583074,37.687921681145454,,,0.0,-1,-1,0,80,delayed
17,1251,7,-46.04845130932828,-1.2628979001726424,15.643795013427734,2.1082593216795584,62.64205818343046,,,0.0,-1,-1,0,80,delayed
17,1335,7,-1.1773580068431337,-7.0350156511579245,-0.23816640036446707,1.2897183636359484,38.32100346685977,,,0.0,-1,-1,0,80,delayed
17,1671,12,13.532535576654652,-23.604121685028076,15.246596813201904,3.080169210602765,91.52011658208919,,,0.0,-1,-1,0,80,delayed
17,2125,8,-16.577428488567318,8.701725482940674,-12.310176134109497,1.5692814861227875,46.62757619473972,,,0.0,-1,-1,0,80,delayed
17,2205,6,10.533880439152396,-19.292518119017284,16.71378517150879,1.2453898844425628,37.00388505345565,,,0.0,-1,-1,0,80,delayed
17,2229,6,-26.50539574055701,3.602625528971354,-9.356117725372314,1.4886863211879113,44.23287694724312,,,0.0,-1,-1,0,80,delayed
17,2375,8,-7.103824681282324,-19.4299259185791,-8.656692743301392,2.9266117386029538,86.95751083591868,,,0.0,-1,-1,0,80,delayed
17,2483,6,-32.58648935675653,17.569725036621094,0.8668537139892578,0.9605464089201649,28.540418826431114,,,0.0,-1,-1,0,80,delayed
17,2559,6,-27.961700108523655,-0.6004365285237631,-11.870188236236572,1.501739593460331,44.620724795353986,,,0.0,-1,-1,0,80,delayed
17,3071,10,-8.458456407007175,2.0008423805236815,-7.670820426940918,2.805044736765777,83.34542805086409,,,0.0,-1,-1,0,80,delayed
17,3667,10,-32.39501562818437,-2.7490787506103516,-8.219528007507325,0.8908892235769628,26.470716388835974,,,0.0,-1,-1,0,80,delayed
17,3699,7,-1.7578339139176775,23.603132520403182,15.020982197352819,2.257588335837642,67.07902506751984,,,0.0,-1,-1,0,80,delayed
17,3831,7,-29.526398573091942,-20.895223753792898,-6.131750788007464,1.09441272404777,32.517947309191186,,,0.0,-1,-1,0,80,delayed
17,3947,8,-9.406352414182365,10.641600400209427,17.448636889457703,1.983952379826923,58.9485644068045,,,0.0,-1,-1,0,80,delayed
17,4143,7,-39.42014555763978,-38.08489227294922,29.85112816946847,2.5889690409987094,76.9252376278554,,,0.0,-1,-1,0,80,delayed
17,4271,8,-14.40390257462727,16.92540955543518,0.37411803007125854,1.628028383669676,48.373104620197594,,,0.0,-1,-1,0,80,delayed
17,4303,8,10.142028338577312,-12.470624685287476,25.396299123764038,1.9316848706515652,57.3955560471605,,,0.0,-1,-1,0,80,delayed
17,4381,6,-1.552091516895899,-6.650999069213867,-4.951301256815593,0.6665762081460999,19.805773030384845,,,0.0,-1,-1,0,80,delayed
17,4559,6,-6.197768239964879,-9.371442874272665,-2.7573941548665366,0.6225072304600923,18.496365105134004,,,0.0,-1,-1,0,80,delayed
17,4767,8,-20.677273046494903,30.39368438720703,21.149359345436096,2.6396531854593093,78.43119996068121,,,0.0,-1,-1,0,80,delayed
17,4977,8,-18.99795961902397,-16.50279313325882,4.233084321022034,1.6521120033008918,49.08869377315073,,,0.0,-1,-1,0,80,delayed
17,5091,8,-16.366107507766554,25.578637570142746,7.253747463226318,3.1446259121118896,93.43529864945931,,,0.0,-1,-1,0,80,delayed
17,5355,8,-28.44827053037863,-0.9145114421844482,-15.746526002883911,1.6114927033356865,47.881785056739346,,,0.0,-1,-1,0,80,delayed
17,5657,11,-8.806393275294539,17.665459459478203,5.175994699651545,2.1312484138905394,63.325125981142016,,,0.0,-1,-1,0,80,delayed
17,5741,6,4.331707734911961,33.610644022623696,-9.04813090960185,2.05634262153663,61.09947330423533,,,0.0,-1,-1,0,80,delayed
17,5819,7,-8.754754283576998,-28.270709446498326,15.255819593157087,4.553048454570795,135.283322725207,,,0.0,-1,-1,0,80,delayed
17,5909,6,-11.72010348741039,-11.999512076377869,-0.12932554880777994,0.8798541959476158,26.142836020560104,,,0.0,-1,-1,0,80,delayed
17,6121,8,-15.254069575287485,-12.917488098144531,-2.4779083728790283,0.5433506080411498,16.144408827183817,,,0.0,-1,-1,0,80,delayed
17,6147,7,-46.248400888453965,-19.074117388044083,28.964327675955637,1.3475311717664333,40.038777581939804,,,0.0,-1,-1,0,80,delayed
17,6221,10,2.362749673588344,-9.702145195007324,8.741528415679932,1.7189404008036409,51.074345311187145,,,0.0,-1,-1,0,80,delayed
17,6571,9,-6.948193783503914,21.84052912394206,5.681690216064453,2.1052897566827737,62.55382441569838,,,0.0,-1,-1,0,80,delayed
17,6723,8,-17.889112926925456,6.692568659782408,-25.763490915298462,2.2460130495790294,66.73509216142735,,,0.0,-1,-1,0,80,delayed
17,6827,6,11.150702102108694,30.89019997914632,20.99536641438802,1.3845885356147338,41.13985159045433,,,0.0,-1,-1,0,80,delayed
17,6883,9,-32.22286280791753,16.294950485229492,4.058969391716851,1.4414567432768117,42.829559083514205,,,0.0,-1,-1,0,80,delayed
17,6953,6,-4.356924935472885,-5.131430943806966,-21.129310925801594,1.6677730058927318,49.5540243069616,,,0.0,-1,-1,0,80,delayed
18,44,6,-25.485409862116896,-7.87958780924479,9.837937196095785,1.073726491204856,31.90330366074785,,,0.0,-1,-1,0,80,delayed
18,206,7,-46.63001614211305,10.522832598005023,32.345252990722656,2.1669086131817576,64.38468647062375,,,0.0,-1,-1,0,80,delayed
18,494,6,-16.678358857828055,-24.719550609588623,11.674729665120443,1.4570353435824643,43.29244122364185,,,0.0,-1,-1,0,80,delayed
18,510,6,-19.91776705579294,-47.53617477416992,26.417779286702473,1.4335202971145091,42.593745909510275,,,0.0,-1,-1,0,80,delayed
18,518,9,-35.983661026942706,8.470787578158909,-10.036612934536404,1.9811794272099597,58.86617252199911,,,0.0,-1,-1,0,80,delayed
18,570,10,-16.192195343604133,7.701304244995117,-5.816854667663574,1.8440944932351369,54.793010211358194,,,0.0,-1,-1,0,80,delayed
18,580,7,-38.40570232461799,-8.681929724557062,33.54480906895229,3.043747040318321,90.43791588378639,,,0.0,-1,-1,0,80,delayed
18,660,7,-20.88012643765984,-38.987527574811665,-33.46167237418039,1.463211749301065,43.475958859451865,,,0.0,-1,-1,0,80,delayed
18,888,9,-5.822419228205029,-45.146741761101616,40.15198092990451,2.671402310606772,79.37455191188992,,,0.0,-1,-1,0,80,delayed
18,1476,9,3.8762553305618863,-2.580341524548001,-10.969600677490234,2.3741242694385356,70.54162127569026,,,0.0,-1,-1,0,80,delayed
18,1572,7,-21.464352271580484,-5.126812253679547,5.572279521397182,1.174565749675952,34.89950940800292,,,0.0,-1,-1,0,80,delayed
18,1862,6,-9.905469166028348,-1.4687617619832356,-8.165950457255045,0.8224078430655202,24.435950277112152,,,0.0,-1,-1,0,80,delayed
18,1916,9,-6.621807942707927,-7.56859106487698,6.333354843987359,1.3812924009168002,41.04191455803846,,,0.0,-1,-1,0,80,delayed
18,1998,6,-29.80381382634425,-40.751230557759605,12.446059862772623,1.3348131298556716,39.660890330043976,,,0.0,-1,-1,0,80,delayed
18,2156,6,-33.85880313101614,10.008831342061361,-3.5717649459838867,0.8565750342613722,25.451149478105066,,,0.0,-1,-1,0,80,delayed
18,2180,23,-14.84828982238739,-19.672259908655416,11.07325031446374,7.940810544259699,235.94285153727398,,,0.0,-1,-1,0,80,delayed
18,2246,6,-41.10403664585967,-18.184017181396484,-22.561123847961426,0.43130675619868053,12.815284457122843,,,0.0,-1,-1,0,80,delayed
18,2442,8,2.0607314845830054,13.444026589393616,-5.856626749038696,2.244179681467285,66.68061786087686,,,0.0,-1,-1,0,80,delayed
18,2540,10,-5.190518176037349,-7.038974857330322,13.75938024520874,2.4113105089482985,71.64652452693633,,,0.0,-1,-1,0,80,delayed
18,2720,7,-35.55448863779102,17.712247031075613,-5.3808150972638815,2.533710944470623,75.28337086970899,,,0.0,-1,-1,0,80,delayed
18,3040,6,27.922660651539115,10.877157211303711,11.519368886947632,1.7008792010416978,50.53769846005457,,,0.0,-1,-1,0,80,delayed
18,3230,9,-16.248651989651822,-6.660236994425456,-0.3515160878499345,2.0355368311507767,60.48127727943864,,,0.0,-1,-1,0,80,delayed
18,3524,6,-17.963976402772285,-17.823755860328674,15.797801653544107,1.696401688163621,50.40465950258795,,,0.0,-1,-1,0,80,delayed
18,3528,8,-5.099324006182242,16.471617221832275,-13.075733065605164,3.261333383403283,96.9029917040558,,,0.0,-1,-1,0,80,delayed
18,3728,10,-34.147370227190805,-14.870526790618896,9.68274745941162,2.135490668916147,63.4511747946871,,,0.0,-1,-1,0,80,delayed
18,3836,10,-5.266101669097573,15.247417449951172,-20.040797805786134,2.4916492289395924,74.0336041050158,,,0.0,-1,-1,0,80,delayed
18,4016,9,-27.385110501930303,-27.647837347454495,10.609337170918783,1.6579414462207933,49.261902210466936,,,0.0,-1,-1,0,80,delayed
18,4060,6,-37.79087925965053,-22.9690424601237,-26.6149164835612,0.3228028110342963,9.591340241045916,,,0.0,-1,-1,0,80,delayed
18,4082,8,-12.19841371934741,3.214650869369507,-19.200350046157837,2.6649971670069754,79.1842378580514,,,0.0,-1,-1,0,80,delayed
18,4122,6,-3.2998084265955563,47.68397490183512,36.81626303990682,1.8638161605151131,55.37899402109291,,,0.0,-1,-1,0,80,delayed
18,4168,6,-27.692490643884323,-8.124380747477213,14.07962703704834,2.0628212093618,61.291969583662414,,,0.0,-1,-1,0,80,delayed
18,4370,6,-11.755963704519004,-2.2308555444081635,-6.29535675048828,1.5860141487449113,47.12474863209612,,,0.0,-1,-1,0,80,delayed
18,4504,7,-14.364358397434959,-32.98579229627337,7.587374823434012,1.3588819723548793,40.376040414637025,,,0.0,-1,-1,0,80,delayed
18,4580,13,-33.36308380765109,15.5658980516287,-0.5744542341965896,4.733907639081554,140.65713582430206,,,0.0,-1,-1,0,80,delayed
18,5084,6,-27.85260918890978,7.921156883239747,-8.547835985819498,1.2549810782044117,37.28886523189007,,,0.0,-1,-1,0,80,delayed
18,5086,9,-31.85181553363279,16.59363004896376,-5.4629327985975475,1.2222884545815471,36.317479401839066,,,0.0,-1,-1,0,80,delayed
18,5094,6,-20.703681308734502,-18.313342720270157,-6.008994738260905,0.6522263559908935,19.37940030460748,,,0.0,-1,-1,0,80,delayed
18,5386,7,-20.04738761253912,-17.827054704938615,-0.4665235791887556,1.2277918963330752,36.481001467110296,,,0.0,-1,-1,0,80,delayed
18,5452,8,-9.441375838947435,-13.301999300718307,-22.68630051612854,2.522222995834723,74.94203299942981,,,0.0,-1,-1,0,80,delayed
18,5694,8,-19.097438980464144,-30.80937135219574,-1.7608473300933856,2.22685339295424,66.16580720073833,,,0.0,-1,-1,0,80,delayed
18,5750,8,-14.051640272947088,0.9387607574462891,33.83018898963928,1.5996580783714924,47.53014649977306,,,0.0,-1,-1,0,80,delayed
18,5786,6,-34.912860327497256,17.48658816019694,9.088228861490885,1.8683372248812478,55.51332701047528,,,0.0,-1,-1,0,80,delayed
18,6500,9,-15.464646563257585,33.55675930447049,22.680788887871635,2.7470511919029006,81.62228376106697,,,0.0,-1,-1,0,80,delayed
19,146,7,-36.219651349776846,-10.700983319963727,-14.378198896135602,0.864526853427179,25.68741942541484,,,0.0,-1,-1,0,80,delayed
19,390,6,-37.981581702439726,-17.814517577489216,-29.607865651448567,1.012100789239133,30.072238208583173,,,0.0,-1,-1,0,80,delayed
19,460,7,-26.798848269993805,-8.45627042225429,-5.830872671944754,1.2468780357651443,37.0481020341545,,,0.0,-1,-1,0,80,delayed
19,466,6,-27.77012581066514,-3.0114237467447915,-5.662588437398274,1.5421434980206754,45.82123353461598,,,0.0,-1,-1,0,80,delayed
19,792,6,-18.518728865510017,8.392269770304365,6.995935440063477,2.2185839718357423,65.92010044468539,,,0.0,-1,-1,0,80,delayed
19,980,7,0.6137995189004863,35.49575424194336,48.28263963971819,2.192677650837655,65.15035392887825,,,0.0,-1,-1,0,80,delayed
19,1354,11,4.886659581789697,17.070900136774238,15.590856768868186,3.203674227297284,95.18978300413075,,,0.0,-1,-1,0,80,delayed
19,1542,6,-36.448115464502294,-39.753580729166664,2.6280689239501953,1.2250946248481573,36.40085827241063,,,0.0,-1,-1,0,80,delayed
19,1694,7,-23.972277277252974,0.6690593021256583,27.203865936824254,1.8997790617965675,56.44754860133455,,,0.0,-1,-1,0,80,delayed
19,1792,6,-7.814116414406235,-11.491449435551962,-5.533262888590495,1.1184221111798685,33.23133081482143,,,0.0,-1,-1,0,80,delayed
19,1896,8,-47.88200728770141,-16.70024538040161,7.777923107147217,1.4147500952907672,42.03603269905908,,,0.0,-1,-1,0,80,delayed
19,1940,10,2.4114503391805835,15.04511604309082,29.352320671081543,2.1574270758303236,64.1029644792495,,,0.0,-1,-1,0,80,delayed
19,2040,8,-39.2063308027991,-33.03329849243164,-36.43170142173767,0.2536302183410877,7.536036355215256,,,0.0,-1,-1,0,80,delayed
19,2058,10,-8.718678161598323,15.61322283744812,25.69238224029541,1.998769238109694,59.38881314143625,,,0.0,-1,-1,0,80,delayed
19,2240,6,-32.784257017958204,-20.696618527173996,4.11530613899231,0.6154040515261181,18.285310542968066,,,0.0,-1,-1,0,80,delayed
19,2490,6,-37.75235828840499,-29.45838673909505,-8.378413200378418,0.4225814284573223,12.55603148837125,,,0.0,-1,-1,0,80,delayed
19,3106,6,-35.36566182758433,-11.011099497477213,-39.33033402760824,0.8890815394854478,26.417005229647202,,,0.0,-1,-1,0,80,delayed
19,3382,8,16.51157482367845,35.04245710372925,-2.036868691444397,2.858938934583686,84.94676970781416,,,0.0,-1,-1,0,80,delayed
19,3426,7,-37.867469773491685,20.942732129778182,20.300931930541992,2.0349773358195096,60.464653167435834,,,0.0,-1,-1,0,80,delayed
19,3696,10,-31.862873838585404,-15.821065759658813,-14.505728912353515,2.031245471758515,60.35376944301086,,,0.0,-1,-1,0,80,delayed
19,3754,9,-9.360610867648171,4.329308615790473,31.246049669053818,1.7527170687138947,52.07794101439074,,,0.0,-1,-1,0,80,delayed
19,3824,8,-6.062229382286441,-3.858965039253235,5.242384195327759,2.2796736079874265,67.73523793885748,,,0.0,-1,-1,0,80,delayed
19,3896,13,-32.026021639580186,-23.169780731201172,-29.278400274423454,2.157036748769717,64.09136681183274,,,0.0,-1,-1,0,80,delayed
19,3932,6,-23.85389427937257,-26.27144972483317,10.760215759277344,1.065238817584262,31.65111203549765,,,0.0,-1,-1,0,80,delayed
19,3964,7,-38.70936991759241,-33.69048139027187,-10.82577909742083,1.1266973489556247,33.477210399415256,,,0.0,-1,-1,0,80,delayed
19,3984,10,-27.264567576939463,2.970781135559082,-11.10628833770752,1.6952724326474466,50.37110628215596,,,0.0,-1,-1,0,80,delayed
19,4178,7,-9.619866574688519,-19.980711936950684,-9.240770067487444,1.0050174592147296,29.861773410937868,,,0.0,-1,-1,0,80,delayed
19,4524,9,7.4599854716655,1.357913123236762,17.39483955171373,2.3358578959572607,69.40462433729975,,,0.0,-1,-1,0,80,delayed
19,4622,6,-25.34883954606447,-18.941493034362793,-27.1968781153361,1.2550074999052012,37.289650291726474,,,0.0,-1,-1,0,80,delayed
19,5026,7,-1.9892681263387442,-2.7950028010777066,-23.34391130719866,2.138092356505736,63.52847793462166,,,0.0,-1,-1,0,80,delayed
19,5216,8,-24.644722491646043,-2.2758884727954865,13.504173040390015,1.3341506302978199,39.64120568526491,,,0.0,-1,-1,0,80,delayed
19,5346,7,4.269128491703477,-5.9621462140764505,-1.794025148664202,1.2405770452102094,36.860882647574954,,,0.0,-1,-1,0,80,delayed
19,5366,8,-4.926961527438883,-11.802060842514038,-5.129173696041108,2.284091066537367,67.8664925206173,,,0.0,-1,-1,0,80,delayed
19,5686,6,-16.49563867744963,5.639494101206462,-3.2100321451822924,3.796116820300204,112.79284682061892,,,0.0,-1,-1,0,80,delayed
19,5874,7,-20.62428835753513,-25.04813998086112,-6.404916490827288,1.6195094038598266,48.1199828038136,,,0.0,-1,-1,0,80,delayed
19,6110,7,-12.672221561334027,-8.452312077794756,-3.9833130155290877,2.8749099214016502,85.42131070721109,,,0.0,-1,-1,0,80,delayed
19,6428,6,-30.068544088157285,-32.43748092651367,4.638901710510254,1.6035852483415147,47.646833288361464,,,0.0,-1,-1,0,80,delayed
19,6472,6,14.08325171925802,14.410500288009644,-2.150867144266764,1.9734052720402007,58.635181450140315,,,0.0,-1,-1,0,80,delayed
20,22,6,-28.193584276695315,23.583338419596355,5.522553443908691,0.8901537018250011,26.44886205815294,,,0.0,-1,-1,0,80,delayed
20,794,16,-23.882117512722903,9.337380766868591,-11.081613779067993,5.603840872712164,166.50519335518263,,,0.0,-1,-1,0,80,delayed
20,962,6,-29.49961599966562,16.595169067382812,-8.503119786580404,1.2652779924558364,37.59481426530107,,,0.0,-1,-1,0,80,delayed
20,964,7,-2.709269146981041,37.55439649309431,56.50137383597238,1.7521658527622623,52.06156290503828,,,0.0,-1,-1,0,80,delayed
20,1084,7,-6.729945960624157,-2.177410670689174,7.025207247052874,2.407651919555429,71.53781799009775,,,0.0,-1,-1,0,80,delayed
20,1106,7,-33.30954653944989,-23.72189930507115,-39.992643628801616,1.5275075133610165,45.386359042093034,,,0.0,-1,-1,0,80,delayed
20,1188,9,-49.22118841351878,-28.27906608581543,20.642380396525066,2.6132260303873043,77.64597806287205,,,0.0,-1,-1,0,80,delayed
20,1202,8,-17.10920174888007,7.437342643737793,8.080554723739624,1.7810540309827096,52.91990842368014,,,0.0,-1,-1,0,80,delayed
20,1304,6,18.825188888066283,22.359368642171223,0.6312977472941069,2.3024945028223733,68.41330813987518,,,0.0,-1,-1,0,80,delayed
20,1358,6,-42.49688147279944,12.350537449121475,28.068349997202557,2.0655548439979294,61.373193225444886,,,0.0,-1,-1,0,80,delayed
20,1674,10,-6.190731634350924,-8.510508632659912,21.379310750961302,1.953239623270957,58.03600575551882,,,0.0,-1,-1,0,80,delayed
20,1690,12,-21.885631388453117,20.105419158935547,-22.24242925643921,3.574950300987798,106.22139432968083,,,0.0,-1,-1,0,80,delayed
20,1948,7,11.182515043776672,30.847971507481166,14.48256778717041,1.981332169929031,58.87071091924311,,,0.0,-1,-1,0,80,delayed
20,1952,8,-42.83590966148989,-18.97266936302185,-15.902409076690674,0.7853345904383104,23.334404170216445,,,0.0,-1,-1,0,80,delayed
20,2148,6,-11.606562914591983,-5.034436543782552,-1.320963462193807,1.547306589598185,45.97464288026852,,,0.0,-1,-1,0,80,delayed
20,2850,8,-25.97940090724004,32.86702537536621,10.577039957046509,1.5726270683995422,46.72698244779542,,,0.0,-1,-1,0,80,delayed
20,2874,8,-5.536707845779501,-4.655699610710144,20.346799612045288,2.0785052171013865,61.75798366232418,,,0.0,-1,-1,0,80,delayed
20,2878,7,-35.79739014384239,8.202900324548994,-4.68530409676688,2.376367237643362,70.60826589731984,,,0.0,-1,-1,0,80,delayed
20,3040,10,-41.217296022654985,4.287124729156494,1.8697108268737792,1.8151545119712151,53.933125484882645,,,0.0,-1,-1,0,80,delayed
20,3324,6,-31.45300809442698,22.41941261291504,5.457890510559082,1.088159842702812,32.332157376711294,,,0.0,-1,-1,0,80,delayed
20,3592,7,-18.957238631868044,-5.03179795401437,5.793980189732143,5.6888105892383045,169.02987230322574,,,0.0,-1,-1,0,80,delayed
20,3760,11,-7.739262610806213,-9.452481096441096,-2.7078671888871626,2.523152077867628,74.96963852696807,,,0.0,-1,-1,0,80,delayed
20,3842,8,-12.732272490872644,-10.981078088283539,4.025240331888199,2.3999807684987156,71.30988744764166,,,0.0,-1,-1,0,80,delayed
20,3918,10,-47.6666529591149,-25.85853271484375,-15.992002391815186,0.7431574273482289,22.081207147852,,,0.0,-1,-1,0,80,delayed
20,3962,8,-35.67117525652054,11.078073024749756,-7.253748178482056,1.065895297363677,31.67061781645899,,,0.0,-1,-1,0,80,delayed
20,3976,7,-3.5226098135519908,-13.91563333783831,-2.5568384443010603,1.646330685005253,48.9169152479341,,,0.0,-1,-1,0,80,delayed
20,3994,8,-18.564977937152673,-12.82395887374878,-1.9872695207595825,1.4146139144641552,42.03198640021131,,,0.0,-1,-1,0,80,delayed
20,4142,6,7.490894750509849,-5.42703113456567,1.2424437204996757,1.9205266417970808,57.064015038927316,,,0.0,-1,-1,0,80,delayed
20,4350,6,1.0133487679086812,5.366987864176433,6.677241166432698,1.3882232858657029,41.247849802231265,,,0.0,-1,-1,0,80,delayed
20,4404,8,14.857904830348058,-4.035632371902466,-9.534358024597168,1.8372278571077025,54.5889839725573,,,0.0,-1,-1,0,80,delayed
20,4572,6,-28.408706803526854,-12.0364621480306,-4.979013204574585,1.122663375567582,33.35735019384868,,,0.0,-1,-1,0,80,delayed
20,4678,8,-4.046618177956869,-1.4791539553552866,-41.07700824737549,2.1802499393354777,64.78109317475712,,,0.0,-1,-1,0,80,delayed
20,4836,6,-23.883282502358455,-6.567861557006836,1.753653526306153,0.6591073133763857,19.583852066526553,,,0.0,-1,-1,0,80,delayed
20,5058,9,10.680876330574765,-7.611699210272897,28.100122027926975,3.9882759895545177,118.50241287690406,,,0.0,-1,-1,0,80,delayed
20,5452,6,1.8097861099182222,13.689974784851074,1.5227166811625168,1.4883006274604915,44.221416948624565,,,0.0,-1,-1,0,80,delayed
20,5464,6,-50.04186316111708,-5.9443308512369795,1.5565179189046223,0.6768612327367084,20.11136878997558,,,0.0,-1,-1,0,80,delayed
20,5474,7,13.822350591215322,-3.5828297478812083,4.537562234061105,1.7818123456505073,52.94243999323284,,,0.0,-1,-1,0,80,delayed
20,5592,6,36.86053235572549,-33.25500075022379,-22.3255672454834,3.1088034564260933,92.37091708583112,,,0.0,-1,-1,0,80,delayed
20,5758,6,-39.70042887489251,-11.981035868326822,14.639965057373047,1.5536800637048775,46.16401594823816,,,0.0,-1,-1,0,80,delayed
20,5808,8,-8.839966755625113,-18.889532804489136,-2.317458391189575,1.8227106553446975,54.157638839561855,,,0.0,-1,-1,0,80,delayed
20,6568,6,-43.37226958384738,4.937443772951762,12.592389742533365,1.0772040626646162,32.00663166763923,,,0.0,-1,-1,0,80,delayed
21,162,6,17.387509799058112,-24.60869900385539,13.745399554570517,2.1278351532515156,63.22370882180764,,,0.0,-1,-1,0,80,delayed
21,202,12,-9.9396230422737,-4.741146117448807,-15.524457891782125,2.675655643586705,79.50092988127098,,,0.0,-1,-1,0,80,delayed
21,430,10,-49.48844437620851,13.886733722686767,16.190648460388182,2.850208738108564,84.6873720758797,,,0.0,-1,-1,0,80,delayed
21,504,8,-50.803515330043766,23.378958225250244,-21.927671194076538,3.138035670349812,93.23948483108421,,,0.0,-1,-1,0,80,delayed
21,552,6,-32.794501476246616,-9.131268183390299,-18.33958689371745,0.9126529612883545,27.11737560669718,,,0.0,-1,-1,0,80,delayed
21,556,8,-29.54982274306509,-10.548069477081299,-24.7543466091156,1.4371735351692645,42.70229344369198,,,0.0,-1,-1,0,80,delayed
21,726,6,5.549814643884068,-11.394455909729004,-5.020581563313802,1.0727200570141529,31.873399792431687,,,0.0,-1,-1,0,80,delayed
21,940,9,-42.11612792571314,8.19982189602322,-19.45368544260661,2.1687358118619304,64.43897746075909,,,0.0,-1,-1,0,80,delayed
21,1108,6,-26.67429366451181,11.422168413798014,-1.3163441022237141,1.265595894342464,37.60425998588863,0.36326199769973755,255.26953125,255.26953125,7,13,1,80,delayed
21,1180,9,2.0358604100296813,12.735433472527397,5.513316207461887,1.7759486068338672,52.76821253252758,,,0.0,-1,-1,0,80,delayed
21,1306,6,-1.5747678907996085,-9.14974308013916,10.744889259338379,1.2055585539002358,35.820389029177115,,,0.0,-1,-1,0,80,delayed
21,1836,6,-33.22860295882449,8.13361930847168,-12.687706391016642,1.5355142505530774,45.62426075175794,,,0.0,-1,-1,0,80,delayed
21,1918,6,-35.90619347563916,21.514137268066406,-3.7674296696980796,1.4478047974741426,43.01817685756676,,,0.0,-1,-1,0,80,delayed
21,2010,10,-4.21620389201209,-9.54972677230835,6.893104457855225,2.2093445516394876,65.64557240557592,,,0.0,-1,-1,0,80,delayed
21,2026,8,-17.073281568031597,-23.157257080078125,-23.479570746421814,0.6770992624652515,20.11844129379495,,,0.0,-1,-1,0,80,delayed
21,2114,8,31.752628249743537,-11.75702828168869,26.059194087982178,2.2599086967042537,67.14796923340978,,,0.0,-1,-1,0,80,delayed
21,2298,6,-15.503650681187077,-24.460898717244465,-34.37903436024984,1.3040982155199483,38.74826756531472,,,0.0,-1,-1,0,80,delayed
21,2570,6,2.836762468220068,-20.691998799641926,-11.897900740305582,0.8516623435099057,25.305180214871637,,,0.0,-1,-1,0,80,delayed
21,2662,6,-25.189194297849042,10.01806926727295,-10.442994435628256,1.1668255814485367,34.66952817966664,,,0.0,-1,-1,0,80,delayed
21,2678,14,-13.834652571574543,23.77732526510954,30.13617100034441,3.358602652307502,99.79312345374193,,,0.0,-1,-1,0,80,delayed
21,2854,9,-23.459876937428234,-3.965966436598036,-30.940094841851128,2.2815776136254704,67.79181107041369,,,0.0,-1,-1,0,80,delayed
21,2872,6,-46.067613524551184,-15.232636451721191,-19.28643004099528,0.5298948770928469,15.744602848717806,,,0.0,-1,-1,0,80,delayed
21,2914,6,-1.3871247604066212,-41.162298838297524,-3.2515999476114907,0.8970162638445147,26.65276724424328,,,0.0,-1,-1,0,80,delayed
21,3100,7,-26.64410593594963,-2.276382718767439,-18.850528172084264,0.983938658881796,29.235465525890493,,,0.0,-1,-1,0,80,delayed
21,3404,12,-4.07587677950799,-15.88849941889445,-7.578633944193522,3.1534584244048074,93.69773635969223,,,0.0,-1,-1,0,80,delayed
21,3458,7,-29.263376932392895,12.933820452008929,2.3034662178584506,4.475206483837008,132.97042828680648,,,0.0,-1,-1,0,80,delayed
21,3496,6,-24.19093819969258,41.148444493611656,10.264538645744324,1.3842880243208286,41.130922591178,,,0.0,-1,-1,0,80,delayed
21,3594,6,-39.660517562838656,-34.98703066507975,-8.65091880162557,0.6367524606301852,18.919629230175516,,,0.0,-1,-1,0,80,delayed
21,3620,8,-26.903403835199892,-9.051594018936159,-20.557005643844604,1.1306888961916082,33.59581000982714,,,0.0,-1,-1,0,80,delayed
21,3754,6,-17.224730499895728,-46.252162297566734,21.355628331502277,3.1299494226737647,92.9992206509619,,,0.0,-1,-1,0,80,delayed
21,4046,13,-21.269376729862643,38.13666387704703,26.37643476632925,4.213694854672607,125.20021400561953,,,0.0,-1,-1,0,80,delayed
21,4070,7,6.926017489673903,16.50081525530134,4.894042560032436,2.1302849142164546,63.29649781285972,,,0.0,-1,-1,0,80,delayed
21,4080,14,-34.8655432466952,-37.993837220328196,-11.949307458741325,4.163075448848524,123.69617523190891,,,0.0,-1,-1,0,80,delayed
21,4112,6,-32.099172791440175,-14.724574406941732,-16.117967128753662,0.9819784467946101,29.177222349467797,,,0.0,-1,-1,0,80,delayed
21,4236,6,-11.949401639995864,0.14780044555664062,-38.66523424784342,1.2652704694052797,37.594590735223015,,,0.0,-1,-1,0,80,delayed
21,4314,6,47.65036367776157,33.10720030466715,-3.1115660667419434,3.763997968625925,111.83850929929241,,,0.0,-1,-1,0,80,delayed
21,4568,6,19.88416903456196,-3.3254995346069336,-24.550333817799885,1.070958649384093,31.82106363145171,,,0.0,-1,-1,0,80,delayed
21,4980,7,-34.68750138325645,-1.0768274579729353,11.847182273864746,1.2874861788828573,38.25467925060165,,,0.0,-1,-1,0,80,delayed
21,5328,10,-26.785392697337606,10.32013521194458,-0.003777885437011719,2.928810253192379,87.02283462100134,,,0.0,-1,-1,0,80,delayed
21,5404,6,2.5919730876230815,-31.827804883321125,16.62917709350586,0.3447881420081941,10.2445835910868,,,0.0,-1,-1,0,80,delayed
21,5512,9,-26.017748581057656,-15.411229027642143,-41.61458502875434,2.1645784434433457,64.31545085675505,,,0.0,-1,-1,0,80,delayed
21,5758,7,-1.2013561915667523,19.774848324911936,-10.783491679600306,1.5267841707550542,45.36486658661412,,,0.0,-1,-1,0,80,delayed
21,5868,7,-25.82034816809092,-17.320312023162842,-7.0950309208461215,1.6678891104994906,49.55747408728851,,,0.0,-1,-1,0,80,delayed
21,5956,7,-19.275440202588673,-3.1711010251726424,-0.2710987499782017,1.5449422770776222,45.90439279245726,,,0.0,-1,-1,0,80,delayed
21,6484,6,-5.8882489050123965,23.680330912272137,24.64585606257121,2.6150778526447547,77.70100068575516,,,0.0,-1,-1,0,80,delayed
21,6546,8,9.731296797030105,-21.584572792053223,-29.452718257904053,2.2457118249058086,66.72614196573171,,,0.0,-1,-1,0,80,delayed
21,6566,7,-39.33164476426748,-31.746647153581893,3.266922950744629,1.3270503403297,39.43023696204927,,,0.0,-1,-1,0,80,delayed
22,460,6,-11.632298600891906,0.36950047810872394,-11.839533487955729,2.0199418582202675,60.01790866456459,,,0.0,-1,-1,0,80,delayed
22,592,8,-50.35091080253673,-44.52705907821655,34.57496190071106,2.2812264056702203,67.7813757368942,,,0.0,-1,-1,0,80,delayed
22,1172,6,-7.853155871390771,2.2031436761220298,13.443710009256998,1.1662659891661205,34.65290118698425,,,0.0,-1,-1,0,80,delayed
22,1242,7,-43.46447893464141,-33.61526244027274,-25.595279966081893,1.9327608573759114,57.42752650843061,,,0.0,-1,-1,0,80,delayed
22,1256,6,-12.749815338399905,20.11003812154134,0.026241302490234375,1.254977710105925,37.28876515661983,,,0.0,-1,-1,0,80,delayed
22,1386,7,-24.32046887257871,21.2554874420166,-10.85475240434919,1.92242719571798,57.12048561067789,,,0.0,-1,-1,0,80,delayed
22,1698,8,-42.31902427869571,22.502551078796387,-30.229925632476807,2.7719601121719695,82.36239481701543,,,0.0,-1,-1,0,80,delayed
22,1832,6,0.19383649373615341,-6.812655528386434,26.864327033360798,0.9831409235977876,29.211762663741624,,,0.0,-1,-1,0,80,delayed
22,1902,6,-17.793688138009163,-9.015798886617025,-36.30043443044027,0.9076013524440821,26.967278713070865,,,0.0,-1,-1,0,80,delayed
22,2048,7,-41.63509763137581,-6.5163967950003485,25.795925549098424,2.615065033984351,77.70061980885704,,,0.0,-1,-1,0,80,delayed
22,2144,8,-12.65649705188337,-28.04504892230034,-29.780699968338013,2.3894972241663597,70.99839313226835,,,0.0,-1,-1,0,80,delayed
22,2314,15,-48.36771665816462,34.06420532862346,26.85697911580404,24.87317039562209,739.0488309984859,,,0.0,-1,-1,0,80,delayed
22,2366,18,-47.06684941767982,21.55108801523845,15.307165622711185,26.705684287792636,793.4977503865628,,,0.0,-1,-1,0,80,delayed
22,2444,20,-36.798018017287205,20.11788985729218,22.314291143417357,37.28901302604704,1107.9569289984001,,,0.0,-1,-1,0,80,delayed
22,2586,15,-35.02465093445415,-17.54940236409505,-2.660694440205892,5.255850291707157,156.16545668311366,,,0.0,-1,-1,0,80,delayed
22,2750,8,-32.049223687633,4.887793064117432,8.905001640319824,1.8712257471784386,55.599152781500734,,,0.0,-1,-1,0,80,delayed
22,2970,7,-29.585695379571963,-21.599913256508962,-10.312379292079381,0.5472343544635144,16.2598053853101,,,0.0,-1,-1,0,80,delayed
22,3034,6,-25.12573475682216,-12.332062085469564,-6.704954783121745,1.074058009003656,31.91315394672914,,,0.0,-1,-1,0,80,delayed
22,3052,6,14.038018898930318,28.82099994023641,21.143166224161785,1.8119239510879734,53.837136826973165,,,0.0,-1,-1,0,80,delayed
22,3288,6,-49.22946129428599,-24.354668458302815,2.6834932963053384,1.1869705470708367,35.26808932233005,,,0.0,-1,-1,0,80,delayed
22,3690,6,-15.58439034929308,-5.9997555414835615,-23.82519022623698,1.4219341712447648,42.24949092939954,,,0.0,-1,-1,0,80,delayed
22,3816,10,5.705933192817611,-29.965526485443114,22.690236377716065,3.5298106059232985,104.88017250960607,,,0.0,-1,-1,0,80,delayed
22,4084,9,-41.24752947769757,-0.41876580980088973,-34.70185640123155,1.4837741595399727,44.086923405099455,,,0.0,-1,-1,0,80,delayed
22,4114,6,-49.136334899493654,-28.74709876378377,-38.081801414489746,0.6651631207008625,19.763786399493384,,,0.0,-1,-1,0,80,delayed
22,4360,8,6.207460753065712,-5.2653748989105225,-36.9859504699707,2.393899568472084,71.12919862915709,,,0.0,-1,-1,0,80,delayed
22,4428,9,-19.827060622481586,-15.42662493387858,14.712886386447483,1.8430719108344522,54.7626265362655,,,0.0,-1,-1,0,80,delayed
22,4466,8,-9.656063141516706,-15.387365847826004,-17.92778253555298,2.4988142187815034,74.24649523560171,,,0.0,-1,-1,0,80,delayed
22,4524,7,15.739588178490724,31.406180245535715,-0.3977840968540737,2.5575919747100384,75.99294054662424,,,0.0,-1,-1,0,80,delayed
22,4576,6,-6.30280806463351,-14.779999732971191,-34.75630029042562,2.293861007909966,68.15678377161174,,,0.0,-1,-1,0,80,delayed
22,4602,7,9.736623957593192,-20.994197572980607,-10.957684448787145,1.0356647362338487,30.77238648896564,,,0.0,-1,-1,0,80,delayed
22,4658,7,4.371860374824578,22.94594955444336,7.6519783564976285,1.6100825065313435,47.83988431456814,,,0.0,-1,-1,0,80,delayed
22,4820,9,-40.11288574194228,-6.537070592244466,6.791170544094509,1.9478480154531606,57.875806577385674,,,0.0,-1,-1,0,80,delayed
22,5070,9,-20.343828161757685,-12.630740854475233,-5.033947626749676,2.928449532467935,87.01211663750841,,,0.0,-1,-1,0,80,delayed
22,5852,14,-31.78138137207307,-25.671672003609793,6.383772236960275,3.00452556012995,89.27254015474998,,,0.0,-1,-1,0,80,delayed
22,5860,6,-30.623326100516778,-14.410499413808187,-29.8789005279541,1.0061367808328718,29.895031468525282,,,0.0,-1,-1,0,80,delayed
22,5916,6,19.354280403054837,2.3047568003336587,-10.332144419352213,2.4048364121412353,71.45416168774341,,,0.0,-1,-1,0,80,delayed
22,5926,6,13.999099369425494,26.599380493164062,-42.99300161997477,2.198612235618176,65.32668641383067,,,0.0,-1,-1,0,80,delayed
22,6202,6,-33.752771523798465,35.75836309790611,50.894212086995445,1.3456309720271014,39.982317533876774,,,0.0,-1,-1,0,80,delayed
22,6402,6,-19.49835968470801,13.283525784810385,-3.4548257191975913,1.1765760291225522,34.95924022041482,,,0.0,-1,-1,0,80,delayed
22,6568,8,-23.645631907695638,30.660417556762695,8.453569889068604,1.4388921597541144,42.75335840526126,,,0.0,-1,-1,0,80,delayed
22,6652,8,-43.7491909245245,-51.874335289001465,-6.745633006095886,1.6559830933503352,49.20371427637675,,,0.0,-1,-1,0,80,delayed
23,510,7,-6.863009489715474,-25.26192310878209,-8.938631330217634,1.3207198894434757,39.24214222974362,,,0.0,-1,-1,0,80,delayed
23,594,6,-4.274042998968956,-23.126081354916096,-10.91116484006246,2.3809134317217775,70.743345558083,,,0.0,-1,-1,0,80,delayed
23,822,7,-23.358441773460008,-16.290990148271835,-8.558574404035296,1.2810321968957974,38.06291407684393,,,0.0,-1,-1,0,80,delayed
23,1172,7,-0.11576850370183779,-3.194854736328125,4.971784046718052,2.0329856765813505,60.405475611527315,,,0.0,-1,-1,0,80,delayed
23,1236,6,14.837590291886807,49.22201792399088,-46.7896146774292,2.1994555162171165,65.35174254985748,,,0.0,-1,-1,0,80,delayed
23,1252,6,-10.200812875226895,-8.946518898010254,6.868080774943034,1.0037555265108344,29.82427799419852,,,0.0,-1,-1,0,80,delayed
23,1428,9,-13.847834941880121,-3.965966330634223,-6.072744687398274,2.6221622231452613,77.91149639874561,,,0.0,-1,-1,0,80,delayed
23,1558,8,-21.622218332174864,-27.348772764205933,-1.305952548980713,1.190741157355677,35.38012430133911,,,0.0,-1,-1,0,80,delayed
23,1738,7,-12.151384082104604,-12.41124016898019,16.73645796094622,1.931806989165052,57.3991845168409,,,0.0,-1,-1,0,80,delayed
23,1890,6,-31.889845069692516,-24.114493052164715,-17.711435953776043,0.8191093486600274,24.337943131434265,,,0.0,-1,-1,0,80,delayed
23,2088,6,-23.060590988309997,-33.86005560557047,-7.864261468251546,0.8238646433090666,24.479235732881016,,,0.0,-1,-1,0,80,delayed
23,2176,6,-52.87735521600854,-13.1541996995608,-55.670000076293945,1.2388865350996778,36.810653042699194,,,0.0,-1,-1,0,80,delayed
23,2378,14,-22.532986555421026,13.569227627345494,10.170575414385114,3.709132053532689,110.20829530701198,,,0.0,-1,-1,0,80,delayed
23,2740,7,-28.699271233119926,-21.43759741101946,-12.547913687569755,0.8280078369640935,24.602341166512705,,,0.0,-1,-1,0,80,delayed
23,2944,7,-46.80259796440181,-0.6175930840628487,32.67780276707241,1.928148024377291,57.29046682600984,,,0.0,-1,-1,0,80,delayed
23,2974,7,-31.318239341565775,-37.74838311331613,8.71692957196917,1.2132138624766813,36.047848848909254,,,0.0,-1,-1,0,80,delayed
23,2990,17,-25.07158471359233,22.59709833650028,22.25509957706227,5.548749887589282,164.86829192661415,,,0.0,-1,-1,0,80,delayed
23,3172,6,-28.25351120851596,-18.479617913564045,-9.905749003092447,0.8227629992730784,24.4465029238332,,,0.0,-1,-1,0,80,delayed
23,3440,9,-6.276175610414023,5.059070693122016,7.615406142340766,2.2353898894934536,66.41944948629268,,,0.0,-1,-1,0,80,delayed
23,3892,11,-38.03587219109885,-11.528398687189275,-22.618953531438653,1.244904861043983,36.98947370299145,,,0.0,-1,-1,0,80,delayed
23,4022,9,-25.818152044961803,17.08013781408469,-11.945696089002821,3.3283855899864605,98.89529321218554,,,0.0,-1,-1,0,80,delayed
23,4044,12,-22.28839704567764,14.74074113368988,17.204211473464966,3.7566689569575438,111.6207446388274,,,0.0,-1,-1,0,80,delayed
23,4102,7,-41.53549649398552,-37.08724158150809,-34.85521561758859,0.3150871308884407,9.362086619514963,,,0.0,-1,-1,0,80,delayed
23,4104,7,-29.424961205646298,-24.101956503731863,-32.07478652681623,1.7210310788159908,51.13646498135567,,,0.0,-1,-1,0,80,delayed
23,4262,6,-2.8425572733039477,11.750100453694662,-33.41833337148031,2.8868483219282774,85.7760327154175,,,0.0,-1,-1,0,80,delayed
23,4278,6,0.27937918437700066,-15.648324231306711,13.779407739639282,1.3427448236120003,39.896562297276766,,,0.0,-1,-1,0,80,delayed
23,4358,6,20.780843178705283,-29.389105717341106,-14.97713565826416,0.7581984404412517,22.528116125140553,,,0.0,-1,-1,0,80,delayed
23,4432,6,-8.24249783045097,-27.393805821736652,-21.552765051523846,0.9954084090600923,29.576262671018668,,,0.0,-1,-1,0,80,delayed
23,4510,6,-17.026519091505786,-18.798311869303387,-14.23351764678955,0.806076172650465,23.950692397375853,,,0.0,-1,-1,0,80,delayed
23,4584,7,-20.56662768809567,2.5930990491594588,-13.022984640938896,1.1533964817896345,34.2705134884787,,,0.0,-1,-1,0,80,delayed
23,4800,7,-7.636895924703893,7.28442873273577,3.091292040688651,0.9047421309990491,26.882323549217308,,,0.0,-1,-1,0,80,delayed
23,4842,6,-28.040252319302766,-29.472242911656696,-20.823002497355144,1.2847417312004759,38.17313432411502,,,0.0,-1,-1,0,80,delayed
23,5816,7,-10.977637222232485,-16.51664992741176,27.475772040230886,1.6079662348046186,47.777004186267874,,,0.0,-1,-1,0,80,delayed
23,5910,9,19.155122401044835,-34.55132950676812,-36.792609744601776,2.2530495589600377,66.94416579175392,,,0.0,-1,-1,0,80,delayed
23,5914,14,-20.496472112455386,-13.982935769217354,-8.832370485578265,4.152900572884878,123.39385228445663,,,0.0,-1,-1,0,80,delayed
23,5990,9,9.809657104248847,41.58106676737467,9.532747056749132,3.191798522067765,94.83692384192665,,,0.0,-1,-1,0,80,delayed
23,6466,6,-30.055240317472663,-0.3186947504679362,-5.704156875610352,2.9136497244778004,86.57237451295653,,,0.0,-1,-1,0,80,delayed
24,442,7,-44.123585745130825,-12.815050942557198,-34.32867785862514,1.0365385733277266,30.798350540690517,,,0.0,-1,-1,0,80,delayed
24,808,7,-10.905467903294051,-11.306699752807617,-9.054700034005302,2.186392768147121,64.96361315029944,,,0.0,-1,-1,0,80,delayed
24,1014,7,-10.949889110662756,-17.066940307617188,2.1688622065952847,2.7631007166322745,82.09915833317268,,,0.0,-1,-1,0,80,delayed
24,1140,6,-21.856186408281797,35.25030072530111,-18.867799679438274,1.6591130986888665,49.29671515843832,,,0.0,-1,-1,0,80,delayed
24,1306,6,6.557368606708876,-4.212299346923828,-7.693367004394531,1.2354612491397774,36.7088785787191,,,0.0,-1,-1,0,80,delayed
24,1330,6,8.083371067974541,-7.3114808400472,0.7713314692179362,1.0587041767647163,31.456950270758163,,,0.0,-1,-1,0,80,delayed
24,1448,9,-7.265129207130611,15.183371437920464,4.421192381117079,2.92362556675056,86.86878363381419,,,0.0,-1,-1,0,80,delayed
24,1654,6,5.725071047590727,-15.089455008506775,13.388284683227539,1.967293758491607,58.45359193533867,,,0.0,-1,-1,0,80,delayed
24,1748,6,-29.056660399607654,-22.761199951171875,8.866528828938803,0.9717588711605498,28.873571254512,,,0.0,-1,-1,0,80,delayed
24,1978,9,-22.092594968208726,-21.049182679918076,-3.864845222897,1.6753928900210862,49.78043157100684,,,0.0,-1,-1,0,80,delayed
24,2038,6,-43.14431658314123,-16.484317938486736,-30.95654018719991,0.6589519356052875,19.579235374795395,,,0.0,-1,-1,0,80,delayed
24,2076,6,-17.852623287280775,-26.30839951833089,-18.638333797454834,2.2915432999623584,68.08791843108496,,,0.0,-1,-1,0,80,delayed
24,2150,6,-12.151544215851333,17.33416811625163,-27.48323980967204,2.4051049577690193,71.46214090105343,,,0.0,-1,-1,0,80,delayed
24,2334,8,-43.62415807455357,19.81097412109375,12.618476390838623,1.5330130926887602,45.54994462050627,,,0.0,-1,-1,0,80,delayed
24,2656,9,0.7767824423784097,0.9329876369900174,21.193551805284287,2.0351247952815372,60.4690345848948,,,0.0,-1,-1,0,80,delayed
24,2858,6,-20.025189003818923,5.288468996683757,-0.9191310405731183,1.3464001694194596,40.005172458463676,,,0.0,-1,-1,0,80,delayed
24,3046,6,-23.892016692358823,20.95526949564616,-0.8452310562133789,1.824008302698775,54.19619543467319,,,0.0,-1,-1,0,80,delayed
24,3058,7,8.466709594059017,7.636773790631976,0.031040736607143366,1.3051024997709813,38.77810755313737,,,0.0,-1,-1,0,80,delayed
24,3348,6,-26.067243163033897,-36.81605497996012,-13.342098871866861,0.5635318766745101,16.744048630004304,,,0.0,-1,-1,0,80,delayed
24,3496,6,-11.617205931139678,-32.58989906311035,-21.29096794128418,1.0164396967469929,30.201158827486626,,,0.0,-1,-1,0,80,delayed
24,3640,7,-26.052226796859703,4.319192068917411,-1.9246703556605749,0.9153750317386896,27.19825564539823,,,0.0,-1,-1,0,80,delayed
24,3726,7,-30.346683973854738,-17.542011942182267,-2.138452938624791,0.8378704772857852,24.895386752755616,,,0.0,-1,-1,0,80,delayed
24,3836,7,-30.26264167830597,43.56800896780832,5.6435409273420065,2.196805056999184,65.27299027359089,,,0.0,-1,-1,0,80,delayed
24,4188,10,-43.52705167288883,-5.262603163719177,-22.50998191833496,2.2562760215388176,67.04003267800849,,,0.0,-1,-1,0,80,delayed
24,4492,10,-22.965037064411952,33.81756362915039,7.1231184005737305,2.447888342897684,72.73335041164574,,,0.0,-1,-1,0,80,delayed
24,4606,9,-11.026242957362479,16.504333919949,4.393480088975695,1.87793219678353,55.79841944762969,,,0.0,-1,-1,0,80,delayed
24,4628,6,-6.002142847161117,17.990031878153484,3.6519597371419272,1.0833351804284168,32.18880367643343,,,0.0,-1,-1,0,80,delayed
24,4718,7,-12.714703743664758,-20.0361373765128,-10.10255595615932,1.0820255294781844,32.14989042217632,,,0.0,-1,-1,0,80,delayed
24,4818,6,11.931693405035688,-10.4522311364611,-3.562527338663737,2.7676307513173897,82.23375785487283,,,0.0,-1,-1,0,80,delayed
24,4966,12,-44.67115353020085,-16.962358395258587,-26.899703860282898,2.1382958655603344,63.534524736316264,,,0.0,-1,-1,0,80,delayed
24,5006,6,18.580399507469295,15.505144119262695,-29.821797370910645,1.7442929535738714,51.82763788264654,,,0.0,-1,-1,0,80,delayed
24,5014,7,-49.77046623915085,-31.703098842075892,-45.37678691319057,0.4513593689966523,13.411101548836047,,,0.0,-1,-1,0,80,delayed
24,5226,9,11.969342521211908,-24.05137104458279,22.038223054673935,2.482576850608028,73.76403932924846,,,0.0,-1,-1,0,80,delayed
24,5482,7,-18.287514627076064,-9.628113610403878,3.3988280977521623,0.9254147560520798,27.496562873602002,,,0.0,-1,-1,0,80,delayed
24,5626,6,-31.158137682038472,-31.333598772684734,-41.6290012995402,0.4572065447753981,13.584836877111103,,,0.0,-1,-1,0,80,delayed
24,6000,8,-11.849843630178144,-5.840409278869629,6.518262028694153,3.168995638322961,94.15938879886846,,,0.0,-1,-1,0,80,delayed
24,6022,6,-7.698433573189905,-22.022198994954426,-20.330267429351807,0.7428526332601961,22.0721508952363,,,0.0,-1,-1,0,80,delayed
24,6160,6,-31.098729235956828,25.204519271850586,-20.685911178588867,1.5432132976813924,45.85302016157507,,,0.0,-1,-1,0,80,delayed
24,6716,11,-16.73252974628195,-30.667659412730824,-25.191979321566496,1.7263126131173296,51.2933935790856,,,0.0,-1,-1,0,80,delayed
24,6798,6,-30.406016116358348,22.183856964111328,19.14324696858724,1.2995567783915902,38.613329246339624,,,0.0,-1,-1,0,80,delayed
25,156,10,5.345206888338572,8.513279819488526,25.192674732208253,2.6437913069595678,78.55415468694457,,,0.0,-1,-1,0,80,delayed
25,196,9,2.2413596911122626,-0.8159787919786241,-13.220470799340141,3.4195112823219453,101.60288276845384,,,0.0,-1,-1,0,80,delayed
25,398,10,-31.510057840029305,-12.373630237579345,-22.037987422943115,0.88284734924977,26.231770660325438,,,0.0,-1,-1,0,80,delayed
25,420,6,-42.65918747515179,-8.59549331665039,-30.984252611796062,0.753978290914386,22.40272412545329,,,0.0,-1,-1,0,80,delayed
25,498,8,26.77428990841379,-3.93517529964447,-10.098999857902527,2.8951810436784386,86.02362030359149,,,0.0,-1,-1,0,80,delayed
25,566,9,-26.379345438173104,5.985900243123372,-8.132569975323147,2.2227887780428817,66.04503655305174,,,0.0,-1,-1,0,80,delayed
25,796,7,-23.817534943208805,31.703099931989396,-32.96158627101353,2.070427275908556,61.51796629017257,,,0.0,-1,-1,0,80,delayed
25,1070,8,-12.692361178818784,-5.778055548667908,-22.92988872528076,1.5266956098061284,45.36223520248677,,,0.0,-1,-1,0,80,delayed
25,1334,8,-8.957705126183992,34.131407499313354,15.47065794467926,2.294885662504254,68.18722901715307,,,0.0,-1,-1,0,80,delayed
25,1538,12,-34.08675613172227,-24.647958715756733,-0.6542890866597494,2.9346465109512065,87.19624554552207,,,0.0,-1,-1,0,80,delayed
25,1718,6,-11.164479169603341,12.41520063082377,5.3208004633585615,1.7244472118495764,51.23796748726263,,,0.0,-1,-1,0,80,delayed
25,1728,8,-9.413736839204203,-6.276880443096161,-8.868000388145447,1.2101746623180836,35.957546033117936,,,0.0,-1,-1,0,80,delayed
25,1794,6,-49.693304369180055,-21.417142232259113,-34.18042850494385,0.5692319969629259,16.913414543906704,,,0.0,-1,-1,0,80,delayed
25,1884,6,8.227803718958027,-25.791100184122723,-14.270466645558676,1.4876582196965638,44.2023292851139,,,0.0,-1,-1,0,80,delayed
25,1910,7,7.140462313178115,16.07324981689453,21.553214073181152,2.356645502810679,70.02228008041237,,,0.0,-1,-1,0,80,delayed
25,2152,9,-11.496890758265229,10.071954727172852,-26.392165925767685,1.774420398487799,52.722805349859684,,,0.0,-1,-1,0,80,delayed
25,2732,8,-13.146008461932054,6.536686420440674,5.350872755050659,1.358187215151388,40.35539730839439,,,0.0,-1,-1,0,80,delayed
25,2914,7,-19.15817434172136,10.772245134626116,-7.1571134839739114,1.912692771885955,56.831249681398525,,,0.0,-1,-1,0,80,delayed
25,2916,11,-8.21501290417276,10.89605181867426,10.333039197054775,2.227081888328348,66.17259641322862,,,0.0,-1,-1,0,80,delayed
25,2920,6,15.190125440218331,-26.677899678548176,6.444832960764566,2.2854465158269024,67.90676656678734,,,0.0,-1,-1,0,80,delayed
25,3006,7,-35.45835986749666,-26.71088981628418,-21.384241921561106,1.2767007677360902,37.93421565978978,,,0.0,-1,-1,0,80,delayed
25,3174,6,-22.93287478973765,-20.48877461751302,-0.8498512903849283,0.6853937178970954,20.364891886669593,,,0.0,-1,-1,0,80,delayed
25,3238,11,-35.34029457982422,-23.409504196860574,-13.555248260498047,1.1338563236810124,33.68992280470144,,,0.0,-1,-1,0,80,delayed
25,3484,9,-22.231801125547836,7.710233900282118,-10.161878373887804,2.454264991405298,72.92281779960967,,,0.0,-1,-1,0,80,delayed
25,3768,6,-28.213998454721388,31.06109364827474,23.021526336669922,2.2648559261933685,67.29496473548919,,,0.0,-1,-1,0,80,delayed
25,3790,6,-3.925484207031939,7.985818703969319,15.337397893269857,1.5196420146627372,45.152653908178685,,,0.0,-1,-1,0,80,delayed
25,4014,6,-40.16832304473181,-26.654805660247803,-17.692960659662884,1.922571393488806,57.12477011451341,,,0.0,-1,-1,0,80,delayed
25,4030,6,-40.336349113617295,-2.0461060206095376,18.088701883951824,1.2704808205750557,37.749404290546565,,,0.0,-1,-1,0,80,delayed
25,4042,7,2.0079189805433875,32.114828722817556,24.9829067502703,1.755417004525544,52.158163373407795,,,0.0,-1,-1,0,80,delayed
25,4076,9,1.6699187642130937,25.69256655375163,-4.830722596910265,2.7000972851401004,80.22715682903875,,,0.0,-1,-1,0,80,delayed
25,4242,8,-26.245819996307702,-7.932703256607056,-6.774603307247162,1.9025374391348935,56.52950741538672,,,0.0,-1,-1,0,80,delayed
25,4266,10,-22.885809509833656,-11.56719741821289,1.7394625663757324,3.4012407347764824,101.06001563127725,,,0.0,-1,-1,0,80,delayed
25,4362,9,-53.21525592842155,-29.128915786743164,-24.578537146250408,0.6848410207899822,20.348469768201735,,,0.0,-1,-1,0,80,delayed
25,4364,7,-32.468432433061984,-32.98579256875174,-11.744250229426793,1.3977890542788296,41.53207452513058,,,0.0,-1,-1,0,80,delayed
25,5332,6,-38.44010326905994,40.86669969558716,-50.94040044148763,1.657135711348741,49.23796165902884,,,0.0,-1,-1,0,80,delayed
25,5396,8,4.1434480824923625,-6.186814904212952,5.5760369300842285,1.6660907757502774,49.504040722220424,,,0.0,-1,-1,0,80,delayed
25,5518,6,-25.426399974294544,15.112550735473633,-4.500134309132894,1.2019236104284878,35.712385076290836,,,0.0,-1,-1,0,80,delayed
25,5884,6,-16.825692117907895,-3.96750537554423,11.097384770711264,1.3074694227415071,38.84843520444227,,,0.0,-1,-1,0,80,delayed
25,6152,9,0.3410000006357837,-0.23401651117536756,26.024763743082683,2.94125619542794,87.39263705927374,,,0.0,-1,-1,0,80,delayed
25,6454,7,-50.21519228775097,-22.83905805860247,-9.611649649483818,1.616786413037429,48.03907541838166,,,0.0,-1,-1,0,80,delayed
26,208,6,18.109446025233783,8.235231399536133,-11.07114378611247,1.534015183988223,45.5797194498361,,,0.0,-1,-1,0,80,delayed
26,516,6,34.42999341538545,10.19819966952006,-42.81140009562174,2.458526984404325,73.04945308146377,,,0.0,-1,-1,0,80,delayed
26,584,6,-4.626532958371509,40.94060071309408,-12.561529795328775,2.095325062265779,62.25774652763658,,,0.0,-1,-1,0,80,delayed
26,1034,7,21.591726848787722,3.578871045793806,9.424318381718228,2.015712035685138,59.89222925376987,,,0.0,-1,-1,0,80,delayed
26,1164,6,-9.026149887514888,-18.44728648662567,11.525458017985025,0.5662658937051543,16.825283633756918,,,0.0,-1,-1,0,80,delayed
26,1254,22,22.80699873338455,-25.35441780090332,1.7778362794355913,7.275253350872654,216.16735617774788,,,0.0,-1,-1,0,80,delayed
26,1278,6,-43.036616004335684,-27.306049346923828,37.44588375091553,1.1251859582497097,33.43230291409586,,,0.0,-1,-1,0,80,delayed
26,1330,12,-35.25474463962748,-21.39173984527588,-18.447391748428345,1.682631210801605,49.995501561126666,,,0.0,-1,-1,0,80,delayed
26,1344,10,-20.371229671972912,-45.2267988204956,-25.47446060180664,2.7047375952181,80.36503292943404,,,0.0,-1,-1,0,80,delayed
26,1406,7,-47.6548124148077,-9.948787689208984,42.11858694893973,1.9721246932881757,58.59713200913088,,,0.0,-1,-1,0,80,delayed
26,1450,8,-18.00053179028506,-37.844882130622864,-1.292095541954044,2.944079277258489,87.47651841792225,,,0.0,-1,-1,0,80,delayed
26,1594,8,3.0771621593523903,2.968702793121338,-3.7041866779327393,2.7196503315689458,80.8081304594948,,,0.0,-1,-1,0,80,delayed
26,1754,6,-15.292977807560069,-4.521755536397298,4.446384747823079,1.54360928970416,45.86478615026313,,,0.0,-1,-1,0,80,delayed
26,1950,9,-19.148558467692094,21.006075117323135,5.759649064805773,1.7259479651910463,51.28255890785716,,,0.0,-1,-1,0,80,delayed
26,2050,8,3.1099540733821422,-1.8671295642852783,41.62322640419006,1.873071322574937,55.65398979333344,,,0.0,-1,-1,0,80,delayed
26,2176,7,-32.881229432019026,-17.20946148463658,-27.029673712594168,0.64671664242047,19.21569188671819,,,0.0,-1,-1,0,80,delayed
26,2422,9,-26.45379672830647,-1.671987109714085,-4.582291073269315,1.6253912566672883,48.294748479934405,,,0.0,-1,-1,0,80,delayed
26,2496,9,1.449647557687373,5.791913138495551,-19.070888307359482,2.250421199950601,66.86607017215769,,,0.0,-1,-1,0,80,delayed
26,2962,14,-3.8979789883482567,18.11605712345668,-27.00735773359026,5.651674744189777,167.92646640704433,,,0.0,-1,-1,0,80,delayed
26,3026,6,-9.656230132226826,-10.600030740102133,-2.748156706492106,0.6739761388652072,20.025644886703923,,,0.0,-1,-1,0,80,delayed
26,3038,10,-13.167441002963349,-4.705582046508789,13.860027313232422,1.9889077924152663,59.09580305078432,,,0.0,-1,-1,0,80,delayed
26,3188,7,-8.338143296158934,-15.610055071966988,-4.1020806176321845,0.7111849064918307,21.13121750892946,,,0.0,-1,-1,0,80,delayed
26,3212,7,-33.85427940842032,-31.76644175393241,-26.810672760009766,0.9095623802177903,27.025546125735303,,,0.0,-1,-1,0,80,delayed
26,3296,6,-30.30582450315353,-6.808037122090657,0.5265371004740397,2.203995482152127,65.48663715571894,,,0.0,-1,-1,0,80,delayed
26,3544,9,-11.544784332729856,-10.401424460940891,2.6937804751925998,1.497917797973658,44.50716896624914,,,0.0,-1,-1,0,80,delayed
26,3562,11,-38.762225362984594,18.345675121654164,10.29948616027832,2.5177150516068045,74.80808984466269,,,0.0,-1,-1,0,80,delayed
26,3708,6,-36.72038424153784,-4.00445556640625,-8.595494826634726,0.9603829950639473,28.535563360984387,,,0.0,-1,-1,0,80,delayed
26,3844,9,-38.77387507257749,-28.257511138916016,-29.316394382052952,0.7575031791069046,22.50745803981347,,,0.0,-1,-1,0,80,delayed
26,4058,6,-17.718713725365266,-14.04099973042806,-42.885299841562905,1.842572553194992,54.74778927692851,0.5937352776527405,52.3178596496582,52.3178596496582,6,2,1,80,delayed
26,4158,7,-24.572087281262373,12.169746398925781,-3.913489750453404,2.0111057184070136,59.75536317094009,,,0.0,-1,-1,0,80,delayed
26,4178,9,11.149880072739869,30.348267449273003,20.36623525619507,3.5075842177499243,104.21976670143687,,,0.0,-1,-1,0,80,delayed
26,4196,7,-13.89682588480406,-36.30733299255371,14.630308423723493,0.731477985417738,21.73417949644479,,,0.0,-1,-1,0,80,delayed
26,4264,6,-37.36603045281203,19.010774930318195,33.88797537485758,2.295152988556399,68.19517199358876,,,0.0,-1,-1,0,80,delayed
26,4438,6,-13.92054715864638,3.5472005208333335,-13.53146743774414,0.948121341994147,28.171236649784753,,,0.0,-1,-1,0,80,delayed
26,4604,11,-4.506954599248782,-12.11792009527033,27.01264290376143,3.0118050742875626,89.48883411096263,,,0.0,-1,-1,0,80,delayed
26,4640,6,-18.515151067374806,-29.633899052937824,-0.332550843556722,0.7517518833700896,22.33657156561604,,,0.0,-1,-1,0,80,delayed
26,4666,11,-11.455335885635428,-7.565512462095781,0.4782689701427113,3.0442321425582892,90.45232957684043,,,0.0,-1,-1,0,80,delayed
26,4848,6,22.296954551012856,-45.74409929911295,26.759566624959316,1.2461311079135058,37.025908797554045,,,0.0,-1,-1,0,80,delayed
26,4854,8,4.414490031851068,-30.68120139837265,12.20278787612915,2.758078207638927,81.94992607443072,,,0.0,-1,-1,0,80,delayed
26,5608,12,8.308182198080116,8.752531290054321,-16.69142707188924,3.3889574337191255,100.6950457001084,,,0.0,-1,-1,0,80,delayed
26,5902,7,-33.08495426623806,-14.121497290475025,-17.512409482683456,0.8241149450576366,24.486672871441776,,,0.0,-1,-1,0,80,delayed
26,6002,8,-8.91011047041383,24.196476383134723,27.276182889938354,2.568070148231446,76.30427528075037,,,0.0,-1,-1,0,80,delayed
26,6076,9,18.11769399315074,-21.80049991607666,8.68387762705485,3.0710422504221517,91.24893003269622,0.17332439124584198,253.09837341308594,253.09837341308594,4,7,1,80,delayed
26,6646,11,19.861551962797645,-13.274286963722922,-17.277083136818625,3.1777337052502834,94.41902028311868,,,0.0,-1,-1,0,80,delayed
26,6690,9,-15.61481126835108,28.27290810479058,21.733386039733887,2.8541306617967774,84.80390298331682,,,0.0,-1,-1,0,80,delayed
26,6706,7,-44.169984710905204,-22.443165642874582,-11.541084493909564,1.2327850217972633,36.62936066212415,,,0.0,-1,-1,0,80,delayed
26,6758,6,2.4634597725321608,14.331981658935547,0.29098065694173175,1.3357575986659695,39.688953040147396,,,0.0,-1,-1,0,80,delayed
27,195,10,-47.24809843070446,-13.055357742309571,-17.415542602539062,1.2444096598013725,36.974759941390516,,,0.0,-1,-1,0,80,delayed
27,239,15,-27.378885345465186,20.607015546162923,10.083443069458008,3.209124915389682,95.35173761621886,,,0.0,-1,-1,0,80,delayed
27,543,12,-13.777362326527012,-10.888702551523844,-24.77969773610433,2.545748897727876,75.64105085745808,,,0.0,-1,-1,0,80,delayed
27,801,9,-29.743119903957677,-3.316261715359158,-3.552868604660034,0.996346760115929,29.604143606172972,,,0.0,-1,-1,0,80,delayed
27,825,7,-7.427759698350968,43.528419971466064,-1.3058155604771204,2.0592543127001157,61.18598748463034,,,0.0,-1,-1,0,80,delayed
27,997,20,5.339502505032757,0.5764201641082762,33.53501973152161,6.972324107933334,207.166513128445,,,0.0,-1,-1,0,80,delayed
27,1193,6,10.753851177447757,0.9145126342773438,-9.01433022816976,1.4290289512823013,42.460295937749244,,,0.0,-1,-1,0,80,delayed
27,1261,8,-28.29130863076461,4.298901796340942,23.792438507080078,2.0489336866476675,60.87933390979789,,,0.0,-1,-1,0,80,delayed
27,1275,10,-6.759591831039444,-12.916795539855958,-8.133619403839111,1.4060611565522294,41.777860945511165,,,0.0,-1,-1,0,80,delayed
27,1315,23,-14.960307930617523,24.947273741597716,16.102083061052404,8.256334411476429,245.31791476844498,,,0.0,-1,-1,0,80,delayed
27,1351,9,-27.78210412921825,-12.877074824439156,8.223963578542074,1.981396923402569,58.872634919206135,,,0.0,-1,-1,0,80,delayed
27,1365,6,-14.112121456504894,-10.535368283589682,-21.42344029744466,1.2903493507344341,38.33975179166493,,,0.0,-1,-1,0,80,delayed
27,1481,7,-30.480050390943468,3.7768181392124722,12.854009355817523,1.6195127139152956,48.12008115446957,,,0.0,-1,-1,0,80,delayed
27,1595,11,-42.74664093847817,-36.36383750221946,-9.969343792308461,1.5967203633042946,47.44285907916338,,,0.0,-1,-1,0,80,delayed
27,1663,14,-6.9313774843164975,4.699248177664621,18.394619260515487,3.0185340379035694,89.68876972894545,,,0.0,-1,-1,0,80,delayed
27,1949,8,-33.06630825370437,29.78400981426239,8.609452724456787,3.3976158104319207,100.95230937362311,,,0.0,-1,-1,0,80,delayed
27,2211,11,-40.14530909219882,0.8666465065696023,-46.701228055087,2.352047337543187,69.88565621575717,,,0.0,-1,-1,0,80,delayed
27,2359,6,-35.05614249263186,-12.844743092854818,-28.000540653864544,2.029353837677001,60.29756390369343,,,0.0,-1,-1,0,80,delayed
27,2417,10,0.2727542394928101,-4.13193359375,-14.572239303588868,1.6312710469200427,48.46945287200416,,,0.0,-1,-1,0,80,delayed
27,2631,9,-27.970130754894207,-36.432699839274086,6.349869198269314,2.7028355901307535,80.30851923962295,,,0.0,-1,-1,0,80,delayed
27,2845,7,-15.30814032532904,-15.732781682695661,25.6955144064767,1.7932869944831253,53.283382690564125,,,0.0,-1,-1,0,80,delayed
27,2873,6,-32.04809997709963,14.322744687398275,-24.989115715026855,1.2462568296220164,37.02964432785549,,,0.0,-1,-1,0,80,delayed
27,3091,9,13.88598226771662,-3.0175827344258632,-17.835161844889324,2.373395745929188,70.51997488162895,,,0.0,-1,-1,0,80,delayed
27,3093,6,-7.733421935229202,-8.664774735768637,-14.955512364705404,1.1547815696096377,34.311668175152,,,0.0,-1,-1,0,80,delayed
27,3111,7,-8.168628157986069,26.873207909720286,14.308375222342354,1.2793681746041943,38.01347149635241,,,0.0,-1,-1,0,80,delayed
27,3135,16,-16.74653018699309,30.116559505462646,-2.8809971809387207,4.59979346557286,136.6722428020047,,,0.0,-1,-1,0,80,delayed
27,3453,6,-9.905469166028348,-6.239930470784505,-12.04108222325643,1.6050585371335775,47.690608663280656,,,0.0,-1,-1,0,80,delayed
27,3487,6,-38.869875025913,-27.851062138875324,18.148745536804203,1.7058650657400265,50.68584191817462,,,0.0,-1,-1,0,80,delayed
27,3529,6,-31.271678254856877,-12.863217433293661,-19.900723457336426,0.5699400828194668,16.934453680301445,,,0.0,-1,-1,0,80,delayed
27,3545,6,3.2536290126477936,-20.24859917163849,11.905665397644041,1.146336883808042,34.060753833692864,,,0.0,-1,-1,0,80,delayed
27,3655,6,-7.200354063846148,-40.644999186197914,-10.501567204793295,0.7869258333927243,23.381684280736692,,,0.0,-1,-1,0,80,delayed
27,4065,11,-43.67687192445369,-17.14395956559615,-35.44823594526811,1.9837631644586418,58.942942308997466,,,0.0,-1,-1,0,80,delayed
27,4075,6,11.705529303397169,11.108094056447348,16.90000605583191,1.5808520220132727,46.971367954610976,,,0.0,-1,-1,0,80,delayed
27,4077,6,7.025262776548177,29.95259376366933,-25.552602132161457,2.2699049664689133,67.4449853100261,,,0.0,-1,-1,0,80,delayed
27,4117,7,-31.619284666772018,-13.183231830596924,-23.058868680681503,1.375396420820397,40.86672912214388,,,0.0,-1,-1,0,80,delayed
27,4131,10,0.4028291385444689,3.394781398773193,-25.42445421218872,2.400155238263938,71.31507141389854,,,0.0,-1,-1,0,80,delayed
27,4155,13,-27.66483424962286,32.80733761420617,43.273210525512695,4.913432595180194,145.99130540660457,,,0.0,-1,-1,0,80,delayed
27,4219,6,-14.22034052104946,-5.015961329142253,16.21034113566081,1.6260747737113175,48.315057610789964,,,0.0,-1,-1,0,80,delayed
27,4315,15,-36.13679819269642,16.261695130666098,-4.534730466206868,3.136255817025975,93.18660059890118,,,0.0,-1,-1,0,80,delayed
27,4319,10,-23.844159269037373,28.219638800621034,24.292018318176268,1.8535863743741348,55.075039544498104,,,0.0,-1,-1,0,80,delayed
27,4451,6,2.317990150070671,16.022444089253742,-3.7180938720703125,1.914533042331645,56.88592906886606,,,0.0,-1,-1,0,80,delayed
27,4601,10,4.942066658350702,-26.856182861328126,25.262838554382324,2.307288668278707,68.55575569761557,,,0.0,-1,-1,0,80,delayed
27,4731,11,-32.78016532662408,-4.879918358542702,-33.56962689486417,1.424612139673223,42.32906057834351,,,0.0,-1,-1,0,80,delayed
27,4779,14,1.630713575691756,36.21231991904123,-29.20645386832101,4.607626659743288,136.9049880814588,,,0.0,-1,-1,0,80,delayed
27,5047,6,-15.29349629329907,-31.389023939768474,0.2771240870157878,0.6808477680659893,20.229819483151307,,,0.0,-1,-1,0,80,delayed
27,5349,7,-6.708672838651329,1.417296358517238,-15.498575619288854,2.353454993418226,69.92748146008057,,,0.0,-1,-1,0,80,delayed
27,5389,7,-8.04142043737636,-13.495987892150879,22.659016472952707,1.6898563795859654,50.210180770045994,0.665582537651062,64.87809753417969,64.87809753417969,6,12,1,80,delayed
27,5829,9,-36.11971499495908,-10.66623263888889,-34.15474478403727,1.6068323368738482,47.743313027204564,,,0.0,-1,-1,0,80,delayed
27,5905,8,-19.951541058416694,5.448970794677734,-8.490417927503586,1.4811251853095617,44.0082152518085,,,0.0,-1,-1,0,80,delayed
27,6217,18,-11.151007783441457,15.763794051276314,5.903811454772949,5.201948850585698,154.56389980812196,,,0.0,-1,-1,0,80,delayed
28,162,8,3.933614775515144,4.770014315843582,-2.3648517727851868,1.5424775013907115,45.831157673607855,,,0.0,-1,-1,0,80,delayed
28,480,8,-30.847927086508633,5.6152454912662515,-50.145923376083374,2.3472866825481384,69.74420434400474,,,0.0,-1,-1,0,80,delayed
28,488,7,-26.7429210356271,-6.85686411176409,-7.954118183680943,1.3174160133393502,39.14397517931615,,,0.0,-1,-1,0,80,delayed
28,552,11,-24.540350894051645,3.522007031874223,-15.258307500319047,2.225439455019116,66.12379529950351,,,0.0,-1,-1,0,80,delayed
28,556,10,-20.76436329600618,1.8179402589797973,-11.909067821502685,2.2940434838274473,68.16220562219834,,,0.0,-1,-1,0,80,delayed
28,646,6,-44.06406565944756,3.7088566621144614,19.89925193786621,1.5256435196270304,45.33097477188624,,,0.0,-1,-1,0,80,delayed
28,830,14,-38.020968989351694,28.379579544067383,20.39189910888672,3.0896755866688816,91.8025765985225,,,0.0,-1,-1,0,80,delayed
28,872,11,11.59223556414824,24.444944208318535,-14.589885364879262,3.861052159930581,114.72225051467986,,,0.0,-1,-1,0,80,delayed
28,1038,6,-29.326666980765566,-11.052667935689291,8.972759882609049,0.716473252183758,21.288348491404555,,,0.0,-1,-1,0,80,delayed
28,1368,9,-26.512914556031674,15.774571312798393,4.826661427815755,1.4444905893522904,42.91970281508718,,,0.0,-1,-1,0,80,delayed
28,1424,7,-25.655800005704233,-30.891518456595286,-28.082749230521067,0.6572003112423103,19.52718990100912,,,0.0,-1,-1,0,80,delayed
28,1744,6,10.946815816114594,39.07462374369303,-5.75496260325114,1.5204350178422914,45.1762161667692,,,0.0,-1,-1,0,80,delayed
28,1878,9,-24.593012542598437,-12.25200366973877,-8.711590449015299,2.0478443068504073,60.846965504288164,,,0.0,-1,-1,0,80,delayed
28,2028,8,-14.70922411183928,19.488815307617188,9.026243448257446,1.7378377067803645,51.635835128085446,,,0.0,-1,-1,0,80,delayed
28,2030,9,-34.288189254883285,-14.696862326727974,4.363806512620714,3.145327354580885,93.4561403929314,,,0.0,-1,-1,0,80,delayed
28,2096,7,19.929135620944187,-36.20044306346348,-31.308014188494003,2.296942159685029,68.24833308282821,,,0.0,-1,-1,0,80,delayed
28,2120,6,-16.108558914267075,7.214487075805664,-10.908016840616861,1.5310089986104856,45.49039759203335,,,0.0,-1,-1,0,80,delayed
28,2418,7,-7.916565332954692,46.802453586033415,37.49851744515555,1.8558741053999208,55.143014190003846,,,0.0,-1,-1,0,80,delayed
28,2534,6,-15.75594902738481,2.7989632288614907,1.6627492904663093,1.2784158566793962,37.98517556793369,,,0.0,-1,-1,0,80,delayed
28,2704,7,-50.735179667652666,-33.03329849243164,-44.80670166015625,0.2964550888824602,8.808478509064427,,,0.0,-1,-1,0,80,delayed
28,2870,6,-6.740562083897331,1.9860633214314778,14.4921662012736,1.4057303042340696,41.76803043275062,,,0.0,-1,-1,0,80,delayed
28,2926,9,-5.809045355741188,-5.9397125244140625,4.538201279110378,1.804053522136739,53.60328520197526,,,0.0,-1,-1,0,80,delayed
28,2948,7,-32.37908154036194,37.00806508745466,-2.039478574480328,1.33849560399062,39.77030654684821,,,0.0,-1,-1,0,80,delayed
28,3308,8,-40.73991188736041,-22.069542407989502,18.30426025390625,2.639489392408767,78.42633322835061,,,0.0,-1,-1,0,80,delayed
28,3584,7,9.804257311972695,18.880131312779017,-18.69217027936663,1.6153970597572922,47.99779399340858,,,0.0,-1,-1,0,80,delayed
28,3588,9,-11.944478689981306,5.262295987870958,20.019271320766872,2.129987082471647,63.28764843019828,,,0.0,-1,-1,0,80,delayed
28,3836,14,-37.146582668629165,-18.31598312514169,17.01160396848406,3.2587214000885507,96.82538265041943,,,0.0,-1,-1,0,80,delayed
28,4070,7,-16.213215325985725,-26.382299423217773,-30.47790036882673,1.3339867501127003,39.636336363931505,,,0.0,-1,-1,0,80,delayed
28,4078,6,-27.006016076557973,45.96580123901367,-40.151000340779625,1.8165197097867287,53.97368918599468,,,0.0,-1,-1,0,80,delayed
28,4082,14,-4.255805601333962,15.344807284218925,20.51327623639788,3.483418973752732,103.50175226890352,,,0.0,-1,-1,0,80,delayed
28,4092,9,-20.110027454867723,11.069604449801975,-4.099979506598579,1.9404458343232343,57.65586785530486,,,0.0,-1,-1,0,80,delayed
28,4162,6,6.158728782980336,27.57855733235677,15.023322264353434,1.3088987881432856,38.8909054972297,,,0.0,-1,-1,0,80,delayed
28,4248,9,16.356590285713864,-11.14350414276123,1.7844454447428386,1.904120780597603,56.57655275132399,,,0.0,-1,-1,0,80,delayed
28,4278,6,-4.613702484496918,-23.601812203725178,0.8882702191670736,2.4915344279864287,74.03019305974557,,,0.0,-1,-1,0,80,delayed
28,4352,6,17.687257972532212,26.41001319885254,36.53913688659668,1.250960310672223,37.16939740784045,,,0.0,-1,-1,0,80,delayed
28,4508,7,-11.716122240481894,24.25239631107875,7.762828350067139,1.729055116147347,51.37488072471705,,,0.0,-1,-1,0,80,delayed
28,4868,8,-25.241097688156742,16.298414528369904,10.110494613647461,1.8004606813952386,53.49653223451128,,,0.0,-1,-1,0,80,delayed
28,5178,6,24.342202627237953,5.796531995137532,29.81885592142741,1.289035310262942,38.30070811291813,,,0.0,-1,-1,0,80,delayed
28,5516,7,-28.338523418453644,14.885572160993304,-2.886690548488072,1.0086783257416227,29.970547607556483,,,0.0,-1,-1,0,80,delayed
28,5582,6,-41.187790437432916,-3.852036158243815,-18.963118235270183,0.7575751693756858,22.5095970644388,,,0.0,-1,-1,0,80,delayed
28,5664,8,-17.11155228709028,-1.5415070056915283,-5.109492540359497,0.8832556216317962,26.243901531535904,,,0.0,-1,-1,0,80,delayed
28,5838,6,-14.61222330676686,25.30613199869792,35.61223920186361,2.555627086834538,75.93455843994725,,,0.0,-1,-1,0,80,delayed
28,5856,6,-32.21000742119269,1.6488946278889973,-6.08289368947347,0.6422697090057564,19.083561527403376,,,0.0,-1,-1,0,80,delayed
28,6060,6,-28.778551628559267,-4.494043350219727,1.2409722805023193,0.9028475510971962,26.826030481649845,,,0.0,-1,-1,0,80,delayed
28,6310,8,-36.220310769868604,-21.418297588825226,-30.235596001148224,1.0783617901185467,32.04103086596551,,,0.0,-1,-1,0,80,delayed
28,6520,8,-21.44886915173832,-0.38451051712036133,-4.61066746711731,1.3964769810291013,41.493089297836576,,,0.0,-1,-1,0,80,delayed
28,6670,9,-34.862676568905286,-10.601569917466906,-19.834521717495388,1.5684647218265768,46.60330792942753,,,0.0,-1,-1,0,80,delayed
29,34,7,-39.241166212489496,-27.43933309827532,3.7286793845040456,0.5241336500230246,15.573421287889591,,,0.0,-1,-1,0,80,delayed
29,582,6,-3.4305839375641103,-22.39169915517171,-14.935566743214926,0.7848051255418281,23.318672343248824,,,0.0,-1,-1,0,80,delayed
29,590,11,-20.523854288489755,14.841304085471414,26.47522614218972,2.281036583607224,67.77573561255447,,,0.0,-1,-1,0,80,delayed
29,804,8,12.764945377427509,-10.340226650238037,16.620726108551025,3.96533392596708,117.82074242616116,,,0.0,-1,-1,0,80,delayed
29,974,7,-38.64853976905444,-35.25821740286691,34.95022855486189,2.8928096296684287,85.95315921141723,,,0.0,-1,-1,0,80,delayed
29,1222,11,2.0650344877951947,0.24185471101240744,8.490615931424228,2.9067674007047595,86.3678821519862,,,0.0,-1,-1,0,80,delayed
29,1328,6,50.57187172010392,13.31585661570231,31.065918763478596,2.27035617032792,67.45839179095462,,,0.0,-1,-1,0,80,delayed
29,1408,7,35.74834358205261,-15.170613970075335,7.857842309134346,2.9923455370723318,88.9106388908945,,,0.0,-1,-1,0,80,delayed
29,1484,8,-0.00029891869446529995,12.401344299316406,2.6049742698669434,1.916511933324068,56.94472724583191,,,0.0,-1,-1,0,80,delayed
29,1548,7,-9.3161989817141,-25.052098955426896,-22.1799864087786,1.0939594842801776,32.50448033593956,,,0.0,-1,-1,0,80,delayed
29,1628,6,-27.169667230789674,-5.9350935618082685,3.088472286860148,1.4790909949608206,43.9477739821451,,,0.0,-1,-1,0,80,delayed
29,1720,7,-24.71804865105933,-4.8100979668753485,-8.290627343314034,2.234614330880805,66.39640555273165,,,0.0,-1,-1,0,80,delayed
29,1968,6,-25.02156678722284,-20.105417887369793,4.834360122680665,1.2959382298804099,38.505812431853855,,,0.0,-1,-1,0,80,delayed
29,2184,9,9.03457068401152,38.96069547865126,-7.427440537346734,3.435864795961263,102.08878966916733,,,0.0,-1,-1,0,80,delayed
29,2404,6,-28.988232719637242,-10.188961744308472,-12.108892440795898,0.4652537245013797,13.82394024329751,,,0.0,-1,-1,0,80,delayed
29,2508,9,-13.453431966949873,-11.229720857408312,-0.6584518220689561,2.0480714593854192,60.85371481741507,,,0.0,-1,-1,0,80,delayed
29,2948,6,-5.866564313657718,-10.863299449284872,-29.50163459777832,1.4463062882653672,42.97365211619398,,,0.0,-1,-1,0,80,delayed
29,3024,7,7.265897865347379,-30.638147626604354,10.35466548374721,2.2571071210278824,67.06472688047913,,,0.0,-1,-1,0,80,delayed
29,3254,6,18.759587078641477,-5.694918314615886,-15.836222966512045,1.357262856616445,40.32793212869244,,,0.0,-1,-1,0,80,delayed
29,3308,10,-22.75299286237145,16.19795627593994,14.21663589477539,3.1313623006053515,93.04120105663894,,,0.0,-1,-1,0,80,delayed
29,3338,8,-31.921208570366193,35.70755624771118,0.7216277122497559,2.707531131808893,80.44803641949737,,,0.0,-1,-1,0,80,delayed
29,3340,10,-11.807024353212324,-12.054937553405761,21.862514114379884,2.8109587588001834,83.52114956129112,,,0.0,-1,-1,0,80,delayed
29,3556,7,-23.996275461976598,-2.2407527651105608,-4.301465170724051,1.488043083314647,44.213764618950094,,,0.0,-1,-1,0,80,delayed
29,3844,6,-34.70619335988651,-16.79839324951172,-6.775706609090169,1.580670307553044,46.9659687289686,,,0.0,-1,-1,0,80,delayed
29,3986,10,-30.726438806247124,9.23657684326172,8.863463020324707,1.467777080937103,43.611607148554896,,,0.0,-1,-1,0,80,delayed
29,4188,10,-37.60955254794186,-15.388750386238097,-23.01346673965454,1.5125199550138082,44.94103834915977,,,0.0,-1,-1,0,80,delayed
29,4242,6,0.6412417469986403,-31.25969918568929,-27.136834462483723,1.0738812089991385,31.907900742791686,,,0.0,-1,-1,0,80,delayed
29,4274,8,-22.9635034441822,3.2423627376556396,2.9630310237407684,2.071800852996645,61.5587789620231,,,0.0,-1,-1,0,80,delayed
29,4340,7,-36.21131480187736,12.296432358877999,9.399303231920515,2.0434443466523007,60.716230845652795,,,0.0,-1,-1,0,80,delayed
29,4398,7,-13.224376817261287,-26.702972957066127,-10.285926818847656,1.8026181335804732,53.5606359450585,,,0.0,-1,-1,0,80,delayed
29,4614,10,-5.9065630925274615,2.8183618068695067,-3.6663644790649412,2.161651109226854,64.22847187915673,,,0.0,-1,-1,0,80,delayed
29,5284,9,-23.59704355316987,-21.295515908135307,-11.389348242017958,1.5255438831008334,45.32801430255164,,,0.0,-1,-1,0,80,delayed
29,5410,9,9.930012252949867,2.734300242529975,-39.485900243123375,3.2664708080695846,97.05563841670168,0.8363980650901794,32.467681884765625,32.467681884765625,6,13,1,80,delayed
29,5828,7,-24.786126421786555,-25.305470875331334,-31.30135699680873,1.6209645048085017,48.16321776895869,,,0.0,-1,-1,0,80,delayed
29,6026,6,-30.73639337652516,-25.855762163798016,31.16585357983907,1.8702234983338584,55.569373271081474,,,0.0,-1,-1,0,80,delayed
29,6318,6,-28.387420770431465,-31.65229256947835,-18.376536369323727,0.6925868223473508,20.578618377931313,,,0.0,-1,-1,0,80,delayed
29,6404,8,-3.597260944743449,-0.1593470573425293,14.422149896621704,2.3098042597376756,68.63050068980795,,,0.0,-1,-1,0,80,delayed
29,6474,8,-33.09230666045244,12.06186556816101,-14.818156480789185,2.1997675004967157,65.36101244241482,,,0.0,-1,-1,0,80,delayed
29,6522,6,-30.595846704078223,18.941494941711426,4.843597014745076,0.9650596320369266,28.67451883119227,,,0.0,-1,-1,0,80,delayed
29,6540,11,-9.640685131915578,-2.038128462704745,21.9051831852306,2.983588156476588,88.65043354557865,,,0.0,-1,-1,0,80,delayed
30,122,8,-22.950188376265338,26.108640670776367,29.132920026779175,2.955486184273524,87.81544832354673,,,0.0,-1,-1,0,80,delayed
30,784,6,-2.0651437685121645,24.858112335205078,7.711840947469075,1.4400243904550871,42.787000026440424,,,0.0,-1,-1,0,80,delayed
30,1238,9,-19.511929160898816,22.246979607476128,11.98782295650906,1.6381711661041016,48.674473982526784,,,0.0,-1,-1,0,80,delayed
30,1350,8,-6.8573273565448645,-0.16973885893821716,14.169273138046265,1.853318546778647,55.06708166585997,,,0.0,-1,-1,0,80,delayed
30,1622,6,-55.855610950295606,-10.71549916267395,-46.136901219685875,1.9652524860831249,58.392940238621165,,,0.0,-1,-1,0,80,delayed
30,1712,6,-40.565173969392745,-6.323067665100098,0.013855616251627604,1.4762879205571542,43.86448709799317,,,0.0,-1,-1,0,80,delayed
30,2014,8,-0.6957646123410939,-34.69604969024658,-19.48078465461731,1.9358874815703735,57.52042692760256,,,0.0,-1,-1,0,80,delayed
30,2082,6,-26.845972270083255,8.45231262842814,5.579449971516927,1.2090433543402448,35.92393182852629,,,0.0,-1,-1,0,80,delayed
30,2248,8,24.889613115085062,-11.663498163223267,-29.146777153015137,3.1413381897639017,93.3376115705996,,,0.0,-1,-1,0,80,delayed
30,2294,6,-25.64684400939994,-12.655374844868978,-20.967654943466187,0.926396134994165,27.52572228305317,,,0.0,-1,-1,0,80,delayed
30,2346,8,-25.225465973726394,-3.748115301132202,-14.893262684345245,2.0410553611864146,60.64524765823628,,,0.0,-1,-1,0,80,delayed
30,2432,9,1.7923435804642363,38.47418763902452,-7.765169249640571,2.923015960990175,86.85067060610535,,,0.0,-1,-1,0,80,delayed
30,2574,6,-34.70139033735166,-18.11935520172119,-14.746198972066244,0.9522401282976093,28.293616875316527,,,0.0,-1,-1,0,80,delayed
30,2700,8,-11.650377015518645,-3.9767433404922485,12.186571836471558,3.006611845511853,89.33452930804648,,,0.0,-1,-1,0,80,delayed
30,2764,7,7.496584773423316,18.27441460745675,-32.581529072352815,2.32461029025962,69.0704277025259,0.2974102795124054,569.4039306640625,768.030517578125,4,5,3,80,delayed
30,3152,11,-24.46724389983607,16.78873651677912,22.130204634232953,2.5819191899667726,76.7157675811748,,,0.0,-1,-1,0,80,delayed
30,3156,14,1.2410966929380594,-3.408637693950108,-16.030509097235544,3.9890626133531435,118.52578558691906,,,0.0,-1,-1,0,80,delayed
30,3164,11,-33.030768205143254,-12.48070257360285,-3.3947254094210537,3.8963285480748255,115.77040694207446,,,0.0,-1,-1,0,80,delayed
30,3546,12,-34.237265425123624,-12.72003798186779,25.3632329305013,3.739018940599215,111.09631515319082,,,0.0,-1,-1,0,80,delayed
30,3632,10,-38.474518701826085,-6.232540702819824,-29.341236972808836,1.4795522123767526,43.96147799279831,,,0.0,-1,-1,0,80,delayed
30,3642,19,-29.66952969493136,10.459280766938862,21.044824399446185,5.88976894248127,175.00088579613112,,,0.0,-1,-1,0,80,delayed
30,3662,7,-21.928070795750358,9.71917016165597,16.60977281842913,2.037733143216256,60.54653562160744,0.5940563678741455,167.84812927246094,167.84812927246094,0,1,1,80,delayed
30,3968,9,-9.344380637320437,-10.666232872340414,-14.792945120069716,2.0732360701972032,61.601423127500624,,,0.0,-1,-1,0,80,delayed
30,4170,11,-28.731698904936877,4.738838195800781,-20.943606289950285,2.469158550181166,73.36534551230729,,,0.0,-1,-1,0,80,delayed
30,4212,9,-22.987721005940394,1.2008751763237848,17.133110788133408,2.465695236777991,73.26244115064824,,,0.0,-1,-1,0,80,delayed
30,4264,8,-11.932405656800327,-9.882969617843628,0.399469792842865,1.3097864098808836,38.91727912781667,,,0.0,-1,-1,0,80,delayed
30,4330,7,-5.983021599492644,26.999892779758998,6.60682133265904,1.626361143234944,48.323566420013066,,,0.0,-1,-1,0,80,delayed
30,4544,12,-33.73678440451244,-22.36398748556773,11.068201979001364,2.987629987637705,88.7705272267301,,,0.0,-1,-1,0,80,delayed
30,4574,6,-48.26980090592582,-37.02389907836914,-36.30820115407308,0.7970351243715461,23.682058521787884,,,0.0,-1,-1,0,80,delayed
30,5178,9,-39.664105210847794,-10.820191277398003,-22.712561289469402,2.0341025534168646,60.43866102804347,,,0.0,-1,-1,0,80,delayed
30,5452,8,-47.113714530664666,-11.04343032836914,-18.773013472557068,1.8895055414466215,56.14229466369406,,,0.0,-1,-1,0,80,delayed
30,5498,9,-12.663463543663612,-23.081433084275986,-37.01738897959391,3.1507842852741064,93.61828048949005,,,0.0,-1,-1,0,80,delayed
30,5822,11,-21.573851918121317,-9.63135255466808,-21.176185607910156,3.4505648505840814,102.52556785272049,,,0.0,-1,-1,0,80,delayed
30,5868,6,-21.18833711991392,3.1499881744384766,20.568970680236816,1.0421213114254144,30.96422871380805,,,0.0,-1,-1,0,80,delayed
30,6674,10,-16.758624883325503,10.00144100189209,-5.0907865524292,2.3012970371751997,68.37772821288446,,,0.0,-1,-1,0,80,delayed
30,6768,6,-10.558225784644,-22.83048089345296,-28.38998619715373,1.8052568944739122,53.639040632621935,,,0.0,-1,-1,0,80,delayed
31,28,6,9.934264164724482,11.676200230916342,-6.518733660380046,2.468210359745077,73.33717222268598,,,0.0,-1,-1,0,80,delayed
31,434,6,5.016393403170703,9.874887466430664,-0.6189126968383789,1.8633402395450689,55.3648531282769,,,0.0,-1,-1,0,80,delayed
31,456,12,3.9375175643879565,-18.442668279012043,2.890601317087809,3.144456932353761,93.43027780608789,,,0.0,-1,-1,0,80,delayed
31,502,9,-6.566287612865783,-19.731299029456245,-40.121189753214516,1.9929642513020422,59.21633136103114,,,0.0,-1,-1,0,80,delayed
31,510,11,-8.834944126750445,-0.4761511195789684,-2.0704789595170454,2.0925102361143284,62.17411046743173,,,0.0,-1,-1,0,80,delayed
31,582,9,-24.400621428473507,-3.7319495942857532,5.7298383712768555,1.3999290412903806,41.59565929836549,,,0.0,-1,-1,0,80,delayed
31,788,8,-26.8015739355495,-39.5873064994812,-3.09907865524292,2.5223255001662865,74.9450786789797,,,0.0,-1,-1,0,80,delayed
31,966,9,-10.240433568924313,10.897171126471626,-21.565013037787544,2.695492169213308,80.09032644159012,,,0.0,-1,-1,0,80,delayed
31,1190,6,-35.11149984376825,-21.948298772176106,-43.40260124206543,0.3115288210013194,9.256359656663848,,,0.0,-1,-1,0,80,delayed
31,1204,6,-33.175861172896035,-33.03329849243164,-33.640034675598145,0.29683705389592213,8.819827717556603,,,0.0,-1,-1,0,80,delayed
31,1286,8,-4.015821829529805,33.07833215594292,1.7125045657157898,3.5869487066462282,106.57789925183863,,,0.0,-1,-1,0,80,delayed
31,1370,7,-43.37553372492139,-10.764325823102679,-35.18380628313337,1.5218961533371014,45.219630434520106,,,0.0,-1,-1,0,80,delayed
31,1614,6,-21.214546103023867,-20.608861605326336,2.475649038950602,0.8690982296600597,25.823247315757257,,,0.0,-1,-1,0,80,delayed
31,1640,10,-13.773853811226406,-34.585199165344235,-8.296240997314452,1.4933326888535687,44.37093303486989,,,0.0,-1,-1,0,80,delayed
31,1650,12,3.1294228288172037,-8.59549347559611,5.6149288813273115,4.228862617797362,125.65088906745983,,,0.0,-1,-1,0,80,delayed
31,1732,8,1.8163196710580234,13.440563201904297,11.50651204586029,1.5657145076699668,46.52159166547287,,,0.0,-1,-1,0,80,delayed
31,1818,11,-28.044789546782216,1.0984231016852626,-18.190793644298207,1.523458724882797,45.266058640327024,,,0.0,-1,-1,0,80,delayed
31,1854,6,9.122335594703431,6.415444374084473,6.136847813924153,1.9651463342037343,58.3897861806091,,,0.0,-1,-1,0,80,delayed
31,1886,9,-8.526060962526303,-3.69192017449273,-7.962235768636067,3.4797182208247914,103.39179293996771,,,0.0,-1,-1,0,80,delayed
31,1998,6,-10.227021858336844,33.6245002746582,-30.248400052388508,2.3579300784669943,70.06044828020471,,,0.0,-1,-1,0,80,delayed
31,2122,9,-34.19976315582535,24.56559117635091,23.16113895840115,3.019206255963424,89.70874313657342,,,0.0,-1,-1,0,80,delayed
31,2970,6,-36.87609832228774,-27.948055744171143,-25.101435979207356,1.4249665063181616,42.339589765034255,,,0.0,-1,-1,0,80,delayed
31,3148,7,-28.6783397325122,24.778933933803014,11.312726293291364,1.3900896554269295,41.30330466465919,,,0.0,-1,-1,0,80,delayed
31,3310,8,-2.6481155547734225,12.359776020050049,-20.562675893306732,1.6651507132711298,49.47610893607378,,,0.0,-1,-1,0,80,delayed
31,3474,9,-16.149898405252877,-36.34648376040988,36.623256047566734,2.203579895959893,65.47428897152432,,,0.0,-1,-1,0,80,delayed
31,3508,7,-12.414850139151369,-17.41928509303502,-17.231325149536133,1.1984462023135904,35.60906192281494,,,0.0,-1,-1,0,80,delayed
31,3548,8,-5.381053728769459,-35.63827455043793,-10.370300054550171,2.662618124367112,79.1135500987541,,,0.0,-1,-1,0,80,delayed
31,3556,11,-31.790905759987883,-5.774276549165899,4.410924478010698,2.462756501199828,73.17512340791141,,,0.0,-1,-1,0,80,delayed
31,3626,8,-31.75426884273871,21.13078138232231,-2.230856418609619,2.771750600717926,82.35616966787966,,,0.0,-1,-1,0,80,delayed
31,3748,13,-30.757216635342658,-6.469801976130559,-29.938557404738205,2.841243771598895,84.420998794407,,,0.0,-1,-1,0,80,delayed
31,3774,10,5.116079978905516,-27.08619713783264,21.564102554321288,3.5816305151039476,106.41988146882854,,,0.0,-1,-1,0,80,delayed
31,3814,7,-25.79451375331194,-13.844372885567802,-16.793144907270158,1.5789901305562168,46.91604614870942,0.48410773277282715,62.35793685913086,62.35793685913086,3,8,1,80,delayed
31,4190,13,-25.03969996959884,2.404592724946829,-27.33639199917133,5.008004179548593,148.80128168873713,,,0.0,-1,-1,0,80,delayed
31,4530,6,-24.079261264492526,-35.989298502604164,-20.55196762084961,0.4830397146585228,14.35240987642883,,,0.0,-1,-1,0,80,delayed
31,4620,7,-38.31481808985999,-8.420640672956194,-40.195809841156006,1.1912765235409162,35.3960314714772,,,0.0,-1,-1,0,80,delayed
31,4846,7,-31.068457162937477,6.508478437151227,-5.879639319011143,1.2815331895201387,38.077799915981814,,,0.0,-1,-1,0,80,delayed
31,5358,6,-29.942173041464287,-1.8059310913085938,4.418672243754069,1.6345745197325388,48.56760793955198,,,0.0,-1,-1,0,80,delayed
31,5468,8,-21.813702684423593,35.517032504081726,30.468945264816284,2.6605641340293853,79.05252051813231,,,0.0,-1,-1,0,80,delayed
31,5904,6,-17.444257491002826,-16.595168352127075,-1.436431646347046,1.9482300023273647,57.88715643541932,,,0.0,-1,-1,0,80,delayed
31,5920,10,11.144451729987848,-39.90599956512451,25.420800018310548,3.2570596277180277,96.77600692113818,,,0.0,-1,-1,0,80,delayed
31,6270,9,-13.00793340253176,-29.72935390472412,-25.482693672180176,2.658710118385688,78.99743272384099,,,0.0,-1,-1,0,80,delayed
31,6328,6,41.57979315063003,27.786399523417156,-23.449600219726562,1.5703203689940053,46.65844420067967,,,0.0,-1,-1,0,80,delayed
31,6428,12,-12.16883911774134,12.664612690607706,22.94762710730235,2.5847640875192632,76.80029714363253,,,0.0,-1,-1,0,80,delayed
31,6442,12,-38.116209029223874,-38.769786993662514,-12.580740928649902,1.7861046850822482,53.06997694927102,,,0.0,-1,-1,0,80,delayed
32,112,6,-16.042040060843977,-31.18579896291097,-37.04720115661621,0.7173365203991321,21.313998513306174,,,0.0,-1,-1,0,80,delayed
32,174,7,-8.802306236676523,30.800464289528982,8.681299482073102,1.6218150131510618,48.18848866069971,,,0.0,-1,-1,0,80,delayed
32,350,8,-21.802772046413676,16.537434846162796,22.08465588092804,1.8846680091415475,55.99855856016896,,,0.0,-1,-1,0,80,delayed
32,886,7,-13.347873344392578,36.358799525669646,29.661100115094865,2.609170319187602,77.52547196842036,,,0.0,-1,-1,0,80,delayed
32,1238,12,-8.316702334139963,11.389837741851807,41.18633500734965,3.4394590683797444,102.19558517560736,,,0.0,-1,-1,0,80,delayed
32,1308,8,-9.008991994465074,15.889655470848083,-13.407179832458496,2.8646733128170423,85.11715351745553,,,0.0,-1,-1,0,80,delayed
32,1492,8,-10.417472445661982,-28.623547315597534,-1.9086987972259521,1.0025011263758095,29.787006390351934,,,0.0,-1,-1,0,80,delayed
32,1532,6,-35.40776059696508,-12.974069277445475,32.76708857218424,1.299943607904697,38.62482299220758,,,0.0,-1,-1,0,80,delayed
32,1536,8,-11.313126428663555,-6.706424176692963,-10.869126081466675,1.0413010285466786,30.939855901939865,,,0.0,-1,-1,0,80,delayed
32,1542,10,-22.672691968352588,11.758414459228515,11.873040819168091,1.7906046735605283,53.203683717305914,,,0.0,-1,-1,0,80,delayed
32,1618,9,-21.88084728498008,16.790696091122097,26.67446772257487,6.738555115801408,200.2206072543308,,,0.0,-1,-1,0,80,delayed
32,1776,8,-48.19930221852958,-1.2643818855285645,-19.56517994403839,1.4401507317557412,42.79075396649189,,,0.0,-1,-1,0,80,delayed
32,1814,6,-17.002572304273475,-12.733893314997355,-29.20141537984212,1.698435666186985,50.46509446349299,,,0.0,-1,-1,0,80,delayed
32,1898,11,4.300326124707577,-22.933352903886274,-23.026167262684215,3.5241406565579934,104.71170305502511,,,0.0,-1,-1,0,80,delayed
32,1922,6,-0.6199557139032462,10.687787532806396,-2.846621513366699,1.1706040587430544,34.781796908704855,,,0.0,-1,-1,0,80,delayed
32,2044,8,-46.28460199555067,-20.919472992420197,-33.29089903831482,2.8042853187046095,83.32286369652492,,,0.0,-1,-1,0,80,delayed
32,2080,12,-15.569260310265483,5.496312777201335,-6.965075651804606,3.114503468802354,92.54027979337295,,,0.0,-1,-1,0,80,delayed
32,2174,7,2.41118771090809,-24.545356273651123,20.526413440704346,2.6662812409235492,79.22239114980574,,,0.0,-1,-1,0,80,delayed
32,2212,9,-14.439950539209157,-19.34024567074246,11.244625939263237,1.4986566703329764,44.52912285249388,,,0.0,-1,-1,0,80,delayed
32,2396,7,-30.908064610376922,31.28741237095424,19.404776573181152,1.1481994033146266,34.11609430063613,,,0.0,-1,-1,0,80,delayed
32,2536,7,-42.849490443523294,7.363607202257429,26.24850300380162,2.4062475563484975,71.49609057980499,,,0.0,-1,-1,0,80,delayed
32,2754,9,-22.207282951476568,-20.568832609388565,-27.646366755167644,1.6536503433192349,49.134401995068224,,,0.0,-1,-1,0,80,delayed
32,2758,9,-36.471781483252094,2.0599626700083413,-28.646115197075737,2.839549905718785,84.37066948058606,0.2536558508872986,126.07889556884766,126.07889556884766,7,3,1,80,delayed
32,2804,11,-3.2251150753250712,-23.847865386442706,-26.24253429066051,2.949802901670148,87.64658270258036,0.5171917080879211,71.64041137695312,71.64041137695312,4,0,1,80,delayed
32,2810,7,-50.456193502132066,-25.20649746486119,-41.233048575265066,1.7347614366704711,51.54443086427868,,,0.0,-1,-1,0,80,delayed
32,2992,9,-34.92526211715992,-38.2001416683197,13.634197023179796,1.9646691685928275,58.37560830616349,,,0.0,-1,-1,0,80,delayed
32,3000,8,13.41749532950807,21.335161089897156,36.47673273086548,3.0598392373305687,90.91605836425573,,,0.0,-1,-1,0,80,delayed
32,3268,9,15.309977166156674,3.2423629760742188,12.778051535288492,2.4464495692277857,72.690600573893,,,0.0,-1,-1,0,80,delayed
32,3450,6,-20.651736639324625,-8.489261627197266,-14.815479278564453,0.6537160196545906,19.42366222103088,,,0.0,-1,-1,0,80,delayed
32,3704,9,5.415629526588448,18.91532113817003,22.11212370130751,1.613079800548223,47.928941986111425,,,0.0,-1,-1,0,80,delayed
32,3812,7,-13.200139806155175,-11.999511650630406,12.231197902134486,1.4611131633623613,43.413604223509616,,,0.0,-1,-1,0,80,delayed
32,3874,6,-34.43479643792028,-16.590549389521282,-11.979567209879557,0.55961035263147,16.627529597100835,,,0.0,-1,-1,0,80,delayed
32,3892,6,-21.13992505971029,5.607163213193417,13.08806578318278,1.3769262338462598,40.91218398416699,,,0.0,-1,-1,0,80,delayed
32,3908,6,3.324552330346446,-29.707798957824707,-15.822367032368978,0.5781792889713505,17.17926266838191,,,0.0,-1,-1,0,80,delayed
32,3948,12,1.834988535668255,3.1407505671183267,1.703583002090454,2.690516220901229,79.94247762599247,,,0.0,-1,-1,0,80,delayed
32,4066,6,15.832712339096313,11.131187319755554,14.188799778620401,1.9099893500779594,56.75092374404851,,,0.0,-1,-1,0,80,delayed
32,4084,6,22.671249029249797,20.5441997051239,-1.8474998474121094,1.7749857359175183,52.73960304632974,,,0.0,-1,-1,0,80,delayed
32,4122,6,-42.2458535399303,-33.03329849243164,-44.80670166015625,0.1784325497197068,5.301711248906137,,,0.0,-1,-1,0,80,delayed
32,4202,7,-39.24909707740897,-23.91588647024972,-26.2049560546875,0.8912527540909158,26.481517858736915,,,0.0,-1,-1,0,80,delayed
32,4228,8,8.367316626481372,-23.05679927766323,-0.7205252647399902,1.6303443999333784,48.4419196962429,,,0.0,-1,-1,0,80,delayed
32,4278,9,-0.12223692469515236,4.236933602227105,16.492644362979465,1.8239543498439557,54.194592350158864,,,0.0,-1,-1,0,80,delayed
32,4324,6,-13.339112415988671,-17.44501845041911,-28.44541025161743,1.0263090972323285,30.494405276384295,,,0.0,-1,-1,0,80,delayed
32,4402,12,-23.811678789066523,12.56531016031901,-25.1477263768514,3.5471495470780647,105.39535911378086,,,0.0,-1,-1,0,80,delayed
32,5126,18,-43.53413705211387,35.67060661315918,20.231312301423817,23.02690987338726,684.1914622363412,,,0.0,-1,-1,0,80,delayed
32,5174,17,-46.11383396028885,28.806329166187965,25.318811641019934,34.32466273274376,1019.8781041405362,,,0.0,-1,-1,0,80,delayed
32,5188,18,-44.57389561996187,24.08832136789958,14.174032317267526,33.84204752395443,1005.5383074759092,,,0.0,-1,-1,0,80,delayed
32,5192,16,-46.63111460046399,33.26885676383973,28.79580384492874,30.339676051872644,901.4734254767865,,,0.0,-1,-1,0,80,delayed
32,5634,7,-29.17443172267287,-31.63975661141532,-33.14495781489781,0.6005635603752394,17.844359612224206,,,0.0,-1,-1,0,80,delayed
32,5684,6,-31.095669923560617,-16.47969889640808,-20.55196698506673,0.6725744669573458,19.983997442149334,,,0.0,-1,-1,0,80,delayed
32,5982,6,-28.512476214866883,-5.085243384043376,38.24345684051514,1.65424235957413,49.15199239123217,,,0.0,-1,-1,0,80,delayed
32,6188,6,-20.061921075996853,-19.629686673482258,-3.4271135330200195,0.9456128969133456,28.09670399572002,,,0.0,-1,-1,0,80,delayed
33,198,9,-10.210198403719366,-36.974633110894096,10.716127607557508,2.2783535373104016,67.69601508647585,,,0.0,-1,-1,0,80,delayed
33,514,22,-17.953077910657466,22.41185491735285,6.554976810108531,6.439361958364705,191.3307733598442,,,0.0,-1,-1,0,80,delayed
33,612,6,-28.131589815027493,-35.5458984375,-19.443467775980633,0.5862808017480685,17.419980415726513,,,0.0,-1,-1,0,80,delayed
33,896,7,-5.312917239967867,-10.265501294817243,18.59589413234166,1.3547525650448649,40.25334461041739,,,0.0,-1,-1,0,80,delayed
33,1254,10,-16.73922831858408,10.999091339111327,-27.956494140625,3.2200617793836286,95.67670127870952,,,0.0,-1,-1,0,80,delayed
33,1274,6,-26.919083045108806,-31.984843571980793,15.696189244588217,1.273213570953903,37.83060165866548,,,0.0,-1,-1,0,80,delayed
33,1340,11,-30.225648608269772,-11.30921831997958,-24.848549235950816,2.9148773054360673,86.60884924688604,,,0.0,-1,-1,0,80,delayed
33,1492,7,-18.449743409691987,-1.0372395515441883,11.207096644810267,1.239751802021189,36.83636245153906,,,0.0,-1,-1,0,80,delayed
33,1500,8,-12.519101943992027,-7.676362216472626,10.979974746704102,1.4437961631897012,42.899069544960625,,,0.0,-1,-1,0,80,delayed
33,1526,6,-35.993599803898356,-33.03329849243164,-33.640034675598145,0.2337850565317508,6.946383190665404,,,0.0,-1,-1,0,80,delayed
33,1774,7,-10.750383947884776,-11.421508244105748,-20.31533077784947,1.8535617192338276,55.074306973927804,,,0.0,-1,-1,0,80,delayed
33,1820,6,6.385291442878144,-25.864999453226726,4.87739912668864,1.5011779974031707,44.604038265131415,,,0.0,-1,-1,0,80,delayed
33,1936,6,14.189283326475689,-5.824244101842244,22.247047424316406,1.5435683295747975,45.86356911458808,,,0.0,-1,-1,0,80,delayed
33,1946,9,-10.061887486370303,29.750908109876846,29.17783037821452,3.0023172377015466,89.20692495237645,,,0.0,-1,-1,0,80,delayed
33,2014,7,-32.28216673235476,1.7736007145472936,-10.130268505641393,0.7775692778545549,23.10367583538493,,,0.0,-1,-1,0,80,delayed
33,2122,6,-37.19272806458167,-17.694430033365887,-27.80655320485433,0.4346541427056657,12.914744318714238,,,0.0,-1,-1,0,80,delayed
33,2326,7,-26.664973374942438,10.799957820347377,-21.55321475437709,2.029424978619418,60.2996776925468,,,0.0,-1,-1,0,80,delayed
33,2446,12,-15.722809528152974,0.8567783037821451,4.475671370824178,3.4177975758967856,101.55196393864466,,,0.0,-1,-1,0,80,delayed
33,2732,7,-57.49273495997146,16.473102024623326,14.202744620186943,2.1071057476535917,62.60778239462667,,,0.0,-1,-1,0,80,delayed
33,3106,15,-41.154980494934726,-21.81527976989746,12.958740997314454,3.4397230476043283,102.20342870878923,,,0.0,-1,-1,0,80,delayed
33,3158,7,-35.961977039596775,-33.16394478934152,-30.02136312212263,2.2849037595806796,67.89063981804934,,,0.0,-1,-1,0,80,delayed
33,3372,8,-50.99175238799888,1.0392193794250488,9.720157146453857,1.6511952732267339,49.061455255548374,,,0.0,-1,-1,0,80,delayed
33,3736,6,-34.3035476301417,10.609269460042318,-5.879669825236003,0.9979233135150045,29.650987250471672,,,0.0,-1,-1,0,80,delayed
33,4012,10,8.062369012965169,-0.5126809120178223,10.266598892211913,3.330888339697984,98.9696566415017,,,0.0,-1,-1,0,80,delayed
33,4234,6,-30.348396569344317,-11.366743087768555,-31.889527956644695,0.7539843087879408,22.40290293267187,,,0.0,-1,-1,0,80,delayed
33,4298,12,-5.288049568006433,15.124097108840942,7.40469487508138,3.5541235036695102,105.60257413238776,,,0.0,-1,-1,0,80,delayed
33,4316,11,-26.524265166755708,41.825721047141336,25.711069974032316,2.9405137596424042,87.37057729404621,,,0.0,-1,-1,0,80,delayed
33,4322,15,-10.840307784225455,-15.50052506128947,1.8441810290018716,4.054778932773152,120.47839429229859,,,0.0,-1,-1,0,80,delayed
33,4610,6,-28.048114654233817,24.936631202697754,-15.514381249745687,1.8054906787752354,53.64598699337332,,,0.0,-1,-1,0,80,delayed
33,4662,8,-11.634113572002638,-4.212299585342407,-21.39987540245056,1.0371646430055566,30.816952755694253,,,0.0,-1,-1,0,80,delayed
33,4850,10,-26.556265787904557,8.35531930923462,0.11273779869079589,2.0967544097110715,62.300216286888514,,,0.0,-1,-1,0,80,delayed
33,5248,7,-8.520697803387753,1.2985294886997767,6.717670713152204,0.8981833365776103,26.687444115963523,,,0.0,-1,-1,0,80,delayed
33,5688,7,-12.570172920943133,-25.50341742379325,-23.296402794974192,2.7097222265468135,80.51313974082355,,,0.0,-1,-1,0,80,delayed
33,6028,6,-18.371470343980917,-13.274286905924479,-8.303042570749918,0.8677545324362522,25.783322455087077,,,0.0,-1,-1,0,80,delayed
33,6128,9,-40.72898810233019,-0.15395821465386283,1.2219386630588107,1.397711272803658,41.52976342817815,,,0.0,-1,-1,0,80,delayed
33,6322,7,-43.372950190520896,-33.001627513340544,0.033739021846226284,0.8111871120620968,24.10255216182854,,,0.0,-1,-1,0,80,delayed
33,6442,6,-2.120621047128278,-1.6996994018554688,2.882099151611328,1.6497313953288943,49.0179595036231,,,0.0,-1,-1,0,80,delayed
33,6496,8,9.27365838271145,2.442164570093155,6.880885601043701,0.9312769442728405,27.67074426193073,,,0.0,-1,-1,0,80,delayed
33,6640,12,-36.21730243052959,-21.303983847300213,-18.728399395942688,3.2668949860925713,97.0682418873103,,,0.0,-1,-1,0,80,delayed
33,6692,8,-8.336041468140273,1.084252178668974,-19.913792729377747,1.5655933341428776,46.517991273881506,,,0.0,-1,-1,0,80,delayed
33,6742,537,-24.504944019928022,0.39138102786723017,35.19622362836557,189.9020197664642,5642.500070572392,,,0.0,-1,-1,0,80,delayed
33,6768,7,12.700272560901164,-45.666241782052175,27.083837577274867,3.347897786446119,99.47505308012187,,,0.0,-1,-1,0,80,delayed
34,22,6,-31.73425091642233,-21.726598739624023,-29.132134437561035,0.5596382644000155,16.628358930860326,,,0.0,-1,-1,0,80,delayed
34,206,12,-6.856940095517821,3.482537647088369,5.684945901234944,3.584996715931207,106.51990035450827,,,0.0,-1,-1,0,80,delayed
34,210,9,-2.922462924464265,46.332220713297524,21.29824251598782,2.4585058821629304,73.0488260770817,,,0.0,-1,-1,0,80,delayed
34,424,7,-26.579461798950643,-22.13832746233259,-27.310757773263113,0.7089455401509267,21.064679908370348,,,0.0,-1,-1,0,80,delayed
34,792,8,-48.932328686019844,23.888174533843994,-16.59537523984909,2.142297310912098,63.653418446385714,,,0.0,-1,-1,0,80,delayed
34,818,7,-19.533797755498956,-12.621064205254827,35.63908222743443,3.329141649391636,98.91775777181635,,,0.0,-1,-1,0,80,delayed
34,1288,8,-22.96654176539113,-22.6376473903656,-6.973158359527588,1.5335059048563877,45.564587396259974,,,0.0,-1,-1,0,80,delayed
34,1388,7,-25.13009834567124,-14.600528172084264,16.494963782174246,0.708426020653711,21.04924358597995,,,0.0,-1,-1,0,80,delayed
34,1450,7,-33.086487608296004,-13.183231353759766,6.391777787889753,1.7441288547541316,51.82276206509021,,,0.0,-1,-1,0,80,delayed
34,1496,8,-31.332217798877338,-20.015352249145508,-8.48002541065216,2.194737223226242,65.21154936725347,,,0.0,-1,-1,0,80,delayed
34,1584,6,-38.64589838160136,11.449882507324219,-7.625557581583659,0.9521006823035512,28.289473559556743,,,0.0,-1,-1,0,80,delayed
34,1674,7,-29.066796925380512,9.41433225359235,28.188378197806223,2.4373110548326156,72.41907071769087,,,0.0,-1,-1,0,80,delayed
34,1724,6,-37.900488665003415,-12.974068323771158,-13.231248537699381,1.5175024554987855,45.08908184744738,,,0.0,-1,-1,0,80,delayed
34,1746,14,-18.06147639419007,-7.99505615234375,26.769102777753556,3.446272796730719,102.39803938198449,,,0.0,-1,-1,0,80,delayed
34,1922,7,-20.38138685148375,28.282585961478098,2.703317642211914,3.1790032450563483,94.45674172733568,,,0.0,-1,-1,0,80,delayed
34,1986,6,-37.94039997705726,-3.2654552459716797,-22.394848823547363,0.42578444415315564,12.651201704633353,,,0.0,-1,-1,0,80,delayed
34,2108,6,-29.926208516642742,-25.68486754099528,-18.94002374013265,0.6793470469627335,20.18522902044087,,,0.0,-1,-1,0,80,delayed
34,2298,6,-32.55988181538729,8.387650807698568,10.113590240478516,1.0634558423920406,31.598135044203357,,,0.0,-1,-1,0,80,delayed
34,2812,7,-43.22426375797314,-9.913156332714218,-43.47650064740862,2.5168525205175913,74.78246172476308,,,0.0,-1,-1,0,80,delayed
34,3086,6,-36.70795232592254,-15.472812334696451,3.1947034200032554,1.5593010460582752,46.33103046111555,,,0.0,-1,-1,0,80,delayed
34,3116,7,-35.43476736575307,-22.67674228123256,-25.410472324916295,0.9130782916462273,27.130013316276397,,,0.0,-1,-1,0,80,delayed
34,3676,6,-41.37936473529143,-38.31714884440104,-22.390230496724445,0.6064284518862807,18.01862132258224,,,0.0,-1,-1,0,80,delayed
34,3792,6,-34.582528256259415,-3.5980052947998047,-19.762160778045654,1.141369939212515,33.91317254274474,,,0.0,-1,-1,0,80,delayed
34,3892,6,-21.802099470474,-2.8636249701182046,10.917253494262695,1.3993209133710414,41.577590181291285,,,0.0,-1,-1,0,80,delayed
34,4210,7,-20.75775756960647,-5.2930867331368585,-7.497581209455218,1.0814277198398654,32.13212788899973,,,0.0,-1,-1,0,80,delayed
34,4238,7,-24.48205314583211,1.5835715702601842,-6.592246941157749,1.7142158018939133,50.93396476276355,,,0.0,-1,-1,0,80,delayed
34,4328,10,-11.398048539694809,-14.95920696258545,-24.324268341064453,2.514736415809117,74.71958655902449,,,0.0,-1,-1,0,80,delayed
34,4416,7,-44.60252148977711,-18.73364918572562,-23.343911170959473,0.9059650396870836,26.9186594574242,,,0.0,-1,-1,0,80,delayed
34,4500,19,4.841942396089766,13.07154893875122,25.949471925434313,6.285724844770511,186.7658012475736,,,0.0,-1,-1,0,80,delayed
34,4550,7,-11.621185190880379,17.739958797182357,13.578495025634766,2.4607232329268647,73.11470953560082,,,0.0,-1,-1,0,80,delayed
34,4702,6,-7.288677436103637,12.179644266764322,4.547997156778972,1.4322938722115472,42.55730552509507,,,0.0,-1,-1,0,80,delayed
34,4782,7,-12.617383252677554,15.934688023158483,-17.71035589490618,1.2651416039901213,37.59076179693675,,,0.0,-1,-1,0,80,delayed
34,4822,11,-39.035831973102766,8.749592520973899,0.31623021039095794,3.235973653301804,96.1494858747694,,,0.0,-1,-1,0,80,delayed
34,5582,18,-34.418260526259786,9.289846102396647,12.681616359286839,3.6916735491091957,109.6895561563553,,,0.0,-1,-1,0,80,delayed
34,5744,9,-10.106283214352858,-28.891819927427505,-21.85347451104058,2.1029492660255262,62.48428213955548,,,0.0,-1,-1,0,80,delayed
34,5810,8,-17.351617996802357,21.671175479888916,-33.71587586402893,2.082617536859812,61.88017174940016,,,0.0,-1,-1,0,80,delayed
34,5888,7,-29.203294088200057,-0.6650994334902082,-24.91038649422782,1.4132328645411536,41.99095169032468,,,0.0,-1,-1,0,80,delayed
34,5894,7,-10.409820329481095,-22.8311414037432,-20.876237801143102,2.264726937090035,67.29113212209434,,,0.0,-1,-1,0,80,delayed
34,6194,9,-22.388399986640433,22.582608964708115,23.37668016221788,2.7579824975109197,81.94708226895303,,,0.0,-1,-1,0,80,delayed
34,6258,8,-26.30312745309359,-18.813323259353638,-13.947574377059937,1.0254070372408925,30.46760264641967,,,0.0,-1,-1,0,80,delayed
34,6300,6,-13.247376362004657,5.380844910939534,-30.577803293863933,0.9293746301921431,27.614221391095615,,,0.0,-1,-1,0,80,delayed
34,6494,9,-11.462922167024669,-10.484562555948893,14.408048629760742,2.6490398357629976,78.71010260250742,,,0.0,-1,-1,0,80,delayed
34,6520,6,12.50768671193984,-7.357667922973634,20.130189100901287,0.7908913632738662,23.499510845518458,,,0.0,-1,-1,0,80,delayed
35,136,6,-13.809268781705606,-19.361799240112305,-15.223400592803955,0.9201538565507458,27.340247391312467,,,0.0,-1,-1,0,80,delayed
35,524,8,-15.074378725435341,-24.837327122688293,-8.999634981155396,1.7098642810288036,50.80466936707123,,,0.0,-1,-1,0,80,delayed
35,606,7,-11.024061516254083,-1.1441290719168526,-10.070884704589844,1.0804666772092801,32.10357272609219,,,0.0,-1,-1,0,80,delayed
35,1268,6,-14.797205683022918,20.909081141153973,6.978930473327637,1.8125876305921884,53.85685653113416,,,0.0,-1,-1,0,80,delayed
35,1428,8,-25.0198888249523,-1.8290245532989498,-2.703072249889374,1.5426146898008497,45.83523391047378,,,0.0,-1,-1,0,80,delayed
35,1516,9,-28.49251563390299,22.440966500176323,-20.808655791812473,2.0936052409316344,62.20664600742507,,,0.0,-1,-1,0,80,delayed
35,1760,8,-50.30462392937055,-38.49958944320679,-21.447269916534424,0.49493491674361745,14.705848342681906,,,0.0,-1,-1,0,80,delayed
35,1998,12,-49.314146904668405,23.55100679397583,13.831684827804565,2.847530534863878,84.6077954499137,,,0.0,-1,-1,0,80,delayed
35,2664,8,-18.471130299913053,6.308058261871338,12.53423547744751,2.084203497312272,61.92729490257113,,,0.0,-1,-1,0,80,delayed
35,2986,6,-46.221020220494474,-42.87123680114746,-17.688342253367107,0.5995486036041552,17.814202515109002,,,0.0,-1,-1,0,80,delayed
35,2990,6,-28.518669578210048,-29.486099243164062,-17.82543436686198,1.7179291873799987,51.04429943899852,,,0.0,-1,-1,0,80,delayed
35,3052,11,-0.28944205399153233,-4.607833038676869,19.00876912203702,1.946693046091589,57.841489329405945,,,0.0,-1,-1,0,80,delayed
35,3726,7,-11.971960320606607,-16.302866842065537,3.5901173182896207,0.5312735936749047,15.78556822876552,,,0.0,-1,-1,0,80,delayed
35,3750,6,12.5928308443214,36.224857012430824,-1.761215051015218,1.5758759499252257,46.82351546129624,,,0.0,-1,-1,0,80,delayed
35,3858,7,-40.08762764939638,16.152428490774973,11.935539381844658,1.8384463875982133,54.625189792733195,,,0.0,-1,-1,0,80,delayed
35,3902,9,-11.357103364213243,-25.90502887301975,8.232220543755425,2.524691449138089,75.0153773901613,,,0.0,-1,-1,0,80,delayed
35,4150,7,-42.83124527229868,-3.206731285367693,-20.24011175973075,0.7621308274327485,22.644957925476984,,,0.0,-1,-1,0,80,delayed
35,4198,6,-25.395861265459775,9.283687829971313,-7.935012976328532,1.4032432450013108,41.69413320978472,,,0.0,-1,-1,0,80,delayed
35,4222,7,5.86289464447466,15.13498422077724,21.305062294006348,1.9340955128739246,57.467182715094374,,,0.0,-1,-1,0,80,delayed
35,4334,6,-22.835817227479783,12.7431321144104,17.24808915456136,0.7607725889275271,22.60460100420257,,,0.0,-1,-1,0,80,delayed
35,4522,6,-30.07219662484324,-14.262699127197266,-12.201267878214518,0.824774451061076,24.506268569663025,,,0.0,-1,-1,0,80,delayed
35,4542,6,-13.381285923920165,-27.41689904530843,-17.81766716639201,0.6225228087077211,18.49682797679516,,,0.0,-1,-1,0,80,delayed
35,4642,7,-18.6211335112879,5.055551937648228,-4.820084776197161,1.1071426149931682,32.89618662779412,,,0.0,-1,-1,0,80,delayed
35,5492,6,-1.3640950171725994,23.883556365966797,-6.130552609761556,0.6749671667416024,20.055090991960597,,,0.0,-1,-1,0,80,delayed
35,5496,8,1.9160979511926675,12.415199935436249,-10.369197010993958,2.773205640156322,82.39940280538887,,,0.0,-1,-1,0,80,delayed
35,5592,7,16.650313397663798,1.9319576535906111,6.647671290806362,1.4366706203886987,42.68735049211977,,,0.0,-1,-1,0,80,delayed
35,5806,7,-23.998492046764756,-21.421762193952286,49.10213770185198,1.238846683946321,36.80946895768576,,,0.0,-1,-1,0,80,delayed
35,5960,6,-41.298271697855114,-35.30110581715902,-2.6664902369181314,1.3852135366300828,41.15842205261977,,,0.0,-1,-1,0,80,delayed
35,6264,7,-13.934063531598428,-8.970932688031876,-29.804881504603795,2.576160660909199,76.54466618555134,,,0.0,-1,-1,0,80,delayed
35,6588,8,46.06643145355517,-31.315125465393066,-21.140225052833557,2.4687240657410356,73.35243581030878,,,0.0,-1,-1,0,80,delayed
36,467,14,4.362280708740938,-3.032538754599435,10.80535330091204,3.1617723734509546,93.944766160309,,,0.0,-1,-1,0,80,delayed
36,941,12,-22.85523962295683,10.720118582248688,10.367622971534729,3.693621203978559,109.74742622404256,,,0.0,-1,-1,0,80,delayed
36,1071,8,-12.058126289769977,-23.042942762374878,3.684659004211426,1.3247630390000271,39.362275083971454,,,0.0,-1,-1,0,80,delayed
36,1185,8,4.8295676772111875,-11.971799775958061,-30.501225471496582,2.049398847430699,60.893155088499995,,,0.0,-1,-1,0,80,delayed
36,1531,6,-40.58340069009192,-30.151198705037434,-29.871134440104168,0.5014273231847889,14.898755210378967,,,0.0,-1,-1,0,80,delayed
36,1599,6,-7.86733149714471,-17.90227476755778,-6.926654974619548,1.285310957235609,38.19004756151691,,,0.0,-1,-1,0,80,delayed
36,1879,6,-9.766711392649027,-14.558299243450165,7.1682993570963545,0.7261164972736377,21.57487525487504,,,0.0,-1,-1,0,80,delayed
36,1945,7,-2.8034588922374297,24.786851610456193,-5.551048415047782,2.19860826952682,65.32656857058296,,,0.0,-1,-1,0,80,delayed
36,2029,10,-20.89906037403657,16.427970123291015,-13.401765060424804,3.953856308933344,117.47971153558663,,,0.0,-1,-1,0,80,delayed
36,2207,7,-35.67001556663516,-5.336635385240827,-27.255332946777344,0.6796865830543857,20.195317551481594,,,0.0,-1,-1,0,80,delayed
36,2509,8,-7.9954536413817845,-40.09652256965637,-10.955726623535156,1.3496023726409179,40.10031853392558,,,0.0,-1,-1,0,80,delayed
36,2857,6,-46.85427970508235,-30.400611221790314,-21.512667496999104,1.5094803358720932,44.85072308425247,,,0.0,-1,-1,0,80,delayed
36,3069,12,-38.93081312819274,10.029616117477417,14.342056592305502,3.642232679334571,108.22053486034407,,,0.0,-1,-1,0,80,delayed
36,3079,7,-40.452189452523676,-15.491286414010185,-32.68968146187918,0.6772783057090913,20.12376115040966,,,0.0,-1,-1,0,80,delayed
36,3165,6,-18.18168494519001,19.70820649464925,15.697660128275553,0.7012100682089552,20.834838219313216,0.7633407711982727,36.271968841552734,36.271968841552734,5,4,1,80,delayed
36,3395,7,-24.0406966693453,8.487943785531181,0.5575782230922154,1.3826975893364457,41.08366648762177,,,0.0,-1,-1,0,80,delayed
36,3433,9,-2.4077847524861347,13.403613408406576,-8.596543418036568,3.481514164846191,103.44515527007852,,,0.0,-1,-1,0,80,delayed
36,3517,10,-12.590359408908487,8.601960277557373,-23.770900201797485,2.6755952961207847,79.49913679565168,,,0.0,-1,-1,0,80,delayed
36,3655,6,-37.584257480968766,-24.460899511973064,-14.566066741943358,0.7971567089356394,23.685671126394823,,,0.0,-1,-1,0,80,delayed
36,3769,7,10.483484257109783,-0.2850426265171596,-5.69752870287214,2.1373083364099283,63.50518258762447,,,0.0,-1,-1,0,80,delayed
36,4063,6,-18.034944909399915,13.52369991938273,1.5411911010742188,1.1098224716756626,32.975812381847156,,,0.0,-1,-1,0,80,delayed
36,4113,10,-29.3599203246535,-21.247173595428468,-2.209569215774536,1.6753767677358253,49.77995253452354,,,0.0,-1,-1,0,80,delayed
36,4141,6,19.20122707644186,-6.341543813546498,-13.452948093414307,2.2572892083561786,67.07013718503529,,,0.0,-1,-1,0,80,delayed
36,4153,6,-3.596821107381993,-6.7664690017700195,1.6396557490030925,1.8582885445537072,55.21475367498871,,,0.0,-1,-1,0,80,delayed
36,4307,9,-25.335984159339635,-20.273232195112442,-36.37692324320475,1.3688500983164267,40.67222026312245,,,0.0,-1,-1,0,80,delayed
36,4373,10,-34.5494642310955,-21.416219329833986,-29.76612033843994,2.0560035220043025,61.089397744547014,,,0.0,-1,-1,0,80,delayed
36,4543,15,-9.42276943238428,1.1380600611368814,-4.978129514058431,4.830233700116374,143.51924232983237,,,0.0,-1,-1,0,80,delayed
36,4713,7,-23.363003066266167,-13.915633065359932,-16.3734986441476,1.5142001631827517,44.990961855626395,,,0.0,-1,-1,0,80,delayed
36,6215,7,17.645055584138404,2.5653864315577914,-4.944071360996792,1.8940362111941074,56.27691305480631,,,0.0,-1,-1,0,80,delayed
36,6309,7,-40.251834190417966,-25.43215642656599,-24.79287964957101,0.905826646494188,26.914547423220256,,,0.0,-1,-1,0,80,delayed
36,6489,7,-8.65372259911138,3.705557414463588,-9.751472132546562,1.5057566441159602,44.7400821809982,,,0.0,-1,-1,0,80,delayed
36,6603,6,-15.577798427690631,-6.018230120340983,-16.364231904347736,1.8322460386891826,54.440960740299715,,,0.0,-1,-1,0,80,delayed
36,6695,6,-17.629119939779176,-6.831130504608154,-16.593698501586914,0.4896630001792762,14.54920551380136,,,0.0,-1,-1,0,80,delayed
37,230,6,6.194235630758633,-19.126243730386097,-16.835344314575195,1.5613893931539249,46.39308087347596,,,0.0,-1,-1,0,80,delayed
37,1222,9,-21.44453343222507,-6.826512230767144,-1.8603070576985676,1.5684807686369242,46.603784723348056,,,0.0,-1,-1,0,80,delayed
37,1238,15,-15.914341937843222,4.116230010986328,-11.72091719309489,4.605581215631061,136.84421243219614,,,0.0,-1,-1,0,80,delayed
37,1414,11,-23.70653459474114,4.2778026407415215,-11.685111652721059,2.9604211563259564,87.96207962419517,,,0.0,-1,-1,0,80,delayed
37,1444,10,-23.12236845527851,-24.572672843933105,0.5616810798645016,1.9496893921350291,57.93051883410716,,,0.0,-1,-1,0,80,delayed
37,1466,7,3.344719394111941,5.312881742204938,23.746461595807755,1.5266523264598517,45.36094913778497,,,0.0,-1,-1,0,80,delayed
37,1662,7,-16.69409009566998,-20.550797598702566,-0.05605588640485491,1.2222670403383527,36.31684312704387,,,0.0,-1,-1,0,80,delayed
37,1750,11,4.465842069665226,-25.487941135059703,17.35609652779319,3.6706265353528758,109.06419273604295,,,0.0,-1,-1,0,80,delayed
37,1764,6,-23.740473634033886,4.6002756754557295,-2.153808434804281,1.114886851942044,33.126288748794714,,,0.0,-1,-1,0,80,delayed
37,2450,6,-22.02960872399187,-23.943599204222362,-39.78150018056234,1.9113694540633461,56.79193034758289,,,0.0,-1,-1,0,80,delayed
37,2534,6,-26.97861141867016,-26.825698773066204,-21.43876775105794,0.4343385744579093,12.905367936817797,,,0.0,-1,-1,0,80,delayed
37,2694,11,-17.09343297811361,-19.149337421764027,19.865337285128508,2.666754838639862,79.23646301250108,,,0.0,-1,-1,0,80,delayed
37,3058,6,-12.66999271429219,14.539825439453125,5.180766423543294,1.6400619553328193,48.73065441899396,,,0.0,-1,-1,0,80,delayed
37,3062,6,-22.286830020204164,-9.63471245765686,-10.669312795003256,1.0699995185848512,31.792565274198513,,,0.0,-1,-1,0,80,delayed
37,3296,8,-37.15557714622956,-29.510347843170166,-29.119065046310425,0.7515864071704704,22.33165482239668,,,0.0,-1,-1,0,80,delayed
37,3628,6,-19.94004487143736,-17.823755423227947,-20.528873761494953,0.5749136715742336,17.082232387101303,,,0.0,-1,-1,0,80,delayed
37,3760,6,-9.212402677099552,-30.968718369801838,30.65946880976359,0.6075905412287665,18.053150124356183,,,0.0,-1,-1,0,80,delayed
37,3998,6,16.336511914973205,-9.292924404144287,15.266645749409994,1.6831666149559368,50.011409859428674,,,0.0,-1,-1,0,80,delayed
37,4080,6,-2.0624830143752426,-6.2861188252766915,11.662343819936117,2.9332241000801296,87.15398189055779,,,0.0,-1,-1,0,80,delayed
37,4168,6,-1.1054833801519865,-30.243574778238933,-14.918562412261963,2.027813860889554,60.25180704896101,,,0.0,-1,-1,0,80,delayed
37,4176,6,-40.759010463128895,-16.036299228668213,-41.70290104548136,0.7316535151128591,21.739394956071422,,,0.0,-1,-1,0,80,delayed
37,4210,6,-36.91334888020468,7.935013373692835,9.834995985031128,1.4753478308345784,43.83655450237096,,,0.0,-1,-1,0,80,delayed
37,4348,7,-21.734215851488763,17.94978209904262,31.053381851741246,1.425130220689246,42.344454159586434,,,0.0,-1,-1,0,80,delayed
37,4468,7,0.828419107172268,-12.636899539402553,1.4114461626325325,1.8501977581591738,54.974354637325604,,,0.0,-1,-1,0,80,delayed
37,4614,7,-37.84010201665475,-8.317708151681083,4.892604827880859,1.580354403230602,46.956582361388826,,,0.0,-1,-1,0,80,delayed
37,4710,6,9.745823917812922,-18.81216828028361,31.538501739501953,1.547721559830007,45.98697276262164,,,0.0,-1,-1,0,80,delayed
37,4754,7,5.378650302677093,8.582957812717982,9.378070422581263,1.8517955520773672,55.02182939460966,,,0.0,-1,-1,0,80,delayed
37,4856,13,-6.3949731793460005,-12.671007862457863,16.38065352806678,4.7980737220746805,142.56368283345088,,,0.0,-1,-1,0,80,delayed
37,4934,7,13.550573314516296,15.784248079572405,34.43826539175851,2.221371289870709,66.00291916471981,,,0.0,-1,-1,0,80,delayed
37,5668,6,-11.383059567090385,18.97844420125087,34.64230155944824,1.7947848319364168,53.32788747227365,0.5279858112335205,70.19285583496094,70.19285583496094,5,11,1,80,delayed
37,5854,6,-17.856674382226018,18.765981674194336,-13.192827701568604,2.5875357507720533,76.8826507179584,,,0.0,-1,-1,0,80,delayed
37,6120,7,-22.91450176257271,5.938393320356097,-22.694647107805526,1.8799553495368304,55.85853276062823,,,0.0,-1,-1,0,80,delayed
37,6200,6,-30.301773408208287,9.380681991577148,3.6903807322184243,1.1188632300187555,33.24443764266145,,,0.0,-1,-1,0,80,delayed
37,6596,6,-42.81617196923029,-10.56308078765869,-12.216594060262045,1.3018163115172727,38.680466056347235,,,0.0,-1,-1,0,80,delayed
37,6680,8,2.0836694079058127,-13.246574401855469,-35.877450466156006,1.9122614755071325,56.81843470528118,,,0.0,-1,-1,0,80,delayed
37,6818,6,4.6598523488229135,-4.235392967859904,1.6304181416829426,1.1608453405017807,34.491839127145724,,,0.0,-1,-1,0,80,delayed
38,411,10,-17.596239323414913,32.75063285827637,8.904149484634399,1.9358000546872627,57.517829239622586,,,0.0,-1,-1,0,80,delayed
38,479,12,-23.35748694817113,30.06575361887614,12.864056905110678,4.214641874887325,125.22835252481457,,,0.0,-1,-1,0,80,delayed
38,485,8,-11.384222953448724,-44.966994524002075,-34.08070528507233,2.7426165092523296,81.49051740492402,,,0.0,-1,-1,0,80,delayed
38,697,6,6.814191344661876,6.092131614685059,4.8990224202473955,1.2428110556660816,36.92726111037604,,,0.0,-1,-1,0,80,delayed
38,1109,14,-15.789610955359723,-14.159107344491142,-39.8883626801627,2.7478906994909646,81.64722779078673,,,0.0,-1,-1,0,80,delayed
38,1211,11,7.103584258821138,-17.27244485508312,-4.839209123091265,2.5206581170857545,74.89553624040457,,,0.0,-1,-1,0,80,delayed
38,1347,6,-12.432787037846685,-12.784699440002441,-4.507900555928548,1.1601121421061413,34.470053829631624,,,0.0,-1,-1,0,80,delayed
38,1589,6,-31.358611286306047,6.674093882242839,8.566309293111166,1.412080482276907,41.956711311968874,,,0.0,-1,-1,0,80,delayed
38,1699,7,-15.900425147398996,18.24670151301793,-3.7616124834333156,1.9033992931771546,56.55511541839933,,,0.0,-1,-1,0,80,delayed
38,1817,19,4.1483068685833056,16.337248551218135,22.139797838110674,6.958794221488309,206.76450379060444,,,0.0,-1,-1,0,80,delayed
38,1843,6,-44.557177029847786,-14.054856330156326,-5.177618980407714,1.4265686501956787,42.38719377131641,,,0.0,-1,-1,0,80,delayed
38,2007,9,-5.036609839766861,33.01790449354384,-25.33909013536241,5.7988986406985275,172.30088458049056,,,0.0,-1,-1,0,80,delayed
38,2069,8,23.582461591408183,-0.38797444105148315,-3.713475286960602,3.5333952184741637,104.98668099538259,,,0.0,-1,-1,0,80,delayed
38,2235,7,-23.42458051914926,-24.95312581743513,-16.66519900730678,1.134150833537877,33.69867348513225,,,0.0,-1,-1,0,80,delayed
38,2403,7,-34.47614857211537,-25.903268269130162,-22.856963838849747,0.380889697879781,11.317257972347782,,,0.0,-1,-1,0,80,delayed
38,2565,6,-1.6333044818119322,40.27550061543783,9.46696662902832,1.947875068722811,57.87661040283258,,,0.0,-1,-1,0,80,delayed
38,2701,6,-41.39405884678437,28.945706367492676,-16.547510782877605,2.1556667498649937,64.0506604574396,,,0.0,-1,-1,0,80,delayed
38,2751,8,-29.21054269891057,-33.03329849243164,-36.43170142173767,0.2931163540193456,8.709275711095698,,,0.0,-1,-1,0,80,delayed
38,2941,7,20.080747209257538,44.153931209019255,-37.258284432547434,2.3476052447647144,69.75366968477215,,,0.0,-1,-1,0,80,delayed
38,2949,6,-21.989697411938014,-29.541524410247803,11.600828806559244,1.450503554334135,43.098364186757316,,,0.0,-1,-1,0,80,delayed
38,2961,20,-35.66291788091028,9.675819802284241,28.98645372390747,5.1065907458343,151.73055388873095,,,0.0,-1,-1,0,80,delayed
38,2987,7,-30.9218125504103,-36.63196563720703,0.37816572189331055,1.3243488722986718,39.349969076670966,,,0.0,-1,-1,0,80,delayed
38,3225,6,-9.244331726742638,-16.701399246851604,-19.739067554473877,1.1489259596624788,34.13768224503541,,,0.0,-1,-1,0,80,delayed
38,3259,7,-22.197528692678613,4.924907411847796,36.446703229631694,2.0576542130265447,61.13844421714877,,,0.0,-1,-1,0,80,delayed
38,3295,6,-28.846859381049967,-15.518999218940735,-8.932662963867188,0.9969138337417449,29.620992889701494,,,0.0,-1,-1,0,80,delayed
38,3411,10,-12.475653965148954,-2.352790641784668,-4.730524349212647,2.1798989097115626,64.77066313994155,,,0.0,-1,-1,0,80,delayed
38,3603,7,4.989812755075979,23.06471770150321,9.937717710222516,2.056520527162606,61.10475935916176,,,0.0,-1,-1,0,80,delayed
38,3657,6,37.99627581393267,13.68535582224528,-20.992218494415283,2.4843200206276204,73.81583360174048,,,0.0,-1,-1,0,80,delayed
38,4045,6,-6.426991653999611,17.990031878153484,20.00086482365926,0.8251210549597152,24.516567104270177,,,0.0,-1,-1,0,80,delayed
38,4099,8,19.81882486472945,-14.18879970908165,32.27482485771179,2.3940104155306967,71.13249219357951,,,0.0,-1,-1,0,80,delayed
38,4163,8,-49.52102053881424,-27.996552228927612,8.200693488121033,1.2250926734326568,36.40080029060448,,,0.0,-1,-1,0,80,delayed
38,4381,10,-6.740078466679743,-11.702988433837891,42.786458778381345,2.8178839515669694,83.72691567543446,,,0.0,-1,-1,0,80,delayed
38,4539,8,24.627805156828046,16.042073965072632,30.726388692855835,2.3674753124145855,70.34406286887074,,,0.0,-1,-1,0,80,delayed
38,4557,7,-3.045954715308778,24.608699526105607,-9.772703715733119,2.0910106800768893,62.12955462196214,,,0.0,-1,-1,0,80,delayed
38,4567,7,-10.10802769992973,-17.26092747279576,-16.35244342258998,1.2088341326577854,35.91771528928413,,,0.0,-1,-1,0,80,delayed
38,4649,6,-17.961315648635363,-27.21367422739665,-3.6133338610331216,0.9473555843023703,28.148483927959024,,,0.0,-1,-1,0,80,delayed
38,4695,7,-36.1801330565794,16.8294061933245,-6.83248165675572,1.6094224099541643,47.82027106881172,,,0.0,-1,-1,0,80,delayed
38,5191,9,-34.44902710247712,8.436916881137424,2.046174579196506,1.911978563530817,56.81002862909362,,,0.0,-1,-1,0,80,delayed
38,5341,6,-40.95896558165747,-10.669312159220377,5.356278260548909,1.1909614867647484,35.386670881031954,,,0.0,-1,-1,0,80,delayed
38,5495,10,-0.5659512698102247,8.441228008270263,23.404211902618407,2.539118430393635,75.44404182907917,,,0.0,-1,-1,0,80,delayed
38,5799,7,6.489730783955887,-10.570338930402484,-0.4150570460728237,1.8182055403329194,54.023779748420246,,,0.0,-1,-1,0,80,delayed
38,6223,6,-29.9333189239842,-18.650511741638184,-11.67473030090332,0.7487564845507142,22.247570205490945,,,0.0,-1,-1,0,80,delayed
38,6387,6,-11.468722185210945,0.4572563171386719,-1.2623899777730305,1.0675126847038177,31.718674747038808,,,0.0,-1,-1,0,80,delayed
38,6451,8,-3.6182254646798917,-21.36287271976471,-7.250283479690552,0.7752457905853208,23.034638775659346,,,0.0,-1,-1,0,80,delayed
38,6523,10,-26.65524584179812,-10.577860641479493,-11.09331455230713,1.3502929492413858,40.120837423201586,,,0.0,-1,-1,0,80,delayed
39,36,8,-25.8118294505269,-16.579002141952515,-5.673031806945801,0.7281488353231267,21.635261487742767,,,0.0,-1,-1,0,80,delayed
39,132,8,14.642417636953962,3.391317069530487,-2.975630044937134,2.975009227067777,88.39553046527344,,,0.0,-1,-1,0,80,delayed
39,142,9,-3.92534150440492,8.212137911054823,21.533240000406902,1.8383349384125511,54.62187833749571,,,0.0,-1,-1,0,80,delayed
39,176,7,18.145670133737543,-21.631585257393972,-20.91312885284424,2.7933673996981847,82.9984629405982,,,0.0,-1,-1,0,80,delayed
39,404,11,-13.582754252801438,18.02068328857422,-7.949765118685636,3.525769980487504,104.7601146537988,,,0.0,-1,-1,0,80,delayed
39,460,17,5.578963702623502,-15.479876406052533,1.9918529566596537,9.871060424560806,293.29577015928396,,,0.0,-1,-1,0,80,delayed
39,1190,6,-24.561256321535016,-22.327036539713543,-14.521350860595703,0.6179732957117217,18.361649702058706,,,0.0,-1,-1,0,80,delayed
39,1322,8,-10.09443368280715,-27.79910182952881,-24.94833278656006,2.550906392095775,75.7942938949499,,,0.0,-1,-1,0,80,delayed
39,1616,9,-33.746272479122545,-3.0791662534077964,-34.75630103217231,1.7282913881299118,51.35218830997826,,,0.0,-1,-1,0,80,delayed
39,1716,7,-55.94417605228178,-2.410987377166748,39.84616197858538,2.367823133981739,70.35439758368643,,,0.0,-1,-1,0,80,delayed
39,1992,6,-17.026045794695758,-23.966693878173828,57.12490431467692,1.5873206430092908,47.163568092721285,,,0.0,-1,-1,0,80,delayed
39,2032,6,-8.640739095920223,10.124300320943197,-9.910367329915365,0.8441343440697724,25.08150309219301,,,0.0,-1,-1,0,80,delayed
39,2118,14,38.54328841314777,1.2628980364118298,47.68088245391846,3.5309139377229384,104.91295546665405,,,0.0,-1,-1,0,80,delayed
39,2214,8,-34.34781634324071,-15.872333645820618,-12.324032068252563,0.735984699412431,21.86808609767197,,,0.0,-1,-1,0,80,delayed
39,2458,6,-31.921774119335605,-18.442667643229168,-20.81523672739665,0.42552880997819686,12.643606125333989,,,0.0,-1,-1,0,80,delayed
39,2728,8,30.45047672118156,28.654725790023804,7.709899663925171,2.1730749264547353,64.56790423271356,,,0.0,-1,-1,0,80,delayed
39,2994,7,-32.81052939352362,-8.24248777117048,-20.288879462650844,0.6453474944284213,19.175010815230593,,,0.0,-1,-1,0,80,delayed
39,3462,11,-1.2190208537245781,12.072573358362371,4.306718132712624,3.0528417296208787,90.70814357854513,,,0.0,-1,-1,0,80,delayed
39,3564,6,-12.342719955450562,-14.853899558385214,-9.836467345555624,1.1610001585977094,34.4964391894214,,,0.0,-1,-1,0,80,delayed
39,3688,9,-24.470963509459278,-17.110928853352863,0.44906753963894314,1.9221630409626629,57.11263686200554,,,0.0,-1,-1,0,80,delayed
39,3806,7,-8.483015740245664,2.9969092777797153,-33.41020584106445,1.9193867174034682,57.03014481743459,,,0.0,-1,-1,0,80,delayed
39,4052,7,23.747240587693426,12.411240986415319,32.9022023337228,2.1640970633602974,64.30114775900016,,,0.0,-1,-1,0,80,delayed
39,4074,6,-0.710894651368689,-3.5056307713190713,-13.89781936009725,1.9519852514345295,57.998734992499706,,,0.0,-1,-1,0,80,delayed
39,4090,7,-41.02691234609922,-17.20154353550502,-0.7607453210013253,2.6436278337709567,78.54929745857275,,,0.0,-1,-1,0,80,delayed
39,4100,6,3.9755652388234637,-34.07251803080241,19.8715394337972,1.04515883378558,31.05448167769267,,,0.0,-1,-1,0,80,delayed
39,4110,8,-8.859234628653322,-32.257349491119385,-40.0401508808136,2.074833134404073,61.64887620309747,,,0.0,-1,-1,0,80,delayed
39,4146,10,-30.126722899356082,-11.697445964813232,8.9022611618042,2.130224864017304,63.294713559836204,,,0.0,-1,-1,0,80,delayed
39,4306,6,-50.828574530577214,-36.74215507507324,-27.778841018676758,0.2820023269418779,8.379048056613264,,,0.0,-1,-1,0,80,delayed
39,4404,6,-47.6002079074193,4.614131609598797,-12.992544253667196,1.7698621783788338,52.58736836336448,,,0.0,-1,-1,0,80,delayed
39,4688,8,-47.640543849775575,-3.325499415397644,-9.179766297340393,2.3998151899127977,71.30496766224982,,,0.0,-1,-1,0,80,delayed
39,5056,7,0.0328151338633061,-13.39701407296317,-5.627528939928327,1.92343796061307,57.150518155876156,,,0.0,-1,-1,0,80,delayed
39,5402,7,9.652987345024451,10.49116052900042,29.265207018171036,1.4958381661946982,44.44537750940221,,,0.0,-1,-1,0,80,delayed
39,5734,8,-29.724090841801356,-26.053213596343994,-8.98703646659851,2.1132935762432625,62.79163943467735,,,0.0,-1,-1,0,80,delayed
39,5864,7,-35.90611386684499,13.028834206717354,-10.460119792393273,2.2253859159956675,66.1222045110329,,,0.0,-1,-1,0,80,delayed
39,5922,6,9.04557228299193,41.38400014241537,-21.010900179545086,2.1504097997431706,63.8944623218439,,,0.0,-1,-1,0,80,delayed
39,6082,11,12.862833900404752,-30.85660882429643,9.321990273215555,5.042632661359184,149.8301870753168,,,0.0,-1,-1,0,80,delayed
39,6086,6,-50.80728849748181,-24.608698844909668,-44.585001627604164,0.6021479652915201,17.89143654622903,,,0.0,-1,-1,0,80,delayed
39,6300,7,-10.80243313217554,4.556727273123605,0.8228259427206857,2.615060546932739,77.70048648647813,,,0.0,-1,-1,0,80,delayed
39,6304,6,-25.771500895576068,-27.86029879252116,-46.802001317342125,0.8364125300926468,24.852067218027702,0.985174834728241,40.36410903930664,40.36410903930664,0,15,1,80,delayed
39,6400,9,5.448721049657291,-6.463170131047566,-10.690376705593533,2.421019715449195,71.9350111814431,,,0.0,-1,-1,0,80,delayed
40,530,10,-50.14722902493926,31.969140243530273,16.661884593963624,2.545395042702694,75.63053687236714,,,0.0,-1,-1,0,80,delayed
40,774,7,-49.96207927037705,-52.79231207711356,26.045337438583374,2.8873883879394833,85.79207953003322,,,0.0,-1,-1,0,80,delayed
40,990,6,-3.268676493471047,0.8590873082478853,11.242037455240885,1.2703926757485382,37.746785270535845,,,0.0,-1,-1,0,80,delayed
40,1428,6,-0.006238552272137099,28.80252456665039,-16.17339261372884,1.4317428281983515,42.540932524496284,,,0.0,-1,-1,0,80,delayed
40,1452,6,-38.441020313058225,4.752694447835286,-8.225994110107422,1.615897145151128,48.012652876286616,,,0.0,-1,-1,0,80,delayed
40,1474,7,-32.678999206490246,40.67403193882534,28.622600282941544,2.353218736279193,69.92046162466599,,,0.0,-1,-1,0,80,delayed
40,1698,7,-25.32772854502617,-5.593965257917132,-26.87797369275774,1.8211119946948902,54.110138329349006,,,0.0,-1,-1,0,80,delayed
40,1736,8,-37.529790669539366,-11.985655903816223,8.242262125015259,2.419259582259789,71.88271288752473,,,0.0,-1,-1,0,80,delayed
40,1770,6,-20.965705627481636,9.316019694010416,-7.580839951833089,1.1290274704640952,33.54644458024259,,,0.0,-1,-1,0,80,delayed
40,1814,12,-5.896347888348468,34.1233252286911,24.112287203470867,3.3389258965136928,99.20847408512678,,,0.0,-1,-1,0,80,delayed
40,1942,6,-19.494308589762767,-14.091805219650269,0.5019722779591879,0.5651221627921054,16.791300310327657,,,0.0,-1,-1,0,80,delayed
40,1970,15,-49.80241336436553,24.431339899698894,-29.271579043070474,6.501723067678912,193.18368974345674,,,0.0,-1,-1,0,80,delayed
40,2058,6,-33.50492283080526,-33.34275499979655,-24.71199067433675,0.40288192017252183,11.97070608201737,,,0.0,-1,-1,0,80,delayed
40,2288,10,-2.410164978141828,-43.633330535888675,11.296620750427246,3.9736919208752517,118.06908094787461,,,0.0,-1,-1,0,80,delayed
40,2328,9,-28.92175384204072,-17.132482926050823,7.608129501342773,2.6100850503101127,77.55265109178973,,,0.0,-1,-1,0,80,delayed
40,2720,9,-27.761083801629056,-9.255974451700846,2.0656295352511935,1.0931924530582373,32.481689774105334,,,0.0,-1,-1,0,80,delayed
40,2920,6,-20.78743510030774,-19.846768061319988,-6.99887752532959,1.539016751744899,45.72832948807962,0.3998836874961853,148.19676208496094,229.15362548828125,4,3,2,80,delayed
40,2926,7,7.079670898007841,-47.53881399972098,-23.706872122628347,1.7958270341563305,53.3588541049964,,,0.0,-1,-1,0,80,delayed
40,2992,7,-26.1431110316177,-17.375736509050643,-30.45018822806222,0.6255225776179643,18.585959184080693,,,0.0,-1,-1,0,80,delayed
40,3180,7,-42.70352907372633,-22.055190222603933,-36.91781670706613,0.8783885782856686,26.099288575561157,,,0.0,-1,-1,0,80,delayed
40,3512,6,13.562615763490271,-6.724899530410767,-24.025267362594604,2.135438650283736,63.4496291811259,,,0.0,-1,-1,0,80,delayed
40,3772,7,-11.50864747941676,-22.201670237949916,-11.72175761631557,0.504848923293498,15.000420157800821,,,0.0,-1,-1,0,80,delayed
40,3862,6,-10.10415387122832,2.5818813145160675,13.961010297139486,1.2482218277682136,37.08802971097163,,,0.0,-1,-1,0,80,delayed
40,4452,6,-55.916808295444845,-20.96912431716919,-12.376780192057291,0.8472275959235206,25.17341192931089,,,0.0,-1,-1,0,80,delayed
40,4488,6,-30.948336663480774,4.184588432312012,-16.413567543029785,0.7315344834059996,21.735858203723122,,,0.0,-1,-1,0,80,delayed
40,4502,9,-22.995793069878218,2.1923671298556857,-9.461789025200737,2.3493552645120874,69.80566748111049,,,0.0,-1,-1,0,80,delayed
40,4834,7,-14.578739159324247,-13.8958386693682,6.876028333391462,1.242283692970628,36.9115917454584,,,0.0,-1,-1,0,80,delayed
40,5318,7,-11.720000290557843,-14.271936689104352,-8.138927119118827,0.7872986783585874,23.392762508070895,,,0.0,-1,-1,0,80,delayed
40,5416,6,-22.47169246898051,-4.175349871317546,25.34475803375244,1.0859992991944107,32.26796181463344,,,0.0,-1,-1,0,80,delayed
40,5490,6,29.024731349964572,-8.050481160481771,7.845784982045491,2.072593739430518,61.58233775178524,,,0.0,-1,-1,0,80,delayed
40,5856,6,-8.790214624397986,-25.199899673461914,-14.26270087560018,1.0767965979646816,31.994524794837332,,,0.0,-1,-1,0,80,delayed
40,6398,7,-17.36340841748194,-22.61735875265939,30.44766616821289,1.545002539933736,45.90618336409147,,,0.0,-1,-1,0,80,delayed
40,6628,6,14.542690329876526,-23.50019931793213,23.294033686319988,1.6966618667303588,50.412390107996906,,,0.0,-1,-1,0,80,delayed
41,25,6,-35.35807812343285,-19.75901158650716,-23.81280509630839,0.5937849427305926,17.64294863942181,,,0.0,-1,-1,0,80,delayed
41,113,9,-35.276561614886994,5.3454344007704,-31.297278616163467,1.3591084134271796,40.38276858829208,,,0.0,-1,-1,0,80,delayed
41,135,7,-34.57084679533438,-21.857243129185267,-15.059134892054967,0.3232289605333936,9.604002289515375,,,0.0,-1,-1,0,80,delayed
41,329,8,-20.03764929802695,17.528156757354736,9.712127685546875,2.2725622042200095,67.52393899475535,,,0.0,-1,-1,0,80,delayed
41,423,8,-1.045586430201273,-24.32118222117424,-11.930386066436768,3.1766286620867765,94.38618647684459,,,0.0,-1,-1,0,80,delayed
41,487,8,-11.27521068221239,4.011384725570679,-16.342344760894775,1.628462478972689,48.38600275988509,,,0.0,-1,-1,0,80,delayed
41,615,8,-31.38240585763912,-10.78016197681427,-21.156288623809814,2.0966823258422047,62.29807448115274,,,0.0,-1,-1,0,80,delayed
41,739,7,-30.38545496270706,-19.248310361589706,-21.887025833129883,0.5615898058993422,16.686344480783475,,,0.0,-1,-1,0,80,delayed
41,921,8,-18.632771113731174,31.280483841896057,24.335193634033203,1.6569313225216413,49.23188871692558,,,0.0,-1,-1,0,80,delayed
41,1099,10,-32.016345298470405,-24.841484451293944,3.810591983795166,2.5741944251714606,76.48624403025991,,,0.0,-1,-1,0,80,delayed
41,1175,7,-19.576724354177397,3.487816946847098,-10.482613154820033,0.8033104194376557,23.868514426242875,,,0.0,-1,-1,0,80,delayed
41,1595,6,4.015077992618029,-6.641762653986613,29.10442050298055,1.3206653732531222,39.240522407014545,,,0.0,-1,-1,0,80,delayed
41,1619,6,-11.651397176660398,-18.16554355621338,-31.964897950490315,1.2191741306607178,36.22494445689917,,,0.0,-1,-1,0,80,delayed
41,1623,6,-27.555875138902916,26.640949726104736,41.712137858072914,1.5232086688394326,45.258628802329156,,,0.0,-1,-1,0,80,delayed
41,1849,7,6.168159641121952,-35.05235290527344,9.763524872916085,3.3156735160683986,98.51758328541388,,,0.0,-1,-1,0,80,delayed
41,1975,7,-7.897572857384942,48.24350425175258,29.54107093811035,1.811232503084454,53.81659204596739,,,0.0,-1,-1,0,80,delayed
41,2073,7,-18.312904625507333,-7.985158579690116,-14.07731989451817,1.7759138471017228,52.76717972734038,,,0.0,-1,-1,0,80,delayed
41,2121,8,-2.1960749729585984,23.600658774375916,9.652136087417603,2.6840534692310136,79.75045188134729,,,0.0,-1,-1,0,80,delayed
41,2163,7,-19.023718998922398,-15.784247534615654,-5.763570513044085,1.2813112006402165,38.07120402894401,,,0.0,-1,-1,0,80,delayed
41,2343,7,17.05443222735624,-8.056419100080218,9.1299193246024,1.8508721830492985,54.994393615819895,,,0.0,-1,-1,0,80,delayed
41,3427,6,-26.181257032662334,-36.94999885559082,-15.526767412821451,0.5073371495052191,15.074352054852275,,,0.0,-1,-1,0,80,delayed
41,3573,7,-33.037402313138536,9.580607754843575,-10.683257920401436,1.7410596675192327,51.731568252560926,,,0.0,-1,-1,0,80,delayed
41,3729,11,-30.328474963976475,-12.634380015459927,-21.14938839999112,1.9906694250765442,59.148145898047375,,,0.0,-1,-1,0,80,delayed
41,3757,12,6.322786315124925,9.415322621663412,2.1276694933573403,3.7916247631268236,112.6593757129973,,,0.0,-1,-1,0,80,delayed
41,4001,6,-6.101981091035618,-28.068142890930176,-1.0669320424397786,0.7547931464155799,22.426935675328576,,,0.0,-1,-1,0,80,delayed
41,4049,6,-24.59584612531503,-20.391780535380047,-25.423277854919434,0.6118161168374356,18.178703347536455,,,0.0,-1,-1,0,80,delayed
41,4051,8,4.3300784391490375,0.2944459915161133,-17.821498960256577,1.345074778037517,39.9657915136199,,,0.0,-1,-1,0,80,delayed
41,4103,6,-13.571988366709363,26.470056533813477,3.864422162373861,1.1472106081950362,34.08671453659291,,,0.0,-1,-1,0,80,delayed
41,4223,7,3.949090690927492,-8.392927987234932,-20.919785703931534,2.504745283126009,74.42272311892594,,,0.0,-1,-1,0,80,delayed
41,4245,13,1.3384547819270485,-24.141850544856144,-14.758407446054312,3.765756218360549,111.89075163070049,,,0.0,-1,-1,0,80,delayed
41,4369,9,-20.227050811191877,11.944087584813436,28.207893053690594,2.866367442974591,85.16749068367042,,,0.0,-1,-1,0,80,delayed
41,4567,7,-20.242331482510938,-15.285423006330218,-16.903994696480886,1.9818218086602393,58.885259403660484,,,0.0,-1,-1,0,80,delayed
41,4715,7,32.99526175217291,12.712119783673968,23.83877726963588,1.3963726019177765,41.489987913534605,,,0.0,-1,-1,0,80,delayed
41,4791,8,34.419002813635664,9.976500749588013,18.474000096321106,1.5301277421408588,45.46421309068799,,,0.0,-1,-1,0,80,delayed
41,5033,8,-16.92296025652765,1.3405921459197998,-4.083026885986328,2.056265804360894,61.09719085921424,,,0.0,-1,-1,0,80,delayed
41,5539,10,-1.4756452065521501,10.885470008850097,6.401587009429932,4.305354642573643,127.92367297849546,,,0.0,-1,-1,0,80,delayed
41,5701,7,-34.512980535929714,-3.99059990474156,-28.40342221941267,1.147241496489832,34.0876323109577,,,0.0,-1,-1,0,80,delayed
41,5783,8,-5.729623817938723,-34.5851993560791,-19.41622531414032,2.495832271167113,74.15789354697652,,,0.0,-1,-1,0,80,delayed
41,5877,7,-11.917630489912767,-28.78932809829712,-16.662499564034597,2.126515612429716,63.184501712850704,,,0.0,-1,-1,0,80,delayed
41,5929,8,-8.512992915477952,10.361011147499084,-1.6869990825653076,2.2162952599055528,65.85209665387003,,,0.0,-1,-1,0,80,delayed
41,5951,6,-33.585144013172275,-4.350862105687459,6.686478614807129,1.6944593449339083,50.346947258009365,,,0.0,-1,-1,0,80,delayed
41,6149,6,4.143192749449661,24.16068108876546,13.220539808273315,1.8615239582538263,55.31088652314748,,,0.0,-1,-1,0,80,delayed
41,6227,9,-38.93741365013483,-25.22453286912706,-23.501808961232502,2.1115110988771013,62.73867723513503,,,0.0,-1,-1,0,80,delayed
41,6451,7,-20.98126091710807,-5.336634976523263,-8.318339620317733,4.801519761013155,142.66607392427463,,,0.0,-1,-1,0,80,delayed
41,6521,12,1.8738660827985256,15.842312415440878,-0.9937666257222494,3.0314793383768874,90.07340944433189,,,0.0,-1,-1,0,80,delayed
42,1178,6,-38.35102796921285,-8.470787366231283,3.1562827428181968,2.6739033247643427,79.44886377322742,,,0.0,-1,-1,0,80,delayed
42,1388,7,-25.2757180941031,3.333418709891183,-0.10752241952078682,1.1610536490885761,34.49802853585838,,,0.0,-1,-1,0,80,delayed
42,1428,6,-41.89022952958081,4.979013125101726,-19.517367839813232,0.9494523554596266,28.21078464186055,,,0.0,-1,-1,0,80,delayed
42,1430,6,-10.562276879589243,-31.333599090576172,14.601545651753744,0.520296834249272,15.45941916563309,,,0.0,-1,-1,0,80,delayed
42,2056,9,-18.898231699015554,-14.616803487141928,-23.47927411397298,2.6562282485475732,78.92368969175563,,,0.0,-1,-1,0,80,delayed
42,2430,8,-6.465632552724866,-18.6782243847847,4.212299942970276,2.877581367641257,85.50068656437179,,,0.0,-1,-1,0,80,delayed
42,2620,7,-27.002509042597914,2.0507250343050276,-12.220582553318568,2.093439713985564,62.20172775639207,,,0.0,-1,-1,0,80,delayed
42,2782,11,-14.00233783990174,20.10919778997248,7.437540401111949,1.844638079845868,54.80916163246043,,,0.0,-1,-1,0,80,delayed
42,2938,6,-18.097412667877766,-21.629606246948242,0.4203058083852132,3.151731017569203,93.64641045381829,,,0.0,-1,-1,0,80,delayed
42,2942,8,-34.54603122920929,-22.23581600189209,-26.667612314224243,0.6609196396937563,19.63770115873864,,,0.0,-1,-1,0,80,delayed
42,2958,7,-20.362800058894027,26.263532366071427,-9.837307793753487,1.8691068137906222,55.53619356808638,,,0.0,-1,-1,0,80,delayed
42,2990,6,-21.57906941978243,17.481969197591145,-37.505927403767906,1.7237133552204171,51.21616263185923,,,0.0,-1,-1,0,80,delayed
42,3180,8,18.98902454661674,2.2654967308044434,7.399237155914307,2.197984382042721,65.30803119442768,,,0.0,-1,-1,0,80,delayed
42,3234,6,20.767539408020667,25.938900629679363,-17.455933729807537,1.9377642951586116,57.57619211017991,,,0.0,-1,-1,0,80,delayed
42,3512,9,-10.162700312114566,5.982821199629042,-36.43640645345052,3.0739783531014675,91.33616954492268,,,0.0,-1,-1,0,80,delayed
42,3628,10,-11.240833948446525,-10.148316574096679,14.380139923095703,1.7190974575576692,51.07901189001963,,,0.0,-1,-1,0,80,delayed
42,3778,9,-19.388607576728116,21.206221050686306,7.3331038157145185,2.2258163932366584,66.1349951483608,,,0.0,-1,-1,0,80,delayed
42,4058,11,-16.795412082440336,17.317793239246715,7.0209383531050245,2.0358538661785093,60.490697243315566,,,0.0,-1,-1,0,80,delayed
42,4112,7,-22.372455222985376,-15.222079140799385,-6.70579515184675,1.6433256123346593,48.827626451655085,,,0.0,-1,-1,0,80,delayed
42,4124,7,-35.04328222213655,4.402328627450125,-18.062700816563197,1.3090364085967034,38.89499457126419,,,0.0,-1,-1,0,80,delayed
42,4130,8,3.2184584528393296,12.016832709312439,6.805779695510864,3.6815100819917093,109.38757219642585,,,0.0,-1,-1,0,80,delayed
42,4166,6,-38.982025257923084,-5.8103868166605634,-18.528955459594727,1.0435521151917337,31.006741744276916,0.7520105242729187,147.87356567382812,147.87356567382812,5,3,1,80,delayed
42,4324,8,-15.371363027629055,-5.767663955688477,30.192923426628113,2.221944210556278,66.01994218012916,,,0.0,-1,-1,0,80,delayed
42,4536,7,-21.529807774539528,4.86552483694894,3.174429484776088,2.0792744121939473,61.7808385185779,,,0.0,-1,-1,0,80,delayed
42,4608,7,-24.12399166054894,-12.76754447392055,-15.882591451917376,2.5558218605418066,75.94034569096418,,,0.0,-1,-1,0,80,delayed
42,4720,7,-29.83775820460334,-6.627245903015136,-17.691821711403982,1.5742746723572814,46.775937195402896,,,0.0,-1,-1,0,80,delayed
42,4898,6,-2.6931564833769257,-13.745399475097656,9.39306608835856,1.4004437082190937,41.61095143788646,,,0.0,-1,-1,0,80,delayed
42,4912,7,-9.968058170014254,-30.424365997314453,11.922401700701032,1.3417777593664981,39.86782821598473,,,0.0,-1,-1,0,80,delayed
42,5162,10,-16.819078056049175,2.1643468379974364,7.861152648925781,2.059195953255286,61.18425346846784,,,0.0,-1,-1,0,80,delayed
42,5188,6,-32.81618606760129,10.285956700642904,-5.750345230102539,1.0966172200014934,32.58344881670415,,,0.0,-1,-1,0,80,delayed
42,5772,6,-22.417087045433714,23.06603717803955,-12.903316815694174,1.5310103751180184,45.49043849177661,,,0.0,-1,-1,0,80,delayed
42,5814,12,-0.9826527623188331,22.615709622701008,14.646159648895264,2.442520069767389,72.57384456987644,,,0.0,-1,-1,0,80,delayed
42,5962,8,-47.282384796897105,9.498459577560425,1.6131490767002106,2.6572145355273364,78.95299493221468,,,0.0,-1,-1,0,80,delayed
42,6032,6,-0.2580931512816065,-29.014987309773762,3.1577540238698325,0.965126249186306,28.67649820598006,,,0.0,-1,-1,0,80,delayed
42,6610,8,-36.34272805463158,-36.05742597579956,-31.150107741355896,1.8939312522507827,56.273794442135184,,,0.0,-1,-1,0,80,delayed
42,6650,6,-23.376747433793895,43.86426909764608,13.081977287928263,2.0973475342535792,62.31783961326003,,,0.0,-1,-1,0,80,delayed
42,6668,7,-24.341741994551537,-13.614754813058036,4.1720796312604636,1.2452212340583886,36.99887399667081,,,0.0,-1,-1,0,80,delayed
43,36,6,-43.524804424721346,1.8290249506632488,-13.235867182413736,2.0016881048462576,59.47554052741826,,,0.0,-1,-1,0,80,delayed
43,510,12,-24.51096123580297,-24.38007140159607,-2.200834592183431,2.755620848963884,81.87691133496452,,,0.0,-1,-1,0,80,delayed
43,592,8,-28.97709541509224,10.291730165481567,-10.076957941055298,1.8725051165478979,55.637166288499444,,,0.0,-1,-1,0,80,delayed
43,758,6,-0.4173398412377492,-16.036299069722492,-14.869433244069418,2.207873691209441,65.60186918382742,,,0.0,-1,-1,0,80,delayed
43,824,8,-27.25227284306362,18.449597358703613,2.236680507659911,1.662169974448639,49.38754316390903,,,0.0,-1,-1,0,80,delayed
43,1180,6,-28.233097030489876,-21.292436917622883,-13.50522549947103,1.2341946951558904,36.671245851314445,,,0.0,-1,-1,0,80,delayed
43,1394,7,-13.748242247238919,2.292220320020403,6.507847922188895,1.1535174745809622,34.274108509924204,,,0.0,-1,-1,0,80,delayed
43,1414,6,-0.3827500374577421,3.0529945691426597,20.989276885986328,1.2636726389708481,37.54711489294325,,,0.0,-1,-1,0,80,delayed
43,1664,10,-8.157489135877178,14.937037658691406,6.7793597221374515,4.350160749082561,129.25498298483222,,,0.0,-1,-1,0,80,delayed
43,1698,7,-39.65430483281164,-0.22169930594308035,-22.797579629080637,0.9425118055689362,28.004562226237006,,,0.0,-1,-1,0,80,delayed
43,1988,6,-20.329386830497555,-23.024467786153156,-7.319249153137207,0.8633843240141983,25.653471801786072,,,0.0,-1,-1,0,80,delayed
43,2082,6,-7.217235632665982,-22.83509922027588,11.637778600056967,1.5895158174489297,47.22879263296479,,,0.0,-1,-1,0,80,delayed
43,2296,6,-28.086755552959072,2.5772629578908295,-1.3671503067016602,1.3541544265670629,40.23557230653479,,,0.0,-1,-1,0,80,delayed
43,2824,6,22.010983445033403,53.05096244812012,44.75127569834391,1.7196446783996915,51.09527129391393,,,0.0,-1,-1,0,80,delayed
43,2842,8,1.1111750680924004,-10.530749797821045,-40.97655010223389,2.1557798537613557,64.05402107858515,,,0.0,-1,-1,0,80,delayed
43,3052,7,20.04466254978832,-17.518258503505162,-2.081766264779227,1.7580021712066918,52.234975632691594,,,0.0,-1,-1,0,80,delayed
43,3184,7,-28.457219826396287,-0.748237064906529,-31.391151700701034,1.0555956981689258,31.364589006156077,,,0.0,-1,-1,0,80,delayed
43,3324,7,-19.062148366409616,-20.111356326511928,-19.83630153111049,1.6485645997484344,48.98329086685355,,,0.0,-1,-1,0,80,delayed
43,3424,7,-23.55383005977955,-6.8726991925920755,-21.73658643450056,1.2510795296873831,37.17293972562245,,,0.0,-1,-1,0,80,delayed
43,3950,7,-30.029674123826958,-1.512309959956578,-5.151196888514927,1.6298082354696737,48.425988807103266,,,0.0,-1,-1,0,80,delayed
43,4116,6,-23.66065100992617,-9.232880274454752,-4.743456761042277,1.1341297169264846,33.69804605377887,,,0.0,-1,-1,0,80,delayed
43,4234,6,14.647331596285868,18.031600634257,40.5127321879069,2.281751707593504,67.79698387072473,,,0.0,-1,-1,0,80,delayed
43,4368,9,19.5031098061429,45.62093310885959,-11.629522959391275,3.73550119250457,110.99179339035383,,,0.0,-1,-1,0,80,delayed
43,4694,7,-9.118530048991483,-2.4941248893737797,13.14571053641183,3.5580791290750797,105.72010640854543,,,0.0,-1,-1,0,80,delayed
43,4700,8,23.645986880303163,8.365711092948914,11.468407988548279,2.6441860255385814,78.56588283819163,,,0.0,-1,-1,0,80,delayed
43,4744,6,-16.64058981417212,-2.604974349339803,6.557153860727946,0.7979790480284129,23.71010503391574,,,0.0,-1,-1,0,80,delayed
43,5048,8,-26.3609089099619,2.5911195874214172,6.325377702713013,1.4473981945948866,43.00609559177655,,,0.0,-1,-1,0,80,delayed
43,5750,6,-32.50487783358121,26.511625051498413,31.17215061187744,3.0561642042370805,90.80686324081857,,,0.0,-1,-1,0,80,delayed
43,5994,12,-20.586844775114866,-25.188352584838867,-3.1860989332199097,3.9911284571107126,118.5871673645442,,,0.0,-1,-1,0,80,delayed
43,6188,772,-49.82851434319326,-28.589607830492326,34.97485037757943,314.16110089134065,9334.571776174082,,,0.0,-1,-1,0,80,delayed
43,6214,6,-3.492179840972644,-15.029412031173706,-7.594696124394734,0.8763374296256904,26.038343428832786,,,0.0,-1,-1,0,80,delayed
43,6398,6,6.1037699901032285,-16.650592982769012,11.688584963480631,1.1961417042939482,35.54058908479849,,,0.0,-1,-1,0,80,delayed
43,6624,7,-15.15921506639879,-8.088090079171318,-2.5739342825753346,0.7173778575563828,21.315226751494432,,,0.0,-1,-1,0,80,delayed
44,78,8,-3.817427052341655,26.58668041229248,21.4219172000885,1.4963187498586457,44.45965694340231,,,0.0,-1,-1,0,80,delayed
44,204,15,-25.57669197748424,-37.291787465413414,-45.3338259379069,4.92639148875418,146.37634900959347,,,0.0,-1,-1,0,80,delayed
44,248,6,-18.811885117381667,-39.99375597635905,-21.848365306854248,1.0758571690074796,31.966611832332617,,,0.0,-1,-1,0,80,delayed
44,432,7,-17.27783277987523,-1.3737483705793108,1.994668960571289,1.3475455132187892,40.039203705084944,,,0.0,-1,-1,0,80,delayed
44,472,11,-17.013827749420056,11.679559707641602,25.42466995932839,2.8145821782509333,83.62881110450013,,,0.0,-1,-1,0,80,delayed
44,532,8,16.300343788487474,-1.936410903930664,23.77165389060974,2.7370558376359977,81.32529488635276,,,0.0,-1,-1,0,80,delayed
44,596,9,-25.04028494310783,4.267724990844727,-29.609894858466255,2.3218713432992177,68.98904621729281,,,0.0,-1,-1,0,80,delayed
44,850,8,-15.638469899695433,14.89200496673584,4.93408226966858,6.439083128710871,191.32248858044397,,,0.0,-1,-1,0,80,delayed
44,1040,6,-20.295195584976835,-14.872374773025513,24.938307285308838,0.8059125334977323,23.94583023776335,,,0.0,-1,-1,0,80,delayed
44,1196,8,-33.51366992131509,-25.32922412455082,-32.00352609157562,0.8148784393384997,24.2122314292909,,,0.0,-1,-1,0,80,delayed
44,1226,6,-11.749371782916555,-7.907299359639485,-23.745200792948406,1.735393812548887,51.56322045347302,,,0.0,-1,-1,0,80,delayed
44,1240,8,-31.691718526056512,23.16765058040619,-32.502350091934204,2.344926952921588,69.67409042630804,,,0.0,-1,-1,0,80,delayed
44,1282,6,-5.792461756083141,-26.64556821187337,-25.064486185709637,1.461351666012074,43.420690779089625,,,0.0,-1,-1,0,80,delayed
44,1410,10,-18.62140095191354,14.961979198455811,7.2228833675384525,3.111908412813762,92.46317369615095,,,0.0,-1,-1,0,80,delayed
44,1596,8,28.92425789942577,-11.871341943740845,12.375992834568024,1.8926400643506682,56.235429774784734,,,0.0,-1,-1,0,80,delayed
44,1618,10,22.062040029042045,12.60641655921936,-25.435538864135744,2.0091718667710725,59.69790323446501,,,0.0,-1,-1,0,80,delayed
44,1834,6,-22.56660776284046,-4.429381052652995,12.870984554290771,0.7171997268528044,21.309934008906712,,,0.0,-1,-1,0,80,delayed
44,1900,6,-14.862055564858126,-28.225180625915527,9.69181458155314,1.154910890089105,34.315510634623585,,,0.0,-1,-1,0,80,delayed
44,2000,7,-1.803408108611539,-13.210944243839808,-32.523406164986746,1.930531251494567,57.361278917392326,,,0.0,-1,-1,0,80,delayed
44,2034,10,-17.990279108421007,43.03196984529495,20.626537132263184,3.624424726502782,107.69141265704319,,,0.0,-1,-1,0,80,delayed
44,2044,9,-11.003183088175803,6.54630872938368,-3.1679729885525174,1.666035655849584,49.50240296163243,,,0.0,-1,-1,0,80,delayed
44,2174,6,-19.61098321352813,1.8428812026977528,-7.025119463602702,1.9430156799511544,57.732224884865325,,,0.0,-1,-1,0,80,delayed
44,2210,7,-14.98098302559364,17.134244101388113,-2.467043467930385,1.15289682961632,34.25566747774825,,,0.0,-1,-1,0,80,delayed
44,2336,13,-18.655322887747165,-12.257451295852661,-11.572827265812801,3.8267262238314443,113.70233457539686,,,0.0,-1,-1,0,80,delayed
44,2830,14,-11.012745666622482,1.9913411821637834,9.700812544141497,4.322994468546861,128.4477996803661,,,0.0,-1,-1,0,80,delayed
44,2838,6,-10.772401717855482,-5.958187739054362,17.160332997639973,1.9706571324868833,58.55352682823264,,,0.0,-1,-1,0,80,delayed
44,3538,6,-19.235816880221865,1.2008753617604573,17.272653738657635,1.5572863181473795,46.27116747285776,,,0.0,-1,-1,0,80,delayed
44,3686,6,10.256688712102289,-1.2239688237508126,14.644585291544596,1.749916401840788,51.99472566445086,,,0.0,-1,-1,0,80,delayed
44,4188,13,26.836246824634625,25.529607626108024,29.96626853942871,4.501122482881775,133.74046236342602,,,0.0,-1,-1,0,80,delayed
44,4246,9,-20.329056236314543,-6.19528311656581,-10.631872389051649,2.132778306757987,63.37058321547348,,,0.0,-1,-1,0,80,delayed
44,4298,7,-36.78981295054623,-41.52124295915876,-44.17327199663435,1.9619699781240156,58.29540809328798,,,0.0,-1,-1,0,80,delayed
44,4328,6,-37.09428016151549,-21.874399185180664,-32.68710112571716,0.5858816516775355,17.408120592940424,,,0.0,-1,-1,0,80,delayed
44,4382,7,3.6370865500535814,-34.363498960222515,-42.202986580984934,1.28269563830555,38.11233939777238,,,0.0,-1,-1,0,80,delayed
44,4474,6,-11.680590733615821,55.46656862894694,30.095980644226074,1.4026989435402766,41.67796054855617,,,0.0,-1,-1,0,80,delayed
44,4518,6,-14.745380941092762,-39.84595553080241,-21.441915194193523,1.4610199486304318,43.41083456296498,,,0.0,-1,-1,0,80,delayed
44,5096,10,-5.341658048800417,22.67991065979004,18.132412052154542,2.1568983862447184,64.08725568885455,,,0.0,-1,-1,0,80,delayed
44,5174,9,-10.686247664549107,-20.076165835062664,-23.858011881510418,1.1217534922495154,33.33031511179575,,,0.0,-1,-1,0,80,delayed
44,5216,8,10.135088831772778,-12.789318323135376,35.738887906074524,2.4143432914034837,71.73663665548796,,,0.0,-1,-1,0,80,delayed
44,5244,7,-12.908964370906375,-1.7735995054244995,5.738378524780273,2.1540568989345905,64.00282745387503,,,0.0,-1,-1,0,80,delayed
44,5356,7,-37.779613489481896,-11.67883791242327,-20.438058580671036,0.7096909992312224,21.086829503821455,,,0.0,-1,-1,0,80,delayed
44,5540,11,-32.09561763704659,-21.39908807927912,5.9888200759887695,2.788390223002836,82.85057762642779,0.32847970724105835,179.59828186035156,249.01596069335938,5,10,2,80,delayed
44,5692,10,-37.229808878787324,-10.816188383102418,-19.444096660614015,3.305530734258129,98.21621394163002,,,0.0,-1,-1,0,80,delayed
44,5780,6,-8.934692464310448,40.64500045776367,4.960537711779277,2.339646019917512,69.51717969473798,,,0.0,-1,-1,0,80,delayed
44,6028,13,-11.832843684030264,-7.256411171876467,27.662451670720028,4.474756762719834,132.9570658621282,,,0.0,-1,-1,0,80,delayed
44,6046,7,-5.9845162081829,42.66933250427246,25.47255277633667,1.7008627657161475,50.53721012230182,,,0.0,-1,-1,0,80,delayed
44,6070,7,-1.171366166961642,-20.827922684805735,0.029779979160853794,1.4791309893620759,43.94896232343912,,,0.0,-1,-1,0,80,delayed
44,6158,7,-45.47982305061685,-24.961043221609934,-36.03101757594517,0.383603531710016,11.3978932788993,,,0.0,-1,-1,0,80,delayed
44,6438,6,-9.844271820879102,10.673932393391928,16.453664143880207,0.9735632214910614,28.927183358689565,,,0.0,-1,-1,0,80,delayed
45,32,6,-7.683340903437677,-30.964098771413166,-30.16673405965169,1.5596765296502615,46.34218708913293,,,0.0,-1,-1,0,80,delayed
45,140,9,-3.238866937078577,-4.264645920859443,-5.088254451751709,2.505600358996122,74.44812972420267,,,0.0,-1,-1,0,80,delayed
45,472,8,-45.48732856446998,24.019809395074844,32.90638780593872,1.6344901513296777,48.56510112725117,,,0.0,-1,-1,0,80,delayed
45,534,6,-11.181240810943459,3.791994253794353,4.899022738138835,1.1350884392630147,33.726532274505665,,,0.0,-1,-1,0,80,delayed
45,560,6,-16.83494479364727,13.874725421269735,26.036099990208943,1.1249723934466689,33.42595732905305,,,0.0,-1,-1,0,80,delayed
45,804,13,-9.875326476406174,7.889535830571101,-5.704851480630728,3.031671447954966,90.07911753690087,,,0.0,-1,-1,0,80,delayed
45,814,6,-35.3093126938989,40.972930908203125,-4.540231386820476,1.667331340052035,49.540901226225714,,,0.0,-1,-1,0,80,delayed
45,974,8,-40.226064825775154,-11.084999084472656,-32.718225955963135,1.2850352219304255,38.18185472354251,,,0.0,-1,-1,0,80,delayed
45,1120,7,-16.745353242247923,1.1441307067871094,7.567580189023699,1.3127405406561012,39.00505430328949,,,0.0,-1,-1,0,80,delayed
45,1192,7,-0.5521192710347803,1.9953008379255022,-3.9872721263340543,1.8868372438588739,56.06301236145373,,,0.0,-1,-1,0,80,delayed
45,1276,6,-6.026608120132437,-16.15176804860433,-17.22184880574544,1.247903058814298,37.07855822748147,,,0.0,-1,-1,0,80,delayed
45,1284,11,-16.713703347065987,17.67049789428711,17.372928619384766,2.7034554076133355,80.32693568508,,,0.0,-1,-1,0,80,delayed
45,1378,8,-18.337517350142416,2.5495505332946777,-25.402125358581543,1.9820070190382832,58.890762502429354,,,0.0,-1,-1,0,80,delayed
45,1496,6,-29.821093953423368,25.047481218973797,-33.63541475931803,2.332274909383649,69.29816416368324,,,0.0,-1,-1,0,80,delayed
45,1686,10,-38.70228829373256,26.764732360839844,-14.053132915496827,2.586878871780442,76.86313307532835,,,0.0,-1,-1,0,80,delayed
45,1762,6,-42.15006639100105,27.1998192469279,-48.67406415939331,1.7794973457299472,52.87365511547746,,,0.0,-1,-1,0,80,delayed
45,1880,9,-49.17032840358447,5.9027623600429955,-49.62041770087348,2.348552934557458,69.78182809893232,,,0.0,-1,-1,0,80,delayed
45,1922,6,27.46326722984959,14.507493019104004,14.247372309366861,2.662981453774019,79.12434559322348,,,0.0,-1,-1,0,80,delayed
45,2206,8,-8.402582916027855,15.972792625427246,31.55776357650757,2.758904631360461,81.97448134726464,,,0.0,-1,-1,0,80,delayed
45,2264,6,0.9228831272532739,13.722306569417318,5.454742987950643,1.6088197703664602,47.802365024840554,,,0.0,-1,-1,0,80,delayed
45,2400,7,-29.53626846304939,-24.604740687779017,-25.54111671447754,1.892974689153775,56.245372378225554,,,0.0,-1,-1,0,80,delayed
45,2814,6,-49.266711852202924,-18.5073299407959,-31.78791618347168,0.5503295502444124,16.351771981735077,,,0.0,-1,-1,0,80,delayed
45,3068,7,-4.144884660227056,-10.483242307390485,2.4103565216064453,1.6278703467395197,48.368408917694495,,,0.0,-1,-1,0,80,delayed
45,3082,7,-36.676972351085205,12.32018552507673,-35.932042939322336,1.861450783304527,55.30871229847578,,,0.0,-1,-1,0,80,delayed
45,3270,7,-5.215596748980657,-37.58210754394531,-7.182127680097308,0.9759380260942284,28.997745194511236,,,0.0,-1,-1,0,80,delayed
45,3278,7,-1.122622493169273,26.912796088627406,44.80670057024275,2.001021436231225,59.4557320087306,,,0.0,-1,-1,0,80,delayed
45,3646,9,5.609293191744933,11.445263332790798,-15.056635538736979,1.9637362968997845,58.34789017762382,,,0.0,-1,-1,0,80,delayed
45,3738,9,-2.412840555253792,3.088404337565104,-16.755354139539932,2.2642491873954054,67.27693689294946,,,0.0,-1,-1,0,80,delayed
45,3862,6,-4.783517452450013,7.043594678243001,-4.216919581095378,0.8965336321086472,26.63842695651469,,,0.0,-1,-1,0,80,delayed
45,4118,9,-1.228579234643075,-22.816624535454643,-6.232861465877956,3.7930491800973267,112.70169897457434,,,0.0,-1,-1,0,80,delayed
45,4146,9,-6.777324282027911,-20.467220306396484,-13.030543910132515,1.2928356459186396,38.413626312692124,,,0.0,-1,-1,0,80,delayed
45,4182,10,10.984639303304675,-0.1939870834350586,-1.5574428558349596,2.205229020961733,65.52328891344547,,,0.0,-1,-1,0,80,delayed
45,4282,8,-31.842372647951663,-12.380558490753174,-0.18926605582237244,1.5861036720781079,47.12740861125011,,,0.0,-1,-1,0,80,delayed
45,4294,6,-6.317502176126446,-28.377599477767944,-26.25003393491109,1.4328921859794927,42.57508303731958,,,0.0,-1,-1,0,80,delayed
45,4326,9,2.300823175996798,-18.096262137095135,4.649051030476888,2.3106551196387373,68.65578202729817,,,0.0,-1,-1,0,80,delayed
45,4572,6,-22.13290483852187,13.588363647460938,-13.799354871114096,1.7263238701090016,51.29372805460293,,,0.0,-1,-1,0,80,delayed
45,4720,6,-18.692151181220094,-10.369092941284181,-26.014477888743084,1.0454870156449396,31.064232843935535,,,0.0,-1,-1,0,80,delayed
45,5084,9,-11.694713458269803,-27.432295481363933,-1.883960035112169,1.5221300794509012,45.226581008901825,,,0.0,-1,-1,0,80,delayed
45,5104,12,-21.092068854521028,-3.7943027019500732,7.5478755235672,3.045921814264036,90.50253427045371,,,0.0,-1,-1,0,80,delayed
45,5282,6,-37.92836661970125,-31.379788398742676,11.594533522923788,1.4555285110470204,43.24766917383406,,,0.0,-1,-1,0,80,delayed
45,5410,10,-21.655990872175884,-4.639071655273438,-6.05707049369812,1.698415734705633,50.46450224554254,,,0.0,-1,-1,0,80,delayed
45,5434,8,7.613736665575242,22.17346453666687,14.087238907814026,4.129828879049445,122.70833017018552,,,0.0,-1,-1,0,80,delayed
45,5442,11,-12.888264715569854,-20.79949053851041,-5.6915414116599345,1.9497256618367151,57.93159650455308,,,0.0,-1,-1,0,80,delayed
45,5580,10,7.359050873201845,11.212477111816407,2.3879349708557127,2.5632643194059495,76.16148117292379,,,0.0,-1,-1,0,80,delayed
45,5832,10,35.64324620296937,16.494480180740357,-26.090559673309325,3.372935946525722,100.21900419865081,,,0.0,-1,-1,0,80,delayed
45,5970,10,9.113596994219852,-18.894382286071778,4.550391960144043,2.3361111841964943,69.41215021253537,,,0.0,-1,-1,0,80,delayed
45,5988,7,-15.770428302423577,-16.956090654645646,-27.661841528756277,1.8091433710256808,53.7545183102401,,,0.0,-1,-1,0,80,delayed
45,6184,10,-30.761844738940532,36.31723124533892,-13.60318374633789,3.4544528621168897,102.64109113875628,,,0.0,-1,-1,0,80,delayed
45,6436,7,-7.810908294067997,11.845114299229213,15.084324972970146,1.835452685138903,54.53623883603086,,,0.0,-1,-1,0,80,delayed
45,6542,6,-32.39046540569348,32.53909428914388,1.7597430547078463,1.578142466223939,46.89085976016768,,,0.0,-1,-1,0,80,delayed
45,6594,6,-10.955475267564225,36.16943073272705,-2.840531468391418,2.5125980853646377,74.65605100685544,,,0.0,-1,-1,0,80,delayed
46,150,10,11.240549970360508,5.719860243797302,-41.56521987915039,3.1452441600713206,93.45366846015966,,,0.0,-1,-1,0,80,delayed
46,170,8,-36.730521672855986,-18.14822244644165,-6.2179930210113525,1.6626791392554456,49.4026718205809,,,0.0,-1,-1,0,80,delayed
46,470,10,7.293880299519539,-22.751961517333985,8.202017688751221,1.718833931822321,51.071181831223356,,,0.0,-1,-1,0,80,delayed
46,704,7,-47.89274694507289,11.338372366768974,-10.313639913286481,1.4430618652752165,42.87725157778263,,,0.0,-1,-1,0,80,delayed
46,742,6,-17.34807178381428,-12.193498929341635,-15.962400833765665,1.0057691802641777,29.88410906634468,,,0.0,-1,-1,0,80,delayed
46,1188,7,-11.285144131915157,-17.514299665178573,-10.07484381539481,0.9317981232080949,27.686229890691124,,,0.0,-1,-1,0,80,delayed
46,1272,11,-29.31491232572819,-1.75092567097057,25.004746176979758,2.4950151504260214,74.13361469072768,,,0.0,-1,-1,0,80,delayed
46,1412,8,-34.326519012913074,-34.71683311462402,-10.744419813156128,0.48998042220458393,14.55863697641773,,,0.0,-1,-1,0,80,delayed
46,1640,6,-45.966504867348085,-13.81468137105306,24.684277216593426,1.7462415920155445,51.88553717491413,,,0.0,-1,-1,0,80,delayed
46,1666,8,-4.9403326492688,-11.99258403480053,-3.72843474149704,2.4461120790960065,72.68057283382615,,,0.0,-1,-1,0,80,delayed
46,1716,7,-38.73367099031344,-21.188185010637557,-36.4454436983381,1.101800899893147,32.737469896577075,,,0.0,-1,-1,0,80,delayed
46,1848,9,-34.11345655001803,27.946517096625435,4.21390798356798,2.8034943340187763,83.29936141281502,,,0.0,-1,-1,0,80,delayed
46,1852,7,-15.572012065355826,-9.97649874005999,-29.724443980625697,1.0268042886668627,30.509118746560876,,,0.0,-1,-1,0,80,delayed
46,2966,11,-26.35636290471417,22.250618761236016,18.057381759990346,4.08173798851577,121.27942039047997,,,0.0,-1,-1,0,80,delayed
46,2974,7,-42.26911733143137,6.009653500148228,1.2622675214494967,2.637860195023307,78.3779253895412,,,0.0,-1,-1,0,80,delayed
46,3002,6,-46.44984507626993,-33.03329849243164,-44.80670166015625,0.2695483627814663,8.00900726536499,,,0.0,-1,-1,0,80,delayed
46,3048,6,-15.01411710892207,4.193825403849284,2.826674461364746,1.473486606279896,43.78125251193366,,,0.0,-1,-1,0,80,delayed
46,3292,6,0.6035178922716765,9.23750098546346,-11.372833887736002,1.8325974774292648,54.45140293105763,,,0.0,-1,-1,0,80,delayed
46,3924,8,9.644833584812321,-37.00657892227173,-37.329995691776276,1.7779481753851898,52.82762509541568,,,0.0,-1,-1,0,80,delayed
46,3958,7,-30.87916351148204,7.106277193341937,5.6672941616603305,1.7341354483392906,51.52583106630282,,,0.0,-1,-1,0,80,delayed
46,4040,6,-7.7209900196139,-20.414874235788982,4.1738786697387695,4.068613867486023,120.88946743512105,,,0.0,-1,-1,0,80,delayed
46,4126,9,-3.6521707463474105,17.7513953977161,18.443718062506782,4.261255624581255,126.61337247489779,,,0.0,-1,-1,0,80,delayed
46,4160,16,-48.11635373251896,-25.036511451005936,-2.9952341318130484,3.279831212559535,97.45261198954799,,,0.0,-1,-1,0,80,delayed
46,4176,6,-33.393171157054475,-14.632199764251709,-15.460633595784506,1.1729303596578962,34.85091756941351,,,0.0,-1,-1,0,80,delayed
46,4182,10,4.394199478885762,36.48350658416748,19.69905104637146,4.013881228837693,119.26321344469166,0.45939067006111145,91.09056854248047,91.09056854248047,4,8,1,80,delayed
46,4210,12,-18.699934164501226,-22.768127123514812,-5.597086866696675,2.0000485600759643,59.426825239958646,,,0.0,-1,-1,0,80,delayed
46,4212,6,-19.047700453018855,24.594844182332356,27.07678985595703,1.5068611659915172,44.772900498404425,,,0.0,-1,-1,0,80,delayed
46,4214,6,-14.279748967131098,-24.936630249023438,-33.792453130086265,1.730835901809958,51.427792659194175,,,0.0,-1,-1,0,80,delayed
46,4330,10,3.3286034252916905,4.1568756103515625,0.10996742248535156,2.767761015576142,82.23762835656687,,,0.0,-1,-1,0,80,delayed
46,4404,10,-39.888736466059214,-14.942579078674317,-32.608541107177736,1.1744552248206068,34.89622541710671,,,0.0,-1,-1,0,80,delayed
46,4438,6,-11.498862335786425,-34.589818477630615,-10.681697209676107,1.1440580959919449,33.9930449150149,,,0.0,-1,-1,0,80,delayed
46,4448,7,-19.438455022917406,-22.340233394077845,-28.87453487941197,1.21260327646398,36.02970669526604,,,0.0,-1,-1,0,80,delayed
46,4526,6,0.3804878415801056,-26.16059970855713,-19.591267108917236,2.2064973768688554,65.56097518083875,,,0.0,-1,-1,0,80,delayed
46,4754,6,2.014589439910612,12.401344299316406,-5.331714948018392,1.7405333247937518,51.715929193696105,,,0.0,-1,-1,0,80,delayed
46,4882,6,-9.459852811833466,20.43335024515788,9.179133097330729,1.8707639469651427,55.58543145436941,,,0.0,-1,-1,0,80,delayed
46,5288,11,-23.893537535870532,-0.04282795299183239,-16.480979225852273,2.961847707743903,88.00446630594999,,,0.0,-1,-1,0,80,delayed
46,5662,6,-24.680990257696592,-4.30467414855957,-7.602463722229004,0.8543193444113115,25.38412686215917,,,0.0,-1,-1,0,80,delayed
46,6616,6,0.3796159865107853,-6.821893056233724,-0.30945642789204914,1.5439045323321212,45.87355860329526,,,0.0,-1,-1,0,80,delayed
46,6658,6,-12.560383308939313,-10.272099494934082,-19.868392546971638,1.6192382033124972,48.11192470569895,,,0.0,-1,-1,0,80,delayed
46,6708,7,-36.18663337442353,-25.68552827835083,1.5539673396519251,1.6879910320714506,50.154756275376386,,,0.0,-1,-1,0,80,delayed
46,6782,6,-33.920000476165384,-29.486098766326904,-35.04413445790609,0.4244847575051943,12.612584516612593,,,0.0,-1,-1,0,80,delayed
46,6846,6,-47.9895498664795,25.583256483078003,-6.0984272956848145,1.2560675294853998,37.32114662330018,,,0.0,-1,-1,0,80,delayed
46,6876,8,-34.05950208645648,-17.012010097503662,-14.198089718818665,1.9494067377553228,57.92212041180812,,,0.0,-1,-1,0,80,delayed
47,236,9,-23.053087235811645,-1.3148036532931857,-10.585685729980469,1.7972775145569315,53.401951781223424,,,0.0,-1,-1,0,80,delayed
47,276,8,-30.23734006599767,2.196216508746147,-7.876175403594971,2.9210969438716696,86.79365144306584,,,0.0,-1,-1,0,80,delayed
47,416,6,-20.95061295772941,2.4571752548217787,4.821974515914917,1.2092630926849308,35.93046084610558,,,0.0,-1,-1,0,80,delayed
47,466,8,-34.585288649961164,-11.386373236775398,1.9502668380737305,1.2335803871983333,36.652993108673094,,,0.0,-1,-1,0,80,delayed
47,1022,6,-47.26669659630554,13.680737177530924,-30.657792170842487,1.8927080668109069,56.23745031088629,,,0.0,-1,-1,0,80,delayed
47,1276,6,-14.205721148107259,-22.257754961649578,5.591834704081218,0.40130433231692636,11.923831701231538,,,0.0,-1,-1,0,80,delayed
47,1396,6,-12.517931170228243,-12.780080795288086,19.345002730687458,1.0203457447444946,30.31721802542809,,,0.0,-1,-1,0,80,delayed
47,1516,7,-26.030612053521768,-14.632199151175362,-4.430672373090472,0.8534627882959029,25.358676274811092,,,0.0,-1,-1,0,80,delayed
47,1932,6,-25.100990853071266,-18.257918039957683,-7.394619067509968,1.4189197640051052,42.15992477795245,,,0.0,-1,-1,0,80,delayed
47,1982,6,-42.40462693307642,-17.906893094380695,-11.246657252311707,1.1455236044851678,34.03658911631725,,,0.0,-1,-1,0,80,delayed
47,2178,7,-42.52107736148013,-8.828409944261823,-19.464161736624582,0.8546629946204625,25.394337634702666,,,0.0,-1,-1,0,80,delayed
48,164,8,5.0577160472201586,11.251275539398193,-6.645174980163574,3.8661454193461755,114.87358495886994,,,0.0,-1,-1,0,80,delayed
48,212,6,-25.402054628802947,-13.426706314086914,-19.143248399098713,1.2995245359119854,38.61237123549978,,,0.0,-1,-1,0,80,delayed
48,476,6,21.642055663999287,-10.895631154378256,-21.266402006149292,2.1630167174438,64.2690477743998,,,0.0,-1,-1,0,80,delayed
48,542,6,0.45598073996300315,37.11627558122078,-11.908607880274454,2.193008151326195,65.16017398783391,,,0.0,-1,-1,0,80,delayed
48,624,8,-11.099899827869882,-8.4730966091156,2.0219092369079608,2.2275975403025843,66.18791782110301,,,0.0,-1,-1,0,80,delayed
48,896,8,-28.07614251828131,-16.02821660041809,2.5749014616012573,2.651079366770092,78.77070255750326,,,0.0,-1,-1,0,80,delayed
48,1274,6,-16.934783037521772,-5.690299987792969,-24.772033373514812,1.5064795110391922,44.761560502663066,,,0.0,-1,-1,0,80,delayed
48,1490,6,-23.79229837596404,3.741188367207845,-6.614050547281901,1.3238908974920778,39.33636141266766,,,0.0,-1,-1,0,80,delayed
48,1614,6,-23.17373300286911,-12.193498929341635,-20.855334122975666,1.2432267957531764,36.939613867201146,,,0.0,-1,-1,0,80,delayed
48,1698,7,-10.809172276402156,-24.248437447207316,-12.95172391619001,1.7722264053372716,52.657615908894755,,,0.0,-1,-1,0,80,delayed
48,1702,6,-39.864997073122495,1.8567379315694172,-9.708613634109497,2.293751659968539,68.15353474999532,,,0.0,-1,-1,0,80,delayed
48,1724,7,-27.523649409824746,31.63975783756801,-16.66915730067662,3.0501146662900664,90.62711518792828,,,0.0,-1,-1,0,80,delayed
48,1772,11,-18.904180679322316,-7.656207821585915,2.7910030538385566,4.074573322226771,121.06653887352175,,,0.0,-1,-1,0,80,delayed
48,1796,6,-14.577753430466563,-11.232799530029297,-22.3255672454834,1.2766549907648355,37.932855502779056,,,0.0,-1,-1,0,80,delayed
48,1958,6,-16.31470739613881,-9.122031370798748,-29.36768976847331,2.2895411046458003,68.02842781993257,,,0.0,-1,-1,0,80,delayed
48,2012,6,-20.5023358493976,9.413013776143393,-13.993342399597168,1.6007739511413481,47.56330208279636,,,0.0,-1,-1,0,80,delayed
48,2130,7,-11.510928125819833,-30.38477655819484,-10.41927010672433,1.2009096801767785,35.68225847982883,,,0.0,-1,-1,0,80,delayed
48,2222,13,-16.258059484952618,-5.099099526038537,-2.8363155951866736,2.1038911455564975,62.51226791520185,,,0.0,-1,-1,0,80,delayed
48,2834,8,-28.964823102781615,-3.8797494173049927,-27.460882663726807,1.4878359083939572,44.20760889450835,,,0.0,-1,-1,0,80,delayed
48,2874,6,-2.3529785121099693,-12.267399152119955,-24.25473419825236,0.7546383395670124,22.422335947242264,,,0.0,-1,-1,0,80,delayed
48,3048,9,-20.334327918887897,38.344862620035805,49.68717964490255,2.4179719773525177,71.84445468053418,,,0.0,-1,-1,0,80,delayed
48,3120,7,-2.148571753189067,-3.4165548597063338,-15.010366712297712,2.1556966671827307,64.05154938146289,,,0.0,-1,-1,0,80,delayed
48,3128,6,2.2784773962761036,-25.42159954706828,-16.347433884938557,1.4173059008707398,42.11197256101052,,,0.0,-1,-1,0,80,delayed
48,3264,7,9.245498943218697,-9.735005038125175,-15.035381044660296,1.1473793007717945,34.09172684703297,,,0.0,-1,-1,0,80,delayed
48,3400,7,-48.751017296975185,-11.180013384137835,-34.60850122996739,0.7013614392280015,20.83933585965797,,,0.0,-1,-1,0,80,delayed
48,3596,7,-10.800152485772456,-4.240011487688337,-34.551638160433086,1.1932831823996217,35.45565470647904,,,0.0,-1,-1,0,80,delayed
48,3638,7,-37.98640500781682,8.879877635410853,7.607169015066964,1.1104009789178113,32.99300138888703,,,0.0,-1,-1,0,80,delayed
48,3720,6,-23.833600028826215,-12.955593029657999,0.06928094228108723,0.785685283375583,23.344824201165792,,,0.0,-1,-1,0,80,delayed
48,3826,6,-39.91154549570778,11.491449991861979,25.76191584269206,1.9990564707146974,59.39734759512975,,,0.0,-1,-1,0,80,delayed
48,3888,7,-40.491302062741106,-22.93407358442034,-17.632438114711217,2.556549202148356,75.96195696751263,,,0.0,-1,-1,0,80,delayed
48,4064,8,-12.514755840179122,7.7491078823804855,2.9260292053222656,2.361012240597841,70.15202761181058,,,0.0,-1,-1,0,80,delayed
48,4128,8,6.7060532350444575,-6.484724283218384,-12.747750639915466,1.3943571216702726,41.43010257133149,,,0.0,-1,-1,0,80,delayed
48,4262,6,-38.27386609924206,36.10476875305176,31.13058090209961,1.5563214725878183,46.242499314695934,,,0.0,-1,-1,0,80,delayed
48,4302,7,-29.433639374910893,-24.038613183157786,-36.82550116947719,0.8131760255351922,24.161648133667608,,,0.0,-1,-1,0,80,delayed
48,4358,7,-32.14611398588293,-6.112585340227399,-38.02901485988072,1.614515656105801,47.97160511889394,,,0.0,-1,-1,0,80,delayed
48,4454,7,-40.844016217505306,33.74194771902902,-23.94836643763951,2.122995423262067,63.079907419165394,,,0.0,-1,-1,0,80,delayed
48,4588,7,-43.7556543698902,-35.62243815830776,-18.387333461216517,0.40817420618818323,12.127954142114795,,,0.0,-1,-1,0,80,delayed
48,4676,7,-17.72752580426153,-3.832241875784738,-30.80127171107701,1.5497697678757265,46.04783053578663,,,0.0,-1,-1,0,80,delayed
48,5572,15,-13.710155135243948,-2.052572154998779,28.865799140930175,3.8962990422687658,115.76953024517051,,,0.0,-1,-1,0,80,delayed
48,5722,1964,-9.242546977523746,51.80338248555869,57.061451742702495,1156.947976007581,34376.037939456335,,,0.0,-1,-1,0,80,delayed
48,5806,7,-13.740550208701942,1.8013133321489607,-2.0659307752336775,1.493403604611049,44.37304013287274,,,0.0,-1,-1,0,80,delayed
48,5898,6,-13.505469513286267,-19.671255469322205,-8.715581258138021,1.6794533519501575,49.90107882241322,,,0.0,-1,-1,0,80,delayed
49,36,6,1.0992900168088227,-19.625068028767902,-4.560177326202393,1.2840138566464203,38.15150721226188,,,0.0,-1,-1,0,80,delayed
49,146,7,-24.57675136905114,24.7195497240339,2.6057822363717227,2.4229885061236085,71.993509250779,,,0.0,-1,-1,0,80,delayed
49,196,7,8.679492952275439,-13.606836591448102,-13.79353768484933,2.241170279868086,66.59120044047899,,,0.0,-1,-1,0,80,delayed
49,424,7,-39.90255366938199,-17.173831667218888,7.581978457314627,1.418742694772338,42.15466357451914,,,0.0,-1,-1,0,80,delayed
49,500,7,-8.78708901620011,-10.795997619628906,-8.251038006373815,1.2749344578144401,37.88173383853365,,,0.0,-1,-1,0,80,delayed
49,570,7,-22.10596121519041,-9.576647894723076,-0.7819771085466657,2.462038341108057,73.15378493887624,,,0.0,-1,-1,0,80,delayed
49,698,6,-6.721936804938868,3.8058506647745767,2.8529165585835776,1.321541115795613,39.26654307474564,,,0.0,-1,-1,0,80,delayed
49,744,6,-8.866903197558747,-15.893118778864542,16.23196490605672,1.5940599165404112,47.36381004602814,,,0.0,-1,-1,0,80,delayed
49,764,13,-16.268286202567097,0.7823459551884577,8.926669707665077,3.4795438449946627,103.38661176477527,,,0.0,-1,-1,0,80,delayed
49,770,18,-19.869963282855377,-15.720684899224175,-13.45036013921102,4.3253059659402115,128.51648048861213,,,0.0,-1,-1,0,80,delayed
49,1118,7,-14.827774033607422,-12.57355717250279,1.1659928730555933,1.2940448865832195,38.449556107138854,,,0.0,-1,-1,0,80,delayed
49,1288,6,27.403858783767944,-39.979899088541664,15.830133438110352,1.1785147667269602,35.01684533216216,,,0.0,-1,-1,0,80,delayed
49,1328,6,17.770139909036136,-29.116599400838215,-37.63063383102417,2.362185991227288,70.18690290180295,,,0.0,-1,-1,0,80,delayed
49,1356,14,14.553246365910372,-28.066823959350586,-1.8184972490583147,4.008328954694243,119.098240437639,,,0.0,-1,-1,0,80,delayed
49,1358,6,-16.925410434302687,-32.012555519739784,7.825838963190715,0.8243592755949078,24.493932589245148,,,0.0,-1,-1,0,80,delayed
49,1384,6,7.787907431296283,-19.80519986152649,-18.105499903361004,1.7757643821094853,52.762738720181595,,,0.0,-1,-1,0,80,delayed
49,1688,8,-9.682749331263489,-12.900168061256409,-16.92541015148163,1.8008600478973755,53.50839848806278,,,0.0,-1,-1,0,80,delayed
49,1690,8,-27.388715140958507,-0.10392141342163086,-13.773113071918488,1.2364505558616081,36.738273543841714,,,0.0,-1,-1,0,80,delayed
49,1696,7,-15.462541038008114,-36.10146876743862,-3.1915275028773715,1.7649813505314875,52.44234583276176,,,0.0,-1,-1,0,80,delayed
49,1748,6,15.507627037581578,-23.29235617319743,5.304002523422241,2.4544707950775106,72.92893278056886,,,0.0,-1,-1,0,80,delayed
49,1868,10,-10.343555696987988,-28.147585678100587,-25.68406925201416,2.374180688221332,70.54329762956107,,,0.0,-1,-1,0,80,delayed
49,2014,6,-25.449549645008286,-35.250298817952476,-28.089767773946125,0.7062336496453379,20.984102343223924,,,0.0,-1,-1,0,80,delayed
49,2020,7,-35.20898337184839,-7.320058822631836,-10.805984088352748,2.0737314611355413,61.616142525472114,,,0.0,-1,-1,0,80,delayed
49,2192,9,-5.643311608685987,-38.30483288235135,-7.732278082105848,1.333842611614227,39.63205362123713,,,0.0,-1,-1,0,80,delayed
49,2286,6,11.954249851459684,-7.325337727864583,20.60444974899292,1.6745166523654091,49.75439619213056,,,0.0,-1,-1,0,80,delayed
49,2430,9,20.23086418888063,-9.779433144463432,8.447900030348036,3.359350908812936,99.81535616822232,,,0.0,-1,-1,0,80,delayed
49,2530,7,-5.068546453473465,-13.171354310853141,5.865240369524274,0.8730715231505721,25.941304558266793,,,0.0,-1,-1,0,80,delayed
49,2720,7,-29.452328962483232,-6.057160513741629,12.930666991642543,2.7090695717323774,80.49374760986551,,,0.0,-1,-1,0,80,delayed
49,2888,6,-15.649638789387568,-20.79823048909505,-2.1861399014790854,0.9957024975781967,29.585000832341006,,,0.0,-1,-1,0,80,delayed
49,2902,6,17.08060602931358,-7.962725003560384,2.568024476369222,1.1292859172819807,33.554123730732684,,,0.0,-1,-1,0,80,delayed
49,2916,8,-7.448758611853727,-8.344926364719868,17.38282036781311,2.2289089792831396,66.22688420255298,,,0.0,-1,-1,0,80,delayed
49,2922,8,-13.057994602328888,-3.0726232528686523,8.092204570770264,2.4617640148628883,73.14563396786694,,,0.0,-1,-1,0,80,delayed
49,3100,7,-0.2830029954716297,-9.236179760524205,-17.125695364815847,1.7539842879057266,52.11559350691363,,,0.0,-1,-1,0,80,delayed
49,3124,10,-8.605090900409797,-5.437192320823669,9.319837188720703,2.1700826274383944,64.47899497607881,,,0.0,-1,-1,0,80,delayed
49,3146,10,-8.251679832324282,-1.3468271255493165,1.5603373527526856,3.729842454161934,110.82365704542744,,,0.0,-1,-1,0,80,delayed
49,3190,7,-5.502210891423302,-9.723128182547432,-25.213786125183105,2.198683709198119,65.32881008624011,,,0.0,-1,-1,0,80,delayed
49,3394,6,-1.2980494605595336,-16.47969929377238,-10.567700386047363,1.3367894503467743,39.71961213049789,,,0.0,-1,-1,0,80,delayed
49,3400,7,-15.917136976565672,-25.7607479095459,-8.408134596688408,1.3616332284893538,40.45778763855821,,,0.0,-1,-1,0,80,delayed
49,3516,7,-13.588596999023483,-29.81073134286063,7.539867537362235,1.1663431933487178,34.65519513102072,,,0.0,-1,-1,0,80,delayed
49,3528,7,-10.437529707683126,-12.597310202462333,-9.909829275948661,1.7803903545120594,52.90018880965451,,,0.0,-1,-1,0,80,delayed
49,3738,13,-28.47372409767758,2.3107964442326474,-10.113365760216347,3.4395820161246755,102.19923828398554,,,0.0,-1,-1,0,80,delayed
49,3768,7,11.262273606269462,-24.608699253627233,2.867071151733398,1.384572381480731,41.13937160765918,,,0.0,-1,-1,0,80,delayed
49,3798,7,18.57249263247815,-5.6493907655988425,-9.525812694004603,1.80260373777232,53.560208206856345,,,0.0,-1,-1,0,80,delayed
49,4044,6,-28.610525559673775,-19.615830103556316,-12.586094697316488,0.578346382627164,17.184227470577685,,,0.0,-1,-1,0,80,delayed
49,4050,8,0.0761304115967949,-30.424860954284668,1.7956421375274663,2.0634276287910662,61.30998793689867,,,0.0,-1,-1,0,80,delayed
49,4052,13,1.3261190270736885,-7.384315050565279,1.4592172916118915,4.7461309633916136,141.02032368489967,,,0.0,-1,-1,0,80,delayed
49,4060,7,-14.131390842955941,-25.428197588239396,-13.48474189213344,0.9281734879388459,27.578532222242483,,,0.0,-1,-1,0,80,delayed
49,4172,7,10.098055014989678,-30.214542116437638,21.18773228781564,1.3001906132280547,38.632162185103944,,,0.0,-1,-1,0,80,delayed
49,4248,12,-2.5800744325576654,1.182400385538737,-20.47806692123413,3.896738875004603,115.78259885942782,,,0.0,-1,-1,0,80,delayed
49,4268,7,-2.6480333154630507,-29.636538641793386,2.9224962166377475,1.1415917269647993,33.91976245373913,,,0.0,-1,-1,0,80,delayed
49,4288,7,-4.390447167414303,-36.75469207763672,16.058221408299037,1.2896816088805318,38.31991138416215,,,0.0,-1,-1,0,80,delayed
49,4298,7,-21.042838369991166,-36.75073323931013,11.985744203839984,1.8964737945146033,56.34934021526959,,,0.0,-1,-1,0,80,delayed
49,4372,6,-26.884966538138826,-11.228179931640625,-23.022998332977295,0.6900494089488742,20.50322499718906,,,0.0,-1,-1,0,80,delayed
49,4422,10,-16.773304047108294,-34.98425996303558,18.432590103149415,2.8814223414174096,85.61481223206958,,,0.0,-1,-1,0,80,delayed
49,4476,7,-21.80076028015804,-23.326006208147323,-6.362629345485142,0.8371664300616632,24.87446761499878,,,0.0,-1,-1,0,80,delayed
49,4556,9,-1.5395817873303967,-19.928366157743667,-9.89483388264974,2.253899434383757,66.96941787777286,,,0.0,-1,-1,0,80,delayed
49,4618,9,-16.38878504086314,-5.0713874499003095,10.466714753044975,1.9570060263882234,58.147915728256955,,,0.0,-1,-1,0,80,delayed
49,4668,6,24.889446124374942,-34.585199197133385,9.245266755421957,1.5368633333242336,45.6643456315334,,,0.0,-1,-1,0,80,delayed
49,4768,14,11.261013869876676,-34.33182781934738,-13.81207197053092,2.6517038885451876,78.78925878015106,,,0.0,-1,-1,0,80,delayed
49,4814,8,-20.857826760733712,15.49821662902832,-0.14659345149993896,1.5060851585452482,44.74984322878865,,,0.0,-1,-1,0,80,delayed
49,4820,14,-13.44864683579186,-4.673515000513622,7.335352625165667,3.101425291051813,92.15169193648165,,,0.0,-1,-1,0,80,delayed
49,5036,12,-13.82253518311486,-21.541849454243977,-20.33026723066966,3.346188256615967,99.4242583481904,,,0.0,-1,-1,0,80,delayed
49,5062,12,-1.1418394885351162,-16.11250964800517,10.138259092966715,3.5616011415146596,105.82475487654659,0.32288119196891785,147.8306884765625,147.8306884765625,5,15,1,80,delayed
49,5486,7,-31.161622044098547,0.07917894635881696,21.70491395677839,1.6298200024089784,48.426338434537136,,,0.0,-1,-1,0,80,delayed
49,5816,6,-12.191056969645901,-16.47046172618866,5.6703542073567705,1.1815375907282144,35.106661568247375,,,0.0,-1,-1,0,80,delayed
49,5850,9,-38.93444721466514,-31.259698761834038,-39.77632363637289,1.1329217242825032,33.66215334138277,,,0.0,-1,-1,0,80,delayed
49,5858,8,5.446851339745266,-14.930108785629272,2.734402894973755,1.6307474434177185,48.453895202831134,,,0.0,-1,-1,0,80,delayed
49,5930,6,-8.402661564405399,2.8728624979654946,4.8744581540425616,1.4900917438576826,44.274635837028086,,,0.0,-1,-1,0,80,delayed
49,5938,7,-21.698131192019552,-3.3254994664873396,-0.6380180631365094,1.5609547637174406,46.38016686324557,,,0.0,-1,-1,0,80,delayed
49,6022,6,-7.945883707923819,-18.992299397786457,-20.404167016347248,0.8631080825775265,25.64526392528306,,,0.0,-1,-1,0,80,delayed
49,6266,6,-21.51076166729173,-38.187825202941895,38.40511226654053,1.4194190159890088,42.174758897978506,,,0.0,-1,-1,0,80,delayed
49,6536,12,-13.053141310009218,-7.8703499635060625,-24.919833501180012,4.686753771698772,139.2560675241212,,,0.0,-1,-1,0,80,delayed
49,6618,6,-24.84555845592658,-20.39639977614085,-25.80663315455119,1.6428913063245358,48.81472205129228,,,0.0,-1,-1,0,80,delayed
50,26,6,10.057530710092294,10.406044006347656,38.60371859868368,2.1619158695070655,64.23633861960329,,,0.0,-1,-1,0,80,delayed
50,158,14,-19.82987610491901,20.55475834437779,-38.592443398066926,4.466699614418144,132.71766630273007,,,0.0,-1,-1,0,80,delayed
50,440,9,-7.910274133345073,-25.61558681064182,-0.6850461959838867,2.941744783581151,87.40715432819147,,,0.0,-1,-1,0,80,delayed
50,524,7,-33.60831121825305,21.405926636287145,4.503369058881487,1.67399070498274,49.738768879964624,,,0.0,-1,-1,0,80,delayed
50,578,9,35.98662746241239,-42.19690015580919,-18.226077185736763,3.053816202800897,90.73709779922052,,,0.0,-1,-1,0,80,delayed
50,720,7,-11.912321892761485,-16.91254220690046,-4.099382672991071,1.603459101447911,47.64308512466664,,,0.0,-1,-1,0,80,delayed
50,772,6,-5.838167873220871,-36.35879898071289,-8.564633846282959,0.898188031669549,26.687583619780426,,,0.0,-1,-1,0,80,delayed
50,808,8,-10.212616971583337,-31.107280552387238,-2.6764628887176514,1.7316713910010542,51.452617291525755,,,0.0,-1,-1,0,80,delayed
50,814,7,-18.729921295905417,-20.95064926147461,-1.6502425330025805,2.9292653638729496,87.03635718411256,,,0.0,-1,-1,0,80,delayed
50,1012,10,-21.921836188698485,-33.83973293304443,-20.07039976119995,1.086046570861094,32.26936638306787,,,0.0,-1,-1,0,80,delayed
50,1150,6,-16.02786443509004,-35.384243647257485,12.647814432779947,0.9385220323978165,27.88601532806659,,,0.0,-1,-1,0,80,delayed
50,1180,6,9.034530708184947,-20.280930678049724,9.229939301808676,1.1847479030937367,35.2020485882027,,,0.0,-1,-1,0,80,delayed
50,1318,10,-0.6564530616088149,-9.474903297424316,0.5561381816864014,2.0598118825922263,61.202554386654114,,,0.0,-1,-1,0,80,delayed
50,1378,6,-4.135683783848922,-27.578555425008137,-10.313668886820475,0.8508798059864586,25.281928919089182,,,0.0,-1,-1,0,80,delayed
50,1404,6,-15.758211223262451,5.112956126530965,-13.278906186421713,1.6869665483221654,50.1243161060999,,,0.0,-1,-1,0,80,delayed
50,1418,7,-7.906695442997253,-31.51307146889823,55.51164354596819,2.3410920703906326,69.56014574589778,,,0.0,-1,-1,0,80,delayed
50,1692,8,-11.733237960835291,-10.918724775314331,-19.792550563812256,1.6177007728550703,48.06624350928408,,,0.0,-1,-1,0,80,delayed
50,1796,13,-28.404530585831726,-0.10445426060603215,-2.392820798433744,2.3816885370082765,70.76637602210414,,,0.0,-1,-1,0,80,delayed
50,1872,6,11.422497582334211,-5.911999543507894,-3.5471999645233154,1.3338821859444803,39.63322948109116,,,0.0,-1,-1,0,80,delayed
50,1912,8,-22.93660828135074,-10.41297161579132,23.116946697235107,2.046006030553005,60.79234536833288,,,0.0,-1,-1,0,80,delayed
50,1938,9,-18.453610202769163,-22.440965864393448,-15.329700681898329,1.4995154260180648,44.554638794976604,,,0.0,-1,-1,0,80,delayed
50,1982,7,-10.081748868803029,-35.61452102661133,-19.679203169686453,2.510511603631944,74.59405601944852,,,0.0,-1,-1,0,80,delayed
50,2038,6,-17.023858337368864,-19.06619914372762,-23.06456772486369,2.016897692611687,59.92745831189127,,,0.0,-1,-1,0,80,delayed
50,2156,9,-22.267543552879676,30.095775604248047,-3.6758971744113498,2.1141920512517713,62.81833554515133,,,0.0,-1,-1,0,80,delayed
50,2164,6,15.339999526955381,-7.389999707539876,-2.9482339223225913,1.3105684387320728,38.94051530957741,,,0.0,-1,-1,0,80,delayed
50,2246,9,-36.11169275672174,-4.655699676937527,-46.23025629255507,2.329355485873202,69.21142023445077,,,0.0,-1,-1,0,80,delayed
50,2424,10,-5.026155526863286,-24.223495650291444,-11.475746822357177,2.041773176789922,60.66657589159806,,,0.0,-1,-1,0,80,delayed
50,2576,8,13.885709409229117,-28.32217425107956,-8.646300554275513,1.4941698552767217,44.395807502279624,,,0.0,-1,-1,0,80,delayed
50,2670,14,7.235128505589679,3.1532868146896362,10.3712203843253,7.633155511908574,226.80159256652698,,,0.0,-1,-1,0,80,delayed
50,2720,8,-22.121763624150066,-9.879505574703217,-5.916619181632996,1.0716795331381568,31.84248302782349,,,0.0,-1,-1,0,80,delayed
50,2882,8,-14.02670678402159,-25.336152374744415,-5.888907074928284,0.7562745646576883,22.47095259808655,,,0.0,-1,-1,0,80,delayed
50,2896,8,-11.788426014711977,-13.014482378959656,10.09553575515747,1.496456502309822,44.46374993944542,,,0.0,-1,-1,0,80,delayed
50,2908,10,4.841517265332362,4.841374301910401,-30.295429134368895,1.7316641469887175,51.45240205242418,,,0.0,-1,-1,0,80,delayed
50,2944,12,7.008167153787821,15.237256209055582,19.044047514597576,4.506749902945021,133.90766815798818,,,0.0,-1,-1,0,80,delayed
50,2970,8,-23.87547692461284,-12.758141279220581,-22.87792730331421,1.0754035961069686,31.95313496080545,,,0.0,-1,-1,0,80,delayed
50,3122,6,-18.05849313837294,-13.07568073272705,7.9566343625386535,0.870465858602089,25.86388325218072,,,0.0,-1,-1,0,80,delayed
50,3132,10,-22.022412695074202,-25.814193153381346,-15.84235429763794,1.6037952490631475,47.65307297495401,,,0.0,-1,-1,0,80,delayed
50,3194,7,-18.913056250881834,-1.152047838483536,-7.1900449480329245,1.7158645072981213,50.982952237309824,,,0.0,-1,-1,0,80,delayed
50,3310,6,-24.999882195868164,-34.141798655192055,-25.281567732493084,0.4526915915209383,13.450685465302794,,,0.0,-1,-1,0,80,delayed
50,3500,9,-16.07844367654184,-14.921641031901041,-13.484161376953125,1.8157778754056149,53.95164729011102,,,0.0,-1,-1,0,80,delayed
50,3734,11,-27.942246001478598,6.713983709161932,-4.873565327037465,2.020979844099969,60.04875001847264,,,0.0,-1,-1,0,80,delayed
50,3760,10,-32.03557468474408,-27.122222805023192,-11.919147062301636,0.8351609781233642,24.814880240850286,,,0.0,-1,-1,0,80,delayed
50,3918,21,-30.15067069972751,-15.91093367054349,-0.2223304339817592,5.809873786575855,172.62698570076046,,,0.0,-1,-1,0,80,delayed
50,3974,9,-9.50757355771843,-16.981603357526993,-4.454926702711317,2.090684845388003,62.11987319647075,,,0.0,-1,-1,0,80,delayed
50,3984,7,10.192308821860982,-21.35446058000837,28.18711825779506,1.4748955976988745,43.82311743886177,,,0.0,-1,-1,0,80,delayed
50,3986,7,-28.112056181818755,-24.929371970040457,-16.66645908355713,1.1478529985887538,34.105801683987885,,,0.0,-1,-1,0,80,delayed
50,4016,7,28.9486477287682,1.4766804831368583,-4.57715197971889,1.7308017992243618,51.426779379599424,,,0.0,-1,-1,0,80,delayed
50,4030,9,-25.315970677275786,-45.457736545138886,1.352381494310167,2.0625592160681157,61.2841850578321,,,0.0,-1,-1,0,80,delayed
50,4032,8,1.9882372315840744,-8.247932195663452,0.8129514455795279,1.2227257668481157,36.330473126171285,,,0.0,-1,-1,0,80,delayed
50,4134,8,3.4665963705719633,-22.779674530029297,-18.68405032157898,2.3059632371584153,68.51637357203849,,,0.0,-1,-1,0,80,delayed
50,4206,7,-0.32861592353317903,-15.677356592246465,6.350928136280605,1.4841015564577125,44.096651248614336,,,0.0,-1,-1,0,80,delayed
50,4246,10,-20.91051951949766,-1.197179412841797,-17.74066047668457,2.2421255024115507,66.61958267293518,,,0.0,-1,-1,0,80,delayed
50,4250,6,-34.04239516646388,-22.87204917271932,-5.607163031895955,0.6425859195443422,19.092956993488887,,,0.0,-1,-1,0,80,delayed
50,4290,8,-17.335055634591882,-25.734520137310028,20.95080542564392,1.455614575887793,43.250226391870655,,,0.0,-1,-1,0,80,delayed
50,4334,8,-22.633880147130355,-11.372517108917236,-1.5207237005233756,3.0092389015515213,89.41258621290433,,,0.0,-1,-1,0,80,delayed
50,4356,6,-15.818138155083085,-19.0107741355896,9.688666184743246,0.9563479970401012,28.41567271073059,,,0.0,-1,-1,0,80,delayed
50,4410,9,-23.1016419986423,-3.8889867994520397,-0.7476100656721327,2.4276544060139114,72.13214569336498,,,0.0,-1,-1,0,80,delayed
50,4466,10,-21.691067983652836,16.67184000015259,-14.690520095825196,3.1366024604855016,93.19690030896876,,,0.0,-1,-1,0,80,delayed
50,4654,10,-28.703494376402062,9.9183034658432,-4.302868747711182,2.853655940293778,84.78979772989469,,,0.0,-1,-1,0,80,delayed
50,4940,9,0.7084497770374606,-17.083215925428604,-5.293577829996745,2.038158532563884,60.55917508393103,,,0.0,-1,-1,0,80,delayed
50,5004,14,0.5946528508568184,-16.605725288391113,-8.869979585920062,3.0762734467298216,91.40436295316493,,,0.0,-1,-1,0,80,delayed
50,5318,10,-6.308913961160786,-16.13975944519043,-31.362360286712647,3.0182509409317273,89.68035815604294,,,0.0,-1,-1,0,80,delayed
50,5374,7,-5.068546453473464,-23.211197444370814,0.2989871161324637,1.0658871552746918,31.6703758930833,,,0.0,-1,-1,0,80,delayed
50,5396,6,-19.33426478328805,-8.558543860912323,-3.0068055788675943,1.4828558125919469,44.05963684582314,,,0.0,-1,-1,0,80,delayed
50,5506,8,-23.898470901848697,-7.523943305015564,-6.209806442260742,1.356817564223591,40.31470129333222,,,0.0,-1,-1,0,80,delayed
50,5554,6,-18.505499833376135,-41.383999506632485,-1.0652543703715012,1.0885151199336922,32.34271361936095,,,0.0,-1,-1,0,80,delayed
50,5670,8,-9.214834170236902,-21.78202474117279,-10.364475011825562,2.875843305664456,85.44904406557784,,,0.0,-1,-1,0,80,delayed
50,5684,9,8.577422257520356,-18.992299397786457,14.201744185553657,1.6494891342589524,49.010761275263434,,,0.0,-1,-1,0,80,delayed
50,5796,11,-15.339003963596376,-10.049559896642512,-0.23378328843550247,3.363713611932639,99.94498381879222,,,0.0,-1,-1,0,80,delayed
50,5802,6,-9.260694809823471,-6.156793276468911,12.943414370218912,1.050349127887463,31.20869928355164,,,0.0,-1,-1,0,80,delayed
50,5878,7,10.3192777160882,-38.358058384486604,-7.420923505510602,1.4192975603141136,42.1711501230165,,,0.0,-1,-1,0,80,delayed
50,6078,9,-15.899551936828495,-17.588199615478516,11.344277275933159,1.5021910589518137,44.634139050087484,,,0.0,-1,-1,0,80,delayed
50,6326,6,-13.325011528785476,-36.35879898071289,-19.731300830841064,0.8686310433739929,25.80936595390895,,,0.0,-1,-1,0,80,delayed
50,6432,6,-9.57386668146191,-25.938899358113606,6.06756607691447,0.7744893450605896,23.012162743377388,,,0.0,-1,-1,0,80,delayed
51,820,7,-15.269433398091646,-40.00101361955915,-31.941443852015905,0.7775243282741203,23.102340262382143,,,0.0,-1,-1,0,80,delayed
51,1170,8,-30.554634996825833,-15.990111827850342,-16.48783504962921,0.973014369029784,28.910875474996175,,,0.0,-1,-1,0,80,delayed
51,1764,6,-2.0958024048266473,6.517056465148926,2.0076847076416016,0.899799803797549,26.735473707295927,,,0.0,-1,-1,0,80,delayed
51,1904,7,-6.607577092570788,-1.4885565212794714,-23.00344317299979,1.5040687315895613,44.68992975733763,0.47923439741134644,148.81759643554688,240.0880126953125,0,5,2,80,delayed
51,1922,7,-10.462958439482083,0.02375439235142299,-31.238014663968766,2.1745777778269146,64.61255799144668,0.6859261989593506,49.68116760253906,49.68116760253906,2,5,1,80,delayed
51,1946,6,-42.05213697367386,-28.98265504837036,-22.367136637369793,0.3234602147254869,9.610873473912521,,,0.0,-1,-1,0,80,delayed
51,1998,6,-0.3308053680478684,-30.446799596150715,-23.434066772460938,1.364482959990262,40.54246083063252,,,0.0,-1,-1,0,80,delayed
51,2024,6,-10.695713144694722,3.4455875555674234,8.498500188191732,1.1786200290498463,35.01997295905652,,,0.0,-1,-1,0,80,delayed
51,2602,9,-1.3263757992171565,-7.31917847527398,-12.911574045817057,2.4475697118033786,72.7238830243356,,,0.0,-1,-1,0,80,delayed
51,2770,8,43.98136431743559,27.102825164794922,-34.04842483997345,3.574959259562062,106.2216605130315,,,0.0,-1,-1,0,80,delayed
51,2968,7,-25.18438944299739,21.0852541242327,25.720528193882533,2.719102855744053,80.7918634793732,,,0.0,-1,-1,0,80,delayed
51,3022,7,-4.787279641549796,-8.626504625592913,0.9086622510637555,1.662921486794028,49.40987261815658,,,0.0,-1,-1,0,80,delayed
51,3572,6,17.50851414854829,-9.459199905395506,-6.28926658630371,2.158183130652445,64.12542890270545,,,0.0,-1,-1,0,80,delayed
51,3816,13,9.15144520976875,-17.10500746506911,-5.288484646723821,3.8781872175811705,115.23137919125534,,,0.0,-1,-1,0,80,delayed
51,4096,6,-23.49076130342233,-5.764200051625569,27.367769877115887,0.8682382539460469,25.79769512293185,,,0.0,-1,-1,0,80,delayed
51,4126,6,-19.04690333650028,-27.564699172973633,-33.78783416748047,0.9042941374441993,26.869012455064837,,,0.0,-1,-1,0,80,delayed
51,4158,7,18.49307569135046,13.115930557250977,5.025948115757532,1.6866206360312948,50.1140381210208,,,0.0,-1,-1,0,80,delayed
51,4454,6,-39.07920274766065,-19.828293164571125,-18.587528149286907,1.0751346851692711,31.945144893154765,,,0.0,-1,-1,0,80,delayed
51,4464,6,6.438107967357336,-29.213594436645508,-24.000702540079754,1.6368719722438765,48.63587143655587,,,0.0,-1,-1,0,80,delayed
51,4500,6,-17.478448736523546,21.989869435628254,-25.506415287653606,1.335307289110318,39.67557313137831,,,0.0,-1,-1,0,80,delayed
51,4632,6,-20.547967227984596,-27.906487147013348,-8.322988510131836,1.0131041412304727,30.102050496461445,,,0.0,-1,-1,0,80,delayed
51,4776,7,-29.664770699334547,5.205992017473493,-3.1994454520089284,0.9882690036993204,29.364131724220204,,,0.0,-1,-1,0,80,delayed
51,4812,9,-47.382882860284546,31.909404754638672,17.456424289279514,2.3071224435804574,68.55081671448757,,,0.0,-1,-1,0,80,delayed
51,4820,6,-12.015447196608932,-6.129081378380458,11.817910194396973,2.170410592499114,64.48873970065061,,,0.0,-1,-1,0,80,delayed
51,5072,7,-27.735343842330934,-4.441917146955218,-7.194003990718296,1.1844341679663155,35.1927266732447,,,0.0,-1,-1,0,80,delayed
51,5078,9,-27.39802863962902,30.514542049831814,38.2788667678833,3.592273650713969,106.73611767055252,,,0.0,-1,-1,0,80,delayed
51,5474,8,-22.517449559175454,8.012376947328448,5.49526059627533,2.2802801169763987,67.75325895315363,,,0.0,-1,-1,0,80,delayed
51,5518,9,14.416624964516295,-28.263670179578995,29.19420602586534,2.3710774931821237,70.45109335364413,,,0.0,-1,-1,0,80,delayed
51,5692,8,-44.00462332166919,-34.3080735206604,-41.37035155296326,0.46430419504702297,13.795727167839935,,,0.0,-1,-1,0,80,delayed
52,138,7,-11.347507622511072,-31.259699276515416,6.930193083626883,0.9957399802848498,29.586114544428938,,,0.0,-1,-1,0,80,delayed
52,160,6,-11.374678746420322,-29.559999068578083,-30.82406775156657,0.8090711334172064,24.03968074177831,,,0.0,-1,-1,0,80,delayed
52,512,8,-11.225321542145066,-11.691210627555847,-2.0206511616706857,1.953678931692951,58.049058791000775,,,0.0,-1,-1,0,80,delayed
52,514,8,7.753725176458213,0.27712589502334595,3.7192999124526978,2.1961531919709705,65.25362160930696,,,0.0,-1,-1,0,80,delayed
52,586,12,-21.241093680653247,-10.849443435668945,-3.232389728228251,2.6779234217536887,79.56831167364466,,,0.0,-1,-1,0,80,delayed
52,786,12,-29.703163691140286,15.549022277196249,15.154221932093302,3.3430582439927967,99.33125724968262,,,0.0,-1,-1,0,80,delayed
52,812,8,11.400576342574517,0.5681063532829289,2.8474596738815308,2.399832140473607,71.30547130902873,,,0.0,-1,-1,0,80,delayed
52,960,7,-21.02806556586247,-30.61439377920968,4.433369500296457,1.7532551073811544,52.09392759116183,0.5121119022369385,74.6031494140625,74.6031494140625,7,8,1,80,delayed
52,1096,9,-27.910401564503484,-21.862082799275715,12.897157563103569,2.503509734409714,74.38601164146266,,,0.0,-1,-1,0,80,delayed
52,1318,8,3.919589762383243,-20.645812511444092,23.420681476593018,2.294721021675533,68.18233709505124,,,0.0,-1,-1,0,80,delayed
52,1342,7,-17.035742639783905,-6.2828191348484586,1.8904759543282645,1.3553667404649745,40.27159341501449,,,0.0,-1,-1,0,80,delayed
52,1482,6,5.163531997220088,-22.539499282836914,-5.6903001467386884,1.5178917384926238,45.10064849283064,,,0.0,-1,-1,0,80,delayed
52,1592,7,6.461957344138928,-28.852671759469168,-14.565528733389717,2.3414725008169657,69.57144935767647,,,0.0,-1,-1,0,80,delayed
52,1654,9,21.261197252409595,16.184100257025825,-27.104433907402885,2.5329077645659352,75.25950623322721,,,0.0,-1,-1,0,80,delayed
52,1664,8,3.023580806774147,-11.379444986581802,-0.6707707643508911,1.5559685670799437,46.232013542319535,,,0.0,-1,-1,0,80,delayed
52,1718,6,-7.9919883833208445,-29.906405319770176,-0.4772027333577474,0.7304514121739356,21.703677242662938,,,0.0,-1,-1,0,80,delayed
52,1990,8,16.26906863014638,3.7307958602905273,-15.95893657207489,2.374511386991614,70.55312358000094,,,0.0,-1,-1,0,80,delayed
52,2034,9,19.203862917728532,-11.051128705342611,17.53648132748074,2.2316066801972863,66.3070401567507,,,0.0,-1,-1,0,80,delayed
52,2108,6,-30.856202051237474,20.696619033813477,-22.941330909729004,2.253583315086734,66.96002512271971,,,0.0,-1,-1,0,80,delayed
52,2124,6,-30.938685429482117,-24.90429910024007,-26.094467480977375,0.6614883878398798,19.654600196771966,,,0.0,-1,-1,0,80,delayed
52,2414,10,-16.966713932404534,-46.850752639770505,19.890267086029052,1.9967636880400939,59.329222851542696,,,0.0,-1,-1,0,80,delayed
52,2572,12,-16.732047237376563,-32.40976822376251,-6.715662956237793,3.0039506747769993,89.25545876378538,,,0.0,-1,-1,0,80,delayed
52,2726,6,-22.83708764080839,3.9582691192626953,-19.58664846420288,1.931225354308842,57.38190257997023,,,0.0,-1,-1,0,80,delayed
52,2950,8,-18.882272867980838,-28.942241072654724,-12.820496082305908,0.8092566019045093,24.045191509667887,,,0.0,-1,-1,0,80,delayed
52,2976,9,-21.16487869246796,-1.8136294153001573,-0.7518074247572157,2.5107991159800163,74.60259878506145,,,0.0,-1,-1,0,80,delayed
52,2990,13,-8.149950611737413,-31.707363055302547,-14.204061874976524,3.381943227167546,100.48663474686538,,,0.0,-1,-1,0,80,delayed
52,3008,11,-18.993428827291368,10.198199879039418,3.27906118739735,2.7329629621318636,81.20368454040005,,,0.0,-1,-1,0,80,delayed
52,3144,6,-13.561818646971702,-19.94838015238444,-3.3870150248209634,0.7996008495091478,23.758293120491945,,,0.0,-1,-1,0,80,delayed
52,3172,6,6.7741601051283125,-22.761199315388996,6.740433216094971,2.7384936522748946,81.36801622871351,,,0.0,-1,-1,0,80,delayed
52,3228,6,5.7715742812470365,-38.058499018351235,-0.06613349914550781,0.7630749846236664,22.67301137652999,,,0.0,-1,-1,0,80,delayed
52,3460,6,-0.03419124552072006,16.022443453470867,8.851201693216959,1.8441384913541168,54.794317513880586,,,0.0,-1,-1,0,80,delayed
52,3478,6,-23.498345007573814,-33.204192797342934,-18.045457045237224,0.8182432657916454,24.312209478617,,,0.0,-1,-1,0,80,delayed
52,3496,7,15.519898819450148,-2.1219847542898997,0.7634423119681222,2.0096022011986556,59.71068962842223,,,0.0,-1,-1,0,80,delayed
52,3542,6,5.737856332536343,0.023094018300374348,20.09471074740092,2.6499646142492943,78.73758026009428,,,0.0,-1,-1,0,80,delayed
52,3682,7,-0.21839759184032712,-28.98331560407366,-4.103341783796038,1.7307220341035388,51.4244093431963,,,0.0,-1,-1,0,80,delayed
52,3780,9,-12.388864606674154,-28.460736380683052,-11.355477121141222,0.7927291372532139,23.5541160562525,,,0.0,-1,-1,0,80,delayed
52,3826,6,3.0371908835586736,-15.999349594116211,28.17919921875,1.53887497887951,45.72411703471053,,,0.0,-1,-1,0,80,delayed
52,3834,9,5.7145307578434785,-19.210920333862305,0.25717926025390625,2.308153564203379,68.58145408314093,,,0.0,-1,-1,0,80,delayed
52,3848,6,-23.663311764063092,-20.678142547607422,-13.3989946047465,0.8597262025589445,25.544779168633383,,,0.0,-1,-1,0,80,delayed
52,3928,7,-16.072220931974943,-13.713727814810616,-21.73658616202218,1.5897553786709269,47.235910641576226,,,0.0,-1,-1,0,80,delayed
52,4022,7,-20.510358832363856,-12.438952854701451,-1.993232590811593,2.168684089185794,64.43744064085529,0.33523955941200256,294.726806640625,294.726806640625,6,6,1,80,delayed
52,4074,13,15.2078665231619,-23.142068679516132,-7.09260815840501,3.640276098771348,108.16239958627143,,,0.0,-1,-1,0,80,delayed
52,4086,7,-17.706252682288703,-10.122979941112655,-31.843731335231237,2.5630297657287744,76.15451195194528,,,0.0,-1,-1,0,80,delayed
52,4090,9,-22.25872419812376,-32.73769897884793,-27.449300871955025,1.1515892763590334,34.21681655159386,,,0.0,-1,-1,0,80,delayed
52,4158,8,-14.18036533542894,-6.775706231594086,-5.029818296432495,2.1497120067743007,63.87372901484203,,,0.0,-1,-1,0,80,delayed
52,4198,10,-1.2124696819522647,-17.339710998535157,7.112915992736815,2.183583223216191,64.88013400936904,,,0.0,-1,-1,0,80,delayed
52,4290,7,-21.099512908702994,-35.883727482386995,-23.313500949314662,0.9814054340307379,29.160196598164244,,,0.0,-1,-1,0,80,delayed
52,4344,6,-6.86116787512822,-30.608456293741863,11.824206113815308,1.1981857405829759,35.601322903845144,,,0.0,-1,-1,0,80,delayed
52,4410,8,4.682549713913901,-22.059149503707886,-5.487075209617615,2.586225569562551,76.84372170827135,,,0.0,-1,-1,0,80,delayed
52,4422,7,-10.491923599991889,-12.712119238717216,10.687215941292896,1.6089793171447644,47.80710558899543,,,0.0,-1,-1,0,80,delayed
52,4536,7,-30.01867657479159,-27.953993797302246,-3.873723711286272,0.9481196551263271,28.17118652840214,,,0.0,-1,-1,0,80,delayed
52,4584,6,11.302365087913351,-19.675875266393025,23.8283371925354,1.5373351040628607,45.67836320980492,,,0.0,-1,-1,0,80,delayed
52,4658,15,3.2128726130834746,1.7976176579793295,-9.411459573109944,3.707934275718576,110.17270610470136,,,0.0,-1,-1,0,80,delayed
52,4742,9,-0.7619803909826229,-10.419899622599283,-19.960766898261177,1.978654625250963,58.791153861063655,,,0.0,-1,-1,0,80,delayed
52,4766,8,22.432626939952844,3.380925178527832,-0.38797497749328613,2.7824448323165063,82.67392406893299,,,0.0,-1,-1,0,80,delayed
52,4858,7,11.295394376605392,-8.769026143210274,-5.09307370867048,2.136218525525738,63.47280137336189,,,0.0,-1,-1,0,80,delayed
52,4918,7,-17.997086496172397,-27.90252767290388,-20.779786791120255,0.8106890022445823,24.087751978639673,,,0.0,-1,-1,0,80,delayed
52,5186,7,-37.60975672994392,-9.010520935058594,0.9522103582109723,1.5648057404256126,46.49458974497351,,,0.0,-1,-1,0,80,delayed
52,5192,10,5.833081435217919,-21.637919425964355,6.398939990997315,2.1207436925938175,63.013002441166044,,,0.0,-1,-1,0,80,delayed
52,5364,10,28.741002144846163,22.125659561157228,5.999880123138428,4.688063540676292,139.29498428528666,,,0.0,-1,-1,0,80,delayed
52,5460,6,4.431426051306754,-21.26010576883952,3.576589743296305,4.429937156778417,131.6253547513223,,,0.0,-1,-1,0,80,delayed
52,5548,16,6.038908459399584,0.08660179749131203,17.325034201145172,5.563672348576841,165.31167840180257,,,0.0,-1,-1,0,80,delayed
52,5804,13,-9.216073603633948,-16.89396594120906,-1.9153128403883715,2.487186413682267,73.90100185341586,,,0.0,-1,-1,0,80,delayed
52,5892,10,-19.173579218913794,-10.209284210205078,2.6032095909118653,2.097299302837657,62.31640652809285,,,0.0,-1,-1,0,80,delayed
52,6332,13,-19.510441380532534,-10.974149557260366,15.079618857457088,3.4642082252118014,102.93094922988764,,,0.0,-1,-1,0,80,delayed
52,6374,6,-16.632727479241066,-33.80924916267395,-8.906421502431234,1.0612212322792385,31.531738763981096,,,0.0,-1,-1,0,80,delayed
52,6608,6,-37.21441265593635,-2.323230425516764,-6.332307497660319,0.8113518457535719,24.1074468431327,,,0.0,-1,-1,0,80,delayed
52,6614,8,-25.97776031424487,-6.671783924102783,-7.531975150108337,1.683017683472596,50.006984704255004,,,0.0,-1,-1,0,80,delayed
53,446,6,9.179083286648149,-2.0553436279296875,2.2293850580851235,1.6371115283179827,48.642989292209606,,,0.0,-1,-1,0,80,delayed
53,528,9,-14.773481550070768,-44.86345778571235,19.424010700649685,2.894415689648784,86.0008795756537,,,0.0,-1,-1,0,80,delayed
53,546,6,6.513924685448781,-20.544198989868164,-6.864934126536052,0.9799355660120144,29.116522863626926,,,0.0,-1,-1,0,80,delayed
53,602,8,30.858913778431607,8.123226642608643,19.2672700881958,1.9933562954088395,59.22798004651109,,,0.0,-1,-1,0,80,delayed
53,740,12,-8.928337191113007,-22.906690279642742,0.7043588956197103,3.753852953366972,111.53707359373753,,,0.0,-1,-1,0,80,delayed
53,838,8,5.073979490736167,-20.933329105377197,15.900201439857483,1.4551983321595134,43.23785867051056,,,0.0,-1,-1,0,80,delayed
53,1498,12,-17.630111722328206,7.4408063888549805,21.38040018081665,2.8479358978818836,84.61983987608946,,,0.0,-1,-1,0,80,delayed
53,1532,10,-0.07691369722942287,-4.730523681640625,11.334535884857178,2.2688992882585293,67.4151039039197,,,0.0,-1,-1,0,80,delayed
53,1618,6,2.924168796479268,-14.558300018310547,-2.6249213218688965,1.4898423521916082,44.26722573946748,0.6168978214263916,59.85060501098633,59.85060501098633,7,4,1,80,delayed
53,1714,6,-5.085174452471435,-23.204599380493164,-15.740700403849283,0.9577931847437811,28.45861312668842,,,0.0,-1,-1,0,80,delayed
53,1756,15,-16.25774455473447,-23.85307232538859,-2.3281445185343426,5.990988230776608,178.00838325219868,,,0.0,-1,-1,0,80,delayed
53,1766,7,11.00803292981762,-19.161213670458114,0.6367568969726572,1.6260986215321742,48.31576619372675,,,0.0,-1,-1,0,80,delayed
53,1776,11,-10.162467536986838,-17.594917470758613,13.427676981145686,2.9282168299766194,87.0052024202437,,,0.0,-1,-1,0,80,delayed
53,1868,6,26.830007745261714,-39.5364990234375,-14.262700716654459,1.4876095554142066,44.200883338320004,,,0.0,-1,-1,0,80,delayed
53,1932,9,11.500438430447794,-24.3562077416314,7.255144331190321,2.1077208523053352,62.62605880919636,,,0.0,-1,-1,0,80,delayed
53,1946,19,9.817742697660636,5.589173869082802,-3.6086265664351616,4.939809201370079,146.77502536108904,,,0.0,-1,-1,0,80,delayed
53,2022,6,-14.559601448318132,-39.55035527547201,-8.91104014714559,0.8350335446145827,24.811093848355988,,,0.0,-1,-1,0,80,delayed
53,2120,8,-20.618747752714825,1.988372266292572,-2.183463454246521,1.5804011113793537,46.957970186188945,,,0.0,-1,-1,0,80,delayed
53,2208,7,-4.1654104778547545,-3.230485303061349,0.5800713130405971,1.9850350101457646,58.98073226714627,,,0.0,-1,-1,0,80,delayed
53,2224,11,-27.501302750125067,-0.4106483459472656,-3.1561926928433506,2.1826712640258212,64.8530372475634,,,0.0,-1,-1,0,80,delayed
53,2296,7,-27.299398757978025,-19.751093574932643,-14.02189554486956,1.3407968760613596,39.8386835332411,,,0.0,-1,-1,0,80,delayed
53,2346,7,-20.46736817207049,-21.069417544773646,-13.344918319157191,0.8793113012232869,26.126705157264897,,,0.0,-1,-1,0,80,delayed
53,2380,6,7.9116924624031,-19.65739933649699,3.333266258239746,1.1404115969448714,33.88469761488741,,,0.0,-1,-1,0,80,delayed
53,2434,9,-4.495324126419494,3.4086377885606556,-2.8148485819498696,2.0247608230400163,60.161093078131934,,,0.0,-1,-1,0,80,delayed
53,2782,7,-10.897131355394562,-18.610922404697963,12.736680712018694,1.3392199169384313,39.791827833794855,,,0.0,-1,-1,0,80,delayed
53,2986,8,9.716318973901743,-17.749855995178223,19.512115478515625,2.719544747534542,80.80499327368548,,,0.0,-1,-1,0,80,delayed
53,3010,7,-19.84287674060727,-35.883727482386995,-23.313500949314662,0.9494873207084638,28.211823553501794,,,0.0,-1,-1,0,80,delayed
53,3204,13,-7.59429001948287,-13.672920648868267,5.027055226839506,2.5811982857303084,76.69434757621576,,,0.0,-1,-1,0,80,delayed
53,3534,6,-33.70714014521148,-21.10306739807129,-27.37386147181193,0.9355728645715786,27.798387615164216,,,0.0,-1,-1,0,80,delayed
53,3536,10,-8.249916201374381,-4.564247989654541,-6.736909341812134,1.9687300970395103,58.4962694190636,,,0.0,-1,-1,0,80,delayed
53,3576,8,-8.189767341754763,-9.973035216331482,-33.574952244758606,2.5678876910030977,76.29885398546824,,,0.0,-1,-1,0,80,delayed
53,3628,7,-19.326703349166603,-30.954862322126115,13.433451652526855,1.4157879431238487,42.066869951230515,,,0.0,-1,-1,0,80,delayed
53,3630,6,-13.994176419410932,4.669556299845378,5.721160411834717,1.4417107747538322,42.837107042344655,,,0.0,-1,-1,0,80,delayed
53,3778,7,-32.016522823887534,-34.93358448573521,-30.477901186261857,0.792336996957196,23.542464512731904,,,0.0,-1,-1,0,80,delayed
53,3884,7,-11.691099191662962,-8.13955579485212,-17.999357768467494,1.1093422668618402,32.96154420450384,,,0.0,-1,-1,0,80,delayed
53,3938,6,-11.701478208451922,12.087268988291422,-2.287752628326416,1.452447606643458,43.15612721269059,,,0.0,-1,-1,0,80,delayed
53,4124,9,-21.455522105932104,-16.559757656521267,-12.584064695570204,1.5191302960329718,45.13744937055389,,,0.0,-1,-1,0,80,delayed
53,4172,10,-6.472063205783927,-0.5320796966552734,-14.335800409317017,2.791719654152077,82.94950398601927,,,0.0,-1,-1,0,80,delayed
53,4200,7,-32.84889469939592,-19.192885145545006,-12.187650408063616,2.395941529736194,71.18987079362915,,,0.0,-1,-1,0,80,delayed
53,4446,8,22.382438881191057,-6.793026685714722,22.65402066707611,2.9369772570793335,87.26549828548039,,,0.0,-1,-1,0,80,delayed
53,4536,6,-19.942705625574288,-3.4963931938012442,12.74018963177999,1.6356208549838227,48.59869737575951,,,0.0,-1,-1,0,80,delayed
53,4570,7,12.311370951685134,-27.522471291678293,-5.70418575831822,2.0618898847746387,61.26429742380205,,,0.0,-1,-1,0,80,delayed
53,4602,6,-19.961330904532755,-38.118542989095054,-20.67667333285014,1.1975127905257783,35.58132774660617,,,0.0,-1,-1,0,80,delayed
53,4712,10,16.35419929229888,-27.9342001914978,-12.074459886550903,2.852163737675963,84.74546037431165,,,0.0,-1,-1,0,80,delayed
53,4774,6,-15.195521687042918,-32.206543604532875,0.15094757080078067,0.9919572769615305,29.47372024870195,,,0.0,-1,-1,0,80,delayed
53,4902,7,9.055799608783236,-45.13178471156529,1.7835851396833147,1.5726923317930368,46.72892159885263,,,0.0,-1,-1,0,80,delayed
53,5160,8,-11.580233300729931,-31.09342384338379,-7.426950693130493,1.332163481802845,39.58216215567569,,,0.0,-1,-1,0,80,delayed
53,5226,7,-26.89116305182714,-44.37167167663574,-36.93887138366699,2.111813364508632,62.74765836050349,,,0.0,-1,-1,0,80,delayed
53,5558,7,1.2959516198031693,6.057160786220005,7.175646032605853,1.9092042641730342,56.727596728994136,,,0.0,-1,-1,0,80,delayed
53,5814,7,-9.28233090703304,-27.24138695853097,6.4590800149100165,2.4592151699172176,73.06990092509301,,,0.0,-1,-1,0,80,delayed
53,5894,12,-35.47034828292265,-7.237581094106038,15.465251922607422,3.7500539212121256,111.4241941244818,,,0.0,-1,-1,0,80,delayed
53,5976,7,-6.493203151051804,-36.386512007032124,-19.065569945744105,2.2084760791068776,65.61976774940342,,,0.0,-1,-1,0,80,delayed
53,6040,6,4.925055907445976,-11.837855656941732,7.945927222569783,1.8993018439625324,56.433369175199275,,,0.0,-1,-1,0,80,delayed
53,6042,7,2.052720542644888,-40.12770012446812,-16.03572859082903,1.7621573636965155,52.358437583996306,,,0.0,-1,-1,0,80,delayed
53,6248,7,2.353424246486021,-17.949781826564244,7.982007162911552,1.3572045923052718,40.32620093920687,0.29659464955329895,208.40826416015625,208.40826416015625,2,15,1,80,delayed
53,6278,17,-23.616335297367158,9.25108515515047,15.753626991720761,4.324199977452416,128.48361859420933,,,0.0,-1,-1,0,80,delayed
53,6364,6,-16.143148718047083,-14.082567890485128,-25.738823731740315,1.196807027511337,35.56035762810143,,,0.0,-1,-1,0,80,delayed
53,6628,9,3.5983443009434044,-22.807387431462605,4.654229164123535,2.357556115927526,70.04933684675112,,,0.0,-1,-1,0,80,delayed
53,6670,6,25.53549089390842,-35.61979961395264,20.493600209554035,1.5991934073067782,47.51633987192008,,,0.0,-1,-1,0,80,delayed
53,6694,13,-27.250977426491843,-14.235697672917293,-6.5576386818519,5.690462433087718,169.07895302942526,,,0.0,-1,-1,0,80,delayed
54,159,6,0.9286031937864087,7.440807342529297,3.060760498046875,2.4128841985265534,71.69328307941133,,,0.0,-1,-1,0,80,delayed
54,169,6,-21.496187483278504,-35.250298817952476,-16.92310078938802,0.548150266485329,16.2870195963758,,,0.0,-1,-1,0,80,delayed
54,207,7,-0.0321318911330997,-29.23272773197719,-22.80675779070173,1.0410488845064765,30.932364023936753,,,0.0,-1,-1,0,80,delayed
54,443,6,-27.546223904904252,22.835099538167317,-10.13206672668457,1.9667364141433563,58.43703173482997,,,0.0,-1,-1,0,80,delayed
54,565,7,-7.390991796151542,-39.49427086966379,-17.732672010149276,1.366308692739549,40.596708264016165,,,0.0,-1,-1,0,80,delayed
54,715,7,-6.353639304116359,-24.628494262695312,6.639930248260498,1.1150353639123058,33.13070143910582,,,0.0,-1,-1,0,80,delayed
54,761,6,6.031809700926566,-8.720199584960938,-7.382233778635661,1.6569578762894612,49.232677700828866,,,0.0,-1,-1,0,80,delayed
54,793,6,8.438521781514014,-9.006561915079752,11.551699956258139,1.4415669365584227,42.83283322246244,,,0.0,-1,-1,0,80,delayed
54,799,6,9.09838880747112,-24.460899591445923,-3.3255001703898124,1.2714257946046559,37.7774820120751,,,0.0,-1,-1,0,80,delayed
54,953,7,-29.87043455859155,-39.894121987479075,-13.483480998447963,0.890681768584098,26.46455234269618,,,0.0,-1,-1,0,80,delayed
54,961,12,-34.527982796452484,-29.744749466578167,-1.6073256333669026,1.5052520549417274,44.72508947868404,,,0.0,-1,-1,0,80,delayed
54,1147,6,-0.48246835385252734,1.9260183970133464,-2.4525561332702632,1.6778623473521452,49.85380579410312,,,0.0,-1,-1,0,80,delayed
54,1165,10,-1.9790508514723417,-29.48332815170288,0.06285605430603028,2.3703743478284025,70.43020101288403,,,0.0,-1,-1,0,80,delayed
54,1279,8,-18.203814454761996,-32.143035650253296,12.27899819612503,1.9338427341882294,57.45967198006573,,,0.0,-1,-1,0,80,delayed
54,1347,8,-37.65577632950675,6.380803823471069,8.213446617126465,2.3987353155678894,71.2728816893105,,,0.0,-1,-1,0,80,delayed
54,1411,6,9.416288963093656,-22.53949960072835,7.257733186086019,1.2175330761736483,36.17618431169118,,,0.0,-1,-1,0,80,delayed
54,1497,6,-9.937871512481463,-23.83736801147461,-3.5440526008605957,1.0629788188942924,31.583961392322145,,,0.0,-1,-1,0,80,delayed
54,1599,6,-7.668766719424458,-11.30669911702474,-4.204533100128174,1.4114713984313074,41.9386137917529,,,0.0,-1,-1,0,80,delayed
54,1643,6,27.671159421859954,-31.703099568684895,41.11169974009196,2.3273482230901785,69.15177905523215,,,0.0,-1,-1,0,80,delayed
54,1671,6,18.73599366073948,-27.121299743652344,-14.18880001703898,2.378808001487795,70.68078755970868,,,0.0,-1,-1,0,80,delayed
54,1819,9,-7.099896745135142,-27.641678545210098,-17.95622984568278,1.0017802377320058,29.76558684869282,,,0.0,-1,-1,0,80,delayed
54,1947,8,-20.130488071357057,-8.386494994163513,-3.85660457611084,2.311762051534586,68.68867195289307,,,0.0,-1,-1,0,80,delayed
54,1963,7,4.579638023887129,-29.802813938685826,-4.564014843532019,1.7764149694068943,52.78206941964471,,,0.0,-1,-1,0,80,delayed
54,2099,8,-9.871375253522856,-12.463696718215942,14.636921644210815,1.4878845741915288,44.20905488632333,,,0.0,-1,-1,0,80,delayed
54,2143,8,-34.113382357729186,-12.92441713809967,19.863089323043823,2.482796090109658,73.77055352485807,,,0.0,-1,-1,0,80,delayed
54,2209,7,-31.425088101145317,-9.79042979649135,-18.68551336015974,1.1004463313839885,32.69722202076238,,,0.0,-1,-1,0,80,delayed
54,2263,7,17.792169941260518,-35.396780014038086,-4.2987662724086215,2.466393673234128,73.28319357738856,,,0.0,-1,-1,0,80,delayed
54,2305,7,-28.77572428511433,-37.11495426722935,-22.589017050606863,0.8262605077505176,24.550423313174235,,,0.0,-1,-1,0,80,delayed
54,2363,10,-5.448904343190771,-19.210304689407348,1.4512521028518677,3.3045219460485016,98.18624012907651,,,0.0,-1,-1,0,80,delayed
54,2713,6,-11.402083404308138,3.9351749420166016,6.962132612864177,2.3746710180107047,70.55786664717625,,,0.0,-1,-1,0,80,delayed
54,2889,7,-32.002838945469065,-23.076593807765416,-7.19922365461077,1.2103457916173788,35.962630745142256,,,0.0,-1,-1,0,80,delayed
54,2977,6,-27.338685082224192,-30.816299041112263,-29.198267300923664,1.390813389881069,41.324808763002004,,,0.0,-1,-1,0,80,delayed
54,3153,10,7.115316756473829,-11.010175609588623,6.43673095703125,2.213458064829675,65.76779595272134,,,0.0,-1,-1,0,80,delayed
54,3161,6,1.1205760499042114,-38.229393005371094,-7.931864897410075,1.182243798300322,35.12764489575679,,,0.0,-1,-1,0,80,delayed
54,3185,11,-8.564088177083688,-2.783845901489258,2.326646241274747,2.2313782107142592,66.3002517135541,,,0.0,-1,-1,0,80,delayed
54,3487,6,-13.584893579134693,-33.47669919331869,-22.317800362904865,0.9755614263375972,28.986555402238448,,,0.0,-1,-1,0,80,delayed
54,3507,7,-12.822744223937146,-29.57715470450265,-1.5537911823817663,1.1007951529260116,32.707586447522566,,,0.0,-1,-1,0,80,delayed
54,3667,8,-10.928726104255604,-13.870105862617493,-0.14769691228866488,1.2295890604693023,36.53440005011621,,,0.0,-1,-1,0,80,delayed
54,3815,10,4.75364042232605,-17.02655906677246,-15.213280487060548,1.9623050608758283,58.30536430361726,,,0.0,-1,-1,0,80,delayed
54,3835,10,-2.500211765521358,8.438456296920776,2.323313808441162,2.588670094555438,76.91635512450272,,,0.0,-1,-1,0,80,delayed
54,3905,9,-19.267455311508517,-10.459928512573242,4.721969816419813,2.496309373207061,74.17206953255788,,,0.0,-1,-1,0,80,delayed
54,4025,6,-16.0921210926355,43.601000467936196,-39.69983243942261,2.043365715376107,60.713894498825,,,0.0,-1,-1,0,80,delayed
54,4259,6,-13.427909085056188,-18.6181804339091,3.374834855397541,0.8949391040639599,26.591049237121588,,,0.0,-1,-1,0,80,delayed
54,4283,6,1.1179152957672878,-20.691999395688374,-18.187166690826416,1.0986096577671358,32.64264950475936,,,0.0,-1,-1,0,80,delayed
54,4323,11,-15.829115480920922,14.355075402693315,25.99827306920832,2.4400411328168734,72.50018868177462,,,0.0,-1,-1,0,80,delayed
54,4345,11,-24.844693395270966,-22.311080759221856,-18.226064465262674,1.7966350817007068,53.38286337215309,,,0.0,-1,-1,0,80,delayed
54,4427,11,9.51899161051068,-15.57946327599612,-9.671261527321555,3.422803790057265,101.70071203404957,,,0.0,-1,-1,0,80,delayed
54,4435,14,2.8127522885322906,-10.819751194545201,-20.41952317101615,3.3962796740445227,100.91260916575033,,,0.0,-1,-1,0,80,delayed
54,4625,8,-22.420410681555275,10.866764545440676,10.052863836288452,2.0877384698350587,62.032328449522474,,,0.0,-1,-1,0,80,delayed
54,4723,9,9.495156705079454,22.57645018895467,-3.1371806462605796,3.352400642645574,99.60884505587046,,,0.0,-1,-1,0,80,delayed
54,4777,6,-0.9693863609095862,-3.842799345652262,-10.353766918182373,1.003787322135346,29.82522272777098,,,0.0,-1,-1,0,80,delayed
54,5017,9,-20.76962877531864,-25.741832309299046,-20.20192305246989,1.23313193475144,36.639668379603044,,,0.0,-1,-1,0,80,delayed
54,5057,6,-9.07491531704883,-8.775624295075735,2.280191739400228,2.262121399112768,67.21371457677975,,,0.0,-1,-1,0,80,delayed
54,5081,7,-19.762306812154428,-13.662261962890625,-4.300027438572475,1.3355790282264208,39.68364723182059,,,0.0,-1,-1,0,80,delayed
54,5411,6,-17.570703276246565,-27.63859987258911,-5.690299828847249,1.4080949961773461,41.83829179423182,,,0.0,-1,-1,0,80,delayed
54,5439,6,-14.341419609090373,-27.638599077860516,-17.736000855763752,0.9111013612470991,27.071273393813662,,,0.0,-1,-1,0,80,delayed
54,5539,8,-6.005609708499265,25.232231736183167,7.826574683189393,1.802926742128214,53.569805535537576,,,0.0,-1,-1,0,80,delayed
54,5553,14,-28.0194871610041,-12.244965417044503,-8.33354561669486,2.022632923384608,60.09786745277748,,,0.0,-1,-1,0,80,delayed
54,5691,14,-28.095312321844627,-21.66523654120309,21.404124123709543,3.58115321982194,106.40569974150557,,,0.0,-1,-1,0,80,delayed
54,5843,7,13.776396041788662,5.847337518419538,21.20878710065569,2.137744545070318,63.51814352084707,,,0.0,-1,-1,0,80,delayed
54,5937,7,-7.294457342877158,-23.848584856305802,-11.461729185921806,0.929092783565699,27.605846969319813,,,0.0,-1,-1,0,80,delayed
54,6469,6,-19.81725162287958,-10.461468378702799,2.5434595743815103,1.2260969994729034,36.430641520097126,,,0.0,-1,-1,0,80,delayed
54,6489,7,8.340868358909729,25.487582070486887,8.108692850385394,1.7323238294376675,51.472002993316394,,,0.0,-1,-1,0,80,delayed
55,42,6,-21.096555877000927,-34.12332407633463,-0.6665711402893066,0.7146796642338877,21.235056166519513,,,0.0,-1,-1,0,80,delayed
55,226,14,21.226974868294025,0.730422590460096,17.165372235434397,4.499961101076406,133.70595458448395,,,0.0,-1,-1,0,80,delayed
55,454,7,-4.236110516350161,-8.028706525053297,13.651192801339286,1.2300088984877922,36.5468745675114,,,0.0,-1,-1,0,80,delayed
55,526,9,5.493332657445545,0.7143673366970487,4.885166115230984,2.7615577576703747,82.05331287001168,,,0.0,-1,-1,0,80,delayed
55,624,11,-0.4550853308676947,3.85959547216242,-10.351477362892844,3.6897479921860414,109.63234267811978,,,0.0,-1,-1,0,80,delayed
55,632,7,0.8089822152548055,-7.755541392735073,2.2797125407627656,2.9330611290539617,87.14913958278359,0.36305588483810425,126.21023559570312,126.21023559570312,2,9,1,80,delayed
55,756,6,-19.689933982566526,-25.94351863861084,17.691489219665527,1.064806708378107,31.638272908092784,,,0.0,-1,-1,0,80,delayed
55,810,12,-50.972691181505745,4.011384606361389,-18.992403666178387,4.166694148835484,123.80369654714778,,,0.0,-1,-1,0,80,delayed
55,848,6,7.483709604617651,-15.200305938720703,17.20043134689331,1.4596692886279,43.37070281940071,,,0.0,-1,-1,0,80,delayed
55,1036,12,2.4242062616070927,-7.496231714884439,19.110180934270222,3.9319348679439052,116.82836652892442,,,0.0,-1,-1,0,80,delayed
55,1204,6,-17.35911335862126,-4.073737144470215,-7.122113386789958,0.8832313421566775,26.243180122989337,,,0.0,-1,-1,0,80,delayed
55,1230,8,-7.997838071288725,-8.202899098396301,-12.241997718811035,1.501608808959264,44.61683883586073,,,0.0,-1,-1,0,80,delayed
55,1270,7,-5.220944079499636,16.92046138218471,32.597364153180806,2.2806628268022617,67.76463029202671,,,0.0,-1,-1,0,80,delayed
55,1298,8,-2.0617742401892443,-16.267236709594727,9.432796716690063,1.2357039485370533,36.71608983096351,,,0.0,-1,-1,0,80,delayed
55,1466,10,-6.002634219542734,-15.851549434661866,16.130687618255614,2.3296232221701065,69.2193754003623,,,0.0,-1,-1,0,80,delayed
55,1506,6,0.1831187386377137,-26.48853047688802,1.027039368947347,1.0139025208189065,30.125772502628735,,,0.0,-1,-1,0,80,delayed
55,1514,7,-10.476300696535448,-17.11444822379521,12.920052119663783,2.2954353945987505,68.20356303711665,,,0.0,-1,-1,0,80,delayed
55,1538,12,-7.244279101569879,-11.849402586619059,-15.761484543482462,3.3456206602218743,99.40739353180949,,,0.0,-1,-1,0,80,delayed
55,1626,7,-21.19033308184607,-2.292219434465681,-6.478698594229563,2.2946895657862765,68.18140245592748,,,0.0,-1,-1,0,80,delayed
55,1894,13,-2.6266137798439853,1.5774810864375188,-6.01753645676833,3.986042657039218,118.43605455754187,,,0.0,-1,-1,0,80,delayed
55,1908,8,4.477006456836534,15.31462049484253,1.5681172609329224,2.5256366565655037,75.04346204656699,,,0.0,-1,-1,0,80,delayed
55,1982,6,-44.17541877493907,-15.375818252563477,15.845460732777914,1.7563465780985161,52.18578350592428,,,0.0,-1,-1,0,80,delayed
55,2002,12,-13.514146946101201,-3.4940840800603232,-10.703953663508097,2.8351630981909395,84.24032562318057,,,0.0,-1,-1,0,80,delayed
55,2052,6,-26.07522542544467,7.108256657918294,5.905909697214763,1.043598603285908,31.008123030663345,,,0.0,-1,-1,0,80,delayed
55,2146,8,-3.061851525832834,-16.544362008571625,-1.8381596803665161,1.4420132901752116,42.846095589641735,,,0.0,-1,-1,0,80,delayed
55,2148,8,1.8419070512855065,8.82643175125122,19.636821627616882,1.8603403587505176,55.27571859660746,,,0.0,-1,-1,0,80,delayed
55,2276,11,-5.409893307299275,-16.01026656410911,-0.8779267397793856,1.9405404779646322,57.658679972595266,,,0.0,-1,-1,0,80,delayed
55,2280,7,-6.970605553640142,-33.92009925842285,11.81424958365304,1.0287396354931564,30.5666231091652,,,0.0,-1,-1,0,80,delayed
55,2398,8,-12.363447826981986,-14.937037110328674,13.783659100532532,1.3428015822445074,39.89824874899709,,,0.0,-1,-1,0,80,delayed
55,2780,14,-34.36630389259508,23.57146086011614,13.645796571459089,4.95012934325075,147.08166454987497,,,0.0,-1,-1,0,80,delayed
55,2946,6,-1.3684994814481553,0.8960380554199219,17.049482504526775,1.497701430377043,44.50074010266638,,,0.0,-1,-1,0,80,delayed
55,2948,7,9.240190346067413,15.384396144321986,6.163421358380999,2.8631014936084496,85.07045053869669,,,0.0,-1,-1,0,80,delayed
55,2986,11,6.1401248831894355,8.029067147861827,7.585378256711093,2.9342082283854887,87.1832229909909,,,0.0,-1,-1,0,80,delayed
55,3022,10,-15.271281396356681,-24.350973415374757,-17.57249598503113,2.6114437778337156,77.59302254311629,0.46430936455726624,57.750946044921875,57.750946044921875,6,2,1,80,delayed
55,3030,17,12.852056776724678,12.054937530966367,2.574334649478688,8.584158226261907,255.05844254343717,,,0.0,-1,-1,0,80,delayed
55,3158,9,16.16766689211835,-12.04569943745931,4.200610796610515,1.8454181990689085,54.832341074029685,,,0.0,-1,-1,0,80,delayed
55,3162,6,15.441108184158482,-15.740699581801891,21.594333330790203,2.153538587164208,63.987427016299065,,,0.0,-1,-1,0,80,delayed
55,3230,12,2.849209158646257,-5.967424487074216,3.3016703923543296,2.723212698431114,80.91397796599271,,,0.0,-1,-1,0,80,delayed
55,3326,9,-25.68045401820778,-20.52880308363173,-19.773918363783096,1.8489091817881715,54.936067565533214,,,0.0,-1,-1,0,80,delayed
55,3468,13,-21.18589084107102,4.2123003005981445,-0.4550776848426232,3.05037154589069,90.63474777217587,,,0.0,-1,-1,0,80,delayed
55,3478,6,-31.75593550777701,-0.8036618232727051,-7.426950931549072,1.1963827936408007,35.547752498111855,,,0.0,-1,-1,0,80,delayed
55,3506,6,5.621181708770983,56.56583213806152,19.648368676503498,2.2121800040883666,65.72982132858675,0.410228431224823,69.17342376708984,69.17342376708984,4,7,1,80,delayed
55,3540,9,-27.66622354657201,-14.795394897460938,-23.436166127522785,2.3949560422190257,71.1605893073553,,,0.0,-1,-1,0,80,delayed
55,3668,9,2.4506225241831094,-45.744099934895836,14.300277392069498,2.296018966727452,68.22090253556661,,,0.0,-1,-1,0,80,delayed
55,3672,8,-29.40909039527035,13.198078632354736,-11.410622119903564,2.5782965104052504,76.60812802206588,,,0.0,-1,-1,0,80,delayed
55,3788,7,-15.509648574759913,0.07126099722726005,-2.1728221348353776,1.7556727658525935,52.165762730737974,0.4421883523464203,146.5923614501953,146.5923614501953,3,13,1,80,delayed
55,3806,7,15.747621838392801,7.2369215829031805,11.126657213483538,2.0970991100111283,62.310458260458816,,,0.0,-1,-1,0,80,delayed
55,3808,9,-16.55290485513335,-5.748803668551975,-4.065971692403157,2.0724176994598085,61.57710713049762,,,0.0,-1,-1,0,80,delayed
55,3918,6,14.057635960437816,-0.2955993016560872,-3.3994007110595703,0.882018646174423,26.20714766175555,,,0.0,-1,-1,0,80,delayed
55,4094,6,14.89212097688286,-10.359855651855469,4.158552010854084,1.4211706600222385,42.226804956220924,,,0.0,-1,-1,0,80,delayed
55,4108,10,-14.401809863112016,11.594910430908204,0.1968827247619643,3.4559765025062315,102.68636259513659,,,0.0,-1,-1,0,80,delayed
55,4118,8,-19.832849877861356,-1.1431403756141663,-1.767775297164917,2.0957826170760203,62.271341712417936,,,0.0,-1,-1,0,80,delayed
55,4142,11,-13.9719008771792,-25.001713145862926,2.309010939164595,1.7220587959874032,51.16700122430534,,,0.0,-1,-1,0,80,delayed
55,4154,7,6.819677208057001,-8.16331045968192,2.2349033355712886,1.3275607257514397,39.445401886475715,,,0.0,-1,-1,0,80,delayed
55,4298,9,18.055609729955854,2.8851790957980685,-0.8697956932915581,2.9721513971609825,88.31061664776585,,,0.0,-1,-1,0,80,delayed
55,4368,7,-25.301552508882086,-34.11012758527483,-31.364701134817942,0.833768347486195,24.77350143677978,,,0.0,-1,-1,0,80,delayed
55,4428,6,-23.504538370916976,-37.393398920694985,-24.912067890167236,0.8788729597747539,26.113680853166784,,,0.0,-1,-1,0,80,delayed
55,4456,15,9.915778388258465,-2.856234689553579,1.78741455078125,4.818244746743535,143.16301826051742,,,0.0,-1,-1,0,80,delayed
55,4626,6,-27.523592719929514,-32.87626266479492,20.08862034479777,1.1680215638373714,34.70506403506039,,,0.0,-1,-1,0,80,delayed
55,4744,6,4.819896155297629,-13.191149393717447,22.322624683380127,1.1886328175942082,35.31747985307305,,,0.0,-1,-1,0,80,delayed
55,4806,13,1.0742076575045951,5.26963890515841,-6.952592372894287,3.7619641367530976,111.77807868091315,,,0.0,-1,-1,0,80,delayed
55,5046,7,-40.827748804686344,-34.67229570661272,9.044260706220355,1.1083585066583155,32.93231404136687,,,0.0,-1,-1,0,80,delayed
55,5294,6,-16.115669321608525,18.248681386311848,12.416876633961996,1.363810806829048,40.52248935131782,,,0.0,-1,-1,0,80,delayed
55,5388,7,2.2184216923567335,-23.90005111694336,-1.3795984813145228,1.234412109276067,36.67770580992862,,,0.0,-1,-1,0,80,delayed
55,5456,7,-25.289401972521564,-19.48188672746931,-15.930098806108747,1.6048064709121683,47.68311909748329,,,0.0,-1,-1,0,80,delayed
55,5542,6,-38.41314235836039,12.775462786356607,17.63144572575887,1.890736850188716,56.17888016011326,,,0.0,-1,-1,0,80,delayed
55,5588,10,-3.654758001562308,46.06648845672608,33.98585052490235,3.7549993406262705,111.57113584436264,,,0.0,-1,-1,0,80,delayed
55,5730,7,-16.409756599630416,-21.188184806278773,-18.942843437194824,1.4888480803414506,44.237683247020165,,,0.0,-1,-1,0,80,delayed
55,5742,7,-24.728362957364485,-9.552894728524345,0.031040464128767247,0.981747479625227,29.170359693287807,,,0.0,-1,-1,0,80,delayed
55,5794,6,-22.383887582462027,4.346243540445964,32.978080590566,1.6097308071287284,47.829434378824864,,,0.0,-1,-1,0,80,delayed
55,5890,8,-19.71177426739908,-27.085503578186035,-11.899055123329163,1.8030158802622522,53.57245406938792,,,0.0,-1,-1,0,80,delayed
55,5956,11,-23.807975044998464,-18.8848083561117,-21.974809993397106,1.93979297684653,57.6364697027054,,,0.0,-1,-1,0,80,delayed
55,6288,8,-19.30631947744491,-2.081902027130127,-37.91195845603943,2.650591480933598,78.75620615630524,,,0.0,-1,-1,0,80,delayed
55,6334,8,-35.686186971345634,12.619580209255219,15.596466720104218,1.1847893482411362,35.203280035068914,,,0.0,-1,-1,0,80,delayed
55,6400,8,-0.19726207597212575,-21.934443473815918,12.377249717712402,1.490022174939779,44.272568757253666,,,0.0,-1,-1,0,80,delayed
56,48,7,1.9504971374864242,0.6848951067243304,16.88437625340053,1.704290559094991,50.639059088446665,,,0.0,-1,-1,0,80,delayed
56,222,10,-3.648895304675282,21.432848119735716,15.039697074890137,2.6372396979254518,78.3594887508854,,,0.0,-1,-1,0,80,delayed
56,416,6,-7.286016681966712,-5.196093002955119,-10.63698148727417,1.39377419651715,41.41278229626712,0.46365952491760254,83.54339599609375,83.54339599609375,4,6,1,80,delayed
56,514,6,2.9156680483294948,-23.204599221547443,4.3678657213846845,1.5915562874710658,47.289420488624586,,,0.0,-1,-1,0,80,delayed
56,564,12,-8.571596857635575,-11.826308727264404,-0.15619969367980957,2.5512111041108008,75.80334770895567,,,0.0,-1,-1,0,80,delayed
56,570,10,-20.688806916303342,-6.767392349243164,14.434682321548461,2.6228722067093075,77.93259192113744,,,0.0,-1,-1,0,80,delayed
56,678,8,-23.925664983374624,11.417550802230835,0.1305302381515503,1.933885759117326,57.46095036649764,,,0.0,-1,-1,0,80,delayed
56,782,6,33.15676259712754,-11.232799530029297,14.064300060272217,1.3011394756585006,38.66035544148605,,,0.0,-1,-1,0,80,delayed
56,798,9,-36.9723489181531,6.909650166829427,14.102230495876736,2.126786843545624,63.19256071924009,,,0.0,-1,-1,0,80,delayed
56,964,13,7.2757906740598,-10.520091276902418,-9.024050675905668,3.788931439643867,112.57934982406074,,,0.0,-1,-1,0,80,delayed
56,1136,6,-0.3588032502254273,-32.22039922078451,-2.2831336657206216,1.0472401495851065,31.116323171322673,,,0.0,-1,-1,0,80,delayed
56,1186,13,-22.6052870651359,35.85358018141527,27.13455603672908,2.5266191255904307,75.07265384531303,,,0.0,-1,-1,0,80,delayed
56,1202,7,-13.023338312425356,1.8884094783238001,8.344791276114327,2.7656474846353714,82.17482966439327,,,0.0,-1,-1,0,80,delayed
56,1258,12,-12.950702275737655,-19.916049496581156,21.47424578666687,3.9650157488773354,117.81128852854836,,,0.0,-1,-1,0,80,delayed
56,1270,16,-42.68993445379885,8.104174613952637,3.7822818756103516,4.513691275284831,134.11391501078845,,,0.0,-1,-1,0,80,delayed
56,1316,6,2.4669176431876623,-21.40790557861328,3.7073847452799478,0.9887706787982199,29.37903784151388,,,0.0,-1,-1,0,80,delayed
56,1318,9,11.909848910374727,-2.848229090372721,-11.497118208143446,2.527258943591098,75.09166455998768,,,0.0,-1,-1,0,80,delayed
56,1352,7,-11.138435457773067,-11.560071400233678,-26.67732892717634,2.1894795589849116,65.05533001324537,,,0.0,-1,-1,0,80,delayed
56,1372,6,10.519231516588432,-37.76289971669515,-18.40886656443278,1.5699335756954664,46.646951530844,,,0.0,-1,-1,0,80,delayed
56,1518,6,-33.30715516960359,4.840450604756673,-7.186775366465251,1.1467456505339655,34.0728993931909,,,0.0,-1,-1,0,80,delayed
56,1594,7,-19.739841969488747,6.4055472782679965,-13.322425297328405,1.7158853545290293,50.98357166464406,,,0.0,-1,-1,0,80,delayed
56,1614,6,3.5924166431064335,-22.687299410502117,-9.163600285847982,1.1912981076268172,35.396672792756306,,,0.0,-1,-1,0,80,delayed
56,1686,6,-15.112565011988247,-1.9121627807617188,20.946237564086914,1.6576882261102508,49.254378359518086,,,0.0,-1,-1,0,80,delayed
56,1708,7,-22.258081281466396,-35.883727482386995,-23.313500949314662,0.9492690097675522,28.205336947930064,,,0.0,-1,-1,0,80,delayed
56,1812,7,2.6658728037076465,-37.72067070007324,-11.461728777204241,1.5983479160703742,47.491218051904994,,,0.0,-1,-1,0,80,delayed
56,1944,8,-8.312838517819735,-4.905112266540527,14.038896918296814,1.672927428589951,49.70717607685107,,,0.0,-1,-1,0,80,delayed
56,1980,6,-12.071796330294362,-36.35879898071289,-19.731300830841064,0.8973483010339651,26.662632962718583,,,0.0,-1,-1,0,80,delayed
56,2036,6,-17.967434273427788,11.463737805684408,16.736879030863445,1.0882843156826487,32.33585580392326,,,0.0,-1,-1,0,80,delayed
56,2052,7,-28.934558167369705,-35.84413882664272,-8.34748922075544,2.9085523753577043,86.42091855263952,,,0.0,-1,-1,0,80,delayed
56,2056,7,-22.108241861593484,-1.3618714468819755,3.834310531616211,1.6442802886989893,48.85599245565931,,,0.0,-1,-1,0,80,delayed
56,2122,9,-28.863828613693915,5.437808142768012,18.112285719977486,2.094927191353151,62.24592471207429,,,0.0,-1,-1,0,80,delayed
56,2294,6,-3.7165550435435613,9.297544479370117,8.962051391601562,1.2657623946736507,37.609207158813,,,0.0,-1,-1,0,80,delayed
56,2564,13,-7.471853882325735,-20.238651679112362,16.039577337411735,3.540754345900748,105.20534047607119,,,0.0,-1,-1,0,80,delayed
56,2814,15,-24.694905890860454,-1.418879763285319,8.037589581807454,3.9281347914210905,116.71545602868578,,,0.0,-1,-1,0,80,delayed
56,2830,6,-21.389637390321838,-26.474674622217815,0.3018954594930013,2.137341120760128,63.506156698897975,,,0.0,-1,-1,0,80,delayed
56,3114,6,3.810598482334186,-19.916049639383953,8.66183360417684,1.2932330288270022,38.425433628334346,,,0.0,-1,-1,0,80,delayed
56,3364,14,-17.35009819123604,-2.8583458491734097,-8.860082966940743,4.14540160704433,123.17103782815677,,,0.0,-1,-1,0,80,delayed
56,3406,6,0.29308151332090776,-24.964343070983887,-7.192864735921224,1.0531851032893182,31.29296374490275,,,0.0,-1,-1,0,80,delayed
56,3440,11,-17.13820651628744,-9.973980123346502,8.386521166021174,2.009368372229077,59.70374194045678,,,0.0,-1,-1,0,80,delayed
56,3454,10,-13.87366806960496,14.108433723449707,25.261956024169923,2.9972584349015707,89.05661430696586,,,0.0,-1,-1,0,80,delayed
56,3560,7,-18.330808175366847,-9.691456930977958,14.560485976082939,3.4270021294872826,101.82545599706424,,,0.0,-1,-1,0,80,delayed
56,3676,10,-4.529063735383883,9.932159423828125,25.059654808044435,3.1850427161146864,94.63619066587147,,,0.0,-1,-1,0,80,delayed
56,3678,6,16.033584501623178,-13.121868451436361,5.731868743896484,1.8402172557872576,54.677807052380786,,,0.0,-1,-1,0,80,delayed
56,3776,9,46.973126723198284,-19.33716689215766,44.06770028008355,1.7781536392148718,52.83372997873872,,,0.0,-1,-1,0,80,delayed
56,3898,6,2.3108050041784742,-18.424193064371746,2.746685028076172,1.1534068014414607,34.27082011310665,,,0.0,-1,-1,0,80,delayed
56,3934,6,-0.44168518672935164,16.969287872314453,21.095507780710857,1.4703399765825667,43.68775767543281,,,0.0,-1,-1,0,80,delayed
56,3946,6,-31.066401628054454,-29.735511779785156,-7.677833875020345,1.0499261661613954,31.196131952397813,,,0.0,-1,-1,0,80,delayed
56,3956,11,-7.764628010982381,20.82720357721502,-8.217614954168146,3.3023597684951373,98.12199601512526,,,0.0,-1,-1,0,80,delayed
56,3998,6,8.834974147915661,-28.539255777994793,-0.3940647443135579,1.1145746238905625,33.11701161311873,,,0.0,-1,-1,0,80,delayed
56,4092,8,10.013658248702981,-16.76259756088257,-4.675226569175719,1.8363651196928243,54.563349722166905,,,0.0,-1,-1,0,80,delayed
56,4170,8,-1.6786256444722158,-3.086479425430298,-6.398123621940613,1.0586387662420789,31.455006748098157,,,0.0,-1,-1,0,80,delayed
56,4188,8,16.820887492095846,19.79711675643921,11.772141695022583,2.9173010984543923,86.68086666035941,,,0.0,-1,-1,0,80,delayed
56,4196,6,2.6926831865668976,8.392269134521484,22.068593343098957,1.4349112882006037,42.63507599810599,,,0.0,-1,-1,0,80,delayed
56,4346,6,-24.08244050436845,-38.2571055094401,-6.0012275377909345,0.9621917458415157,28.589306214286466,,,0.0,-1,-1,0,80,delayed
56,4370,6,11.579482076412715,7.0805439949035645,1.9537315368652344,1.4947351266803244,44.412603236936064,,,0.0,-1,-1,0,80,delayed
56,4450,6,-9.021700234310359,-16.812249342600506,3.8490955034891763,1.0602793441204954,31.503752731980406,,,0.0,-1,-1,0,80,delayed
56,4554,11,2.806441836363619,-8.275959535078568,-4.868526285344904,3.0495943361016713,90.61165477772121,,,0.0,-1,-1,0,80,delayed
56,4632,9,-11.75351575478832,0.7451587253146701,7.84634362326728,2.005371429996237,59.5849820301693,,,0.0,-1,-1,0,80,delayed
56,4684,6,0.874914814237906,-9.694755554199219,5.895202000935872,1.9784070886725775,58.783798883150695,0.4932355284690857,59.07769775390625,59.07769775390625,7,7,1,80,delayed
56,4696,7,-10.112891880733295,3.4165564945765903,-14.490309374673027,2.5402569850316303,75.47787135144625,,,0.0,-1,-1,0,80,delayed
56,4932,12,-7.468218376606136,-8.93266224861145,4.233922561009725,3.3343311134300975,99.07195071425724,,,0.0,-1,-1,0,80,delayed
56,4966,7,18.16881821913342,2.973155975341797,4.977180480957031,1.8711489051784256,55.596869598883565,,,0.0,-1,-1,0,80,delayed
56,4968,7,-35.92480345441734,-29.007069178989955,-3.984573636736189,1.5679640855875807,46.58843267945737,,,0.0,-1,-1,0,80,delayed
56,4984,8,-19.80955698193103,-26.323410034179688,-7.160218000411986,1.0892341030814243,32.364076543603716,,,0.0,-1,-1,0,80,delayed
56,5200,12,-17.246726478206163,-20.629646460215252,11.282973806063334,2.897566656872533,86.09450329173767,,,0.0,-1,-1,0,80,delayed
56,5278,7,27.17351878946104,33.60734503609793,-28.787437847682412,2.442343771395973,72.56860627080842,,,0.0,-1,-1,0,80,delayed
56,5354,8,2.956030494977057,2.8647796511650085,-7.933960974216461,2.524178367204656,75.00013234511562,,,0.0,-1,-1,0,80,delayed
56,5634,6,-18.612328557112384,0.6743377049763998,17.713112115859985,1.9356464295857085,57.513264624420344,,,0.0,-1,-1,0,80,delayed
56,5662,8,-4.018680259519167,-2.975629806518554,15.409407615661621,1.9166381134016546,56.948476395512174,,,0.0,-1,-1,0,80,delayed
56,5686,9,-3.262557868678621,-35.98929892645942,-7.628567165798611,1.2383897524917606,36.79589229447925,,,0.0,-1,-1,0,80,delayed
56,5690,9,-7.150491049563267,6.45085424847073,-13.41235982047187,2.90061317286705,86.18502348070243,,,0.0,-1,-1,0,80,delayed
56,5756,6,-10.27578728787079,-9.893362681070963,2.740595976511637,1.1531318667503276,34.262651063530306,,,0.0,-1,-1,0,80,delayed
56,5844,8,-19.37851481174937,-11.285915315151215,14.476471662521362,1.0670358433075213,31.704506505881817,,,0.0,-1,-1,0,80,delayed
56,6130,6,7.717855968666949,-26.308399200439453,1.0501330693562825,1.192601948607653,35.43541341718688,,,0.0,-1,-1,0,80,delayed
56,6412,8,19.81253924922691,-17.406913802027702,-0.39364540576934814,2.0451424198174593,60.76668516923518,,,0.0,-1,-1,0,80,delayed
56,6452,9,4.274707262734438,-9.720929463704428,-15.217732747395834,2.5893427220839076,76.93634069854521,,,0.0,-1,-1,0,80,delayed
56,6458,6,-46.494206041528315,20.75666268666585,-2.4955959320068346,1.7265833324527287,51.30143737909875,,,0.0,-1,-1,0,80,delayed
57,184,7,-18.255888465430395,5.732529095241001,0.581331729888916,1.6212586855726874,48.17195867116037,,,0.0,-1,-1,0,80,delayed
57,440,6,-14.214620454516322,-30.66849931081136,-4.507900396982829,1.2916717331863017,38.37904333309857,,,0.0,-1,-1,0,80,delayed
57,462,8,6.834068352311268,-15.906974077224731,-6.534325361251831,1.3156568786601766,39.09170655382398,,,0.0,-1,-1,0,80,delayed
57,528,7,-19.687387102217965,0.6651006426130023,-22.813414301191056,1.3353880170021926,39.67797177430037,,,0.0,-1,-1,0,80,delayed
57,744,7,-10.574368491867784,-32.96995694296701,14.33878585270473,2.427750038499801,72.1349871918864,,,0.0,-1,-1,0,80,delayed
57,1138,9,-3.7169256135531463,-4.649541119734446,3.4317996237013073,2.3170341609458567,68.84532051177487,,,0.0,-1,-1,0,80,delayed
57,1160,6,-21.45309693134872,-19.754392623901367,-17.14018217722575,0.9237030252719145,27.44570274552247,,,0.0,-1,-1,0,80,delayed
57,1246,8,-17.617417086264762,9.06198787689209,7.702971279621124,2.1402297217949715,63.59198480943099,,,0.0,-1,-1,0,80,delayed
57,1464,9,0.8953637549881495,-5.357749938964844,-3.2849805090162487,1.8352142158661866,54.52915327217122,,,0.0,-1,-1,0,80,delayed
57,1540,7,-17.149027655592654,-15.11122955594744,6.587025914873395,1.0267440231043818,30.507328094513216,,,0.0,-1,-1,0,80,delayed
57,1626,9,-33.864588086226085,-11.974878523084852,-18.17891028192308,1.6856157216721022,50.08417941098897,,,0.0,-1,-1,0,80,delayed
57,1674,7,-27.02344054320563,-24.200929369245255,-17.82246698651995,0.9185275874633293,27.291926560118565,,,0.0,-1,-1,0,80,delayed
57,1680,9,-15.074452448875924,-16.048616144392227,-4.001308759053548,1.5903431979657092,47.25337633476038,,,0.0,-1,-1,0,80,delayed
57,1704,7,-8.561305022295432,-11.496728079659599,-14.888900893075126,1.1653878595061713,34.62680959156928,,,0.0,-1,-1,0,80,delayed
57,1712,6,-15.787479518768611,-4.669555107752482,-25.70964018503825,1.4462439218201548,42.971799041266486,,,0.0,-1,-1,0,80,delayed
57,1862,7,3.4815969116642846,-24.236560004098074,14.729281970432826,2.866623759160881,85.17510652736186,,,0.0,-1,-1,0,80,delayed
57,1868,6,5.2748851127115985,-37.984599113464355,-6.429300149281819,0.937040352326745,27.841990625665492,,,0.0,-1,-1,0,80,delayed
57,1896,6,-12.866489962165266,-1.6304187774658203,24.33178170522054,1.2284125634235998,36.499443156705766,,,0.0,-1,-1,0,80,delayed
57,1940,10,18.730793925185022,-5.808539390563965,-7.715160369873047,2.3700097667212745,70.4193683270325,,,0.0,-1,-1,0,80,delayed
57,2016,11,-1.2020397992930285,6.547707991166548,2.3719938451593574,2.885236503954576,85.72814126570286,,,0.0,-1,-1,0,80,delayed
57,2038,9,-13.104301788173899,-27.663232803344727,-15.970167213016087,1.5014162730096192,44.611118074645056,,,0.0,-1,-1,0,80,delayed
57,2042,7,-30.4102004517758,-22.245219230651855,2.056751114981515,1.1228462709801583,33.3627845087635,,,0.0,-1,-1,0,80,delayed
57,2182,13,12.346511602564304,1.8034446056072528,-7.108303913703332,3.288385153986465,97.706772609664,,,0.0,-1,-1,0,80,delayed
57,2288,6,2.0753882268005728,-10.392187118530273,5.622695366541545,1.294801901433423,38.47204905561278,,,0.0,-1,-1,0,80,delayed
57,2338,7,-1.7847572544068924,17.14612020765032,-6.720370156424386,1.7227173704154866,51.18656924291571,,,0.0,-1,-1,0,80,delayed
57,2416,6,-18.056230942495304,21.97601302464803,7.562570571899414,3.648474962429379,108.40600989029004,,,0.0,-1,-1,0,80,delayed
57,2512,6,-6.040385187627081,-36.35879898071289,-8.564633846282959,0.96060226045025,28.542078325697283,,,0.0,-1,-1,0,80,delayed
57,2650,6,-7.997708449853977,-8.055099566777548,30.451625029246014,1.7688163557374854,52.55629415817765,,,0.0,-1,-1,0,80,delayed
57,2838,7,-33.64786824481819,16.861077444893972,3.5057190486363004,1.1185164647564412,33.23413431350526,,,0.0,-1,-1,0,80,delayed
57,2880,8,-2.654457224189022,-22.613399267196655,-7.14982545375824,2.249932977374279,66.85156376551315,,,0.0,-1,-1,0,80,delayed
57,2882,9,18.70896264826071,-13.588362256685892,15.64489311642117,2.5462777809897523,75.65676540249625,,,0.0,-1,-1,0,80,delayed
57,3316,11,-16.093948753420236,-15.904454664750533,-11.088836323131215,2.5151463276224586,74.73176614215141,,,0.0,-1,-1,0,80,delayed
57,3448,6,6.944448369891433,-22.71963055928548,24.09160629908244,0.8092336431681222,24.0445093438234,,,0.0,-1,-1,0,80,delayed
57,3450,6,0.439422990851714,-26.396155039469402,4.749751726786296,1.0260418048901176,30.486463301561475,,,0.0,-1,-1,0,80,delayed
57,3486,6,23.687657109554696,-22.211568196614582,1.1855478286743164,1.9260037931233283,57.22675594491079,,,0.0,-1,-1,0,80,delayed
57,3534,6,-44.44415494276837,-34.141798655192055,-36.448234717051186,0.4563681194046626,13.559925002980627,,,0.0,-1,-1,0,80,delayed
57,3628,8,-22.329567473827858,-39.050376176834106,5.244744896888733,2.250500692560471,66.86843211152701,,,0.0,-1,-1,0,80,delayed
57,3744,6,-16.392861048658634,-34.141798655192055,-14.114900747934977,0.4526748804566297,13.450188934609459,,,0.0,-1,-1,0,80,delayed
57,3770,9,0.6499131860251366,-28.784049563937717,8.116330358717176,2.0807685175440334,61.825232409457385,,,0.0,-1,-1,0,80,delayed
57,3938,7,-1.7304661570807451,-7.58530672958919,7.809074742453438,2.267135259735369,67.3626898691524,,,0.0,-1,-1,0,80,delayed
57,3980,8,-3.4945903429227165,-26.382298946380615,-8.695900559425354,1.3123033762557756,38.99206497246131,,,0.0,-1,-1,0,80,delayed
57,4000,9,0.2257006547024177,-16.43659125434028,-5.663078414069282,1.863300036772135,55.36365859569953,,,0.0,-1,-1,0,80,delayed
57,4014,7,-11.226974984513063,-10.883094651358467,31.239451680864608,2.8443120515128406,84.512165647989,,,0.0,-1,-1,0,80,delayed
57,4026,9,-5.648367411453641,-40.845145755343964,-23.609579430686104,2.2942651007872796,68.16879045848935,,,0.0,-1,-1,0,80,delayed
57,4050,6,-5.7601341481807635,-32.091073989868164,17.759300072987873,1.374072632794075,40.827395817310524,,,0.0,-1,-1,0,80,delayed
57,4124,7,-29.37706763118167,-33.0926832471575,-15.953852381025042,0.9540947985047725,28.348724118449997,0.4008385241031647,144.19459533691406,144.19459533691406,2,3,1,80,delayed
57,4184,7,-6.699208631673911,-35.63827405657087,9.5972501209804,0.9503920244962475,28.238704737770902,,,0.0,-1,-1,0,80,delayed
57,4218,6,-6.8452033503066785,-9.001942952473959,-10.341382026672363,1.3187893053163828,39.18477937974991,,,0.0,-1,-1,0,80,delayed
57,4228,9,-29.344006783419104,-24.31001959906684,-18.0988523695204,0.8317691539382882,24.714100016252377,,,0.0,-1,-1,0,80,delayed
57,4326,6,-2.3046863793860495,-37.467299143473305,-11.372833887736002,0.90078617225812,26.76478136876907,,,0.0,-1,-1,0,80,delayed
57,4332,8,1.578791310424517,-2.442163586616516,7.283820033073425,2.465546632878837,73.25802572888236,,,0.0,-1,-1,0,80,delayed
57,4348,11,-28.877589316482712,15.25195260481401,-14.892091209238226,3.1855148787322514,94.65021988792087,,,0.0,-1,-1,0,80,delayed
57,4372,6,-24.268573366473404,-4.484805852174758,8.178335030873617,2.1622144601143267,64.24521055011049,0.42346805334091187,114.37429809570312,114.37429809570312,0,14,1,80,delayed
57,4510,9,-25.184972512027073,-26.194470087687176,-6.0366382069057885,1.5374425786668482,45.68155656952448,,,0.0,-1,-1,0,80,delayed
57,4530,7,-0.2986258989280667,-36.83387047903879,-6.577671868460519,1.2366962437673998,36.745573592716774,,,0.0,-1,-1,0,80,delayed
57,4988,8,8.670997570698212,6.346162140369415,-20.00732183456421,2.518472948520858,74.8306090016274,,,0.0,-1,-1,0,80,delayed
57,5202,27,36.671398103316385,-16.142017938472605,29.114148722754585,5.978736824222686,177.64436099256122,,,0.0,-1,-1,0,80,delayed
57,5352,13,-24.6735254943927,22.272323608398438,13.037420859703651,3.6610611263644666,108.7799786926193,,,0.0,-1,-1,0,80,delayed
57,5470,7,1.0526697590189993,-0.2454531533377511,5.8296107564653665,1.3631190231470007,40.50193459639962,,,0.0,-1,-1,0,80,delayed
57,5616,14,6.967442777101864,-12.668571318898882,-36.30877147402082,5.415420735795709,160.90672401211933,,,0.0,-1,-1,0,80,delayed
57,5652,7,-2.8718782843297563,-11.009779793875557,6.118612016950335,2.253087951249664,66.94530652999984,,,0.0,-1,-1,0,80,delayed
57,5660,9,-13.02686436282299,-26.037432458665634,-12.861189736260307,4.041314493847741,120.07832957639783,,,0.0,-1,-1,0,80,delayed
57,5770,7,-7.637746024031634,10.930601392473493,15.41291604723249,3.2062220082844637,95.26548443383457,,,0.0,-1,-1,0,80,delayed
57,6074,8,-14.536263795706986,3.4813835620880127,16.454451084136963,2.016453220123791,59.914251838113884,,,0.0,-1,-1,0,80,delayed
57,6084,6,-8.71877282096033,5.676443735758464,9.026713689168295,1.1396946382531206,33.86339484268005,,,0.0,-1,-1,0,80,delayed
57,6124,7,-42.31701090589599,-28.27862548828125,-12.534598895481654,1.5939945354357201,47.36186739745448,,,0.0,-1,-1,0,80,delayed
57,6412,10,-14.567601786300486,-9.47767448425293,6.526417064666748,2.1625241576958567,64.25441249871423,,,0.0,-1,-1,0,80,delayed
58,128,6,-9.102319974936647,-20.93679388364156,29.68176507949829,1.7914448029225718,53.22864622160391,,,0.0,-1,-1,0,80,delayed
58,374,6,-32.54212839149813,-10.341380397478739,-8.207519690195719,0.7287449303862276,21.65297307627537,,,0.0,-1,-1,0,80,delayed
58,576,8,-16.052893653753564,21.224311590194702,35.00104212760925,1.9414534522591698,57.685806895877576,,,0.0,-1,-1,0,80,delayed
58,772,7,-19.44182459503072,-20.301384925842285,-31.181329454694474,1.2605464505627506,37.45422742215696,,,0.0,-1,-1,0,80,delayed
58,782,6,-9.45846247102515,9.214406967163086,-23.19851080576579,1.2379602039593551,36.78312925158275,,,0.0,-1,-1,0,80,delayed
58,1284,7,-0.5049730009152792,1.4885575430733817,-51.331014905657085,1.796201242116872,53.36997283057056,,,0.0,-1,-1,0,80,delayed
58,1406,9,-17.792155094573825,7.4885334968566895,12.287483003404406,2.7268418973980717,81.02181123418205,,,0.0,-1,-1,0,80,delayed
58,1620,12,7.034079524752897,31.777000586191814,15.120316505432129,3.2397975311474334,96.26310357636285,,,0.0,-1,-1,0,80,delayed
58,1624,12,-26.11563262877304,-29.19049898783366,-20.555850982666016,2.812395711841764,83.5638453032769,,,0.0,-1,-1,0,80,delayed
58,1696,10,-9.043325971647679,23.32006950378418,0.646583366394043,2.674505869836604,79.46676700889043,0.3089721202850342,120.45111083984375,120.45111083984375,5,15,1,80,delayed
58,2030,6,-29.531545049308704,11.625394344329834,10.256772994995117,0.9508742061531184,28.253031652441255,,,0.0,-1,-1,0,80,delayed
58,2160,6,7.576835999409986,27.786400477091473,38.07403246561686,2.8299926175702455,84.08669672916966,,,0.0,-1,-1,0,80,delayed
58,2382,11,-34.568409502051026,10.437535892833363,-3.456103584983133,4.1053153472863135,121.97996717081594,,,0.0,-1,-1,0,80,delayed
58,2704,9,-25.49388569741643,8.187504662407768,9.85703976949056,1.6040448156268237,47.66048826919304,,,0.0,-1,-1,0,80,delayed
58,2902,10,-28.761277757203022,-21.172349834442137,-6.124463081359863,1.755979029733778,52.17486265486371,,,0.0,-1,-1,0,80,delayed
58,3164,12,-29.54844139293942,51.72769053777059,20.27326758702596,3.509509483968287,104.27697154205069,,,0.0,-1,-1,0,80,delayed
58,3456,6,-32.27518112273644,-23.296974500020344,-5.017434120178223,1.6335490444162672,48.53713830815179,,,0.0,-1,-1,0,80,delayed
58,3518,8,-37.29088674290843,-13.3297119140625,-35.649925887584686,0.9645609125628922,28.6597005334675,,,0.0,-1,-1,0,80,delayed
58,3646,12,-34.44371051914023,6.378493944803874,32.8086576461792,3.618406767385845,107.51260289617925,,,0.0,-1,-1,0,80,delayed
58,3662,9,19.20799182662398,34.87772115071615,-10.104354964362251,2.892793191920892,85.95267080170073,,,0.0,-1,-1,0,80,delayed
58,3774,10,-19.81694956922197,-8.233382880687714,-28.737104415893555,1.1979820358394384,35.59527028770552,,,0.0,-1,-1,0,80,delayed
58,3796,12,-14.638315568951507,-11.124259233474731,-17.368074258168537,4.658415723602064,138.41406785196293,,,0.0,-1,-1,0,80,delayed
58,3832,6,-1.6869181228096946,3.7827571233113595,-7.39314881960551,1.0891011656209681,32.36012661389296,,,0.0,-1,-1,0,80,delayed
58,4056,6,-24.92045813001974,-38.92220560709635,-22.19162368774414,0.722248009969032,21.459932086202645,,,0.0,-1,-1,0,80,delayed
58,4178,6,-27.53419054754824,-36.04934310913086,-32.29597854614258,1.1870159829706959,35.26943934519173,,,0.0,-1,-1,0,80,delayed
58,4278,8,28.09440152740001,-1.2193496823310852,29.44814956188202,2.1799377717532664,64.77181783578587,,,0.0,-1,-1,0,80,delayed
58,4530,7,-36.867013306885774,-13.67413820539202,-16.907954352242605,1.7346981530645007,51.542550538036785,,,0.0,-1,-1,0,80,delayed
58,4724,6,-8.883739577449607,9.048131942749023,17.442076683044434,1.187357197848902,35.279577757498906,,,0.0,-1,-1,0,80,delayed
58,4800,9,-21.913753054195876,-20.371765931447346,-1.086456298828125,1.1799738392868309,35.06019830456428,,,0.0,-1,-1,0,80,delayed
58,4818,15,-8.081111654159818,5.516634917259216,26.063729810714722,3.693906211920507,109.75589457700967,,,0.0,-1,-1,0,80,delayed
58,5096,6,-25.529372269116,-1.477999210357666,-31.42303466796875,1.388191412660183,41.24690276351826,,,0.0,-1,-1,0,80,delayed
58,5120,6,-0.594220027603324,10.272100448608398,31.496933301289875,1.4602830954121153,43.38894067083331,,,0.0,-1,-1,0,80,delayed
58,5308,6,-1.5272728745942696,-33.92933718363444,-14.558300415674845,1.536275529575201,45.646880400255306,,,0.0,-1,-1,0,80,delayed
58,5608,12,-30.75433825989035,-14.38971479733785,-10.454541683197021,1.9459656228839581,57.819875628269735,,,0.0,-1,-1,0,80,delayed
58,6554,7,-1.2389354597262283,8.119762965611049,-12.669202191489083,1.8469150665810394,54.876817036177016,,,0.0,-1,-1,0,80,delayed
58,6586,8,-34.47786091780694,14.032917380332947,26.451735734939575,1.5152028668745678,45.02075488078113,,,0.0,-1,-1,0,80,delayed
59,162,6,-23.077073998870535,-22.026817957560223,-14.044148921966553,0.8448467358810926,25.102670170092406,,,0.0,-1,-1,0,80,delayed
59,412,7,-20.520911965051507,-30.626271111624582,-17.435929366520472,1.3101647269890198,38.928519947224395,,,0.0,-1,-1,0,80,delayed
59,692,8,-33.92141919556643,-40.95214605331421,37.173009634017944,2.1495561234462586,63.86909730165352,,,0.0,-1,-1,0,80,delayed
59,1216,8,-2.303237678115079,-0.4156872034072876,6.593368411064148,1.8581065681041165,55.209346664937314,,,0.0,-1,-1,0,80,delayed
59,1232,8,-25.743326328733353,-11.822844743728638,-19.054705500602722,1.5695804531855009,46.636459310751505,,,0.0,-1,-1,0,80,delayed
59,1308,15,-9.559745499242116,3.2368208249409993,-7.331845664978028,3.0412253141934285,90.36298861415983,,,0.0,-1,-1,0,80,delayed
59,1374,13,-14.89717230932726,-4.257065773010254,18.376727397625263,3.8702574641675516,114.99576487682627,,,0.0,-1,-1,0,80,delayed
59,1670,9,-17.558008730524527,-29.153550148010254,8.080360995398628,2.648465467972002,78.69303658970138,,,0.0,-1,-1,0,80,delayed
59,1674,6,-22.234885350794297,-21.195443232854206,6.674093882242841,1.2558069733520416,37.313404799370815,,,0.0,-1,-1,0,80,delayed
59,1708,6,-30.074338893241162,2.0692002375920615,-18.19493357340495,1.5198718799636017,45.15948382487964,,,0.0,-1,-1,0,80,delayed
59,1726,6,5.34013355280609,-19.435699462890625,-17.152567863464355,1.4888469914629185,44.237650893508594,,,0.0,-1,-1,0,80,delayed
59,1736,7,-31.368819245413505,-19.99654688153948,-22.397727693830216,1.065199726563687,31.649950536074833,,,0.0,-1,-1,0,80,delayed
59,1844,8,-18.528702783696684,-4.0564165115356445,-19.68516492843628,1.611684608446199,47.88748707402669,,,0.0,-1,-1,0,80,delayed
59,2072,7,-27.27877014536771,-21.631584780556814,-28.147529465811594,1.190984953997922,35.387368155684435,,,0.0,-1,-1,0,80,delayed
59,2358,8,-39.40323790616371,-23.167649269104004,-30.778351306915283,1.215756111828971,36.123385918853785,,,0.0,-1,-1,0,80,delayed
59,2980,12,-13.108359345755835,6.798800786336263,-22.780616998672485,4.397088177712331,130.64932318027027,,,0.0,-1,-1,0,80,delayed
59,2994,10,-28.556904726129893,-14.64882698059082,-11.63748550415039,2.07763804239171,61.7322175679637,,,0.0,-1,-1,0,80,delayed
59,3388,8,-32.59201753156546,-6.540149211883545,-25.130825877189636,1.8737611817714654,55.67448736660773,,,0.0,-1,-1,0,80,delayed
59,3610,6,-15.46997792140536,-9.103555281956991,28.09291426340739,2.4774740025984543,73.61241998212647,,,0.0,-1,-1,0,80,delayed
59,3998,6,-34.24993398914393,-14.498255093892416,-22.496461232503254,0.5510242612835199,16.372413716309637,,,0.0,-1,-1,0,80,delayed
59,4156,9,-11.051422319799766,-14.022524992624916,-0.5322055816650378,2.941991381152116,87.41448140566695,,,0.0,-1,-1,0,80,delayed
59,4570,8,-29.091496545747717,-27.757532835006714,25.95401406288147,2.18214644290487,64.83744339966412,,,0.0,-1,-1,0,80,delayed
59,4850,10,-3.688044368731976,-11.99119883775711,-8.165108966827393,2.4387860525124947,72.46289686826604,,,0.0,-1,-1,0,80,delayed
59,5228,7,-8.94455641299507,2.2486719403948103,4.824042728969029,3.0817346889402497,91.56663115650286,,,0.0,-1,-1,0,80,delayed
59,5258,7,-18.6181055605397,-16.03761945452009,-12.114951951163155,2.603752249403535,77.36448653405502,,,0.0,-1,-1,0,80,delayed
59,5930,11,-9.335432282557408,-5.545018781315196,-19.44209272211248,2.269924430402864,67.44556363588501,,,0.0,-1,-1,0,80,delayed
59,6038,9,-20.631535265704787,-13.129565556844076,-35.0026339424981,1.5639158418321664,46.468148462871845,,,0.0,-1,-1,0,80,delayed
59,6362,6,-24.076999068614885,1.5334253311157227,0.055425008138020836,1.223317758363411,36.34806278725514,,,0.0,-1,-1,0,80,delayed
59,6498,10,-28.662252860179017,8.82088885307312,19.752711296081543,3.577950788565354,106.31054689050633,,,0.0,-1,-1,0,80,delayed
59,6572,8,-39.89379207181863,12.252389192581177,-9.542389869689941,2.019989799855143,60.019333139557006,,,0.0,-1,-1,0,80,delayed
59,6652,6,-32.3004730618481,30.645405451456707,16.535331567128498,2.296347164372522,68.23065417084541,,,0.0,-1,-1,0,80,delayed
59,6760,8,-40.648081977939796,-6.166030645370483,-29.497750759124756,2.0461722196632,60.79728329404405,,,0.0,-1,-1,0,80,delayed
60,160,6,-15.421685788681442,-33.03329849243164,-11.306700706481934,0.296167469910059,8.799932575355728,,,0.0,-1,-1,0,80,delayed
60,548,11,-7.655561582694065,-5.429130034013228,5.5874459526755595,3.165488898532683,94.05519412237973,,,0.0,-1,-1,0,80,delayed
60,782,7,-30.711142981999426,-13.753316879272461,-11.190000670296806,1.3365375060224152,39.71212618658996,,,0.0,-1,-1,0,80,delayed
60,950,6,5.556053196156206,-15.962399244308472,1.337965965270996,1.0384532631949102,30.855241129447773,,,0.0,-1,-1,0,80,delayed
60,954,6,10.754648293966335,24.419330994288128,-2.635835329691569,2.6355285584688155,78.30864619261932,,,0.0,-1,-1,0,80,delayed
60,1108,6,-14.870436385528182,16.52126916249593,14.957189242045084,1.097061383230451,32.596646101566215,,,0.0,-1,-1,0,80,delayed
60,1182,7,-39.51409647651368,25.88743441445487,13.57597269330706,1.8583461143678512,55.21646422909852,,,0.0,-1,-1,0,80,delayed
60,1526,6,5.8979748775618,-10.974150021870932,23.552682876586914,1.5401197973690495,45.761103942083686,,,0.0,-1,-1,0,80,delayed
60,1726,6,-0.1734675046390469,4.212300141652425,-20.19023370742798,1.5496245127316062,46.04351461454494,,,0.0,-1,-1,0,80,delayed
60,1898,8,-44.70640852251509,19.769404530525208,-7.110617160797119,1.8596599900685549,55.25550301206176,,,0.0,-1,-1,0,80,delayed
60,1966,9,-23.55566408635749,-26.10825326707628,-27.77163298924764,0.8797666477802416,26.140234728898264,,,0.0,-1,-1,0,80,delayed
60,2088,6,30.353319519358866,-11.131187121073404,9.768862644831339,1.876017761519414,55.74153642381475,,,0.0,-1,-1,0,80,delayed
60,2198,7,-16.587988640435572,-29.260440008980886,-7.402567454746792,0.9555773211955045,28.392773857348867,,,0.0,-1,-1,0,80,delayed
60,2210,11,-23.164023561211785,-13.843653072010387,6.164482853629372,2.6538348450600298,78.8525752330259,,,0.0,-1,-1,0,80,delayed
60,2226,8,-10.634335205053514,2.604975461959839,-12.642725706100464,1.6689135689281929,49.58791350422235,,,0.0,-1,-1,0,80,delayed
60,2310,14,-34.05041499908499,-0.825435774666923,-33.11193690981184,4.064948480222689,120.78055891525662,,,0.0,-1,-1,0,80,delayed
60,2420,16,-4.335648244696338,-3.713475111871958,6.692568898200989,4.547234562688482,135.11057635106846,,,0.0,-1,-1,0,80,delayed
60,2824,6,-11.80917878725748,27.934200286865234,-7.0666877428690595,1.874395600335359,55.69333764948489,,,0.0,-1,-1,0,80,delayed
60,2976,11,-24.922048169330356,-2.443737940354781,20.039169658314098,3.182150197053967,94.5502461402455,,,0.0,-1,-1,0,80,delayed
60,3206,11,-42.22678541115578,5.786874380978671,-29.35309006951072,2.7353726270633807,81.27528217039294,,,0.0,-1,-1,0,80,delayed
60,3216,8,-22.463005342210547,-5.473218500614166,15.490184664726257,2.393814698038751,71.12667690017992,,,0.0,-1,-1,0,80,delayed
60,3280,7,3.9069501299618605,-12.351856504167829,-10.614518369947161,1.4239712072386066,42.31001675083707,,,0.0,-1,-1,0,80,delayed
60,3500,10,-8.431483893278298,50.630737686157225,43.470957374572755,3.119911103451775,92.70095517180499,,,0.0,-1,-1,0,80,delayed
60,3518,8,-44.629235355312055,-0.3360135555267334,-7.674002289772034,1.7227023262112826,51.18612223912193,,,0.0,-1,-1,0,80,delayed
60,3530,6,-35.572328795195084,-25.749529997507732,-23.725049018859863,0.3044917508727087,9.047269365016932,,,0.0,-1,-1,0,80,delayed
60,3682,7,-15.444193071800877,-26.12892804827009,-26.874014445713588,1.5682726799711633,46.597601849081165,,,0.0,-1,-1,0,80,delayed
60,3714,10,-28.49092706131998,-16.364230251312257,-30.694489860534667,1.2862344173976274,38.217486048141595,0.38001808524131775,111.6993637084961,111.6993637084961,3,2,1,80,delayed
60,4176,7,-19.79144673743179,1.4252146312168665,-19.15284320286342,1.8829000748614997,55.946028474853364,,,0.0,-1,-1,0,80,delayed
60,4190,10,-4.5346153408275125,7.382610321044922,19.279709815979004,3.820274822741288,113.51064608703186,,,0.0,-1,-1,0,80,delayed
60,4198,6,-11.946267589048917,6.831132253011067,25.65421454111735,1.895870345275287,56.331410114370094,,,0.0,-1,-1,0,80,delayed
60,4466,10,-10.464195794122379,-8.424599266052246,-15.794360446929932,2.4945204954863147,74.11891716125623,,,0.0,-1,-1,0,80,delayed
60,4520,6,-48.362927300718155,-33.03329849243164,-44.80670166015625,0.2041919526541317,6.067092433656773,,,0.0,-1,-1,0,80,delayed
60,5052,8,-19.869423950011814,-15.74762773513794,-21.95412516593933,1.9883119806139713,59.07809987872227,,,0.0,-1,-1,0,80,delayed
60,5114,8,-8.046684455749809,-23.45516699552536,17.001773595809937,2.0245593953995367,60.1551081208523,,,0.0,-1,-1,0,80,delayed
60,5404,8,-12.710676241850544,-16.194490909576416,-7.187930583953857,1.5556469612014503,46.22245776616547,,,0.0,-1,-1,0,80,delayed
60,5486,7,-14.519545147826845,-22.744044167654856,24.68598665509905,1.858370648609108,55.21719320743268,,,0.0,-1,-1,0,80,delayed
60,5864,12,-1.7212486837202061,-3.327809969584147,41.23409620920817,4.420725387376791,131.35164829173493,,,0.0,-1,-1,0,80,delayed
60,5936,6,-30.08585376485817,-18.267155329386394,-19.272573788960774,0.7473372373099053,22.20540055049585,,,0.0,-1,-1,0,80,delayed
60,5944,9,-10.081980920087286,17.554329501258003,10.436903847588432,3.013787650694288,89.54774179150557,,,0.0,-1,-1,0,80,delayed
60,6342,8,-12.602261808003139,-16.19795534014702,-3.9224222898483276,0.9724700528211445,28.894702375576593,,,0.0,-1,-1,0,80,delayed
60,6670,8,-10.757705299812953,8.137083053588867,10.574678897857666,2.7181317455474394,80.7630091819852,,,0.0,-1,-1,0,80,delayed
61,156,6,-16.012771765337813,-18.950730482737224,-26.56096084912618,1.6517056013855134,49.07661847853814,,,0.0,-1,-1,0,80,delayed
61,468,6,-8.455831458214902,-25.34769932428996,-13.228100617726644,0.972438945636031,28.893778097391376,,,0.0,-1,-1,0,80,delayed
61,526,9,-7.382517920361945,-27.087428622775608,-25.36988279554579,2.7595199428539354,81.99276390765878,,,0.0,-1,-1,0,80,delayed
61,594,8,-13.591763428244331,-21.837448596954346,-13.246575713157654,1.4941491933728672,44.39519358151089,,,0.0,-1,-1,0,80,delayed
61,852,7,-30.83702295051641,-0.14252093860081264,-11.333781787327357,3.428914411660819,101.88227504676368,,,0.0,-1,-1,0,80,delayed
61,870,6,-54.19530036885515,24.816543062527973,11.41922656695048,2.437474108151012,72.42391547058867,,,0.0,-1,-1,0,80,delayed
61,1046,6,-26.84371007420562,18.456525166829426,7.102165857950847,1.0702078190403368,31.79875444130807,,,0.0,-1,-1,0,80,delayed
61,1054,10,-29.263326084596635,17.203920745849608,9.071306419372558,1.5534429229976916,46.15696985963585,,,0.0,-1,-1,0,80,delayed
61,1200,7,-45.60297795638302,-21.920586449759348,-31.699949537004745,0.9710765809071924,28.853298574908834,,,0.0,-1,-1,0,80,delayed
61,1208,7,-31.74968719472746,-17.19758479297161,-23.130129473549978,1.6624540408587787,49.395983541432294,,,0.0,-1,-1,0,80,delayed
61,1288,8,-3.658824559732463,17.16096568107605,6.324275165796278,1.4377623275742377,42.71978805059874,,,0.0,-1,-1,0,80,delayed
61,1308,9,6.698113020585726,6.167570855882433,-5.731937408447266,3.3903779354707657,100.7372526299964,,,0.0,-1,-1,0,80,delayed
61,1736,6,-29.256142221326204,45.457738161087036,42.42342440287272,2.146003765674939,63.76354719218116,,,0.0,-1,-1,0,80,delayed
61,1744,10,-14.00960566554365,-23.996253204345702,11.275333213806153,2.049753959460667,60.903706422585955,,,0.0,-1,-1,0,80,delayed
61,1928,10,-17.169986510679717,3.768900489807129,-10.263827896118164,1.4508821760783839,43.1096140577238,,,0.0,-1,-1,0,80,delayed
61,2030,9,15.733392580960814,-11.402153544955784,-27.55609016948276,3.024863401977365,89.87683216912902,,,0.0,-1,-1,0,80,delayed
61,2152,7,-3.7161231364484744,-15.360642296927315,-22.81341470990862,1.1368373166659382,33.778496128716135,,,0.0,-1,-1,0,80,delayed
61,2262,6,-30.612683083969085,-2.868243137995401,-24.297773361206055,1.0574876557142403,31.420804156453507,,,0.0,-1,-1,0,80,delayed
61,2348,11,19.402176336574236,-6.416703224182129,-4.135517467151988,3.1744352269618856,94.32101361632307,,,0.0,-1,-1,0,80,delayed
61,2528,6,-39.9333048256132,-33.573692321777344,-24.24234898885091,0.23852320266023277,7.0871662634163926,,,0.0,-1,-1,0,80,delayed
61,2708,6,-9.916112182576045,7.135968764623006,6.395497004191079,1.8281940781066564,54.320566086777966,,,0.0,-1,-1,0,80,delayed
61,2928,6,-40.65170844258263,-25.42159875233968,-32.60543441772461,1.8005609034377068,53.49951010111003,,,0.0,-1,-1,0,80,delayed
61,2930,12,-1.7654103698489487,7.962724924087525,31.666356563568115,2.480373789786661,73.69858046338003,,,0.0,-1,-1,0,80,delayed
61,2992,6,-7.23725125243277,29.50457461675008,21.734366337458294,2.0359813754019327,60.494485885495614,,,0.0,-1,-1,0,80,delayed
61,3154,6,-23.46780629873905,-28.52539873123169,-10.124300638834635,0.8862439344100641,26.332692346309784,,,0.0,-1,-1,0,80,delayed
61,3200,11,-22.580092539189053,17.244733116843484,7.990875590931285,2.201462495118653,65.41137529419314,,,0.0,-1,-1,0,80,delayed
61,3232,7,-25.43189097522261,-13.788947446005684,-12.999231338500977,1.1382451388801156,33.82032631542303,,,0.0,-1,-1,0,80,delayed
61,3452,21,17.02098274677777,-4.883998053414481,-8.338251795087542,6.603731207081642,196.21462608887683,,,0.0,-1,-1,0,80,delayed
61,3516,7,-25.872803035361702,-23.872338431222097,-8.81590461730957,0.6514218004420589,19.355494794035966,,,0.0,-1,-1,0,80,delayed
61,3556,9,-29.79331872552597,14.63527954949273,-10.585685518052843,2.0887660719735583,62.06286127453475,,,0.0,-1,-1,0,80,delayed
61,3640,7,-21.145809079494757,-8.578998225075859,20.781223228999547,1.5143479114686444,44.99535185481969,,,0.0,-1,-1,0,80,delayed
61,3762,6,-38.46544039710057,-7.329955259958903,-16.69384042421977,0.9482383339344579,28.174712795179484,,,0.0,-1,-1,0,80,delayed
61,3848,9,-12.30838079420042,21.96369539366828,-4.286690341101752,2.5786377365128503,76.61826676802858,,,0.0,-1,-1,0,80,delayed
61,4138,6,-34.63435299818957,-14.826186656951904,23.110753377278645,1.1063275624890654,32.87196922443223,,,0.0,-1,-1,0,80,delayed
61,4142,6,-28.236629639696122,-21.509517828623455,-31.843340555826824,0.6972633792236748,20.717571468252025,,,0.0,-1,-1,0,80,delayed
61,4166,6,-24.02517432668473,-13.777730305989584,-12.318207105000814,1.5959969260156393,47.42136381040681,,,0.0,-1,-1,0,80,delayed
61,4216,7,-14.484143731087837,-8.353337969098773,14.040427889142718,1.0987602990681427,32.64712546321735,,,0.0,-1,-1,0,80,delayed
61,4282,7,-20.983541563511146,-19.88173852648054,32.44818523951939,1.5199756203598995,45.16256623123926,,,0.0,-1,-1,0,80,delayed
61,4300,6,-24.787420423173547,-8.332224527994791,-22.999905268351238,1.133057861327434,33.66619833935896,,,0.0,-1,-1,0,80,delayed
61,4322,9,0.5331555352071725,-28.9934327867296,-0.29301198323567706,1.7144267158906987,50.940231585218676,,,0.0,-1,-1,0,80,delayed
61,4742,9,-30.568139440257116,22.970583809746635,23.03181330362956,2.4219542408109005,71.96277844492909,,,0.0,-1,-1,0,80,delayed
61,5050,10,-28.355706870248007,44.2818035364151,15.07660551071167,3.230111458493693,95.97530429071277,,,0.0,-1,-1,0,80,delayed
61,5696,6,1.6483971515641567,19.625068426132202,-3.2299769719441733,2.093420907824419,62.201168974733406,,,0.0,-1,-1,0,80,delayed
61,6668,10,-10.041898134348653,1.5408156394958497,-16.525088357925416,2.1068373659773836,62.59980805275918,,,0.0,-1,-1,0,80,delayed
62,30,21,-27.02286536757139,35.22654631024315,-2.444970062800816,7.243136984415034,215.21309249889646,,,0.0,-1,-1,0,80,delayed
62,456,11,-29.775239066572677,4.534773046320135,-30.891590811989524,2.3251042205372228,69.08510370033605,,,0.0,-1,-1,0,80,delayed
62,460,10,-9.410704334368294,14.241454315185546,26.02127799987793,1.9549018926069206,58.08539625098075,,,0.0,-1,-1,0,80,delayed
62,524,6,11.193792654038475,8.4707883199056,2.5665539105733237,1.098486291065073,32.638983948037264,,,0.0,-1,-1,0,80,delayed
62,596,8,-14.722505288059407,-10.125454664230347,13.027235507965088,1.755341563061536,52.155921804484464,,,0.0,-1,-1,0,80,delayed
62,970,8,-31.979079972844286,-3.8762853145599365,15.34705400466919,1.044958740345262,31.04853636309042,,,0.0,-1,-1,0,80,delayed
62,1160,6,-3.3206211628809186,0.41106923421223956,-15.594577630360922,0.9260660705947029,27.515915181477588,,,0.0,-1,-1,0,80,delayed
62,1182,15,-18.67259703841463,-17.141104825337727,-5.402467187245687,4.143812372889761,123.123817404486,,,0.0,-1,-1,0,80,delayed
62,1298,9,-24.8662134266086,10.650837792290583,12.513242827521431,2.7453725358477032,81.57240637207674,,,0.0,-1,-1,0,80,delayed
62,1316,6,-11.765336307738094,1.930638313293457,4.497191429138184,1.1642151496169268,34.59196522476918,,,0.0,-1,-1,0,80,delayed
62,1410,8,-1.682915694372066,-21.875553607940674,17.39777970314026,1.7911175984713097,53.21892409678603,,,0.0,-1,-1,0,80,delayed
62,1584,11,21.35691222008663,2.1943266608498315,12.241880070079457,3.151135527636102,93.62871684532651,,,0.0,-1,-1,0,80,delayed
62,1656,7,7.8470570151521315,-19.22455699103219,-2.3470142909458716,2.006860069812543,59.629213525331345,,,0.0,-1,-1,0,80,delayed
62,1672,7,-9.227189710379156,1.3381175994873047,31.98103196280343,1.5772155656879465,46.86331905077354,,,0.0,-1,-1,0,80,delayed
62,1978,6,-1.3571045373108592,51.984031677246094,45.5503184000651,2.7269040198434626,81.02365705921821,,,0.0,-1,-1,0,80,delayed
62,2022,10,-10.650669643091028,-16.23952474594116,5.020622587203979,2.3794074922986823,70.69860004504665,,,0.0,-1,-1,0,80,delayed
62,2026,9,-35.07071667664508,-12.372091081407335,-8.981439934836494,1.0039181427489332,29.82910976026441,,,0.0,-1,-1,0,80,delayed
62,2114,8,-1.2066632983271894,16.946194648742676,21.02465295791626,2.2669881750574454,67.35831958753778,,,0.0,-1,-1,0,80,delayed
62,2192,6,-32.0441688096341,-22.39169939359029,-33.426100730895996,1.0286795082980822,30.56483656838556,,,0.0,-1,-1,0,80,delayed
62,2570,11,-4.189873790969876,6.9130096435546875,-18.02451905337247,2.210953050696685,65.69336524134943,,,0.0,-1,-1,0,80,delayed
62,2870,7,-9.027342926236072,2.0863562992640894,6.492011955806187,1.5064938632945113,44.761986946793314,,,0.0,-1,-1,0,80,delayed
62,2896,9,-21.43357488447069,-0.36334122551812065,7.988966200086805,1.3412698085837067,39.85273563123353,,,0.0,-1,-1,0,80,delayed
62,3056,12,-22.67257940631826,2.7042787869771323,-1.4941665331522624,1.9161822896176082,56.93493264417759,,,0.0,-1,-1,0,80,delayed
62,3104,7,-28.022363667753606,-9.703333173479352,7.710100923265729,1.3367696356348322,39.719023382080856,,,0.0,-1,-1,0,80,delayed
62,3396,7,-45.85612970712464,-14.228388922555107,-19.725450788225448,0.8160278465378157,24.24638341046115,,,0.0,-1,-1,0,80,delayed
62,3678,8,-8.144822142889282,-14.52134907245636,-32.55777597427368,1.145070021805351,34.02311195422059,,,0.0,-1,-1,0,80,delayed
62,3700,9,-42.889174804353,-14.69070307413737,-36.01666132609049,0.8804523477213431,26.160608719500438,,,0.0,-1,-1,0,80,delayed
62,3724,8,-22.314200786395247,13.523700296878815,22.694330632686615,1.5145119866021157,45.00022696859325,,,0.0,-1,-1,0,80,delayed
62,3886,7,3.058549668017011,37.58606801714216,39.858038493565154,2.0358544430627314,60.49071438409831,,,0.0,-1,-1,0,80,delayed
62,3924,6,-25.553717614607606,-1.1593058904012044,0.4373099009195964,0.42094661644487447,12.50745682388399,,,0.0,-1,-1,0,80,delayed
62,3956,13,-19.905870379958436,15.906975819514347,-1.3923603204580455,2.2657865387662226,67.32261573948833,,,0.0,-1,-1,0,80,delayed
62,3976,6,-5.688692344743111,-22.69191825389862,-27.09526530901591,0.89232196261297,26.51328692137546,,,0.0,-1,-1,0,80,delayed
62,3998,10,-28.65133455753257,-11.24296064376831,-20.009432220458983,1.4528043754450024,43.166727773918794,,,0.0,-1,-1,0,80,delayed
62,4128,8,-28.35912396955944,-16.935800552368164,-14.753443121910095,0.9845747854218208,29.25436655733501,,,0.0,-1,-1,0,80,delayed
62,4210,7,-37.99290532566095,-6.120503289358957,-9.843964849199567,1.2036542209233114,35.76380617150187,,,0.0,-1,-1,0,80,delayed
62,4352,9,-0.25199266486496835,9.283687776989407,10.153620507982042,3.0317620423079283,90.08180933893442,,,0.0,-1,-1,0,80,delayed
62,4358,8,-27.850553659567225,17.604366302490234,-3.6372666358947754,1.526524622329698,45.35715470440143,,,0.0,-1,-1,0,80,delayed
62,4456,10,-30.73820904315162,2.862701416015625,-16.3134672164917,1.6752813195778107,49.777116512879346,,,0.0,-1,-1,0,80,delayed
62,4520,6,-26.16481921103076,-44.28919378916422,-24.046890258789062,1.2832366095657837,38.128413109772936,,,0.0,-1,-1,0,80,delayed
62,4710,6,-25.393200511322856,-30.516080856323242,-24.861260732014973,0.731907096684037,21.746929546988493,,,0.0,-1,-1,0,80,delayed
62,4948,6,-27.69117504162674,-19.153954823811848,-17.12947368621826,0.2835954491707131,8.426384005434072,,,0.0,-1,-1,0,80,delayed
62,5230,10,-7.2659335161953065,-22.347359585762025,-24.662360382080077,3.483604459792494,103.5072635583239,,,0.0,-1,-1,0,80,delayed
62,5350,6,-38.2813750648428,25.749531586964924,1.0669307708740234,1.7208551963759153,51.13123904072712,,,0.0,-1,-1,0,80,delayed
62,5432,9,-15.440709625899197,13.36050542195638,-8.774154980977377,1.8874865256693367,56.08230427138635,,,0.0,-1,-1,0,80,delayed
62,5518,10,-8.761543243660919,11.630936622619629,-20.1978759765625,2.702581209657202,80.30096091116636,,,0.0,-1,-1,0,80,delayed
62,5542,9,-15.008740561845327,-1.9214002821180551,-10.083780924479166,2.174911167530367,64.62246389675285,,,0.0,-1,-1,0,80,delayed
62,5690,11,-1.9351740160598359,26.984417655251242,0.5689648714932528,2.816574288421016,83.68800205880967,,,0.0,-1,-1,0,80,delayed
62,5810,10,-9.740691728263084,1.671064567565918,-6.587261581420899,1.9656621895263746,58.40511363051186,,,0.0,-1,-1,0,80,delayed
62,5824,7,-2.155755313763405,-14.905365807669503,-2.0671915326799666,0.9024958656206489,26.815580959687544,,,0.0,-1,-1,0,80,delayed
62,5914,8,-25.450277103831972,18.103190898895264,-16.521372079849243,2.5717175788114526,76.41265025922826,,,0.0,-1,-1,0,80,delayed
62,6168,13,-21.398362681663386,-40.59668012765738,-5.485961950742281,2.8537362117422416,84.79218281065468,,,0.0,-1,-1,0,80,delayed
62,6320,10,-10.021906500077813,-30.32855930328369,-6.571640300750732,2.155143446890162,64.03511171774718,,,0.0,-1,-1,0,80,delayed
62,6580,9,-7.5616753655814835,-9.930312368604872,7.462429046630859,2.106044128101733,62.57623882071603,,,0.0,-1,-1,0,80,delayed
63,22,6,-6.526311412135109,-35.84150040149689,10.00274133682251,0.8952071057402429,26.599012288168655,,,0.0,-1,-1,0,80,delayed
63,168,6,3.4787561428083134,47.96109962463379,-4.161699930826823,1.9987888157413276,59.38939484555928,,,0.0,-1,-1,0,80,delayed
63,176,16,-33.456308815531955,32.96921491622925,1.128809630870819,4.394874461437675,130.5835477122087,,,0.0,-1,-1,0,80,delayed
63,228,9,-50.48177451175514,-27.41382047865126,-10.235640578799778,2.341380001870911,69.56870096505652,,,0.0,-1,-1,0,80,delayed
63,428,8,-23.727151178711576,-15.252266444265842,9.182126522064209,2.2058600322200843,65.54203795610522,,,0.0,-1,-1,0,80,delayed
63,442,10,-20.966039421799213,11.148739242553711,-4.553164863586426,1.5005352007306532,44.584939046099926,,,0.0,-1,-1,0,80,delayed
63,496,8,1.0413863259112084,23.905495643615723,-0.9467920064926147,3.521937293383752,104.6462352054391,,,0.0,-1,-1,0,80,delayed
63,584,8,-34.547671822204464,30.248193740844727,9.898084282875061,1.656993786344138,49.23374468519427,,,0.0,-1,-1,0,80,delayed
63,602,8,-34.057805439548254,-4.645306825637818,-32.7494021654129,2.292553933107196,68.11794706162866,,,0.0,-1,-1,0,80,delayed
63,786,7,-14.451022960751905,7.605102675301688,-0.4757025582449777,1.438154556348986,42.731442223060505,0.4063476324081421,638.4559326171875,638.4559326171875,4,15,1,80,delayed
63,834,9,-23.416457929018378,-27.410740905337864,7.478804482354058,2.07035964707819,61.51595685562004,,,0.0,-1,-1,0,80,delayed
63,1182,11,-44.508761346015326,-12.435353365811435,-30.694282965226606,1.022726448654719,30.387955145538633,,,0.0,-1,-1,0,80,delayed
63,1248,6,-22.877915996860537,-43.62409337361654,49.688718477884926,1.2589762105896696,37.407571366735226,,,0.0,-1,-1,0,80,delayed
63,1264,7,-30.4044474382768,-0.6492641993931362,3.74847480228969,2.4309343265829946,72.22960096037731,,,0.0,-1,-1,0,80,delayed
63,1340,7,-43.952537264900016,-5.918597834450858,25.620294298444474,1.9671577218046667,58.44954991926848,,,0.0,-1,-1,0,80,delayed
63,1356,7,-16.970287136824858,28.702232088361466,20.959374564034597,1.7977630774006461,53.41637916005434,,,0.0,-1,-1,0,80,delayed
63,1398,7,-21.99005393161348,-10.602010556629725,-10.383639880589078,1.6291078395559704,48.40517815960537,,,0.0,-1,-1,0,80,delayed
63,1404,11,-17.472637754837276,15.284703341397373,20.883141951127485,2.9188217556385103,86.72604947768414,,,0.0,-1,-1,0,80,delayed
63,1450,6,24.084109475956343,23.648000717163086,-20.11633316675822,1.9768002611911388,58.73605571439154,,,0.0,-1,-1,0,80,delayed
63,1464,7,-7.325980709540218,28.23111997331892,17.764519827706472,1.5460150665731343,45.93626825545433,,,0.0,-1,-1,0,80,delayed
63,1696,6,-22.53908317747293,10.789400180180868,-13.532937367757164,1.5407543921487976,45.77995946080811,,,0.0,-1,-1,0,80,delayed
63,1738,6,-14.38172947940352,-6.2214555740356445,4.688030242919922,0.9993317740276586,29.6928364027441,,,0.0,-1,-1,0,80,delayed
63,1904,9,-20.877782951186376,7.2360413869222,1.3460862901475694,2.6463064675233205,78.62888687608046,,,0.0,-1,-1,0,80,delayed
63,1930,6,-23.123975790786137,-10.193580786387125,23.39102617899577,0.9884133002475528,29.36841916299829,,,0.0,-1,-1,0,80,delayed
63,2058,7,-18.127766583878028,17.02735165187291,-10.688477924891881,1.0543597872937858,31.327866767978858,,,0.0,-1,-1,0,80,delayed
63,2176,9,-10.27945796293253,17.89611710442437,16.332527584499783,2.4925982598290437,74.06180236676832,,,0.0,-1,-1,0,80,delayed
63,2246,6,-12.425601891954491,36.931525230407715,18.82455348968506,1.0660326417037955,31.67469868642428,,,0.0,-1,-1,0,80,delayed
63,2626,9,-21.469317311802534,26.628634134928387,11.547502093844944,1.539304557275134,45.73688096492364,,,0.0,-1,-1,0,80,delayed
63,2848,11,-20.872388589101217,-35.29312801361084,-2.115827040238814,2.090524996738597,62.11512366291306,,,0.0,-1,-1,0,80,delayed
63,2914,6,-14.982586617538274,14.493637720743815,14.361370086669922,1.26694660683053,37.64439328893937,,,0.0,-1,-1,0,80,delayed
63,3408,7,-38.5618752057375,6.666836329868862,-12.789407730102539,1.3130357082628097,39.013824527238306,,,0.0,-1,-1,0,80,delayed
63,3448,7,-46.584403214051505,-33.03329849243164,-44.80670166015625,0.26408573987703143,7.8466980378923745,,,0.0,-1,-1,0,80,delayed
63,3726,6,-16.2242417554834,12.563000361124674,-8.144533634185791,1.6525273801233,49.101035736404384,,,0.0,-1,-1,0,80,delayed
63,3778,7,-20.553588319039722,-2.1299026161432266,0.36628893443516325,2.2448491139029616,66.70050850011384,,,0.0,-1,-1,0,80,delayed
63,4010,6,2.288248557754479,-18.89530603090922,-3.8182362715403237,1.1841710158039396,35.1849077143068,,,0.0,-1,-1,0,80,delayed
63,4060,8,-16.596341388988005,-7.208713471889496,-5.891267418861389,1.714316638245111,50.93696088212788,,,0.0,-1,-1,0,80,delayed
63,4062,8,-10.206630274775256,-14.715337038040161,1.0716525316238403,2.3821162221854877,70.77908369970315,,,0.0,-1,-1,0,80,delayed
63,4074,7,-11.218599703245884,-34.58124106270926,5.2568268094744,3.067451826581485,91.14224887786037,,,0.0,-1,-1,0,80,delayed
63,4076,9,13.718079201710308,29.4860995610555,-11.289832644992405,3.5360963780687626,105.06693971628454,,,0.0,-1,-1,0,80,delayed
63,4092,10,-0.43451905323198403,38.18228263854981,-9.746610736846923,3.4265681787921527,101.81256215406616,,,0.0,-1,-1,0,80,delayed
63,4290,8,-30.990232243905083,-21.788952708244324,1.0231559872627258,2.76722705297289,82.22176289062689,,,0.0,-1,-1,0,80,delayed
63,4452,7,15.272055665859824,-29.042699541364396,-53.16795785086496,2.024399142277252,60.15034656931686,,,0.0,-1,-1,0,80,delayed
63,4506,10,-41.76616458507265,9.693833160400391,-5.566435551643371,2.531801359779269,75.22663196946462,,,0.0,-1,-1,0,80,delayed
63,4576,6,4.8806949421875885,-33.31504329045614,-0.8282275199890149,1.2093148082198635,35.93199745382501,,,0.0,-1,-1,0,80,delayed
63,4610,7,-23.453378823061524,-30.01263686588832,40.012437275477815,2.2535894527076215,66.96020748795382,,,0.0,-1,-1,0,80,delayed
63,4742,7,-30.96280012405078,25.55884334019252,-24.85622215270996,2.041009854715318,60.64389553851323,,,0.0,-1,-1,0,80,delayed
63,5040,6,-32.65654081938586,-18.026980717976887,4.604893684387207,0.8168730793931626,24.271497553279698,,,0.0,-1,-1,0,80,delayed
63,5058,10,-7.137951069310009,33.964440155029294,9.585876941680908,3.6211544149114037,107.59424289861806,,,0.0,-1,-1,0,80,delayed
63,5390,6,-21.3071540120772,-5.039055506388347,4.058410008748373,0.716142241118915,21.278513261852847,,,0.0,-1,-1,0,80,delayed
63,5828,6,-26.708484910032535,-13.006399075190226,-31.423033714294434,0.8127229807131041,24.14818695277155,,,0.0,-1,-1,0,80,delayed
63,6214,7,12.261944035162559,-29.802814074925013,13.381985800606865,1.5211389570657696,45.19713209553626,,,0.0,-1,-1,0,80,delayed
63,6308,6,3.0731710281470015,-31.098043123881023,-6.295356432596843,1.0195174344192568,30.292606696520913,,,0.0,-1,-1,0,80,delayed
63,6320,9,-22.9176944561613,7.32841682434082,-9.658856074015299,1.483174262070477,44.069098836839835,,,0.0,-1,-1,0,80,delayed
63,6462,7,-6.179562873137335,7.280469758169992,7.0054119655064175,1.7043334919140314,50.640334738040934,,,0.0,-1,-1,0,80,delayed
63,6466,6,-13.793702815143357,-25.227611859639484,-10.752450307210287,1.0921584444825558,32.450966596603436,,,0.0,-1,-1,0,80,delayed
63,6538,13,-21.97762983679083,-2.572998670431284,9.655721719448383,3.845214029076119,114.25165702349982,,,0.0,-1,-1,0,80,delayed
64,176,6,-16.779068956771873,3.64419396718343,25.432514429092407,2.987953247257538,88.78013213998989,,,0.0,-1,-1,0,80,delayed
64,542,6,-4.752978743615242,-36.10476779937744,-2.498744010925293,0.6398305386780809,19.01108721268585,,,0.0,-1,-1,0,80,delayed
64,544,6,-35.265823583709825,-12.489099184672037,-36.89940102895101,0.8175029957574932,24.290214063691547,,,0.0,-1,-1,0,80,delayed
64,612,7,-30.779259486094343,-2.8345926148550853,22.987607138497488,2.307752047400765,68.56952393837535,,,0.0,-1,-1,0,80,delayed
64,1232,6,-27.92711030474364,-12.105744043986002,28.84262228012085,1.6063473677507478,47.728903289410916,,,0.0,-1,-1,0,80,delayed
64,1280,12,-12.04974038824407,26.10286593437195,31.05437199274699,3.908126890991972,116.1209674617809,,,0.0,-1,-1,0,80,delayed
64,1516,6,-31.42687384986777,16.835344155629475,34.040393710136414,1.6163338452234228,48.02562841067942,,,0.0,-1,-1,0,80,delayed
64,1744,7,-24.366081800640263,20.962526866367885,15.626697812761579,1.5753274914269508,46.80721928330388,,,0.0,-1,-1,0,80,delayed
64,1748,7,-7.049236457055012,11.005821772984095,6.700574466160366,1.8223117844537706,54.1457873119532,,,0.0,-1,-1,0,80,delayed
64,1822,10,-28.93900709576375,-2.8599294662475585,9.23846492767334,1.7686797077921883,52.55223397997667,,,0.0,-1,-1,0,80,delayed
64,1864,8,-1.0277162853868198,-13.080298900604248,4.32314920425415,1.7852916375533654,53.04581911911871,,,0.0,-1,-1,0,80,delayed
64,1970,9,-9.072668184147522,9.871809005737305,13.548960155910915,1.7937867823540372,53.2982327332354,,,0.0,-1,-1,0,80,delayed
64,1996,6,-1.758359926247353,-25.717200597127277,50.63556226094564,2.0285335002305813,60.27318947047253,,,0.0,-1,-1,0,80,delayed
64,2102,6,-32.496895571170434,10.673932393391928,-5.879669825236003,0.9440066601217671,28.048978377946266,,,0.0,-1,-1,0,80,delayed
64,2172,6,-31.371396571251662,-14.900087356567383,-8.173717339833576,1.8430724825417812,54.76264352322882,,,0.0,-1,-1,0,80,delayed
64,2202,8,-22.268990560532032,32.83238434791565,23.897618770599365,3.056661178572856,90.82162968578916,,,0.0,-1,-1,0,80,delayed
64,2276,8,-39.866209125988455,15.82037353515625,-2.788570761680603,1.5637131041557626,46.462124580899314,,,0.0,-1,-1,0,80,delayed
64,2442,9,2.995901218273365,-24.74726241827011,-23.134406513637966,3.9282359318319258,116.71846118248023,,,0.0,-1,-1,0,80,delayed
64,2932,6,-33.20020651838763,-2.94676144917806,-13.919443130493164,0.5506517877827498,16.361346526203043,,,0.0,-1,-1,0,80,delayed
64,2936,6,-6.975978861275235,-12.193499247233072,-47.09760093688965,1.270432532396106,37.747969518797085,,,0.0,-1,-1,0,80,delayed
64,3012,10,0.8461198155417741,-5.423335886001587,-9.26806697845459,2.4059025967294705,71.4858409011702,,,0.0,-1,-1,0,80,delayed
64,3222,9,-4.237190999311313,12.245845794677734,32.62341817220052,1.9906627777886419,59.14794838923466,,,0.0,-1,-1,0,80,delayed
64,3256,6,-26.676555860389453,-29.707798957824707,-27.728034019470215,1.1604350339075016,34.47964781401475,,,0.0,-1,-1,0,80,delayed
64,3492,6,-49.75716246846624,-10.55384349822998,-37.31193987528483,1.6530450595780823,49.116417386182164,,,0.0,-1,-1,0,80,delayed
64,3538,6,6.240340306155656,-4.757312285403411,-10.91872501373291,1.863802226529837,55.3785800048913,,,0.0,-1,-1,0,80,delayed
64,3688,7,-32.59420960659636,-20.622058664049423,-27.265949249267578,2.5209651290206763,74.90465839121995,,,0.0,-1,-1,0,80,delayed
64,3806,9,-7.597683498419517,3.7442669338650174,18.99908553229438,1.6879769046527804,50.15433651174809,,,0.0,-1,-1,0,80,delayed
64,3844,12,-22.178870198529108,-42.32391516367594,-9.15667208035787,2.9600349857182775,87.95060545618074,,,0.0,-1,-1,0,80,delayed
64,3918,12,-6.435905735219554,-25.52090275287628,-2.775030533472697,3.0515682633390178,90.67030546816531,,,0.0,-1,-1,0,80,delayed
64,4080,7,0.4148748038700977,-3.9470509120396207,7.750951426369803,1.869069283609407,55.535078445401474,,,0.0,-1,-1,0,80,delayed
64,4096,11,22.169393503650618,8.485063986344771,-14.674627737565475,2.3379088319688592,69.46556316567252,,,0.0,-1,-1,0,80,delayed
64,4102,6,-28.883192894968605,27.301432291666668,-7.32848580678304,1.4703888499169406,43.68920983372473,,,0.0,-1,-1,0,80,delayed
64,4108,8,-37.405676737868156,-14.358538269996643,-30.65821146965027,1.9232224576730745,57.14411498356852,,,0.0,-1,-1,0,80,delayed
64,4148,10,-29.712452345123573,2.208686637878418,-18.573924827575684,1.6251260681184008,48.28686901447295,,,0.0,-1,-1,0,80,delayed
64,4222,8,-28.009246097786203,17.961163759231567,2.524198055267334,1.7221966453804574,51.17109710075254,,,0.0,-1,-1,0,80,delayed
64,4452,6,1.546770008622051,1.1038815180460613,16.95396105448405,1.7645327104655961,52.429015529026344,,,0.0,-1,-1,0,80,delayed
64,5264,6,-46.94919499894229,-11.311318079630533,-23.84366575876872,0.5771984194167591,17.150118394204036,,,0.0,-1,-1,0,80,delayed
64,5414,7,-30.881849840865137,2.672277178083147,-18.90595272609166,1.2907336858409484,38.35117142200007,,,0.0,-1,-1,0,80,delayed
64,5532,6,-12.475637734817036,28.668582280476887,32.63776397705078,1.7713687420966204,52.63213242587623,,,0.0,-1,-1,0,80,delayed
64,5690,7,2.357643917927074,4.90907233101981,-41.51287187848772,1.9515735268247274,57.98650154631141,,,0.0,-1,-1,0,80,delayed
64,5756,7,12.440278870950323,5.0555509839739114,28.342777252197266,2.8763039396178436,85.46273073998863,,,0.0,-1,-1,0,80,delayed
64,5924,8,-8.709866127145826,-2.158110737800598,18.5281662940979,2.2291996929036233,66.23552208658451,,,0.0,-1,-1,0,80,delayed
64,6138,7,-41.532024126889596,-15.435861587524414,-31.929567064557755,0.6776426922554346,20.134588055336664,,,0.0,-1,-1,0,80,delayed
64,6152,7,-40.98010769734483,-34.04678453717913,-45.18675831386021,0.6050749569899593,17.978405346694224,,,0.0,-1,-1,0,80,delayed
64,6522,8,-24.168081231296917,29.309433460235596,15.830919742584229,2.6299352532619964,78.14245404225133,,,0.0,-1,-1,0,80,delayed
64,6554,6,0.8904807808001607,-13.666880369186401,-10.977298577626547,0.4710158829436555,13.995149477707837,,,0.0,-1,-1,0,80,delayed
65,142,7,24.318935530520758,14.093785694667272,-7.6811282975333075,3.112155489504042,92.47051500955065,,,0.0,-1,-1,0,80,delayed
65,906,8,-39.68756103174255,-17.354952096939087,-22.756685733795166,0.6043078464540568,17.955612428228754,,,0.0,-1,-1,0,80,delayed
65,944,9,-7.343573478006868,10.638521088494194,52.85256258646647,2.6785814777294092,79.58786428764006,,,0.0,-1,-1,0,80,delayed
65,1278,9,-33.616516738952726,7.719470977783203,21.651229010687935,2.669914358869565,79.33034086140967,,,0.0,-1,-1,0,80,delayed
65,1544,6,36.14971244290755,4.951300144195557,-25.370999972025555,2.2832357811397843,67.84107968971556,,,0.0,-1,-1,0,80,delayed
65,1770,7,-7.399367077418724,13.828537804739815,26.047858783176967,2.22757972403461,66.18738845183448,,,0.0,-1,-1,0,80,delayed
65,1778,6,0.7521215656801203,10.410663286844889,6.788091659545898,1.8301753438640114,54.37943482440092,,,0.0,-1,-1,0,80,delayed
65,1796,6,-0.46968306890690936,26.17445699373881,40.49887657165527,2.631050322531713,78.17558575112314,,,0.0,-1,-1,0,80,delayed
65,1844,7,-12.493886725546261,-16.868994985307967,-13.085065841674805,1.409322111332679,41.87475268790256,,,0.0,-1,-1,0,80,delayed
65,1946,12,-50.83256566178259,-33.17186196645101,1.3873019218444824,2.9159931403343307,86.64200370464243,,,0.0,-1,-1,0,80,delayed
65,2132,7,-12.763789038822235,5.906721319471087,14.080018179757255,2.0496388028187074,60.900284808844376,,,0.0,-1,-1,0,80,delayed
65,2216,9,-5.144282430322714,8.843367258707682,-20.168189366658527,2.0658102351783385,61.38078158472224,,,0.0,-1,-1,0,80,delayed
65,2642,9,-7.869741608751771,-1.8628953297932942,3.1710510253906268,3.0179914438173,89.67264779841605,,,0.0,-1,-1,0,80,delayed
65,2794,6,-55.33855279266307,-24.123730659484863,-35.52910232543945,1.1541963570102065,34.294279933901855,,,0.0,-1,-1,0,80,delayed
65,2992,11,-13.707977952818737,-11.261351758783514,-22.17635488510132,1.713911519268373,50.92492370707497,,,0.0,-1,-1,0,80,delayed
65,3016,6,-28.46013298719772,-19.823673884073894,-14.133375962575277,0.2909145593613808,8.643854466349428,,,0.0,-1,-1,0,80,delayed
65,3196,7,-30.55987301505118,-0.3879744665963309,-18.680293491908483,2.98791012597803,88.77885089072797,,,0.0,-1,-1,0,80,delayed
65,3210,11,-22.65603675929233,-25.767585320906207,-15.25326919555664,1.3747982189027177,40.848954933291786,,,0.0,-1,-1,0,80,delayed
65,3490,6,-39.475655114062306,-18.442667643229168,-20.685911496480305,0.4741262485716616,14.087566811115414,,,0.0,-1,-1,0,80,delayed
65,3834,6,-2.754752386785462,-16.216430187225342,-9.297544240951538,0.6433240692580406,19.11488940798747,,,0.0,-1,-1,0,80,delayed
65,4028,6,-15.663814415141509,27.934200286865234,-10.501567045847574,1.858106977071737,55.20935881646594,,,0.0,-1,-1,0,80,delayed
65,4088,8,14.33137442993161,-24.217260718345642,-17.592870712280273,2.236413089727055,66.44985151886402,,,0.0,-1,-1,0,80,delayed
65,4104,6,-44.79398414803399,-19.657398859659832,-43.180901209513344,0.4118872872469648,12.238279772995293,,,0.0,-1,-1,0,80,delayed
65,4116,6,-23.016748508790602,-36.37265586853027,-11.366743405659994,1.762271787484365,52.36183742267001,,,0.0,-1,-1,0,80,delayed
65,4222,6,-37.065011866009336,10.780162811279297,18.019420941670734,2.659670441544518,79.02596650930643,,,0.0,-1,-1,0,80,delayed
65,5494,6,-43.71192906937532,-13.22809886932373,-42.589701334635414,0.9255613881383792,27.50091970750145,,,0.0,-1,-1,0,80,delayed
65,5526,8,-42.00640826207166,-18.979598343372345,14.17730450630188,1.0924199719834093,32.45873728247523,,,0.0,-1,-1,0,80,delayed
65,5660,10,-53.03361511267421,16.879683876037596,-12.338611555099487,2.210516342498809,65.68038946552373,,,0.0,-1,-1,0,80,delayed
65,5862,7,-0.5521192710347792,-11.876784597124372,-4.937414578029087,1.06709138301684,31.706156740113844,,,0.0,-1,-1,0,80,delayed
65,6098,7,10.683395102867788,-33.159985644476755,0.8834708077566964,1.7305007858781936,51.41783546299925,,,0.0,-1,-1,0,80,delayed
65,6400,6,-30.410864327822164,-14.572155634562174,-0.7620946566263834,1.137344519528017,33.79356649073015,,,0.0,-1,-1,0,80,delayed
66,152,7,-16.771632073374626,-7.763458592551095,0.3727694238935198,2.5883132140884393,76.90575124539338,,,0.0,-1,-1,0,80,delayed
66,164,7,-2.065721178333145,-23.87629726954869,1.9063119888305664,1.0660708175992908,31.675832995018197,,,0.0,-1,-1,0,80,delayed
66,754,6,-17.755167166763627,-20.691998799641926,-11.897900581359863,0.3583601921294347,10.647845725218327,,,0.0,-1,-1,0,80,delayed
66,872,7,-22.369768893602274,21.746395383562362,3.1731696810041154,1.5360554986921897,45.64034269057509,,,0.0,-1,-1,0,80,delayed
66,1064,6,-26.44201093808087,-10.175105412801107,-5.1591440836588545,0.4888907900488433,14.526261072658382,,,0.0,-1,-1,0,80,delayed
66,1274,6,-24.04951967217633,21.51413853963216,22.702832221984863,1.3030346969278503,38.716667565807874,,,0.0,-1,-1,0,80,delayed
66,1340,6,-35.81306708084682,-31.624580542246502,-35.676902770996094,1.3718336363877064,40.76086920850203,,,0.0,-1,-1,0,80,delayed
66,1396,10,-17.15964554778963,14.673769187927245,9.55161647796631,2.5189884435493934,74.84592574622269,,,0.0,-1,-1,0,80,delayed
66,1658,10,-30.125694403045962,15.93191704750061,5.726408386230469,3.277780007242821,97.39166515939552,,,0.0,-1,-1,0,80,delayed
66,1674,6,-6.3511749359081655,-13.9670991897583,-11.388367335001627,0.8597166104931193,25.544494162543597,,,0.0,-1,-1,0,80,delayed
66,1686,7,3.515767874342756,-38.56788172040667,16.675813504627772,1.7803601780572496,52.89929218597138,,,0.0,-1,-1,0,80,delayed
66,1778,8,-16.78696287685007,25.35347330570221,38.58870768547058,2.025589867049551,60.18572620677407,,,0.0,-1,-1,0,80,delayed
66,1858,6,-7.5680566204806405,-7.671743075052897,-11.974948247273764,0.8826003319797526,26.22443111246166,,,0.0,-1,-1,0,80,delayed
66,1882,7,-31.344821060689878,-21.188184465680802,-39.10584429332188,0.6188612337931632,18.388032732072592,,,0.0,-1,-1,0,80,delayed
66,2032,9,2.592343657632663,-7.971962367494901,-0.9796658621893989,3.1349942894673464,93.14911722011804,,,0.0,-1,-1,0,80,delayed
66,2110,7,14.224150041136998,-9.299522944859095,17.924136843000138,1.6373390486307908,48.64974953300458,,,0.0,-1,-1,0,80,delayed
66,2116,7,-9.789040091496284,-30.75295639038086,-7.398607594626291,1.4242661631043745,42.318780683392696,,,0.0,-1,-1,0,80,delayed
66,2698,6,-21.217206857160793,-4.641843318939209,6.092130978902181,0.9071263861411845,26.953166185984976,,,0.0,-1,-1,0,80,delayed
66,2956,8,-47.08976774343235,-0.5161449611186981,15.685429573059082,2.8555192037939223,84.84516030288887,,,0.0,-1,-1,0,80,delayed
66,3170,10,-11.926474311287876,-14.646056032180786,15.33067889213562,1.4420622727609635,42.84755099408609,,,0.0,-1,-1,0,80,delayed
66,3484,8,-17.965598311129774,-10.298657268285751,9.265263557434082,1.7405928245375974,51.71769709121118,,,0.0,-1,-1,0,80,delayed
66,3538,8,-31.01721735234633,-18.349138021469116,-23.896361827850342,1.5470447906049953,45.966864127628796,,,0.0,-1,-1,0,80,delayed
66,3550,7,-53.971416913619706,-33.03329849243164,-44.80670166015625,0.2298522853839519,6.829529976011397,,,0.0,-1,-1,0,80,delayed
66,4134,6,-35.80913591338129,-23.056799014409382,0.7389993667602539,0.9039991022169572,26.860246164466236,,,0.0,-1,-1,0,80,delayed
66,4258,6,-26.975432178794236,-37.762898763020836,-36.743834495544434,0.5908939481734478,17.55704941089978,,,0.0,-1,-1,0,80,delayed
66,4424,13,-7.684360217633827,7.674230942359338,28.945074961735653,3.2995908795840974,98.03972487395906,,,0.0,-1,-1,0,80,delayed
66,4524,6,-41.2512499784598,-0.013855298360188803,4.095360120137532,0.6883412107758001,20.45246983237315,,,0.0,-1,-1,0,80,delayed
66,4766,11,-4.588380524220041,14.6649508042769,11.223273710771041,3.164615824330492,94.02925273821995,,,0.0,-1,-1,0,80,delayed
66,5106,8,-14.84787094842154,-6.141782604157925,40.743354082107544,1.6079745501799243,47.777251258446505,,,0.0,-1,-1,0,80,delayed
66,5330,16,-20.890127728832685,-2.249908104538918,9.009552210569382,4.850916689939729,144.13378961943698,,,0.0,-1,-1,0,80,delayed
66,5418,11,-19.896560282249308,11.122790163213557,30.98480580069802,2.736508096154891,81.3090200128701,,,0.0,-1,-1,0,80,delayed
66,5818,6,-53.13099871408562,-17.440399487813313,-32.169800440470375,1.4831104410467753,44.06720254247084,,,0.0,-1,-1,0,80,delayed
66,5914,9,-9.120265927153307,-29.97876591152615,-19.955589241451687,1.7647816476422162,52.43641212248214,,,0.0,-1,-1,0,80,delayed
66,6024,6,-22.445956782680586,-28.41916783650716,-19.84529908498128,0.4220117544957031,12.539104941867997,,,0.0,-1,-1,0,80,delayed
66,6212,9,31.565115275211035,4.677253670162624,5.9299850463867205,3.431370831160327,101.95526188079725,,,0.0,-1,-1,0,80,delayed
68,134,7,-40.725867020892984,-27.31660727092198,26.722314153398788,1.2779369332138282,37.97094546289537,,,0.0,-1,-1,0,80,delayed
68,412,6,-0.6240068088484918,7.838018755118053,26.8089021841685,1.7320905505767452,51.465071650559565,,,0.0,-1,-1,0,80,delayed
68,470,7,24.39583299886288,13.333671501704625,-22.87010015760149,2.3714106199655123,70.46099144688763,,,0.0,-1,-1,0,80,delayed
68,776,6,-14.98746437862386,15.209544022878012,30.468422889709473,1.4151129252937602,42.04681335489418,,,0.0,-1,-1,0,80,delayed
68,1196,6,-7.769282152337817,10.988006273905436,-31.122814496358234,1.9412352383914302,57.67932317461102,,,0.0,-1,-1,0,80,delayed
68,2136,7,-18.924903899244935,20.89918381827218,9.681648458753314,1.8275785762445573,54.30227787001966,,,0.0,-1,-1,0,80,delayed
68,2688,7,15.484561464326061,4.845727920532227,2.910443033490862,2.127145161493719,63.203207309781334,,,0.0,-1,-1,0,80,delayed
68,2870,7,-16.00979337976411,24.501809120178223,20.386592047555105,2.3819720441739682,70.77479978296982,,,0.0,-1,-1,0,80,delayed
68,2926,7,-16.838859744774105,1.7142167772565569,-9.039041519165039,3.064923180271527,91.06711599091194,,,0.0,-1,-1,0,80,delayed
68,3126,6,18.298758127214658,9.334493637084961,50.65865580240885,2.6926427594142472,80.00566280814344,,,0.0,-1,-1,0,80,delayed
68,4692,19,-14.543002568827296,51.559835019864536,56.74979340402704,7.586602622713523,225.4183809456529,,,0.0,-1,-1,0,80,delayed
68,5772,10,-15.404382021904905,12.692325544357299,2.4054450511932375,3.397465678014439,100.94784853546417,,,0.0,-1,-1,0,80,delayed
68,6004,7,-32.057510397528006,-13.626631941114153,7.485703604561944,2.0140219118806555,59.84201112708645,,,0.0,-1,-1,0,80,delayed
68,6290,10,1.4606820646833436,16.017825293540955,15.12283535003662,3.1757319869203036,94.35954384452118,,,0.0,-1,-1,0,80,delayed
68,6314,8,15.044535187004735,-17.37573742866516,-29.532390117645264,4.2234381903385705,125.48971472946867,,,0.0,-1,-1,0,80,delayed
68,6364,6,-42.03391025297469,-15.468193689982096,-1.6581309636433925,1.3202717229701708,39.22882599771849,,,0.0,-1,-1,0,80,delayed
69,1127,10,26.112451997865662,-1.127899169921875,0.9893358230590821,3.8062801260014507,113.09482598443749,,,0.0,-1,-1,0,80,delayed
69,1779,7,-14.595895404838634,17.1263245173863,21.801189013889857,3.302648996048434,98.13058974410137,,,0.0,-1,-1,0,80,delayed
69,1803,7,6.57792868933078,-21.46927002498082,10.268829890659877,2.3081864539132484,68.58243132493375,,,0.0,-1,-1,0,80,delayed
69,2121,8,-1.4860424827041916,25.440075039863586,7.33578085899353,2.7158858009841707,80.69627612473636,,,0.0,-1,-1,0,80,delayed
69,3545,7,5.707127446335181,18.199195384979248,-6.926233564104352,3.2555511264482306,96.73118528874187,,,0.0,-1,-1,0,80,delayed
69,3551,9,-24.10081300309411,-23.669554816351997,-5.799679226345484,3.480094589622514,103.40297586982975,,,0.0,-1,-1,0,80,delayed
69,3865,6,-42.669830491699486,10.729356129964193,-14.378169218699137,1.2430354654582532,36.9339289292319,,,0.0,-1,-1,0,80,delayed
69,4001,6,-2.5007103304490954,15.745318730672201,18.365827401479084,2.1389166636219166,63.552970317414314,,,0.0,-1,-1,0,80,delayed
69,5021,6,-14.664641272986762,-19.57888062795003,-4.669556617736816,1.6299659641756226,48.43067535143566,,,0.0,-1,-1,0,80,delayed
69,5053,7,-28.10902823107055,-19.94112298318318,34.00530474526541,2.7220109263702015,80.87827008386037,,,0.0,-1,-1,0,80,delayed
70,940,8,0.39512198933318743,30.182376384735107,5.462826669216156,2.1937187292079074,65.18128716900303,,,0.0,-1,-1,0,80,delayed
70,1080,7,-41.58904028696653,-27.839185987200057,-27.26072829110282,2.2026564552622143,65.44685106323756,,,0.0,-1,-1,0,80,delayed
70,1386,9,-1.248041605946689,-13.720766332414414,10.649366166856554,3.043969626626766,90.4445295220334,,,0.0,-1,-1,0,80,delayed
70,1470,6,-25.56793842929051,-22.705775101979572,31.69092067082723,2.6438621028422564,78.55625822314477,,,0.0,-1,-1,0,80,delayed
70,1574,7,12.584365277324233,-5.669185706547329,-11.278357642037529,3.402743480658515,101.1046662556142,,,0.0,-1,-1,0,80,delayed
70,1828,6,-8.20564583079332,20.21626838048299,31.490843296051025,2.322144531269958,68.99716336710551,,,0.0,-1,-1,0,80,delayed
70,2118,10,-37.52886860599178,33.47669982910156,-6.1865599155426025,4.213028094663516,125.18040277136843,,,0.0,-1,-1,0,80,delayed
70,2736,6,-21.170110399214746,-33.77230064074198,-34.31290086110433,2.216173049055312,65.8484654406162,,,0.0,-1,-1,0,80,delayed
70,2800,11,0.2395561867891109,-2.786365335637873,-5.767119884490967,3.82900672329181,113.77009435163244,,,0.0,-1,-1,0,80,delayed
70,2960,7,8.249300881421524,-5.352472032819475,31.293438707079208,1.9256608373793618,57.21656580679687,,,0.0,-1,-1,0,80,delayed
70,4008,6,-15.578196985949916,-10.40142563978831,46.099949518839516,2.72759113318465,81.04407304574067,,,0.0,-1,-1,0,80,delayed
70,4016,7,-11.995894443715304,-37.209969656808035,26.16536590031215,2.354342662387819,69.95385649405725,,,0.0,-1,-1,0,80,delayed
70,4488,7,11.69491318012399,16.504772867475236,1.0761984416416712,1.7016224945595886,50.55978371081869,,,0.0,-1,-1,0,80,delayed
70,4542,9,4.821364310056146,-5.644112798902723,-13.349795924292671,3.386195500918153,100.61298124369253,,,0.0,-1,-1,0,80,delayed
70,5048,7,3.462971385706869,23.409144810267858,-10.63844885144915,1.7723338538151974,52.66080849233871,,,0.0,-1,-1,0,80,delayed
70,6240,7,27.451757650636498,-29.296070507594518,33.841729164123535,2.6334298481450045,78.24628786086078,,,0.0,-1,-1,0,80,delayed
71,372,6,-29.869859382957316,15.639087359110514,-24.302391529083252,2.504773149281306,74.42355109739309,,,0.0,-1,-1,0,80,delayed
71,508,9,3.0629914585354148,-38.04618328809738,-7.651238759358724,3.781894154552642,112.37025314529605,,,0.0,-1,-1,0,80,delayed
71,1298,10,-28.952062693706996,8.956680202484131,-31.94810037612915,3.8921791151415306,115.64711612269429,0.5661563873291016,58.705684661865234,58.705684661865234,4,7,1,80,delayed
71,1588,7,-36.20522016701326,-6.413464341844831,34.91063921792166,2.315895035145803,68.81147401864597,,,0.0,-1,-1,0,80,delayed
71,1914,7,-35.59325962664334,5.0120039667402,33.841728755405974,1.3783021913575533,40.95306738479709,,,0.0,-1,-1,0,80,delayed
71,2908,7,22.85207421036187,47.032072816576274,-24.403643471854075,2.9041876652841747,86.2912312700703,,,0.0,-1,-1,0,80,delayed
71,3148,37,39.1991059772541,-19.721563319902163,44.732789323136615,33.74183983577024,1002.5608673815569,,,0.0,-1,-1,0,80,delayed
71,3464,7,-18.473741594415603,-1.195596422467913,0.33048200607299855,2.3957016489925507,71.18274329116973,,,0.0,-1,-1,0,80,delayed
71,3856,6,-29.46010324587105,-18.017743428548176,19.227856636047363,1.6404482328605918,48.74213176389212,,,0.0,-1,-1,0,80,delayed
71,4046,6,-5.421226590242411,3.80584987004598,54.56149927775065,1.6561697045752868,49.20925899807719,,,0.0,-1,-1,0,80,delayed
71,4252,7,41.14247800831106,-28.547834055764334,-17.495312418256486,3.4325811932057024,101.99122499448526,,,0.0,-1,-1,0,80,delayed
71,4324,6,3.6301404978333998,-23.786562591791153,1.174633502960205,2.1914997673157277,65.11535583952788,,,0.0,-1,-1,0,80,delayed
71,4398,6,25.15639339313664,8.364555279413858,6.6001936594645185,1.6638773597747716,49.438274176854776,,,0.0,-1,-1,0,80,delayed
71,4726,7,-23.89439367818323,-0.19002859933035918,-3.0858966963631764,1.9862344151061078,59.01636981635035,,,0.0,-1,-1,0,80,delayed
71,5282,8,19.91925703616608,-18.030444622039795,-4.886689066886902,1.9755845265364624,58.69993296602243,,,0.0,-1,-1,0,80,delayed
71,5672,6,-37.163459769075516,1.1639248530069999,27.341530481974285,1.8018990292856056,53.53926942120831,,,0.0,-1,-1,0,80,delayed
71,5692,6,13.253968283607113,-31.92479983965556,11.100533167521158,2.748271731140014,81.65854926651033,,,0.0,-1,-1,0,80,delayed
71,6394,8,-22.306962360896254,-1.0669309347867966,-7.766428112983704,3.0302253168331834,90.03614908945227,,,0.0,-1,-1,0,80,delayed
72,182,9,21.012564368171198,-2.1030707359313965,29.409749242994522,3.5949213995365987,106.81478941368044,,,0.0,-1,-1,0,80,delayed
72,448,10,-10.753153693392306,1.7736001014709484,-24.312299251556396,4.3183836021192095,128.31079843006125,,,0.0,-1,-1,0,80,delayed
72,734,6,-11.245617395968635,1.0992628733317058,41.57357533772787,1.113828617723873,33.09484576225852,,,0.0,-1,-1,0,80,delayed
72,1190,7,-24.011795570450424,19.76297160557338,29.993649618966238,1.7879621521850688,53.12516729570146,,,0.0,-1,-1,0,80,delayed
72,1296,6,-9.941449310616681,21.53723120689392,-1.159306526184082,2.5393820209732287,75.45187381457248,,,0.0,-1,-1,0,80,delayed
72,1720,7,-11.789850229725506,30.871724196842738,41.22782897949219,1.46301339979924,43.47006536195553,,,0.0,-1,-1,0,80,delayed
72,1810,7,10.242585837711303,-29.46234675816127,39.344639369419646,1.6083758192832875,47.7891740434007,,,0.0,-1,-1,0,80,delayed
72,1898,7,-1.7372053013073665,2.4505771909441267,19.404776164463588,1.8960909920126838,56.33796612274149,,,0.0,-1,-1,0,80,delayed
72,1916,9,26.05677297506587,7.9072998894585504,5.673433727688259,3.1499290583397617,93.59286939568844,,,0.0,-1,-1,0,80,delayed
72,1984,8,-8.944035085659605,6.61635947227478,14.595353126525879,2.906127224791989,86.34886080277975,,,0.0,-1,-1,0,80,delayed
72,2664,6,14.038018898930318,3.8566563924153647,40.700631300608315,1.4611811261055503,43.41562357951072,,,0.0,-1,-1,0,80,delayed
72,2946,10,-10.359024222125324,10.131689834594727,-8.300017166137696,3.4902640514080603,103.70513794748008,,,0.0,-1,-1,0,80,delayed
72,2956,7,20.508761428690995,29.35941505432129,-29.534414563860214,3.5291807143789495,104.86145673666265,,,0.0,-1,-1,0,80,delayed
72,3670,12,-18.923001584468164,-26.16060010592143,3.584150274594625,4.455439056610791,132.38308482592004,,,0.0,-1,-1,0,80,delayed
72,3700,6,-19.014102431787876,2.5587873458862305,16.681453704833984,3.087278695701484,91.73135851738078,,,0.0,-1,-1,0,80,delayed
72,3812,9,-4.352885828104506,-41.051450464460586,8.197369893391928,2.6630641345627613,79.12680226196711,,,0.0,-1,-1,0,80,delayed
72,4046,9,-22.7837298554429,-7.688678953382702,-16.02769003974067,3.7177687997050706,110.46491627895904,,,0.0,-1,-1,0,80,delayed
72,4368,7,-21.62890043396717,19.295817920139857,-21.309020723615372,1.8720758410491607,55.62441135816801,,,0.0,-1,-1,0,80,delayed
72,4594,14,-44.47521767674503,-0.00989736829485212,16.486958163125173,4.5431934767250395,134.9905048117454,,,0.0,-1,-1,0,80,delayed
72,4776,11,9.693650268926582,-24.99163614619862,18.316759369590066,4.283789460907794,127.28291339510034,,,0.0,-1,-1,0,80,delayed
72,5744,6,20.26147763626614,-41.23158200581869,55.07418123881022,2.2938506403536585,68.15647572361273,,,0.0,-1,-1,0,80,delayed
73,2088,6,-22.156453067494898,25.758769035339355,12.510723034540812,1.957895852944894,58.17435486995215,,,0.0,-1,-1,0,80,delayed
73,2504,6,-35.18334020546519,-48.2382253408432,46.30317401885986,2.5272930896305015,75.092679130712,,,0.0,-1,-1,0,80,delayed
73,3400,9,-4.654623717475589,11.4914501508077,-14.729125022888184,2.9548602757626545,87.79685089724711,,,0.0,-1,-1,0,80,delayed
73,4332,6,28.712431333395454,33.40279960632324,0.37726680437723853,1.75042908764694,52.00995893948897,,,0.0,-1,-1,0,80,delayed
73,4352,9,-21.28338005342455,30.93638711505466,24.61240726047092,3.062798412519481,91.00398342283492,,,0.0,-1,-1,0,80,delayed
73,5316,7,-18.51319582599813,-13.139684200286865,-10.20422649383545,2.566488948862165,76.25729359217367,,,0.0,-1,-1,0,80,delayed
73,5642,6,33.124434989225165,0.0230937401453654,13.405290285746256,2.6433591402364267,78.54131385055527,,,0.0,-1,-1,0,80,delayed
73,5662,6,2.6841824384171247,-26.47467541694641,16.293479045232136,2.035319131429418,60.47480883484473,,,0.0,-1,-1,0,80,delayed
73,6400,6,-22.75059835654748,27.56469949086507,-1.6705169677734375,2.4553686644343404,72.95561089550154,,,0.0,-1,-1,0,80,delayed
74,1010,6,-25.563090217826687,8.429218967755636,-19.30805230140686,1.6728940573882582,49.70618452864038,,,0.0,-1,-1,0,80,delayed
74,1372,6,2.9338947690286727,33.41203800837199,-27.803404649098713,2.157972335149699,64.11916560102715,,,0.0,-1,-1,0,80,delayed
74,1446,8,18.113957948727762,-25.921579718589783,52.17476010322571,2.8609590263844966,85.0067920716766,,,0.0,-1,-1,0,80,delayed
74,1724,8,-10.320975351517681,42.24077767133713,36.42366886138916,2.4644775150238236,73.2262593602056,,,0.0,-1,-1,0,80,delayed
74,2676,8,11.429168152314205,18.26946485042572,37.51138520240784,3.7703631719758928,112.02763662082151,,,0.0,-1,-1,0,80,delayed
74,2862,6,-40.86937179607138,-30.151200612386067,-11.108299732208252,1.7710575051740538,52.6228847393076,,,0.0,-1,-1,0,80,delayed
74,2874,8,-17.843270971976573,37.16939079761505,8.463962733745575,2.3876529685952375,70.94359533599945,,,0.0,-1,-1,0,80,delayed
74,3120,6,-12.563961107074524,32.566806157430015,32.941131909688316,4.696952934566431,139.5591121008525,,,0.0,-1,-1,0,80,delayed
74,3134,7,-31.685423412461258,-25.99432454790388,-4.32647841317313,1.9397241541753951,57.63442479593078,,,0.0,-1,-1,0,80,delayed
74,3852,9,-4.134308506016925,13.345108350118002,14.44191927380032,2.2486019376886084,66.81201499436492,,,0.0,-1,-1,0,80,delayed
74,3928,8,-4.017727449522713,29.319824993610382,-6.43512487411499,3.0220378061300757,89.79287611227747,,,0.0,-1,-1,0,80,delayed
74,4820,11,-1.3740539787286636,10.659235016866164,-1.8983622897755017,3.4417863887017646,102.26473612564669,,,0.0,-1,-1,0,80,delayed
74,5132,11,11.846409387762048,3.365809440612793,-33.350445834073156,5.2532324112001705,156.0876724080249,,,0.0,-1,-1,0,80,delayed
74,5186,7,14.393601117694939,27.075112751552037,-8.306462287902832,2.8543104812838838,84.809245904208,,,0.0,-1,-1,0,80,delayed
75,386,7,-33.6243785380572,28.91601480756487,-34.73518575940813,3.536745134397257,105.08621601273371,,,0.0,-1,-1,0,80,delayed
75,472,7,-11.697535447892168,6.219476972307478,17.528243746076313,1.9385449219336424,57.59938663248471,,,0.0,-1,-1,0,80,delayed
75,726,6,-31.90847034865099,8.198280970255533,1.53804349899292,2.4543449056586435,72.92519226714137,,,0.0,-1,-1,0,80,delayed
75,1186,7,-12.803990574749887,3.056293146950858,55.82835674285889,2.103785317372923,62.50912347506359,,,0.0,-1,-1,0,80,delayed
75,1292,6,-19.797236003112793,16.9923814535141,-5.427030722300212,2.2826857075274236,67.82473552233715,,,0.0,-1,-1,0,80,delayed
75,1986,7,8.210124209589182,5.8790081569126675,-3.3894737788609097,2.4748952281618752,73.53579765363158,,,0.0,-1,-1,0,80,delayed
75,2394,6,-6.9494912473857084,32.871643702189125,-33.653889179229736,2.5501655465574475,75.7722813802466,,,0.0,-1,-1,0,80,delayed
75,2524,6,11.04252822649311,0.22170013189315738,24.91206733385722,2.3148017986076272,68.77899101898439,,,0.0,-1,-1,0,80,delayed
75,2742,7,5.061704514264235,-1.963628854070391,19.907561097826278,2.8271939823885592,84.00354174624954,,,0.0,-1,-1,0,80,delayed
75,2806,6,-8.900695884820182,21.001455942789715,-12.409110387166342,1.651959535430304,49.08416354239484,,,0.0,-1,-1,0,80,delayed
75,3306,7,-30.276731239704464,13.761236190795898,42.36800043923514,2.1279167795169482,63.22613415782581,,,0.0,-1,-1,0,80,delayed
75,4614,18,-15.336043446639605,37.71055410967933,32.00142627292209,6.534234350821397,194.14968745981312,,,0.0,-1,-1,0,80,delayed
75,4890,8,-8.12984431976092,34.9454625248909,19.07785040140152,2.3034353380515773,68.44126288650563,,,0.0,-1,-1,0,80,delayed
75,5588,6,-24.768321847405048,3.016043742497762,0.30945587158203125,2.2198941401496595,65.9590290712099,,,0.0,-1,-1,0,80,delayed
75,5616,6,-31.66721357726023,-28.936468760172527,45.625689109166466,1.8877740088916315,56.09084617159405,,,0.0,-1,-1,0,80,delayed
75,6280,9,26.54306976958348,41.260832998487686,9.866277694702148,3.84302099429685,114.18649605832414,,,0.0,-1,-1,0,80,delayed
75,6382,6,-13.610110779695617,26.8996000289917,-13.974867026011148,1.5215787454893381,45.21019939315674,,,0.0,-1,-1,0,80,delayed
76,42,8,-7.162349975062405,40.02724266052246,16.822745084762573,2.8862018237261826,85.75682351398073,,,0.0,-1,-1,0,80,delayed
76,668,9,7.268596927660032,22.490232997470432,-48.59505542119344,3.3785929707595197,100.38708961279059,,,0.0,-1,-1,0,80,delayed
76,694,7,-15.730568387861025,-3.7174337506294255,46.68719073704311,2.5047574028400263,74.42308322824593,,,0.0,-1,-1,0,80,delayed
76,702,6,-14.943148602294444,8.055099805196129,-13.399199962615967,2.3945468823655176,71.14843206697873,,,0.0,-1,-1,0,80,delayed
76,1070,6,-32.760310230725885,-5.1499074300130205,6.341544151306153,2.1675438078967604,64.40355981503913,,,0.0,-1,-1,0,80,delayed
76,1998,7,9.038301741903743,20.49141420636858,13.889989171709333,2.6480250037914637,78.67994921352272,,,0.0,-1,-1,0,80,delayed
76,2028,7,-2.9839715794456616,-12.122239794049944,10.280707223074776,1.7596583251208089,52.284184422512666,,,0.0,-1,-1,0,80,delayed
76,2308,6,17.085927537587434,21.28320002555847,-25.297100067138672,2.985313749455911,88.70170555690103,,,0.0,-1,-1,0,80,delayed
76,2728,10,-4.938111505389229,-26.68713688850403,-6.789562320709228,3.894655677473524,115.72070145448924,,,0.0,-1,-1,0,80,delayed
76,2732,6,-6.668323163941103,-30.742400487263996,14.122666676839193,2.979292669410385,88.52280306484968,,,0.0,-1,-1,0,80,delayed
76,2976,9,25.01468424726395,16.301108254326714,16.21649996439616,2.6910257526644057,79.95761718592566,,,0.0,-1,-1,0,80,delayed
76,3676,7,14.959201425658174,-29.426716123308456,19.150144032069615,2.703980975259058,80.34255171423925,,,0.0,-1,-1,0,80,delayed
76,3908,10,-26.729728882060396,20.59038734436035,22.831569957733155,3.4247889062814383,101.75969517940403,,,0.0,-1,-1,0,80,delayed
76,4410,7,-22.42827966236947,37.97404316493443,43.840721539088655,3.515626482571161,104.45872403257634,,,0.0,-1,-1,0,80,delayed
76,4902,6,-7.858875937923909,-2.120006561279297,16.370526949564617,2.0598964780650335,61.20506794581408,,,0.0,-1,-1,0,80,delayed
76,5150,7,-30.128592018487033,1.037239892142159,-5.776707512991769,1.9482749306306506,57.88849137622076,,,0.0,-1,-1,0,80,delayed
76,5634,8,15.358791796623967,-1.5415077805519104,33.37293237447739,2.1738529900928785,64.59102259732353,,,0.0,-1,-1,0,80,delayed
77,126,6,33.63442792844522,-8.253706296284994,4.318531036376953,1.8066838609840241,53.681439647882065,,,0.0,-1,-1,0,80,delayed
77,164,12,-18.075055500583414,34.39352226257324,-2.8151283264160156,4.2711206015785885,126.90648749006243,,,0.0,-1,-1,0,80,delayed
77,486,7,17.333657219259322,-19.287900168980872,47.6571284702846,4.7012971315571885,139.68818988452787,,,0.0,-1,-1,0,80,delayed
77,552,6,-4.371499119486107,48.113519032796226,30.50243107477824,2.423741409470815,72.015880035434,,,0.0,-1,-1,0,80,delayed
77,1428,6,-52.4489737999638,26.211406707763672,4.001514832178752,2.2947077516136423,68.18194280580013,,,0.0,-1,-1,0,80,delayed
77,1598,7,-24.95448857263427,-11.0256159561021,11.930319820131574,2.51649784579872,74.77192338436669,,,0.0,-1,-1,0,80,delayed
77,1910,9,-5.2275727749598495,2.8205163213941784,22.447752952575684,2.3041143466763203,68.46143806009118,,,0.0,-1,-1,0,80,delayed
77,1958,13,-34.509650262984266,40.25347130115215,8.161474081186148,3.9459927474173457,117.24606396057119,,,0.0,-1,-1,0,80,delayed
77,2064,7,14.962229376406382,10.027966899531227,32.71595559801374,2.198484197066009,65.3228820438691,,,0.0,-1,-1,0,80,delayed
77,2910,10,-29.020949285395197,-4.262182807922363,32.43760452270508,3.4555499415158692,102.67368832015424,,,0.0,-1,-1,0,80,delayed
77,3390,8,32.87738341275053,45.00510025024414,13.159024894237518,4.378272689222984,130.0902643811087,,,0.0,-1,-1,0,80,delayed
77,3448,9,3.4837061433760628,35.031678941514755,-11.169745869106716,3.6667681858148726,108.94955078769902,,,0.0,-1,-1,0,80,delayed
77,3452,6,32.010097491593086,-33.171862284342446,32.151326179504395,2.3874275291004996,70.93689692190921,,,0.0,-1,-1,0,80,delayed
77,3956,6,-1.4009470168302431,19.357181072235107,27.021364212036133,1.6387387312459,48.691337870317916,,,0.0,-1,-1,0,80,delayed
77,3988,8,0.04026628466137794,-12.61611533164978,0.10392177104949951,1.5926096807624308,47.32071963819749,,,0.0,-1,-1,0,80,delayed
77,4366,7,1.5494449919098794,10.96623206777232,-10.358624594552177,2.400937212074423,71.33830596025182,,,0.0,-1,-1,0,80,delayed
77,4478,9,-26.712776797633722,-3.7966124216715493,-4.254917939503987,3.644606475041119,108.29106671913203,,,0.0,-1,-1,0,80,delayed
78,22,7,-17.74655701319897,9.936910697392054,18.9903507232666,2.570035090908449,76.36265901572749,0.21017269790172577,230.5609588623047,230.5609588623047,7,11,1,80,delayed
78,118,10,-21.802652478935887,11.256816816329959,-22.677262783050537,4.152955764763828,123.39549218371234,,,0.0,-1,-1,0,80,delayed
78,1168,7,-8.948267606473484,8.032665661403112,10.031294141496929,2.3735431363824975,70.52435424865315,,,0.0,-1,-1,0,80,delayed
78,1240,6,-11.596318456303573,42.7003436088562,24.93368943532308,1.8386578916128353,54.63147414620609,,,0.0,-1,-1,0,80,delayed
78,1434,6,-35.80381440510744,-29.37986946105957,37.569119135538735,1.7651140761879596,52.44628946920611,,,0.0,-1,-1,0,80,delayed
78,1618,7,-8.611820864528243,16.239525318145752,15.741507087435041,2.147895645796889,63.81976004202208,,,0.0,-1,-1,0,80,delayed
78,1694,395,-24.258350277116584,18.131060923202128,-31.268005293834058,181.26557849155438,5385.888157949761,,,0.0,-1,-1,0,80,delayed
78,2314,10,-45.45930940269449,-9.197778701782227,25.211190605163573,3.7294251262860167,110.81125711112337,,,0.0,-1,-1,0,80,delayed
78,3450,11,19.21179519725766,35.4392485185103,-9.887232780456543,4.940073871987092,146.78288943740068,,,0.0,-1,-1,0,80,delayed
78,3464,6,-18.83444156380566,17.26026789347331,-7.0620683034261065,1.577300148680971,46.86583223912559,,,0.0,-1,-1,0,80,delayed
78,3650,10,-9.71941473295349,-29.02607250213623,15.471129894256592,3.4624181833725616,102.8777622694927,,,0.0,-1,-1,0,80,delayed
78,3914,8,6.0891245451178975,12.75467824935913,3.6627718210220346,1.6628400908390653,49.40745412528227,,,0.0,-1,-1,0,80,delayed
78,5576,12,-19.385852876813193,-11.884044090906778,5.449389616648357,3.0923717139692632,91.8826857964203,,,0.0,-1,-1,0,80,delayed
79,436,8,-6.056541604172827,-0.9595454931259151,10.631207883358002,2.5895282013703462,76.94185178730618,,,0.0,-1,-1,0,80,delayed
79,556,9,-32.85138202094443,-38.434158431159126,15.98962296379937,4.051894005850579,120.39267534952884,,,0.0,-1,-1,0,80,delayed
79,562,7,7.333911574459683,29.98492537225996,4.973221506391253,3.080850750931228,91.54036697940555,,,0.0,-1,-1,0,80,delayed
79,1660,11,21.861496175312176,18.522027134895325,-18.790391141718086,4.369062925261461,129.81661750854377,,,0.0,-1,-1,0,80,delayed
79,1910,14,8.032182392657822,11.870847616876874,1.7999630655561174,5.990149409987138,177.98345962911353,,,0.0,-1,-1,0,80,delayed
79,2436,1006,15.893752499914989,52.691544710760326,-56.58023276148923,539.8233938504973,16039.605801159361,,,0.0,-1,-1,0,80,delayed
79,3190,8,-19.445654097025887,33.961668848991394,26.559122443199158,2.8452451280888305,84.5398898641524,,,0.0,-1,-1,0,80,delayed
79,3238,9,29.98076411448904,49.799362394544815,15.38624291949802,3.503469671666007,104.09751246423906,,,0.0,-1,-1,0,80,delayed
79,4102,6,1.4464584679375239,36.86224420865377,57.16185696919759,2.155807597528666,64.0548454205758,,,0.0,-1,-1,0,80,delayed
79,4238,8,-10.730720191371706,24.352359795942903,13.031802535057068,7.324012849371347,217.61613209944835,,,0.0,-1,-1,0,80,delayed
79,5200,6,-11.928912723419051,7.7456440925598145,30.67794406414032,1.3321693391641118,39.58233619364223,,,0.0,-1,-1,0,80,delayed
79,6370,6,-5.870495481123246,-25.181425094604492,2.3463247617085776,1.8721604657319448,55.62692578523503,,,0.0,-1,-1,0,80,delayed
79,6668,6,-26.597131794541024,20.30402421951294,30.525525252024334,2.9514562797374007,87.69570901452074,,,0.0,-1,-1,0,80,delayed
79,6766,7,-41.26365515567157,-31.845621381487167,-19.416654314313615,1.9160223044163802,56.93017905329778,,,0.0,-1,-1,0,80,delayed
80,480,6,-31.339467521608572,27.48156213760376,31.62478764851888,2.3523626541131266,69.89502511962834,,,0.0,-1,-1,0,80,delayed
80,518,11,-9.953825619260481,18.62028104608709,38.717507709156386,4.595276690603705,136.5380372621502,,,0.0,-1,-1,0,80,delayed
80,802,6,-25.208691431876826,-37.62895584106445,9.237706343332926,1.489328094854045,44.25194577000186,,,0.0,-1,-1,0,80,delayed
80,2136,8,-26.381608402900603,-10.264016807079315,20.869874238967896,2.548173241195731,75.71308462626837,,,0.0,-1,-1,0,80,delayed
80,2326,6,16.99359825931367,26.38230013847351,12.282932917277018,4.784649285841151,142.16480670518092,,,0.0,-1,-1,0,80,delayed
80,2890,6,-1.1769703725186136,38.64970048268636,-28.023632685343426,2.8050675813232275,83.3461068241451,,,0.0,-1,-1,0,80,delayed
80,2908,6,-15.95816634179102,-0.6050562858581543,34.71473137537638,1.1728094271849359,34.84732434018903,,,0.0,-1,-1,0,80,delayed
80,3040,6,-20.92579431542778,37.76290035247803,-29.79723374048869,1.8385912148481593,54.629493000087415,,,0.0,-1,-1,0,80,delayed
80,3056,6,-31.58072429299932,-3.279312481482824,21.18011728922526,1.7320714446975396,51.46450396347071,,,0.0,-1,-1,0,80,delayed
80,4194,12,-18.94170621507656,-21.694269339243572,8.087637464205423,3.2556492885270276,96.7341019482762,,,0.0,-1,-1,0,80,delayed
80,4290,7,-15.055838673915174,29.193139212472097,13.012368338448661,2.41738699233711,71.82707320141785,,,0.0,-1,-1,0,80,delayed
80,4300,7,-13.726905063651168,-45.26638902936663,38.971239362444194,2.451666606990505,72.84561280588778,,,0.0,-1,-1,0,80,delayed
80,4670,6,-32.5155208501289,23.731137722730637,-1.4887086947758992,1.3743861933119743,40.83671254414972,,,0.0,-1,-1,0,80,delayed
81,1422,7,34.86460576498367,-21.694928850446427,-12.158499990190778,2.454056936026685,72.91663591439355,,,0.0,-1,-1,0,80,delayed
81,1776,7,-44.95374103585106,28.405312401907786,47.661086899893625,2.2225055837704364,66.03662208908645,,,0.0,-1,-1,0,80,delayed
81,2062,9,13.765942650222286,-8.732516553666857,5.619969262017144,4.104341459898942,121.95103035561655,,,0.0,-1,-1,0,80,delayed
81,2368,8,-40.0232049172992,-5.324264168739319,16.75125789642334,2.8215214164054125,83.83499454491073,,,0.0,-1,-1,0,80,delayed
81,2422,6,-25.27878808343513,4.817356824874878,-14.624639590581259,1.7234727863467454,51.209014683204764,,,0.0,-1,-1,0,80,delayed
81,3388,7,-9.830433348116781,21.6672157900674,-17.686602524348668,2.6170642371310584,77.76002151459065,,,0.0,-1,-1,0,80,delayed
81,3440,56,4.289868509803166,-10.348639149750982,-8.651967235973903,12.87216200119755,382.46657454984455,,,0.0,-1,-1,0,80,delayed
81,3510,7,-24.794437641438815,32.91849136352539,-25.753636496407644,2.073459987580508,61.60807631556387,,,0.0,-1,-1,0,80,delayed
81,3738,6,7.866932938885422,-3.2100310722986864,32.13893961906433,2.3409061478393705,69.554621486546,,,0.0,-1,-1,0,80,delayed
81,4284,6,-4.184374474832126,18.645894209543865,37.39360682169596,1.7146045280352438,50.9455148625602,,,0.0,-1,-1,0,80,delayed
81,4360,10,-44.45375636053548,-14.158316326141357,18.54998893737793,3.4253786377942244,101.77721768973124,,,0.0,-1,-1,0,80,delayed
81,4630,9,-32.52298676450361,-28.71938705444336,4.012781937917073,2.9748714631460316,88.39143712840885,,,0.0,-1,-1,0,80,delayed
81,4978,7,-5.356591142991445,1.3539537021092,-17.400121007646835,2.48655183600795,73.8821468429398,,,0.0,-1,-1,0,80,delayed
82,1149,7,10.009959904597391,-4.299396514892579,0.6209215436662987,1.5674458319679834,46.57303396969774,,,0.0,-1,-1,0,80,delayed
82,1465,7,-30.572770855756826,26.022037233625138,32.80718721662249,2.400877217438523,71.336523358162,,,0.0,-1,-1,0,80,delayed
82,1535,9,13.775608947197274,-30.751637670728897,13.560159895155165,3.293492545802584,97.85852696550671,,,0.0,-1,-1,0,80,delayed
82,1627,47,13.089002302702793,-6.269510928620684,-19.351779075379067,10.337973481554538,307.1690136365161,,,0.0,-1,-1,0,80,delayed
82,1679,10,-7.500868895800619,17.159579944610595,0.8821401596069336,3.554971985096714,105.62778479901873,,,0.0,-1,-1,0,80,delayed
82,1979,8,-3.8775929391169046,-13.37474513053894,38.20183563232422,2.71576678560646,80.69273985757101,,,0.0,-1,-1,0,80,delayed
82,2209,6,0.14860367340844652,4.360099653402965,-29.361600081125896,2.453590502083364,72.90277690667291,,,0.0,-1,-1,0,80,delayed
82,2469,8,7.746396805349426,-0.9041203856468192,8.905001521110535,2.76056188611065,82.02372284588795,,,0.0,-1,-1,0,80,delayed
82,2735,6,-17.733407836858202,-7.676362673441569,20.855333010355633,2.357452182179667,70.04624869539626,,,0.0,-1,-1,0,80,delayed
82,3253,6,-18.020649356166263,-10.322905540466309,9.64562718073527,2.558207065286348,76.01121654297489,,,0.0,-1,-1,0,80,delayed
82,3557,15,-23.663077602208638,52.48377965291341,-35.11102037429809,5.668051091158882,168.41305174743474,,,0.0,-1,-1,0,80,delayed
82,3875,6,9.612786210966732,-0.36488151550292997,-12.841801643371582,2.249583205230332,66.84117109381154,,,0.0,-1,-1,0,80,delayed
82,3949,6,24.87082084541647,-0.2632686297098796,9.748710632324219,1.6767780057844162,49.821587087951585,,,0.0,-1,-1,0,80,delayed
82,4119,18,-18.32005401018397,23.729598336749607,6.115293516053094,7.024761018915619,208.724554871666,0.38159120082855225,275.8210144042969,275.8210144042969,5,7,1,80,delayed
82,4283,7,-37.64019117089675,22.67278344290597,5.841486794607979,2.6341138142288196,78.26661033389682,,,0.0,-1,-1,0,80,delayed
82,4529,6,-10.53034782994616,26.442343711853027,7.219105879465739,1.8104190242857452,53.79242140162793,,,0.0,-1,-1,0,80,delayed
82,4683,9,24.73346112501645,-10.432216538323296,-29.160335964626736,4.767110870905185,141.64369319814392,0.38988569378852844,136.6477813720703,270.93359375,2,3,2,80,delayed
82,5589,10,-5.209914740778773,-8.90956883430481,3.951926517486572,3.3443129999559793,99.3685394261414,,,0.0,-1,-1,0,80,delayed
82,6283,6,-28.697338663643233,-35.716793060302734,14.054856618245443,2.6582202657338194,78.98287788326509,,,0.0,-1,-1,0,80,delayed
83,198,6,-32.501818521184994,30.298999150594074,-32.2436998685201,2.7004645289986495,80.23806863240095,,,0.0,-1,-1,0,80,delayed
83,984,8,-0.9604648922841985,-22.8593487739563,31.9595949947834,3.5415108776643374,105.22781907074172,,,0.0,-1,-1,0,80,delayed
83,1420,7,-29.630155320308365,45.27826581682478,-39.7365733555385,2.7656240505176304,82.1741333736894,,,0.0,-1,-1,0,80,delayed
83,1890,6,-5.4496230306792555,26.59938148657481,14.790914297103882,1.6783154226798174,49.86726788140218,,,0.0,-1,-1,0,80,delayed
83,2742,8,8.274866717455517,39.05730414390564,42.32406973838806,2.578058027720549,76.60104205970006,,,0.0,-1,-1,0,80,delayed
83,3502,8,23.977549689044643,-15.695667058229446,5.363626718521118,2.3738533984873977,70.53357297076548,,,0.0,-1,-1,0,80,delayed
83,4052,6,-8.276215779161662,-36.543550292650856,29.002808491388958,1.2747646624143942,37.87668876024581,,,0.0,-1,-1,0,80,delayed
83,4212,8,31.115687849877,-22.225424766540527,13.319475054740906,2.289254292292406,68.01990585304536,,,0.0,-1,-1,0,80,delayed
83,4426,6,-25.983489371460653,-27.269099871317547,32.32683706283569,1.0588925082178662,31.46254610506785,,,0.0,-1,-1,0,80,delayed
83,4474,6,21.157279925340152,-9.680900494257608,-7.463899691899617,1.614916381916372,47.98351176115719,,,0.0,-1,-1,0,80,delayed
83,4638,9,15.351752115828877,34.933145946926544,16.9083317650689,4.094668236413582,121.66361285333862,,,0.0,-1,-1,0,80,delayed
83,4662,7,4.480822924209663,22.58172791344779,-7.85118647984096,2.3724084756482795,70.49064042464659,,,0.0,-1,-1,0,80,delayed
83,5428,7,10.14288190533841,-11.68675708770752,-24.93540062223162,2.275970190636126,67.62519944273319,,,0.0,-1,-1,0,80,delayed
83,5744,7,43.0904529245367,-33.730070795331685,-9.934842927115303,3.463511172434744,102.91023791597651,,,0.0,-1,-1,0,80,delayed
83,5856,7,-13.501526752726514,18.610923290252686,39.17314495359148,1.671783861392269,49.67319761784594,,,0.0,-1,-1,0,80,delayed
83,6298,13,-29.68860306798862,-2.293742399949294,4.781132844778209,4.77797229445603,141.96641532204512,,,0.0,-1,-1,0,80,delayed
83,6598,7,-10.122053199713296,-16.310785702296666,25.10167462485177,2.6448029389011705,78.58421299442811,,,0.0,-1,-1,0,80,delayed
84,514,6,-45.610835668069605,19.010775248209637,42.617412408192955,2.6701286210613504,79.33670716774888,,,0.0,-1,-1,0,80,delayed
84,1412,6,-11.467331844402628,6.263024648030599,-7.52709166208903,1.6504264841702887,49.03861246372034,,,0.0,-1,-1,0,80,delayed
84,1836,10,-20.201171504379566,20.122046279907227,11.253163623809815,3.131717665092149,93.05175989189672,,,0.0,-1,-1,0,80,delayed
84,2092,7,11.917327601915352,6.330326625279018,11.061876569475448,2.516512022963819,74.77234462609529,,,0.0,-1,-1,0,80,delayed
84,3402,7,-21.174265762041923,43.08105986458914,12.883160999843053,2.5048187356248373,74.42490559034111,,,0.0,-1,-1,0,80,delayed
84,3600,10,17.221596103150247,5.5868395328521725,-0.21703996658325195,3.0187410257986858,89.6949198963541,,,0.0,-1,-1,0,80,delayed
84,3704,14,5.512644610919702,22.225425447736466,24.24987472806658,4.3532247777852024,129.34602352348548,,,0.0,-1,-1,0,80,delayed
84,4062,6,-16.473082231025632,-1.2840122381846106,9.52239195505778,1.6304428142367393,48.444843850047796,,,0.0,-1,-1,0,80,delayed
84,4212,6,-35.655210731699,-4.697268486022949,-1.4116604328155518,3.739488209704697,111.1102584012092,0.4737655818462372,74.17223358154297,74.17223358154297,4,3,1,80,delayed
84,4596,7,-10.566676453330809,5.859215055193222,18.46525035585676,1.1096532702311408,32.97078495157638,,,0.0,-1,-1,0,80,delayed
84,6380,8,-15.990078310073626,-34.11755084991455,42.932642221450806,3.268773158125005,97.12404743292052,,,0.0,-1,-1,0,80,delayed
85,160,7,-38.77744768831963,47.142921447753906,0.23168557030813933,3.1969142546270044,94.98892602369406,,,0.0,-1,-1,0,80,delayed
85,430,6,-15.854915416189995,-17.477350036303203,7.878116289774577,1.9088733708508459,56.71776499789357,,,0.0,-1,-1,0,80,delayed
85,768,11,-7.546019597095215,25.588714773004707,-8.08741196719083,5.584530087602828,165.93141796050156,,,0.0,-1,-1,0,80,delayed
85,784,6,-12.302335346586679,59.80819320678711,15.223606189092001,2.0027320365228043,59.506558546951865,,,0.0,-1,-1,0,80,delayed
85,990,6,-16.223369900414085,31.185800075531006,9.291454156239828,2.5398780789288584,75.46661303142277,,,0.0,-1,-1,0,80,delayed
85,1702,6,2.9720623709438967,23.86046250661214,34.582258224487305,1.6430457486957974,48.81931094977695,,,0.0,-1,-1,0,80,delayed
85,2958,7,-37.59488113083261,-32.60573584692819,-25.283785479409353,1.8004627227473464,53.49659288857607,,,0.0,-1,-1,0,80,delayed
85,3030,7,26.382920525305952,41.6122978755406,22.230191230773926,3.0114091957790365,89.47707149508817,,,0.0,-1,-1,0,80,delayed
85,3692,18,-33.87847309362358,38.104687717225815,31.69609917534722,28.90218496717138,858.7616967819109,,,0.0,-1,-1,0,80,delayed
85,3732,18,-45.706026517309674,26.21910444895427,24.41128108236525,32.48721464143651,965.2825764172172,,,0.0,-1,-1,0,80,delayed
85,3814,15,-46.58891985101702,37.700085449218754,24.19657897949219,40.25050685088149,1195.950880490743,,,0.0,-1,-1,0,80,delayed
85,4188,16,-14.427372956861358,32.53274321556091,6.443233370780944,8.001422167545531,237.74378598277593,,,0.0,-1,-1,0,80,delayed
85,4420,6,-11.270436038270267,46.76946194966634,49.92427444458008,2.8097208519723407,83.48436801798759,,,0.0,-1,-1,0,80,delayed
85,6482,7,16.726766449658196,-12.577516010829381,37.82710920061384,3.143546303822307,93.4032205817397,,,0.0,-1,-1,0,80,delayed
86,396,8,-13.978757155643907,19.509600400924683,-0.5703126192092896,2.856716440592515,84.8807334301724,,,0.0,-1,-1,0,80,delayed
86,1270,14,-18.51944190486094,4.263766390936715,45.5357734135219,7.070171683472649,210.0738279245956,,,0.0,-1,-1,0,80,delayed
86,1880,7,-18.797935005017724,-4.101449966430664,3.35258252280099,1.9269505084141811,57.25488540399722,,,0.0,-1,-1,0,80,delayed
86,1962,7,-16.640785129071464,1.0214031083243238,13.636617933000837,1.3039235848847635,38.743078819178336,,,0.0,-1,-1,0,80,delayed
86,2494,6,-7.941952540458291,33.897006352742515,25.820489565531414,1.8063769062349104,53.67231919621091,,,0.0,-1,-1,0,80,delayed
86,2616,7,-4.828570103187682,-8.392928804670062,19.477474757603236,2.1717025719449983,64.52712788695608,,,0.0,-1,-1,0,80,delayed
86,2858,6,-31.00647469623381,-20.899845123291016,18.770805994669598,1.658081048588632,49.26605017251257,,,0.0,-1,-1,0,80,delayed
86,2896,6,-32.687199455700345,1.9583501021067307,16.005646069844563,1.9303329400959663,57.3553865520453,,,0.0,-1,-1,0,80,delayed
86,3924,6,-20.991839872040842,16.618262608846027,22.184062639872234,1.886985700417955,56.06742340534953,,,0.0,-1,-1,0,80,delayed
86,4118,6,-23.0517368708299,-25.610968907674152,13.114101966222128,1.925253297046576,57.20445668673942,,,0.0,-1,-1,0,80,delayed
86,4162,9,21.755300405358852,17.90843327840169,-38.74689981672499,3.0158964246989384,89.61039914230517,,,0.0,-1,-1,0,80,delayed
86,4316,6,-11.278816858940324,26.520862579345703,-9.719321171442667,2.4411931262054143,72.53441750558666,,,0.0,-1,-1,0,80,delayed
86,5292,13,-18.689340118200377,1.45810420696552,24.737038649045505,3.817599444633008,113.43115340347148,,,0.0,-1,-1,0,80,delayed
86,5550,9,-33.933687742132975,27.81103367275662,15.629497369130453,3.4780296550698724,103.34162110712984,,,0.0,-1,-1,0,80,delayed
86,5602,16,-38.07206313566871,48.40507674217224,-27.670457661151886,6.875875245489026,204.30075786255634,,,0.0,-1,-1,0,80,delayed
86,5668,6,-15.995536827187669,-34.23879353205363,11.002068519592285,2.0613965233680727,61.24963832868135,,,0.0,-1,-1,0,80,delayed
86,5928,8,-28.646220389349473,-39.909464225173,16.54561996459961,3.543463540155322,105.28583792834384,,,0.0,-1,-1,0,80,delayed
87,1614,7,10.83510948616375,8.713601793561663,3.1744305746895916,3.404450531406675,101.15538732734797,,,0.0,-1,-1,0,80,delayed
87,1700,6,-23.67260962873144,32.2943000793457,-11.174433390299479,1.708789478577293,50.77273409373415,,,0.0,-1,-1,0,80,delayed
87,2292,6,-18.805691754038502,17.68519401550293,12.114981810251875,1.895527805675313,56.32123234101411,,,0.0,-1,-1,0,80,delayed
87,2948,7,24.158948660940233,31.952513013567245,-30.678544316973007,2.831493411958267,84.13128936936768,,,0.0,-1,-1,0,80,delayed
87,3138,11,-7.638686709733673,25.31159036809748,8.655174081975762,2.8717405950975032,85.3271414934407,,,0.0,-1,-1,0,80,delayed
87,3526,9,-26.30802663761462,48.21667014227973,17.787012418111164,3.480240272672078,103.40730450529374,,,0.0,-1,-1,0,80,delayed
87,3880,8,-28.8537253203328,21.982940435409546,16.81235361099243,3.3047054196079584,98.19169162229102,,,0.0,-1,-1,0,80,delayed
87,4044,7,-47.485297276634824,-49.79936218261719,49.98893778664725,2.327000035281795,69.1414334584039,,,0.0,-1,-1,0,80,delayed
87,4132,6,-29.963459074559676,13.934768915176392,21.414202372233074,1.3929367250352298,41.38789876474045,,,0.0,-1,-1,0,80,delayed
87,4468,6,-13.760901910430952,6.429300268491109,21.688178380330402,2.111129217558086,62.727330513430104,,,0.0,-1,-1,0,80,delayed
87,4600,10,4.860363603674813,6.512436866760254,14.065982341766357,3.2577272035542277,96.79584239580822,,,0.0,-1,-1,0,80,delayed
88,388,7,15.795818300854842,18.25857823235648,18.044342858450754,2.700530461419541,80.24002766206263,,,0.0,-1,-1,0,80,delayed
89,448,6,23.29080618489375,-12.91402498881022,12.074882904688517,2.4250561782639557,72.05494535457703,,,0.0,-1,-1,0,80,delayed
89,586,10,-28.683051585577466,21.222232007980345,11.487837743759155,2.90148850821666,86.21103204963723,,,0.0,-1,-1,0,80,delayed
89,1138,8,-28.15126406596859,-25.370795011520382,-11.22828483581543,2.638736248217197,78.40395528756142,,,0.0,-1,-1,0,80,delayed
89,1278,6,-15.018048276387598,10.059636751810709,36.762308756510414,2.3368122549082937,69.4329809101007,,,0.0,-1,-1,0,80,delayed
89,1556,7,-17.264999000784503,22.862812655312673,17.218187877110072,3.4103600115885424,101.33097388711306,,,0.0,-1,-1,0,80,delayed
89,1740,13,14.063332897494368,-33.36585041192862,2.291950299189641,4.617168079927452,137.18848935294983,,,0.0,-1,-1,0,80,delayed
89,1808,12,-30.627738384445944,29.017296353975933,36.449807484944664,3.7960074432761806,112.78959693488032,,,0.0,-1,-1,0,80,delayed
89,2796,10,-15.075991080492267,5.581297469139099,44.08617534637451,3.485875100867577,103.57473041540186,,,0.0,-1,-1,0,80,delayed
89,3058,6,-26.067641721293185,-0.9052751064300537,43.58734941482544,1.4527985621030965,43.16655504388594,,,0.0,-1,-1,0,80,delayed
89,3586,6,-37.57095371028415,23.46786912282308,-23.427976687749226,1.9593910136990187,58.21878011972591,,,0.0,-1,-1,0,80,delayed
89,3628,7,15.500525989147606,36.08167484828404,1.349364144461496,2.8207443261584157,83.81190510237127,,,0.0,-1,-1,0,80,delayed
89,4042,7,-12.91192826003966,6.07695552280971,-35.587616375514436,2.187562319526211,64.99836366926269,,,0.0,-1,-1,0,80,delayed
89,4354,7,3.1345583036637,8.82841055733817,30.87127140590123,1.9628054021316335,58.32023078884298,,,0.0,-1,-1,0,80,delayed
89,4736,6,-10.289489616814693,27.269099553426106,-55.374399185180664,2.8562762802089434,84.86765508061917,,,0.0,-1,-1,0,80,delayed
89,5004,7,-9.942971059580405,19.07015882219587,31.26320457458496,2.9028009293370802,86.25002761310569,,,0.0,-1,-1,0,80,delayed
89,5598,6,-1.142455307289346,-32.14649963378906,42.360233306884766,2.0092504439660415,59.700237974394064,,,0.0,-1,-1,0,80,delayed
89,5638,6,1.5995865331012382,42.972850481669106,-10.920195897420244,2.19052278135894,65.08632695749228,,,0.0,-1,-1,0,80,delayed
89,5666,8,31.351519563602274,21.009539365768433,-1.9203487038612357,3.054091060041196,90.74526454752416,,,0.0,-1,-1,0,80,delayed
89,6042,10,-21.419787861304876,10.769077682495118,5.061185264587403,3.922608008167052,116.55124042455843,,,0.0,-1,-1,0,80,delayed
89,6078,9,-32.859058602022436,-42.04910024007162,62.59196429782443,3.478949607729653,103.36895537642364,,,0.0,-1,-1,0,80,delayed
90,728,8,-2.415497243645026,-17.413841992616653,-17.91628670692444,2.930993753233974,87.08771228346087,,,0.0,-1,-1,0,80,delayed
90,1978,7,19.00506814471775,0.035630498613630025,54.913845607212615,1.5256131485839097,45.330072366460726,,,0.0,-1,-1,0,80,delayed
90,2166,6,-18.591914379086308,-42.14147535959879,32.74252494176229,1.4224558455507204,42.2649912769566,,,0.0,-1,-1,0,80,delayed
90,2250,9,-20.94963316275724,17.083216773139107,5.465030670166015,2.9261867749374577,86.94488402175682,,,0.0,-1,-1,0,80,delayed
90,2450,7,-32.57408947194869,-17.577643258231028,53.34215109688895,2.5602652826045125,76.07237171856113,,,0.0,-1,-1,0,80,delayed
90,2974,9,-27.048613055599002,0.6558625962999132,17.543620851304794,1.4791534045995385,43.949628340467896,,,0.0,-1,-1,0,80,delayed
90,3272,6,16.05002232325475,6.627906670173009,23.91756470998128,3.9821097824098017,118.31919826817052,,,0.0,-1,-1,0,80,delayed
90,3568,8,-44.11702888672198,49.41831588745117,34.760918617248535,2.5856392557973065,76.82630074842143,,,0.0,-1,-1,0,80,delayed
90,3976,8,-28.386706915389617,-11.202778100967407,-16.786847293376923,3.318183898929351,98.59217351614183,,,0.0,-1,-1,0,80,delayed
90,3992,7,-1.3766243432386216,-40.64631979806082,-28.62782028743199,2.395853846914325,71.1872655010199,,,0.0,-1,-1,0,80,delayed
90,5516,6,-0.8496524247480105,41.125350634256996,33.5938458442688,2.594997914052577,77.10437167115708,,,0.0,-1,-1,0,80,delayed
90,5814,7,-7.606055800771039,9.841897147042408,-34.357648849487305,2.2220540130370385,66.02320470733244,,,0.0,-1,-1,0,80,delayed
90,6308,6,-19.25170666649267,39.222424825032554,5.313033620516459,2.099940570230673,62.394885690504175,,,0.0,-1,-1,0,80,delayed
90,6364,13,-41.11302092550137,1.2257450543917159,19.527862255389874,4.258770139660137,126.53952202896745,,,0.0,-1,-1,0,80,delayed
91,450,6,14.236259856942029,14.07794984181722,-2.7172956466674805,1.086284227029932,32.276427787423046,,,0.0,-1,-1,0,80,delayed
91,1172,7,-33.28411780765094,-27.015728541782924,-28.14752905709403,2.5690613785974334,76.3337274025178,,,0.0,-1,-1,0,80,delayed
91,1316,7,-8.738106516025246,15.459616252354213,15.184559209006173,1.8527562046520512,55.05037296790664,,,0.0,-1,-1,0,80,delayed
91,1714,6,33.58081428744746,-45.64248808224996,37.79690742492676,1.7067453022095402,50.711996112571605,,,0.0,-1,-1,0,80,delayed
91,1974,6,-16.406563377602538,-21.74507490793864,2.695878664652506,1.7674631247490233,52.51608602370238,,,0.0,-1,-1,0,80,delayed
91,2072,6,31.720428659998706,3.1776997248331704,8.580166498819986,1.9989890357951219,59.39534392218867,,,0.0,-1,-1,0,80,delayed
91,2434,7,-23.319265101627668,28.009419986179896,-12.152020045689174,2.33808892348193,69.47091416918715,,,0.0,-1,-1,0,80,delayed
91,2544,6,-0.09626044573928756,20.54419978459676,-57.000200271606445,1.9935267515411512,59.23304475693271,,,0.0,-1,-1,0,80,delayed
91,2798,6,-6.8930969247713065,0.22169939676920572,-40.22489992777506,2.82144244805402,83.83264818267162,,,0.0,-1,-1,0,80,delayed
91,3264,6,2.4057202980384145,31.47216256459554,28.86277484893799,1.4234051808463855,42.29319858343694,,,0.0,-1,-1,0,80,delayed
91,4206,11,-23.781092909395042,9.49279091574929,4.955899715423585,3.7169653931014306,110.44104490664132,,,0.0,-1,-1,0,80,delayed
91,4480,6,-0.2768383577197895,-35.40271822611491,-34.79934032758077,1.5306178310705556,45.478774951714016,,,0.0,-1,-1,0,80,delayed
91,5108,6,33.602100320542846,-31.619962056477863,-33.29047966003418,2.846688519648755,84.5827769118455,,,0.0,-1,-1,0,80,delayed
91,5658,6,12.804819320205988,33.16724260648092,28.462414423624676,2.797657590453859,83.12593605368795,,,0.0,-1,-1,0,80,delayed
91,5986,6,-38.08141994631422,-8.937281439701716,20.250277360280354,1.9445755773388218,57.77857363424052,,,0.0,-1,-1,0,80,delayed
92,228,8,-21.963015132018036,51.50368070602417,34.37294411659241,2.0198204484278275,60.0143012528938,,,0.0,-1,-1,0,80,delayed
92,782,9,-14.046424632450623,-4.711125128799015,55.21428341335721,2.9947373293062136,88.98170547494175,,,0.0,-1,-1,0,80,delayed
92,1276,9,-54.5403114886096,-32.04180802239312,-26.9802860683865,3.738861264697588,111.09163017781692,,,0.0,-1,-1,0,80,delayed
92,1730,26,-4.706685295232181,34.63636088371277,-3.116346212533805,10.596111222878916,314.8389806301867,,,0.0,-1,-1,0,80,delayed
92,3020,9,-21.30879499541539,38.51113764444987,28.88013203938802,3.514158228697553,104.4150982586344,,,0.0,-1,-1,0,80,delayed
92,3202,9,-30.229682403981478,28.04504982630412,30.088283432854546,3.294046793321283,97.87499515087525,,,0.0,-1,-1,0,80,delayed
92,3220,8,-18.337816268836885,26.04628562927246,0.44214165210723877,2.8887809201571697,85.83345540979599,,,0.0,-1,-1,0,80,delayed
92,3544,9,-15.239684910871391,9.117412567138672,-22.371754116482204,3.671347077061032,109.08560196931033,,,0.0,-1,-1,0,80,delayed
92,3568,11,34.2859429888777,-12.98456638509577,16.963997927579012,3.4613801684067753,102.8469200513588,,,0.0,-1,-1,0,80,delayed
92,3742,7,-8.286880149580997,22.811346871512278,19.811285768236434,1.0906509306490217,32.40617430359589,,,0.0,-1,-1,0,80,delayed
92,4094,11,6.3761491423364625,-41.66448497772217,-13.453672755848277,4.043937917158887,120.15627854311494,,,0.0,-1,-1,0,80,delayed
92,4102,9,6.313555945684593,3.935175061225893,-23.734844101799858,4.0708346578921795,120.95545309466738,,,0.0,-1,-1,0,80,delayed
92,4444,7,-22.815989550892656,-14.434253965105329,3.964778355189732,2.9412015445977113,87.39101323603164,,,0.0,-1,-1,0,80,delayed
92,4650,9,3.8152837150922605,3.100720829433866,-18.435598691304524,2.6217767350776024,77.90004251083202,,,0.0,-1,-1,0,80,delayed
93,1410,6,21.322246681829427,6.6186683177948,16.86158561706543,2.2912098611386735,68.07801106628449,,,0.0,-1,-1,0,80,delayed
93,1862,8,-41.46230663553522,6.1556396484375,-18.484392285346985,2.368975446709471,70.38863589592528,,,0.0,-1,-1,0,80,delayed
93,1912,7,27.142781460510797,14.410500117710658,5.760871614728657,2.1694782347432127,64.46103684256653,,,0.0,-1,-1,0,80,delayed
93,2204,9,-42.18912091096192,13.560649871826172,12.74935785929362,3.335573601237851,99.10886837080221,,,0.0,-1,-1,0,80,delayed
93,2298,7,-37.66180591423468,48.54438236781529,9.607688903808594,2.26552120608829,67.31473199156504,,,0.0,-1,-1,0,80,delayed
93,2552,7,-1.8726135384166847,-6.449094227382115,16.64144434247698,3.178876809657507,94.45298499137384,,,0.0,-1,-1,0,80,delayed
93,2686,7,-16.189281202877027,17.304476465497697,-5.890255519321987,2.4103224675552353,71.61716715813662,,,0.0,-1,-1,0,80,delayed
93,3090,10,6.009525412739881,21.615750312805176,29.488995361328126,4.805422191895655,142.78202564799514,,,0.0,-1,-1,0,80,delayed
93,3358,6,18.28505579827075,20.082325220108032,24.881412029266357,2.328108038783316,69.17435522428724,0.4945469796657562,62.22031784057617,62.22031784057617,2,3,1,80,delayed
93,3684,7,5.816940095048008,-16.964008944375173,15.238723618643624,3.586776929114821,106.57279527909375,,,0.0,-1,-1,0,80,delayed
93,3870,6,5.318727592230988,36.432699839274086,-8.144533634185791,2.5521557222027274,75.83141485461803,,,0.0,-1,-1,0,80,delayed
93,3904,8,6.19614125075154,-30.362507820129395,6.467404782772063,3.0687731823262903,91.18150991306413,,,0.0,-1,-1,0,80,delayed
93,4086,6,27.285469999485716,1.1408309936523438,8.518652041753132,2.3836112901952826,70.82350619379328,,,0.0,-1,-1,0,80,delayed
93,4310,8,-10.638625254953368,7.756036162376404,34.82673567533493,3.19764203021036,95.01055019486135,,,0.0,-1,-1,0,80,delayed
93,4406,6,-17.04907553792978,-10.55384373664856,-3.6072444915771484,1.209878277925455,35.94873965518483,,,0.0,-1,-1,0,80,delayed
93,4980,6,-31.550658880974584,21.35709999005,-20.338032881418865,2.359239892655068,70.0993663846974,,,0.0,-1,-1,0,80,delayed
93,5308,7,34.53469807425025,40.44045639038086,24.763905661446707,2.2093794403543,65.64660904318531,,,0.0,-1,-1,0,80,delayed
93,5686,7,5.498841319309998,10.463448388235909,3.5544870921543668,2.664125286965025,79.15833195560612,,,0.0,-1,-1,0,80,delayed
93,6512,6,-6.450539882972641,33.47669982910156,11.676199913024902,1.4309625946301603,42.51774968542488,,,0.0,-1,-1,0,80,delayed
93,6564,6,-28.19671832764227,48.51996930440267,5.419264952341716,2.6495156331813923,78.72423982427144,,,0.0,-1,-1,0,80,delayed
94,170,8,20.84919060702095,25.485108137130737,-21.4310519695282,3.1752182919421292,94.34428058426644,,,0.0,-1,-1,0,80,delayed
94,836,6,0.8354767989940761,-4.073738098144531,-7.7872122923533125,2.906216643966098,86.35151768708691,,,0.0,-1,-1,0,80,delayed
94,854,6,-19.783458935618146,-14.202656269073486,-18.60747265815735,2.913024202123606,86.55378856041096,,,0.0,-1,-1,0,80,delayed
94,2904,6,-51.31104288442973,5.020581563313802,-1.4826184908548992,2.284907185741114,67.89074161849629,,,0.0,-1,-1,0,80,delayed
94,2938,7,10.665491553008271,-6.61932863507952,-9.448071343558174,3.595987773347595,106.8464742494247,,,0.0,-1,-1,0,80,delayed
94,3198,6,-6.070923896461848,-18.918400208155315,-25.518799622853596,3.6425578557729636,108.23019672744181,,,0.0,-1,-1,0,80,delayed
94,3488,6,28.339527195966838,34.24803098042806,46.47406927744547,2.1776470513629924,64.70375436821624,,,0.0,-1,-1,0,80,delayed
94,3778,6,-0.6181668148356417,-50.74620660146078,9.78566058476766,1.662731426423586,49.404225413061276,,,0.0,-1,-1,0,80,delayed
94,4128,8,-8.002516985492829,37.19017505645752,-31.886849880218506,2.5784952979877986,76.61403453611948,,,0.0,-1,-1,0,80,delayed
94,4158,6,56.93587712988668,55.86839993794759,54.48759969075521,2.250968462382836,66.88233081180914,,,0.0,-1,-1,0,80,delayed
94,4256,9,10.16114235582898,31.259700351291233,3.1608334117465557,2.6183366167704785,77.7978273378992,,,0.0,-1,-1,0,80,delayed
94,4342,8,-30.743469892169884,11.244347214698792,16.53522801399231,1.6139478863926093,47.95473515273617,,,0.0,-1,-1,0,80,delayed
94,4456,8,-0.9525386837864822,30.06459927558899,-3.2815706729888916,2.5696637662863058,76.35162596189674,,,0.0,-1,-1,0,80,delayed
94,4468,7,-1.2838010834426485,-42.02798516409738,7.844528538840158,3.429191773912036,101.89051622568319,,,0.0,-1,-1,0,80,delayed
94,4680,9,-37.14109892637849,-36.324929555257164,-16.963756985134548,2.283605049919661,67.85205165893991,,,0.0,-1,-1,0,80,delayed
94,5032,8,-28.92121957821684,-23.742684602737427,8.279109835624695,1.7265356459397656,51.30002048446492,,,0.0,-1,-1,0,80,delayed
94,5086,6,22.58304558447202,-16.151768525441486,-13.811739683151245,2.554875120881977,75.91221550780988,,,0.0,-1,-1,0,80,delayed
94,6668,7,24.34943403308851,10.051719733646937,22.3502197265625,2.7026791773626933,80.30387179534665,,,0.0,-1,-1,0,80,delayed
95,394,6,10.772476456406224,25.818812290827434,-5.633404731750487,2.367526306352775,70.34557803600896,,,0.0,-1,-1,0,80,delayed
95,488,9,3.4677416185545193,56.508866204155815,42.65128305223253,3.775168019969321,112.1704015854878,,,0.0,-1,-1,0,80,delayed
95,546,7,-10.741944605002674,-1.7656822119440352,19.33873564856393,2.6337612784493634,78.25613554714674,,,0.0,-1,-1,0,80,delayed
95,674,6,1.494352042402151,-27.495418707529705,19.177256107330322,2.02286578808394,60.10478648967885,,,0.0,-1,-1,0,80,delayed
95,764,10,-2.085206076649073,14.684853553771973,10.267481422424316,4.626608145264812,137.46897909917664,,,0.0,-1,-1,0,80,delayed
95,1860,7,-5.794816873747438,-31.711017847061157,-10.234461035047259,2.315175043529387,68.79008113008462,,,0.0,-1,-1,0,80,delayed
95,1984,6,-29.3536730803941,-2.766631166140239,9.987414360046387,2.6801618911162377,79.63482262256287,,,0.0,-1,-1,0,80,delayed
95,3504,7,16.69858732686122,7.913898178509304,61.82613318307059,1.759338243168621,52.27467392631031,,,0.0,-1,-1,0,80,delayed
95,4090,6,-18.446888503813074,5.1314306656519575,39.49051825205485,1.988541206294619,59.084910790585255,,,0.0,-1,-1,0,80,delayed
95,4460,6,-35.73995630582127,30.77935028076172,-10.290575345357258,2.4458659677328267,72.67326020289246,,,0.0,-1,-1,0,80,delayed
95,6342,7,-19.031752658824477,-21.82161440168108,-23.756900242396764,1.9992276285890402,59.40243315619564,,,0.0,-1,-1,0,80,delayed
95,6390,7,19.782324151819484,31.006329332079208,25.360443115234375,2.8223501140869507,83.85961738321605,,,0.0,-1,-1,0,80,delayed
96,1272,6,0.5481153522063046,-24.280768871307373,35.31516806284586,1.3631611032902629,40.5031849107018,,,0.0,-1,-1,0,80,delayed
96,1542,6,27.031751762857898,-18.105499188105266,-8.949666817982992,2.6574592833970105,78.96026705008686,,,0.0,-1,-1,0,80,delayed
96,1840,6,-14.319261720925667,1.5426623026529949,5.913469950358073,1.9295636014693078,57.33252743100723,,,0.0,-1,-1,0,80,delayed
96,2516,7,8.713702648321602,-51.430440357753206,1.810037476675851,2.6409435953119216,78.46954151014647,,,0.0,-1,-1,0,80,delayed
96,2552,7,-23.916350042886272,-14.27193798337664,33.30601256234305,2.6937163404976907,80.03756179134831,,,0.0,-1,-1,0,80,delayed
96,3326,49,-20.18513896971725,26.844929208560867,-6.521958574956777,15.67256585983804,465.67410962209976,,,0.0,-1,-1,0,80,delayed
96,3468,6,14.800264995419132,-39.09309927622477,17.51430066426595,3.5486686396966824,105.440495443654,,,0.0,-1,-1,0,80,delayed
96,3470,6,-35.3177682531197,47.808680852254234,18.26274347305298,2.195954702883879,65.24772396435668,,,0.0,-1,-1,0,80,delayed
96,3860,6,-13.246504506935338,10.715499877929688,-10.13206704457601,1.9919837818780417,59.18719897580994,,,0.0,-1,-1,0,80,delayed
96,5260,9,11.920571878575565,3.017583476172553,-1.178830040825738,3.6065871216409287,107.1614094121297,,,0.0,-1,-1,0,80,delayed
96,6148,11,-27.312631093143192,22.086862650784578,19.868771639737215,3.7094962895918284,110.21911774055921,,,0.0,-1,-1,0,80,delayed
96,6150,8,-14.034035155130374,17.043187379837036,16.6391499042511,2.393921971617983,71.12986428691299,,,0.0,-1,-1,0,80,delayed
97,830,6,-35.75059932236896,47.36528160174688,0.04786463578542074,1.831638980294426,54.42292340167915,,,0.0,-1,-1,0,80,delayed
97,1484,9,-44.966366993197504,34.2064628733529,-13.84246269861857,2.2365902186701185,66.45511449645092,,,0.0,-1,-1,0,80,delayed
97,1800,6,-26.090716653456184,11.897899786631266,27.421724875768025,1.5965318738253393,47.43725854948171,,,0.0,-1,-1,0,80,delayed
97,1834,10,-13.443104169334452,5.295858478546142,12.665618705749512,3.4784113626743975,103.35296266730975,,,0.0,-1,-1,0,80,delayed
97,2028,6,-28.446355919703077,45.591681321462,14.292089621225992,2.6822461816102106,79.69675250237036,,,0.0,-1,-1,0,80,delayed
97,2264,6,-38.395388934471235,38.34024425347646,24.71346092224121,1.7785045513323667,52.844156522122304,,,0.0,-1,-1,0,80,delayed
97,2940,8,24.395665655613683,-32.09107494354248,10.36447525024414,3.572085215419748,106.13626492695097,,,0.0,-1,-1,0,80,delayed
97,3676,6,-1.0430156216741349,-1.5749936898549397,-27.049077033996582,2.0075764772428224,59.65049991807684,,,0.0,-1,-1,0,80,delayed
97,3828,13,-8.62153897058713,15.382569258029644,-2.687772970933181,4.351143425842672,129.28418095594958,,,0.0,-1,-1,0,80,delayed
97,3924,8,14.108823892426464,-34.92814254760742,2.290848731994629,4.371980250163002,129.90329908245795,,,0.0,-1,-1,0,80,delayed
97,4464,6,62.12168694275118,37.98460006713867,30.100600242614746,1.8858086222949537,56.032449246568746,,,0.0,-1,-1,0,80,delayed
97,4530,12,-12.372187530086366,-7.680981000264485,2.894484798113505,3.6555714272979034,108.6168649595026,,,0.0,-1,-1,0,80,delayed
97,5436,8,-21.91976658006078,-14.102198362350464,-5.4733734130859375,2.3942071363860182,71.13833729960524,,,0.0,-1,-1,0,80,delayed
97,5850,16,-47.80704106410157,-48.0101734995842,-8.473174035549164,9.285476880201054,275.89650713701974,,,0.0,-1,-1,0,80,delayed
98,1272,6,-33.43967439071078,-14.364312807718912,-2.076966285705565,1.2997884911678725,38.62021405650717,,,0.0,-1,-1,0,80,delayed
98,1380,6,-35.51025959497651,-13.66226307551066,9.143654187520346,2.2182410817220934,65.90991225662484,,,0.0,-1,-1,0,80,delayed
98,1522,7,-15.68900827464299,-38.42140252249582,14.05896282196045,2.2295631442145405,66.2463212031501,,,0.0,-1,-1,0,80,delayed
98,1540,7,-33.34038666338274,20.416194915771484,-21.591366904122488,2.1494773088028567,63.86675550649248,,,0.0,-1,-1,0,80,delayed
98,1698,6,-60.51459144404921,42.497118631998696,-19.8715394337972,2.152838255067409,63.966618264973135,,,0.0,-1,-1,0,80,delayed
98,1748,13,4.743550572860168,3.4022421836853027,1.7881818184485814,3.9912214658387346,118.58993090415835,,,0.0,-1,-1,0,80,delayed
98,1954,6,10.956865608372546,-36.42808163166046,9.416160186131796,2.565640038390084,76.23207017746476,,,0.0,-1,-1,0,80,delayed
98,2792,6,-38.53195925052366,14.119518319765726,48.11834271748861,2.581278547323086,76.69673236413675,0.49006742238998413,209.90493774414062,209.90493774414062,5,11,1,80,delayed
98,4124,6,-10.39504792722233,3.436349829037983,-1.913633664449056,2.007366431130063,59.64425888279177,,,0.0,-1,-1,0,80,delayed
98,4434,9,-16.198453168083525,43.18223243289523,-6.290246963500977,3.1948093013213668,94.92638219614439,,,0.0,-1,-1,0,80,delayed
98,4566,14,-18.663141994938677,47.659562247140066,8.450509752546038,4.039174131696295,120.0147336567471,,,0.0,-1,-1,0,80,delayed
98,4984,7,19.221349198277327,7.078564371381487,-28.823068073817662,2.1990931961127016,65.34097704448136,,,0.0,-1,-1,0,80,delayed
98,5266,8,-44.02457897769612,-20.39293646812439,12.63453894853592,1.6202292427489446,48.141371154435895,,,0.0,-1,-1,0,80,delayed
98,6128,9,-10.84766674885582,30.668500052558052,-32.47967825995551,4.530785129248813,134.62181941494768,,,0.0,-1,-1,0,80,delayed
99,26,9,-30.07416606466149,-0.4988253381517198,5.287419531080458,1.8872517866275216,56.075329542725555,,,0.0,-1,-1,0,80,delayed
99,894,6,16.437222013917022,-4.567944208780925,-21.91302688916524,1.6308465011862303,48.456838475717376,,,0.0,-1,-1,0,80,delayed
99,1262,7,-50.212911641347894,-21.952258791242325,15.659630366734095,2.230106417547176,66.26246331591703,,,0.0,-1,-1,0,80,delayed
99,1432,7,-15.939879378981521,-16.40579945700509,23.92731080736433,2.8744451537817315,85.40750121044314,,,0.0,-1,-1,0,80,delayed
99,1494,6,7.636319184042367,37.758279959360756,15.226548194885254,1.9829584246999257,58.91903132505463,,,0.0,-1,-1,0,80,delayed
99,2336,7,6.254824204438898,-2.648523466927664,3.8157764162336076,1.47557498924679,43.84330399012528,,,0.0,-1,-1,0,80,delayed
99,3748,6,29.73642311785183,38.20630005995432,-35.19969940185547,1.9538005707798276,58.05267301562635,,,0.0,-1,-1,0,80,delayed
99,4452,8,26.65994483167136,-19.454175233840942,44.766234397888184,2.7727436310910973,82.38567527270467,,,0.0,-1,-1,0,80,delayed
99,4646,8,7.875510732135531,-36.85762548446655,-49.79495096206665,4.204570558087994,124.92910659883198,,,0.0,-1,-1,0,80,delayed
99,5022,7,-26.56878054303315,53.623687744140625,14.572362627301898,2.6453899235238074,78.60165388725657,,,0.0,-1,-1,0,80,delayed
99,5582,6,-51.96824915624992,15.00170024236043,-32.31760025024414,2.823625158185403,83.89750237477298,,,0.0,-1,-1,0,80,delayed
99,5632,6,-28.936806535966372,25.23223114013672,-9.944168090820312,2.377926992473564,70.65461041092908,,,0.0,-1,-1,0,80,delayed
99,5638,7,1.966461662307969,24.478055681501115,4.052051544189452,2.799409606996207,83.17799318017873,,,0.0,-1,-1,0,80,delayed
100,958,6,7.872254447159268,-6.83574906984965,-2.2738959789276123,1.9810614399622466,58.8626668033429,,,0.0,-1,-1,0,80,delayed
100,3026,11,-40.859166000945834,-22.089381651444867,10.122331272472035,3.777792837885797,112.24839198968237,,,0.0,-1,-1,0,80,delayed
100,4484,6,-55.39442862953846,38.0723561445872,-5.870431582132976,2.7990814136946844,83.16824167395843,,,0.0,-1,-1,0,80,delayed
100,4728,7,3.339005113980629,11.128548213413783,-13.893948554992676,2.948823053259114,87.61746876932567,,,0.0,-1,-1,0,80,delayed
100,4888,7,-12.871321041131981,-2.5297555242265974,24.693904876708984,2.46461491252596,73.2303418097575,,,0.0,-1,-1,0,80,delayed
100,5764,8,1.3187699446855135,27.965375900268555,16.194491982460022,2.8550515979312547,84.83126647429059,,,0.0,-1,-1,0,80,delayed
100,5968,9,0.9858293956435588,-2.2816624111599393,22.284556918674046,2.367600910670823,70.34779473107294,,,0.0,-1,-1,0,80,delayed
100,6366,7,25.602153417740602,24.113833359309606,-7.947637149265835,2.363534048286053,70.22695730490287,,,0.0,-1,-1,0,80,delayed
101,628,6,-18.149755895546928,9.754799922307335,-11.443791707356771,2.012299252095866,59.790826268867434,,,0.0,-1,-1,0,80,delayed
101,814,8,-4.593702071789177,32.00447374582291,-12.970707774162292,3.5902804123105563,106.67689319339448,,,0.0,-1,-1,0,80,delayed
101,1040,6,9.890894982015126,15.740700244903564,-5.33633287747701,3.135497653650571,93.16407352465265,,,0.0,-1,-1,0,80,delayed
101,1202,8,-35.04626430418321,43.00633627176285,53.449535727500916,2.2207199780350977,65.98356693727683,,,0.0,-1,-1,0,80,delayed
101,1252,9,-10.912056259154374,6.207599873344104,17.342494858635796,3.8182896671404603,113.45166177169102,,,0.0,-1,-1,0,80,delayed
101,1344,6,-18.780753184257154,38.92682504653931,9.510212262471518,1.8229032205699367,54.16336047063423,,,0.0,-1,-1,0,80,delayed
101,2498,7,-14.698763319359617,12.419158935546875,10.552612577165876,2.740574537642585,81.42984493305532,,,0.0,-1,-1,0,80,delayed
101,2686,7,-1.4343878076606873,-14.10566248212542,5.431018829345704,1.9935600635136626,59.23403454528503,,,0.0,-1,-1,0,80,delayed
101,2692,6,-39.14838235522067,34.497443437576294,23.446452299753826,2.03841128286673,60.56668497562886,,,0.0,-1,-1,0,80,delayed
101,2706,6,-20.2455131114446,21.112306594848633,29.042906125386555,2.150938960898716,63.91018512385086,,,0.0,-1,-1,0,80,delayed
101,3294,11,-39.74862305522635,-26.011959769509055,41.10078291459517,3.4243106704990813,101.7454855072846,,,0.0,-1,-1,0,80,delayed
101,3744,6,-4.152963910928041,1.9952996571858719,-20.419699748357136,3.1587250491779506,93.85422195521504,,,0.0,-1,-1,0,80,delayed
101,3884,6,-4.712548945822387,-6.734137852986653,-0.9714088439941406,2.2743508987224756,67.5770859221488,,,0.0,-1,-1,0,80,delayed
101,4150,6,-33.254811941934435,30.072680950164795,-9.215877056121826,1.7569478084429275,52.20364767748467,,,0.0,-1,-1,0,80,delayed
101,4632,9,-8.42487235367006,2.9929499096340604,18.702505429585774,4.784983559253152,142.1747388678463,,,0.0,-1,-1,0,80,delayed
102,540,130,-3.0484011066585937,-52.84667163445399,55.90732959233797,71.14254379931042,2113.8364347149386,,,0.0,-1,-1,0,80,delayed
102,568,6,-13.51698438490328,-32.51599947611491,-12.053466796875,1.8764464705251531,55.75427452211467,,,0.0,-1,-1,0,80,delayed
102,1304,9,17.667535108824804,20.183937284681534,26.890990363226997,3.416808142687935,101.5225652152523,,,0.0,-1,-1,0,80,delayed
102,1386,6,44.49065817642469,-36.2110006014506,-9.99203364054362,2.407340850915415,71.52857530365667,,,0.0,-1,-1,0,80,delayed
102,1516,6,0.7353599243400026,14.525968472162882,17.79310194651286,1.9820452306511445,58.89189787228236,,,0.0,-1,-1,0,80,delayed
102,1824,7,-21.882799489053912,-15.934688023158483,17.48073741367885,2.291991654804826,68.10124026006486,,,0.0,-1,-1,0,80,delayed
102,1938,6,29.84638589253503,37.762900034586586,-1.9214000701904308,3.332699108743558,99.02345946297774,,,0.0,-1,-1,0,80,delayed
102,3262,7,-26.4965471624798,13.82853753226144,25.324812855039323,1.7964020267984322,53.375938683810375,,,0.0,-1,-1,0,80,delayed
102,3814,7,18.518162801784314,19.762971128736222,9.985225200653076,1.9449961454442262,57.791069844482735,,,0.0,-1,-1,0,80,delayed
102,4242,7,-15.88098825548153,-13.171355179377965,-3.54783058166504,1.6439195063300225,48.8452726405417,0.5058268904685974,47.72528076171875,47.72528076171875,0,13,1,80,delayed
102,4416,7,20.58477006433768,8.646299634660995,8.174557277134486,2.8738356246140575,85.38939045850987,,,0.0,-1,-1,0,80,delayed
102,4740,6,-19.388750279355126,-32.19730567932129,7.825839201609294,1.8615477378527032,55.31159307902564,,,0.0,-1,-1,0,80,delayed
102,4860,13,-28.41633238731999,-6.52735974238469,26.82119266803448,4.913659997900198,145.9980621534009,,,0.0,-1,-1,0,80,delayed
102,5404,6,-19.91689520072362,51.35126304626465,13.429853439331055,4.923909825697529,146.30261212154193,,,0.0,-1,-1,0,80,delayed
102,5500,6,49.15317127938453,20.100799878438313,56.113399505615234,2.255283194890784,67.01053312640556,,,0.0,-1,-1,0,80,delayed
103,494,6,-24.053052281382573,-19.2740438580513,-0.17089351018269858,2.102469135261758,62.47001616243854,,,0.0,-1,-1,0,80,delayed
103,1732,6,17.122306240435048,-28.53925593694051,-12.713948329289755,1.523188569026885,45.258031582805856,,,0.0,-1,-1,0,80,delayed
103,3176,8,-1.3539462886222111,-22.225424826145172,-3.4097405672073364,2.6274359592453402,78.06819329092966,,,0.0,-1,-1,0,80,delayed
103,3466,7,15.918670318623617,1.4450089995350157,-9.56953729901995,2.400348255070058,71.32080646265416,0.35489535331726074,69.3167724609375,69.3167724609375,7,14,1,80,delayed
103,3692,6,-40.93021577189031,-7.607080777486165,20.41655174891154,0.8898636324212507,26.440243315534275,,,0.0,-1,-1,0,80,delayed
103,4140,10,-8.706979881181654,37.3148814201355,29.512171363830568,4.9352123679428415,146.63844106899202,,,0.0,-1,-1,0,80,delayed
103,4182,8,-32.1676498411906,-25.450466990470886,6.999767303466797,2.009052474032237,59.694355754885095,,,0.0,-1,-1,0,80,delayed
103,4322,8,34.490843175332614,13.250039279460907,25.87780463695526,3.4364935057786163,102.10747032982144,,,0.0,-1,-1,0,80,delayed
103,4486,7,-24.28323122578434,37.590026582990376,-25.168976375034877,1.5709898012374337,46.67833483420444,,,0.0,-1,-1,0,80,delayed
103,5760,8,-10.360232772269551,39.757044702768326,25.440229833126068,2.860543505040778,84.99444581430589,,,0.0,-1,-1,0,80,delayed
103,5762,10,5.65623114427264,28.724006444215775,30.64372386932373,2.7954500233814095,83.06034329497264,,,0.0,-1,-1,0,80,delayed
103,5842,7,-33.625911880115154,0.11876787458147524,6.100078650883266,3.5622888030049196,105.84518715005314,,,0.0,-1,-1,0,80,delayed
103,6112,6,-5.670067065784643,-9.2236434618632,2.6450732549031577,1.7844577736805047,53.02104277936596,,,0.0,-1,-1,0,80,delayed
103,6284,6,35.62288312379662,10.110443751017252,19.421843846638996,1.7607746980280725,52.317354865964326,,,0.0,-1,-1,0,80,delayed
103,6486,8,7.556164181791615,1.350984811782837,4.9120402336120605,3.6839643961436632,109.46049647491765,,,0.0,-1,-1,0,80,delayed
104,389,10,-17.436115805288342,-40.770629501342775,26.461025047302247,2.7297595547096276,81.10850268489231,,,0.0,-1,-1,0,80,delayed
104,517,8,-12.239012814399985,18.311034560203552,35.28855925798416,2.418457173399061,71.85887116083404,,,0.0,-1,-1,0,80,delayed
104,713,7,-15.233967919737713,37.273312432425364,28.484037739889963,1.622127623819376,48.197777164951496,,,0.0,-1,-1,0,80,delayed
104,1147,6,-17.11118992707732,-14.803093274434408,32.7116641998291,2.098234906611739,62.34420583411275,,,0.0,-1,-1,0,80,delayed
104,1551,6,-30.341804647741863,9.53309996922811,-38.0001335144043,2.024684433025989,60.158823325234785,,,0.0,-1,-1,0,80,delayed
104,1587,8,-10.474898929922768,3.2181143760681152,4.669710844755173,2.3948774116264406,71.15825298083935,,,0.0,-1,-1,0,80,delayed
104,3371,7,-10.780715593854994,-18.971185547964915,-15.668985843658447,2.5432447160180405,75.5666448796183,,,0.0,-1,-1,0,80,delayed
104,5257,6,13.004375880475273,17.38497434059779,10.02121671040853,0.9574096483341794,28.44721722778799,,,0.0,-1,-1,0,80,delayed
104,5569,9,-24.887814990910677,-15.617533047993978,0.2366059621175138,2.2764798645982123,67.64034322777864,,,0.0,-1,-1,0,80,delayed
104,5817,6,-16.119999047333344,39.22704307238261,2.7573941548665366,1.6216898147775407,48.184768680089185,,,0.0,-1,-1,0,80,delayed
104,6445,7,-22.975634799108082,-5.237662724086216,22.35939802442278,2.285484165001961,67.90788522509959,,,0.0,-1,-1,0,80,delayed
105,186,6,3.7299787417078982,-9.75018056233724,-1.0591643651326497,2.483214768438503,73.78299358475296,,,0.0,-1,-1,0,80,delayed
105,782,10,3.954173663340599,-1.8816787004470825,6.219691109657288,4.334133499391498,128.77877026406117,,,0.0,-1,-1,0,80,delayed
105,810,6,-4.661122762151516,-7.1267309188842765,16.278151830037434,2.4604868109067817,73.10768480112645,,,0.0,-1,-1,0,80,delayed
105,1660,6,18.87661507173716,4.267724792162576,21.805325309435528,2.2855775893492294,67.91066111388007,,,0.0,-1,-1,0,80,delayed
105,1970,6,-43.67472370038737,24.68721803029378,7.1422646045684814,1.340570453841043,39.83195591972921,,,0.0,-1,-1,0,80,delayed
105,2090,9,-26.545770499546975,3.9136206838819714,-3.3136741850111218,3.526432315995492,104.77979442421496,,,0.0,-1,-1,0,80,delayed
105,2322,6,-13.197693888472422,-31.45368758837382,3.6381040414174386,1.8946911482154094,56.29637299627225,,,0.0,-1,-1,0,80,delayed
105,3112,6,-15.772830596204642,-13.639168580373125,32.48072655995687,2.3036497240580514,68.44763287171244,,,0.0,-1,-1,0,80,delayed
105,5406,7,-16.993093600855637,38.27492141723633,-19.242460795811244,2.863388080641569,85.07896581071219,,,0.0,-1,-1,0,80,delayed
105,6132,8,-9.980032552151666,-2.62922340631485,16.363283038139343,2.905808236957075,86.33938281574606,,,0.0,-1,-1,0,80,delayed
106,203,9,-24.954875105220083,0.120087464650472,27.19176779852973,4.293922148397325,127.58398280944927,,,0.0,-1,-1,0,80,delayed
106,471,8,-21.390287804045183,32.23656511306763,-20.955371141433716,2.742952833491854,81.50051050319429,,,0.0,-1,-1,0,80,delayed
106,473,9,-41.68685959162276,52.093342039320206,16.855005582173664,2.279267732037092,67.72317827208188,,,0.0,-1,-1,0,80,delayed
106,989,12,-18.70728122024769,-1.4387406408786774,18.594455043474834,3.6986943479015832,109.89816298281369,,,0.0,-1,-1,0,80,delayed
106,1285,7,-1.9314018669340618,24.02277864728655,34.22052519662039,2.0763862813660956,61.69502437916004,,,0.0,-1,-1,0,80,delayed
106,1537,6,4.286474914584261,-35.301106770833336,-8.807957331339518,3.7163224828152917,110.42194231184335,,,0.0,-1,-1,0,80,delayed
106,2143,6,12.246534248262018,-20.987600326538086,-44.585000356038414,1.903829794411636,56.56790676863842,,,0.0,-1,-1,0,80,delayed
106,2737,7,32.58171744887074,-9.596442437597684,-32.51152910505022,3.589597583435886,106.65660450990255,,,0.0,-1,-1,0,80,delayed
106,3369,10,-21.70172003798632,39.23258647918701,-7.200713729858398,3.193419507217024,94.88508767309781,,,0.0,-1,-1,0,80,delayed
106,3971,11,-50.7922204762363,-18.358271837234497,10.628714994950728,3.098496034783835,92.06465584956103,,,0.0,-1,-1,0,80,delayed
106,4001,7,-12.669090815603209,-9.065946442740303,-23.725229127066477,2.328650942827353,69.19048636449607,,,0.0,-1,-1,0,80,delayed
106,4117,10,25.170021920353044,8.158559989929199,4.305639791488646,4.283446175447594,127.27271346022978,,,0.0,-1,-1,0,80,delayed
106,6401,7,-7.096382727174514,16.663130351475306,19.736066273280553,2.040057028808273,60.615584516574884,,,0.0,-1,-1,0,80,delayed
107,572,6,-21.120427925682502,-21.504899819691975,-57.81309954325358,2.0851719553605874,61.956070397495765,,,0.0,-1,-1,0,80,delayed
107,626,6,11.891383534722545,-1.5749936501185096,8.606202205022177,1.9280020320900961,57.28612900226361,,,0.0,-1,-1,0,80,delayed
107,780,10,9.6050652237678,-29.469472885131836,13.366744899749756,4.576308670957049,135.97444635181392,,,0.0,-1,-1,0,80,delayed
107,1102,8,-15.872937776903681,-13.360889196395874,22.315645694732666,2.8088887096843935,83.45964283115575,,,0.0,-1,-1,0,80,delayed
107,1244,91,10.1875441766657,-6.703075196716812,-0.1111196476024585,20.94137317226154,622.2245542605615,,,0.0,-1,-1,0,80,delayed
107,1586,6,3.8296970581026826,17.50968090693156,22.790589491526287,1.0769487584908986,31.999045893564837,,,0.0,-1,-1,0,80,delayed
107,1608,9,2.2682329379876927,48.50303310818143,-18.734277725219727,3.2748345817205813,97.30414864041619,,,0.0,-1,-1,0,80,delayed
107,1890,6,-31.256585585104645,47.40684994061788,6.3524580001831055,2.4325054133666195,72.27628217681927,,,0.0,-1,-1,0,80,delayed
107,1898,6,-21.222528365434638,7.283768653869629,24.60261122385661,2.3738560403961673,70.53365146898491,,,0.0,-1,-1,0,80,delayed
107,2190,6,2.5529336306385395,-39.35174973805746,24.33010419209798,2.366718669765978,70.32158097950793,,,0.0,-1,-1,0,80,delayed
107,2540,9,-11.256495992069874,7.510087543063694,-18.64596218532986,2.9205178869960893,86.77644610493753,,,0.0,-1,-1,0,80,delayed
107,2804,9,18.63832473581609,38.60659228430854,6.1589616139729815,3.042523456724745,90.40155992231958,,,0.0,-1,-1,0,80,delayed
107,3354,6,-23.564345375257904,21.42638163516919,-35.529102643330894,2.035270122198318,60.47335263869537,0.2823156416416168,114.95372009277344,114.95372009277344,7,4,1,80,delayed
107,3896,6,7.272712911282095,25.126000086466473,-6.281499862670898,1.817912074473211,54.01506008795454,,,0.0,-1,-1,0,80,delayed
107,3906,7,-17.442483737244526,4.936783960887365,2.8643734795706615,1.6806659385866554,49.9371080346903,,,0.0,-1,-1,0,80,delayed
107,3938,6,25.012314111483462,8.267562627792358,-19.147866249084473,1.7258620923955366,51.280007396002134,,,0.0,-1,-1,0,80,delayed
107,4096,10,10.589481335727575,27.698643231391905,13.12010383605957,2.6759289701956512,79.50905115039785,,,0.0,-1,-1,0,80,delayed
107,4426,6,22.435832251871897,-3.0298995971679688,-8.358466784159342,1.754610032791838,52.13418607148134,,,0.0,-1,-1,0,80,delayed
107,5316,7,-44.76216673799254,-23.638762882777623,25.213962282453263,1.2955475505644092,38.494204297981355,,,0.0,-1,-1,0,80,delayed
107,5340,10,-40.29874077588685,22.912695026397706,5.264492702484131,3.3650851801178407,99.98573680073162,,,0.0,-1,-1,0,80,delayed
108,1470,7,19.1624327465301,12.007430485316686,-10.7809693472726,2.057215542444976,61.125410133622424,,,0.0,-1,-1,0,80,delayed
108,2154,8,-6.827692791198938,-29.74936866760254,27.772647500038147,2.716427749943981,80.7123788868225,,,0.0,-1,-1,0,80,delayed
108,2328,7,-15.514487427316254,11.16813782283238,33.74941212790353,2.282811036166159,67.82845937347776,,,0.0,-1,-1,0,80,delayed
108,2958,7,-29.140183293259017,-45.30597863878523,45.535143171037944,2.502211357092303,74.34743335717621,,,0.0,-1,-1,0,80,delayed
108,3440,7,6.988786663249842,-4.176669801984515,-9.444112777709961,2.2362524758198523,66.44507924743775,,,0.0,-1,-1,0,80,delayed
108,3472,6,-26.046828985007824,-32.93630655606588,-11.420697689056396,1.921191041636752,57.08375614619328,,,0.0,-1,-1,0,80,delayed
108,3634,6,-27.447302705028047,-13.5329376856486,4.942061901092529,1.9626118983429723,58.314481270525484,,,0.0,-1,-1,0,80,delayed
108,3720,6,-14.346666378813481,29.43067459265391,16.855495293935142,1.9054433129477122,56.615848746637795,,,0.0,-1,-1,0,80,delayed
108,4000,8,-33.35363580879542,-4.375111103057861,28.585597693920135,2.9042753512140376,86.29383665502644,,,0.0,-1,-1,0,80,delayed
108,4066,9,-42.51786182456206,-30.366741604275173,14.816596772935656,2.12224394619197,63.05757901304171,,,0.0,-1,-1,0,80,delayed
108,4540,9,-28.975048876432336,-28.740942425198025,4.655347612169054,3.1227677653093244,92.78583428342607,,,0.0,-1,-1,0,80,delayed
108,5056,8,-38.995099767608124,1.5934690833091736,-4.508002996444702,2.582854745161843,76.7435654437815,,,0.0,-1,-1,0,80,delayed
108,5638,6,-21.19492904151637,-27.269100189208984,-40.44659964243571,2.314065260774013,68.75710649778097,,,0.0,-1,-1,0,80,delayed
108,6446,7,30.53747223400043,-8.62650544302804,20.789140973772323,2.2955823481137516,68.20792942152787,,,0.0,-1,-1,0,80,delayed
108,6500,7,19.417929205289713,-18.19919468675341,2.9606481279645647,2.161077470992804,64.21142754345092,,,0.0,-1,-1,0,80,delayed
109,146,7,-1.605880704239222,39.114214181900024,22.756728308541433,2.1374164982091384,63.50839636576345,,,0.0,-1,-1,0,80,delayed
109,452,8,11.071961909432183,-7.814924776554108,13.279009699821472,1.2776119063504519,37.96128804007389,,,0.0,-1,-1,0,80,delayed
109,594,13,28.193949337796692,-22.73277651346647,14.501147123483511,4.082688959294482,121.30767629156296,,,0.0,-1,-1,0,80,delayed
109,776,10,2.728337292001676,38.27927567958832,-12.154826450347901,2.95645317266326,87.84418015095983,,,0.0,-1,-1,0,80,delayed
109,1010,7,-10.033449611358376,4.0420661228043695,41.03384126935686,2.1121398641603575,62.75735954383038,,,0.0,-1,-1,0,80,delayed
109,1182,6,28.48007386841377,-17.070900082588196,22.4811331431071,1.1279149021894321,33.51338718266451,,,0.0,-1,-1,0,80,delayed
109,1244,16,-39.8489029268662,29.371786341071136,33.108561515808105,28.55063707396912,848.3162627910419,,,0.0,-1,-1,0,80,delayed
109,1270,21,-41.573110027139194,33.04781629925682,29.69019154139928,33.992973010199016,1010.022709842106,,,0.0,-1,-1,0,80,delayed
109,1324,19,-37.49953099829715,28.643056769120072,13.54348885385614,38.567602733558644,1145.9472701424256,,,0.0,-1,-1,0,80,delayed
109,1340,20,-36.86347256905553,34.08914659023285,31.46867437362671,44.79704716123893,1331.0408287366877,,,0.0,-1,-1,0,80,delayed
109,1408,16,-39.892805370125444,32.669573754072196,32.41574907302857,41.872582218326826,1244.1471049781894,,,0.0,-1,-1,0,80,delayed
109,1444,10,-0.7008426396657328,17.23994643688202,26.818516063690186,2.595315606085085,77.11381115641402,,,0.0,-1,-1,0,80,delayed
109,2424,7,8.40234301681021,23.531871489116124,-4.634014265877859,2.4379347165307355,72.43760138513707,,,0.0,-1,-1,0,80,delayed
109,2716,6,-1.4988764341574214,3.7042373418807983,25.363233248392746,0.5739062440104694,17.05229900299814,,,0.0,-1,-1,0,80,delayed
109,2910,8,-14.210033792471597,-9.806760430335999,-2.178895592689514,3.4262503166553233,101.80311761455204,,,0.0,-1,-1,0,80,delayed
109,3220,7,2.9337973585779538,20.618099655423844,12.22849982125419,1.5889094577096274,47.210776053278,,,0.0,-1,-1,0,80,delayed
109,3234,9,-44.952491835673925,1.234745740890503,18.662476274702286,2.82161344487201,83.83772895831986,,,0.0,-1,-1,0,80,delayed
109,3264,6,-30.100473137800375,-43.24535624186198,5.488752047220866,1.9768433787709851,58.73733685372657,,,0.0,-1,-1,0,80,delayed
109,3530,10,13.351272173366663,-14.041924023628235,25.296976327896118,1.9046344605567396,56.591815565322726,,,0.0,-1,-1,0,80,delayed
109,3842,6,-24.395891006786457,1.4918557405471802,-2.5619359016418444,2.6147521375505844,77.69132281374462,,,0.0,-1,-1,0,80,delayed
109,4292,12,-16.177043351422927,26.929621636867523,49.63098462422689,3.4579657963361226,102.74546986839967,,,0.0,-1,-1,0,80,delayed
109,4402,10,-22.871653459092457,25.259943389892577,30.70469160079956,1.9476609337046016,57.87024787516256,,,0.0,-1,-1,0,80,delayed
109,4508,6,-23.812313995730822,24.70569320519765,24.34248940149943,2.2680857076657497,67.39093023500448,,,0.0,-1,-1,0,80,delayed
109,4756,7,-14.029509059162582,15.9742773941585,38.406372615269255,1.7947866789780087,53.327942352850094,,,0.0,-1,-1,0,80,delayed
109,5624,6,13.946681403205593,-15.264968991279602,47.0190814336141,1.4588843587285656,43.3473804396923,,,0.0,-1,-1,0,80,delayed
109,5644,6,25.420679907761414,9.828700224558512,21.882166544596355,1.6481162626812509,48.969969566025185,,,0.0,-1,-1,0,80,delayed
109,5808,10,2.2382263799803104,-23.929743456840516,27.252596282958983,2.121095841826054,63.023465742557924,,,0.0,-1,-1,0,80,delayed
109,6286,62,2.542600753742624,-6.672454820525262,-18.06641483691431,13.520718974298207,401.7369476137592,0.058620892465114594,22.409032821655273,48.73668670654297,0,12,4,80,delayed
109,6512,6,5.2615813420269815,-10.886394004027048,25.147622108459476,1.2082841065945442,35.901372534718014,,,0.0,-1,-1,0,80,delayed
109,6616,9,-3.746765295898262,-25.10444622569614,17.431790351867676,2.4092175573212433,71.58433730155618,,,0.0,-1,-1,0,80,delayed
110,230,7,46.249148192799105,-14.727213791438512,0.45338548932756695,2.7741276202027887,82.42679731379721,,,0.0,-1,-1,0,80,delayed
110,1212,140,-39.8273936045389,-8.152621605992318,52.98036691120693,65.59614619130737,1949.0380353452736,,,0.0,-1,-1,0,80,delayed
111,594,6,-18.4349298850078,11.597681522369385,5.788764317830403,2.5074317225561122,74.5025444641259,,,0.0,-1,-1,0,80,delayed
111,802,6,22.781730289671994,17.010855555534363,3.7180943489074707,2.057469538611308,61.1329570432773,,,0.0,-1,-1,0,80,delayed
111,1420,6,-17.32226135896362,49.305155436197914,19.224915027618408,1.7844173299636006,53.019841087694836,,,0.0,-1,-1,0,80,delayed
111,2032,6,-30.630037949598943,-6.133700052897136,-4.811266581217448,2.448158798353278,72.74138637107973,,,0.0,-1,-1,0,80,delayed
111,2116,6,-45.06804182413715,16.659831603368122,20.57358916600545,3.168680631515721,94.15002909888071,,,0.0,-1,-1,0,80,delayed
111,3982,10,-24.883210699964245,23.311754989624024,9.28570008277893,3.9103480282564123,116.18696342742027,,,0.0,-1,-1,0,80,delayed
111,4250,12,-21.444840651257564,-23.548696716626484,18.639171838760376,5.292008203458489,157.23980554922653,,,0.0,-1,-1,0,80,delayed
111,4452,6,4.123770353972623,-26.474674542744953,47.411675135294594,1.071318307167736,31.83175003211287,,,0.0,-1,-1,0,80,delayed
111,4482,9,8.93848770362342,-32.32817109425863,-25.104092915852863,4.295804276921082,127.63990591306437,,,0.0,-1,-1,0,80,delayed
111,4718,12,-1.1862004537935043,33.96628765265147,-6.122991402943929,3.6052424476361917,107.1214555286694,,,0.0,-1,-1,0,80,delayed
111,4872,8,31.65910169341471,28.942242324352264,32.540454387664795,2.6016084647407425,77.30078892238151,,,0.0,-1,-1,0,80,delayed
111,5038,9,10.85568898709316,12.18118331167433,26.715477413601345,2.190661754635643,65.09045622754726,,,0.0,-1,-1,0,80,delayed
111,5696,13,-28.895084182000453,37.80198177924523,41.95725470322829,4.461981037867662,132.577464694807,,,0.0,-1,-1,0,80,delayed
111,5992,6,-20.46774604561759,21.389431317647297,-9.46381918589274,1.7243014223407955,51.2336356886088,,,0.0,-1,-1,0,80,delayed
111,6102,7,-20.12486552862884,-6.417423384530204,-12.397473199026924,2.449059378987789,72.76814504536888,,,0.0,-1,-1,0,80,delayed
111,6530,6,52.798404446970146,37.6151008605957,-3.1789143998632124e-07,1.9150729841870873,56.90197219447991,,,0.0,-1,-1,0,80,delayed
111,6658,13,-40.72923063402665,34.63636104877178,16.365827046907864,6.0594283086552965,180.04192215154998,,,0.0,-1,-1,0,80,delayed
111,6694,6,-1.4052767425550607,-6.7249001661936445,-29.73110008239746,2.197982838112323,65.30798532010056,,,0.0,-1,-1,0,80,delayed
112,528,6,-38.14920921306592,28.774812698364258,24.70590051015218,2.297318966477318,68.25952902668757,,,0.0,-1,-1,0,80,delayed
112,578,7,-3.5878984599134953,-24.644330705915177,-19.642312594822474,2.8367084569514405,84.28624239081637,,,0.0,-1,-1,0,80,delayed
112,666,10,-12.486022041396424,14.585088577866554,9.656924057006837,2.36365070258788,70.2304234181496,0.3397983908653259,87.99205780029297,87.99205780029297,4,8,1,80,delayed
112,690,7,-26.280291437167456,-19.03452832358224,-55.06824166434152,2.6644065348638257,79.16668858757232,,,0.0,-1,-1,0,80,delayed
112,848,8,10.538193083516738,4.343933820724487,-17.276537656784058,2.615263455493319,77.70651544587943,,,0.0,-1,-1,0,80,delayed
112,2046,7,-18.37795444548635,-8.646300452096122,-23.890242985316686,3.5664749191446283,105.96956792621751,,,0.0,-1,-1,0,80,delayed
113,204,7,-24.969325438377894,18.654471261160715,18.09437227249146,2.578518037621009,76.61471019181894,,,0.0,-1,-1,0,80,delayed
113,644,6,7.01589017332909,0.032331228256225586,24.056126594543457,2.2241923472779983,66.08674037230513,0.3797883093357086,97.86891174316406,97.86891174316406,5,4,1,80,delayed
113,1400,6,-20.77719064201933,-14.03176244099935,33.43533786137899,1.414231699263008,42.020629757969694,,,0.0,-1,-1,0,80,delayed
113,1450,10,-12.628318333906346,48.521816635131835,-4.151456260681153,3.938219198292386,117.01509089593438,,,0.0,-1,-1,0,80,delayed
113,1682,251,41.65564983360731,30.787483373011252,-31.223886467071168,128.825093281876,3827.740214813905,,,0.0,-1,-1,0,80,delayed
113,1720,8,-11.21933484533699,-35.638275146484375,11.079174757003784,2.595460049546446,77.11810296037652,,,0.0,-1,-1,0,80,delayed
113,1840,8,-36.975587377682956,-37.55736589431763,7.329955697059631,3.0251484569731564,89.88530192019249,,,0.0,-1,-1,0,80,delayed
113,1964,8,-9.840787878180473,-5.736487746238707,1.8935843706130981,2.7365355000289933,81.30983425571884,,,0.0,-1,-1,0,80,delayed
113,2000,15,35.95874096974248,-16.37069764137268,42.14134572347005,19.724852083833394,586.0784388282451,,,0.0,-1,-1,0,80,delayed
113,2202,6,-20.56786292027167,1.875212386250496,22.960012753804524,1.4240563129289834,42.31254546993415,,,0.0,-1,-1,0,80,delayed
113,2216,6,-41.02374072494194,34.20646286010742,52.51077461242676,1.7263724854487212,51.295172547179355,,,0.0,-1,-1,0,80,delayed
113,3208,6,5.5209449066371965,2.3694188594818115,21.32329781850179,2.0785461307273256,61.759199316257344,,,0.0,-1,-1,0,80,delayed
113,4366,7,-36.84910975702625,-22.09873969214303,-5.650021689278739,1.618300540186139,48.08406421078081,,,0.0,-1,-1,0,80,delayed
113,4796,6,-12.698787712988322,44.24300638834635,40.66368166605631,1.5425754558918592,45.83406816545158,,,0.0,-1,-1,0,80,delayed
113,5050,6,41.92481933336082,3.5472002029418945,5.1807667414347325,2.087732535452958,62.032152123059674,,,0.0,-1,-1,0,80,delayed
113,5232,6,-0.9428987470200608,22.613400141398113,17.01253318786621,2.634527547433159,78.27890346083436,,,0.0,-1,-1,0,80,delayed
113,5912,6,30.352846222548845,27.78178119659424,24.694984436035156,2.237377415639376,66.47850423690788,,,0.0,-1,-1,0,80,delayed
113,6492,9,-37.781749586790326,5.75496260325114,48.65257877773709,2.946886966711403,87.55994242760731,,,0.0,-1,-1,0,80,delayed
113,6634,7,-23.43295580041644,22.918238162994385,-10.767655304500035,2.018159491186458,59.964949743293374,,,0.0,-1,-1,0,80,delayed
114,430,7,-21.624744824141043,-4.754673412867954,15.960509436471122,1.375844150571969,40.88003237799103,,,0.0,-1,-1,0,80,delayed
114,482,6,-13.960338543220525,27.38456916809082,-22.217864354451496,1.2492518700521498,37.118635039271716,,,0.0,-1,-1,0,80,delayed
114,774,7,-9.315793298734075,23.08055250985282,2.9250180380684987,3.3280444827507187,98.88515799822568,,,0.0,-1,-1,0,80,delayed
114,926,103,-45.472909154423476,-10.127169850237161,-60.08893329657397,57.547662123714225,1709.8959136593464,,,0.0,-1,-1,0,80,delayed
114,1056,8,-7.865144039817814,17.088219940662384,10.651992738246918,3.7373218832513744,111.04589101227471,,,0.0,-1,-1,0,80,delayed
114,1286,8,-27.132183934294524,-9.481139659881592,11.613898515701294,2.8722065700244648,85.34098686254998,,,0.0,-1,-1,0,80,delayed
114,1340,6,-14.318668496635922,13.920912265777588,-30.20515473683675,2.032080072827132,60.378567686833456,,,0.0,-1,-1,0,80,delayed
114,2754,9,-27.92782439420962,15.17721218532986,10.048929532368977,2.1873388960247557,64.9917251557583,,,0.0,-1,-1,0,80,delayed
114,3216,6,-0.6017289932040685,-36.049344062805176,15.853227615356445,1.3677361848915148,40.63912289751039,,,0.0,-1,-1,0,80,delayed
114,3426,6,-14.097028786752674,-14.456687927246094,-3.1961739857991525,2.260916324350368,67.177908562498,,,0.0,-1,-1,0,80,delayed
114,3766,8,-36.40724004521974,-5.95125937461853,8.319575548171997,2.3065635314488127,68.53420993091501,,,0.0,-1,-1,0,80,delayed
114,3878,9,-32.25571875143283,20.174699995252823,-34.701856189303925,3.8342160756681727,113.9248782301157,,,0.0,-1,-1,0,80,delayed
114,3908,6,-55.387318222197024,25.426219701766964,-10.58155632019043,2.0698969329593786,61.50220837389637,,,0.0,-1,-1,0,80,delayed
114,3972,12,-12.392282501503082,21.691959182421368,-23.53578233718872,4.971098147461957,147.70470415412495,,,0.0,-1,-1,0,80,delayed
114,4220,9,-8.37613183698636,4.778866820865208,22.323605325486923,2.9358554023819243,87.23216496329093,,,0.0,-1,-1,0,80,delayed
114,4392,7,-43.19540139244595,25.30151230948312,43.11623770850046,3.250898595781902,96.59294608177935,,,0.0,-1,-1,0,80,delayed
114,4492,6,-11.125763532327348,-58.519562403361,20.373512268066406,2.0625262263527935,61.28320484460812,,,0.0,-1,-1,0,80,delayed
114,4538,8,-10.393768523211076,11.566504418849945,-4.7007328271865845,2.6152264773377576,77.70541672536228,,,0.0,-1,-1,0,80,delayed
114,4792,6,-22.142157514261246,17.934606711069744,3.6164811452229806,2.457108585828349,73.00730864258477,,,0.0,-1,-1,0,80,delayed
114,4822,6,-36.92399189675237,40.10460662841797,22.70745261510213,1.7742223252436116,52.7169200607212,,,0.0,-1,-1,0,80,delayed
114,5090,8,13.446741030549742,-3.058767080307007,-10.760635614395142,2.9979836753315747,89.07816315190448,,,0.0,-1,-1,0,80,delayed
114,5770,6,-21.052240100671515,-18.216350555419922,29.909554560979206,1.0014207187120518,29.7549045710743,,,0.0,-1,-1,0,80,delayed
115,696,8,-3.2640575430068015,9.082771897315979,-14.568743884563446,2.42498448951059,72.05281528878612,,,0.0,-1,-1,0,80,delayed
115,836,7,-8.091833484626559,10.645558834075928,17.31446279798235,2.0469331271924456,60.819891904488216,,,0.0,-1,-1,0,80,delayed
115,1248,7,-9.311232005927922,24.319698878696986,2.9856621878487712,3.4940771124687453,103.81843425328276,,,0.0,-1,-1,0,80,delayed
115,1918,6,-14.845099257487549,41.328575134277344,-8.09057871500651,1.470395466205305,43.689406421457754,,,0.0,-1,-1,0,80,delayed
115,2412,6,-38.544744535469285,18.946112314860027,24.382587432861328,2.0800085458527864,61.80265160527864,,,0.0,-1,-1,0,80,delayed
115,2454,6,-35.14394737915034,-21.070737838745117,6.491020838419597,2.774155979979212,82.42763995907642,,,0.0,-1,-1,0,80,delayed
115,2640,6,-10.427848831934734,-7.523943583170573,-7.1422646045684814,1.1433872449546016,33.97311212530468,,,0.0,-1,-1,0,80,delayed
115,2670,14,-21.389110306962774,-3.4838572485106334,-29.154357297079905,2.3329303431584005,69.31763886503103,,,0.0,-1,-1,0,80,delayed
115,3682,6,17.746313049283533,5.537881215413411,-3.747276782989502,1.822939270663765,54.1644316159397,,,0.0,-1,-1,0,80,delayed
115,3728,8,-16.112016784922574,5.074851632118225,42.552698373794556,3.8890647454946206,115.55457981910948,,,0.0,-1,-1,0,80,delayed
115,3746,7,7.102135740673516,26.128927775791713,-16.295757157461985,2.948019027709663,87.59357900646218,,,0.0,-1,-1,0,80,delayed
115,3812,6,26.297856917876953,-2.734299977620443,-6.357828776041666e-07,2.1471384683435626,63.79726226217179,,,0.0,-1,-1,0,80,delayed
116,410,7,-14.280316101886195,-6.7341373307364325,5.676473072596958,2.402818209570127,71.39419545797968,,,0.0,-1,-1,0,80,delayed
116,484,8,-16.982883278521484,18.799467086791992,25.419445276260376,4.252112419251942,126.34170323841806,,,0.0,-1,-1,0,80,delayed
116,1194,6,-2.8669026187955495,-3.029900391896566,-38.52519981066386,1.5535592459304441,46.160426127015576,,,0.0,-1,-1,0,80,delayed
116,1440,15,-20.688354477127813,30.975184949239097,47.88152844111125,3.747692426762842,111.35402776915225,,,0.0,-1,-1,0,80,delayed
116,1824,13,-15.698714771585413,-8.818970166719877,2.522950612581693,4.318715338416747,128.32065520822806,,,0.0,-1,-1,0,80,delayed
116,2034,6,22.859290717902073,41.41633121172587,-6.357076644897461,3.170907183986616,94.21618596487721,,,0.0,-1,-1,0,80,delayed
116,2280,6,37.98297204324805,17.823755264282227,33.090402603149414,1.5286365706784903,45.41990637350826,,,0.0,-1,-1,0,80,delayed
116,2698,8,1.0303657422915027,-2.927132725715637,28.315401911735535,2.0217083773252154,60.07039670121945,,,0.0,-1,-1,0,80,delayed
116,2944,8,6.366418218282423,-0.07274514436721802,9.63938295841217,2.1930599847141767,65.1617140972846,,,0.0,-1,-1,0,80,delayed
116,3526,12,20.125764400472146,9.71785032749176,-16.05571695168813,5.118231563594614,152.07643391209712,,,0.0,-1,-1,0,80,delayed
116,3798,9,20.473929559086837,31.820109049479168,-11.691105524698893,3.48575702278463,103.57122199778638,,,0.0,-1,-1,0,80,delayed
116,3860,6,32.68894316583898,-40.79279931386312,-25.666600227355957,3.199330103379079,95.06070739163756,,,0.0,-1,-1,0,80,delayed
116,4570,7,-11.88114014746353,29.86615753173828,27.49286801474435,1.8483393975752116,54.91913774316591,,,0.0,-1,-1,0,80,delayed
116,5040,6,12.018107950745856,24.617937723795574,0.3694997628529866,2.0380334793331034,60.55545941590194,,,0.0,-1,-1,0,80,delayed
116,6064,6,29.402911806738064,-18.830643614133198,-15.843989054361979,2.429877090432249,72.19818762911034,,,0.0,-1,-1,0,80,delayed
116,6076,10,-21.712416935450257,11.359353876113891,-14.782854080200195,3.7950400856130853,112.76085413536192,,,0.0,-1,-1,0,80,delayed
117,182,11,-13.715451950424505,19.159414638172496,42.58718009428544,2.7886059537712096,82.85698756812968,,,0.0,-1,-1,0,80,delayed
117,432,6,-11.423016068073215,37.407256762186684,-4.226156234741211,2.597719310084422,77.18523167106979,0.5012559294700623,99.78656768798828,99.78656768798828,6,14,1,80,delayed
117,794,6,-30.503990722614493,26.456200281778973,-24.040800253550213,1.5930093421290925,47.332594652967565,,,0.0,-1,-1,0,80,delayed
117,1126,6,-35.44107998741649,21.334006309509277,42.76983133951823,1.799385688474679,53.4645913018262,,,0.0,-1,-1,0,80,delayed
117,1244,6,26.60916515189704,5.907381455103557,3.4749770959218345,2.7438758939736356,81.52793711424353,,,0.0,-1,-1,0,80,delayed
117,1556,8,27.39395800085481,5.206485688686371,3.618842363357544,2.3877640856753533,70.9468969234874,,,0.0,-1,-1,0,80,delayed
117,2120,9,-7.293776290097325,6.595575014750163,10.293163829379612,2.1264292679800616,63.18193618688174,,,0.0,-1,-1,0,80,delayed
117,2278,6,-14.835726654268461,-4.369337240854899,-33.09649085998535,1.2795298547464276,38.0182754484909,,,0.0,-1,-1,0,80,delayed
117,2752,9,2.4445038993906842,-3.7165543768141003,15.102959685855442,2.6776383597268167,79.55984171366885,,,0.0,-1,-1,0,80,delayed
117,2916,6,11.84821824424202,31.68924355506897,-30.365339994430542,2.0871468744632966,62.01475055892909,,,0.0,-1,-1,0,80,delayed
117,3170,6,11.97727959469371,22.4378875096639,-19.646691640218098,2.3322689870333724,69.29798819471833,,,0.0,-1,-1,0,80,delayed
117,3238,12,-34.456755046955344,33.24807198842367,16.314264218012493,5.191000169272687,154.2385850212792,,,0.0,-1,-1,0,80,delayed
117,3630,7,-39.693823126009086,26.223943165370397,-1.598599978855679,2.9720850378737347,88.30864493475596,,,0.0,-1,-1,0,80,delayed
117,3928,11,0.299834810449453,-13.46323637528853,-1.3129660866477273,4.640173785211862,137.87205076978196,,,0.0,-1,-1,0,80,delayed
117,4146,8,19.884080692229382,2.334778666496276,-21.55229389667511,2.3726990893148523,70.49927533877843,,,0.0,-1,-1,0,80,delayed
117,4274,7,51.704454388960606,-19.161213397979736,16.409128189086914,2.74579316258484,81.58490432442555,,,0.0,-1,-1,0,80,delayed
117,4552,6,-24.988765882510435,-9.565431594848633,-4.624839226404826,1.7929352693079896,53.27293198904993,,,0.0,-1,-1,0,80,delayed
117,5804,11,-29.948212891160583,30.388016440651633,17.336054715243254,3.1869349512007608,94.69241406265179,,,0.0,-1,-1,0,80,delayed
118,567,6,-5.136405970111848,-57.290974934895836,64.2146848042806,2.023340191817307,60.11888230131002,,,0.0,-1,-1,0,80,delayed
118,767,7,-14.303225360899583,18.638635226658412,4.1760390145438055,2.642448018676684,78.51424197700977,,,0.0,-1,-1,0,80,delayed
118,1763,7,-28.262920465786983,28.943726675851003,16.93566587993077,2.634927379824254,78.2907835572006,,,0.0,-1,-1,0,80,delayed
118,2259,6,-39.26580890657564,40.06765615940094,33.41371440887451,1.1957393016047777,35.52863261795923,,,0.0,-1,-1,0,80,delayed
118,3007,7,-28.17738356154796,3.1869374683925082,38.79308809552874,1.9307251491562971,57.36704013873867,,,0.0,-1,-1,0,80,delayed
118,3061,8,4.116462974051116,45.022420167922974,25.397558122873306,2.792333425036218,82.96774077076402,,,0.0,-1,-1,0,80,delayed
118,3873,9,-21.502674540377566,26.16983742184109,-29.8891175587972,3.540863023793629,105.20856958874207,,,0.0,-1,-1,0,80,delayed
118,4245,7,-6.9618245893929345,-8.523572989872523,22.80819456917899,2.5035295108015783,74.3865992512871,,,0.0,-1,-1,0,80,delayed
118,4601,7,40.805689645000705,-7.5694713933127264,39.92264311654227,2.0818515188576865,61.85741129305342,,,0.0,-1,-1,0,80,delayed
118,4613,9,-5.196175136329147,43.71184963650174,52.18536376953125,2.584407580120491,76.78970434938417,,,0.0,-1,-1,0,80,delayed
118,4927,11,-40.348301206656465,-12.893870613791726,33.767047838731244,3.296187286639976,97.93859496785791,,,0.0,-1,-1,0,80,delayed
118,4967,6,22.211411860372007,-52.32120005289713,25.038450082143147,1.9797553842422786,58.8238603730524,,,0.0,-1,-1,0,80,delayed
119,170,7,-6.490175200303601,2.058642932346889,-27.36744315283639,3.1262791862659425,92.89016804996471,0.43262290954589844,90.45684051513672,90.45684051513672,6,2,1,80,delayed
119,694,6,-39.21704347704169,-24.197631359100342,20.176376501719158,1.8016003545372983,53.5303949906442,,,0.0,-1,-1,0,80,delayed
119,766,9,-6.013382163398017,18.76752101050483,-17.58574840757582,3.9178665348233186,116.41035849128815,,,0.0,-1,-1,0,80,delayed
119,956,6,-13.9444939458787,-19.352562487125397,-7.907299915949504,3.1880707982506022,94.72616313528815,,,0.0,-1,-1,0,80,delayed
119,970,6,-14.348011530692824,-25.08905005455017,8.570929209391275,2.0313703060681894,60.35747860630473,,,0.0,-1,-1,0,80,delayed
119,1626,7,-29.337446543001615,-33.326261264937266,6.654328278132847,1.3469346393506434,40.021052998481814,,,0.0,-1,-1,0,80,delayed
119,2206,6,27.88227604267523,25.347700119018555,16.716933250427246,2.0107066525298007,59.74350584976412,,,0.0,-1,-1,0,80,delayed
119,3482,7,-16.40638702751711,6.053202288491385,41.61184447152274,4.019342693424052,119.42548825541704,,,0.0,-1,-1,0,80,delayed
119,4046,7,-8.449147665564604,-7.130030359540667,-11.701962062290736,2.476932819283029,73.59633996939549,,,0.0,-1,-1,0,80,delayed
119,4410,8,-26.973581441685337,37.92109215259552,45.14381694793701,1.8076909756291606,53.71136373433069,,,0.0,-1,-1,0,80,delayed
119,4748,6,0.8732006537210412,-8.230612595876059,-20.071616570154827,1.6223581810830863,48.20462764173081,,,0.0,-1,-1,0,80,delayed
119,5054,9,0.8247258425435314,-6.201442294650607,30.39914141760932,3.83601500094251,113.97832914127444,,,0.0,-1,-1,0,80,delayed
119,5520,6,-12.057147407730398,22.8720506032308,20.559733708699543,2.4033748572386107,71.41073495825759,,,0.0,-1,-1,0,80,delayed
119,6578,6,-13.0748259013639,6.207600076993306,-30.6840337117513,2.5652370375649576,76.22009593839658,,,0.0,-1,-1,0,80,delayed
120,372,6,-18.695609051875593,28.40069357554118,-6.588014602661133,1.5386262177890582,45.71672567324869,,,0.0,-1,-1,0,80,delayed
120,736,6,-39.37228426098156,3.251600424448649,-38.00789999961853,1.6873350768658402,50.135266080914526,,,0.0,-1,-1,0,80,delayed
120,1306,8,8.069977351680135,32.76656752824783,-2.9165857434272766,3.395298232057283,100.88344788305797,,,0.0,-1,-1,0,80,delayed
120,1730,7,53.22792618621643,37.530643463134766,32.39149938310896,2.7815243950364468,82.64657540026649,,,0.0,-1,-1,0,80,delayed
120,1896,6,-30.610420888091454,50.50603103637695,20.641193230946858,2.204549414852448,65.50309598698622,,,0.0,-1,-1,0,80,delayed
120,2012,8,3.9478826534284615,16.267238080501556,11.284812271595001,2.4457970428880413,72.67121226026373,,,0.0,-1,-1,0,80,delayed
120,2776,7,-10.222704529446121,-19.244351523263113,10.315076657703944,2.7356369082410845,81.28313467541459,,,0.0,-1,-1,0,80,delayed
120,4122,7,0.0005444628551143994,11.987636021205358,-5.854624884469168,2.8595528869855253,84.96501188593825,,,0.0,-1,-1,0,80,delayed
120,4312,8,-2.69067632373196,-9.134732484817505,26.696426272392273,3.6092649136482393,107.24097381912657,,,0.0,-1,-1,0,80,delayed
120,6334,8,32.006363999979996,33.53212547302246,-9.145124912261963,2.7466101675292247,81.60917974004258,,,0.0,-1,-1,0,80,delayed
121,564,7,25.46113369548259,17.134242466517858,1.3135570798601424,2.2752025013933164,67.60238932932808,,,0.0,-1,-1,0,80,delayed
121,1540,7,-24.586621259008577,14.545103907585144,16.446196147373744,3.3573825143161447,99.75686987038978,,,0.0,-1,-1,0,80,delayed
121,1930,9,-9.258389562719803,9.098937299516466,-26.97104893790351,3.944040290703059,117.18805121714854,,,0.0,-1,-1,0,80,delayed
121,2150,9,3.2923975510237407,31.99562136332194,22.93020184834798,4.091919801649297,121.58194945991866,,,0.0,-1,-1,0,80,delayed
121,2248,6,-18.805571826558786,-22.63187535603841,42.746737798055015,1.3036806485036,38.73586052550486,,,0.0,-1,-1,0,80,delayed
121,2806,110,19.88470005994873,-52.63888610493053,-57.72710356278853,51.58717932502076,1532.7939288903954,,,0.0,-1,-1,0,80,delayed
121,3292,6,-21.93600903238951,-10.359855016072592,-26.052897612253826,1.9111736348382649,56.78611203141806,,,0.0,-1,-1,0,80,delayed
121,3636,6,-22.693406917414503,-10.055018901824951,17.694430748621624,2.7199392615014695,80.81671534535681,,,0.0,-1,-1,0,80,delayed
121,4206,6,30.535919772257586,7.316099802652995,14.795533498128256,1.651001010422201,49.05568318482666,,,0.0,-1,-1,0,80,delayed
121,4924,6,-18.900960417228756,-6.623287836710612,11.600829203923544,1.7506063348182548,52.01522542995538,,,0.0,-1,-1,0,80,delayed
121,5544,6,-0.0017888990676079668,6.965074857076009,32.87332010269165,3.322535556199098,98.72147296478303,,,0.0,-1,-1,0,80,delayed
121,6066,7,-11.416268635968503,22.882607868739537,-0.37672833033970426,2.8193118304898364,83.769341800933,,,0.0,-1,-1,0,80,delayed
122,1500,6,53.9230315918196,-0.5912001132965088,-3.0298999150594077,2.371791996977112,70.47232318426207,,,0.0,-1,-1,0,80,delayed
122,2238,7,3.508178630788393,36.75073432922363,2.0184223992483976,1.5911716547892896,47.27799201652758,,,0.0,-1,-1,0,80,delayed
122,2462,7,15.398682938721937,4.251888820103237,-9.696046148027692,2.3476113847009974,69.75385211880288,,,0.0,-1,-1,0,80,delayed
122,2540,6,46.6813306861823,20.100799242655437,-49.3146006266276,2.675396288267514,79.4932237367621,,,0.0,-1,-1,0,80,delayed
122,3002,6,-32.11779807039865,-1.561137358347575,-9.727087815602621,1.539620780989826,45.746276822506715,,,0.0,-1,-1,0,80,delayed
122,3056,9,-13.562217205230985,-9.049671279059517,0.8237458335028754,3.911227232623582,116.21308695527901,,,0.0,-1,-1,0,80,delayed
122,3066,10,21.6860394912508,48.19480857849121,21.511448764801024,4.021133407776784,119.47869519799764,,,0.0,-1,-1,0,80,delayed
122,3560,11,-12.554830390595157,50.59546730735085,48.68393048373136,3.434174460706408,102.03856525972428,,,0.0,-1,-1,0,80,delayed
122,4214,7,-28.67837846587989,18.21503026144845,-51.288727079119,1.8744698319563515,55.69554327071632,,,0.0,-1,-1,0,80,delayed
122,4416,7,1.8752358061848646,11.710509981427874,36.59714344569615,2.5634683505654836,76.16754348776112,,,0.0,-1,-1,0,80,delayed
122,4574,6,16.834546235387986,14.826187133789062,12.495395342508951,1.4241039357795189,42.313960472985926,,,0.0,-1,-1,0,80,delayed
122,4712,9,-29.697501450644065,4.052183257208931,4.425253444247776,2.6748548679299926,79.47713668146682,,,0.0,-1,-1,0,80,delayed
122,4832,8,-1.235998944978654,19.28790032863617,6.440950155258179,3.867755138805058,114.9214140560618,,,0.0,-1,-1,0,80,delayed
122,5520,8,-20.54583074371491,-20.663132667541504,2.6638643741607675,2.814632633209275,83.63031025709657,,,0.0,-1,-1,0,80,delayed
122,6718,8,10.738347481174955,-29.586558043956757,-25.66885793209076,2.538235361753673,75.41780348327624,,,0.0,-1,-1,0,80,delayed
123,682,6,-56.52612099280041,5.1083373328049975,7.247025012969971,1.8224574481946378,54.15011537370384,,,0.0,-1,-1,0,80,delayed
123,1136,6,19.28637120882343,-18.165543874104817,-31.113576889038086,2.2495754524309484,66.84094073727756,,,0.0,-1,-1,0,80,delayed
123,1358,7,-43.93885338648154,25.800337416785105,45.27781241280692,2.7871778591677625,82.81455503418063,0.4622492790222168,64.45480346679688,64.45480346679688,5,13,1,80,delayed
123,1552,6,-31.419335334645265,-38.45109430948893,-18.107176780700684,2.079952711611766,61.8009926197171,,,0.0,-1,-1,0,80,delayed
123,2168,8,-11.08783648864394,-41.7073130607605,9.979015588760376,3.3678130966852686,100.06679054330453,,,0.0,-1,-1,0,80,delayed
123,2488,6,-25.266356167819833,4.124543507893882,-4.066177209218343,1.0727352448732266,31.87385106459824,,,0.0,-1,-1,0,80,delayed
123,2844,7,-3.7088755142592214,19.200803688594274,11.1741646357945,2.1174232996688174,62.9143446315404,,,0.0,-1,-1,0,80,delayed
123,3062,6,-16.324079999357902,-2.484887758890789,18.758421222368877,1.4164113022848466,42.08539162948465,,,0.0,-1,-1,0,80,delayed
123,3102,7,-6.346391681927104,21.52073562145233,-17.661410876682826,2.484171212568583,73.81141211383502,,,0.0,-1,-1,0,80,delayed
123,3628,6,-6.214131323045706,-35.75836308797201,-6.510966618855794,1.482050515782733,44.03570931041088,,,0.0,-1,-1,0,80,delayed
123,3866,6,-39.96205463538036,38.035406748453774,16.740027109781902,2.4711792868924807,73.42538703819636,,,0.0,-1,-1,0,80,delayed
123,4210,7,-49.51959513481232,-15.047887529645648,49.82266180855887,3.008654608591751,89.39522529662344,,,0.0,-1,-1,0,80,delayed
123,4656,7,-15.353753253390591,38.95981666019985,24.210915769849503,2.9216053363795433,86.80875715265799,,,0.0,-1,-1,0,80,delayed
123,5222,6,-17.836703951388206,-26.119030634562176,44.36791960398356,1.759618811353798,52.28301036215554,,,0.0,-1,-1,0,80,delayed
123,5730,8,-5.013813603960918,-14.195728063583374,7.114081263542175,2.9269893815043204,86.96873162282887,,,0.0,-1,-1,0,80,delayed
123,5796,6,-24.221551647078087,-39.16238149007162,8.501647631327312,1.498112720401295,44.51296063614844,,,0.0,-1,-1,0,80,delayed
124,574,9,12.356354320318193,-14.24730364481608,-5.116104549831814,3.435990632061054,102.09252859834156,,,0.0,-1,-1,0,80,delayed
124,642,7,17.465934710637818,-21.504900251116073,19.596242359706334,2.2974561115213428,68.26360397502957,,,0.0,-1,-1,0,80,delayed
124,3476,7,24.9404630728507,15.9901123046875,10.198829991476876,2.1771037004597593,64.68760995061811,,,0.0,-1,-1,0,80,delayed
124,3708,7,-0.06331363643105346,10.693066324506487,31.136520385742188,2.3464766487957767,69.72013606126352,,,0.0,-1,-1,0,80,delayed
124,4038,9,19.524927250250677,-22.73656611972385,9.101664066314697,2.0451805930322373,60.7678193981778,,,0.0,-1,-1,0,80,delayed
124,4434,6,-20.91554985713937,13.320474942525228,50.76488800843557,1.0558604553654807,31.372455654978886,,,0.0,-1,-1,0,80,delayed
124,5446,7,10.979879135267874,-47.8317745753697,15.296846798488072,1.8851781492320514,56.013716195144134,,,0.0,-1,-1,0,80,delayed
124,5808,9,-39.435280355072344,2.7989620632595487,43.22289011213515,3.6081227802944027,107.20703796348084,,,0.0,-1,-1,0,80,delayed
124,6138,6,-27.956378600249806,3.2562185128529877,-23.06918462117513,1.686937264845059,50.12344601518752,,,0.0,-1,-1,0,80,delayed
