file_id,light_id,n_charge_hits,charge_x,charge_y,charge_z,charge_E,charge_Q,fprompt,integral,integral_total,tpc,det,n_valid_sumhits,period,window
0,36,1,33.4015971666535,-61.85430145263672,-63.87289810180664,0.418688137493848,12.440351336242385,,,0.0,-1,-1,0,32,prompt
0,118,1,-57.57711887688532,-33.947811126708984,44.94526290893555,0.0819588440380901,2.435217823579052,,,0.0,-1,-1,0,32,prompt
0,156,2,0.7423504042017406,-0.12470626831054688,36.811644554138184,0.4728864141369832,14.050727993425248,,,0.0,-1,-1,0,32,prompt
0,392,2,-3.355165777731955,-12.013369560241697,5.944330215454102,0.4677081847753519,13.896868863467724,,,0.0,-1,-1,0,32,prompt
0,410,5,-15.38779531419656,-11.9496298789978,2.487700653076172,1.0651545397446387,31.648607914074372,,,0.0,-1,-1,0,32,prompt
0,452,1,-9.726206856305422,14.161087036132812,61.62818908691406,0.2335469772984102,6.939309215925273,,,0.0,-1,-1,0,32,prompt
0,462,3,7.149799735244599,36.238711992899574,33.89721266428629,1.2035043413499456,35.75935284602205,,,0.0,-1,-1,0,32,prompt
0,530,4,-27.989555468757008,-34.308075308799744,12.415199220180511,1.3322404610783907,39.584449417118364,,,0.0,-1,-1,0,32,prompt
0,536,2,-16.271662033138,-19.980712890625,37.3797492980957,1.0453719963421588,31.060815310910566,,,0.0,-1,-1,0,32,prompt
0,716,3,-45.73676296757434,-38.50190035502116,-41.99849955240885,0.46685241384001935,13.871441605932784,,,0.0,-1,-1,0,32,prompt
0,736,3,-55.40062199288164,-42.75114822387695,-4.259958426157634,0.4835243927620338,14.366810967247286,,,0.0,-1,-1,0,32,prompt
0,740,3,-14.930641948128399,21.50489997863769,-23.2278995513916,1.1541517837645714,34.29295554281875,,,0.0,-1,-1,0,32,prompt
0,746,1,-2.430419012860331,-54.5104866027832,3.0439624786376958,0.1530097312219374,4.546330893582782,,,0.0,-1,-1,0,32,prompt
0,882,4,-6.054546038570132,23.63876223564148,24.188599824905396,0.6375594124294477,18.94360593979602,,,0.0,-1,-1,0,32,prompt
0,904,7,-49.10679813585528,20.934814180646622,-55.194928305489675,2.787059913770409,82.8110505590112,,,0.0,-1,-1,0,32,prompt
0,1036,3,4.298508271940276,1.2101124127705891,5.95042069753011,0.5333716443550226,15.847906960734708,,,0.0,-1,-1,0,32,prompt
0,1072,5,0.9411447164738675,-5.0824729919433596,-17.866372632980347,1.3100791600329755,38.92597752268298,,,0.0,-1,-1,0,32,prompt
0,1096,8,-2.7173625134787436,-35.139450550079346,18.905750274658203,3.168027824493695,94.1306324454255,,,0.0,-1,-1,0,32,prompt
0,1140,1,-14.020664033300456,61.4109001159668,-52.787899017333984,0.7268838279537365,21.597674714417032,,,0.0,-1,-1,0,32,prompt
0,1160,8,-14.969656504098857,-33.09565269947052,-20.643605828285217,2.9215015357062493,86.80567295530659,,,0.0,-1,-1,0,32,prompt
0,1212,1,-44.42235042393399,26.82570075988769,-39.04249954223633,0.470721200467101,13.986393668281472,,,0.0,-1,-1,0,32,prompt
0,1230,3,24.340015169911055,6.604812304178874,-23.092279116312664,1.1181589032250268,33.22351019813922,,,0.0,-1,-1,0,32,prompt
0,1264,1,-59.81215235190131,41.90129852294922,-51.901100158691406,0.3129395386283092,9.298275873877524,,,0.0,-1,-1,0,32,prompt
0,1472,4,7.019622061664977,-3.214649677276611,14.865550756454468,1.5126906079431863,44.946108906951835,,,0.0,-1,-1,0,32,prompt
0,1494,2,15.615920840676882,-32.04950571060181,34.28980541229248,0.2719385026067702,8.080024751906414,,,0.0,-1,-1,0,32,prompt
0,1516,5,-4.3564525754860925,-19.648162364959717,-15.183802795410156,1.272970790234484,37.82338799012135,,,0.0,-1,-1,0,32,prompt
0,1532,5,-12.272142251918194,-21.898418045043947,-17.943967056274413,0.9401954939986951,27.935738375839694,,,0.0,-1,-1,0,32,prompt
0,1540,3,-53.538094097034964,-49.85478591918945,5.88911247253418,1.1265400571590367,33.47253683683579,,,0.0,-1,-1,0,32,prompt
0,1566,3,18.010998122167596,40.15541203816732,-3.933704376220703,0.9225530899939622,27.411535073714777,,,0.0,-1,-1,0,32,prompt
0,1576,2,36.46141923518691,31.259699821472168,3.103799819946289,1.029537745531208,30.590337106265224,,,0.0,-1,-1,0,32,prompt
0,1672,1,-45.14075404090342,50.6307373046875,5.371812343597412,0.1050105517534342,3.120146096435751,0.3566874861717224,77.1036376953125,151.7943115234375,4,11,2,32,prompt
0,1696,1,-25.786518826777552,13.080300331115724,-27.51409912109375,0.1909122090449074,5.672515512650981,,,0.0,-1,-1,0,32,prompt
0,1718,5,15.125409150951224,-39.06353912353516,28.4802604675293,1.806687122617106,53.681536559778614,,,0.0,-1,-1,0,32,prompt
0,1750,8,47.925909730960655,-7.537799835205078,9.078050196170807,3.677241178449207,109.26073158372745,,,0.0,-1,-1,0,32,prompt
0,1818,3,5.899245290890408,15.23263676961263,27.119828542073567,1.1000976387756578,32.68686142496915,,,0.0,-1,-1,0,32,prompt
0,1824,6,-29.938993801588357,-22.04991277058919,49.924275716145836,1.2803211214352606,38.041786111268856,,,0.0,-1,-1,0,32,prompt
0,1830,2,-14.707138600626799,21.532611846923828,37.3797492980957,0.5376422945814129,15.974799472112055,0.6397762894630432,122.0735092163086,122.0735092163086,2,6,1,32,prompt
0,1834,1,-62.111043926203486,1.357912540435791,52.70476150512695,0.1165290465479867,3.46239157529415,,,0.0,-1,-1,0,32,prompt
0,1898,1,-39.61702845264958,-1.7458875179290771,40.2895622253418,0.1050023750166353,3.1199031435802667,,,0.0,-1,-1,0,32,prompt
0,1912,3,-48.2006212983658,-34.80689938863119,-45.84129969278971,0.4958575050401436,14.73326092383643,,,0.0,-1,-1,0,32,prompt
0,1922,2,-57.64895923858225,1.7458877563476598,31.366138458251957,0.20135851987423609,5.982903520446765,,,0.0,-1,-1,0,32,prompt
0,1968,1,-2.558135211432674,47.66550064086914,-60.32569885253906,0.6881578939481262,20.44702299608167,,,0.0,-1,-1,0,32,prompt
0,2024,3,-53.373127340545686,3.427112579345703,35.633862018585205,0.4072090498692001,12.099276750454223,,,0.0,-1,-1,0,32,prompt
0,2058,4,-23.720420644991727,23.16764986515045,-56.889349937438965,0.9844133599966073,29.249570173524656,,,0.0,-1,-1,0,32,prompt
0,2094,2,-35.2082040366958,49.27282524108887,14.101250171661375,0.5157003391880443,15.322844927300821,,,0.0,-1,-1,0,32,prompt
0,2146,2,4.27051038976272,-15.394292950630188,10.78960657119751,0.5321907223724615,15.812818590541823,,,0.0,-1,-1,0,32,prompt
0,2254,1,-21.811352146213377,47.13896179199219,38.73766326904297,0.0830422802474289,2.467409629096303,,,0.0,-1,-1,0,32,prompt
0,2392,1,-7.954144601114164,-59.942138671875,56.196537017822266,0.1741313326049098,5.17391051301277,,,0.0,-1,-1,0,32,prompt
0,2408,3,45.731441459300505,26.82570075988769,17.315900802612305,1.6906459595170302,50.23364131471126,,,0.0,-1,-1,0,32,prompt
0,2564,2,-42.78598662972584,-37.39801788330078,-14.784619331359863,0.4711954066010504,14.00048360870215,,,0.0,-1,-1,0,32,prompt
0,2574,3,13.775077536184893,-21.79126230875651,23.609578768412273,0.4676437706229508,13.894954945648857,,,0.0,-1,-1,0,32,prompt
0,2590,1,-60.56248501851383,-61.88201141357422,35.245887756347656,0.2058227290898483,6.115547190298821,,,0.0,-1,-1,0,32,prompt
0,2630,3,53.56470163840421,-4.803499857584636,2.3725671768188477,1.3175384475813585,39.147613030140604,,,0.0,-1,-1,0,32,prompt
0,2650,3,11.356571953200856,-2.965237299601237,-4.654229164123535,0.7645210286949445,22.71597723747381,,,0.0,-1,-1,0,32,prompt
0,2792,3,-0.920147634565609,27.416899998982753,-9.913308461507162,1.140468468820805,33.886387431374686,,,0.0,-1,-1,0,32,prompt
0,2794,1,-64.36204192604103,38.79750061035156,-61.212501525878906,0.202022181825748,6.002622703069714,,,0.0,-1,-1,0,32,prompt
0,2808,2,11.370552912924339,49.2174015045166,28.179200172424316,0.5585457934076464,16.59589867762488,,,0.0,-1,-1,0,32,prompt
0,2844,2,35.67915751893132,23.94360065460205,0.0,0.6360749948123843,18.899499897536224,,,0.0,-1,-1,0,32,prompt
0,3076,3,-3.5851863082852655,-51.14803822835287,50.764888763427734,1.176211263748677,34.948402059502335,,,0.0,-1,-1,0,32,prompt
0,3090,3,-28.585632178821403,18.040837287902832,23.7359619140625,0.8198982334591074,24.36138302185752,,,0.0,-1,-1,0,32,prompt
0,3110,1,-55.182440153653886,-15.297300338745115,-35.05189895629883,0.0507916004166072,1.5091551384636828,,,0.0,-1,-1,0,32,prompt
0,3128,2,-42.21663043335312,-50.39518165588379,14.784619331359863,0.5947904620211228,17.672825323591645,,,0.0,-1,-1,0,32,prompt
0,3184,2,6.908468225303107,-57.198598861694336,-5.787499904632568,1.005565734567777,29.87806414719263,,,0.0,-1,-1,0,32,prompt
0,3190,7,-12.176471192538457,-1.0411981855119978,2.7956345421927318,2.850264180179731,84.6890194090195,,,0.0,-1,-1,0,32,prompt
0,3264,1,-47.04053249466702,-29.929500579833984,-53.23130035400391,0.2577858914464672,7.659512586901542,,,0.0,-1,-1,0,32,prompt
0,3296,2,51.111486324160445,-17.957699298858643,-9.533100128173828,0.5310220666036005,15.778094682568739,,,0.0,-1,-1,0,32,prompt
0,3372,3,17.434531518453422,18.465763092041016,47.80888748168945,0.6238941332987006,18.537573720894628,,,0.0,-1,-1,0,32,prompt
0,3424,2,-33.40682829706941,-11.971799850463867,-63.87289810180664,0.8577528190064716,25.486144632530035,,,0.0,-1,-1,0,32,prompt
0,3450,4,-11.723857970210762,17.56279754638672,20.276416301727295,1.4383067191930374,42.73596339065712,,,0.0,-1,-1,0,32,prompt
0,3524,1,60.37091072065532,35.250301361083984,31.50469970703125,0.1741346032996298,5.174007694154979,,,0.0,-1,-1,0,32,prompt
0,3636,3,-12.216672728466113,50.1781005859375,-3.570499897003174,1.245215430575262,36.998701559568815,0.39107468724250793,295.4092712402344,295.4092712402344,6,14,1,32,prompt
0,3694,5,13.029338998370468,11.6614200592041,-45.78217964172363,1.8945367415974799,56.29178516011528,,,0.0,-1,-1,0,32,prompt
0,3724,2,-13.899734422361021,28.155900478363037,-52.566200256347656,0.6827679137907868,20.286872180121037,,,0.0,-1,-1,0,32,prompt
0,3726,2,7.782705850502149,-48.39988136291504,38.08641815185547,1.0776185024031073,32.01894578760783,,,0.0,-1,-1,0,32,prompt
0,3728,4,-6.978402967007142,33.36585021018982,17.92778205871582,1.3531919446282221,40.206974377905524,,,0.0,-1,-1,0,32,prompt
0,3734,1,51.734102792200616,27.269100189208984,-57.221900939941406,0.2322218689606856,6.8999366810869285,,,0.0,-1,-1,0,32,prompt
0,3776,2,-27.042349590476622,-33.73996829986572,11.542257308959961,0.19069099897444292,5.665942766138109,,,0.0,-1,-1,0,32,prompt
0,3822,5,-37.71196464175531,-34.834612655639646,-25.869742774963377,1.2142741230420855,36.07935204367503,,,0.0,-1,-1,0,32,prompt
0,3876,2,-61.05738528798166,60.71808624267578,19.338912963867188,0.6507302688189005,19.334947528465673,,,0.0,-1,-1,0,32,prompt
0,3896,12,3.2625804631431095,11.084999680519104,-38.15181716283163,3.312621087136467,98.4268874071656,,,0.0,-1,-1,0,32,prompt
0,3940,1,33.02367970135238,-21.948299407958984,-51.01430130004883,0.2038409070446507,6.056661923866997,,,0.0,-1,-1,0,32,prompt
0,3950,2,-44.6139247217925,2.3278499841690063,63.56806182861328,0.5780929976035721,17.17669871961833,,,0.0,-1,-1,0,32,prompt
0,4030,2,-23.226828158127873,45.199087142944336,17.39903736114502,1.0797166695843492,32.08128798113895,,,0.0,-1,-1,0,32,prompt
0,4068,3,-12.631750373826224,-15.842312494913736,62.53346252441406,1.2427371432177245,36.92506497262255,,,0.0,-1,-1,0,32,prompt
0,4108,4,-27.18740587986794,-5.237662315368652,27.68037509918213,1.0955916879915009,32.552977500780955,,,0.0,-1,-1,0,32,prompt
0,4134,6,-12.701801836455564,37.439587910970054,35.76318868001302,2.2068598108669044,65.57174407030126,,,0.0,-1,-1,0,32,prompt
0,4190,3,-37.3536437261257,-19.85138765970866,34.857912381490074,0.509147771336545,15.128150502196847,,,0.0,-1,-1,0,32,prompt
0,4246,2,50.68044415397879,20.6181001663208,-17.73599910736084,0.9959215182475479,29.591508525854692,,,0.0,-1,-1,0,32,prompt
0,4290,1,-56.66714096205737,3.2977874279022217,28.65031242370605,0.1049941982798365,3.1196601907247823,,,0.0,-1,-1,0,32,prompt
0,4394,2,33.595787029719965,-16.849199295043945,-16.405800342559814,0.9893158111359437,29.395235190324904,,,0.0,-1,-1,0,32,prompt
0,4440,5,42.95680704531635,31.34837989807129,25.376460075378418,2.133968396829914,63.405943994274516,,,0.0,-1,-1,0,32,prompt
0,4444,2,-4.805321971284403,1.4549064636230469,39.66603088378906,0.48088764017120045,14.288465951759004,,,0.0,-1,-1,0,32,prompt
0,4672,1,58.80638728814412,-32.589900970458984,-39.04249954223633,0.2113298679769554,6.2791791074178045,,,0.0,-1,-1,0,32,prompt
0,4688,2,-35.31995571044659,-11.043431520462036,-0.2909812927246094,0.1907835847941966,5.668693740009462,,,0.0,-1,-1,0,32,prompt
0,4698,1,27.89383610322121,60.52410125732422,57.66529846191406,0.3450146771585855,10.251314560055118,,,0.0,-1,-1,0,32,prompt
0,4712,5,-21.842180743058513,-24.32048988342285,13.252999782562256,1.1518051722989933,34.22323140098807,,,0.0,-1,-1,0,32,prompt
0,4880,2,3.296674375648603,-20.618099212646484,-2.660400390625,0.9644209889102948,28.655543025187033,,,0.0,-1,-1,0,32,prompt
0,4966,5,-11.118313420743961,3.530573272705078,33.69398727416992,1.9990878871778575,59.39828106279806,,,0.0,-1,-1,0,32,prompt
0,5010,1,63.73942545800086,-12.193499565124512,4.900700092315674,0.2839065355556204,8.435627219123695,,,0.0,-1,-1,0,32,prompt
0,5032,3,-6.261107853512044,17.58820088704427,-2.7080583572387695,0.6367150744704616,18.918518386756688,,,0.0,-1,-1,0,32,prompt
0,5034,2,-27.437651471029376,-25.12138032913208,31.213719367980957,0.303233083632302,9.009870973985826,,,0.0,-1,-1,0,32,prompt
0,5162,1,11.115120515779656,5.542500019073486,30.17449951171875,0.8688870960444397,25.816973967835512,,,0.0,-1,-1,0,32,prompt
0,5314,1,10.971439792385768,39.68429946899414,-5.344099998474121,0.4505304169966755,13.386471154045491,,,0.0,-1,-1,0,32,prompt
0,5348,7,5.545948856061801,39.87432861328125,-20.673071588788712,3.519929773755062,104.58658639464451,,,0.0,-1,-1,0,32,prompt
0,5382,7,-15.013595317966933,7.973281519753593,5.5458286830357135,1.1553567132947469,34.32875724186024,,,0.0,-1,-1,0,32,prompt
0,5394,1,38.53144076478466,36.13710021972656,7.561100006103516,0.2300229360801098,6.834600467448488,,,0.0,-1,-1,0,32,prompt
0,5468,1,-51.55849301916365,-15.297300338745115,-35.05189895629883,0.050791600399391,1.5091551379521422,,,0.0,-1,-1,0,32,prompt
0,5536,1,-58.29552249385474,-30.372900009155277,-56.77849960327149,0.3551909181310546,10.553678065593036,,,0.0,-1,-1,0,32,prompt
0,5542,9,6.127834567112311,11.996433152092827,-16.255411359998917,2.310146416328164,68.64066708292137,,,0.0,-1,-1,0,32,prompt
0,5732,1,-46.05073195573136,-15.297300338745115,-35.05189895629883,0.0507916004166072,1.5091551384636828,,,0.0,-1,-1,0,32,prompt
0,5774,2,-45.57977847349584,-28.516161918640137,29.814236640930176,0.19271719575728208,5.726146525446321,,,0.0,-1,-1,0,32,prompt
0,5912,6,5.0833108148530854,0.8914190928141276,-27.57561429341634,1.513057612192212,44.95701359087029,,,0.0,-1,-1,0,32,prompt
0,6002,4,7.378226032760756,0.5334659814834595,-13.583847284317017,1.3215276630533015,39.266143357567614,,,0.0,-1,-1,0,32,prompt
0,6014,4,-33.45878078613288,-51.406686782836914,26.41945719718933,1.1145124991181112,33.11516571893933,,,0.0,-1,-1,0,32,prompt
0,6078,5,-7.875990385976434,34.008780288696286,45.5050552368164,2.1000118792648714,62.39700447381672,,,0.0,-1,-1,0,32,prompt
0,6096,1,-40.79840328944376,-15.297300338745115,-35.05189895629883,0.0507916004166072,1.5091551384636828,,,0.0,-1,-1,0,32,prompt
0,6166,1,-10.668113820776451,16.100961685180664,48.0490608215332,0.0892191916436917,2.650942289950535,,,0.0,-1,-1,0,32,prompt
1,33,1,-27.478758457861097,-11.833237648010254,23.994611740112305,0.1371640329794677,4.075512554939744,,,0.0,-1,-1,0,32,prompt
1,139,11,-26.235493166011835,-12.452989968386563,25.43303004178134,3.4639022348300865,102.92185743216722,,,0.0,-1,-1,0,32,prompt
1,145,12,-28.029771212609344,38.74900255600611,-14.145863572756449,2.7670677406329194,82.21702929226586,,,0.0,-1,-1,0,32,prompt
1,191,2,38.728381759846,-14.41049861907959,-5.7642002105712855,0.4364970075301078,12.96950079215647,,,0.0,-1,-1,0,32,prompt
1,413,1,61.66403723120029,-21.061500549316406,49.240699768066406,0.2914891891628652,8.660928264192203,,,0.0,-1,-1,0,32,prompt
1,427,4,-30.360355188149587,-53.540550231933594,42.32643222808838,1.6079580888045584,47.776762146683595,,,0.0,-1,-1,0,32,prompt
1,441,1,-50.37711818236948,-33.920101165771484,-24.41029930114746,0.1453301895764483,4.31815104415346,,,0.0,-1,-1,0,32,prompt
1,505,1,-47.822794210922616,-37.46730041503906,-42.58969879150391,0.181449763631772,5.391360794143702,,,0.0,-1,-1,0,32,prompt
1,561,1,-2.7177804596481026,40.54338836669922,55.42058563232422,0.2032863053348488,6.040183214527597,,,0.0,-1,-1,0,32,prompt
1,579,2,-34.55365851901254,38.603511810302734,41.065513610839844,0.7327701451445987,21.77257303938323,,,0.0,-1,-1,0,32,prompt
1,669,1,-42.10749432481027,-47.52693939208984,43.00538635253906,0.2000634816925716,5.94442445086961,,,0.0,-1,-1,0,32,prompt
1,723,3,-3.768898271212722,-2.992950757344564,23.212366898854572,0.8215122567223696,24.40933999665991,,,0.0,-1,-1,0,32,prompt
1,759,5,-10.818324267074612,48.68532028198242,-11.732589817047119,2.471301358427141,73.4290141120094,0.375573068857193,242.18267822265625,242.18267822265625,5,6,1,32,prompt
1,763,6,-6.4877904408895715,41.342431704203285,2.8298230171203618,1.664331580788556,49.4517703055715,,,0.0,-1,-1,0,32,prompt
1,905,1,53.47423599774879,-26.82570075988769,58.108699798583984,0.2330552383411168,6.924698328138805,,,0.0,-1,-1,0,32,prompt
1,909,3,18.4580048171708,17.95770009358724,-5.624166806538899,0.9713218317810492,28.86058563838897,,,0.0,-1,-1,0,32,prompt
1,1031,3,7.498478454661329,21.652699788411457,-3.2593666712443032,0.7723843066440671,22.94961638695425,,,0.0,-1,-1,0,32,prompt
1,1039,3,-3.3538206258526095,-9.579288482666016,2.0706704457600913,0.7054181745946312,20.959872384865285,,,0.0,-1,-1,0,32,prompt
1,1083,3,-4.231072374518891,8.941900253295898,-20.99536641438802,0.7767937728686092,23.080633495217565,,,0.0,-1,-1,0,32,prompt
1,1095,7,6.326651902012225,31.449728761400497,-9.454728467123848,3.9118234119334527,116.23080104700988,,,0.0,-1,-1,0,32,prompt
1,1139,1,-16.463236330996516,23.472488403320312,6.147762298583984,0.1456803660110353,4.328555728418009,,,0.0,-1,-1,0,32,prompt
1,1187,4,-3.095032304166838,7.7110031843185425,-30.1420658826828,0.7898041193666427,23.467205903049802,,,0.0,-1,-1,0,32,prompt
1,1219,3,-39.395359193144564,-7.1682999928792315,-50.57089932759603,0.9247008826440186,27.47535177347617,0.3048405647277832,249.8328857421875,249.8328857421875,7,3,1,32,prompt
1,1229,4,-17.935365908394914,18.373387336730957,-3.893606185913086,0.7058928617202007,20.973976616841437,0.5374464392662048,51.733219146728516,51.733219146728516,4,15,1,32,prompt
1,1265,1,19.83175106834206,-39.24089813232422,27.51409912109375,0.2680221968238815,7.963660767555389,,,0.0,-1,-1,0,32,prompt
1,1363,2,3.464301886274802,-14.424356460571289,-8.577018976211548,0.6432781024013952,19.11352360897076,,,0.0,-1,-1,0,32,prompt
1,1437,3,-25.478817940514446,2.290899872779846,-21.306499640146892,0.8260176314060101,24.54320680335138,,,0.0,-1,-1,0,32,prompt
1,1465,5,-38.45486527235603,4.223385620117187,-3.1638851165771484,1.2439121124291397,36.95997646996462,,,0.0,-1,-1,0,32,prompt
1,1473,10,-25.912656302640805,0.7122112274169922,26.893216705322267,3.310173628716,98.35416683090637,,,0.0,-1,-1,0,32,prompt
1,1479,6,-12.050510297198976,-7.708693623542786,-13.534614404042562,4.260769423032018,126.5989261184069,,,0.0,-1,-1,0,32,prompt
1,1489,2,25.098848584673345,1.6488933563232457,-3.283931732177731,0.2911860337341053,8.651920700553461,,,0.0,-1,-1,0,32,prompt
1,1493,6,21.979054395390317,-17.02933120727539,-17.848526914914448,2.179617125899718,64.76229058455652,,,0.0,-1,-1,0,32,prompt
1,1527,2,-58.09596593358546,4.281580924987794,7.662506103515625,0.195091571594838,5.796695621487801,,,0.0,-1,-1,0,32,prompt
1,1601,2,-2.079199466786388,50.04877471923828,52.70476150512695,1.165776858410232,34.638367795880704,,,0.0,-1,-1,0,32,prompt
1,1631,1,-43.86359205517999,52.18263626098633,48.82501220703125,0.1424464775094105,4.232468198011112,,,0.0,-1,-1,0,32,prompt
1,1653,2,-7.487362141303606,-36.84376907348633,31.823392868041992,0.4008879009734623,11.911458405319392,,,0.0,-1,-1,0,32,prompt
1,1753,1,33.48141979076122,-49.88249969482422,-23.08009910583496,0.5819919121050389,17.292545962194986,,,0.0,-1,-1,0,32,prompt
1,1769,1,45.8431931330513,-21.948299407958984,-30.617900848388672,0.2923532978554587,8.686603258933898,,,0.0,-1,-1,0,32,prompt
1,1775,2,-45.69689684444946,8.535449981689453,16.623087882995605,0.4088785991149114,12.148883551626398,,,0.0,-1,-1,0,32,prompt
1,1861,6,7.786238459708392,32.93630599975586,8.48317321141561,1.9682244992542952,58.48124674820276,,,0.0,-1,-1,0,32,prompt
1,1883,4,33.82268367103802,5.431649893522263,-36.160398960113525,1.7066477067370118,50.70909628843437,,,0.0,-1,-1,0,32,prompt
1,1887,3,-31.594028063683947,-39.684300104777016,-22.636699676513672,0.9892271791223858,29.392601694676088,,,0.0,-1,-1,0,32,prompt
1,1939,4,32.29866938796961,5.209949493408203,-23.511849880218506,1.660796260322114,49.34672642027777,,,0.0,-1,-1,0,32,prompt
1,1975,1,-35.17889055226066,-15.297300338745115,-35.05189895629883,0.0507916004166072,1.5091551384636828,,,0.0,-1,-1,0,32,prompt
1,2041,5,-14.42416019786217,0.6152172088623047,-1.1187021255493164,0.869997759091812,25.849974755983467,,,0.0,-1,-1,0,32,prompt
1,2093,2,31.568292377384026,-17.73599910736084,-7.316099166870114,0.5153678191201372,15.31296486120705,,,0.0,-1,-1,0,32,prompt
1,2157,7,-16.84536006261823,1.1282942635672437,24.73349482672555,2.5027259357494485,74.36272287391137,,,0.0,-1,-1,0,32,prompt
1,2413,1,16.399378231710344,-3.325500011444092,23.08009910583496,0.0752133597245395,2.234791331211773,,,0.0,-1,-1,0,32,prompt
1,2441,2,-0.7104213545586546,1.10849952697754,-5.320799827575684,0.7401015345973594,21.990408350221248,,,0.0,-1,-1,0,32,prompt
1,2571,3,-5.514352985034745,-7.611700057983398,-14.2121000289917,1.1423543533841045,33.94242213703287,,,0.0,-1,-1,0,32,prompt
1,2595,1,-22.60957838729052,-35.250301361083984,-38.599098205566406,0.2246059436489836,6.673647044138363,,,0.0,-1,-1,0,32,prompt
1,2655,2,14.234989443613419,1.5934696197509766,24.036181449890137,0.7055591534686,20.964061246612488,,,0.0,-1,-1,0,32,prompt
1,2659,2,-30.953658171754622,-3.671905517578125,5.778055191040039,0.6317354995072091,18.770561813592664,,,0.0,-1,-1,0,32,prompt
1,2669,6,-28.78300128176379,-25.721818685531616,34.82558147112528,1.4570476661602403,43.292807360590025,,,0.0,-1,-1,0,32,prompt
1,2863,3,-46.203311985534306,5.117574691772461,3.536491711934405,0.5228053606055962,15.533954234612331,,,0.0,-1,-1,0,32,prompt
1,2877,1,-54.00106531685971,-15.297300338745115,-35.05189895629883,0.0507916004166072,1.5091551384636828,,,0.0,-1,-1,0,32,prompt
1,3111,1,-37.54164022584901,-15.297300338745115,-35.05189895629883,0.0507916004166072,1.5091551384636828,,,0.0,-1,-1,0,32,prompt
1,3163,1,-12.87121824614937,-48.99570083618164,-2.6837000846862797,0.2580046432050623,7.666012290352977,,,0.0,-1,-1,0,32,prompt
1,3183,3,-44.133245267007574,-22.2900873819987,-19.508128484090168,0.1592126848111961,4.7306373380755415,,,0.0,-1,-1,0,32,prompt
1,3217,1,-17.612682118147603,-26.5762882232666,55.80856323242188,0.1031572571909913,3.0650797274090555,,,0.0,-1,-1,0,32,prompt
1,3301,1,-43.09729486374593,-40.57109832763672,-51.45769882202149,0.2912308069134319,8.653251032204597,,,0.0,-1,-1,0,32,prompt
1,3313,2,2.3308206239452574,9.533099174499512,-28.40089988708496,0.4606713377109103,13.687785199657577,,,0.0,-1,-1,0,32,prompt
1,3389,1,-14.084522132586628,15.740699768066406,-50.12749862670898,0.5521671618280282,16.406372367254868,,,0.0,-1,-1,0,32,prompt
1,3419,1,-58.24762891939011,7.953487396240234,2.655987501144409,0.0733191552684956,2.1785094191497,,,0.0,-1,-1,0,32,prompt
1,3421,4,9.27538892131641,8.757148742675785,-37.158050537109375,2.2037720456145653,65.47999825487676,,,0.0,-1,-1,0,32,prompt
1,3463,3,-40.30453999145393,-22.096099853515625,-40.52050018310547,0.9604055317748657,28.53623298731644,,,0.0,-1,-1,0,32,prompt
1,3553,1,12.71157299793394,14.853899955749512,-47.02370071411133,0.4712986106808302,14.003550079654678,,,0.0,-1,-1,0,32,prompt
1,3639,8,9.99709588649251,-22.97366300225258,11.058390855789185,2.5819280858333125,76.71603190131017,,,0.0,-1,-1,0,32,prompt
1,3695,4,-10.605743395313826,10.10120677947998,34.525362491607666,1.1831343043390843,35.15410422669354,,,0.0,-1,-1,0,32,prompt
1,3717,3,-46.20505569567294,-47.27752558390299,11.185142517089844,0.6626224702187475,19.688296836284614,,,0.0,-1,-1,0,32,prompt
1,3721,1,-54.57578821043525,26.5762882232666,14.683212280273438,0.2346238721183107,6.971306659158157,,,0.0,-1,-1,0,32,prompt
1,3731,4,-33.60776042333613,35.229515075683594,-1.4042032957077022,1.107161856960335,32.896758358422524,0.2524658739566803,254.00894165039062,254.00894165039062,6,15,1,32,prompt
1,3739,1,-36.99884638191655,55.67441177368164,15.459162712097168,0.1646275114236204,4.89152640908339,,,0.0,-1,-1,0,32,prompt
1,3749,4,-27.79137447448516,15.796125054359438,-11.971799373626709,0.6518873963406611,19.369328901192652,,,0.0,-1,-1,0,32,prompt
1,3753,3,2.908557640988043,14.161087036132812,47.56871223449707,0.9913376376192591,29.45530909627295,,,0.0,-1,-1,0,32,prompt
1,3781,1,-33.96558666582341,-15.297300338745115,-35.05189895629883,0.0824576235787324,2.450037906044396,,,0.0,-1,-1,0,32,prompt
1,3807,3,-16.77640820263495,-0.6558624903361009,-1.1284462610880546,0.6083387180680654,18.075380471741298,,,0.0,-1,-1,0,32,prompt
1,3885,2,-43.40860309776602,13.745400428771973,-46.80200004577637,0.32313605907614307,9.601241937204545,,,0.0,-1,-1,0,32,prompt
1,3931,1,-60.89774003976623,-33.947811126708984,64.34400939941406,0.2519196031310964,7.485209373727804,,,0.0,-1,-1,0,32,prompt
1,3945,1,-52.420577359526966,-13.080300331115724,-37.71229934692383,0.3504791573495789,10.413678972509707,,,0.0,-1,-1,0,32,prompt
1,3983,1,-26.409135294817723,43.23149871826172,-54.11809921264648,0.6041133047612643,17.949832070986304,,,0.0,-1,-1,0,32,prompt
1,3985,2,-9.590508395322308,21.14463806152344,26.128475189208984,0.5056523826614895,15.02429309788944,,,0.0,-1,-1,0,32,prompt
1,4047,3,9.052358870624838,38.94529914855957,28.3824249903361,0.4709224617581423,13.992373682871637,,,0.0,-1,-1,0,32,prompt
1,4089,3,15.803369305039405,30.964100519816082,-42.58969910939535,1.8063097267510564,53.67032311295253,,,0.0,-1,-1,0,32,prompt
1,4135,2,0.7104213545586582,33.379706382751465,9.907218933105469,0.9235656222368924,27.44162013157364,,,0.0,-1,-1,0,32,prompt
1,4147,1,-13.908912359549657,-17.652862548828125,9.251562118530272,0.0461179766296542,1.370289198121703,,,0.0,-1,-1,0,32,prompt
1,4205,3,16.265543408345575,29.58771292368571,35.67081260681152,0.7007084583855804,20.81993404153104,,,0.0,-1,-1,0,32,prompt
1,4251,2,45.6196897855497,3.325500488281251,30.839600563049316,0.5174243805252376,15.374070835159758,,,0.0,-1,-1,0,32,prompt
1,4299,3,-8.653245750086265,-14.80771255493164,18.21782048543294,0.8380761272588727,24.901497166900153,,,0.0,-1,-1,0,32,prompt
1,4319,4,-8.23560929670364,-0.7620933055877686,-4.641843914985657,1.0395032678294465,30.88643959290677,,,0.0,-1,-1,0,32,prompt
1,4401,3,46.93410232919007,23.426299730936687,6.215366681416829,0.5884573068125282,17.484650238590522,,,0.0,-1,-1,0,32,prompt
1,4447,6,-6.02887031601007,-36.04010677337646,-22.476514498392742,2.8275235517179675,84.01333413796152,,,0.0,-1,-1,0,32,prompt
1,4451,2,-33.28447879569988,14.895467758178711,1.4271945953369176,0.4973369536588017,14.777219323781056,,,0.0,-1,-1,0,32,prompt
1,4671,5,-16.611300098413544,-14.55460433959961,8.349899816513062,1.6013043105231701,47.57906048733065,,,0.0,-1,-1,0,32,prompt
1,4707,1,-25.754589777134463,-35.11173629760742,7.699662685394287,0.456773322835642,13.571964687396347,,,0.0,-1,-1,0,32,prompt
1,4711,1,-46.641419374128446,-46.363014221191406,13.907262802124023,0.084834379368329,2.5206577168659154,,,0.0,-1,-1,0,32,prompt
1,4727,2,-15.16212755804077,-40.57110023498535,-31.94810009002686,0.4975524140743508,14.783621232572951,,,0.0,-1,-1,0,32,prompt
1,4897,6,-48.08620887047807,-1.5842309792836506,36.49903933207194,2.325045475590459,69.0833582298736,,,0.0,-1,-1,0,32,prompt
1,4985,4,25.220488140827825,-7.794139862060547,-10.856371641159058,1.6109727202750237,47.86633496063139,,,0.0,-1,-1,0,32,prompt
1,5021,5,-14.45289634254095,-16.82702980041504,19.966979598999025,1.0773156630525569,32.009947615503314,,,0.0,-1,-1,0,32,prompt
1,5057,1,-31.02288296824361,-38.35409927368164,-40.37269973754883,0.1160375255544156,3.4477871637964546,,,0.0,-1,-1,0,32,prompt
1,5127,4,-16.492661923257764,-8.001983642578125,8.93035364151001,1.444135845381442,42.90916241702816,,,0.0,-1,-1,0,32,prompt
1,5145,1,39.10616365836021,-58.30709838867188,-31.94809913635254,0.2096249117013082,6.228520268099021,,,0.0,-1,-1,0,32,prompt
1,5273,4,-46.286208696849116,-3.886677980422974,-35.86469638347626,0.9807085292280882,29.139489680970986,,,0.0,-1,-1,0,32,prompt
1,5301,4,6.8880946231068165,-20.61810040473938,-24.17694878578186,1.5526966984683084,46.13479752063235,,,0.0,-1,-1,0,32,prompt
1,5317,1,-53.218803600604105,49.4390983581543,-14.2121000289917,0.2823928268899454,8.390650860981738,,,0.0,-1,-1,0,32,prompt
1,5321,1,-18.23529858618777,-6.789562702178955,11.579412460327148,0.0955528919680715,2.8391335718086577,,,0.0,-1,-1,0,32,prompt
1,5401,2,-15.304612606656793,-5.112957000732422,-27.3383811712265,0.858826511328755,25.518046920940165,,,0.0,-1,-1,0,32,prompt
1,5421,2,-25.49117511757901,-30.594600677490234,-30.617900848388672,0.5546811293244283,16.481069107148937,,,0.0,-1,-1,0,32,prompt
1,5673,5,6.29230952367938,19.9086594581604,31.406699180603027,2.5052067989001956,74.43643599460584,,,0.0,-1,-1,0,32,prompt
1,5737,2,-4.793168686448676,52.98630142211914,-38.37740135192871,0.983774003310206,29.230573165738342,,,0.0,-1,-1,0,32,prompt
1,5859,3,9.385630326779177,43.67489878336588,35.199700037638344,0.8881744172430117,26.39005218658184,,,0.0,-1,-1,0,32,prompt
1,6005,5,-35.80851501311625,-37.99938049316406,-44.80669937133789,1.4486776750964347,43.04411240080871,,,0.0,-1,-1,0,32,prompt
1,6025,1,-7.491173381289421,-10.669312477111816,31.36613655090332,0.222298853739508,6.605097194099684,,,0.0,-1,-1,0,32,prompt
1,6041,4,10.661619232189226,7.378452777862549,22.88139009475708,0.939592809060565,27.91783098438533,,,0.0,-1,-1,0,32,prompt
1,6081,3,1.2013904565609579,-13.006400426228842,20.14257526397705,0.6304234145598453,18.731576238730415,,,0.0,-1,-1,0,32,prompt
2,33,2,-17.755167166763627,-51.53139305114746,4.198444366455078,0.45846782415291765,13.622312881765591,,,0.0,-1,-1,0,32,prompt
2,125,4,-48.2777831683366,31.391334533691406,-8.872721910476685,0.9986205947052885,29.671705351154444,,,0.0,-1,-1,0,32,prompt
2,139,3,-47.703977318759335,27.481561024983723,36.28048769632975,0.8602747657001165,25.561078455847813,,,0.0,-1,-1,0,32,prompt
2,167,5,-41.0230070897433,2.0174700260162353,-6.7886800289154055,1.3185354494056967,39.177236637467736,,,0.0,-1,-1,0,32,prompt
2,357,5,5.9672554002067075,20.479537582397462,-13.598646926879884,1.2581271120805828,37.38234236494084,,,0.0,-1,-1,0,32,prompt
2,377,5,-11.576567239610071,11.666962242126466,5.242322921752928,1.9062373700711779,56.63944232073828,,,0.0,-1,-1,0,32,prompt
2,451,3,23.046888659366086,-43.62871344884237,44.15083758036295,1.1867696083858899,35.262118893235154,,,0.0,-1,-1,0,32,prompt
2,517,2,23.59818325144832,39.75358200073242,-13.371281027793884,0.7636123389099968,22.688977618501866,,,0.0,-1,-1,0,32,prompt
2,697,2,-35.96651896571908,-45.102094650268555,-12.817031860351562,0.23370422048968348,6.943981334310049,,,0.0,-1,-1,0,32,prompt
2,727,6,13.318344868632282,14.493637084960938,16.718404213587444,1.695052813849507,50.3645808166322,,,0.0,-1,-1,0,32,prompt
2,729,3,-1.0381674102103133,22.24390157063802,-47.910499572753906,0.8939020317987749,26.560235029159546,,,0.0,-1,-1,0,32,prompt
2,743,5,19.06602183308004,-26.066377639770508,-2.9698975563049315,1.2706040641259921,37.75306618811728,,,0.0,-1,-1,0,32,prompt
2,879,4,-23.745077377439088,15.311156034469604,27.835000038146973,0.7532638797693725,22.381497047715442,,,0.0,-1,-1,0,32,prompt
2,1035,2,32.49423481703351,-50.7692985534668,14.877200603485107,0.8031895510868117,23.86492310225903,,,0.0,-1,-1,0,32,prompt
2,1053,7,3.3818929792913863,48.04159818376814,19.861491339547293,2.2895279773249024,68.02803777190051,,,0.0,-1,-1,0,32,prompt
2,1099,4,11.098558153569178,16.405799746513367,-24.066100597381592,1.4776455129637156,43.9048248219376,,,0.0,-1,-1,0,32,prompt
2,1197,1,-33.67299408861973,60.33011245727539,62.7921142578125,0.0620156914977585,1.8426530906992136,,,0.0,-1,-1,0,32,prompt
2,1219,5,-47.99416485291211,-30.904980087280272,-35.05189933776855,1.2239409145805666,36.36657843550155,,,0.0,-1,-1,0,32,prompt
2,1265,3,-23.606444144638658,-14.410499890645346,18.667517344156902,0.29758781859988104,8.842134957365214,,,0.0,-1,-1,0,32,prompt
2,1287,5,-31.66994222320031,-21.970469668507576,2.5892295837402344,1.4663949265840797,43.570539623080094,,,0.0,-1,-1,0,32,prompt
2,1327,4,-49.71459040227545,-43.10679352283478,16.01782512664795,0.9560658034863623,28.407287980811205,,,0.0,-1,-1,0,32,prompt
2,1389,1,62.22279559995429,35.69369888305664,-15.5423002243042,0.3687417458833504,10.956309626029684,,,0.0,-1,-1,0,32,prompt
2,1457,1,-61.32878220994789,-7.177537441253662,51.152862548828125,0.0762028673355325,2.264192265292023,,,0.0,-1,-1,0,32,prompt
2,1479,1,42.05960075034564,-33.03329849243164,54.11809921264648,0.2691891685861278,7.998334639159955,,,0.0,-1,-1,0,32,prompt
2,1501,9,-16.1531004202761,-44.77724181281196,29.54929150475396,2.744756326619804,81.55409713757685,,,0.0,-1,-1,0,32,prompt
2,1503,2,-6.433703503081777,-32.81160068511963,-41.48119926452637,0.6528040461983573,19.39656503534805,,,0.0,-1,-1,0,32,prompt
2,1509,1,49.355388593790735,-57.4202995300293,-8.44789981842041,0.2241008178360457,6.658638396844063,,,0.0,-1,-1,0,32,prompt
2,1529,2,10.11614203965536,-15.061743259429935,-18.054694175720215,0.7597915664524818,22.57545218634648,,,0.0,-1,-1,0,32,prompt
2,1585,4,-36.00982357158939,19.405678391456604,33.20429706573486,1.005017274949712,29.861767935928295,,,0.0,-1,-1,0,32,prompt
2,1599,3,4.531617664511567,34.80690129597982,-23.81910006205241,1.565544216764069,46.51653186437264,,,0.0,-1,-1,0,32,prompt
2,1715,2,-20.286740025756032,6.983549118041992,32.14208793640137,0.2254920284515594,6.699975008249623,,,0.0,-1,-1,0,32,prompt
2,1729,2,-15.34452391871065,20.548818111419678,-0.8729438781738281,0.6515476070429153,19.359232846717457,,,0.0,-1,-1,0,32,prompt
2,1753,4,-11.556230459584562,26.929621696472168,-8.886578798294067,1.411746751395261,41.94679526934038,,,0.0,-1,-1,0,32,prompt
2,1841,1,18.55458908261863,-33.03329849243164,5.787499904632568,0.2257691819737766,6.708209985268785,,,0.0,-1,-1,0,32,prompt
2,1859,1,-55.35804992669085,45.44850158691406,-35.05189895629883,0.1804715743187297,5.362296157155311,,,0.0,-1,-1,0,32,prompt
2,1869,2,11.318848098473897,22.18385601043701,6.0828952789306605,0.2454185630608968,7.292045977677537,,,0.0,-1,-1,0,32,prompt
2,1871,1,-56.0445244940172,50.32590103149414,-8.891300201416016,0.2929462685183129,8.704222013126806,0.344633549451828,195.66925048828125,362.43206787109375,7,15,2,32,prompt
2,1875,1,3.084964530543589,8.646300315856934,18.64609909057617,0.3981966989455968,11.83149555052285,,,0.0,-1,-1,0,32,prompt
2,1939,1,38.48354719032004,57.4202995300293,-48.79729843139648,0.6861847565059354,20.38839577257714,,,0.0,-1,-1,0,32,prompt
2,2039,2,-36.078270639469885,21.061500310897827,-31.283000469207764,0.449479809890025,13.355254789518625,,,0.0,-1,-1,0,32,prompt
2,2141,4,4.920466938851658,0.7274527549743652,25.2901713848114,1.3082763935641941,38.872412479299896,,,0.0,-1,-1,0,32,prompt
2,2185,1,-51.20727347308971,25.052099227905277,-26.183900833129883,0.2402693303657,7.139048416715456,,,0.0,-1,-1,0,32,prompt
2,2255,4,-17.888070171319217,-41.22234344482421,21.860750198364258,1.6670942869249354,49.533857739863464,,,0.0,-1,-1,0,32,prompt
2,2377,3,11.399941135910217,-8.766386985778809,-8.903478940327961,1.1347604861626222,33.716787905307356,,,0.0,-1,-1,0,32,prompt
2,2479,3,21.168396238697873,-18.317962646484375,54.51531219482422,0.8274588809818733,24.5860302069335,,,0.0,-1,-1,0,32,prompt
2,2689,2,-13.757249373744997,15.712987422943115,27.098411560058594,0.277605438346857,8.248404663571868,,,0.0,-1,-1,0,32,prompt
2,2701,2,-32.438358980158114,25.60635018348694,5.177824974060059,0.8055486028725478,23.935016879480933,,,0.0,-1,-1,0,32,prompt
2,2743,2,-54.63166404731065,-53.65139961242676,-41.03779983520508,0.29567292546284096,8.785238328913476,,,0.0,-1,-1,0,32,prompt
2,2757,2,5.59818151515873,20.174699783325195,-36.382100105285645,1.116303147382216,33.168370697849014,,,0.0,-1,-1,0,32,prompt
2,2767,2,-40.63077577881755,-17.057044029235836,-9.21440601348877,0.1154677962207892,3.4308589720418476,,,0.0,-1,-1,0,32,prompt
2,2915,10,4.182678389886849,-2.893184894323349,31.87138705253601,3.5408875077800706,105.20929707387045,,,0.0,-1,-1,0,32,prompt
2,2919,5,7.268381902935514,-24.298320293426514,18.206229782104494,1.3468132435867841,40.017446003637914,0.2808982729911804,119.63739013671875,119.63739013671875,6,14,1,32,prompt
2,2937,1,13.573657338297256,49.88249969482422,-37.71229934692383,0.3130654124527444,9.302015923952462,,,0.0,-1,-1,0,32,prompt
2,2945,2,-21.035877017590682,-26.603999853134155,-11.08500099182129,0.3186924653028744,9.46921080762468,,,0.0,-1,-1,0,32,prompt
2,3211,2,26.50372676896912,-19.68973159790039,23.232518196105957,0.2182936056335439,6.486090493968983,,,0.0,-1,-1,0,32,prompt
2,3235,3,-7.328190189898206,-5.20071283976237,20.151812712351482,1.82789179511729,54.31158444566151,,,0.0,-1,-1,0,32,prompt
2,3307,5,-26.80819418864153,-14.089034843444825,7.655075454711914,1.8031202662771204,53.575555658812746,,,0.0,-1,-1,0,32,prompt
2,3317,2,-43.605544092827344,37.051612854003906,24.382587790489197,0.2775832806290316,8.247746298144543,0.36336851119995117,87.78946685791016,87.78946685791016,4,7,1,32,prompt
2,3383,7,-32.45202349189273,-6.955837624413626,47.43938718523298,2.1952266196046595,65.2260906507172,,,0.0,-1,-1,0,32,prompt
2,3393,6,-9.485468570653678,-11.306699752807617,-13.908733685811361,2.7071599153252324,80.437006578752,,,0.0,-1,-1,0,32,prompt
2,3509,5,26.027600881355916,-11.844322967529294,2.8718976974487305,2.5605796923216007,76.08171367739357,,,0.0,-1,-1,0,32,prompt
2,3557,21,-44.212941106204354,51.565044312250045,35.2783994220552,8.175280172619539,242.90957519926806,,,0.0,-1,-1,0,32,prompt
2,3619,4,35.745101129429955,28.931851387023926,0.5542502403259277,1.0314654105659353,30.647613222168914,,,0.0,-1,-1,0,32,prompt
2,3707,3,8.70900165948195,2.2447122881809864,14.87090460459391,1.1413456529025796,33.91245093111737,,,0.0,-1,-1,0,32,prompt
2,3749,2,-47.04851475707778,-42.0260066986084,-1.2609190940856934,0.3497655041866816,10.392474416460415,,,0.0,-1,-1,0,32,prompt
2,3787,1,-42.7141462680289,21.061500549316406,-5.787499904632568,0.4992618514062398,14.834413216132074,,,0.0,-1,-1,0,32,prompt
2,3805,5,9.643335240209057,8.834745383262632,19.81179008483887,1.360710711379931,40.43037717256409,,,0.0,-1,-1,0,32,prompt
2,3811,1,56.79485716062971,33.03329849243164,-15.985699653625488,0.1826536937784376,5.427132798811577,,,0.0,-1,-1,0,32,prompt
2,3823,3,-49.71192964813852,-5.791912714640298,-39.83062903086344,1.4183539733115176,42.14311361379302,,,0.0,-1,-1,0,32,prompt
2,3825,1,20.677870883883838,-29.042699813842773,4.457300186157227,0.4557908424829457,13.542772552071815,,,0.0,-1,-1,0,32,prompt
2,3855,3,-6.695727821828915,-29.818649291992188,47.20845031738281,0.5799757897205655,17.23264154037439,,,0.0,-1,-1,0,32,prompt
2,3921,1,7.906251026649536,9.976499557495115,-38.15570068359375,0.4024345878130511,11.95741463375901,,,0.0,-1,-1,0,32,prompt
2,3979,2,-8.639423493662644,27.3106689453125,-3.976743698120117,0.5177423882810364,15.383519701405332,,,0.0,-1,-1,0,32,prompt
2,4007,5,1.5316882218952963,26.398927307128908,48.6919921875,1.5897006937838203,47.2342858064126,,,0.0,-1,-1,0,32,prompt
2,4031,6,11.294382825502579,-5.83810035387675,34.83167107899984,1.7990421877919938,53.45438497211639,,,0.0,-1,-1,0,32,prompt
2,4149,1,-51.71813826737908,-2.1338624954223637,11.19143772125244,0.1202687142899214,3.573507168081068,,,0.0,-1,-1,0,32,prompt
2,4189,3,25.505425481883687,-49.57766342163086,16.164154370625813,1.0053642595976449,29.872077783621627,,,0.0,-1,-1,0,32,prompt
2,4199,5,4.960389883651556,-9.427792644500732,-22.667942428588866,1.2115575819222761,35.998636296264394,,,0.0,-1,-1,0,32,prompt
2,4245,2,-60.07556701145677,-39.18547439575195,13.907262802124023,0.3022464089942526,8.980554215155815,,,0.0,-1,-1,0,32,prompt
2,4335,4,-28.30753818258389,-7.21217805147171,9.316121578216553,1.102648727351911,32.76266113204572,0.3379768133163452,107.38530731201172,107.38530731201172,4,3,1,32,prompt
2,4349,5,-49.62359261079265,-21.78202533721924,32.43760528564453,1.7939305643228214,53.30250488247324,,,0.0,-1,-1,0,32,prompt
2,4487,5,44.80340656748465,9.976500320434571,-22.27266044616699,1.8314805623512944,54.418216378255174,,,0.0,-1,-1,0,32,prompt
2,4489,5,-24.58336161140526,0.29929409027099607,32.26956443786621,0.7088108863545582,21.060678981700654,,,0.0,-1,-1,0,32,prompt
2,4755,4,-0.24006570971207397,22.07993459701538,2.7665281295776367,1.206384679312461,35.84493543843867,,,0.0,-1,-1,0,32,prompt
2,4777,1,-36.75937850959341,32.007938385009766,29.03828811645508,0.3210501960667313,9.539265333731423,,,0.0,-1,-1,0,32,prompt
2,4795,4,-31.684035182340207,-23.77039670944214,-9.025140523910522,0.4858551591931833,14.436064310463026,,,0.0,-1,-1,0,32,prompt
2,4801,9,20.4644490159649,36.826833724975586,-26.912544356452095,3.8423429904773077,114.16635074020525,,,0.0,-1,-1,0,32,prompt
2,5071,7,26.93374802914048,4.703207424708775,47.680882045200896,2.0523955561701914,60.98219536987702,,,0.0,-1,-1,0,32,prompt
2,5111,6,5.630629050540816,2.6234501202901206,18.111795425415036,1.689224735364537,50.19141292034978,,,0.0,-1,-1,0,32,prompt
2,5159,4,-0.10317157395109788,-18.380316257476807,22.74282717704773,0.9931487386801455,29.509121782817466,,,0.0,-1,-1,0,32,prompt
2,5285,1,-45.74740598412205,-15.297300338745115,-35.05189895629883,0.0824576235787324,2.450037906044396,,,0.0,-1,-1,0,32,prompt
2,5289,1,-14.084522132586628,52.0994987487793,-11.5516996383667,0.1404645387185822,4.173579462752417,,,0.0,-1,-1,0,32,prompt
2,5505,6,-21.24329591279103,-18.036218961079914,11.994893232981363,1.3578716592283704,40.34602129269909,,,0.0,-1,-1,0,32,prompt
2,5521,1,5.70314660127662,-50.7692985534668,-49.68410110473633,0.2813707452730867,8.360282065524228,,,0.0,-1,-1,0,32,prompt
2,5607,3,3.1196742618033113,-9.828700383504232,17.004767100016277,0.6110877908126737,18.157062821273634,,,0.0,-1,-1,0,32,prompt
2,5611,14,-25.937105550995593,-31.465564472334727,-13.870825495038714,6.429379147924367,191.0341571959751,,,0.0,-1,-1,0,32,prompt
2,5655,8,18.2250778933929,-43.314637422561646,7.39120626449585,2.201001783310201,65.39768630649884,,,0.0,-1,-1,0,32,prompt
2,5663,3,28.511131062987534,-15.001700083414713,-57.22189966837565,1.2297587620700607,36.53944234137479,,,0.0,-1,-1,0,32,prompt
2,5835,2,19.680088082537402,7.316100120544434,23.30180025100708,0.4919894551288758,14.618330751297208,,,0.0,-1,-1,0,32,prompt
2,6107,5,-4.211725626009027,-11.927460098266602,-26.697339820861817,1.858932334139892,55.2338823961574,,,0.0,-1,-1,0,32,prompt
2,6129,1,-44.32656327500473,-15.297300338745115,-35.05189895629883,0.0824576235787324,2.450037906044396,,,0.0,-1,-1,0,32,prompt
2,6171,2,-33.69955644106,50.11805534362793,-18.941494464874268,0.3214869806842249,9.55224338018961,,,0.0,-1,-1,0,32,prompt
2,6175,3,-36.19633560404356,37.09780057271322,10.794225056966146,0.612138942622146,18.188295370387245,,,0.0,-1,-1,0,32,prompt
2,6245,2,-34.872949015443396,-8.964993476867676,2.036867141723633,0.3470058595497808,10.310477947557047,,,0.0,-1,-1,0,32,prompt
3,21,5,-50.647468878252525,10.442069625854492,28.480259704589844,1.1123317223810112,33.05036897318527,,,0.0,-1,-1,0,32,prompt
3,135,3,-18.64957911502931,13.97633695602417,-12.986454010009766,1.3107238471265825,38.94513291121254,,,0.0,-1,-1,0,32,prompt
3,149,7,-15.013936939332037,-10.894971302577428,8.009542465209961,1.8482118566052739,54.915348157711485,,,0.0,-1,-1,0,32,prompt
3,365,1,-15.186074345273086,16.627500534057617,-61.65589904785156,0.0869832629660495,2.584506831618358,,,0.0,-1,-1,0,32,prompt
3,427,1,34.26891263743272,60.96749877929688,26.183900833129883,0.559068176568039,16.611420087154936,,,0.0,-1,-1,0,32,prompt
3,429,2,-2.7576917717019596,-20.950650215148926,20.890812158584595,0.18604438385766292,5.52787932607256,,,0.0,-1,-1,0,32,prompt
3,515,5,-17.452558600021028,-8.674013137817381,15.107971954345704,0.8469924870362031,25.166426211544902,,,0.0,-1,-1,0,32,prompt
3,657,3,-47.74829309508875,-35.27801195780436,-5.411703109741208,0.48409770936211843,14.383845746342402,,,0.0,-1,-1,0,32,prompt
3,703,2,-38.970465197377095,52.55675506591797,4.226156234741211,0.3338604583482293,9.919892701024793,,,0.0,-1,-1,0,32,prompt
3,723,1,16.990065650107432,52.98630142211914,-51.45769882202149,0.5955595295433682,17.695676389388005,,,0.0,-1,-1,0,32,prompt
3,887,5,-5.182368735158835,-32.673037719726565,25.64804153442383,1.3670604066877678,40.61904370842634,,,0.0,-1,-1,0,32,prompt
3,891,3,7.144478226970752,9.089700063069662,3.111565907796224,0.9980110025833588,29.65359272868082,,,0.0,-1,-1,0,32,prompt
3,999,1,-51.38288324612668,-46.7509880065918,63.18008804321289,0.113648605175669,3.3768059102940104,,,0.0,-1,-1,0,32,prompt
3,1011,7,-30.105682759473645,-2.672277450561522,8.951944283076696,2.159096508557828,64.15256781835217,,,0.0,-1,-1,0,32,prompt
3,1081,3,-22.344449567218195,12.997161865234375,-2.735771814982096,1.066918174711963,31.701010255238664,,,0.0,-1,-1,0,32,prompt
3,1103,3,22.440236716147457,17.948462168375652,21.88846206665039,1.335309133887455,39.67562794467169,,,0.0,-1,-1,0,32,prompt
3,1157,2,-17.942570442197184,13.676118612289429,-0.45725584030151456,0.19763005673951511,5.872120846693944,,,0.0,-1,-1,0,32,prompt
3,1175,4,-13.122061674699738,-17.237175464630127,6.1106061935424805,0.6087853751334131,18.088651855193913,,,0.0,-1,-1,0,32,prompt
3,1209,1,-12.04106295542914,-32.39591217041016,11.579412460327148,0.0693259457878219,2.0598604189746603,,,0.0,-1,-1,0,32,prompt
3,1215,2,-5.2960512183272765,-33.17186164855957,49.40697479248047,0.9325641001180227,27.708989126078087,,,0.0,-1,-1,0,32,prompt
3,1243,1,5.09649465805799,52.54290008544922,35.49530029296875,0.4129994768729367,12.271325919901749,,,0.0,-1,-1,0,32,prompt
3,1257,2,0.758314929023288,-58.30709838867188,-9.77810001373291,0.9114961200704341,27.0830027408278,,,0.0,-1,-1,0,32,prompt
3,1291,9,-17.19264832142082,2.297058794233534,-3.952041414048937,3.402636752183785,101.10149506540287,,,0.0,-1,-1,0,32,prompt
3,1347,8,28.816796275574823,-8.441920280456543,-35.49986791610718,3.576404438529032,106.26460066939815,,,0.0,-1,-1,0,32,prompt
3,1459,1,-35.40239389976226,19.204763412475582,30.590187072753903,0.0733224259632148,2.178606600291884,,,0.0,-1,-1,0,32,prompt
3,1501,2,18.482748720921684,23.056800365447998,10.641599655151367,0.532900636676032,15.833912055018523,,,0.0,-1,-1,0,32,prompt
3,1513,2,-20.022129691422712,-38.11854362487793,30.992018461227413,0.23944599114446907,7.11458479268653,,,0.0,-1,-1,0,32,prompt
3,1519,1,-44.7256763955433,-19.204763412475582,44.94526290893555,0.3268208908955269,9.71072820715833,,,0.0,-1,-1,0,32,prompt
3,1569,5,10.030722966973578,21.549240112304688,14.611160230636596,1.7911491978134269,53.219862998280306,0.40031135082244873,128.425537109375,128.425537109375,0,5,1,32,prompt
3,1671,2,48.34164126762276,21.283199310302734,-9.75480031967163,0.4272667395210371,12.695244689158555,,,0.0,-1,-1,0,32,prompt
3,1679,1,-47.6312199130641,-15.297300338745115,-35.05189895629883,0.0507916004166072,1.5091551384636828,,,0.0,-1,-1,0,32,prompt
3,1697,3,-23.375078462206005,31.296650886535645,38.7653751373291,0.5632643230582942,16.736098892027655,,,0.0,-1,-1,0,32,prompt
3,1717,5,-9.999272187241635,10.109519577026367,11.66431484222412,1.4298678248666532,42.48522112951249,,,0.0,-1,-1,0,32,prompt
3,1775,1,-36.40815896351946,-15.297300338745115,-35.05189895629883,0.0507916004166072,1.5091551384636828,,,0.0,-1,-1,0,32,prompt
3,1807,2,20.980001180715284,-17.55586886405945,5.694917678833011,0.6762945088003744,20.094529896662635,,,0.0,-1,-1,0,32,prompt
3,1837,1,-3.5639002751898747,-17.957700729370117,-41.70289993286133,0.1635762556291826,4.8602907702966105,,,0.0,-1,-1,0,32,prompt
3,1945,1,-39.85649632497272,-19.592737197875977,29.81423759460449,0.2173363178423221,6.457646897443945,,,0.0,-1,-1,0,32,prompt
3,1965,5,-15.493639447929889,-27.740212631225585,50.92007751464844,1.9892153381656936,59.104941062695005,,,0.0,-1,-1,0,32,prompt
3,1973,4,11.49767127410775,-8.971922397613525,-18.532734394073486,2.0410018777043892,60.643658520050835,,,0.0,-1,-1,0,32,prompt
3,2065,4,34.46585363249405,4.434000492095945,-15.530649900436401,1.0827340323053005,32.170941947889,,,0.0,-1,-1,0,32,prompt
3,2117,2,-39.989579220747885,24.442424535751343,24.77056217193603,0.12889152098879242,3.8297139607562882,,,0.0,-1,-1,0,32,prompt
3,2509,1,-33.752816712727444,41.3193359375,59.30033874511719,0.2026377774494374,6.020913705737213,,,0.0,-1,-1,0,32,prompt
3,2545,2,-0.9179601772387151,-19.066200256347656,-42.14629936218262,0.2681130430952944,7.966360054764074,,,0.0,-1,-1,0,32,prompt
3,2705,4,-29.730466402913684,-20.29247856140137,52.24057912826538,1.4804559052473238,43.98832913999644,,,0.0,-1,-1,0,32,prompt
3,2707,2,-43.31281594883676,-52.57061195373535,43.975324630737305,0.33171321009786925,9.856092176843468,,,0.0,-1,-1,0,32,prompt
3,2729,4,-42.57714002444181,10.44068455696106,29.60167121887207,0.8135571155678794,24.17297134412622,,,0.0,-1,-1,0,32,prompt
3,2747,2,-25.621506881359302,-38.40952491760254,43.78133773803711,0.3846894329768783,11.430158327909519,,,0.0,-1,-1,0,32,prompt
3,2749,2,-28.407316462718534,25.02438735961914,24.576574325561523,0.5646705414314569,16.77788142430176,,,0.0,-1,-1,0,32,prompt
3,2759,1,-64.47379359979183,-51.65610122680664,-45.69350051879883,0.1958820294040276,5.8201822502746925,,,0.0,-1,-1,0,32,prompt
3,2985,8,-6.536430158815567,-11.580361008644104,-16.98429822921753,2.966929964486366,88.15547383111101,,,0.0,-1,-1,0,32,prompt
3,3021,16,0.03876406990527803,29.758029222488403,19.09399026632309,6.633695492974908,197.10494566249338,,,0.0,-1,-1,0,32,prompt
3,3099,4,17.564190706294042,54.09479999542236,-37.93399953842163,0.9698520115909213,28.816913324967945,,,0.0,-1,-1,0,32,prompt
3,3235,5,-2.821765740451616,10.868842887878419,-1.5195274353027344,2.561860035755167,76.11975612645831,,,0.0,-1,-1,0,32,prompt
3,3279,2,-38.472949362701314,-23.84660625457764,-13.482130527496338,0.1805453039544439,5.364486863053186,,,0.0,-1,-1,0,32,prompt
3,3289,1,22.801152685149034,-27.269100189208984,15.5423002243042,0.266848683672197,7.928792533666455,,,0.0,-1,-1,0,32,prompt
3,3335,2,5.403991652092262,6.470869064331055,22.71039390563965,0.5026345918617958,14.934626411767912,,,0.0,-1,-1,0,32,prompt
3,3337,1,-42.76203984249353,-15.297300338745115,-35.05189895629883,0.0824576235787324,2.450037906044396,,,0.0,-1,-1,0,32,prompt
3,3455,2,-3.256763063594743,-3.7689001560211173,0.4434013366699219,0.6124776140153282,18.198358208909347,,,0.0,-1,-1,0,32,prompt
3,3469,1,28.38873637268904,-52.54290008544922,-5.787499904632568,0.6906754112705937,20.52182521086148,,,0.0,-1,-1,0,32,prompt
3,3569,1,17.564788543682972,-19.287900924682617,-3.570499897003174,0.5714912605774095,16.980543346011288,,,0.0,-1,-1,0,32,prompt
3,3613,2,-14.236185118391285,20.160844802856445,-11.542256355285645,0.6155763629321873,18.290430378565922,,,0.0,-1,-1,0,32,prompt
3,3633,3,47.599290863421025,-50.1781005859375,-47.61489995320638,1.1340065988986556,33.694387885837486,,,0.0,-1,-1,0,32,prompt
3,3711,9,-14.734722861568745,-18.441128942701553,-30.812868118286133,2.6443059465212886,78.56944601331855,,,0.0,-1,-1,0,32,prompt
3,3799,3,25.535610821388136,29.33829975128174,-27.957499821980793,1.062695741096645,31.57555038913658,,,0.0,-1,-1,0,32,prompt
3,3863,2,-48.31769448039044,7.09439992904663,-47.245399475097656,0.3374419170830963,10.02630747844049,,,0.0,-1,-1,0,32,prompt
3,3883,1,-30.639734372526583,29.68008804321289,58.91236114501953,0.06719331131024,1.9964941093110813,,,0.0,-1,-1,0,32,prompt
3,3885,3,16.234411475221066,-30.077299118041992,-43.919900258382164,1.256523320523777,37.334689401672776,,,0.0,-1,-1,0,32,prompt
3,3887,1,-57.80062222438691,-44.03516387939453,51.92881393432617,0.300885471113145,8.940117088159282,,,0.0,-1,-1,0,32,prompt
3,3909,1,-38.03654049531684,33.947811126708984,10.027512550354004,0.1021153922548784,3.034123116295735,,,0.0,-1,-1,0,32,prompt
3,3911,8,14.729534740473728,21.778561115264893,-8.019304633140564,2.2547442253782357,66.99451889171588,,,0.0,-1,-1,0,32,prompt
3,3913,5,45.54839965025173,13.168979740142822,-32.480180740356445,2.258765263866304,67.11399476659388,,,0.0,-1,-1,0,32,prompt
3,3933,4,-33.8113081148108,-12.560690358281136,28.617878437042236,0.6052349630854741,17.983159558399528,,,0.0,-1,-1,0,32,prompt
3,3993,2,-11.394499700156654,-58.972198486328125,-45.69350051879883,0.8458238084049655,25.131701624269077,,,0.0,-1,-1,0,32,prompt
3,4045,11,-10.982398169649876,-19.509600574320014,-11.040165814486416,3.5699165347322817,106.07182758738433,,,0.0,-1,-1,0,32,prompt
3,4061,2,-16.30359108278109,15.518999099731447,47.27311325073242,0.7399021923164297,21.984485354585942,,,0.0,-1,-1,0,32,prompt
3,4101,9,-4.423759320102666,-10.419900258382162,-20.409344779120552,1.9817991417922258,58.88458591001084,,,0.0,-1,-1,0,32,prompt
3,4107,4,-30.759468308688156,27.93419861793518,6.729725122451782,1.1875301845459385,35.28471765780873,,,0.0,-1,-1,0,32,prompt
3,4165,6,-27.63303700887371,-3.039137363433838,29.03828763961792,0.859009386938027,25.523480647445513,,,0.0,-1,-1,0,32,prompt
3,4211,2,35.85476729196829,11.750099182128906,14.188799858093258,0.5404955668873676,16.059577871033298,,,0.0,-1,-1,0,32,prompt
3,4221,2,-14.659245026162175,-44.6864070892334,10.018068790435791,0.8128293534624287,24.151347573423756,,,0.0,-1,-1,0,32,prompt
3,4255,1,-12.855253721327829,35.88768768310547,37.18576431274414,0.0803441615222319,2.387241260607861,,,0.0,-1,-1,0,32,prompt
3,4333,1,-23.24815938015224,-24.248437881469727,32.53006362915039,0.1399231365332894,4.157492946808673,,,0.0,-1,-1,0,32,prompt
3,4375,2,55.32612087704777,2.882099986076355,-19.754599571228027,0.6285681214512961,18.676450487520427,,,0.0,-1,-1,0,32,prompt
3,4411,7,-5.461159256167909,11.152301788330078,-28.398201942443848,4.100732216230264,121.84379001304265,,,0.0,-1,-1,0,32,prompt
3,4431,2,-44.81348128206179,8.604731321334839,3.173081398010254,0.37030953687849916,11.002892915726388,,,0.0,-1,-1,0,32,prompt
3,4535,2,40.39929016890518,-27.269100189208984,62.98609924316406,1.1905353849996265,35.37401025086737,,,0.0,-1,-1,0,32,prompt
3,4543,1,-62.62190872049286,35.88768768310547,31.754112243652344,0.1127092847783419,3.348896173395339,,,0.0,-1,-1,0,32,prompt
3,4605,2,13.657650984829925,-11.625393390655518,0.26326870918273926,0.9360769274934841,27.813364681105483,,,0.0,-1,-1,0,32,prompt
3,4831,1,-14.595386926876,-18.81678771972656,60.464263916015625,0.4144310452754831,12.31386166977071,,,0.0,-1,-1,0,32,prompt
3,4861,1,-33.805941417607976,-15.297300338745115,-35.05189895629883,0.0507916004166072,1.5091551384636828,,,0.0,-1,-1,0,32,prompt
3,5093,5,-7.548789583622634,-15.918059921264648,-13.007364654541016,0.7146105000245291,21.233001111725105,,,0.0,-1,-1,0,32,prompt
3,5187,1,-27.095609862144062,-38.79750061035156,-36.38209915161133,0.1935073823865934,5.749625096749236,,,0.0,-1,-1,0,32,prompt
3,5225,4,-10.474633902925031,-44.20143699645996,-0.6096746921539307,0.9598341372540915,28.519255318370327,,,0.0,-1,-1,0,32,prompt
3,5253,4,-2.6860313012245873,11.750100087374449,-34.275949478149414,1.6293792312016597,48.41324193576654,,,0.0,-1,-1,0,32,prompt
3,5359,1,-17.80425641600612,25.800336837768555,53.86868667602539,0.0765370728686931,2.2741224110943867,,,0.0,-1,-1,0,32,prompt
3,5407,3,62.82944754317291,-10.419899940490724,-14.507700284322103,1.2331549193944515,36.640351315203056,,,0.0,-1,-1,0,32,prompt
3,5533,2,-8.780488651848582,13.080300331115723,-22.41499948501587,0.4089502696615124,12.151013076445311,,,0.0,-1,-1,0,32,prompt
3,5567,11,-56.40542772584886,-6.331046537919478,28.57977156205611,3.4769488586555486,103.30950773702672,,,0.0,-1,-1,0,32,prompt
3,5597,2,-55.62944684865708,28.710150718688965,51.54083633422852,0.5355387794839319,15.912298377597192,,,0.0,-1,-1,0,32,prompt
3,5609,3,26.990126290287176,16.923100153605144,6.806566874186198,0.8543419483808478,25.38479848692577,,,0.0,-1,-1,0,32,prompt
3,5691,1,-34.89152910547289,22.696537017822266,60.07628631591797,0.9557483287848176,28.39785495304207,,,0.0,-1,-1,0,32,prompt
3,5699,2,-19.30492174923115,13.57912540435791,26.904425144195557,0.3457491363178569,10.273137318249677,,,0.0,-1,-1,0,32,prompt
3,5751,2,-7.794499352898736,-42.677249908447266,21.666762351989746,0.554685278777862,16.48119239857744,,,0.0,-1,-1,0,32,prompt
3,5753,1,-10.731971920062623,-27.74021339416504,62.7921142578125,0.2729995279343865,8.111550669815639,,,0.0,-1,-1,0,32,prompt
3,6013,1,48.413481629319705,-22.391700744628903,-51.901100158691406,0.2139512510962298,6.357067454543827,,,0.0,-1,-1,0,32,prompt
3,6127,2,6.321951829330981,18.17940044403076,-2.88209915161133,0.5779851745250981,17.17349500578397,,,0.0,-1,-1,0,32,prompt
3,6133,10,-41.27045722447722,-17.02101731300354,18.68666276931763,2.629407180934602,78.12676359225901,,,0.0,-1,-1,0,32,prompt
3,6293,2,22.97556678340814,16.530506372451782,14.170530796051025,0.4104284452541535,12.194933651361008,,,0.0,-1,-1,0,32,prompt
3,6317,1,-37.41392402727666,-58.00226211547852,43.78133773803711,0.1050056457113545,3.1200003247224504,,,0.0,-1,-1,0,32,prompt
3,6351,1,-61.9673632028096,18.401100158691406,-11.10830020904541,0.2111002675777124,6.272357061656915,,,0.0,-1,-1,0,32,prompt
3,6417,4,-35.21749408171054,-35.132522106170654,8.748015403747559,1.0889748953144789,32.35637478326919,,,0.0,-1,-1,0,32,prompt
4,159,1,-58.02412557188851,-15.297300338745115,-35.05189895629883,0.0824316636908381,2.4492665679119447,,,0.0,-1,-1,0,32,prompt
4,195,3,-21.19326006992848,-1.6996994018554699,-8.284566243489584,0.6516426599956782,19.36205712575005,,,0.0,-1,-1,0,32,prompt
4,325,3,43.090229645333444,-32.73770078023275,25.001500447591145,0.8274753910081987,24.586520764247325,,,0.0,-1,-1,0,32,prompt
4,347,8,-44.66250607925585,10.523822158575058,42.42342495918274,2.641392187212346,78.48287038275625,,,0.0,-1,-1,0,32,prompt
4,371,2,19.680088082537406,-6.429299890995025,-13.54699993133545,0.8575933836222469,25.481407378193047,,,0.0,-1,-1,0,32,prompt
4,375,1,-53.68177482042885,-52.958587646484375,60.852237701416016,0.6091025100353425,18.098074786602,,,0.0,-1,-1,0,32,prompt
4,381,1,35.60993272244232,4.655700206756592,42.14630126953125,0.1553616635673862,4.616213133073949,0.858291506767273,41.73427963256836,41.73427963256836,1,2,1,32,prompt
4,389,1,63.659602833893146,9.089699745178224,-43.47650146484375,0.2191703978992195,6.512142351800911,,,0.0,-1,-1,0,32,prompt
4,433,1,11.673878884533654,-27.712499618530277,9.77810001373291,0.2012930505243436,5.980958249870691,,,0.0,-1,-1,0,32,prompt
4,477,6,-14.135151199738923,-9.473056475321451,5.407085418701172,2.3986719409750727,71.27099865960453,,,0.0,-1,-1,0,32,prompt
4,559,5,18.628593852969765,-7.26621732711792,-6.805306625366212,1.320450736987722,39.234144985941505,,,0.0,-1,-1,0,32,prompt
4,595,2,-31.703990838367133,8.937281608581543,-3.5887680053710938,0.1539586696917578,4.57452640929934,,,0.0,-1,-1,0,32,prompt
4,615,2,6.204833458377356,34.70990562438965,12.151931762695312,0.3442704049167751,10.229200228769411,,,0.0,-1,-1,0,32,prompt
4,705,5,-51.06359274969582,17.19283447265625,4.813784980773926,1.7066471049162042,50.70907840671855,,,0.0,-1,-1,0,32,prompt
4,831,8,-12.712671807453235,-6.1937432289123535,6.892380595207214,2.331737074790382,69.28218365049968,,,0.0,-1,-1,0,32,prompt
4,889,1,-60.41880429511994,25.02438735961914,29.03828811645508,0.1366872301121346,4.0613454585819255,,,0.0,-1,-1,0,32,prompt
4,987,1,-43.17711748785364,48.690860748291016,6.53573751449585,0.1424448421620509,4.23241960744002,,,0.0,-1,-1,0,32,prompt
4,1041,8,10.923337244836459,33.38317024707794,5.1313796043396,3.6534082305631164,108.55259056292846,0.5104830265045166,56.45640563964844,56.45640563964844,2,14,1,32,prompt
4,1093,3,31.264094550705394,-12.636900107065836,-9.008033116658526,1.1627776262419665,34.54925253664379,,,0.0,-1,-1,0,32,prompt
4,1101,3,-17.09037719079196,8.332225879033407,29.232275009155273,0.7204582978559751,21.406754922859946,,,0.0,-1,-1,0,32,prompt
4,1151,5,8.712531486625279,-21.150179290771483,12.50854034423828,1.2566307011543274,37.33787996918862,,,0.0,-1,-1,0,32,prompt
4,1169,4,23.732394038607882,1.2193498611450195,-12.992749691009521,1.5354006329412115,45.62088486674227,,,0.0,-1,-1,0,32,prompt
4,1177,5,12.457330739848095,-9.455504989624023,8.70638427734375,1.5146815251296368,45.00526441450709,,,0.0,-1,-1,0,32,prompt
4,1183,3,6.527183267204426,11.057287693023682,15.77617851893107,0.7872188336300366,23.39039010630793,,,0.0,-1,-1,0,32,prompt
4,1219,8,-20.42687453616184,36.02278634905815,30.22866654396057,2.3774469356712458,70.64034663140586,,,0.0,-1,-1,0,32,prompt
4,1253,1,-8.512902969868165,5.625637531280518,59.30033874511719,0.1956835754592885,5.814285649498291,,,0.0,-1,-1,0,32,prompt
4,1315,3,13.493834714189541,53.57749938964844,36.382100423177086,0.7281006302209817,21.633829184428716,,,0.0,-1,-1,0,32,prompt
4,1337,2,-16.00705169880468,18.179399967193604,-40.816100120544434,0.5961537305287417,17.713331699774,,,0.0,-1,-1,0,32,prompt
4,1339,2,-15.92842474947483,-55.86840057373047,39.901588439941406,0.7570762695913433,22.494773409209508,,,0.0,-1,-1,0,32,prompt
4,1411,4,-13.830397518045915,-50.43675088882446,30.299206733703613,0.8519081036350102,25.31248240957683,,,0.0,-1,-1,0,32,prompt
4,1427,2,-36.309756249382254,22.114574432373047,48.631025314331055,0.3501257718564217,10.403178938478838,,,0.0,-1,-1,0,32,prompt
4,1595,1,47.7429715868149,-35.69369888305664,-21.749900817871094,0.2838145832083333,8.432895067424123,,,0.0,-1,-1,0,32,prompt
4,1603,1,5.575430402704277,34.36349868774414,46.13690185546875,0.1929042723371534,5.7317050740938,,,0.0,-1,-1,0,32,prompt
4,1635,1,-3.3723259773313603,-50.32590103149414,-12.43850040435791,0.1072329062220569,3.1861782284871185,,,0.0,-1,-1,0,32,prompt
4,1775,3,-8.95379104007894,-17.061663309733074,27.692554155985516,0.6805292686965569,20.220356009741643,,,0.0,-1,-1,0,32,prompt
5,37,3,-47.27825665685153,2.374037424723309,-15.388203938802084,0.8484224412545156,25.208913999656183,,,0.0,-1,-1,0,32,prompt
5,157,1,26.297383621066924,61.85430145263672,-18.202699661254883,0.5509372867897259,16.36982947003371,,,0.0,-1,-1,0,32,prompt
5,161,11,0.014384123435030332,9.853053786537863,29.814237334511496,3.715587298363416,110.4000980032536,,,0.0,-1,-1,0,32,prompt
5,183,7,10.119772553310218,-27.811473165239608,37.01156834193638,3.5552566410681536,105.63624269399483,,,0.0,-1,-1,0,32,prompt
5,421,2,-10.129490999268953,45.00510025024414,-20.197999477386475,0.8335514293724022,24.767056215850104,,,0.0,-1,-1,0,32,prompt
5,463,6,38.12613428090294,17.21870009104411,9.171366930007935,1.5315299778076372,45.50587728603718,,,0.0,-1,-1,0,32,prompt
5,473,2,-53.298626224711825,-13.967100143432617,21.472774505615234,0.1898367543849643,5.640560860446182,,,0.0,-1,-1,0,32,prompt
5,533,1,-33.72611879350026,-33.47669982910156,-4.900700092315674,0.3370918280373511,10.015905390733613,,,0.0,-1,-1,0,32,prompt
5,551,6,-8.190274530261522,-14.692244052886963,21.691326936086018,2.42436024665648,72.03426735363146,,,0.0,-1,-1,0,32,prompt
5,713,1,51.59042206880673,9.533100128173828,-3.570499897003174,0.3985722642541358,11.842654606558911,,,0.0,-1,-1,0,32,prompt
5,749,3,-37.460073891602654,12.128837585449219,-0.8114288647969564,0.5142410293030863,15.27948490333168,,,0.0,-1,-1,0,32,prompt
5,759,1,-42.889756041065866,58.30709838867188,-55.891700744628906,0.2032846699874892,6.040134623956505,,,0.0,-1,-1,0,32,prompt
5,941,1,-20.48629658602532,12.22121238708496,3.819912433624268,0.0975193862658763,2.897563409615488,,,0.0,-1,-1,0,32,prompt
5,949,6,-13.40829202354869,-2.1246245702107736,-16.20257504781087,2.1137525769472916,62.80527758085432,,,0.0,-1,-1,0,32,prompt
5,1087,3,-19.7111000881822,25.024387995402023,13.260637601216635,0.7140144304951568,21.215290281868292,,,0.0,-1,-1,0,32,prompt
5,1103,3,-14.712460108900649,18.20711310704549,-4.6727040608723955,1.6078708383089015,47.77416969964957,,,0.0,-1,-1,0,32,prompt
5,1163,5,14.149570370931638,17.447789096832274,-28.792404651641846,2.2168284513306804,65.8679392060325,,,0.0,-1,-1,0,32,prompt
5,1257,5,8.722732384405004,-0.0443405151367184,-0.08401947021484375,1.5786852936495952,46.906988623838224,,,0.0,-1,-1,0,32,prompt
5,1299,2,-0.19157429785851576,-40.0029935836792,2.1754302978515625,1.0061791605000066,29.896290682487788,,,0.0,-1,-1,0,32,prompt
5,1333,3,-4.032432858247894,-17.22793785730998,22.445654551188152,0.7289282840230622,21.658421006266053,,,0.0,-1,-1,0,32,prompt
5,1343,5,-5.798933750205878,46.518202209472655,33.1508228302002,1.3708273363432888,40.73096932603302,,,0.0,-1,-1,0,32,prompt
5,1355,4,-8.541020779525436,-12.893240928649902,18.821509838104248,0.7660320622939545,22.76087411218602,,,0.0,-1,-1,0,32,prompt
5,1421,1,-52.02146423898839,59.16618728637695,20.502838134765625,0.1309328887569367,3.890368490865989,,,0.0,-1,-1,0,32,prompt
5,1527,4,56.09640919968721,54.427350997924805,-48.575599670410156,2.085246382155248,61.958281817862115,,,0.0,-1,-1,0,32,prompt
5,1563,2,-9.446827671928423,-60.0806999206543,-56.113399505615234,0.7269744411505474,21.600367076352047,,,0.0,-1,-1,0,32,prompt
5,1599,2,36.75937850959341,-46.11360168457031,27.514100074768066,0.9514811321231879,28.271065056367974,,,0.0,-1,-1,0,32,prompt
5,1605,4,-34.836430997205994,-7.1913933753967285,-2.2724251747131348,0.8316700077332069,24.711154115677658,,,0.0,-1,-1,0,32,prompt
5,1617,3,-24.30102090185549,-35.04707463582357,-2.3570335706075007,0.5129724076929268,15.241790741186072,,,0.0,-1,-1,0,32,prompt
5,1625,4,-3.3206211628809172,3.311643362045288,2.3533564805984497,1.0176770802595185,30.23792482168371,,,0.0,-1,-1,0,32,prompt
5,1661,1,-50.66447962915725,-47.52693939208984,62.7921142578125,0.1021268396863964,3.034463250293403,,,0.0,-1,-1,0,32,prompt
5,1691,3,-17.2774270968952,-22.437886555989582,44.94526322682699,1.1488489478797403,34.13539401771655,0.3154604732990265,314.94073486328125,314.94073486328125,4,10,1,32,prompt
5,1747,5,-44.28186260550441,34.49097671508789,20.81321792602539,0.7333874898035044,21.790916010594003,,,0.0,-1,-1,0,32,prompt
5,1753,1,-34.396628836005064,52.98630142211914,-34.60850143432617,0.3868921267001516,11.495606286305662,,,0.0,-1,-1,0,32,prompt
5,1797,2,-33.15676259712754,8.535450220108032,42.811400413513184,0.5589838751274518,16.608915264483507,,,0.0,-1,-1,0,32,prompt
5,1823,1,28.89960116697841,-52.0994987487793,-34.60850143432617,0.405115238832534,12.037063989701686,,,0.0,-1,-1,0,32,prompt
5,1877,1,41.2613745092685,24.16530036926269,57.221900939941406,0.3525233204820119,10.474416560415296,,,0.0,-1,-1,0,32,prompt
5,1889,5,2.8707055409994267,1.4632202148437496,-51.723741149902345,2.485751535849578,73.85836777147105,,,0.0,-1,-1,0,32,prompt
5,1917,2,24.699735464134775,9.15898084640503,-13.676117897033691,0.7413467300718374,22.027406458831464,,,0.0,-1,-1,0,32,prompt
5,1979,2,-26.425099819639268,-20.631956100463867,-4.17073130607605,0.2380566974877055,7.073305139284347,,,0.0,-1,-1,0,32,prompt
5,2013,1,-39.1380927080033,-60.52410125732422,-42.58969879150391,0.3601191034230548,10.70010771332454,,,0.0,-1,-1,0,32,prompt
5,2017,4,-26.44046650707188,0.00692886114120661,6.808140516281128,0.9818276133908792,29.1727406831209,,,0.0,-1,-1,0,32,prompt
5,2095,3,15.914323862271635,-11.57458750406901,-8.090579986572266,0.582636037513373,17.31168466154348,,,0.0,-1,-1,0,32,prompt
5,2157,1,23.50359177729692,23.721900939941406,47.467098236083984,0.9240438495210016,27.45582955118726,,,0.0,-1,-1,0,32,prompt
5,2215,4,-28.12603165834863,-16.58593100309372,27.4331693649292,1.7009332694308994,50.53930497740631,,,0.0,-1,-1,0,32,prompt
5,2269,3,15.08496568806998,-24.90429941813151,0.007765769958496094,0.8340390965890299,24.781546121263546,,,0.0,-1,-1,0,32,prompt
5,2319,1,62.095079401381945,-53.87310028076172,53.67470169067383,0.1887583825744758,5.6085195318480565,,,0.0,-1,-1,0,32,prompt
5,2427,14,-12.572707806327529,8.028707091297422,23.894201125417435,3.7920127747263166,112.67090458183299,,,0.0,-1,-1,0,32,prompt
5,2587,2,1.636363794208143,19.024630546569824,31.573981046676632,0.9413889190186941,27.97119824492296,,,0.0,-1,-1,0,32,prompt
5,2715,3,-0.1538504431315507,-6.669474601745605,30.417617162068684,1.3203803389662698,39.23205327126938,,,0.0,-1,-1,0,32,prompt
5,2727,2,-47.487539189670215,-37.4395866394043,55.03261184692383,0.6187522136037786,18.384793448851422,,,0.0,-1,-1,0,32,prompt
5,2745,1,-32.71512259932716,-36.66363906860352,48.43703842163086,0.2438461905518071,7.245326558871904,,,0.0,-1,-1,0,32,prompt
5,2771,2,14.064746367779268,-16.087106704711914,-6.581718921661377,0.3124038441912543,9.282358950494586,,,0.0,-1,-1,0,32,prompt
5,2787,5,18.9888241577646,25.229460144042967,-21.47453956604004,1.342867037058462,39.900193587671346,,,0.0,-1,-1,0,32,prompt
5,2951,1,-53.93720721757354,57.4202995300293,-60.32569885253906,0.1398044375707593,4.153966081189882,,,0.0,-1,-1,0,32,prompt
5,2997,4,-13.078159231440496,13.301999568939209,-8.226199984550476,2.147780003110883,63.816323986603855,0.5588109493255615,60.43748474121094,60.43748474121094,6,14,1,32,prompt
5,3021,3,9.047834478869568,40.57110087076823,-5.344099998474121,0.9298653403000325,27.628801708997454,0.32984864711761475,117.498291015625,117.498291015625,6,13,1,32,prompt
5,3099,2,43.1611529630321,-47.66550064086914,38.59910011291504,0.44540256791722743,13.234108957854783,,,0.0,-1,-1,0,32,prompt
5,3247,2,36.95631950465474,-24.830400228500366,-5.5425004959106445,0.777893091263581,23.11329720321202,,,0.0,-1,-1,0,32,prompt
5,3287,3,-10.67621601066694,-15.916212717692057,-12.490571022033691,0.744332686285827,22.11612725373866,,,0.0,-1,-1,0,32,prompt
5,3329,1,-52.707938806314736,-51.65610122680664,-45.250099182128906,0.2153493833543855,6.398609726579768,,,0.0,-1,-1,0,32,prompt
5,3331,2,-27.872504881196846,-28.890280723571777,14.064094543457031,0.2070190079226621,6.151091853840987,,,0.0,-1,-1,0,32,prompt
5,3335,3,-35.96830786478669,-40.53414980570475,10.520042419433594,0.7342414129003827,21.81628836387557,,,0.0,-1,-1,0,32,prompt
5,3413,4,-44.06583196405068,-12.969449996948242,-13.879549980163574,1.32778610883173,39.45209862434089,,,0.0,-1,-1,0,32,prompt
5,3521,10,-22.94914449607824,-13.78419761657715,14.605617570877076,3.76744631490365,111.94096894737487,,,0.0,-1,-1,0,32,prompt
5,3535,2,-22.93685114613215,-37.4395866394043,59.49432563781738,0.4466787944975624,13.272029084130754,,,0.0,-1,-1,0,32,prompt
5,3543,2,-31.77583120006408,0.8175182342529297,16.558218955993652,0.2124894438083485,6.313633226012838,,,0.0,-1,-1,0,32,prompt
5,3575,4,33.47605309355839,-3.3254995346069336,28.9551500082016,0.891743338075939,26.49609442918897,,,0.0,-1,-1,0,32,prompt
5,3659,11,-11.954807511832382,34.99836778640747,-2.198963208632035,4.643162740624856,137.960860678963,,,0.0,-1,-1,0,32,prompt
5,3763,2,-56.7709103733974,2.1338624954223637,27.292399406433105,0.8772581985572732,26.065701951758584,,,0.0,-1,-1,0,32,prompt
5,3817,1,-56.922573359202055,-22.308563232421875,27.486387252807617,0.1366839594174146,4.0612482774397165,,,0.0,-1,-1,0,32,prompt
5,3851,7,-20.940550903217776,3.6659678050449913,-7.7549092429024835,2.70959199929432,80.50927033868508,,,0.0,-1,-1,0,32,prompt
5,3863,3,-17.26598696382893,-34.797661781311035,-12.376779874165853,0.7571910366843093,22.49818344840212,,,0.0,-1,-1,0,32,prompt
5,3881,4,-19.900908081437592,-5.14066791534424,39.707600116729736,1.7064666601048617,50.70371690576143,,,0.0,-1,-1,0,32,prompt
5,3883,2,-25.306387407353405,34.0448055267334,16.66465663909912,0.2299495675698384,6.83242049155938,,,0.0,-1,-1,0,32,prompt
5,3887,3,17.04780512460118,-2.290900230407715,-4.146166801452637,1.0795959658282714,32.07770154770856,,,0.0,-1,-1,0,32,prompt
5,3905,6,-9.221655352838928,-15.83769291639328,5.573360284169515,1.5192257967053968,45.14028695254253,,,0.0,-1,-1,0,32,prompt
5,3967,1,-38.21215026835381,-44.81111145019531,25.158536911010746,0.096354509510242,2.8629517862954312,,,0.0,-1,-1,0,32,prompt
5,3997,4,-14.742460944086336,21.17235040664673,15.311156272888184,2.1217797108132843,63.043785330593124,,,0.0,-1,-1,0,32,prompt
5,4021,3,49.98332657010476,58.307098388671875,-30.47010040283203,1.35320030954978,40.20722292223664,,,0.0,-1,-1,0,32,prompt
5,4041,1,57.09818313223903,5.099100112915039,34.60850143432617,0.4299702824511528,12.775574225372717,,,0.0,-1,-1,0,32,prompt
5,4051,1,32.1723287553947,31.259700775146484,39.929298400878906,0.4733935397582231,14.06579606040607,,,0.0,-1,-1,0,32,prompt
5,4115,1,29.873437181092527,-30.81629943847656,32.83489990234375,0.760922250742045,22.60904785948097,,,0.0,-1,-1,0,32,prompt
5,4145,2,-7.012237636643135,-22.322417974472046,13.149580001831055,0.37820016324847794,11.23734466039039,,,0.0,-1,-1,0,32,prompt
5,4169,1,-51.36691872130513,25.800336837768555,48.0490608215332,0.1050121871007938,3.1201946870068427,,,0.0,-1,-1,0,32,prompt
5,4189,6,-6.870540478347311,-3.6996185779571533,24.591901938120525,1.700061619079082,50.51340589967302,,,0.0,-1,-1,0,32,prompt
5,4241,4,1.0975610814810732,6.941981315612793,-3.923525094985962,1.3043501155573134,38.75575219333687,,,0.0,-1,-1,0,32,prompt
5,4281,9,-31.802729359789755,23.87585841284858,16.645622465345596,2.7631109490974715,82.09946236725125,,,0.0,-1,-1,0,32,prompt
5,4339,2,-38.61126338889238,22.696537017822266,17.399038314819336,0.8028460140227822,23.85471569156158,,,0.0,-1,-1,0,32,prompt
5,4415,1,-31.54971228735453,-23.472488403320312,20.1148624420166,0.0816099203786922,2.424850362636836,,,0.0,-1,-1,0,32,prompt
5,4461,3,-33.07872887208743,-35.758362452189125,-3.213179270426432,1.8484585677414769,54.92267860951576,,,0.0,-1,-1,0,32,prompt
5,4469,4,12.83339244530799,4.434000015258789,-15.308949708938599,0.79795850688551,23.70949470127988,,,0.0,-1,-1,0,32,prompt
5,4693,1,-42.63432364392119,-48.1088981628418,-42.58969879150391,0.1248503216235723,3.7096390519612497,,,0.0,-1,-1,0,32,prompt
5,4741,4,-6.954456179774828,-25.44007444381714,17.40124368667603,1.7636106508857576,52.40161865746748,,,0.0,-1,-1,0,32,prompt
5,4743,2,-20.41326054955051,35.9153995513916,-23.05679988861084,0.9009163734644328,26.76864999700542,,,0.0,-1,-1,0,32,prompt
5,4767,1,-37.63742737477826,-8.646300315856934,-12.43850040435791,0.6269754381376588,18.62912758005135,,,0.0,-1,-1,0,32,prompt
5,4943,4,-22.620953943517748,34.75840401649475,28.507028341293335,1.263415200968485,37.53946571707725,,,0.0,-1,-1,0,32,prompt
5,5023,1,-46.5137031755561,-49.46681213378906,44.55728912353516,0.4593162879800808,13.647523025451967,,,0.0,-1,-1,0,32,prompt
5,5061,7,32.618613474300005,-30.499585832868302,-23.320157732282365,1.7890026060431612,53.156081979889294,,,0.0,-1,-1,0,32,prompt
5,5087,1,-10.47653952291794,-49.4390983581543,-4.457300186157227,0.8501157916595559,25.25922799732557,,,0.0,-1,-1,0,32,prompt
5,5221,5,12.844150510440574,0.04988241195678711,-0.8655122756958008,1.639925362332597,48.72659587335899,,,0.0,-1,-1,0,32,prompt
5,5379,7,-10.234449382826613,4.9011527470179965,13.969168254307338,2.4302229389912027,72.20846372054265,,,0.0,-1,-1,0,32,prompt
5,5399,5,-19.938163158247427,-39.396089458465575,-22.773249530792235,1.2601958479964919,37.443810076373644,,,0.0,-1,-1,0,32,prompt
5,5423,1,21.20470020299475,21.061500549316406,48.35390090942383,0.0919821412922291,2.7330369596440565,,,0.0,-1,-1,0,32,prompt
5,5515,7,8.766665993555023,-12.419158799307686,49.007123538425994,3.7424903694058895,111.19946064532795,,,0.0,-1,-1,0,32,prompt
5,5525,1,24.03042109640784,-1.551900029182434,7.117700099945068,0.0861227522706025,2.5589387430547976,,,0.0,-1,-1,0,32,prompt
5,5567,9,-18.144832945532368,43.41625001695421,2.5161690182156033,3.395114090934503,100.87797655474056,0.3601468503475189,128.63893127441406,128.63893127441406,4,14,1,32,prompt
5,5757,6,-19.473894411736694,-4.290818611780803,24.876793384552002,1.4273726410062268,42.41108250199361,,,0.0,-1,-1,0,32,prompt
5,5767,2,-45.13813847569547,1.5518999099731445,41.25949954986572,0.214942574675543,6.386522345929995,,,0.0,-1,-1,0,32,prompt
5,5903,4,-36.441463579159986,-7.759499788284302,37.67073059082031,0.8519029683023088,25.312329825022097,,,0.0,-1,-1,0,32,prompt
5,6025,2,-29.26940080308185,-26.576287746429447,52.51077461242676,0.34383332688588886,10.216213464209702,,,0.0,-1,-1,0,32,prompt
5,6047,3,-24.52452424935709,46.797176361083984,9.981324831644693,1.2208093807401337,36.273532137534986,,,0.0,-1,-1,0,32,prompt
5,6091,7,8.681431977313412,1.8963267462594169,-24.282176426478795,2.9781910993856067,88.4900724548741,,,0.0,-1,-1,0,32,prompt
5,6139,1,-12.727537522755483,41.01449966430664,-43.47650146484375,0.3431254031843715,10.1951791458771,,,0.0,-1,-1,0,32,prompt
6,41,2,-0.7343681417909735,-16.19795536994934,27.527955532073975,0.2585504273495991,7.68222900609857,,,0.0,-1,-1,0,32,prompt
6,163,1,-50.217472934154046,-51.21269989013672,-43.03310012817383,0.1975473026329505,5.869661999480496,,,0.0,-1,-1,0,32,prompt
6,175,7,7.065884224606763,31.960430894579208,8.343529564993721,2.2770555230604357,67.6574475899003,,,0.0,-1,-1,0,32,prompt
6,205,2,-47.0724615443101,19.800580978393555,-1.704319000244137,0.4098954167347454,12.179095939565867,,,0.0,-1,-1,0,32,prompt
6,403,2,14.889534961296677,32.38205623626709,-12.955593585968018,0.6095840605879836,18.112382949467268,,,0.0,-1,-1,0,32,prompt
6,419,2,-47.87867004779802,2.3278499841690063,49.6009635925293,0.3277427372454146,9.738118743081511,,,0.0,-1,-1,0,32,prompt
6,469,2,23.941420535111483,0.2216997146606463,-52.566200256347656,1.2891180043965207,38.30316517817276,,,0.0,-1,-1,0,32,prompt
6,477,4,2.9074491375137086,48.670077323913574,42.62434005737305,1.4083102973398454,41.84468897118701,,,0.0,-1,-1,0,32,prompt
6,531,3,-5.104596847948476,2.346325238545736,40.169474283854164,0.5340483310583252,15.8680131437855,,,0.0,-1,-1,0,32,prompt
6,551,1,63.40417043674846,-52.98630142211914,42.14630126953125,0.1213248761264381,3.6048885785811233,,,0.0,-1,-1,0,32,prompt
6,653,6,-23.346562094289443,37.35183143615723,7.071305592854817,2.249792967486962,66.84740369496708,,,0.0,-1,-1,0,32,prompt
6,693,2,-33.98953345305572,31.038000106811523,-50.12749862670898,1.4585128581522206,43.33634215778869,,,0.0,-1,-1,0,32,prompt
6,733,1,-27.04771628767944,-19.204763412475582,53.86868667602539,0.0698320805541721,2.074899044990128,,,0.0,-1,-1,0,32,prompt
6,737,4,25.07210634101351,38.90834999084473,-12.20514988899231,1.5853911588219256,47.106237924897016,,,0.0,-1,-1,0,32,prompt
6,911,3,-2.3586985786431023,1.9491125742594413,10.270629088083906,1.0792288677120594,32.06679407474339,,,0.0,-1,-1,0,32,prompt
6,913,2,38.26541054002126,-5.099100112915041,-18.646100521087646,0.9451131061605673,28.08185386742074,,,0.0,-1,-1,0,32,prompt
6,1139,2,-30.72217256184225,1.7320318222045898,15.311157226562502,0.2963044088952812,8.804001401136148,,,0.0,-1,-1,0,32,prompt
6,1189,3,15.328957952148395,-14.853899637858072,-14.19656753540039,0.8989890210892069,26.711383171056944,,,0.0,-1,-1,0,32,prompt
6,1203,2,-9.49352557161519,26.56243085861206,21.823593139648438,0.4168154811556525,12.384709676751767,,,0.0,-1,-1,0,32,prompt
6,1245,6,-13.553363087750895,-7.0574495395024615,7.667125145594279,2.098285638036904,62.345713201282535,,,0.0,-1,-1,0,32,prompt
6,1261,1,-24.844611862306525,-56.0623893737793,44.1693115234375,0.109446326160345,3.251944891597685,,,0.0,-1,-1,0,32,prompt
6,1271,8,-32.2757314646468,20.233588933944702,4.2332388162612915,2.847540339182404,84.60808676260243,0.38367050886154175,119.93161010742188,119.93161010742188,5,4,1,32,prompt
6,1371,3,-1.356511313021116,-21.95753796895345,1.938404719034833,0.8446527128801643,25.096905224581153,,,0.0,-1,-1,0,32,prompt
6,1483,6,2.6389496180894234,20.89984353383382,0.30945618947347003,1.7617545630910878,52.34646929399418,,,0.0,-1,-1,0,32,prompt
6,1509,2,-9.155654985154838,49.89635467529297,25.061543464660645,0.5275596058610811,15.67521565575246,0.7386174201965332,68.36280059814453,68.36280059814453,4,15,1,32,prompt
6,1533,4,9.502703508803823,-8.757150173187256,-46.80200004577637,1.6544040214456182,49.15679580049765,,,0.0,-1,-1,0,32,prompt
6,1537,2,-28.27960026414619,0.4434000253677368,-31.504700660705566,0.5992555730457384,17.80549578861614,,,0.0,-1,-1,0,32,prompt
6,1545,6,-21.189607533242523,18.74750655889511,30.30991490681966,1.4687192051295317,43.63960019375158,,,0.0,-1,-1,0,32,prompt
6,1575,4,2.8456765494400162,-17.77064085006714,-22.64583444595337,1.3033502115569127,38.72604235454861,,,0.0,-1,-1,0,32,prompt
6,1591,3,-26.974958881984207,-12.618424733479818,-12.795407931009928,0.6497424324558201,19.30559625165857,,,0.0,-1,-1,0,32,prompt
6,1719,1,44.90128616858027,15.740699768066406,42.14630126953125,0.1565319060243524,4.650984185820724,,,0.0,-1,-1,0,32,prompt
6,1723,1,-5.383856104845762,-61.85430145263672,-4.900700092315674,0.2216569799007992,6.586025394944167,,,0.0,-1,-1,0,32,prompt
6,1743,5,-41.620080318069014,29.990467071533203,39.82399291992188,1.1222026764819915,33.343661584184844,,,0.0,-1,-1,0,32,prompt
6,1763,10,25.66787595982961,-8.147474670410157,-3.775324583053589,3.075372153152569,91.37758309542824,0.6530904769897461,51.43733215332031,51.43733215332031,0,15,1,32,prompt
6,1899,4,-15.039112435888859,9.650877892971039,0.39490318298339844,1.0165951329910812,30.20577725660767,0.8534854650497437,67.06370544433594,67.06370544433594,0,3,1,32,prompt
6,1903,2,-21.546741811880054,-7.884206056594849,19.158780813217163,0.5191565133895638,15.425537164065686,,,0.0,-1,-1,0,32,prompt
6,1969,1,13.829089735441942,-33.920101165771484,-14.2121000289917,0.2635005079652173,7.829309222819345,,,0.0,-1,-1,0,32,prompt
6,1991,6,-8.883341019190317,29.264400641123455,-18.34273338317871,2.7939673087671353,83.01628785350883,,,0.0,-1,-1,0,32,prompt
6,2001,6,16.797694235730344,2.521837830543518,2.771250327428182,1.7195957188356041,51.09381657350518,,,0.0,-1,-1,0,32,prompt
6,2081,6,11.697945599245683,15.107930819193522,22.347189903259277,1.802196376993515,53.54810442183088,,,0.0,-1,-1,0,32,prompt
6,2127,2,15.421730977610412,-20.396399974822998,-1.551900863647461,0.5421985086046718,16.110176852402144,,,0.0,-1,-1,0,32,prompt
6,2167,3,-26.653924675414714,-22.243900299072266,-21.74989954630534,0.8712609345625287,25.887507098669598,,,0.0,-1,-1,0,32,prompt
6,2227,4,35.712394351178375,9.089699983596802,21.405699968338013,1.2545506920016998,37.27607729955443,,,0.0,-1,-1,0,32,prompt
6,2409,1,61.6321081815572,37.02389907836914,-26.62730026245117,0.5405964646593735,16.06257581537514,,,0.0,-1,-1,0,32,prompt
6,2573,7,27.00400365128817,-7.446744510105678,18.10624844687326,2.594530746133824,77.0904908550511,,,0.0,-1,-1,0,32,prompt
6,2767,8,0.12286220298028994,-38.187824726104736,-14.649675130844116,3.8438760659105986,114.21190253713281,,,0.0,-1,-1,0,32,prompt
6,2775,8,-36.62970063711511,-3.7446517944335938,25.657207489013672,2.320893011292142,68.95997734048066,,,0.0,-1,-1,0,32,prompt
6,2779,4,-50.564701349022606,-36.615139961242676,-17.505165100097656,2.049580375532718,60.898548776938455,,,0.0,-1,-1,0,32,prompt
6,2797,3,-35.558551727700426,-4.193825085957845,-3.0590829849243164,0.8017079928252292,23.820902019145656,,,0.0,-1,-1,0,32,prompt
6,2815,3,55.85295019615868,-30.077300389607746,34.756300608317055,1.0655549547579022,31.660505321713195,,,0.0,-1,-1,0,32,prompt
6,2817,4,10.68425823681757,-13.412850856781006,2.1061501502990723,1.3161036434780535,39.104981138894225,,,0.0,-1,-1,0,32,prompt
6,2837,3,15.005143063962265,-13.819299697875977,37.86009979248047,1.3869629786546758,41.21040268325953,,,0.0,-1,-1,0,32,prompt
6,2977,8,-8.935753904554371,17.81220942735672,-17.04208493232727,2.0812858919691335,61.840604995982424,,,0.0,-1,-1,0,32,prompt
6,3069,2,-9.349844848221304,19.731299877166748,-42.589698791503906,0.4530696873742679,13.461919710634767,,,0.0,-1,-1,0,32,prompt
6,3299,1,47.519468239313305,-40.12770080566406,11.995100021362305,0.2422016367920886,7.19646244085629,,,0.0,-1,-1,0,32,prompt
6,3305,3,8.320531555491074,-22.096100489298504,-3.3916333516438804,1.0697907858619191,31.786363263259794,,,0.0,-1,-1,0,32,prompt
6,3349,2,-33.42815951909377,26.53471827507019,-16.003968238830566,0.2520285772182768,7.488447287128423,,,0.0,-1,-1,0,32,prompt
6,3351,1,-51.04762822487427,-44.11830139160156,-48.79729843139648,0.4540174899765403,13.49008147666963,,,0.0,-1,-1,0,32,prompt
6,3355,2,-8.696495005315908,-11.597681283950806,9.020418405532839,0.4528275930670469,13.454726437244314,,,0.0,-1,-1,0,32,prompt
6,3449,4,21.408247894469422,22.945950031280518,18.401100397109985,1.3494905676993934,40.09699650822402,,,0.0,-1,-1,0,32,prompt
6,3565,4,-30.995654995020956,15.151808738708498,52.47613525390625,1.1752616473443305,34.92018640052656,,,0.0,-1,-1,0,32,prompt
6,3627,4,-6.913947030332039,23.50712776184082,-8.184321999549866,1.8488106621594795,54.93314028222926,0.470605731010437,295.334716796875,295.334716796875,1,6,1,32,prompt
6,3691,2,30.626385412912995,-13.745400428771974,-5.542501449584961,0.37135882522971364,11.034070096480226,,,0.0,-1,-1,0,32,prompt
6,3809,3,-8.776437556903337,9.533100128173828,-14.787766774495445,0.6547625389751515,19.454757126432007,,,0.0,-1,-1,0,32,prompt
6,3853,1,-29.745720982520183,-61.85430145263672,-9.334699630737305,0.7672471444180503,22.796977472115486,,,0.0,-1,-1,0,32,prompt
6,3877,4,-21.018424818945597,43.016727447509766,-21.620471954345703,1.2427571316042973,36.925658881380265,,,0.0,-1,-1,0,32,prompt
6,3879,2,-27.241906150745905,20.82594394683838,15.865406036376953,0.2824161966644637,8.391345239875289,,,0.0,-1,-1,0,32,prompt
6,3885,1,-61.90350510352343,-8.341462135314941,26.32246208190918,0.1107648931086312,3.2911230641516624,,,0.0,-1,-1,0,32,prompt
6,3905,2,-12.887182770970913,-10.281337261199951,51.92881202697754,0.4375115075181964,12.999644317019582,,,0.0,-1,-1,0,32,prompt
6,3909,1,3.069000005722046,-37.91070175170898,11.5516996383667,0.3133047059830075,9.30912597872206,,,0.0,-1,-1,0,32,prompt
6,3911,1,58.00816104706697,-56.53350067138672,44.80670166015625,0.3377662528163081,10.035944365924824,,,0.0,-1,-1,0,32,prompt
6,3997,3,-37.814871235811815,-1.4040997823079426,-49.53630065917969,1.8289865208868346,54.34411169439488,,,0.0,-1,-1,0,32,prompt
6,4025,1,-29.33064333716007,-33.559837341308594,45.33323669433594,0.1221763469850897,3.630188069265535,,,0.0,-1,-1,0,32,prompt
6,4049,6,8.57330319849884,25.925042788187664,10.717177152633667,0.9129537900479081,27.126314038732293,,,0.0,-1,-1,0,32,prompt
6,4081,3,-18.224655569640078,-6.66023725271225,50.24758656819662,0.33130739929858277,9.844034445880794,,,0.0,-1,-1,0,32,prompt
6,4165,5,18.968710188156457,16.80485954284668,-0.7047795295715332,1.3219318711788814,39.27815346878135,,,0.0,-1,-1,0,32,prompt
6,4215,4,-24.776762631814965,-46.96575927734375,7.546934366226196,1.064243909550117,31.621550640311973,,,0.0,-1,-1,0,32,prompt
6,4259,4,14.279489724261598,18.020053386688232,42.929176807403564,0.8343868297298299,24.79187820869431,,,0.0,-1,-1,0,32,prompt
6,4273,2,-38.44102031305823,-11.431407928466797,5.5563564300537145,1.1615159547214904,34.51176488036673,,,0.0,-1,-1,0,32,prompt
6,4331,1,-29.12310451448001,13.967100143432615,-13.768699645996094,0.1610813568708672,4.786160613928723,,,0.0,-1,-1,0,32,prompt
6,4367,7,12.283319952117994,-20.487455776759557,22.862358910696848,1.3544923347424298,40.245612467801635,,,0.0,-1,-1,0,32,prompt
6,4415,13,-44.083432137997676,5.52970944918119,21.604073231036846,3.3511471940156516,99.57160172380114,,,0.0,-1,-1,0,32,prompt
6,4573,1,13.238402317044857,15.297300338745115,-4.900700092315674,0.7274254494083604,21.613767745442704,0.3723866939544678,71.46038818359375,71.46038818359375,3,12,1,32,prompt
6,4581,1,-64.33011287639795,22.696537017822266,53.86868667602539,0.066414272711731,1.9733467760048249,,,0.0,-1,-1,0,32,prompt
6,4797,1,-33.08230667022265,-42.871238708496094,63.95603561401367,0.1068026508743342,3.1733941842053635,,,0.0,-1,-1,0,32,prompt
6,4811,2,27.718226330184237,-20.174699783325195,61.212501525878906,0.5040944903391875,14.978003924402277,,,0.0,-1,-1,0,32,prompt
6,4813,1,63.54785116014234,-15.740699768066406,-10.664899826049805,0.2387766137365272,7.094695788471638,,,0.0,-1,-1,0,32,prompt
6,4831,5,-31.16603119501159,10.702567386627198,15.98192195892334,1.7963316436776349,53.37384741187681,,,0.0,-1,-1,0,32,prompt
6,4993,3,-6.748145788048814,38.206299463907875,-8.712433497111,0.9245413325710012,27.4706111114265,,,0.0,-1,-1,0,32,prompt
6,5087,6,30.8844785641946,27.638600031534832,13.243633270263672,2.4864710036251694,73.8797450953117,,,0.0,-1,-1,0,32,prompt
6,5117,3,-2.1245522145938067,10.124300003051758,40.09557596842448,0.5557725988309894,16.51349960354583,,,0.0,-1,-1,0,32,prompt
6,5163,1,53.90527816793045,-57.86370086669922,55.00490188598633,0.4864714645100754,14.454376400025494,,,0.0,-1,-1,0,32,prompt
6,5167,4,-2.9135257799315735,-1.4549064636230469,43.72591304779053,1.0212026596993886,30.342679274862984,,,0.0,-1,-1,0,32,prompt
6,5251,3,-9.31565360270058,-1.2563001314799003,36.400575478871666,0.9879930761866086,29.355933175242868,,,0.0,-1,-1,0,32,prompt
6,5277,1,-3.771439097869932,40.54338836669922,38.73766326904297,0.118369258331551,3.5170692197520603,,,0.0,-1,-1,0,32,prompt
6,5417,1,-44.74164092036485,-40.54338836669922,55.80856323242188,0.1568519550657209,4.660493704154068,,,0.0,-1,-1,0,32,prompt
6,5447,2,55.086653004724624,56.53350067138672,17.759300231933594,1.4321571515586218,42.553243186554745,,,0.0,-1,-1,0,32,prompt
6,5495,1,16.175874884208746,8.646300315856934,-40.37269973754883,0.2131346187272713,6.3328031091453605,,,0.0,-1,-1,0,32,prompt
6,5507,5,-26.593223329949677,-3.131513214111328,15.895007705688476,2.0444030954137746,60.74471785153578,,,0.0,-1,-1,0,32,prompt
6,5563,14,-15.046867532301567,15.148840086800712,6.958447388240269,5.2946637503799465,157.3187089948568,,,0.0,-1,-1,0,32,prompt
6,5623,4,21.695011503868262,5.189165383577347,-26.23460292816162,1.8913456727631786,56.19696991726063,,,0.0,-1,-1,0,32,prompt
6,5629,2,-56.02057770678488,-3.8797500133514404,32.91803741455078,0.4262149519178461,12.663993248902514,,,0.0,-1,-1,0,32,prompt
6,5791,3,-8.515683651484805,-43.17607498168945,11.185141245524088,1.2340744059130466,36.66767173418776,,,0.0,-1,-1,0,32,prompt
6,5811,2,-18.577340195073084,0.5126819610595703,0.6512436866760254,0.4501867968183211,13.37626127379778,,,0.0,-1,-1,0,32,prompt
6,5839,3,-24.344390084564846,5.884287516276044,-18.695229212443035,1.1874231423284256,35.281537145454976,,,0.0,-1,-1,0,32,prompt
6,6013,2,21.099735116876857,5.584068298339844,38.55753040313721,0.2265564647563464,6.731602275470197,,,0.0,-1,-1,0,32,prompt
6,6053,5,-43.73906876157194,-40.57110061645508,-21.217819690704346,0.8495488877973727,25.24238375793145,,,0.0,-1,-1,0,32,prompt
6,6123,4,19.462063540064737,13.689974904060364,-21.768168687820435,2.4918137045040556,74.03849111667175,,,0.0,-1,-1,0,32,prompt
6,6141,1,-3.4042550269744463,45.97503662109375,36.79778671264648,0.1297807122080096,3.856134224865933,,,0.0,-1,-1,0,32,prompt
6,6167,1,-30.655698897348127,34.36349868774414,-6.674300193786621,0.1723776042668213,5.121802524463738,,,0.0,-1,-1,0,32,prompt
6,6189,5,28.485569747701483,36.935220336914064,40.284020233154294,2.319198720008448,68.90963538677437,,,0.0,-1,-1,0,32,prompt
6,6249,5,16.067938298309052,-23.101140213012695,25.021739959716797,1.669714437266972,49.611709457860115,,,0.0,-1,-1,0,32,prompt
7,155,3,-2.30016198763078,-26.908837000528973,3.878279685974121,0.4135939298208223,12.288988716772058,,,0.0,-1,-1,0,32,prompt
7,207,2,-11.654103119726297,36.040106773376465,1.427194595336914,0.36046713675981634,10.7104487203852,,,0.0,-1,-1,0,32,prompt
7,425,4,27.25197392436916,27.719428062438965,37.19269132614136,1.6175764722027062,48.06255020238508,,,0.0,-1,-1,0,32,prompt
7,451,2,-47.479556927259445,-11.23741888999939,-9.79636812210083,0.2278017390464751,6.7686027259055015,,,0.0,-1,-1,0,32,prompt
7,459,7,-17.714969584920986,-13.305959156581334,-2.7243731362479076,2.4104451076284246,71.6208111247594,,,0.0,-1,-1,0,32,prompt
7,503,4,-31.90086405003502,-41.80430614948273,12.161375284194946,1.7805721559993029,52.90559062110371,,,0.0,-1,-1,0,32,prompt
7,509,1,-59.2853230327904,-16.100961685180664,13.131312370300291,0.101149855422321,3.0054344185528405,,,0.0,-1,-1,0,32,prompt
7,553,2,46.03476743090982,-29.486099243164062,-23.301799774169922,0.4039319617598663,12.001905643443735,,,0.0,-1,-1,0,32,prompt
7,569,4,-35.47560982745664,-23.056800365447998,-38.59909963607788,1.7114238058096514,50.85100704529504,,,0.0,-1,-1,0,32,prompt
7,665,4,9.288670097536539,-8.272181078791618,24.07995581626892,0.8559661536569407,25.43305799673114,,,0.0,-1,-1,0,32,prompt
7,725,6,-15.744907452577825,-14.041000286738077,-18.78613273302714,1.3667835811061029,40.61081847540354,,,0.0,-1,-1,0,32,prompt
7,743,5,12.018234350767832,-37.82202072143555,-25.56314010620117,1.9214876895747992,57.09257035477003,,,0.0,-1,-1,0,32,prompt
7,751,6,14.937827094020598,16.47969977060954,-22.555033683776855,2.968388983586178,88.19882521507091,,,0.0,-1,-1,0,32,prompt
7,919,5,-31.059619105106226,34.125172805786136,14.773657608032227,1.7506519633539717,52.016581176546794,,,0.0,-1,-1,0,32,prompt
7,923,6,-14.738669092010596,-20.936793168385822,-7.234639485677081,2.8287348750072323,84.04932581279239,0.2981661558151245,290.6884765625,290.6884765625,6,8,1,32,prompt
7,1061,4,-11.96463362513788,-22.100717544555668,-15.796125531196594,1.0574384371288863,31.419341739825846,,,0.0,-1,-1,0,32,prompt
7,1083,2,-27.317917534867803,-24.6087007522583,-35.71699905395508,0.2850257178987585,8.468881138475929,,,0.0,-1,-1,0,32,prompt
7,1127,8,-4.456008045203369,21.120388686656952,1.315086007118225,2.8088020922037877,83.45706919270245,0.3002782464027405,105.58776092529297,183.22686767578125,6,14,2,32,prompt
7,1145,2,-43.15853739782415,10.86329984664917,17.39903736114502,0.2959288862284827,8.792843612100949,,,0.0,-1,-1,0,32,prompt
7,1207,3,24.25924595218328,8.794099966684977,6.674300034840901,1.2169081062344855,36.15761477288286,,,0.0,-1,-1,0,32,prompt
7,1237,2,12.423015876368304,-45.21294403076172,-10.212055683135986,0.43430904536098813,12.90449054787971,,,0.0,-1,-1,0,32,prompt
7,1283,1,-64.39397097568411,30.456037521362305,56.584510803222656,0.1280508120372594,3.8047342352947577,,,0.0,-1,-1,0,32,prompt
7,1289,2,57.1620412315252,55.42499923706055,6.230899810791016,0.8012747194022071,23.808028299724526,,,0.0,-1,-1,0,32,prompt
7,1323,6,5.578331011800628,10.30905024210612,23.822041829427082,1.139857624924958,33.86823761532921,,,0.0,-1,-1,0,32,prompt
7,1337,1,12.53596322489697,29.042699813842773,-18.202699661254883,0.356941656319361,10.605697208744967,,,0.0,-1,-1,0,32,prompt
7,1351,2,-32.01529907238722,-2.438699722290039,-38.59910011291504,0.7348309801537903,21.83380599361459,,,0.0,-1,-1,0,32,prompt
7,1413,1,-54.09685246578897,-5.985899925231934,-7.117700099945068,0.3546086938412294,10.536378615063398,,,0.0,-1,-1,0,32,prompt
7,1477,5,-20.617295375822863,38.126858139038085,40.367156982421875,1.7873943253606122,53.1082956326143,,,0.0,-1,-1,0,32,prompt
7,1531,5,17.611725578325313,-21.682258796691894,34.95213556289673,0.9090245488576462,27.009565708616503,,,0.0,-1,-1,0,32,prompt
7,1563,1,64.50572264943492,43.23149871826172,-44.36330032348633,0.385797612074364,11.463085311221542,,,0.0,-1,-1,0,32,prompt
7,1581,2,-32.25215137950242,39.57345008850098,61.046226501464844,0.4224755351674425,12.552885113749454,,,0.0,-1,-1,0,32,prompt
7,1643,2,8.35742874407769,0.34640693664551137,22.983107089996338,0.6034568977463164,17.930328452053114,,,0.0,-1,-1,0,32,prompt
7,1679,1,1.8876251689278731,-2.438699960708618,11.10830020904541,1.258516357266949,37.39390788696237,,,0.0,-1,-1,0,32,prompt
7,1711,4,-23.27150832999562,25.606350421905518,9.671662211418152,1.2592816358954122,37.4166463745278,,,0.0,-1,-1,0,32,prompt
7,1755,1,22.465897663896637,-25.052099227905277,8.891300201416016,0.3426237028417635,10.180272278524908,,,0.0,-1,-1,0,32,prompt
7,1809,7,-28.980235157046177,-17.165914263044083,2.4328501565115803,3.0621872153141,90.98582310901236,,,0.0,-1,-1,0,32,prompt
7,1835,2,55.96470186990949,56.31180000305176,-8.004500389099121,1.3973069003347112,41.51774843388067,,,0.0,-1,-1,0,32,prompt
7,1837,10,-10.47386973099522,-21.76539726257324,25.89568977355957,4.634065618246591,137.69056069097712,,,0.0,-1,-1,0,32,prompt
7,1909,1,-63.57978020978543,-15.297300338745115,-35.05189895629883,0.0507916004158263,1.5091551384404778,,,0.0,-1,-1,0,32,prompt
7,1979,3,-50.80816035255114,10.927961985270182,45.07458623250326,0.6670166325396444,19.818859224384845,,,0.0,-1,-1,0,32,prompt
7,2059,3,-30.877368156853148,21.94830063978831,24.967492421468098,0.9426734974422072,28.00936652693619,,,0.0,-1,-1,0,32,prompt
7,2123,4,-2.835608775816766,8.895712852478027,13.438356161117554,0.7856406202970434,23.343497140905328,,,0.0,-1,-1,0,32,prompt
7,2191,6,-17.594131577739876,11.380599975585938,-23.43406669298808,1.5651749459755064,46.50555983546487,,,0.0,-1,-1,0,32,prompt
7,2263,1,-22.97676245818601,-40.54338836669922,49.6009635925293,0.1443564760070929,4.289219393555107,,,0.0,-1,-1,0,32,prompt
7,2353,7,-1.5270829442268226,-16.627499716622488,8.974261011396136,1.7351696409657689,51.556559712449214,,,0.0,-1,-1,0,32,prompt
7,2467,6,-17.305424979072757,-5.542500019073486,-19.303433100382488,2.6993769046985796,80.20575238743712,,,0.0,-1,-1,0,32,prompt
7,2493,12,-25.304463805995198,37.312572042147316,23.966796557108562,4.791398770869715,142.36535206955796,,,0.0,-1,-1,0,32,prompt
7,2643,3,-35.77673356692818,30.19738705952963,36.28048769632975,0.4525385422503459,13.446137959588098,0.692990779876709,40.8115119934082,40.8115119934082,0,7,1,32,prompt
7,2665,10,-32.20451466976642,27.346694469451904,23.56872239112854,3.7677815708526587,111.95093030385894,,,0.0,-1,-1,0,32,prompt
7,2705,3,45.593082244180465,33.47669982910156,-55.89169947306315,0.7213230524092791,21.43244910786149,0.46672460436820984,102.70556640625,102.70556640625,6,14,1,32,prompt
7,2713,1,47.05649701948856,-59.19390106201172,4.900700092315674,0.1624011071301376,4.82537394583656,,,0.0,-1,-1,0,32,prompt
7,2721,12,20.551383116265537,42.94051822026571,-12.303615093231201,3.730279972443386,110.83665689101626,,,0.0,-1,-1,0,32,prompt
7,2875,4,2.2909093118914043,28.07969093322754,14.971677899360657,1.1347835452017672,33.71747305141672,,,0.0,-1,-1,0,32,prompt
7,2905,4,-44.548758839902355,12.276637554168701,2.0091567039489746,1.520629926615213,45.18200743095015,,,0.0,-1,-1,0,32,prompt
7,2915,4,-29.272794096898306,-11.923303127288815,-18.93235969543457,1.0659133612639768,31.671154543550365,,,0.0,-1,-1,0,32,prompt
7,2971,9,-18.823099520768313,-41.008341471354164,30.7174137963189,2.0623312430459673,61.27741136582427,,,0.0,-1,-1,0,32,prompt
7,3177,1,62.06315035173886,-28.15589904785156,-19.976299285888672,0.4922603605426013,14.626380080198206,,,0.0,-1,-1,0,32,prompt
7,3207,3,15.81321520506853,-37.476536432902016,32.49311192830404,0.5612396976130081,16.67594182138692,,,0.0,-1,-1,0,32,prompt
7,3221,2,-16.733437578184883,33.03329944610596,-12.88189959526062,1.0578763710296761,31.432353934583702,,,0.0,-1,-1,0,32,prompt
7,3253,6,-27.34972665703118,-18.927637656529743,-5.440887848536174,2.073956519904537,61.62282962717593,,,0.0,-1,-1,0,32,prompt
7,3259,1,46.03476743090982,-49.4390983581543,38.15570068359375,0.169308215096536,5.030602711890667,,,0.0,-1,-1,0,32,prompt
7,3339,4,0.3518173834628744,-31.29434108734131,-32.73318433761597,1.8443419007063186,54.80036135314867,,,0.0,-1,-1,0,32,prompt
7,3355,2,58.01614330947774,4.65570020675659,3.103799819946289,0.4801842736376588,14.267567039151189,,,0.0,-1,-1,0,32,prompt
7,3467,3,-6.152933977896457,5.865812619527181,-8.977379004160563,0.8283994558036918,24.613977216159718,,,0.0,-1,-1,0,32,prompt
7,3485,1,62.51015704674206,60.0806999206543,50.12749862670898,0.2974824884732568,8.83900531583933,,,0.0,-1,-1,0,32,prompt
7,3487,4,11.731840232621533,27.601649045944214,-12.98110032081604,1.389221107952527,41.27749778176431,,,0.0,-1,-1,0,32,prompt
7,3503,1,-32.77898069861333,-32.589900970458984,-55.891700744628906,0.5807716284847757,17.256288051816142,,,0.0,-1,-1,0,32,prompt
7,3555,3,-10.414664988729827,2.133862495422363,44.76051123936971,1.295317559254062,38.48737063719955,0.22149614989757538,326.7926940917969,326.7926940917969,1,11,1,32,prompt
7,3729,1,-28.516452571261382,-13.385137557983398,28.65031242370605,0.0883116419984941,2.6239765475989114,,,0.0,-1,-1,0,32,prompt
7,3759,2,-27.90860495326489,59.92828178405762,2.7019672393798793,0.38359741999660807,11.397711683446136,,,0.0,-1,-1,0,32,prompt
7,3775,5,-3.2128246420915887,-7.576597595214842,-14.132491302490234,1.4909976809762542,44.30155366687403,,,0.0,-1,-1,0,32,prompt
7,3855,1,16.974101125285888,36.13710021972656,25.297100067138672,0.4163072364708186,12.369608359379942,,,0.0,-1,-1,0,32,prompt
7,3905,2,12.049045217839911,-24.608699798583984,-31.726399421691895,0.6261608659222352,18.604924447358684,,,0.0,-1,-1,0,32,prompt
7,3939,4,-62.69774021339519,41.901299476623535,5.371812462806702,1.5888908244629882,47.21022240937464,,,0.0,-1,-1,0,32,prompt
7,3943,1,-49.99396958665245,52.570613861083984,49.6009635925293,0.0819588440380901,2.435217823579052,,,0.0,-1,-1,0,32,prompt
7,4009,3,34.627287779777085,22.68730099995931,7.9889678955078125,1.6107291234028094,47.859097041991284,0.8432426452636719,48.61015319824219,48.61015319824219,6,15,1,32,prompt
7,4049,1,-65.14430364229663,33.947811126708984,30.97816276550293,0.5200439582324282,15.451905538634051,,,0.0,-1,-1,0,32,prompt
7,4055,5,12.594057697141324,17.159580206871034,20.587740325927733,1.4570978240439074,43.29429768629841,,,0.0,-1,-1,0,32,prompt
7,4083,1,22.178536217108864,24.16530036926269,25.297100067138672,0.2339886800776518,6.952433394204721,,,0.0,-1,-1,0,32,prompt
7,4107,2,-53.41836016087339,55.480424880981445,16.8170747756958,0.4433352193172756,13.172682467312601,,,0.0,-1,-1,0,32,prompt
7,4213,2,-26.499555746544164,54.70447540283203,48.82501220703125,0.4785606409135619,14.219324541406476,,,0.0,-1,-1,0,32,prompt
7,4259,6,-14.16267578510645,-4.697269002596538,-2.877481381098429,1.1750907678512057,34.91510911091585,0.5014492869377136,104.82005310058594,104.82005310058594,6,11,1,32,prompt
7,4321,3,-15.119675419329704,6.595574696858724,20.699766794840496,1.6299444973585646,48.43003751452948,,,0.0,-1,-1,0,32,prompt
7,4447,6,-7.902838344923009,-15.888499736785889,-6.748200019200643,2.7813894232560443,82.64256502543537,,,0.0,-1,-1,0,32,prompt
7,4451,1,-34.84363553100826,-15.297300338745115,-35.05189895629883,0.0824576235787324,2.450037906044396,,,0.0,-1,-1,0,32,prompt
7,4669,3,-12.008336789267476,33.772300720214844,-35.036367098490395,0.7770599910308166,23.088543553261655,,,0.0,-1,-1,0,32,prompt
7,4705,3,19.208337483783314,-13.080300013224283,-35.93869972229004,1.0413097063518568,30.940113742885373,,,0.0,-1,-1,0,32,prompt
7,4739,3,-37.25785657719645,-0.4526379903157552,-21.07850456237793,0.9901702019854524,29.420621441795937,,,0.0,-1,-1,0,32,prompt
7,5063,1,-13.509799239011084,-5.237662315368652,29.81423759460449,0.0841577915652106,2.5005544724057533,,,0.0,-1,-1,0,32,prompt
7,5065,6,18.426075767527717,12.71079969406128,17.56531270345052,1.834086359946837,54.495641637527456,,,0.0,-1,-1,0,32,prompt
7,5139,4,34.33753959653278,19.58581018447876,-17.477453231811523,1.8884720213510842,56.11158600025183,,,0.0,-1,-1,0,32,prompt
7,5165,1,-56.0445244940172,57.614288330078125,33.69398880004883,0.1568584964551601,4.6606880664384605,,,0.0,-1,-1,0,32,prompt
7,5279,2,47.45561014002713,-24.608699798583984,17.094200134277344,0.6634180530459834,19.711935743150086,,,0.0,-1,-1,0,32,prompt
7,5303,1,-12.967005395078626,-41.3193359375,20.1148624420166,0.1158393759659899,3.441899606265203,,,0.0,-1,-1,0,32,prompt
7,5331,4,-28.161951839197098,-5.2723031044006365,18.902440190315247,0.6704070596879873,19.91959793926172,,,0.0,-1,-1,0,32,prompt
7,5339,4,-36.99223968550321,59.554161071777344,35.633861899375916,1.8046177338420366,53.6200494501432,,,0.0,-1,-1,0,32,prompt
7,5417,8,38.55976754752662,-1.995300218462944,6.280500054359436,2.4197732452307186,71.89797519675813,,,0.0,-1,-1,0,32,prompt
7,5477,4,-7.96361453734848,34.69604992866516,-22.858399868011475,2.2186201047781138,65.92117405164404,,,0.0,-1,-1,0,32,prompt
7,5647,6,-28.036201224357516,15.597519444922606,8.464698553085329,1.9424400807572382,57.71512228376457,,,0.0,-1,-1,0,32,prompt
7,5691,2,8.157872183808408,10.35061931610107,30.07750558853149,0.318162052869096,9.45345082677399,,,0.0,-1,-1,0,32,prompt
7,5811,2,-39.68625324913857,-57.15703010559082,-2.1754322052001918,0.5558484119549056,16.515752215485257,,,0.0,-1,-1,0,32,prompt
7,5889,2,-26.15631846288099,-13.385137557983398,41.64747428894043,0.7024843606878681,20.87270087823089,,,0.0,-1,-1,0,32,prompt
7,5929,3,-3.0824237038863793,-15.833075523376465,28.696499903996784,0.5989635202148299,17.796818113038817,,,0.0,-1,-1,0,32,prompt
7,5935,1,-14.611351451697542,1.551900029182434,-6.674300193786621,0.1387204828455359,4.121758869170275,,,0.0,-1,-1,0,32,prompt
7,5957,5,-8.281011046532479,-17.602980422973634,-34.78586044311523,2.184670852774155,64.91245041055907,,,0.0,-1,-1,0,32,prompt
7,5985,3,-8.584863259044823,41.85511144002279,7.296154022216797,0.7386886421219354,21.94842751240765,,,0.0,-1,-1,0,32,prompt
8,129,7,10.17059128354044,-38.080933707101,25.57944393157959,2.6276225190949445,78.07373648613029,,,0.0,-1,-1,0,32,prompt
8,139,1,-49.14784977111068,-38.991485595703125,13.519287109375,0.0761979612934546,2.2640464935787725,,,0.0,-1,-1,0,32,prompt
8,175,2,32.087139434084165,-39.9060001373291,8.891299962997437,1.1164066874334895,33.17144715141879,,,0.0,-1,-1,0,32,prompt
8,381,2,6.0745016945970605,9.533099174499513,-7.339399814605713,0.43393994875729336,12.893523694473114,,,0.0,-1,-1,0,32,prompt
8,419,2,-3.738314373448979,-34.10023069381714,32.95960569381714,0.243071619814318,7.222311977740435,,,0.0,-1,-1,0,32,prompt
8,421,4,-45.65031105258881,-1.0392185449600237,1.0115063190460187,2.1367630653161624,63.488981115997994,0.28468018770217896,133.0452423095703,133.0452423095703,5,6,1,32,prompt
8,489,1,59.74829425261514,60.0806999206543,-22.636699676513672,0.2767968045037667,8.224377975902536,,,0.0,-1,-1,0,32,prompt
8,503,1,-62.65383777013594,58.00226211547852,15.847137451171877,0.0790816733604915,2.349729339721096,,,0.0,-1,-1,0,32,prompt
8,575,2,26.667183257170365,23.94360065460205,24.63200092315674,0.6783519524656971,20.15566208494088,,,0.0,-1,-1,0,32,prompt
8,669,1,-30.11290505341567,-39.76743698120117,55.03261184692383,0.1241634827211343,3.6892312197525943,,,0.0,-1,-1,0,32,prompt
8,709,5,25.1425982500704,6.695339965820314,23.868899536132812,2.267132029311707,67.3625938845717,,,0.0,-1,-1,0,32,prompt
8,731,2,-1.005765063757206,-22.61340045928955,-28.622599601745605,0.2451536314040618,7.2841741451702955,,,0.0,-1,-1,0,32,prompt
8,739,1,-7.09206026075085,-33.920101165771484,-26.62730026245117,0.6692317236824828,19.88467554348014,,,0.0,-1,-1,0,32,prompt
8,889,8,-26.48827013592672,-0.027712583541870117,24.84897804260254,2.7687104364238646,82.26583820502904,,,0.0,-1,-1,0,32,prompt
8,901,4,18.91259521632548,25.197589874267578,-18.98778486251831,1.071936585593677,31.850120748055204,,,0.0,-1,-1,0,32,prompt
8,1045,5,15.474003748232892,46.03046188354492,-3.967547798156738,1.6081119507794701,47.78133380003077,,,0.0,-1,-1,0,32,prompt
8,1103,1,-20.645941834240748,-48.690860748291016,48.43703842163086,0.087436728435439,2.597980511077793,,,0.0,-1,-1,0,32,prompt
8,1129,4,-22.167272768707747,-44.672550201416016,-46.80200004577637,0.7830539156188449,23.266639183590105,,,0.0,-1,-1,0,32,prompt
8,1183,4,9.627138521385824,-23.47941541671753,15.313671827316284,2.7322133512250293,81.18141158300907,,,0.0,-1,-1,0,32,prompt
8,1235,2,14.929446273350536,23.486342906951904,37.22733116149902,0.39793718922065413,11.823784818203602,,,0.0,-1,-1,0,32,prompt
8,1237,5,-36.85259493644516,-9.721545076370239,22.71429443359375,1.411773080516962,41.94757757840291,,,0.0,-1,-1,0,32,prompt
8,1257,2,10.201331360965895,2.6603994369506845,12.636899948120117,0.19910564368444322,5.915964505919538,,,0.0,-1,-1,0,32,prompt
8,1267,2,-33.34833689498605,8.355318069458008,0.7343814373016357,0.2743439315539035,8.151496519403398,,,0.0,-1,-1,0,32,prompt
8,1391,3,-16.648692004062607,-11.57458750406901,-29.096654574076336,0.8350857135479617,24.812643927763432,,,0.0,-1,-1,0,32,prompt
8,1455,3,-7.297058256773698,-5.2468992869059266,17.112675031026207,0.7073682720848866,21.017815029392818,,,0.0,-1,-1,0,32,prompt
8,1479,5,15.220239760058192,16.865827560424805,-10.230572128295899,0.90621398915783,26.926056416171576,,,0.0,-1,-1,0,32,prompt
8,1481,3,9.914443210988152,-9.431487719217936,11.91490395863851,0.38359349574834256,11.397595083469255,,,0.0,-1,-1,0,32,prompt
8,1507,10,-25.76504753964283,-34.74870390892029,12.631481552124026,2.8027603658465923,83.27755324316817,,,0.0,-1,-1,0,32,prompt
8,1517,3,-43.82101998898921,-33.005587100982666,-23.461779912312824,0.5624699062635775,16.712494631126347,,,0.0,-1,-1,0,32,prompt
8,1523,2,-12.646519223869905,3.7689003944396955,-12.216800212860107,0.6317097547668584,18.769796868072735,,,0.0,-1,-1,0,32,prompt
8,1533,1,-48.94031094843062,52.958587646484375,30.97816276550293,0.1626161085050764,4.831762215296555,,,0.0,-1,-1,0,32,prompt
8,1553,1,-50.90394750148039,11.833237648010254,32.142086029052734,0.2000634816925716,5.94442445086961,,,0.0,-1,-1,0,32,prompt
8,1579,4,-14.99390221002564,40.97293138504028,-6.179886817932129,1.259456823541822,37.4218516709667,,,0.0,-1,-1,0,32,prompt
8,1663,4,-23.743769594835108,20.306334018707275,16.06411647796631,1.7017977923216825,50.564992279090916,,,0.0,-1,-1,0,32,prompt
8,1679,3,-9.244730285001928,11.574586868286133,6.8897043863932295,0.6915009454492816,20.546354052983517,,,0.0,-1,-1,0,32,prompt
8,1705,4,23.574834301604938,28.329102516174316,12.613908767700195,1.720935068596534,51.1336122593534,,,0.0,-1,-1,0,32,prompt
8,1793,17,5.821458217311535,-8.646299754872041,24.41459835276884,4.846780939760724,144.01090535150976,,,0.0,-1,-1,0,32,prompt
8,1809,2,-55.086653004724624,9.50538730621338,7.89365029335022,0.7098301722898317,21.09096470993454,,,0.0,-1,-1,0,32,prompt
8,1841,2,-14.881552698885908,8.868000984191895,-0.22169995307922363,0.4469834975716548,13.281082632477343,,,0.0,-1,-1,0,32,prompt
8,1845,2,-23.210863633306328,-30.81630039215088,-28.84429931640625,0.28299463744391873,8.408532272129666,,,0.0,-1,-1,0,32,prompt
8,1901,2,37.331485837961,7.537799835205078,-0.6651000976562536,0.4193826530841961,12.460987263508308,,,0.0,-1,-1,0,32,prompt
8,1923,8,-50.23877026448168,-40.252405881881714,49.21298837661743,2.4461375184922014,72.68132870674947,,,0.0,-1,-1,0,32,prompt
8,1935,5,28.327538681741267,-17.508757019042967,15.359397506713867,2.190805096817797,65.09471530954079,,,0.0,-1,-1,0,32,prompt
8,1993,1,-60.75405931637234,-21.948299407958984,-55.44829940795898,0.3265203975880253,9.701799742306456,,,0.0,-1,-1,0,32,prompt
8,2095,16,2.3391298320070253,14.235565066337585,-2.1835398674011226,6.998404848724125,207.94144212569097,0.6823609471321106,83.67658996582031,152.36065673828125,2,6,2,32,prompt
8,2147,1,-1.8397315944632449,-17.957700729370117,-7.561100006103516,0.7484504028106703,22.23847569326868,,,0.0,-1,-1,0,32,prompt
8,2185,3,-18.72408023086318,40.12770016988119,28.548699696858723,1.766647914373894,52.49186392956744,,,0.0,-1,-1,0,32,prompt
8,2299,5,34.61380060029281,0.48773918151855467,34.165100479125975,2.067162417038594,61.4209585467751,,,0.0,-1,-1,0,32,prompt
8,2423,53,-4.246558123796436,-13.925269887132465,-17.688428105048413,10.354686839739843,307.66561248710263,,,0.0,-1,-1,0,32,prompt
8,2447,6,-16.62208446269337,12.07341225941976,40.16023667653402,1.9992987968410123,59.40454775648936,,,0.0,-1,-1,0,32,prompt
8,2571,4,-40.74252745256835,45.58706307411194,40.48354911804199,1.0502506650481949,31.20577368761431,,,0.0,-1,-1,0,32,prompt
8,2575,3,-24.70799635732512,-6.808037439982098,-4.358628908793132,0.31505092353408387,9.361010801575977,,,0.0,-1,-1,0,32,prompt
8,2585,1,-50.88798297665885,-39.76743698120117,12.35536289215088,0.1165241405059079,3.4622458035808745,0.7428234815597534,37.5108757019043,37.5108757019043,2,3,1,32,prompt
8,2607,1,-29.0432818903723,28.904136657714844,28.26233673095703,0.1015185709970309,3.016389950562878,,,0.0,-1,-1,0,32,prompt
8,2645,3,-5.421106662762695,-60.22850036621094,-30.617900848388672,1.0980368135241696,32.625628760665435,,,0.0,-1,-1,0,32,prompt
8,2651,4,8.449822599190497,26.569359302520752,-1.6674728393554688,0.7483917833020424,22.236733949910832,,,0.0,-1,-1,0,32,prompt
8,2817,1,-64.18643215300406,-46.77870178222656,-27.51409912109375,0.2499076410918154,7.425428566959172,,,0.0,-1,-1,0,32,prompt
8,2857,2,37.5549891854626,-9.754800081253052,-7.759500503540039,0.6809284615995947,20.23221710519672,,,0.0,-1,-1,0,32,prompt
8,2867,1,-41.1496228355177,-47.66550064086914,-43.47650146484375,0.1305597508065195,3.879281558172215,,,0.0,-1,-1,0,32,prompt
8,2905,3,-42.63615773191776,26.59476312001546,4.02902094523112,0.7602482283163157,22.58902083928698,,,0.0,-1,-1,0,32,prompt
8,2989,8,-36.19809452124124,6.838059365749359,21.77981948852539,2.045561650167606,60.779141631168535,,,0.0,-1,-1,0,32,prompt
8,3155,5,-33.94863014163345,-27.67370262145996,-19.01921215057373,1.6976706067292866,50.44236248808081,,,0.0,-1,-1,0,32,prompt
8,3159,4,-22.786495942931467,-12.58840274810791,-14.664634704589844,1.4291536339587698,42.464000595612475,,,0.0,-1,-1,0,32,prompt
8,3203,1,-51.430776820591305,52.958587646484375,58.91236114501953,0.352733415814871,10.48065905816199,,,0.0,-1,-1,0,32,prompt
8,3207,1,-43.17711748785364,-49.88249969482422,-43.03310012817383,0.2008716166023166,5.968436313886525,,,0.0,-1,-1,0,32,prompt
8,3311,7,-10.489198537241093,15.170614208493914,-17.809328896658762,2.752222099643746,81.77592534596704,,,0.0,-1,-1,0,32,prompt
8,3315,1,-52.83565500488708,9.893362045288086,5.759787559509277,0.2173428592317614,6.457841259728338,,,0.0,-1,-1,0,32,prompt
8,3395,2,5.020843056375234,3.3254995346069354,-1.3302001953125,0.6111508707029731,18.158937094574696,,,0.0,-1,-1,0,32,prompt
8,3419,7,-2.0998280793966972,-0.6017567089625777,-7.421099390302386,2.891912273475582,85.92649634396753,,,0.0,-1,-1,0,32,prompt
8,3435,1,30.30447935127419,17.514299392700195,-47.91049957275391,0.1936280696240109,5.753211039365765,,,0.0,-1,-1,0,32,prompt
8,3483,3,-28.284049917350718,0.5819619496663412,-25.49402968088786,0.4184382680036949,12.43292704124249,,,0.0,-1,-1,0,32,prompt
8,3591,1,-29.857472656270986,-25.495500564575195,-53.23130035400391,0.4909978723808609,14.588868159311442,,,0.0,-1,-1,0,32,prompt
8,3669,1,-29.6020402591263,-44.56169891357422,-54.561500549316406,0.5719670091524169,16.994679116506806,,,0.0,-1,-1,0,32,prompt
8,3693,8,31.941553090697376,12.96252167224884,46.670366287231445,2.5418381267500387,75.52485132706036,,,0.0,-1,-1,0,32,prompt
8,3697,4,51.57844867519057,-32.92245054244995,0.43174993991851807,1.8919535654415498,56.21503204469259,,,0.0,-1,-1,0,32,prompt
8,3739,1,15.409577692774686,-33.920101165771484,54.11809921264648,0.6236130352580824,18.529221541618305,,,0.0,-1,-1,0,32,prompt
8,3743,9,-36.921143251059455,28.26367145114475,2.1435905032687717,3.584590600184807,106.50783356274617,,,0.0,-1,-1,0,32,prompt
8,3745,1,19.22509912512343,-0.6650999784469604,-34.60850143432617,0.1924735607338921,5.718907473232121,,,0.0,-1,-1,0,32,prompt
8,3765,3,-9.36354717716521,35.2872511545817,16.761650403340656,0.40121952644922,11.921311890672882,0.46521928906440735,81.77951049804688,81.77951049804688,5,6,1,32,prompt
8,3825,1,47.32789394145479,26.82570075988769,13.768699645996094,0.456303823088231,13.558014586385534,,,0.0,-1,-1,0,32,prompt
8,3873,2,-29.309312115135704,-32.00793695449829,43.393362045288086,0.18203630275427818,5.408788449964345,,,0.0,-1,-1,0,32,prompt
8,3897,2,-25.387405706238983,-19.592737197875977,33.693986892700195,1.3860087188291728,41.18204905574485,,,0.0,-1,-1,0,32,prompt
8,3935,1,-60.72213026672926,-51.40668869018555,42.22943878173828,0.1453269188817282,4.318053863011252,,,0.0,-1,-1,0,32,prompt
8,3997,5,-31.438528569775762,-12.598101997375489,1.981567096710205,0.7000514629829141,20.800412940015278,,,0.0,-1,-1,0,32,prompt
8,4037,9,14.016349370551962,-30.563808017306858,23.050288942125107,2.1830430200734585,64.86408312020662,,,0.0,-1,-1,0,32,prompt
8,4061,2,-31.488469753276306,1.3579120635986293,23.412649512290955,0.915059193311128,27.188871235732663,,,0.0,-1,-1,0,32,prompt
8,4085,1,35.46625199904843,10.863300323486328,10.221500396728516,0.1060675698071703,3.151552947453644,,,0.0,-1,-1,0,32,prompt
8,4119,3,-27.187022096419536,49.54071299235026,19.194054921468098,0.9216715475043689,27.385342073946475,,,0.0,-1,-1,0,32,prompt
8,4175,7,1.1203418467661947,-19.91736957005092,-5.708144732883999,1.6765278587317642,49.81415454582289,,,0.0,-1,-1,0,32,prompt
8,4347,10,24.209268617539557,-10.90763988494873,-38.200039863586426,3.7219760405740256,110.58992472768006,,,0.0,-1,-1,0,32,prompt
8,4385,5,-24.266217793855525,-7.52117223739624,25.08447265625,0.9513057911572831,28.265855204394267,,,0.0,-1,-1,0,32,prompt
8,4643,5,-7.955813010084148,-12.12698974609375,22.815824890136717,1.4116356151952125,41.943493113747785,,,0.0,-1,-1,0,32,prompt
8,4687,6,3.592889939916464,5.1452873547871905,-5.828862826029458,1.6396807405633829,48.71932750227083,,,0.0,-1,-1,0,32,prompt
8,4719,3,-22.779866652053645,1.847499926884968,-30.76570002237956,1.2313538156464612,36.58683567572939,,,0.0,-1,-1,0,32,prompt
8,4901,4,26.231552118394386,-44.43006658554077,50.50854682922363,1.589294380797603,47.22221315412473,,,0.0,-1,-1,0,32,prompt
8,5013,1,-51.38288324612668,1.1085000038146973,-58.108699798583984,0.2480692025505141,7.370803610301033,,,0.0,-1,-1,0,32,prompt
8,5281,5,-30.22307800445738,23.92697219848633,2.4489021301269522,0.758438347516529,22.535244409983683,,,0.0,-1,-1,0,32,prompt
8,5309,2,12.111707642348218,-19.287900924682617,8.867998123168945,0.9917915143835718,29.468794996411415,,,0.0,-1,-1,0,32,prompt
8,5463,6,-2.404923181519836,3.080706278483072,-34.51297696431478,1.9182621503258774,56.9967309031304,,,0.0,-1,-1,0,32,prompt
8,5473,2,37.82900167263678,-39.46260070800781,58.552101135253906,0.9001818429209513,26.74682511779387,,,0.0,-1,-1,0,32,prompt
8,5569,12,8.859157583552987,10.080421765645346,-2.5841908454895015,3.3272468057446614,98.86145686767158,,,0.0,-1,-1,0,32,prompt
8,5763,3,25.195831408380467,-18.253299554189045,43.32870101928711,2.139976678241999,63.58446620448271,,,0.0,-1,-1,0,32,prompt
8,5805,1,-50.00993411147399,-54.5104866027832,41.06551361083984,0.0790800380131319,2.349680749150004,,,0.0,-1,-1,0,32,prompt
8,5873,4,2.9826827930271094,1.5518999099731445,-3.115449905395508,0.8344832760162815,24.794743887420516,,,0.0,-1,-1,0,32,prompt
8,5965,3,-31.210082351448346,-52.247300465901695,-37.416699727376304,0.6298666096293065,18.715032065773627,,,0.0,-1,-1,0,32,prompt
8,6073,4,-29.012660623333186,12.803175687789917,3.173081874847414,1.3970503986559268,41.510127078708045,,,0.0,-1,-1,0,32,prompt
8,6097,1,26.64860316714087,19.731300354003903,-39.929298400878906,0.184689680275357,5.48762743687114,,,0.0,-1,-1,0,32,prompt
8,6125,11,3.6762991027113032,14.045199307528408,17.342585000124846,3.832328643517264,113.86879754146479,,,0.0,-1,-1,0,32,prompt
8,6149,4,-24.737561264976154,4.988249778747559,19.47968077659607,1.085740897710426,32.26028401113554,,,0.0,-1,-1,0,32,prompt
8,6187,5,-20.229763736082692,15.951314926147461,27.937094116210936,0.6754175160125392,20.068472080777703,,,0.0,-1,-1,0,32,prompt
8,6207,4,4.959600522297012,-20.46568202972412,-10.350619316101074,1.818841196129486,54.042666792809754,,,0.0,-1,-1,0,32,prompt
9,23,1,61.10527886244628,54.7598991394043,37.26890182495117,0.1659232819325526,4.930027238074502,,,0.0,-1,-1,0,32,prompt
9,125,3,26.745336909690185,35.83226235707601,-19.859154383341473,0.6934269979572646,20.603582256378004,,,0.0,-1,-1,0,32,prompt
9,133,3,-23.35911393738446,3.7596619923909507,17.78995450337728,0.5513323151838143,16.38156682672041,,,0.0,-1,-1,0,32,prompt
9,177,1,-57.64097697617149,31.619962692260746,40.67753601074219,0.1654900084879557,4.917153518012327,,,0.0,-1,-1,0,32,prompt
9,405,2,-50.68842641638956,-1.454906463623045,0.8452320098876953,0.38607368018295074,11.471288037680687,,,0.0,-1,-1,0,32,prompt
9,421,3,-28.04458204502758,-41.522562662760414,-5.5595041910807295,1.6438763896604072,48.84399152825207,,,0.0,-1,-1,0,32,prompt
9,473,1,-20.21489966405909,-22.835100173950195,-3.570499897003174,0.2256192221350962,6.703754274890466,,,0.0,-1,-1,0,32,prompt
9,477,3,-15.020310472265237,42.76038678487142,13.42985471089681,0.8772134889509937,26.064373509033757,,,0.0,-1,-1,0,32,prompt
9,545,3,-53.50084353911803,-51.21269989013672,-44.95450083414713,0.5367924994429752,15.949549771584886,,,0.0,-1,-1,0,32,prompt
9,549,4,-12.142926746776261,-4.835831165313721,-16.849200129508972,1.5911040601404167,47.2759835975992,,,0.0,-1,-1,0,32,prompt
9,679,5,15.108966356218536,-19.021860122680664,26.08589973449707,1.26864096798706,37.69473731875566,,,0.0,-1,-1,0,32,prompt
9,735,3,12.02708199570566,25.587875366210938,29.731099128723145,0.6750614514832151,20.057892445372502,,,0.0,-1,-1,0,32,prompt
9,763,5,-14.10639419742564,3.131512928009033,-15.4055025100708,1.161509044397305,34.51155955603815,,,0.0,-1,-1,0,32,prompt
9,775,1,29.314678812338524,18.84449958801269,-31.94809913635254,0.7006151874044759,20.81716270967205,,,0.0,-1,-1,0,32,prompt
9,921,1,3.899155296442275,-14.853899955749512,58.55210113525391,0.259441617750257,7.708708671269004,,,0.0,-1,-1,0,32,prompt
9,927,2,-63.70749640835778,-15.061743736267086,-20.881369590759277,0.2780016157811814,8.260176161336261,,,0.0,-1,-1,0,32,prompt
9,1037,4,14.970553260182257,38.797499656677246,-5.65334987640381,1.3103597961010698,38.93431597551236,,,0.0,-1,-1,0,32,prompt
9,1071,1,-17.03795922457206,30.456037521362305,32.53006362915039,0.195681940111929,5.814237058927199,,,0.0,-1,-1,0,32,prompt
9,1109,5,-28.051902628727543,6.423756790161133,4.442437362670899,1.6680120424489873,49.56112672634186,,,0.0,-1,-1,0,32,prompt
9,1117,1,-5.92664994877822,-61.88201141357422,63.95603561401367,0.1500426659955315,4.458171400756026,,,0.0,-1,-1,0,32,prompt
9,1161,1,59.71636520297206,-21.948299407958984,3.1270999908447266,0.2454271626118629,7.292301493479803,,,0.0,-1,-1,0,32,prompt
9,1181,2,-45.42549992248324,-17.36188054084778,9.824081420898438,0.19432544219015918,5.773931855071391,,,0.0,-1,-1,0,32,prompt
9,1231,3,-3.233966762211322,-2.8821001052856445,-26.183900197347004,0.859560318138375,25.53985029607098,,,0.0,-1,-1,0,32,prompt
9,1249,1,-55.661375898300165,-38.21553802490234,23.21866226196289,0.2835962814897969,8.426408735873977,,,0.0,-1,-1,0,32,prompt
9,1295,1,-62.302618224062,-2.438699960708618,-4.457300186157227,0.3284326129801959,9.758616807751787,,,0.0,-1,-1,0,32,prompt
9,1377,2,-49.74651945191853,48.77400016784668,-20.863100051879883,0.7163661647686572,21.28516663610882,,,0.0,-1,-1,0,32,prompt
9,1467,7,-21.026429428821903,-39.94558892931257,-4.896564619881766,1.7722017654099105,52.65688379034201,,,0.0,-1,-1,0,32,prompt
9,1491,1,-56.79485716062971,-54.89846420288086,46.109188079833984,0.3152860426273758,9.367996822588935,,,0.0,-1,-1,0,32,prompt
9,1507,1,-48.17401375699656,-0.96993750333786,41.45348739624024,0.0848474621472075,2.5210464414347,,,0.0,-1,-1,0,32,prompt
9,1509,1,33.183324949567805,43.23149871826172,55.00490188598633,0.3133281867157266,9.309823654482368,,,0.0,-1,-1,0,32,prompt
9,1513,3,15.036274997086773,-45.448499043782554,-60.03010050455729,1.0910276079580652,32.41736640015954,,,0.0,-1,-1,0,32,prompt
9,1527,2,-56.8826620471482,-7.3161001801490775,-41.70289993286133,0.282760131002596,8.401564454655475,,,0.0,-1,-1,0,32,prompt
9,1555,6,-31.821064020391784,-0.15241877237955728,2.6834939320882163,1.2882469207599312,38.27728293907403,,,0.0,-1,-1,0,32,prompt
9,1571,4,5.068736630839861,-30.934078693389893,-7.80799674987793,0.8724184349674149,25.92189955075773,,,0.0,-1,-1,0,32,prompt
9,1635,1,-59.63654257886434,-33.559837341308594,16.62308692932129,0.0560381423819463,1.6650440197198804,,,0.0,-1,-1,0,32,prompt
9,1649,1,7.586960530218678,18.84449958801269,-51.45769882202149,0.2078580097317105,6.17602085550504,,,0.0,-1,-1,0,32,prompt
9,1663,3,-14.095165149134322,31.490637461344402,29.42626190185547,1.6490226410307631,48.99690050602981,,,0.0,-1,-1,0,32,prompt
9,1677,5,-28.8810116933646,37.46730041503906,-34.076420593261716,2.145579587739248,63.750943724166376,,,0.0,-1,-1,0,32,prompt
9,1763,1,46.561596750020726,55.64670181274414,-42.58969879150391,0.6071854864818501,18.0411148577441,,,0.0,-1,-1,0,32,prompt
9,1777,3,-28.86941582747396,11.750100135803223,-17.020299911499023,0.9026736326092624,26.82086289532482,,,0.0,-1,-1,0,32,prompt
9,1851,14,-15.636160388515801,12.63887922678675,10.442481415612358,5.503218815190144,163.51544123265464,,,0.0,-1,-1,0,32,prompt
9,1873,3,2.667346058526263,0.6650997797648112,4.441766579945882,0.5417970762541663,16.09824921693601,,,0.0,-1,-1,0,32,prompt
9,1937,10,-24.859024777776355,-26.351816177368164,-20.60336093902588,3.26819782132214,97.10695262816404,,,0.0,-1,-1,0,32,prompt
9,1967,2,3.6117938496545037,-30.594599723815918,18.867799758911133,0.4527086064045193,13.451191023284343,,,0.0,-1,-1,0,32,prompt
9,2073,4,12.078470810101159,30.677737712860107,35.66157567501068,1.1692031607232525,34.740172458447205,,,0.0,-1,-1,0,32,prompt
9,2143,1,-10.955475267564225,-22.696537017822266,19.726886749267575,0.0763182918327796,2.267621837735028,,,0.0,-1,-1,0,32,prompt
9,2247,1,-43.33676273606907,47.91491317749024,21.27878761291504,0.4132226846335519,12.27795802316517,,,0.0,-1,-1,0,32,prompt
9,2445,5,15.063219460635036,-23.649848079681398,1.6858028411865233,1.2443073689802493,36.971720605810425,,,0.0,-1,-1,0,32,prompt
9,2475,3,2.8784626793415335,11.537637352943422,56.067212422688804,0.9975999289829812,29.64137862573451,,,0.0,-1,-1,0,32,prompt
9,2643,5,20.39856365599466,-12.265552616119384,-9.964532470703125,1.5039579249384092,44.68663739352962,,,0.0,-1,-1,0,32,prompt
9,2655,4,-17.833682008267363,50.23583459854126,29.90650939941407,1.486497652926629,44.167845723067984,,,0.0,-1,-1,0,32,prompt
9,2667,3,-24.285853493552523,-3.9444122314453125,41.58281262715658,0.2879293408027555,8.555155589168272,,,0.0,-1,-1,0,32,prompt
9,2693,1,-60.578449543335374,-23.278499603271484,-27.51409912109375,0.5309614246279772,15.77629284627361,,,0.0,-1,-1,0,32,prompt
9,2707,2,25.16390235873738,51.21269989013672,26.848999977111816,0.9250910332451487,27.48694419780697,,,0.0,-1,-1,0,32,prompt
9,2823,6,-29.276112652164016,-14.729193607966105,-21.654377460479736,1.80116323982857,53.517407136287076,,,0.0,-1,-1,0,32,prompt
9,2845,2,16.391395969299573,18.844500064849854,-34.16510009765625,0.5446163310545254,16.18201686421828,,,0.0,-1,-1,0,32,prompt
9,2859,2,18.657162819180794,26.75641965866089,-13.759255409240719,0.3515154471450612,10.444469931191101,,,0.0,-1,-1,0,32,prompt
9,2907,3,-43.58512991480128,25.6617751121521,20.57044219970703,1.369904767640759,40.70355732706885,,,0.0,-1,-1,0,32,prompt
9,3129,2,-47.7429715868149,13.080300331115724,-35.71700096130371,0.3430984839866694,10.194379304068567,,,0.0,-1,-1,0,32,prompt
9,3183,1,-15.074322671522284,-57.86370086669922,-60.32569885253906,0.2762351535383175,8.207689814206933,,,0.0,-1,-1,0,32,prompt
9,3193,3,31.595771773822577,20.174700419108074,29.272167205810547,1.3606772607981685,40.42938326575789,,,0.0,-1,-1,0,32,prompt
9,3227,6,-10.735151159938551,28.451499780019123,21.649757901827495,1.8035492317450452,53.588301377294385,0.303791344165802,127.64752197265625,127.64752197265625,4,5,1,32,prompt
9,3233,2,-9.099779148279437,-47.73478126525879,-10.322906494140623,0.5063815395678801,15.045958311881511,,,0.0,-1,-1,0,32,prompt
9,3241,1,-8.864122515942109,-48.30288696289063,58.91236114501953,0.1221681702482909,3.6299451164100502,,,0.0,-1,-1,0,32,prompt
9,3339,8,-2.2297006695099104,-23.22307562828064,-34.873974442481995,3.939925461509424,117.0657885679991,,,0.0,-1,-1,0,32,prompt
9,3353,3,-2.7446278559767694,-2.983712593714396,56.23348744710287,1.6284843149961727,48.38665156690778,,,0.0,-1,-1,0,32,prompt
9,3491,6,23.86946024593483,33.92010021209717,-21.446533521016438,1.5803497699677418,46.956444694680215,,,0.0,-1,-1,0,32,prompt
9,3535,3,36.97049513040867,-16.331900278727215,16.413567225138348,0.9197881618539661,27.329381617715505,,,0.0,-1,-1,0,32,prompt
9,3581,1,-16.958136600464346,46.7509880065918,15.847137451171877,0.1120306519650916,3.328732166180637,,,0.0,-1,-1,0,32,prompt
9,3717,5,-27.428718204515338,24.436882400512694,-33.91745223999023,2.102571391556328,62.473054472141825,,,0.0,-1,-1,0,32,prompt
9,3747,3,11.529401044621194,59.785099029541016,-60.17789967854818,1.303442186637324,38.72877518171049,,,0.0,-1,-1,0,32,prompt
9,3753,2,-29.03529962796153,25.218375205993652,28.068350553512573,0.8391231793147748,24.932607901301957,,,0.0,-1,-1,0,32,prompt
9,3769,2,-38.148292169067645,-49.66080093383789,-34.8302001953125,0.5202297161747802,15.457424907012124,,,0.0,-1,-1,0,32,prompt
9,3773,4,21.518803893442353,20.812087059020996,18.840087890625,1.6023243788304584,47.60936946194262,0.24771936237812042,121.97982788085938,121.97982788085938,4,7,1,32,prompt
9,3781,6,-5.3183742229006725,-3.695000012715657,-53.60080051422119,2.0344089263908858,60.447764193610965,0.36159610748291016,269.3463439941406,269.3463439941406,6,3,1,32,prompt
9,3785,1,32.619335450397905,28.15589904785156,40.81610107421875,0.4015980462381246,11.932558732271684,,,0.0,-1,-1,0,32,prompt
9,3847,2,58.58288394064252,1.1085000038146973,-6.230899810791016,1.401221411967863,41.63405910921461,,,0.0,-1,-1,0,32,prompt
9,3887,1,40.01614157318815,-23.721900939941406,4.457300186157227,0.5520303683526481,16.402307864963444,,,0.0,-1,-1,0,32,prompt
9,3947,1,-36.72744945995032,44.03516387939453,43.78133773803711,0.0762028673355325,2.264192265292023,,,0.0,-1,-1,0,32,prompt
9,3961,3,7.959466109388013,1.8475003242492676,-0.43563350041707355,0.7180700516325083,21.335793700325148,,,0.0,-1,-1,0,32,prompt
9,4049,2,27.696895108159875,-26.382299423217773,-2.2170000076293928,0.4269268132370056,12.685144564452163,,,0.0,-1,-1,0,32,prompt
9,4091,2,14.929446273350536,36.067819595336914,24.008469343185425,0.3348591695552377,9.949567098711334,,,0.0,-1,-1,0,32,prompt
9,4095,3,34.20156711786928,2.8820999463399253,8.727966944376627,0.9734746798189552,28.924552547328403,,,0.0,-1,-1,0,32,prompt
9,4131,1,-31.230421790923675,4.46171236038208,51.92881393432617,0.0854170090322318,2.5379692121503354,,,0.0,-1,-1,0,32,prompt
9,4141,1,-2.302702814287988,29.929500579833984,-42.14630126953125,0.2934367524801143,8.718795611619766,,,0.0,-1,-1,0,32,prompt
9,4209,2,-7.654989651929807,-26.82570075988769,2.660400152206421,0.349416607493397,10.382107756753992,,,0.0,-1,-1,0,32,prompt
9,4261,5,34.04012393280045,-4.833059692382813,9.670779418945317,2.656490721710395,78.93148847578942,,,0.0,-1,-1,0,32,prompt
9,4309,5,-28.930429763823547,8.995477485656739,-13.798177433013915,1.1312798030992888,33.61336744429986,,,0.0,-1,-1,0,32,prompt
9,4381,1,-17.75636284154149,-44.42313766479492,51.152862548828125,0.0917425326198128,2.7259175411529744,,,0.0,-1,-1,0,32,prompt
9,4431,5,-28.183290002175347,-16.577617263793947,-23.475382995605468,0.7419917657326404,22.046572204230486,,,0.0,-1,-1,0,32,prompt
9,4437,3,-2.4740280505291175,13.985574086507164,1.7813663482666016,1.5829876393741253,47.03482289376406,0.43224072456359863,87.32632446289062,87.32632446289062,4,1,1,32,prompt
9,4681,5,6.4849300476210745,-16.79931745529175,-16.724617767333985,1.9358507449685192,57.519335384296106,,,0.0,-1,-1,0,32,prompt
9,4697,4,-3.852039450586151,-11.41062194108963,-7.491509437561035,0.7445641611541618,22.12300499502083,,,0.0,-1,-1,0,32,prompt
9,4701,2,-21.398890066061213,-18.62279987335205,-25.74049949645996,0.32663079753157986,9.70508002173721,,,0.0,-1,-1,0,32,prompt
9,4711,2,-27.367006784110295,-19.010774612426758,14.29523754119873,0.9245966196417614,27.47225383908706,,,0.0,-1,-1,0,32,prompt
9,4917,1,38.83476673639398,61.4109001159668,-39.04249954223633,0.3191602891646233,9.48311111356234,,,0.0,-1,-1,0,32,prompt
9,4993,2,-36.77534303441495,3.4917736053466797,13.519287109375,0.4445259983232218,13.208063716197422,,,0.0,-1,-1,0,32,prompt
9,5037,4,-8.602195530210196,-20.88829731941223,9.246840238571165,1.1592931823209307,34.44572033043278,,,0.0,-1,-1,0,32,prompt
9,5043,1,-5.399820629667305,23.08451271057129,43.39336395263672,0.0777516589806873,2.3102110331694505,,,0.0,-1,-1,0,32,prompt
9,5135,3,-8.84482004794478,-0.22169939676920572,3.7027664184570312,0.5993103558748798,17.807123533901198,,,0.0,-1,-1,0,32,prompt
9,5145,2,61.06536755039243,-39.01919937133789,14.212099552154541,1.005305779259793,29.870340175402074,,,0.0,-1,-1,0,32,prompt
9,5303,4,-40.250310531701935,-32.368200063705444,-35.162750244140625,0.8396175863924888,24.947298066126557,,,0.0,-1,-1,0,32,prompt
9,5327,4,-30.437494463655888,-48.143540382385254,-17.6852970123291,1.3195207554622366,39.20651273205798,,,0.0,-1,-1,0,32,prompt
9,5423,3,-47.35982299109787,-4.27696228027344,-18.898454030354817,0.7022970552114531,20.867135528451094,,,0.0,-1,-1,0,32,prompt
9,5437,1,20.56611921013303,-2.8821001052856445,60.76910018920898,0.3407783768810015,10.125442678099208,,,0.0,-1,-1,0,32,prompt
9,5475,5,5.125374715712427,14.720880126953125,2.0110452651977537,0.9567317472235328,28.427074961426797,,,0.0,-1,-1,0,32,prompt
9,5501,3,-18.525440714592186,10.558461983998617,-32.82860414187113,0.5764083772732316,17.126644115962595,,,0.0,-1,-1,0,32,prompt
9,5659,3,11.577294619085821,6.383112808068592,7.8533455530802385,0.8085121418605605,24.023071598275237,,,0.0,-1,-1,0,32,prompt
9,5679,5,-12.178501781870063,-19.81997969150543,-3.9620048522949203,1.7367507536777311,51.60353882620378,,,0.0,-1,-1,0,32,prompt
9,5993,2,-8.06208503487915,23.26464319229126,2.67425537109375,1.1998984957216194,35.652213468371805,,,0.0,-1,-1,0,32,prompt
9,6033,4,-16.887604021371377,41.644960403442376,-19.83301544189453,1.6031623648129407,47.63426828066561,,,0.0,-1,-1,0,32,prompt
10,18,4,11.260288912997083,10.807875156402588,34.10967469215393,1.2974779811681552,38.551562586383284,,,0.0,-1,-1,0,32,prompt
10,112,5,13.220913296228986,19.3821231842041,-26.634608268737793,2.1728982890334123,64.56265585956035,,,0.0,-1,-1,0,32,prompt
10,120,8,-11.220321547030172,-9.55042016506195,38.887720584869385,3.468411481067913,103.05583927315266,,,0.0,-1,-1,0,32,prompt
10,182,2,-5.531707850664606,23.209218978881832,20.821531295776367,0.3132741395238014,9.308217766958755,,,0.0,-1,-1,0,32,prompt
10,418,2,-20.76829133561027,-29.666232109069824,15.200305938720703,0.286106627153347,8.500997861367022,,,0.0,-1,-1,0,32,prompt
10,424,5,-32.8683278108992,25.67286033630371,-51.90110092163086,1.6649739289450431,49.47085619798469,,,0.0,-1,-1,0,32,prompt
10,474,1,39.61702845264958,-0.6650999784469604,2.6837000846862797,0.0949126534767231,2.820110363224257,,,0.0,-1,-1,0,32,prompt
10,476,1,38.14829216906764,-24.608699798583984,-50.570899963378906,0.1982150931722093,5.88950385355624,,,0.0,-1,-1,0,32,prompt
10,538,8,-13.213502719816088,-41.65881583094597,-5.8243467807769775,3.715504805776313,110.39764692648717,,,0.0,-1,-1,0,32,prompt
10,556,2,-4.600398713812298,27.490798950195312,17.292600631713867,0.52197368325906,15.509242862441067,,,0.0,-1,-1,0,32,prompt
10,714,1,-58.135877245639314,-6.789562702178955,50.37691116333008,0.0723266097657661,2.1490182211304014,,,0.0,-1,-1,0,32,prompt
10,748,8,7.483725982705744,-2.0853657126426697,-22.98531174659729,3.2530860151808767,96.65794019889438,,,0.0,-1,-1,0,32,prompt
10,760,4,13.367606189440748,1.7597438097000122,18.371181666851044,1.2077698777993056,35.88609341332166,,,0.0,-1,-1,0,32,prompt
10,776,7,-6.41327773196148,18.37338774544852,8.929451806204659,3.280938524717481,97.48551321375317,,,0.0,-1,-1,0,32,prompt
10,966,1,-16.6069170543904,-54.89846420288086,6.147762298583984,0.1082251986589116,3.2156619072382293,,,0.0,-1,-1,0,32,prompt
10,976,1,-13.87698330990657,24.248437881469727,41.06551361083984,0.1156378508528872,3.4359117528116045,,,0.0,-1,-1,0,32,prompt
10,1130,1,30.160798627880297,-21.50489997863769,-57.66529846191406,0.7347324330037037,21.83087789257594,,,0.0,-1,-1,0,32,prompt
10,1218,1,-60.43476881994149,56.83833694458008,40.67753601074219,0.0925085313053669,2.7486774235523974,,,0.0,-1,-1,0,32,prompt
10,1228,10,-9.25289467359059,9.336340761184692,28.704731369018553,3.572321883305685,106.14329696676151,0.43222707509994507,111.21766662597656,111.21766662597656,4,14,1,32,prompt
10,1306,1,-29.98518885484333,-5.542500019073486,-56.33509826660156,0.3682125174963618,10.940584826395622,,,0.0,-1,-1,0,32,prompt
10,1386,5,-31.831679923582094,-22.502550315856933,6.953190040588379,2.3894400228503763,70.99669352723059,,,0.0,-1,-1,0,32,prompt
10,1410,5,-42.63327741783801,6.168802261352537,-8.192697143554687,1.5310081248694063,45.49037163083446,,,0.0,-1,-1,0,32,prompt
10,1446,3,12.022557603950387,26.391537348429363,2.255421002705892,0.9791201576002708,29.092294885291224,,,0.0,-1,-1,0,32,prompt
10,1508,7,22.773784928312104,-9.596442903791155,15.415614264351982,2.5415875387101243,75.5174056820133,,,0.0,-1,-1,0,32,prompt
10,1600,2,-41.02988889935612,4.46171247959137,30.784175872802738,0.6536237929700957,19.420921918034573,,,0.0,-1,-1,0,32,prompt
10,1622,1,6.134188771458278,-24.16530036926269,52.787899017333984,1.02379737345632,30.419775203461345,,,0.0,-1,-1,0,32,prompt
10,1642,3,-49.02545508081218,-46.49233627319336,34.21128718058268,1.146962521310837,34.079343207613235,,,0.0,-1,-1,0,32,prompt
10,1644,5,6.205766732707561,-26.210483169555665,-17.744437408447265,2.001238878603334,59.462192806785694,,,0.0,-1,-1,0,32,prompt
10,1652,3,-28.128929060890567,7.953487396240239,15.554478963216146,0.7464283929851002,22.17839633972885,,,0.0,-1,-1,0,32,prompt
10,1664,2,48.062262083245756,-9.089699745178223,-38.59909915924072,0.791864033256472,23.52841148834598,,,0.0,-1,-1,0,32,prompt
10,1726,3,-19.742232021306705,-33.6245002746582,-26.16836675008138,0.8419161248659368,25.015593829987274,,,0.0,-1,-1,0,32,prompt
10,1822,8,-21.059079967911227,16.63789251446724,-16.311166882514954,1.3365470107473305,39.71240859754625,,,0.0,-1,-1,0,32,prompt
10,1828,2,-47.73237375919618,-42.677249908447266,27.68037486076355,0.2161112857425848,6.421247896960844,,,0.0,-1,-1,0,32,prompt
10,1850,1,-31.421996088782187,45.19908905029297,62.01616287231445,0.1348437476338511,4.006570632981831,,,0.0,-1,-1,0,32,prompt
10,1904,10,11.929951194338202,9.092471027374268,5.438198518753052,3.4566140263470957,102.70530514414943,,,0.0,-1,-1,0,32,prompt
10,1924,5,-40.149819538492736,40.310601806640626,-5.620977592468262,1.5188332065263488,45.128622041786414,,,0.0,-1,-1,0,32,prompt
10,1948,7,13.295926955084429,-24.145505345293454,2.3826446533203125,2.013917954591591,59.83892227625904,,,0.0,-1,-1,0,32,prompt
10,1956,4,-2.456451311305125,17.846850395202637,-32.379849910736084,1.1479457688504922,34.108558138126966,,,0.0,-1,-1,0,32,prompt
10,2026,10,-34.42727252460939,-43.375604248046876,19.83307800292969,2.50640817377878,74.4721320753823,,,0.0,-1,-1,0,32,prompt
10,2046,1,20.135077039951376,-28.599300384521484,-6.230899810791016,0.2537545924767062,7.539731845499485,,,0.0,-1,-1,0,32,prompt
10,2062,2,29.50505743541918,-36.37265682220459,33.26444387435913,0.294988438818034,8.764900388609423,,,0.0,-1,-1,0,32,prompt
10,2150,3,-46.293777626189716,-21.874400456746418,20.21941757202148,0.4530170692857278,13.460356285618722,,,0.0,-1,-1,0,32,prompt
10,2194,2,21.571884273890234,-5.320800065994263,50.127498626708984,0.5190852059911852,15.423418429357765,,,0.0,-1,-1,0,32,prompt
10,2250,6,-27.91253612073042,45.60553773244222,44.90831200281779,2.9566646509059904,87.85046373868046,,,0.0,-1,-1,0,32,prompt
10,2286,5,15.267565378350781,-31.259699249267577,-9.927500152587893,1.023716746427612,30.417379557455405,,,0.0,-1,-1,0,32,prompt
10,2334,3,-57.577118876885315,2.2631874084472656,17.399037679036457,1.3289813606108343,39.48761277135333,,,0.0,-1,-1,0,32,prompt
10,2428,2,22.340797030532247,-40.57110023498535,-0.66510009765625,0.662399151560743,19.68166143796131,,,0.0,-1,-1,0,32,prompt
10,2524,1,-25.25968950766664,52.54290008544922,-6.230899810791016,0.1391079589099015,4.133271825816112,,,0.0,-1,-1,0,32,prompt
10,2552,4,-24.491418912846214,-34.585200786590576,-32.280649185180664,0.7966923925088173,23.67187503578803,,,0.0,-1,-1,0,32,prompt
10,2730,7,-8.281977235409736,20.89918381827218,-15.778398786272321,1.8792137681700434,55.83649838248115,,,0.0,-1,-1,0,32,prompt
10,2746,6,40.952727029385336,35.84150004386902,40.446601231892906,1.8944592944032292,56.289483995548615,,,0.0,-1,-1,0,32,prompt
10,2770,6,-47.11503361050088,2.914430856704712,37.49668947855631,1.3629203835562111,40.49603247957944,,,0.0,-1,-1,0,32,prompt
10,2776,3,-21.316451876745546,-49.051125844319664,-5.497783660888672,0.6593810888056608,19.5919866713133,,,0.0,-1,-1,0,32,prompt
10,2780,5,-48.327273195283375,22.125659942626953,-20.951780700683592,1.940011150424573,57.642952226856636,,,0.0,-1,-1,0,32,prompt
10,2900,3,-25.60121263081295,-3.5933869679768873,-0.5527788798014323,0.4859715840361259,14.439523605868773,,,0.0,-1,-1,0,32,prompt
10,2902,5,-9.208956252087434,-12.869684982299805,-7.656840229034424,1.814343045153519,53.90901462191367,,,0.0,-1,-1,0,32,prompt
10,2910,2,-6.385809928617149,-22.959805965423588,-6.720281600952145,0.3493667290960841,10.38062573533735,,,0.0,-1,-1,0,32,prompt
10,2926,4,19.85110888698006,10.828658998012543,6.1846091747283936,1.9235031178734738,57.15245415343362,,,0.0,-1,-1,0,32,prompt
10,3186,4,25.8923059659366,-40.716590881347656,13.653128027915955,1.5546741252633458,46.193552192353444,,,0.0,-1,-1,0,32,prompt
10,3190,3,-35.326149073789765,34.85308790206909,8.019620895385742,0.708344371912363,21.046817582141827,,,0.0,-1,-1,0,32,prompt
10,3222,2,-55.60550006142477,-52.54290008544922,-44.80669975280762,0.5206915774951618,15.471148049799403,,,0.0,-1,-1,0,32,prompt
10,3272,2,9.550597083268453,40.57109832763672,-28.179200172424316,1.235033411213215,36.696166362525766,,,0.0,-1,-1,0,32,prompt
10,3366,1,29.713791932877097,-53.87310028076172,34.60850143432617,0.1937994297356834,5.7583026094469805,,,0.0,-1,-1,0,32,prompt
10,3382,3,-45.68180417469724,10.6693115234375,3.3026124636332193,0.7781604047533366,23.12123980638531,,,0.0,-1,-1,0,32,prompt
10,3492,2,-11.115120515779655,-20.27169281244278,-19.883718967437744,0.3403414514359456,10.11246044727515,,,0.0,-1,-1,0,32,prompt
10,3518,3,9.565764491571414,12.165786743164062,-8.9034792582194,1.3395326389300493,39.80111964576159,,,0.0,-1,-1,0,32,prompt
10,3586,1,-4.394055565910104,-39.76743698120117,46.109188079833984,0.2085746631860423,6.197314558287221,,,0.0,-1,-1,0,32,prompt
10,3714,2,33.186076081562675,46.5570011138916,-9.999800205230713,0.5532575512222385,16.43877077060702,,,0.0,-1,-1,0,32,prompt
10,3736,4,1.6815740200713631,0.22170031070709229,-27.403249740600586,1.4948388824205225,44.41568609920423,,,0.0,-1,-1,0,32,prompt
10,3750,6,-47.91592060571495,8.276799837748209,-8.182954788208008,2.044624668851878,60.75130139467909,,,0.0,-1,-1,0,32,prompt
10,3752,6,7.0381679889735125,12.064174652099611,12.2260373433431,1.1062281822026845,32.86901636867216,,,0.0,-1,-1,0,32,prompt
10,3764,5,-2.061710445970519,47.931539916992186,-37.880339813232425,2.1828278192366266,64.85768892419699,,,0.0,-1,-1,0,32,prompt
10,3768,3,-16.46950443289042,-9.246737798055014,-12.06270440419515,0.9302866000083223,27.641318468622643,,,0.0,-1,-1,0,32,prompt
10,3794,1,24.03042109640784,-58.30709838867188,22.636699676513672,0.4874838743152438,14.484457819928958,,,0.0,-1,-1,0,32,prompt
10,3852,2,-25.733258555110105,-38.603511810302734,44.94526290893555,0.2304160531573223,6.84628103376707,,,0.0,-1,-1,0,32,prompt
10,3904,3,-53.160267009591784,1.4964745839436855,-3.447057723999023,0.4566455998782007,13.568169694603426,,,0.0,-1,-1,0,32,prompt
10,3938,1,-11.402481962567425,61.49403762817383,47.27311325073242,0.7933405515573477,23.57228282066324,,,0.0,-1,-1,0,32,prompt
10,3964,4,-5.889534093151886,22.613399982452393,13.523699998855594,1.4412310740165337,42.82285384247142,,,0.0,-1,-1,0,32,prompt
10,3974,2,-24.10487702331273,10.600030899047852,-6.80341911315918,1.0750234396344172,31.941839488930842,0.4099004864692688,77.63784790039062,77.63784790039062,7,15,1,32,prompt
10,4088,1,56.12434711812491,48.55229949951172,39.48590087890625,0.1948565299810739,5.789711902600118,,,0.0,-1,-1,0,32,prompt
10,4124,2,-33.94700657579391,11.833237648010254,33.30601215362549,0.3816223961836122,11.339028410788398,,,0.0,-1,-1,0,32,prompt
10,4184,2,-4.102882879136518,-2.216999053955078,-52.12280082702637,0.5775727838080136,17.161241767755676,,,0.0,-1,-1,0,32,prompt
10,4234,1,29.77765003216327,-52.98630142211914,37.71229934692383,0.3372627434680257,10.02098374814566,,,0.0,-1,-1,0,32,prompt
10,4254,2,-17.212373322831166,17.07089900970459,-20.863099575042725,0.46620954190197716,13.85234015055999,,,0.0,-1,-1,0,32,prompt
10,4292,2,-3.243414103981154,29.48610019683838,-36.38209915161133,0.873234166449988,25.946137128397226,,,0.0,-1,-1,0,32,prompt
10,4368,3,45.596660042315676,15.001700083414713,-32.539300282796226,1.1570838694684298,34.38007569989392,,,0.0,-1,-1,0,32,prompt
10,4404,4,15.221396688732629,-17.181750059127808,-18.301900148391724,1.4823789945873478,44.045469299696414,0.2143377661705017,150.42515563964844,150.42515563964844,0,2,1,32,prompt
10,4662,2,-6.156939883912727,40.44639301300049,-11.87480640411377,0.353415851045807,10.500936045439182,,,0.0,-1,-1,0,32,prompt
10,4682,4,14.4277594162498,1.77359938621521,-18.313550114631653,1.8161816446409635,53.963644360714866,,,0.0,-1,-1,0,32,prompt
10,4896,5,29.58873614264315,-15.868178176879884,-0.24298744201660155,1.5121105663430912,44.92887431000814,,,0.0,-1,-1,0,32,prompt
10,4982,1,18.969666727978748,-47.22209930419922,31.50469970703125,0.5872324922084827,17.448257700489744,,,0.0,-1,-1,0,32,prompt
10,5010,3,-32.513851878541004,5.422412872314453,-9.479145685831705,0.6809666053388674,20.23335045834275,,,0.0,-1,-1,0,32,prompt
10,5030,2,15.441506742417772,-50.99099922180176,28.622599601745605,0.6277063819830935,18.650845888811425,,,0.0,-1,-1,0,32,prompt
10,5034,2,-19.528425096732747,-60.96749877929688,-28.84429931640625,0.5016142644628416,14.904309738845285,,,0.0,-1,-1,0,32,prompt
10,5150,3,23.670302243924834,-18.696699778238933,3.702766736348471,0.6741188608434655,20.0298855407706,,,0.0,-1,-1,0,32,prompt
10,5322,1,-60.72213026672926,-46.7509880065918,57.74843597412109,0.7704219450113948,22.891309341750308,,,0.0,-1,-1,0,32,prompt
10,5352,7,-29.583414733168887,15.210203988211495,-20.778525250298635,2.5754746519888516,76.52428301434423,,,0.0,-1,-1,0,32,prompt
10,5370,3,-19.42119781473722,-4.646462122599283,-8.12752914428711,0.5343363587552536,15.87657122179986,,,0.0,-1,-1,0,32,prompt
10,5388,4,5.878936265533161,16.191028237342834,-13.182015538215635,1.0678421009679624,31.728462590769862,,,0.0,-1,-1,0,32,prompt
10,5466,2,-14.801730074778192,-14.632200241088865,-25.07539939880371,0.3898294693684867,11.582882641942945,,,0.0,-1,-1,0,32,prompt
10,5472,4,20.303414495792623,21.733528316020966,-9.593247175216675,1.2519890104362146,37.199962846259986,,,0.0,-1,-1,0,32,prompt
10,5544,1,-38.26004384281843,-32.78388595581055,46.885135650634766,0.1357716476902613,4.0341410408175,,,0.0,-1,-1,0,32,prompt
10,5742,7,10.364104606436927,-1.6785856996263777,-16.42244257245745,2.1437018785078363,63.69515192961998,,,0.0,-1,-1,0,32,prompt
10,5782,3,56.04984600229104,8.941899617513021,-2.076967239379883,0.9475334268922552,28.153768109913536,,,0.0,-1,-1,0,32,prompt
10,5924,1,54.65561083454297,17.070899963378906,52.34450149536133,0.2339870447302921,6.952384803633629,,,0.0,-1,-1,0,32,prompt
10,5996,2,12.542749812529877,-20.13313102722168,17.029331207275394,0.6038714943586935,17.94264723316705,,,0.0,-1,-1,0,32,prompt
10,6022,6,-30.305351206343502,-2.032249808311462,-3.9706544081370034,1.8804801986524011,55.874127440323,,,0.0,-1,-1,0,32,prompt
10,6124,3,-51.686209217736,-0.36950016021728516,-59.73449961344401,0.7692390666937803,22.856162843578108,,,0.0,-1,-1,0,32,prompt
11,41,1,-47.487539189670215,5.099100112915039,-61.65589904785156,0.8827477111002834,26.22881014275853,,,0.0,-1,-1,0,32,prompt
11,171,2,-29.516850937815764,-7.953487634658814,6.53573751449585,1.1518412861998353,34.22430444217162,0.32283586263656616,195.12998962402344,195.12998962402344,4,2,1,32,prompt
11,183,1,-7.475208856467878,-25.800336837768555,54.64463806152344,0.1741411446890691,5.174202056439372,,,0.0,-1,-1,0,32,prompt
11,243,4,-21.129578655307462,-23.451703548431396,-15.676140308380127,0.9102167232078033,27.044988416932977,,,0.0,-1,-1,0,32,prompt
11,447,4,55.429890288387796,1.2193503379821786,-6.995199918746948,1.3000455769733847,38.6278527676569,,,0.0,-1,-1,0,32,prompt
11,455,3,24.674323597543395,39.832098642985024,-1.4857665697733562,0.9135411925437222,27.14376734769742,,,0.0,-1,-1,0,32,prompt
11,509,1,22.97676245818601,-37.91070175170898,23.08009910583496,0.3196551401506686,9.497814468098102,,,0.0,-1,-1,0,32,prompt
11,519,1,-2.1430575660725597,11.057287216186523,51.152862548828125,0.0854121029901521,2.537823440437035,,,0.0,-1,-1,0,32,prompt
11,569,2,-4.102882879136516,11.1542809009552,51.27756881713867,0.8623374094200059,25.622365151741597,,,0.0,-1,-1,0,32,prompt
11,585,1,-31.40603156396064,7.177537441253662,11.967387199401855,0.1018914983345318,3.027470625380106,,,0.0,-1,-1,0,32,prompt
11,697,6,-26.669445453048002,11.560731013615927,22.180915514628094,1.6862624252777754,50.10339471551886,,,0.0,-1,-1,0,32,prompt
11,759,3,-20.732829676760943,-11.713149865468344,2.3356177012125627,0.4855313350267203,14.426442623003528,,,0.0,-1,-1,0,32,prompt
11,777,2,-60.95361587664163,-51.21269989013672,-45.25010108947754,0.3633332951779765,10.795610000379106,,,0.0,-1,-1,0,32,prompt
11,785,1,-46.864922721630045,-49.85478591918945,35.63386154174805,0.0934838802220819,2.777657664721843,,,0.0,-1,-1,0,32,prompt
11,977,6,-49.47425067488299,24.400856653849285,19.437376658121746,1.530663710846744,45.48013816333599,,,0.0,-1,-1,0,32,prompt
11,981,3,-42.073821565028545,-47.12048848470052,-20.48730405171712,1.1484989049879588,34.124993301368136,,,0.0,-1,-1,0,32,prompt
11,1109,3,6.672698078594894,5.219187418619792,-7.961254119873047,1.1863918774105473,35.25089548941012,,,0.0,-1,-1,0,32,prompt
11,1129,4,14.33875885495345,-40.16926860809326,4.918968200683594,1.5632058886125983,46.44705384209612,,,0.0,-1,-1,0,32,prompt
11,1173,3,-34.17670328663868,16.331899801890057,-11.551699956258139,1.6119447434593566,47.89521638534156,,,0.0,-1,-1,0,32,prompt
11,1193,2,-51.60638659362829,-3.1176562309265137,-9.740944147109985,0.49217943356145033,14.62397552179795,,,0.0,-1,-1,0,32,prompt
11,1259,1,-22.08274906817961,25.02438735961914,43.00538635253906,0.1158344699239111,3.441753834551928,,,0.0,-1,-1,0,32,prompt
11,1271,2,1.7560977303697136,20.853655397892,8.77100658416748,0.38616104356474823,11.473883838865762,,,0.0,-1,-1,0,32,prompt
11,1303,1,-45.01303784233107,9.533100128173828,-44.36330032348633,0.1699968900711805,5.051065098745804,,,0.0,-1,-1,0,32,prompt
11,1349,8,-2.0820288149106396,-25.564781188964844,21.182896614074707,2.719067373376918,80.79080920275568,,,0.0,-1,-1,0,32,prompt
11,1499,1,-41.5966295305209,7.759500026702881,-18.64609909057617,0.0790734966236927,2.3494863868656117,,,0.0,-1,-1,0,32,prompt
11,1621,4,-2.95343709198543,-17.23717510700226,41.21793079376221,0.6499849243109214,19.31280133726643,,,0.0,-1,-1,0,32,prompt
11,1653,3,-33.42994841816137,-15.010937372843424,-14.667678515116373,0.539434933284348,16.028063592316045,,,0.0,-1,-1,0,32,prompt
11,1667,5,-8.443849199712215,-34.1805980682373,9.408517837524414,0.9973104474749492,29.632777351079774,,,0.0,-1,-1,0,32,prompt
11,1669,4,48.50796099564498,21.50489902496338,-35.705349922180176,1.3881923550785784,41.24693076530502,,,0.0,-1,-1,0,32,prompt
11,1683,1,37.62146284995672,-12.636899948120115,12.8818998336792,0.1702490930776632,5.058558728795803,,,0.0,-1,-1,0,32,prompt
11,1689,4,-39.075610174714555,19.170121431350708,6.600296974182131,1.006055727297479,29.892623149857926,,,0.0,-1,-1,0,32,prompt
11,1731,4,60.781997234810035,48.66314888000488,42.589698791503906,1.5148029613255556,45.00887261069627,,,0.0,-1,-1,0,32,prompt
11,1747,2,50.808160352551134,-47.22209930419922,41.92460060119629,0.3494541671824632,10.383223756196585,,,0.0,-1,-1,0,32,prompt
11,1849,2,-16.74141984059565,5.639493942260742,6.969693422317505,1.2074866478795538,35.87767789017897,,,0.0,-1,-1,0,32,prompt
11,1921,1,-11.418446487388968,-24.63641166687012,8.863587379455566,0.3845334885652632,11.42552479976366,,,0.0,-1,-1,0,32,prompt
11,2003,4,-29.50886867540499,8.147475004196167,17.011062383651733,1.8999295960673468,56.452021379636435,,,0.0,-1,-1,0,32,prompt
11,2019,6,38.57405801990442,-29.4860995610555,10.272099177042643,2.555489423765961,75.93046809970173,,,0.0,-1,-1,0,32,prompt
11,2109,5,10.487308376869702,-18.30687713623047,-38.0964973449707,1.1521623127456293,34.23384300479211,,,0.0,-1,-1,0,32,prompt
11,2121,3,-8.647924241812419,21.865162531534832,-16.01635487874349,0.897665772818875,26.672065903826645,,,0.0,-1,-1,0,32,prompt
11,2125,1,-4.410020090731647,-54.89846420288086,64.34400939941406,0.1648931872301092,4.899420352279496,,,0.0,-1,-1,0,32,prompt
11,2197,3,16.712550103348775,-2.0045371055603023,20.3025541305542,0.3883135454282024,11.537840462030616,,,0.0,-1,-1,0,32,prompt
11,2237,3,-20.614012784597662,21.966774622599285,19.2587153116862,0.5077306051483337,15.08604268087494,,,0.0,-1,-1,0,32,prompt
11,2275,2,37.13991154010249,54.31650161743164,-34.8302001953125,0.5470941515520475,16.25563957949707,,,0.0,-1,-1,0,32,prompt
11,2339,1,-28.35680732304596,31.619962692260746,59.30033874511719,0.5771855842826978,17.14973702782923,,,0.0,-1,-1,0,32,prompt
11,2383,3,-28.60508412392021,9.117412408192953,52.05813725789388,1.0545391321264268,31.333195585608486,,,0.0,-1,-1,0,32,prompt
11,2517,2,-7.419333019592479,-25.02438735961914,61.04622459411621,0.477138432942079,14.17706691513515,,,0.0,-1,-1,0,32,prompt
11,2635,4,0.1556541170100414,19.731300354003906,13.745399475097656,1.524628700381677,45.300821761030605,,,0.0,-1,-1,0,32,prompt
11,2799,2,-35.33055353806532,-11.98565673828125,-8.189043998718262,0.6383927386035714,18.968366303072216,,,0.0,-1,-1,0,32,prompt
11,2809,2,-12.252772800534153,-2.7851061820983887,12.34591817855835,0.3581019403029541,10.640172368447633,,,0.0,-1,-1,0,32,prompt
11,2811,3,-13.546252680409443,-41.31009991963705,-25.577166080474854,0.43825525830583995,13.02174315449866,,,0.0,-1,-1,0,32,prompt
11,2835,1,36.72744945995032,-53.4296989440918,25.297100067138672,0.3783406098190855,11.24151770597221,,,0.0,-1,-1,0,32,prompt
11,2857,1,51.734102792200616,58.30709838867188,48.79729843139648,0.1905605167285017,5.662065787458067,,,0.0,-1,-1,0,32,prompt
11,2859,2,-36.54124185929463,16.336518168449402,3.8104686737060547,0.3120128035483272,9.270740080626716,,,0.0,-1,-1,0,32,prompt
11,2873,4,-1.9343908520080992,-15.269587993621826,44.10003066062927,1.2140335903415618,36.07220516982214,,,0.0,-1,-1,0,32,prompt
11,3033,2,9.166252812773557,3.0068063735961905,20.82594394683838,0.7528816927190041,22.370141241909224,,,0.0,-1,-1,0,32,prompt
11,3057,6,-2.0735993277329676,-8.456931591033936,-11.328322410583496,1.291220445840053,38.3656343715394,,,0.0,-1,-1,0,32,prompt
11,3075,2,5.45188522655689,34.36349964141846,-46.80200004577637,0.3658955872233032,10.871742592672557,,,0.0,-1,-1,0,32,prompt
11,3109,1,19.081418401729547,-43.67490005493164,15.5423002243042,0.4955275509463657,14.723457099739573,,,0.0,-1,-1,0,32,prompt
11,3331,8,-32.169047569404356,27.192890167236328,-2.3694190979003906,3.4838080103562934,103.51331159336857,,,0.0,-1,-1,0,32,prompt
11,3387,2,12.60660791181605,36.15095615386963,44.12774467468262,0.3910115796783531,11.618006320538086,,,0.0,-1,-1,0,32,prompt
11,3415,2,-39.57450157538778,-19.010775566101074,31.754111766815186,0.2347749104878461,6.975794415590715,,,0.0,-1,-1,0,32,prompt
11,3423,10,-10.713959786205166,-35.51079797744751,11.231999969482422,3.77395189776096,112.13426732185573,,,0.0,-1,-1,0,32,prompt
11,3511,2,-22.09073133059038,9.158981323242188,17.749855041503906,0.69114321497675,20.53572491792224,,,0.0,-1,-1,0,32,prompt
11,3525,6,-5.9861783223395735,32.47904968261719,52.17822519938151,1.7746432386574362,52.72942653100587,,,0.0,-1,-1,0,32,prompt
11,3605,3,-18.125530477535037,-26.234500249226887,25.13376744588216,1.178860245433182,35.027110434274476,,,0.0,-1,-1,0,32,prompt
11,3625,1,-55.24629825294005,-59.637298583984375,-4.457300186157227,0.5404295170245591,16.057615351856214,,,0.0,-1,-1,0,32,prompt
11,3629,3,12.88106414617849,-3.6210998296737666,-15.231166203816732,0.7307432147096706,21.71234748129705,,,0.0,-1,-1,0,32,prompt
11,3733,2,-12.057027480250683,38.5757999420166,-51.236000061035156,1.0810716657742534,32.12154856449957,,,0.0,-1,-1,0,32,prompt
11,3823,2,-1.5804879573327426,33.65683174133301,19.907018184661865,1.4636957175793408,43.490338859452294,,,0.0,-1,-1,0,32,prompt
11,3873,6,12.395536479929753,7.034356594085693,12.963360468546549,1.9963819156981604,59.31787936784013,,,0.0,-1,-1,0,32,prompt
11,3889,3,6.745365106432179,-42.78810056050619,-0.7312329610188802,0.8114399073833778,24.110063391145218,,,0.0,-1,-1,0,32,prompt
11,3897,1,-34.87556458065135,-15.297300338745115,-35.05189895629883,0.0824576235786867,2.4500379060430384,,,0.0,-1,-1,0,32,prompt
11,3907,1,-33.32177454254579,-12.22121238708496,42.61741256713867,0.4669206532030006,13.873469181052364,,,0.0,-1,-1,0,32,prompt
11,3919,5,-27.02321927404815,18.97197723388672,49.91134185791016,1.5086912721454024,44.82727787740835,,,0.0,-1,-1,0,32,prompt
11,3923,7,-3.1908271593955106,-7.240880148751395,12.975476741790771,1.7416486230920636,51.749067707623844,,,0.0,-1,-1,0,32,prompt
11,3927,1,40.83033233908684,-37.91070175170898,45.250099182128906,0.3280390122957801,9.746921872161716,,,0.0,-1,-1,0,32,prompt
11,3953,3,-21.230510627845412,11.602300008138021,-10.649365743001303,1.135577750123423,33.741071016999186,,,0.0,-1,-1,0,32,prompt
11,3989,4,-3.7735246090824113,25.585565328598022,45.7004280090332,1.8387216020920896,54.63336715600205,,,0.0,-1,-1,0,32,prompt
11,4045,1,35.45028747422689,-23.278499603271484,-49.240699768066406,0.2492920510104401,7.407137728968742,,,0.0,-1,-1,0,32,prompt
11,4105,1,-55.56558874937091,-51.79466247558594,59.68831253051758,0.1107616224139112,3.291025883009453,,,0.0,-1,-1,0,32,prompt
11,4159,3,34.09155915425711,22.391700744628906,-26.463965892791748,1.4790337336790418,43.94607259536218,,,0.0,-1,-1,0,32,prompt
11,4195,6,-22.053480772673442,-4.203062375386557,34.79325040181478,1.8459941833794205,54.84945511798093,,,0.0,-1,-1,0,32,prompt
11,4221,1,37.07866900602426,-8.202899932861328,41.70289993286133,0.1627680236342689,4.8362760226180574,,,0.0,-1,-1,0,32,prompt
11,4285,2,-29.40927028648992,-41.90130043029785,-52.344499588012695,0.3918617504426856,11.643267181921468,,,0.0,-1,-1,0,32,prompt
11,4353,3,-9.090406545060345,-3.2885497411092124,41.68442471822103,0.5634356886515034,16.741190624980074,,,0.0,-1,-1,0,32,prompt
11,4383,3,-29.203873732207786,39.48107401529948,21.620575269063313,0.6824222705092269,20.276602188032527,,,0.0,-1,-1,0,32,prompt
11,4491,2,-44.2042137736352,51.254268646240234,15.643706321716309,1.0915371080358731,32.432505018635126,,,0.0,-1,-1,0,32,prompt
11,4525,5,-36.10274053974379,7.044517898559571,5.552702331542969,1.1696081386325343,34.752205442006364,,,0.0,-1,-1,0,32,prompt
11,4535,4,3.2254318513405913,-44.166797161102295,19.747671842575073,0.7818393113711142,23.23055002265351,,,0.0,-1,-1,0,32,prompt
11,4809,4,-29.735765316723047,30.18584156036377,30.139859676361084,1.5723221650802943,46.717922949626356,,,0.0,-1,-1,0,32,prompt
11,4823,1,12.679643948290856,5.985899925231934,-22.636699676513672,0.1432621803860666,4.256704925691831,,,0.0,-1,-1,0,32,prompt
11,4991,1,-26.568780543033157,-54.12251281738281,3.819912433624268,0.3154044256705298,9.37151430139286,,,0.0,-1,-1,0,32,prompt
11,5089,2,-27.821995741524272,28.820999145507812,-62.986101150512695,0.7732124864906339,22.974223838988966,,,0.0,-1,-1,0,32,prompt
11,5123,2,-34.577605306244855,9.824081182479858,20.133131980895996,0.2810924077547215,8.352011908793141,,,0.0,-1,-1,0,32,prompt
11,5143,2,-33.21525399921089,47.22209930419922,-44.36330032348633,1.3465183757467305,40.00868468656314,,,0.0,-1,-1,0,32,prompt
11,5149,1,-21.58784879871178,-51.40668869018555,56.584510803222656,0.0828789499298718,2.462556645807994,,,0.0,-1,-1,0,32,prompt
11,5257,1,-20.853480656920805,26.5762882232666,36.0218391418457,0.1449845366117705,4.307880764353453,,,0.0,-1,-1,0,32,prompt
11,5423,7,-9.963496877208103,14.022524731499809,30.247022083827428,2.0699077598263482,61.50253006925125,,,0.0,-1,-1,0,32,prompt
11,5457,2,-8.480973920225079,-0.1939868927001953,7.893650054931641,0.2334611442751805,6.9367588858117415,,,0.0,-1,-1,0,32,prompt
11,5499,5,-42.80040892878,48.22529220581055,15.847137260437012,2.3842389005403817,70.84215418616782,0.29713740944862366,107.085693359375,107.085693359375,4,6,1,32,prompt
11,5573,2,-26.89605330187478,18.401099622249603,-16.429100036621094,0.4879261716447927,14.49759966389809,,,0.0,-1,-1,0,32,prompt
11,5643,2,-9.06248340143353,-60.0806999206543,-2.438699722290039,0.4470467652372246,13.28296248508703,,,0.0,-1,-1,0,32,prompt
11,5645,2,-48.700843076107475,-37.467299461364746,-53.009599685668945,0.3368544820280802,10.008853202053853,,,0.0,-1,-1,0,32,prompt
11,5851,5,-38.2217832099615,27.58502197265625,42.46222267150879,1.6987289024505454,50.47380730203925,,,0.0,-1,-1,0,32,prompt
11,5873,4,27.001840441033828,22.02450978755951,37.80236625671387,1.1980797694129746,35.59817421519534,,,0.0,-1,-1,0,32,prompt
11,5897,5,31.27888332156034,8.540992927551269,31.443732261657715,1.3556243596610034,40.27924797463192,,,0.0,-1,-1,0,32,prompt
11,6007,2,-17.04474581220497,10.198199272155762,-37.93400001525879,0.2549965366920684,7.5766333504516,,,0.0,-1,-1,0,32,prompt
11,6035,4,-47.2467635347431,7.925775051116943,-3.644194602966307,0.6206365578666757,18.440782388039406,,,0.0,-1,-1,0,32,prompt
11,6137,6,1.649667564892764,19.800581256548565,9.223643779754639,2.6153132347023615,77.7079945201456,,,0.0,-1,-1,0,32,prompt
11,6161,1,-59.939868550473655,54.7598991394043,-31.94809913635254,0.3352140014946561,9.960110110553288,,,0.0,-1,-1,0,32,prompt
11,6195,3,-52.590865624290096,4.655700206756592,-38.89469909667969,1.898707732714079,56.41571653113866,,,0.0,-1,-1,0,32,prompt
11,6209,3,-47.17357020151321,14.096424460411072,33.90939076741536,1.2553170336191113,37.29884737138223,,,0.0,-1,-1,0,32,prompt
12,23,1,-46.2901998280545,-15.297300338745115,-35.05189895629883,0.05079160041558,1.5091551384331616,,,0.0,-1,-1,0,32,prompt
12,153,3,-33.59491517465065,1.4872376124064115,33.69398752848307,0.6870645568668301,20.4145370090134,,,0.0,-1,-1,0,32,prompt
12,161,2,-26.32931267071001,40.155412673950195,35.63386154174805,0.3132696282014616,9.308083723431192,,,0.0,-1,-1,0,32,prompt
12,203,3,16.14847022632093,11.897900263468424,-29.435500462849934,0.72196071348931,21.451395734619332,,,0.0,-1,-1,0,32,prompt
12,401,6,44.372314581071436,-42.19689989089966,20.338033040364582,2.212390976758102,65.73608989437314,,,0.0,-1,-1,0,32,prompt
12,419,2,9.462792196749966,7.316099762916565,-47.245399475097656,0.6943751281881031,20.631753757139276,,,0.0,-1,-1,0,32,prompt
12,475,3,-37.02371021314715,-26.94578806559245,1.6457462310791016,0.7450501039930979,22.13744366453242,,,0.0,-1,-1,0,32,prompt
12,485,5,-21.38039966229261,-16.982219696044922,-16.410459899902342,1.6577910863440601,49.25743461388149,,,0.0,-1,-1,0,32,prompt
12,559,7,-34.90143772879802,-15.598178250449044,11.006628581455775,2.6478186090018743,78.67381666887546,,,0.0,-1,-1,0,32,prompt
12,585,2,-15.920442487064058,8.535450458526611,11.579412102699278,0.9080542249104152,26.980734772813594,,,0.0,-1,-1,0,32,prompt
12,709,2,-47.1283373811855,19.73129940032959,-49.240699768066406,0.6064012038694735,18.01781171067317,,,0.0,-1,-1,0,32,prompt
12,761,2,-10.241242673019752,-4.198442459106445,31.01973152160645,0.3310899706844207,9.837574056611304,,,0.0,-1,-1,0,32,prompt
12,781,1,-44.56603114732787,45.58706283569336,20.1148624420166,0.1136404284388693,3.376562957438501,,,0.0,-1,-1,0,32,prompt
12,783,5,-21.16438257751758,2.926439762115479,-15.656679725646972,2.1777229318148192,64.70600898064909,,,0.0,-1,-1,0,32,prompt
12,787,2,9.701064394295244,7.052830696105957,16.4983811378479,0.46324290841193577,13.764193485782508,,,0.0,-1,-1,0,32,prompt
12,925,3,-42.67515199997333,-45.68867492675781,6.307741800944011,0.7203361142630138,21.403124519493225,,,0.0,-1,-1,0,32,prompt
12,927,6,22.017695294115573,-14.927799860636393,-5.799679438273112,1.1236508966122827,33.38669210169815,,,0.0,-1,-1,0,32,prompt
12,1055,4,-21.7727486167635,31.038000226020813,16.23511242866516,0.8104360764085152,24.08023687137745,,,0.0,-1,-1,0,32,prompt
12,1065,5,6.97830582109458,-39.506939601898196,-48.9746597290039,1.5335210151229115,45.56503636294306,,,0.0,-1,-1,0,32,prompt
12,1135,4,-1.6329705003916875,4.6141308061778545,6.276881694793701,1.5355774485802491,45.626138535223404,,,0.0,-1,-1,0,32,prompt
12,1151,8,-8.738491828582244,25.758768916130066,30.57050633430481,4.4774413275117695,133.03683150678316,0.3944019675254822,74.12641143798828,74.12641143798828,4,12,1,32,prompt
12,1209,3,-8.377324436364766,5.699536959330241,0.1862208048502604,0.6891285405359622,20.47586351840524,0.3985151946544647,70.99720764160156,70.99720764160156,1,10,1,32,prompt
12,1227,2,38.27600836763998,58.7504997253418,9.556399822235107,0.7223762373284197,21.46374206613483,,,0.0,-1,-1,0,32,prompt
12,1271,5,-25.360762013726564,-4.367489790916443,-10.679515075683593,1.4939518347222238,44.389329524869716,,,0.0,-1,-1,0,32,prompt
12,1273,1,-15.233967919737712,-45.58706283569336,18.950937271118164,0.5264947221719786,15.643575095539877,,,0.0,-1,-1,0,32,prompt
12,1289,3,-11.160473263587072,0.6096757253011074,5.47636604309082,0.8810133795039584,26.177278483607694,,,0.0,-1,-1,0,32,prompt
12,1313,1,-26.121773848029957,60.52410125732422,-7.117700099945068,0.5670431599574188,16.848378305886513,,,0.0,-1,-1,0,32,prompt
12,1339,4,-11.747804757443074,11.195849895477293,0.4273374080657959,1.4101693083953424,41.89992519260654,,,0.0,-1,-1,0,32,prompt
12,1411,1,32.571441875933274,-17.957700729370117,18.202699661254883,0.4076800739585745,12.11327214376707,,,0.0,-1,-1,0,32,prompt
12,1547,14,-28.963674771878214,-6.344182695661273,34.72195952279227,3.833523323991507,113.90429471347232,,,0.0,-1,-1,0,32,prompt
12,1573,2,-46.70527747341462,-15.297300338745115,-35.05189895629883,0.1656989640378655,4.923362149740218,,,0.0,-1,-1,0,32,prompt
12,1585,2,-17.196408798009625,-23.957456350326535,34.34523153305054,0.2147086147241691,6.379570766142894,,,0.0,-1,-1,0,32,prompt
12,1593,4,48.472040814796514,-34.36349964141846,-30.617900848388672,1.7340897347164768,51.52447279154475,,,0.0,-1,-1,0,32,prompt
12,1597,5,-16.839042576962633,-19.010774326324462,4.848805236816408,2.1850460392623456,64.9235982108231,,,0.0,-1,-1,0,32,prompt
12,1645,4,-29.14507789832596,-0.9907221794128418,-6.655721426010132,0.5052031726742627,15.010945860257394,,,0.0,-1,-1,0,32,prompt
12,1673,1,-35.88132964440855,53.73453903198242,5.371812343597412,0.1990848620811375,5.915347028557981,,,0.0,-1,-1,0,32,prompt
12,1749,2,-58.21569986974703,11.639249801635742,21.8607497215271,0.24365119338449429,7.239532668255697,,,0.0,-1,-1,0,32,prompt
12,1787,3,-35.14879559061416,15.001699447631836,1.023891846338908,0.3115673625614289,9.25750483013754,,,0.0,-1,-1,0,32,prompt
12,1819,1,27.478758457861097,25.495500564575195,10.221500396728516,0.1717859416489002,5.1042226358059954,,,0.0,-1,-1,0,32,prompt
12,1865,1,-37.68532094924289,49.46681213378906,16.62308692932129,0.0848392854104087,2.520803488579216,,,0.0,-1,-1,0,32,prompt
12,1885,5,-19.9089487436575,-1.3412853240966798,32.40258502960205,0.684268350714937,20.331454199105462,,,0.0,-1,-1,0,32,prompt
12,1897,2,-8.576761069154337,-22.61340045928955,-22.63670063018799,0.9506862208550015,28.247446103329157,,,0.0,-1,-1,0,32,prompt
12,1899,2,-38.40909126341514,5.944331407546997,-8.60473108291626,0.48358152667799886,14.368508569649102,,,0.0,-1,-1,0,32,prompt
12,1981,16,1.403908428450955,15.513804376125336,7.815553605556488,7.907756788499954,234.96073549955938,,,0.0,-1,-1,0,32,prompt
12,1985,7,-30.080595649039793,-21.508858953203475,1.2370766230991908,2.720283906032864,80.82695566189007,,,0.0,-1,-1,0,32,prompt
12,2041,14,-2.212365790860317,-19.3354069846017,0.390042849949428,5.845078181072853,173.6730030031465,0.35245075821876526,326.2719421386719,557.9476928710938,4,2,2,32,prompt
12,2083,1,26.99982271321481,-41.90129852294922,-10.221500396728516,0.1741313326049098,5.17391051301277,,,0.0,-1,-1,0,32,prompt
12,2115,1,-38.45161814067695,-36.27566146850586,52.31678771972656,0.0848441914524874,2.5209492602924914,,,0.0,-1,-1,0,32,prompt
12,2191,3,21.517872074633186,12.341299692789713,-22.916767120361328,0.7007705461266474,20.821778835408345,,,0.0,-1,-1,0,32,prompt
12,2235,1,-29.1550335641231,50.24276351928711,4.207887649536133,0.2691924392808469,7.998431820302138,,,0.0,-1,-1,0,32,prompt
12,2351,2,-38.17760565350277,-45.21294403076172,-13.814681053161621,0.7780646553306093,23.118394833355744,,,0.0,-1,-1,0,32,prompt
12,2463,4,9.754324665962693,13.655334234237671,-8.803441047668457,1.410133703263961,41.89886726833286,,,0.0,-1,-1,0,32,prompt
12,2693,1,-43.59219513321376,-15.297300338745115,-35.05189895629883,0.0507916004166072,1.5091551384636828,,,0.0,-1,-1,0,32,prompt
12,2695,7,-16.1127640892677,24.042572566441127,5.558965955461773,2.1097342464401896,62.68588216737851,,,0.0,-1,-1,0,32,prompt
12,2713,3,-31.664951381382597,-37.40263684590658,-22.09462896982829,0.32557927265686193,9.67383638785116,,,0.0,-1,-1,0,32,prompt
12,2727,2,-14.410599216650393,-3.1038002967834455,-21.08479952812195,0.5141446759835542,15.276621986902835,,,0.0,-1,-1,0,32,prompt
12,2759,1,33.65702956379819,42.78810119628906,28.40089988708496,0.8900119681221322,26.44465076840771,,,0.0,-1,-1,0,32,prompt
12,2765,2,-22.912904358899834,-48.10890007019043,21.666762351989746,0.3101138416533661,9.214316812251216,,,0.0,-1,-1,0,32,prompt
12,2895,1,59.44496828100583,-13.080300331115724,14.655500411987305,0.2209730847451504,6.565705029374821,,,0.0,-1,-1,0,32,prompt
12,2915,3,-4.305573490352757,21.800499598185223,-36.086499532063804,0.5542230632216844,16.46745873049134,,,0.0,-1,-1,0,32,prompt
12,2941,5,27.914607715262274,-20.76774730682373,25.20287742614746,2.16496754758453,64.32701218794465,,,0.0,-1,-1,0,32,prompt
12,2973,6,26.999424154955523,-15.237256368001303,1.06840181350708,2.0089937425766577,59.69261068528206,,,0.0,-1,-1,0,32,prompt
12,3065,2,-12.16758347922362,8.202899932861328,-21.08479952812195,0.2782729736068527,8.2682389326137,,,0.0,-1,-1,0,32,prompt
12,3187,6,-10.155978613158476,14.355074961980185,21.123220761617024,1.0167548280730019,30.210522227262103,,,0.0,-1,-1,0,32,prompt
12,3193,3,-10.931648407811624,-17.237174987792972,25.05692521731059,0.8947856984863463,26.58649114456641,,,0.0,-1,-1,0,32,prompt
12,3237,6,-29.04236484637401,28.345269044240315,35.621476332346596,2.1554278308076604,64.04356152926852,,,0.0,-1,-1,0,32,prompt
12,3263,3,-33.94081321245074,-9.440725962320963,8.654066721598307,0.4050048803806253,12.033784943099402,,,0.0,-1,-1,0,32,prompt
12,3269,2,-29.26141854067108,-9.505387902259827,22.248725414276123,0.24578546837469362,7.302947721964078,,,0.0,-1,-1,0,32,prompt
12,3369,5,-5.214297784801919,-20.57930221557617,-16.216472148895264,1.8265830339110216,54.27269762809204,,,0.0,-1,-1,0,32,prompt
12,3377,3,24.338271459772418,-8.794099966684978,-5.032965977986653,0.7461210142025896,22.169263288884302,,,0.0,-1,-1,0,32,prompt
12,3467,1,-19.001595777621837,52.958587646484375,56.196537017822266,0.187339896950807,5.566372506547854,,,0.0,-1,-1,0,32,prompt
12,3507,2,6.0345903825432075,7.662506341934204,28.054492950439453,0.19550948234968318,5.8091128746934615,,,0.0,-1,-1,0,32,prompt
12,3509,3,31.136378352133047,-18.548899968465168,50.42310078938802,1.1646769589003372,34.60568682139799,,,0.0,-1,-1,0,32,prompt
12,3545,5,-36.88452398608824,-27.091739654541016,-32.11613998413086,1.2289375050437947,36.51504058496186,,,0.0,-1,-1,0,32,prompt
12,3619,5,14.1106875551879,17.397907638549803,32.13100318908691,1.972413818372072,58.605722693465346,,,0.0,-1,-1,0,32,prompt
12,3717,1,49.37135311861228,50.32590103149414,-42.58969879150391,0.2146879471271489,6.3789566762148935,,,0.0,-1,-1,0,32,prompt
12,3769,1,-2.8774257078635315,-6.40158748626709,36.409812927246094,0.3014191976138995,8.955975538858631,,,0.0,-1,-1,0,32,prompt
12,3793,1,-34.17312548850346,-15.297300338745115,-35.05189895629883,0.0507916004166072,1.5091551384636828,,,0.0,-1,-1,0,32,prompt
12,3799,1,-33.71015426867872,-15.297300338745115,-35.05189895629883,0.0507916004166072,1.5091551384636828,,,0.0,-1,-1,0,32,prompt
12,3819,2,-42.913702828298184,-3.0899438858032218,-0.2909812927246094,0.18058703075085492,5.365726678469493,,,0.0,-1,-1,0,32,prompt
12,3831,3,-12.785276997249229,-4.655699412027995,-18.778366565704346,0.8392535549772245,24.93648171309963,,,0.0,-1,-1,0,32,prompt
12,3837,4,-53.73765065730425,-48.44145059585571,-37.04719924926758,1.1110126641494829,33.011176203284045,,,0.0,-1,-1,0,32,prompt
12,3841,3,12.910452369164366,-0.25864966710408527,12.586300055185953,1.1147583174094557,33.12246964192006,,,0.0,-1,-1,0,32,prompt
12,3861,6,20.200798776855898,22.594924767812092,-8.969612916310629,3.009523500753165,89.42104242109701,,,0.0,-1,-1,0,32,prompt
12,3923,1,26.680532216783952,50.32590103149414,4.013899803161621,0.2598043340673659,7.719485949190544,,,0.0,-1,-1,0,32,prompt
12,3961,6,-8.926311643640387,-22.262375354766846,40.55744957923889,1.3681588600392054,40.651681713649396,,,0.0,-1,-1,0,32,prompt
12,3991,4,-24.806008332856642,13.960171699523924,2.00443434715271,1.0254637141496057,30.46928666990612,,,0.0,-1,-1,0,32,prompt
12,4029,4,-29.57141899208719,8.729437172412872,51.734825134277344,0.7839884937178241,23.294408014042418,,,0.0,-1,-1,0,32,prompt
12,4139,3,-6.500575725835187,-33.190338134765625,-16.256529013315838,0.7513018807771619,22.323200777535554,,,0.0,-1,-1,0,32,prompt
12,4179,1,-33.4015971666535,31.703100204467773,-28.40089988708496,0.4425386822348033,13.149015206955966,,,0.0,-1,-1,0,32,prompt
12,4205,3,24.850879964200427,-8.027387777964273,31.29517936706543,1.0006867959891343,29.733097751847474,,,0.0,-1,-1,0,32,prompt
12,4221,3,-8.102349716263321,12.341299374898275,-6.806566874186198,0.4743476353393943,14.09414480777965,,,0.0,-1,-1,0,32,prompt
12,4265,2,-32.494234817033515,-26.28530597686768,6.249168395996092,0.8206795804803887,24.38459894461676,0.41459405422210693,77.88443756103516,77.88443756103516,6,9,1,32,prompt
12,4311,8,-24.486119999036852,12.467160522937775,24.401010990142822,2.1748781373385655,64.62148248086373,,,0.0,-1,-1,0,32,prompt
12,4333,3,2.9787742200260645,15.352724711100258,-3.871983210245768,1.6808172286501541,49.94160326962788,,,0.0,-1,-1,0,32,prompt
12,4349,4,-13.403526370289216,-28.301389887928963,11.643971681594849,0.9138786907278773,27.15379532702199,,,0.0,-1,-1,0,32,prompt
12,4435,3,8.049134633524845,36.13710085550944,30.602367401123047,1.057888970891746,31.432728310394484,,,0.0,-1,-1,0,32,prompt
12,4493,1,-59.87601045118748,-45.44850158691406,-45.250099182128906,0.3614934351237913,10.740942806747622,,,0.0,-1,-1,0,32,prompt
12,4735,2,-4.321019529435299,-36.13710021972656,-9.533099174499512,0.4102067639858242,12.188346904291494,,,0.0,-1,-1,0,32,prompt
12,4765,3,-7.642956294573792,-20.313262939453125,3.4903043111165366,0.508682311216712,15.114320429392798,,,0.0,-1,-1,0,32,prompt
12,4773,3,9.68641547173128,-24.765737255414326,-4.9313538869222,0.9661492920230933,28.706895561868475,,,0.0,-1,-1,0,32,prompt
12,4781,6,-8.012801119606204,15.860787034034729,11.674729029337565,2.289615176649669,68.0306286985097,,,0.0,-1,-1,0,32,prompt
12,4943,5,-1.99952075565433,-5.492617797851563,1.661867332458496,1.7784792925578528,52.84340601595522,,,0.0,-1,-1,0,32,prompt
12,5035,10,17.178324707664338,18.38724341392517,-20.42423610687256,3.3739344724268427,100.24867309040073,,,0.0,-1,-1,0,32,prompt
12,5063,2,-11.925500041692523,-5.972043991088867,46.51101875305176,0.3982713984980436,11.833715075257086,,,0.0,-1,-1,0,32,prompt
12,5095,3,-61.79707493804648,-54.76913706461588,11.320762634277344,0.6318556760048981,18.77413258075736,,,0.0,-1,-1,0,32,prompt
12,5111,1,-57.65694150099303,-36.13710021972656,-9.334699630737305,0.7508234962481136,22.308986685751616,,,0.0,-1,-1,0,32,prompt
12,5237,7,-26.181476337489993,1.682544776371547,27.202605383736746,1.8313435390659132,54.41414504769018,,,0.0,-1,-1,0,32,prompt
12,5389,4,-7.441374186831883,28.95263421535492,-11.563040375709534,2.0946559621107554,62.237865761352005,,,0.0,-1,-1,0,32,prompt
12,5413,12,6.74524838550688,17.5651064068079,8.846583088239035,3.697847583264199,109.8730033266285,,,0.0,-1,-1,0,32,prompt
12,5447,1,-19.46456699744657,-23.860462188720703,18.56296157836914,0.1804715743187297,5.362296157155311,,,0.0,-1,-1,0,32,prompt
12,5513,2,29.809579081806355,3.103800058364868,-11.995100021362305,0.8180053601268348,24.305140661065007,,,0.0,-1,-1,0,32,prompt
12,5521,3,-16.967982500493466,5.838099797566733,3.096033732096354,0.5572037096884307,16.556021758518384,,,0.0,-1,-1,0,32,prompt
12,5583,4,9.852017434884859,43.25228363275528,-35.42129611968994,1.5192679384306755,45.141539096612156,,,0.0,-1,-1,0,32,prompt
12,5585,4,-39.81926836152028,-11.944087982177734,4.392431259155273,2.0636424114172205,61.31636970674358,,,0.0,-1,-1,0,32,prompt
12,5779,6,-36.07926242201892,-8.152093331019085,-13.146639823913574,1.301878549389579,38.6823153110277,,,0.0,-1,-1,0,32,prompt
12,5813,2,11.409268550200336,-37.45344352722168,22.183855056762695,0.3095215576267436,9.196718459868626,,,0.0,-1,-1,0,32,prompt
12,5951,7,5.310636593564786,4.077696663992743,42.6226316179548,2.1858023321119218,64.94606970671532,,,0.0,-1,-1,0,32,prompt
12,6077,2,-30.77006613630688,-33.35199451446533,-12.706180572509766,0.38969562694963217,11.57890582348277,,,0.0,-1,-1,0,32,prompt
12,6141,2,-32.23880241988882,-7.108255386352541,-21.435618400573734,0.4937298605539647,14.67004288024647,,,0.0,-1,-1,0,32,prompt
13,31,4,-42.45472273967883,-7.586297035217283,-25.15381669998169,1.1297225614582809,33.56709760430506,,,0.0,-1,-1,0,32,prompt
13,147,9,-26.939531985859052,-5.049833244747585,4.281650013393826,2.343548991483797,69.63314748362875,0.3280956447124481,95.53221130371094,95.53221130371094,5,4,1,32,prompt
13,155,1,12.472105125610796,-47.66550064086914,-42.58969879150391,0.2984432685252589,8.8675526768305,,,0.0,-1,-1,0,32,prompt
13,193,2,34.585587568655626,28.37760019302368,37.047200202941895,0.869470616868882,25.83431194189785,,,0.0,-1,-1,0,32,prompt
13,387,3,-30.831308670385102,24.50708834330241,53.35138702392578,1.3448142464376873,39.95805041864769,,,0.0,-1,-1,0,32,prompt
13,423,1,-21.76345857174875,3.2977874279022217,15.847137451171877,0.3046843830298858,9.052992984817298,,,0.0,-1,-1,0,32,prompt
13,507,3,-30.3132882798253,-26.105174760023754,17.522066752115887,0.3843409635806375,11.419804364348215,,,0.0,-1,-1,0,32,prompt
13,515,3,-31.125735335585357,9.237500508626303,-34.460699717203774,1.0009931645028525,29.742200784887363,,,0.0,-1,-1,0,32,prompt
13,583,3,25.700577577877414,0.6004365285237631,25.989912033081055,0.6907909243341939,20.525257414849186,,,0.0,-1,-1,0,32,prompt
13,593,4,6.387117711221125,21.484115600585938,16.521372318267822,1.1884249438349581,35.31130336425697,,,0.0,-1,-1,0,32,prompt
13,717,5,-16.140274659690203,8.075423073768615,1.284977340698242,1.8187813723314765,54.040889266773405,,,0.0,-1,-1,0,32,prompt
13,759,5,15.549108971381974,-0.6817277908325196,37.70852279663087,1.3752016767501738,40.860942751723336,,,0.0,-1,-1,0,32,prompt
13,803,3,-22.56875003123837,-0.7020501295725499,14.658442815144857,0.4110822200187817,12.2143590590533,,,0.0,-1,-1,0,32,prompt
13,959,11,-31.616489145492856,-14.496156909249045,-15.283500497991389,3.6251764729602622,107.71374906739099,,,0.0,-1,-1,0,32,prompt
13,1089,3,4.717870454096236,24.303861618041992,43.20861307779948,1.3891292912235926,41.27476965965098,,,0.0,-1,-1,0,32,prompt
13,1101,2,47.240089054936306,8.867999792098999,-54.339799880981445,0.8682145652666216,25.796991268515264,,,0.0,-1,-1,0,32,prompt
13,1155,4,-11.684656603371947,-11.750100135803223,10.974150657653809,0.6780282021521781,20.146042591851096,,,0.0,-1,-1,0,32,prompt
13,1167,1,-24.79671828784189,30.06806182861328,12.743337631225586,0.1056936809459917,3.1404437031803054,,,0.0,-1,-1,0,32,prompt
13,1217,2,-27.430864883396467,-46.36301231384277,37.76772499084473,0.24880977141943772,7.392807904411775,,,0.0,-1,-1,0,32,prompt
13,1273,1,-59.36514565689812,48.55229949951172,-11.10830020904541,0.219764065331868,6.529781808899552,,,0.0,-1,-1,0,32,prompt
13,1301,5,9.094155586347982,-5.681062507629394,30.27048854827881,1.4998494016357606,44.564562109371764,,,0.0,-1,-1,0,32,prompt
13,1321,7,-30.96395311137593,27.324525015694753,23.865228380475724,2.9682313353103136,88.19414106053277,,,0.0,-1,-1,0,32,prompt
13,1341,2,-9.60266168015804,-35.48585605621338,23.264643907546997,0.2823514136558263,8.389420362344985,,,0.0,-1,-1,0,32,prompt
13,1427,1,-48.90838189878753,2.9098124504089355,52.31678771972656,0.1194160293097437,3.5481716025786816,,,0.0,-1,-1,0,32,prompt
13,1511,5,2.2389886279774727,12.33760471343994,22.570190048217775,1.5080473108587995,44.80814405455818,,,0.0,-1,-1,0,32,prompt
13,1537,1,51.95760613970222,-55.64670181274414,-16.429100036621094,0.3655143987711649,10.86041645790718,,,0.0,-1,-1,0,32,prompt
13,1569,3,-24.564315633931233,-24.248437722524006,37.18576240539551,0.3173351034659498,9.428879934524659,,,0.0,-1,-1,0,32,prompt
13,1581,6,-22.208277809425052,-11.149662335713705,4.672704299290974,0.9622976733498141,28.592453605629565,,,0.0,-1,-1,0,32,prompt
13,1593,3,-47.67911348752873,-31.9247989654541,10.686316172281899,0.4188396984662805,12.444854620613444,,,0.0,-1,-1,0,32,prompt
13,1607,2,-13.198491004991,5.625637531280515,42.423423767089844,0.2313903385073925,6.875229673509235,,,0.0,-1,-1,0,32,prompt
13,1645,3,-43.469800442915265,22.696537653605144,24.641237258911133,0.6127781844876633,18.20728896653609,,,0.0,-1,-1,0,32,prompt
13,1747,1,-44.9491797430449,-34.33578872680664,11.19143772125244,0.0992382215772789,2.948634632437754,,,0.0,-1,-1,0,32,prompt
13,1759,5,-17.739920046808802,-7.997827243804932,22.87679271697998,1.1998226281244502,35.64995923788545,,,0.0,-1,-1,0,32,prompt
13,1781,3,-0.9006053116088543,25.052100499471027,44.17855008443197,0.4645797932307725,13.803915931567499,,,0.0,-1,-1,0,32,prompt
13,1803,1,-20.614012784597666,11.833237648010254,3.819912433624268,0.1285051412673908,3.818233579410383,,,0.0,-1,-1,0,32,prompt
13,1869,5,44.63627505654266,29.574778747558593,-3.827219581604004,1.5875253840317636,47.1696514994969,,,0.0,-1,-1,0,32,prompt
13,1885,1,-31.9488254078931,26.964262008666992,63.95603561401367,0.1028355025979576,3.055519532545764,,,0.0,-1,-1,0,32,prompt
13,1913,5,-48.03033303360267,3.707933044433594,-20.91474838256836,1.0850969833659099,32.24115158306109,,,0.0,-1,-1,0,32,prompt
13,1915,1,-46.01880290608827,28.516162872314453,50.37691116333008,0.1626291912839549,4.832150939865341,,,0.0,-1,-1,0,32,prompt
13,1987,2,9.913969914178121,29.998781204223633,24.483994007110596,0.9589554844778957,28.49314817976385,,,0.0,-1,-1,0,32,prompt
13,2021,2,-40.06403514765278,-3.7689001560211173,-36.38209915161133,0.21038187392753882,6.2510116529730695,,,0.0,-1,-1,0,32,prompt
13,2025,1,62.701731344600574,-32.14649963378906,59.43889999389648,0.1811789529044599,5.3833142786308645,,,0.0,-1,-1,0,32,prompt
13,2091,4,19.054968157115393,19.239402890205383,9.498459875583649,0.775605419869339,23.045324329519946,,,0.0,-1,-1,0,32,prompt
13,2149,5,-31.579494658116488,12.54822006225586,-10.576219749450683,1.4098996828664254,41.891913892527626,,,0.0,-1,-1,0,32,prompt
13,2247,3,27.851264037030433,-57.12469991048177,23.2278995513916,1.3881012268600914,41.24422310068997,,,0.0,-1,-1,0,32,prompt
13,2429,4,-44.502173048041705,44.194509863853455,-24.3778657913208,1.9466327139523354,57.83969669918318,,,0.0,-1,-1,0,32,prompt
13,2509,1,11.466340061853597,24.608699798583984,25.74049949645996,0.1084145961105411,3.221289415231561,,,0.0,-1,-1,0,32,prompt
13,2535,4,0.07392587290942343,49.79936218261719,23.581130981445312,1.1245516783083191,33.41345675006633,,,0.0,-1,-1,0,32,prompt
13,2727,4,7.768646945673515,-46.224449634552,-46.58030033111572,1.0810555651974707,32.12107017303357,,,0.0,-1,-1,0,32,prompt
13,2733,1,-34.28487716225426,-59.19390106201172,-16.429100036621094,0.3036357698619794,9.02183586557659,,,0.0,-1,-1,0,32,prompt
13,2767,1,-12.82332467168474,13.967100143432615,-42.58969879150391,0.097721458764027,2.9035675273519823,,,0.0,-1,-1,0,32,prompt
13,2785,2,-35.08048783812345,-31.259699821472168,-44.14159965515137,0.3632331346306042,10.792633960965142,,,0.0,-1,-1,0,32,prompt
13,2793,3,-23.109003048513625,-14.25346247355143,12.635429382324219,1.1235508605569244,33.38371976127694,,,0.0,-1,-1,0,32,prompt
13,2973,2,-48.78066570021518,-15.519000053405762,54.64463806152344,0.2993115153540098,8.893350626733966,,,0.0,-1,-1,0,32,prompt
13,3013,6,-25.401182773733627,-14.26731805006663,21.024756113688152,1.8346523169960034,54.5124577445588,,,0.0,-1,-1,0,32,prompt
13,3123,4,15.797427364912146,-45.13673496246338,-14.900190353393555,1.9447186687142899,57.78282526409243,,,0.0,-1,-1,0,32,prompt
13,3245,5,-9.761328810912818,10.71365270614624,4.377692604064942,1.184479628970167,35.19407744201354,,,0.0,-1,-1,0,32,prompt
13,3265,2,-17.748380579130718,12.636899948120117,-19.97629976272583,0.3239724983669814,9.626094799556343,,,0.0,-1,-1,0,32,prompt
13,3273,5,-9.633612612340475,42.8767807006836,-14.2121000289917,3.3028974679634753,98.13797251338353,,,0.0,-1,-1,0,32,prompt
13,3293,2,-22.96758452099737,35.69370079040527,-0.66510009765625,0.9278084151930727,27.567684928483715,,,0.0,-1,-1,0,32,prompt
13,3295,3,-0.964463410895022,-22.816624641418457,28.641075611114502,0.8183309562719545,24.314814998779134,,,0.0,-1,-1,0,32,prompt
13,3303,7,-55.75032110802018,-31.39430264064244,-4.5519608770098,2.497641160250803,74.2116405097257,,,0.0,-1,-1,0,32,prompt
13,3407,1,-21.907139295142635,-33.559837341308594,10.027512550354004,0.1424481128567709,4.232516788582229,,,0.0,-1,-1,0,32,prompt
13,3419,14,-20.406676803407617,12.043060983930316,21.522803442818777,5.702021687008199,169.42240957160575,,,0.0,-1,-1,0,32,prompt
13,3511,3,16.920088926028836,-11.777812639872232,7.647178967793782,0.40051275182322044,11.900311714466302,,,0.0,-1,-1,0,32,prompt
13,3555,2,-38.856097958418346,47.52693748474121,36.02183723449707,0.4654504676672394,13.829786012229365,0.2800503969192505,422.54595947265625,624.310302734375,5,7,2,32,prompt
13,3559,3,-6.31083551597325,9.533100128173828,-17.743768056233726,1.8205177581546361,54.092481962531814,,,0.0,-1,-1,0,32,prompt
13,3597,1,-60.4028397702984,28.599300384521484,-49.68410110473633,0.2512787020978336,7.466166479240096,,,0.0,-1,-1,0,32,prompt
13,3669,2,-15.631885365498421,13.9670991897583,-39.26420021057129,0.31833380201076866,9.458553955983465,,,0.0,-1,-1,0,32,prompt
13,3763,1,-62.478227997098976,6.40158748626709,34.08196258544922,0.4529940350872191,13.45967187759151,,,0.0,-1,-1,0,32,prompt
13,3823,4,-7.784611470495056,14.008668899536133,0.5542502403259277,1.0093263271066593,29.98980147200956,,,0.0,-1,-1,0,32,prompt
13,3829,6,-15.316924594792383,10.13815701007843,50.79721895853678,1.286658409783144,38.230084002961334,,,0.0,-1,-1,0,32,prompt
13,3841,1,63.26048971335457,-29.042699813842773,-21.30649948120117,0.158999087215313,4.724290778669129,,,0.0,-1,-1,0,32,prompt
13,3861,2,-15.67179667755228,24.165299892425537,-12.415199279785156,1.242826704343563,36.92772607469764,,,0.0,-1,-1,0,32,prompt
13,3875,7,-53.34349184842824,37.495013100760325,52.09508841378348,2.3009937476789593,68.36871666574005,,,0.0,-1,-1,0,32,prompt
13,3951,13,-12.367832396374293,3.4427452087402344,16.87802633872399,4.735257821859807,140.6972533882487,,,0.0,-1,-1,0,32,prompt
13,4005,1,15.585187465811655,-48.1088981628418,19.089500427246094,0.2963541572002808,8.805479557160059,,,0.0,-1,-1,0,32,prompt
13,4021,1,-26.21756099695921,-17.070899963378906,-42.14630126953125,0.2636075356534337,7.8324893034686,,,0.0,-1,-1,0,32,prompt
13,4039,2,-19.15325876342649,-0.1524190902709961,-5.279232025146484,0.612390274725362,18.195763123557416,,,0.0,-1,-1,0,32,prompt
13,4109,8,-17.499323743098362,-11.892126560211182,35.9698760509491,2.2800813010759575,67.74735159769924,,,0.0,-1,-1,0,32,prompt
13,4153,1,24.605143989983382,-49.4390983581543,45.250099182128906,0.2134287296601277,6.341541936470311,,,0.0,-1,-1,0,32,prompt
13,4163,6,-26.85967459902717,-18.77521800994873,-0.18642727533976236,2.637417180070848,78.36476222306416,,,0.0,-1,-1,0,32,prompt
13,4193,4,-35.8441016809561,-29.04270029067993,-58.995500564575195,1.273898940552177,37.85096583389323,,,0.0,-1,-1,0,32,prompt
13,4241,5,-21.903468120267178,3.940718078613281,-11.982001972198486,2.5271717449274003,75.0890736530206,,,0.0,-1,-1,0,32,prompt
13,4287,2,23.701952662788344,-12.415199279785156,-36.382100105285645,0.5775059787419573,17.15925680945771,,,0.0,-1,-1,0,32,prompt
13,4333,2,-2.3228383615344903,12.817030906677246,-4.669556617736816,0.2838510900827089,8.43397978490893,,,0.0,-1,-1,0,32,prompt
13,4367,2,-31.350155727085244,6.42930006980896,-51.014299392700195,0.6896678005457095,20.491886384548526,,,0.0,-1,-1,0,32,prompt
13,4387,2,-58.30350475626551,5.542499542236329,-25.962199211120605,0.2117037134790453,6.290287063375934,,,0.0,-1,-1,0,32,prompt
13,4459,5,8.00961412456625,-4.8164324283599855,3.5906578063964845,1.7419744299111413,51.75874830502823,,,0.0,-1,-1,0,32,prompt
13,4477,1,-21.986961919250348,-25.800336837768555,27.098411560058597,0.101894769029251,3.0275678065222897,,,0.0,-1,-1,0,32,prompt
13,4513,6,31.673452129532365,4.281580924987793,0.7805687586466478,2.061774110751973,61.26085746601823,,,0.0,-1,-1,0,32,prompt
13,4519,2,-10.267805025460016,7.717931509017944,-14.53520679473877,0.646540048099495,19.210444794192313,,,0.0,-1,-1,0,32,prompt
13,4719,1,40.23964492068976,-60.52410125732422,-17.759300231933594,0.4231832008474867,12.5739117655697,,,0.0,-1,-1,0,32,prompt
13,4763,12,0.8204067237063354,7.276841004689534,-3.577221870422362,4.027349287575521,119.66338571496098,,,0.0,-1,-1,0,32,prompt
13,4767,7,7.943997151406543,23.468528747558594,-17.372585909707205,2.5358620604202695,75.34728631364484,,,0.0,-1,-1,0,32,prompt
13,4779,1,-14.866783848842228,24.248437881469727,34.857913970947266,0.0841447087863322,2.5001657478369688,,,0.0,-1,-1,0,32,prompt
13,4987,6,-36.61395407606089,45.65172513326009,41.32416303952535,1.6657628773752373,49.49429797905961,,,0.0,-1,-1,0,32,prompt
13,5013,3,-49.37667462688612,-6.761849721272786,28.625542004903156,0.7483194979407086,22.234586157291623,,,0.0,-1,-1,0,32,prompt
13,5047,1,33.784745762370534,31.703100204467773,63.87289810180664,0.2562805239175913,7.61478406638151,,,0.0,-1,-1,0,32,prompt
13,5207,1,-57.3855445790268,-49.88249969482422,-43.919898986816406,0.2077638500648398,6.173223118400315,,,0.0,-1,-1,0,32,prompt
13,5349,2,-36.495963850037946,24.567131519317627,21.407907485961914,0.431951773188287,12.834449647750361,,,0.0,-1,-1,0,32,prompt
13,5363,3,-22.997251374762822,-18.927638053894043,-3.7703704833984375,0.5530573795167913,16.432823130537162,,,0.0,-1,-1,0,32,prompt
13,5417,4,-45.731441459300505,15.927759170532225,-29.490821838378906,1.7835709618995188,52.9946932147697,,,0.0,-1,-1,0,32,prompt
13,5495,2,56.84275073509434,-25.938899993896484,-36.82550048828125,0.3904101589686929,11.600136492713851,,,0.0,-1,-1,0,32,prompt
13,5507,1,35.13099697779604,-32.14649963378906,-42.58969879150391,0.1671130758757308,4.96537921809349,,,0.0,-1,-1,0,32,prompt
13,5583,2,-34.60953435588794,9.214406967163086,8.826431274414062,0.559732396915046,16.631155861210797,,,0.0,-1,-1,0,32,prompt
13,5785,3,-16.143945834565656,-6.660237471262614,42.61741256713867,1.3996623666215549,41.58773567628121,,,0.0,-1,-1,0,32,prompt
13,5827,6,-39.31954247505312,-27.324525515238445,18.425870577494305,1.4269817015983743,42.39946664009226,,,0.0,-1,-1,0,32,prompt
13,5967,2,-41.64190753977758,5.27923107147217,7.135969161987305,0.9336583519201274,27.74150229196327,,,0.0,-1,-1,0,32,prompt
13,5981,3,-17.329845063115105,17.957699457804363,-24.41029930114746,1.1552513415091568,34.32562636253437,,,0.0,-1,-1,0,32,prompt
13,6011,1,-62.4143698978128,50.24276351928711,31.754112243652344,0.0963626862470409,2.863194739150916,,,0.0,-1,-1,0,32,prompt
13,6121,1,18.10758238761543,-38.35409927368164,-5.344099998474121,0.1554323096415067,4.61831221805841,,,0.0,-1,-1,0,32,prompt
13,6147,2,-28.891618904567643,2.327850341796875,28.456324577331543,0.406582422753856,12.08065797248177,,,0.0,-1,-1,0,32,prompt
13,6163,1,-60.78598836601543,-15.297300338745115,-35.05189895629883,0.0507916004166072,1.5091551384636828,,,0.0,-1,-1,0,32,prompt
14,23,8,-3.182183299383336,7.478910803794862,16.509876489639282,3.618904914911632,107.52740419978235,0.32341495156288147,169.97573852539062,169.97573852539062,4,4,1,32,prompt
14,127,6,-36.19089416829,-3.288549741109211,15.175742308298746,2.9723194332540577,88.31560945230896,,,0.0,-1,-1,0,32,prompt
14,175,3,34.86063702730781,-36.4049866994222,13.226628621419271,0.9067821394089399,26.942937689134997,,,0.0,-1,-1,0,32,prompt
14,393,2,-13.693391274458827,-2.7158250510692596,25.740500450134277,0.3324235083567899,9.877197049666922,,,0.0,-1,-1,0,32,prompt
14,423,3,-39.35985234536626,-43.24997520446777,16.930866241455078,0.5691326052860757,16.910461349705123,,,0.0,-1,-1,0,32,prompt
14,485,1,38.18022121871072,16.627500534057617,30.617900848388672,0.2171354780720933,6.451679407371519,,,0.0,-1,-1,0,32,prompt
14,589,1,-63.77135450764395,-15.297300338745115,-35.05189895629883,0.0507916004166072,1.5091551384636828,,,0.0,-1,-1,0,32,prompt
14,687,1,-31.773215634856133,40.54338836669922,5.759787559509277,0.266660921567927,7.923213616244214,,,0.0,-1,-1,0,32,prompt
14,753,7,6.226367521891732,12.656694684709821,1.937983785356794,2.4022157147314065,71.37629371489038,,,0.0,-1,-1,0,32,prompt
14,783,3,-1.7335412839457216,-38.67741314570109,20.19170316060384,0.662897465133578,19.696467675269083,,,0.0,-1,-1,0,32,prompt
14,939,3,10.787967684417742,-5.015962600708008,9.808754444122314,0.6591397806156511,19.58481675558079,,,0.0,-1,-1,0,32,prompt
14,945,2,8.780488651848582,32.43748188018799,-7.801069259643558,1.2384882333738843,36.798818426518366,,,0.0,-1,-1,0,32,prompt
14,1155,2,-0.3911308581277986,6.207599639892581,-46.358598709106445,0.2245274585070111,6.671315039351561,,,0.0,-1,-1,0,32,prompt
14,1163,4,-33.87647399670094,56.71363067626953,-2.327849864959717,1.2078893645558926,35.889643686421984,,,0.0,-1,-1,0,32,prompt
14,1221,1,4.074765069479247,13.523699760437012,-49.68410110473633,0.2176931023191426,6.468247924426776,,,0.0,-1,-1,0,32,prompt
14,1291,3,-49.91946847081857,-17.523536682128906,57.101812998453774,0.9380858422189489,27.87305494397972,,,0.0,-1,-1,0,32,prompt
14,1319,3,48.046297558424214,39.240899403889976,16.13349978129069,0.9271582427717286,27.548366556105005,,,0.0,-1,-1,0,32,prompt
14,1349,7,-20.77218875237006,-27.77584321158273,-2.324521473475865,2.770303659741038,82.31317715745642,,,0.0,-1,-1,0,32,prompt
14,1401,4,-0.6478710378764605,-42.56640005111694,-35.04024910926819,1.285777142432839,38.20389917832175,,,0.0,-1,-1,0,32,prompt
14,1535,3,-29.247242914917138,-19.98071352640788,53.22206370035807,0.4189669496060273,12.448635594432911,,,0.0,-1,-1,0,32,prompt
14,1551,389,-16.1751630611086,29.963552931280553,50.72024247333752,142.42738287109137,4231.900844919261,0.3277601897716522,4326.15380859375,15937.1328125,4,12,15,32,prompt
14,1555,2,-9.331264758191809,-8.798717498779297,-6.554006576538088,0.8402722643138534,24.96675030903605,,,0.0,-1,-1,0,32,prompt
14,1561,5,-18.727005950691296,5.453820037841797,-28.046179962158202,1.9285311955358049,57.30185187231748,,,0.0,-1,-1,0,32,prompt
14,1569,3,5.460340785777692,-44.49703852335612,-35.4520533879598,0.6022398326553885,17.894166172842517,,,0.0,-1,-1,0,32,prompt
14,1597,2,-27.75277094503528,-19.204762935638428,21.47277545928955,0.1913849479720255,5.686561858408162,,,0.0,-1,-1,0,32,prompt
14,1625,1,36.63166231102106,-47.66550064086914,57.66529846191406,0.5325175937154264,15.822530817815736,,,0.0,-1,-1,0,32,prompt
14,1697,2,13.517781501421858,1.1085000038146973,38.377400398254395,0.5442508089727597,16.171156219477925,,,0.0,-1,-1,0,32,prompt
14,1745,1,27.7022618053627,57.86370086669922,32.83489990234375,0.2740719384145422,8.143414871246474,,,0.0,-1,-1,0,32,prompt
14,1785,2,-21.523990699425607,18.22096872329712,2.3694190979003906,0.3282912726729712,9.75441720684986,,,0.0,-1,-1,0,32,prompt
14,1869,1,64.84097767068732,-48.55229949951172,37.71229934692383,0.1850941468441632,5.499645227128661,,,0.0,-1,-1,0,32,prompt
14,1881,3,6.339186767481124,0.36949984232584754,-5.3285675048828125,1.1551506504301927,34.322634559599045,,,0.0,-1,-1,0,32,prompt
14,1959,4,34.09676394160566,19.73822832107544,1.8636658191680926,1.3401970733004647,39.82086177902889,,,0.0,-1,-1,0,32,prompt
14,2075,1,-22.09871359300115,47.91491317749024,64.34400939941406,0.1094942282100912,3.2533681904093874,,,0.0,-1,-1,0,32,prompt
14,2131,1,-56.53942476348502,-15.297300338745115,-35.05189895629883,0.0507916004166072,1.5091551384636828,,,0.0,-1,-1,0,32,prompt
14,2253,1,58.63077751510714,14.410499572753906,-60.76910018920898,0.4264013371801599,12.669531256644888,,,0.0,-1,-1,0,32,prompt
14,2383,12,-36.96185506686912,41.24312814076742,40.73065312703451,5.292633214191995,157.2583763001445,0.2706705331802368,136.4794921875,433.822265625,5,13,4,32,prompt
14,2487,5,-9.275050716515626,-13.75094223022461,14.343107604980469,1.7757729340641264,52.76299282176895,,,0.0,-1,-1,0,32,prompt
14,2523,4,4.5059871308804755,-5.112956196069717,15.821630954742432,1.7338025115560023,51.515938618473605,,,0.0,-1,-1,0,32,prompt
14,2679,7,-0.5041616349552304,32.43550164358957,8.771094458443779,2.6513556710614696,78.77891230158872,,,0.0,-1,-1,0,32,prompt
14,2693,5,-53.8094910190012,45.897443008422854,43.00538711547851,1.581767741433773,46.99857644297331,,,0.0,-1,-1,0,32,prompt
14,2717,6,-27.669889008531342,-18.899925470352173,14.06871223449707,1.40898481307024,41.86473064879021,,,0.0,-1,-1,0,32,prompt
14,2745,3,-51.45738436196054,16.876911799112957,43.00538762410482,1.572251884243455,46.715834716824446,,,0.0,-1,-1,0,32,prompt
14,2759,1,-24.062350146050925,-9.533100128173828,-30.617900848388672,0.4047462910793613,12.026101559044683,,,0.0,-1,-1,0,32,prompt
14,2929,3,7.190628091296745,36.81143665313721,26.433312733968098,0.8123771566904224,24.137911590377882,,,0.0,-1,-1,0,32,prompt
14,2931,2,-18.913790891103346,25.273799896240234,-55.004899978637695,0.5961664144305598,17.713708572631873,,,0.0,-1,-1,0,32,prompt
14,2949,1,-53.53809409703496,-16.87691307067871,36.79778671264648,0.090611615586563,2.692314952577188,,,0.0,-1,-1,0,32,prompt
14,2969,1,-2.8614611830419885,-39.76743698120117,7.699662685394287,0.0841496148284118,2.500311519550269,,,0.0,-1,-1,0,32,prompt
14,3007,2,-21.969801719650942,11.902519226074219,2.230855941772461,0.9148176264891996,27.181693635349816,,,0.0,-1,-1,0,32,prompt
14,3243,2,36.74341398477186,61.18920135498047,-0.22169995307922363,0.8136282544947326,24.175085073091736,,,0.0,-1,-1,0,32,prompt
14,3247,3,-24.676067307682032,-6.096749385197957,16.081016540527344,0.609554245340263,18.111497058218852,,,0.0,-1,-1,0,32,prompt
14,3283,2,-6.940397274946193,0.581962585449217,49.018999099731445,0.1758937827955841,5.226277651274335,,,0.0,-1,-1,0,32,prompt
14,3293,1,-26.31334814588847,-56.83833694458008,15.07118797302246,0.6798526915289144,20.20025308129009,,,0.0,-1,-1,0,32,prompt
14,3321,2,-26.14833620047022,-8.909568905830383,-3.7827558517456055,0.1869766217178315,5.555578621731765,,,0.0,-1,-1,0,32,prompt
14,3335,3,44.41702891566015,-21.35710048675537,-11.077233632405601,0.7066091125627049,20.99525835694271,,,0.0,-1,-1,0,32,prompt
14,3425,2,-40.07201741006355,39.46260070800781,-27.73579978942871,0.7724706623264745,22.952182246678525,,,0.0,-1,-1,0,32,prompt
14,3445,1,29.3785369116247,18.84449958801269,-51.45769882202149,0.2078580097317105,6.17602085550504,,,0.0,-1,-1,0,32,prompt
14,3531,1,-50.31326008308331,5.625637531280518,60.852237701416016,0.4147978221376375,12.324759597413268,,,0.0,-1,-1,0,32,prompt
14,3629,1,12.93507634543554,-55.64670181274414,46.580299377441406,0.1354086692940196,4.023355975819619,,,0.0,-1,-1,0,32,prompt
14,3697,1,60.13144284833217,-43.23149871826172,31.06130027770996,0.3144516119466239,9.343203641448364,,,0.0,-1,-1,0,32,prompt
14,3739,3,-23.303118173029347,-1.3486750920613602,27.849592844645183,0.32082048715177575,9.532440063676685,,,0.0,-1,-1,0,32,prompt
14,3755,4,-12.391684664114152,40.099987506866455,35.10953068733215,1.3080518710342064,38.865741310700116,,,0.0,-1,-1,0,32,prompt
14,3767,1,21.923103819964176,-30.372900009155277,-42.14630126953125,0.2272067355845912,6.750923571782757,,,0.0,-1,-1,0,32,prompt
14,3773,2,-35.0405765260696,-36.802199363708496,-23.523500204086304,0.4549254324380416,13.517058890650782,,,0.0,-1,-1,0,32,prompt
14,3775,2,12.32722872743905,-14.632200241088865,-62.099300384521484,0.727988773867626,21.630505631143286,,,0.0,-1,-1,0,32,prompt
14,3777,6,-18.873481020790198,17.075519879659016,-10.349148114522299,1.0810514210320685,32.120947038726726,,,0.0,-1,-1,0,32,prompt
14,3797,5,-14.44379589755917,-6.972465133666992,25.25629005432129,1.8294410737919686,54.3576176844968,,,0.0,-1,-1,0,32,prompt
14,3867,3,-45.43343699596503,58.30710093180338,-26.036099116007488,1.963901100000823,58.35278692127291,,,0.0,-1,-1,0,32,prompt
14,3925,2,-26.4596444344903,10.087348937988285,50.37691116333008,0.4487635318761125,13.333972242081684,,,0.0,-1,-1,0,32,prompt
14,3945,1,-21.26855830228092,-54.5104866027832,47.27311325073242,0.1068010155269738,3.1733455936342465,,,0.0,-1,-1,0,32,prompt
14,3947,4,30.915832370913243,-29.950284481048584,3.524209618568422,1.1642662287722665,34.59348292393826,,,0.0,-1,-1,0,32,prompt
14,4027,6,-7.9303177413615655,-40.474106788635254,18.293398062388103,1.6157335345715125,48.007791565658316,,,0.0,-1,-1,0,32,prompt
14,4079,5,7.714198458879875,-0.842460298538208,4.261300468444825,2.2454169046251624,66.7173790905058,,,0.0,-1,-1,0,32,prompt
14,4107,4,-15.21740555752724,10.946437388658524,12.606981039047241,0.849871458862101,25.251968212366066,,,0.0,-1,-1,0,32,prompt
14,4119,2,-24.549268153107977,-4.849687576293945,16.8170747756958,0.40799214161123487,12.12254451356243,,,0.0,-1,-1,0,32,prompt
14,4217,1,-21.061019479600866,14.853899955749512,-21.30649948120117,0.1499001021845209,4.4539354462639285,,,0.0,-1,-1,0,32,prompt
14,4253,3,-25.729725945903862,-4.5078996022542315,-23.375699996948242,0.9530227926060526,28.31687193822242,,,0.0,-1,-1,0,32,prompt
14,4373,1,-50.47290533129873,28.15589904785156,-4.457300186157227,0.3614950704711517,10.74099139731874,,,0.0,-1,-1,0,32,prompt
14,4415,2,29.19374920139909,13.482131958007812,-6.5262932777404785,0.4477939321138924,13.305162823764373,,,0.0,-1,-1,0,32,prompt
14,4693,2,-37.634811809570316,19.010775566101074,40.871524810791016,0.2331929349191841,6.9287896640414885,,,0.0,-1,-1,0,32,prompt
14,4709,2,-29.357205689600335,11.45911884307861,-14.452068328857422,0.2020877347246642,6.0045704561121305,,,0.0,-1,-1,0,32,prompt
14,4719,3,-13.967448950561979,35.3703867594401,56.843161265055336,2.112687726666822,62.77363801330213,0.8425496220588684,48.189918518066406,124.92333984375,4,13,3,32,prompt
14,4731,2,16.758580040195056,-15.740700006484985,5.099100112915039,0.4266491677091701,12.676894968621994,,,0.0,-1,-1,0,32,prompt
14,4907,4,35.20361506810148,-18.505021333694458,33.32679748535156,1.3180616872177686,39.1631598878781,,,0.0,-1,-1,0,32,prompt
14,5001,1,53.64984577078577,-21.948299407958984,-51.01430130004883,0.2355069302067758,6.997544691447711,,,0.0,-1,-1,0,32,prompt
14,5031,8,0.756973254722582,-3.76890018582344,-21.18400001525879,2.247189765187372,66.77005554892203,,,0.0,-1,-1,0,32,prompt
14,5049,3,-7.036304351355163,13.394374211629232,21.863691329956055,0.7270098534376253,21.601419270702486,,,0.0,-1,-1,0,32,prompt
14,5057,1,-10.82775906899188,-6.013612270355225,25.54651260375977,0.0912616147000909,2.711628175514276,,,0.0,-1,-1,0,32,prompt
14,5169,1,-40.12789324693895,-36.66363906860352,34.46993637084961,0.1741427800364287,5.174250647010464,,,0.0,-1,-1,0,32,prompt
14,5189,3,-47.00860344502394,22.724249482154846,18.759892781575527,0.8605940975471231,25.570566664406563,,,0.0,-1,-1,0,32,prompt
14,5363,2,-22.0655888685802,53.4296989440918,-24.608699083328247,0.8226942779140378,24.44446102731354,,,0.0,-1,-1,0,32,prompt
14,5381,1,-21.907139295142635,-33.1718635559082,9.251562118530272,0.1054791778839684,3.1340702399380853,,,0.0,-1,-1,0,32,prompt
14,5395,2,-0.6066519432186297,-7.967344284057617,37.92014408111572,1.010679676883626,30.030013136011004,,,0.0,-1,-1,0,32,prompt
14,5405,2,-20.039289891022122,25.02438735961914,3.431937456130981,0.4699119534733251,13.962348762255164,,,0.0,-1,-1,0,32,prompt
14,5457,3,-36.917280047670204,8.73867479960124,7.5455671946207685,0.5403053613704123,16.053926353244478,,,0.0,-1,-1,0,32,prompt
14,5467,6,4.297989786201275,9.579286893208822,17.612971146901447,1.2445704780917313,36.9795382855904,,,0.0,-1,-1,0,32,prompt
14,5533,1,-42.96957866517359,-4.46171236038208,4.59586238861084,0.5169316568158824,15.359430687739373,,,0.0,-1,-1,0,32,prompt
14,5693,2,-38.08980076698428,-15.643706321716309,1.842881441116333,0.40198587234868277,11.944082089731946,,,0.0,-1,-1,0,32,prompt
14,5739,8,-17.01302573564656,21.030323266983032,30.413520455360413,1.7397465873829052,51.692553107956314,,,0.0,-1,-1,0,32,prompt
14,5887,1,-42.73011079285044,52.0994987487793,-22.193300247192383,0.5226810921289997,15.530261883741982,,,0.0,-1,-1,0,32,prompt
14,5959,1,-25.802483351599097,17.652862548828125,31.36613655090332,0.2036337557775359,6.0505069022366245,,,0.0,-1,-1,0,32,prompt
14,5981,3,-21.033614821713048,-12.221213022867838,-10.732503890991211,0.7831610905106186,23.26982363805321,,,0.0,-1,-1,0,32,prompt
14,5983,5,12.453569878711747,-4.567019939422607,-20.331019783020018,1.2671104735567091,37.64926221037143,,,0.0,-1,-1,0,32,prompt
14,6029,1,31.038847493065155,22.835100173950195,-15.985699653625488,0.349195063049623,10.375525075110234,,,0.0,-1,-1,0,32,prompt
14,6083,2,-11.358759410527753,22.876669406890873,46.871280670166016,0.518572476807774,15.408183865464554,,,0.0,-1,-1,0,32,prompt
14,6105,2,1.5964524821542874,5.099100112915039,-38.59910011291504,0.6162559937874186,18.310624040293803,,,0.0,-1,-1,0,32,prompt
15,35,4,13.903725553566408,-20.16084384918213,12.399137258529661,1.103975988439184,32.80209763086662,,,0.0,-1,-1,0,32,prompt
15,119,1,-7.746605778434107,45.00510025024414,-5.344099998474121,0.485302798501497,14.41965218780285,,,0.0,-1,-1,0,32,prompt
15,161,2,-56.09241806848182,-32.58990001678467,-39.04249954223633,0.220001415342039,6.536834116456825,,,0.0,-1,-1,0,32,prompt
15,355,2,-19.594898761226872,16.682924918830395,11.57941222190857,0.6488851509932573,19.280124112294487,,,0.0,-1,-1,0,32,prompt
15,373,9,-22.72164559224801,4.945141103532579,25.161617067125107,2.8514175720767123,84.72328978628099,,,0.0,-1,-1,0,32,prompt
15,457,2,53.74563291971502,5.09909987449646,-22.61340045928955,0.7946846645537817,23.61222003505707,,,0.0,-1,-1,0,32,prompt
15,511,4,6.618603321133495,22.0452938079834,31.18600606918335,0.5381183920349223,15.988945608726768,,,0.0,-1,-1,0,32,prompt
15,527,1,-6.7408407146769065,-36.66363906860352,34.46993637084961,0.0988879784898978,2.938227967739316,,,0.0,-1,-1,0,32,prompt
15,673,1,-8.59272559397588,-52.570613861083984,22.830686569213867,0.0854137383375117,2.537872031008127,,,0.0,-1,-1,0,32,prompt
15,747,3,-26.186578540936182,11.140425046284994,38.17417526245117,0.5893087776711808,17.509949729274958,,,0.0,-1,-1,0,32,prompt
15,771,2,-28.92616351941868,0.9006567001342773,2.203144073486328,0.2379549335041966,7.070281457467603,,,0.0,-1,-1,0,32,prompt
15,779,2,-6.3139695669202105,0.44339942932128906,-8.202899932861328,0.3968073476910351,11.790214185735076,,,0.0,-1,-1,0,32,prompt
15,781,2,58.59086620305329,-30.372900009155277,-53.009599685668945,1.0789266953927723,32.057815721932826,,,0.0,-1,-1,0,32,prompt
15,931,7,-8.923419322422125,42.96625246320452,-0.2581376348223005,2.526605966478885,75.07226285269527,0.2652789056301117,129.10995483398438,129.10995483398438,6,15,1,32,prompt
15,937,3,-0.975106427442722,-21.892874399820965,43.07004992167155,0.4681908637389409,13.911210554459029,,,0.0,-1,-1,0,32,prompt
15,1083,1,45.0609314167957,-19.287900924682617,-31.06130027770996,0.4745266537732801,14.099463927223857,,,0.0,-1,-1,0,32,prompt
15,1105,2,-7.697516529191613,7.080544471740723,22.87666893005371,0.5588278355683548,16.604278909249892,,,0.0,-1,-1,0,32,prompt
15,1217,4,-51.422794558180534,-2.5010530948638916,36.876203536987305,1.9937833269094958,59.240668301620516,,,0.0,-1,-1,0,32,prompt
15,1229,1,-22.785188160327493,25.495500564575195,-13.325300216674805,0.4783206596479411,14.212194052168568,,,0.0,-1,-1,0,32,prompt
15,1291,1,-38.21215026835381,-22.696537017822266,60.464263916015625,0.087721362130086,2.606437744150447,,,0.0,-1,-1,0,32,prompt
15,1341,3,-8.437604737515722,-34.80690066019694,-24.542566617329914,0.8820809616490731,26.208999222210473,,,0.0,-1,-1,0,32,prompt
15,1413,1,-61.75982438012954,25.495500564575195,-5.344099998474121,0.1630990660097401,4.846112182492794,,,0.0,-1,-1,0,32,prompt
15,1491,1,29.09117546483693,12.193499565124512,-47.02370071411133,0.3146886414692561,9.350246426458364,,,0.0,-1,-1,0,32,prompt
15,1505,4,8.319423052016745,-4.815047264099119,29.740233898162842,0.9794857469711586,29.103157529372478,0.31022489070892334,78.95259094238281,78.95259094238281,1,9,1,32,prompt
15,1559,2,-0.04789357446463072,29.001132011413574,-18.165544509887695,0.3636352384519422,10.80458154763677,,,0.0,-1,-1,0,32,prompt
15,1573,3,-22.20434664195953,-32.47905031840006,-3.2992585500081355,0.5080077687415774,15.094277957131407,,,0.0,-1,-1,0,32,prompt
15,1721,2,-36.90044366777934,-9.574668884277344,-24.6225563287735,0.6105703080465522,18.14168701564528,,,0.0,-1,-1,0,32,prompt
15,1753,3,28.623829330358394,5.4408877690633135,23.384937286376953,1.2896922066182666,38.32022627147082,,,0.0,-1,-1,0,32,prompt
15,1765,1,-52.50039998363468,-42.09528732299805,46.497161865234375,0.1078795456942338,3.2053916274382224,,,0.0,-1,-1,0,32,prompt
15,1835,4,-57.69685281304689,47.72092533111572,41.74446964263916,0.9644472617292207,28.656323661342594,,,0.0,-1,-1,0,32,prompt
15,1853,4,24.01117538559595,8.54237812757492,4.812841296195986,1.189669443188406,35.34828078923798,,,0.0,-1,-1,0,32,prompt
15,1869,3,-6.9139096610566675,-32.53447469075521,44.25244998931885,0.9633374414084495,28.62334791286991,,,0.0,-1,-1,0,32,prompt
15,1873,3,-42.48889921038867,27.176724592844646,-16.3056583404541,1.7644174032650066,52.4255894417827,,,0.0,-1,-1,0,32,prompt
15,1949,2,8.016807025622475,36.89919328689575,4.780406951904297,0.4553823092305647,13.530633929701049,,,0.0,-1,-1,0,32,prompt
15,1961,2,-9.913969914178121,13.260430335998535,9.376268863677979,0.6493961917336148,19.29530850800065,,,0.0,-1,-1,0,32,prompt
15,1971,7,-21.499714954951802,24.129669325692312,24.748069763183594,1.2497641012052194,37.13385480534318,,,0.0,-1,-1,0,32,prompt
15,2029,1,-63.73942545800086,18.84449958801269,-45.250099182128906,0.3084213074943218,9.164027067447035,,,0.0,-1,-1,0,32,prompt
15,2085,2,-54.06492341614588,-42.66339302062988,-13.620694160461426,0.30551315855655287,9.07761813611089,,,0.0,-1,-1,0,32,prompt
15,2133,5,9.181888516378638,-22.60785827636719,46.4084831237793,1.3779186239591026,40.94167056513456,,,0.0,-1,-1,0,32,prompt
15,2195,3,29.537385043321553,-25.347700119018555,19.073965708414708,0.7692958665091785,22.857850518952958,,,0.0,-1,-1,0,32,prompt
15,2325,1,-37.11059805566735,-61.85430145263672,-63.87289810180664,0.3860254364034218,11.46985458515748,,,0.0,-1,-1,0,32,prompt
15,2427,3,-29.167420290809428,11.787049929300943,4.127691904703776,1.5999737768782043,47.539526752013614,,,0.0,-1,-1,0,32,prompt
15,2447,2,-23.199070130909742,36.137099742889404,-14.63219928741455,1.220088041526812,36.25209920824292,,,0.0,-1,-1,0,32,prompt
15,2583,6,2.4838739505582352,0.14318148295084634,-2.58964761098226,1.9993671912098971,59.40657993725149,,,0.0,-1,-1,0,32,prompt
15,2589,5,-11.62869994512219,11.966257572174072,-8.6232479095459,1.9718606652029398,58.58928702416755,,,0.0,-1,-1,0,32,prompt
15,2603,5,13.924398614460054,-37.1957181930542,12.126107025146485,1.2242246023423182,36.375007562362185,,,0.0,-1,-1,0,32,prompt
15,2641,1,-37.094633530845805,-21.948299407958984,-4.457300186157227,0.609814443641623,18.119228249996542,,,0.0,-1,-1,0,32,prompt
15,2777,4,20.63926735443395,21.39405059814453,-8.657950401306152,1.721222669323747,51.142157650948455,,,0.0,-1,-1,0,32,prompt
15,2787,5,-21.064780340737208,-22.00926818847656,-2.6040924072265623,0.9852325118132813,29.27390937849508,,,0.0,-1,-1,0,32,prompt
15,2795,2,-10.201331360965895,-6.872699975967408,-5.344099998474121,0.5352202040809334,15.902832645025669,,,0.0,-1,-1,0,32,prompt
15,2815,5,13.524239267838302,-7.7539575576782225,3.7201473712921143,1.8734786433088746,55.66609238851812,,,0.0,-1,-1,0,32,prompt
15,3065,2,-55.99663091955257,13.20500659942627,-8.826430320739746,0.2508567174565393,7.45362817990441,,,0.0,-1,-1,0,32,prompt
15,3069,1,-16.6069170543904,-54.7598991394043,-21.749900817871094,0.3976970354324515,11.8166492028555,,,0.0,-1,-1,0,32,prompt
15,3105,2,-15.001286635047478,10.198200464248657,-4.212299346923826,0.8419209476560289,25.01573712805997,,,0.0,-1,-1,0,32,prompt
15,3117,1,-41.91592002695175,-59.19390106201172,-42.58969879150391,0.1395693068318128,4.146979714153182,,,0.0,-1,-1,0,32,prompt
15,3179,1,-26.792283890534755,21.92058753967285,23.21866226196289,0.0892208269910513,2.6509908805216265,,,0.0,-1,-1,0,32,prompt
15,3253,1,-16.41534275653189,45.89189910888672,-6.674300193786621,0.621704441039234,18.47251207097765,,,0.0,-1,-1,0,32,prompt
15,3267,1,-33.35893472260478,-15.297300338745115,-35.05189895629883,0.0824576235787324,2.450037906044396,,,0.0,-1,-1,0,32,prompt
15,3395,4,27.663658275912816,-3.990600109100342,-7.637000322341919,2.278923693950778,67.71295597466397,,,0.0,-1,-1,0,32,prompt
15,3427,2,-30.512018173954246,-12.221212387084961,48.631025314331055,0.1218104243854473,3.6193155240611956,,,0.0,-1,-1,0,32,prompt
15,3501,3,-11.460221437061174,-20.470300038655598,-33.869500160217285,1.22839627346622,36.49895913823256,,,0.0,-1,-1,0,32,prompt
15,3633,7,-4.001951241178297,-48.90464455740793,-34.0753059387207,1.8678504051455205,55.49886228600012,,,0.0,-1,-1,0,32,prompt
15,3665,2,-51.60638659362828,13.523699760437012,-30.617900848388672,0.826041869752244,24.54392698984809,,,0.0,-1,-1,0,32,prompt
15,3683,1,-38.05250502013838,12.609187126159668,31.754112243652344,0.0896845857331708,2.664770400815069,,,0.0,-1,-1,0,32,prompt
15,3701,8,-11.586518916232475,-14.403571844100952,2.2239288687705994,2.4443614273247602,72.62855625835765,,,0.0,-1,-1,0,32,prompt
15,3719,3,-49.56292741647079,-36.58050028483073,-16.13349978129069,0.6434576292329581,19.11885783427816,,,0.0,-1,-1,0,32,prompt
15,3721,1,3.3563614525098178,-56.976898193359375,7.561100006103516,0.1548973698487908,4.602417717189683,,,0.0,-1,-1,0,32,prompt
15,3737,2,-3.328603425291689,-16.405799865722656,-54.339799880981445,0.3890064249761054,11.558427778072584,,,0.0,-1,-1,0,32,prompt
15,3797,1,63.57978020978543,46.33530044555664,44.36330032348633,0.0949224655608816,2.820401906650833,,,0.0,-1,-1,0,32,prompt
15,3891,3,-12.871218246149368,-14.549063046773275,26.193137486775715,0.897580295134717,26.669526131793212,,,0.0,-1,-1,0,32,prompt
15,3899,2,23.59139666381541,9.97650051116943,-17.51430058479309,0.8235665632421456,24.47037897190129,,,0.0,-1,-1,0,32,prompt
15,3931,1,-33.44949074111813,-57.86370086669922,-52.34450149536133,0.4201679961253126,12.484321918770917,,,0.0,-1,-1,0,32,prompt
15,3937,5,-35.2119200547017,-31.631047821044923,-3.5813379287719727,1.1709114482138667,34.7909302771276,,,0.0,-1,-1,0,32,prompt
15,4001,1,9.343058260588396,-34.80690002441406,16.429100036621094,0.1692616455553738,5.029219005495038,,,0.0,-1,-1,0,32,prompt
15,4085,1,29.186962613766184,14.853899955749512,25.74049949645996,0.3215004661114307,9.552644068523804,,,0.0,-1,-1,0,32,prompt
15,4101,4,-17.72722924832592,-38.63815355300903,21.190927505493164,1.3204444331481122,39.23395768190184,,,0.0,-1,-1,0,32,prompt
15,4153,2,29.4344127485001,25.052099227905277,49.018999099731445,0.834034547155176,24.781410945340333,,,0.0,-1,-1,0,32,prompt
15,4197,1,-60.94563361423086,58.7504997253418,-42.14630126953125,0.4097144250068481,12.173718188246056,,,0.0,-1,-1,0,32,prompt
15,4221,7,-2.1485076915741463,30.111610957554408,11.824689592633927,2.2518296107724,66.90791784798108,,,0.0,-1,-1,0,32,prompt
15,4235,2,-30.7754328335097,-3.8797500133514404,30.39620018005371,0.99214471047644,29.479289402849993,,,0.0,-1,-1,0,32,prompt
15,4309,3,24.263770343938557,-31.850900014241535,9.319167137145998,0.7084818813796916,21.05090335848092,,,0.0,-1,-1,0,32,prompt
15,4355,2,47.471574664848674,2.8821001052856445,-13.523699760437012,0.4863826775283593,14.451738299855656,,,0.0,-1,-1,0,32,prompt
15,4357,3,57.17800575634674,15.592899958292643,-44.80670166015625,1.3369229144333654,39.723577707688364,,,0.0,-1,-1,0,32,prompt
15,4631,2,-4.557871836550489,8.383031845092773,45.81820487976074,0.4358651342831187,12.950726137494485,,,0.0,-1,-1,0,32,prompt
15,4665,4,34.01295018629256,-36.919978618621826,4.995177268981934,1.3024985375047182,38.700736826437215,,,0.0,-1,-1,0,32,prompt
15,4677,4,23.041330502687224,-17.410378456115723,-13.126591205596924,2.012821465956244,59.806342648038445,,,0.0,-1,-1,0,32,prompt
15,4893,1,-2.446383537681874,-13.080300331115724,-64.31629943847656,0.2948218738439663,8.759951294971094,,,0.0,-1,-1,0,32,prompt
15,4967,3,-2.8535988481109307,50.12267557779948,-8.675483703613281,1.033734464892348,30.71503293267363,,,0.0,-1,-1,0,32,prompt
15,5015,4,-47.38246199572622,22.50254988670349,20.017869114875793,0.5256268353991929,15.617787843868122,,,0.0,-1,-1,0,32,prompt
15,5055,4,-47.28000036699016,-14.015597343444826,22.88139057159424,0.636397760217452,18.909090126345333,,,0.0,-1,-1,0,32,prompt
15,5169,3,13.466430056301725,-21.477187792460125,-9.328404108683268,0.8290127076946672,24.63219858022083,,,0.0,-1,-1,0,32,prompt
15,5181,1,-61.34474673476943,-40.15541076660156,7.699662685394287,0.3072191714375257,9.128308370017429,,,0.0,-1,-1,0,32,prompt
15,5375,2,-24.59977729278056,6.207600593566895,-37.268900871276855,0.6246048302004894,18.558690438470514,,,0.0,-1,-1,0,32,prompt
15,5401,1,-63.14873803960377,29.292112350463867,37.18576431274414,0.3124154133392166,9.282702701015374,,,0.0,-1,-1,0,32,prompt
15,5419,3,-26.857885699959564,22.336275418599445,9.670192082722982,0.7846487683992166,23.314026551754317,,,0.0,-1,-1,0,32,prompt
15,5479,7,-16.990471333087456,4.683412143162319,21.312979493822372,2.6541963800445694,78.86331741037759,,,0.0,-1,-1,0,32,prompt
15,5537,2,48.73277212575056,-34.5851993560791,8.669600248336792,0.3384833727941981,10.057251930377426,,,0.0,-1,-1,0,32,prompt
15,5553,1,-11.067226941315024,57.22631072998047,42.22943878173828,0.772380645144571,22.94950759395041,,,0.0,-1,-1,0,32,prompt
15,5723,2,7.607096077465176,-25.73105621337891,28.613154649734497,0.37032346276979367,11.003306691434034,,,0.0,-1,-1,0,32,prompt
15,5731,2,-11.741908006244785,26.396156787872314,-13.288143157958984,0.3799573323894781,11.2895548844538,,,0.0,-1,-1,0,32,prompt
15,5759,1,-23.80691774890624,37.02389907836914,-25.74049949645996,0.5420555065633238,16.105927876907355,,,0.0,-1,-1,0,32,prompt
15,5947,2,-48.47733972860588,-7.9534876346588135,43.97532653808594,0.6795592127524777,20.191533037033622,,,0.0,-1,-1,0,32,prompt
15,6053,5,-9.850730149913456,-18.445440101623536,22.305914688110352,1.01923324011205,30.28416251883159,,,0.0,-1,-1,0,32,prompt
15,6073,1,4.777204161627133,-35.69369888305664,55.44829940795898,0.082590765384029,2.4539939073902786,,,0.0,-1,-1,0,32,prompt
15,6077,3,-23.52408069387374,-5.560975233713786,-4.00130780537923,1.0372054178840102,30.81816428706624,,,0.0,-1,-1,0,32,prompt
15,6107,1,-19.36877984851732,61.88201141357422,37.96171188354492,0.2907381407457865,8.638612594503266,,,0.0,-1,-1,0,32,prompt
15,6113,4,-6.265478155066644,41.94979703426361,-28.908859729766846,2.3811812162568393,70.75130215728,,,0.0,-1,-1,0,32,prompt
15,6179,2,-51.07157501210659,11.736244201660156,0.9837937355041513,0.5117512322495347,15.205506332342004,,,0.0,-1,-1,0,32,prompt
16,41,3,-52.02146423898839,18.992300669352215,-20.86309957504272,0.9589291038407766,28.492364340039607,,,0.0,-1,-1,0,32,prompt
16,161,4,-10.957560778776706,9.810224533081055,10.004212617874146,0.8337997266327348,24.774433795670863,,,0.0,-1,-1,0,32,prompt
16,165,2,11.776452621095817,0.9560813903808594,-27.310668945312496,0.6601652967691223,19.61528760036406,,,0.0,-1,-1,0,32,prompt
16,389,7,-40.76423232676528,-4.473588739122666,21.885764632906234,1.764040333108625,52.41438567266741,,,0.0,-1,-1,0,32,prompt
16,431,3,-6.806682379061139,-30.2158629099528,13.263579686482748,1.386365128991704,41.1926389608428,,,0.0,-1,-1,0,32,prompt
16,487,1,-16.734633252962745,-23.860462188720703,25.158536911010746,0.1272459238003697,3.780818839665801,,,0.0,-1,-1,0,32,prompt
16,491,5,-4.426128528528844,41.81262054443359,-41.3481803894043,1.7862982407924755,53.075728010317974,,,0.0,-1,-1,0,32,prompt
16,549,5,29.400354749748942,2.5273796081542983,40.62942047119141,2.0823697116342514,61.87280819500282,,,0.0,-1,-1,0,32,prompt
16,561,2,-20.381331499907425,-6.304593086242676,0.9006557464599574,0.44438662247555016,13.203922484675557,,,0.0,-1,-1,0,32,prompt
16,667,5,-8.29378266638971,6.950294876098633,6.777594375610351,1.0243928678887866,30.4374689456414,,,0.0,-1,-1,0,32,prompt
16,733,9,-9.561635582675976,42.30159219106039,-3.878141403198244,1.8873915893187496,56.079483456918204,,,0.0,-1,-1,0,32,prompt
16,765,2,48.05427982083499,-28.377599239349365,-10.863299369812012,0.45217679703405367,13.435389535685248,,,0.0,-1,-1,0,32,prompt
16,901,1,25.690731677848294,38.79750061035156,57.66529846191406,0.2630991979163276,7.817385221263352,,,0.0,-1,-1,0,32,prompt
16,913,2,-17.117781848679773,-5.50093138217926,8.050481796264648,0.5256349950804754,15.61803028995832,,,0.0,-1,-1,0,32,prompt
16,1023,6,0.296215564267861,-34.57596302032471,-25.91895341873169,1.8851260773565206,56.01216899958657,,,0.0,-1,-1,0,32,prompt
16,1033,3,-35.33147058206361,-36.58050028483073,-36.08649889628092,0.6476324824117805,19.24290395756376,,,0.0,-1,-1,0,32,prompt
16,1081,2,24.676984351680325,60.52410125732422,-5.565799951553345,0.3726339953205371,11.071958831609596,,,0.0,-1,-1,0,32,prompt
16,1095,1,-15.553258416168571,-12.997162818908691,34.08196258544922,0.5822600671400574,17.300513569942794,,,0.0,-1,-1,0,32,prompt
16,1163,1,39.50527677889878,-10.419899940490724,-21.30649948120117,0.2501847969182674,7.433663612443352,,,0.0,-1,-1,0,32,prompt
16,1173,1,32.0605770816439,53.87310028076172,-25.74049949645996,0.2425039146530922,7.205443929595288,,,0.0,-1,-1,0,32,prompt
16,1231,3,-17.490287427849104,-41.13458760579427,-15.092604319254557,0.9203381256824057,27.345722523118198,,,0.0,-1,-1,0,32,prompt
16,1263,3,-30.26897250349589,19.07543706893921,48.04906209309896,0.36341979962052623,10.798180280167562,,,0.0,-1,-1,0,32,prompt
16,1333,4,-40.85297134371518,-12.505265235900879,4.092316150665283,0.7084561182892745,21.050137867731134,,,0.0,-1,-1,0,32,prompt
16,1435,2,35.649844034496184,5.9858999252319345,-20.641399383544922,0.6933303613681248,20.60071092324678,,,0.0,-1,-1,0,32,prompt
16,1455,3,0.4146043485500819,47.526938120524086,39.95701344807943,1.4635946275305642,43.48733520205015,,,0.0,-1,-1,0,32,prompt
16,1461,5,-6.442376057001882,35.46091537475586,17.618725109100343,1.9484255040061704,57.89296531642972,,,0.0,-1,-1,0,32,prompt
16,1513,4,16.77126337902626,26.82569980621338,-41.3703498840332,0.9582427893169069,28.471972088529427,,,0.0,-1,-1,0,32,prompt
16,1523,6,24.879674962896562,35.10249956448873,8.720200061798096,2.2203684406868005,65.9731218166035,,,0.0,-1,-1,0,32,prompt
16,1595,3,-21.26418338762713,-29.3382994333903,-34.592966079711914,0.6316871481716725,18.769125165291015,,,0.0,-1,-1,0,32,prompt
16,1603,2,-37.7784925329642,-42.48326301574707,43.78133678436279,0.3938794656890155,11.70321893195452,,,0.0,-1,-1,0,32,prompt
16,1713,3,-6.76132963125372,-17.32031265894572,7.905829111735026,1.193782795875776,35.47049956741273,,,0.0,-1,-1,0,32,prompt
16,1735,6,8.247346041914785,49.295918782552086,20.952327251434326,2.015698818291228,59.891836529426214,,,0.0,-1,-1,0,32,prompt
16,1751,1,-48.73277212575056,42.34469985961914,-37.26890182495117,0.3135577778039852,9.316645423588852,,,0.0,-1,-1,0,32,prompt
16,1761,7,-10.982945819383767,7.5100876944405695,1.2437340872628349,2.163087699595273,64.27115684514685,,,0.0,-1,-1,0,32,prompt
16,1851,2,-6.816852098798805,4.877399444580078,6.207599639892578,0.4374855690369553,12.998873614936404,,,0.0,-1,-1,0,32,prompt
16,1865,1,62.60594419567132,33.47669982910156,-41.259498596191406,0.2046057161643042,6.079386461062161,,,0.0,-1,-1,0,32,prompt
16,1881,3,-9.052358870624841,19.555787404378254,54.62616221110026,0.6804765663886392,20.21879008234123,,,0.0,-1,-1,0,32,prompt
16,1935,4,-14.842239224220982,8.902640342712402,3.0530964732170105,0.6812404200426249,20.24148623008006,,,0.0,-1,-1,0,32,prompt
16,2009,1,-52.34075473541925,22.696537017822266,2.655987501144409,0.0905936267656057,2.691780456295127,,,0.0,-1,-1,0,32,prompt
16,2055,1,-30.40026650020344,-51.01871109008789,24.77056312561035,0.3668906798533565,10.90130947269946,0.7960228323936462,36.2558708190918,36.2558708190918,6,14,1,32,prompt
16,2103,6,-7.791440040502525,2.489506244659424,6.98040231068929,2.026940191630482,60.2258479840599,,,0.0,-1,-1,0,32,prompt
16,2153,3,-0.7224547119146697,-7.020499865214032,3.850567499796547,1.1021405663470345,32.74756230103063,,,0.0,-1,-1,0,32,prompt
16,2233,1,59.413039231362745,18.401100158691406,-34.60850143432617,0.349629766681938,10.388441289898427,,,0.0,-1,-1,0,32,prompt
16,2355,1,38.62722791371392,-60.52410125732422,56.33509826660156,0.2445453924007394,7.266101727491998,,,0.0,-1,-1,0,32,prompt
16,2379,2,7.662971914340577,15.740700721740723,-34.16510009765625,0.6832074039662241,20.299930615986923,,,0.0,-1,-1,0,32,prompt
16,2559,1,-16.974101125285888,-28.904136657714844,42.22943878173828,0.1937283541559502,5.756190762694883,,,0.0,-1,-1,0,32,prompt
16,2563,2,-6.787538614363667,-45.89189910888672,-41.03779983520508,0.7857170307286802,23.345767500464603,,,0.0,-1,-1,0,32,prompt
16,2601,1,-16.207803933851828,31.23198699951172,54.64463806152344,0.5974786096700554,17.752697424570165,,,0.0,-1,-1,0,32,prompt
16,2625,2,16.310377670413995,15.962399899959564,-25.71720051765442,0.9445215745218556,28.0642778705078,,,0.0,-1,-1,0,32,prompt
16,2633,1,-43.36869178571216,8.202899932861328,-59.882301330566406,0.1314272936931192,3.905058592059921,,,0.0,-1,-1,0,32,prompt
16,2643,2,-51.30306062201896,-51.65610122680664,-43.91990089416504,0.3826746089546651,11.37029248392582,,,0.0,-1,-1,0,32,prompt
16,2779,3,59.76425877743668,2.8821001052856445,56.926300048828125,1.0275402814126786,30.53098707173885,,,0.0,-1,-1,0,32,prompt
16,2801,2,-8.50110946747158,21.546469688415527,-1.5657558441162145,0.5155889829351599,15.319536233346266,,,0.0,-1,-1,0,32,prompt
16,2811,2,-13.37410077802797,31.23198699951172,14.101249694824219,0.4686814680463155,13.925787728742836,,,0.0,-1,-1,0,32,prompt
16,2865,5,-18.647751282755614,-21.6102073431015,18.021562576293945,1.0525400098320283,31.27379628221457,,,0.0,-1,-1,0,32,prompt
16,3083,1,10.221107125773251,59.19390106201172,-23.523500442504883,0.1749503061762851,5.198244421835673,,,0.0,-1,-1,0,32,prompt
16,3089,5,43.35063480872425,-10.77462043762207,16.41046028137207,1.8359889555348143,54.55217287270142,,,0.0,-1,-1,0,32,prompt
16,3127,2,-2.841685418234629,6.207599639892578,-19.754599571228027,0.36259155254734476,10.773570830649199,,,0.0,-1,-1,0,32,prompt
16,3173,3,-47.28532187526401,50.52912521362305,6.954366048177081,1.5376438043162781,45.68753552510644,,,0.0,-1,-1,0,32,prompt
16,3181,4,36.52259398587167,-17.625150203704834,10.087349891662598,1.2908994760664467,38.3560974957734,,,0.0,-1,-1,0,32,prompt
16,3185,3,-30.96076857909608,-16.05477492014567,3.9983666737874373,1.5452688674204285,45.914096670460225,,,0.0,-1,-1,0,32,prompt
16,3255,5,37.6785110961179,-3.4197227478027346,21.76829261779785,2.0430935069766196,60.70580645471042,,,0.0,-1,-1,0,32,prompt
16,3271,1,-17.53285949403989,-2.5218374729156494,37.57373809814453,0.0879550681345909,2.613381778492652,,,0.0,-1,-1,0,32,prompt
16,3365,2,-17.8749011029252,26.16059970855713,-39.485899925231934,0.7779861507283838,23.116062250352456,,,0.0,-1,-1,0,32,prompt
16,3413,5,-10.707140549495847,40.48242073059082,-16.84453935623169,1.9594799678061285,58.22142318564095,,,0.0,-1,-1,0,32,prompt
16,3467,2,-28.902216732186364,-7.565513610839844,32.33607482910156,0.4063188470472311,12.0728264289044,,,0.0,-1,-1,0,32,prompt
16,3607,6,-27.629105841408176,-12.013368288675943,29.443060636520386,1.881491980080004,55.904190189437905,,,0.0,-1,-1,0,32,prompt
16,3637,2,-54.07290567855665,-35.09788131713867,6.221456050872803,0.2752672621359362,8.178931155857967,,,0.0,-1,-1,0,32,prompt
16,3639,3,22.725854452796593,-0.07390069961547852,4.8851668039957685,1.5368187249355916,45.66302019625698,,,0.0,-1,-1,0,32,prompt
16,3649,1,-53.2507326502472,-42.09528732299805,42.22943878173828,0.0790767673184119,2.349583568007795,,,0.0,-1,-1,0,32,prompt
16,3659,9,-8.326118769271115,-26.8534132109748,-18.398648473951553,2.7251413792709434,80.97128426419968,,,0.0,-1,-1,0,32,prompt
16,3669,7,-34.94824237755241,11.144383839198522,11.62026241847447,1.4961060832275181,44.45333804546419,,,0.0,-1,-1,0,32,prompt
16,3683,4,-40.39000012389044,-8.521593689918518,3.6857614517211914,0.6610302799627064,19.64098857888364,0.5569188594818115,69.4531021118164,69.4531021118164,7,8,1,32,prompt
16,3761,3,-28.158077428917014,-28.386837005615234,28.133013089497883,1.1872106308975996,35.2752228589355,,,0.0,-1,-1,0,32,prompt
16,3823,3,-24.109446603996975,-29.975687980651855,5.079153696695964,0.6908516634477488,20.52706213737369,,,0.0,-1,-1,0,32,prompt
16,3857,3,-13.131175035049326,-29.73551305135091,-9.77474594116211,0.6183155936947669,18.371820296325495,,,0.0,-1,-1,0,32,prompt
16,3885,2,-20.62878163464134,-16.627500534057617,-35.93869972229004,0.4725765373836491,14.04152072114501,,,0.0,-1,-1,0,32,prompt
16,3927,3,-24.876540911949608,-15.32501220703125,19.856212615966797,1.0923958872696502,32.458021660812776,,,0.0,-1,-1,0,32,prompt
16,3977,1,-28.532417096082927,27.352237701416016,56.584510803222656,0.1589258728537902,4.722115382954184,,,0.0,-1,-1,0,32,prompt
16,4001,3,-25.673970036508177,1.108499526977538,35.883274714152016,0.9517477391691458,28.278986669194854,,,0.0,-1,-1,0,32,prompt
16,4011,9,-1.3280998096079455,-13.927070564693874,-31.816676245795357,3.1196816882634515,92.69413862915899,,,0.0,-1,-1,0,32,prompt
16,4115,3,37.263178085470294,-15.740700125694275,-16.561367034912113,0.7080724603374695,21.038738357484757,,,0.0,-1,-1,0,32,prompt
16,4159,2,-45.0050555799203,-8.424600601196289,-33.94339942932129,0.7644300563449948,22.713274204132496,,,0.0,-1,-1,0,32,prompt
16,4177,2,63.044968628263746,-28.820999145507812,-21.528200149536133,0.3464378957563993,10.293602214754529,0.48764750361442566,121.35797119140625,194.78793334960938,0,14,2,32,prompt
16,4255,1,-17.80425641600612,-47.52693939208984,47.66108703613281,0.1186844715351464,3.526435052330985,,,0.0,-1,-1,0,32,prompt
16,4535,1,52.13321591273919,37.91070175170898,-5.344099998474121,0.3153929782390108,9.371174167395164,,,0.0,-1,-1,0,32,prompt
16,4553,5,40.08748593520089,12.814259719848632,-28.223540115356446,1.8229463957124499,54.164643320311015,,,0.0,-1,-1,0,32,prompt
16,4561,3,-41.8201328780225,-44.26609992980957,-44.80670038859049,1.120407923334691,33.29033463814838,,,0.0,-1,-1,0,32,prompt
16,4571,1,-16.734633252962745,33.947811126708984,32.142086029052734,0.1247029586559309,3.705260501610183,,,0.0,-1,-1,0,32,prompt
16,4743,4,37.578338135305984,-40.342472076416016,21.23029088973999,1.804662917652653,53.62139198275503,,,0.0,-1,-1,0,32,prompt
16,4815,3,-51.06717054783104,-3.2977879842122397,32.91803709665934,0.8371247367718393,24.87322879515335,,,0.0,-1,-1,0,32,prompt
16,4863,3,-33.62326642615852,-20.239363352457683,51.928812662760414,1.4171394069860064,42.10702557962762,,,0.0,-1,-1,0,32,prompt
16,4891,2,4.254545864941175,-14.188799619674683,-39.48589897155762,0.37997952139745783,11.290214179595818,,,0.0,-1,-1,0,32,prompt
16,4899,7,-32.55618592208917,6.567862374441964,30.9727657863072,1.3443903639787118,39.94545573004131,,,0.0,-1,-1,0,32,prompt
16,4989,2,2.035476914746715,-9.574669003486633,0.12470626831054688,0.29808685365346077,8.856962631807564,,,0.0,-1,-1,0,32,prompt
16,5105,4,10.90507823571776,-10.627742767333986,50.70946168899536,1.0226167880986405,30.384696835299625,,,0.0,-1,-1,0,32,prompt
16,5125,2,-29.780265597371226,-19.204762697219852,42.42342472076416,0.35434050181186993,10.52840990811416,,,0.0,-1,-1,0,32,prompt
16,5145,4,9.714413353908837,-21.428690910339355,-23.14465880393982,0.9469432328421916,28.136231856359043,,,0.0,-1,-1,0,32,prompt
16,5157,5,-21.298340673042876,11.373210334777832,-1.2386248588562014,0.9979154010601792,29.65075215014484,,,0.0,-1,-1,0,32,prompt
16,5237,4,-43.80241730449522,15.422006607055664,50.57089900970459,1.8473217698813833,54.888901285748,,,0.0,-1,-1,0,32,prompt
16,5251,2,-20.53419016048995,33.947811126708984,56.97248840332031,1.245730680675944,37.01401102669842,,,0.0,-1,-1,0,32,prompt
16,5295,4,50.32922460790485,35.69369888305664,-55.226600646972656,1.1912576846103864,35.395471716151924,,,0.0,-1,-1,0,32,prompt
16,5307,6,-42.93503405032255,17.652862548828125,36.280487378438316,1.6419472489653737,48.786671566509405,,,0.0,-1,-1,0,32,prompt
16,5457,4,10.455388192113144,11.37598180770874,1.4133375883102421,0.4625497680641869,13.743598420675252,0.6153957843780518,57.339073181152344,57.339073181152344,2,14,1,32,prompt
16,5471,3,-36.53238774181454,14.816949844360353,21.512667338053387,1.1622662457145827,34.534058044950655,,,0.0,-1,-1,0,32,prompt
16,5495,8,-52.84962396410593,-1.0703952312469487,35.95019459724426,2.9871095172072017,88.75506264955254,,,0.0,-1,-1,0,32,prompt
16,5705,2,4.150776453601146,-42.82966995239258,6.6327314376831055,0.5935905122679971,17.637171587127856,,,0.0,-1,-1,0,32,prompt
16,5715,1,-19.59228319601892,45.97503662109375,40.67753601074219,0.0764510808533584,2.271567356897534,,,0.0,-1,-1,0,32,prompt
16,5749,1,-15.8246553381348,7.177537441253662,6.53573751449585,0.1217310922174057,3.6169583518503656,,,0.0,-1,-1,0,32,prompt
16,5809,1,6.182082345922906,-16.184099197387695,-28.40089988708496,0.3805021895955022,11.305744058361604,,,0.0,-1,-1,0,32,prompt
17,25,2,36.855165658522665,57.198598861694336,10.41990041732788,0.6902727381992841,20.509860710241234,,,0.0,-1,-1,0,32,prompt
17,123,1,43.36869178571216,2.438699960708618,6.674300193786621,0.182354101403505,5.418231103090916,,,0.0,-1,-1,0,32,prompt
17,145,6,-20.22601597741681,22.38246250152588,20.82762082417806,1.729698474056938,51.393996619612416,,,0.0,-1,-1,0,32,prompt
17,175,2,-37.73059895849957,-8.327606439590454,-2.6188306808471697,0.1463444923846787,4.348288710272341,,,0.0,-1,-1,0,32,prompt
17,357,2,-44.27068743812933,20.77051830291748,14.646055221557617,0.2288630726277207,6.8001378028596235,,,0.0,-1,-1,0,32,prompt
17,379,5,-7.958671558112968,30.90498075485229,-47.46709976196289,2.0472945363778132,60.830630344007986,,,0.0,-1,-1,0,32,prompt
17,433,1,-7.634854104683307,46.7509880065918,15.847137451171877,0.1120306519650916,3.328732166180637,,,0.0,-1,-1,0,32,prompt
17,437,12,-38.35591354995204,5.734178225199382,13.626151323318481,6.05049921159219,179.77661464786632,0.3038675785064697,105.80386352539062,105.80386352539062,5,13,1,32,prompt
17,521,2,38.683103750589325,31.25969958305359,-44.8066987991333,0.493930224913522,14.675996244588418,,,0.0,-1,-1,0,32,prompt
17,633,3,-26.871309398123895,12.590712229410807,31.83095423380534,1.5838809027226295,47.06136415179372,,,0.0,-1,-1,0,32,prompt
17,689,3,-12.590124901255502,18.77060063680013,6.233842213948567,0.7889289068805723,23.44120098472143,0.8333712816238403,44.260128021240234,44.260128021240234,7,7,1,32,prompt
17,711,7,-11.393081817204932,29.47818238394601,22.145792961120605,2.808323134006272,83.44283805568449,,,0.0,-1,-1,0,32,prompt
17,719,1,24.126208245337093,11.750100135803224,6.674300193786621,0.2386827326843927,7.091906329760531,,,0.0,-1,-1,0,32,prompt
17,855,10,-14.309215619147064,4.384117603302002,10.308167266845704,4.178135456857661,124.14364859927423,,,0.0,-1,-1,0,32,prompt
17,857,3,4.05546260148192,14.890849749247232,15.729990641276041,0.7692482992741658,22.85643716838804,,,0.0,-1,-1,0,32,prompt
17,987,7,-14.947353777295072,48.86901412691389,-19.532899856567383,2.0044379458085375,59.557245702765044,,,0.0,-1,-1,0,32,prompt
17,1007,2,53.258714912657965,22.169999599456787,12.85860013961792,0.5219314915301327,15.507989232628479,,,0.0,-1,-1,0,32,prompt
17,1065,5,-10.213196819850308,16.422427463531495,-8.811692428588866,1.4911943858669046,44.30739829854642,,,0.0,-1,-1,0,32,prompt
17,1073,3,-15.642926940305403,-22.761199633280437,58.71837488810221,0.5543368785122138,16.470840489072085,,,0.0,-1,-1,0,32,prompt
17,1133,5,-2.21082043947073,7.615394592285156,-5.327225112915039,1.3511375512453587,40.14593282172806,,,0.0,-1,-1,0,32,prompt
17,1147,3,48.14740621562732,33.92009989420573,-24.83816655476888,1.1196145632993089,33.26676177641084,,,0.0,-1,-1,0,32,prompt
17,1195,10,-5.501614388459247,32.20469646453857,-3.083518695831299,2.888192024685215,85.81595774049185,0.40289369225502014,284.7520751953125,284.7520751953125,6,14,1,32,prompt
17,1251,2,-19.47254925985735,6.207599639892578,10.803462505340576,0.42559006511643627,12.645426180340582,,,0.0,-1,-1,0,32,prompt
17,1291,1,11.083191466136569,3.325500011444092,-50.12749862670898,0.3829313094045107,11.377919745121623,,,0.0,-1,-1,0,32,prompt
17,1365,2,30.39489980300062,-9.976499557495117,24.63200092315674,0.6025735623240678,17.904082179430496,,,0.0,-1,-1,0,32,prompt
17,1449,3,32.12617889106871,29.48610003789266,17.168100039164226,0.9368143708723063,27.835276108494014,,,0.0,-1,-1,0,32,prompt
17,1475,2,-23.45450252805443,-18.622799396514893,-0.66510009765625,0.42481967088619577,12.622535694479257,,,0.0,-1,-1,0,32,prompt
17,1489,4,-19.68079802775245,-20.79130268096924,8.110628128051758,1.1259882691185277,33.45614172918321,,,0.0,-1,-1,0,32,prompt
17,1497,4,10.653636969778457,31.010287880897522,18.022568464279175,1.3394019352429976,39.79723608747021,,,0.0,-1,-1,0,32,prompt
17,1511,1,-60.4028397702984,-15.297300338745115,-35.05189895629883,0.0507916004165979,1.509155138463406,,,0.0,-1,-1,0,32,prompt
17,1517,6,-20.187893564430567,3.1730807622273765,8.427748203277588,1.694743575075426,50.355392500432515,,,0.0,-1,-1,0,32,prompt
17,1551,4,-15.788137319897396,24.477066040039062,16.798497319221497,0.7148631369814583,21.240507635610722,,,0.0,-1,-1,0,32,prompt
17,1569,5,-9.399006053951624,8.058795166015624,-6.27876968383789,1.8653532399073671,55.424664786416706,,,0.0,-1,-1,0,32,prompt
17,1645,3,1.2457062328903739,-37.356449127197266,5.032967885335286,0.9843959547044208,29.249053015452766,,,0.0,-1,-1,0,32,prompt
17,1655,1,-54.06492341614588,35.250301361083984,-51.01430130004883,0.2264720468954579,6.729093993638295,,,0.0,-1,-1,0,32,prompt
17,1671,1,-26.31334814588847,-9.533100128173828,-38.599098205566406,0.1226516198115222,3.64430970399056,,,0.0,-1,-1,0,32,prompt
17,1721,2,-7.5432379781790075,-40.127699851989746,9.754800796508789,0.47697512127906083,14.172214486123398,,,0.0,-1,-1,0,32,prompt
17,1773,9,-17.066656133239263,-40.86670027838813,-2.1447083155314126,3.47068850869086,103.12349589175508,,,0.0,-1,-1,0,32,prompt
17,1801,6,58.4019526593317,54.464300791422524,41.85069910685221,1.5338137128878992,45.57373320124752,,,0.0,-1,-1,0,32,prompt
17,1823,4,-3.8972496764493685,-13.128797054290771,9.66473388671875,0.9606597428964643,28.54378628387076,,,0.0,-1,-1,0,32,prompt
17,1825,3,-11.149830247039377,-43.70261255900065,-2.5480794906616233,0.9039948429441957,26.860119610009953,,,0.0,-1,-1,0,32,prompt
17,1877,2,-3.304656638059374,34.29421806335449,5.912206411361694,1.0709619747257793,31.821162436302345,,,0.0,-1,-1,0,32,prompt
17,1891,1,-59.7323297277936,48.30288696289063,38.34968566894531,0.0848425561051278,2.5209006697214,,,0.0,-1,-1,0,32,prompt
17,1895,2,-15.952371536707144,-10.433756828308105,-4.91896915435791,0.2330116508828221,6.923403227450534,,,0.0,-1,-1,0,32,prompt
17,1967,4,-41.60729514153308,-18.290250301361084,-9.574668884277344,0.638445323882112,18.96992875321488,,,0.0,-1,-1,0,32,prompt
17,2041,4,-4.662949030494493,13.142652988433838,-8.01583957672119,0.5004715355712914,14.870356188171385,,,0.0,-1,-1,0,32,prompt
17,2083,1,-19.751928444234345,45.97503662109375,40.67753601074219,0.0764510808533584,2.271567356897534,,,0.0,-1,-1,0,32,prompt
17,2131,1,-43.06536581410284,-8.729437828063965,25.54651260375977,0.0839425349219086,2.4941586182357103,,,0.0,-1,-1,0,32,prompt
17,2197,2,-8.756541864616263,-23.763469219207764,44.84826850891113,0.44204684641500214,13.134401441123721,,,0.0,-1,-1,0,32,prompt
17,2293,3,-1.213777183247288,-21.495662053426106,7.520796140034993,1.1144780050640848,33.11414080776399,,,0.0,-1,-1,0,32,prompt
17,2421,3,9.767981805977628,-4.997487545013428,-4.432528972625732,0.680601749762185,20.22250961726211,,,0.0,-1,-1,0,32,prompt
17,2447,40,35.288006325785474,7.648649787902832,-31.493614959716798,21.748947851808733,646.2197713306128,,,0.0,-1,-1,0,32,prompt
17,2589,2,-25.076097472218898,61.85430145263672,-16.207399606704712,0.7001047537362262,20.801996351711963,,,0.0,-1,-1,0,32,prompt
17,2593,11,-10.645216270648614,1.6299981203946197,27.27213296023282,6.0310919568440156,179.19997288059676,,,0.0,-1,-1,0,32,prompt
17,2595,2,39.09019913353867,23.72189998626709,33.27829933166504,0.5420480937074592,16.105707621010183,,,0.0,-1,-1,0,32,prompt
17,2611,1,26.95192913875018,-43.67490005493164,41.259498596191406,0.8180084718294498,24.30523311812389,,,0.0,-1,-1,0,32,prompt
17,2633,4,9.532129101065069,1.2124220132827759,-3.4593405723571777,0.6281952253816386,18.66537074175498,,,0.0,-1,-1,0,32,prompt
17,2769,3,-43.941670969149065,8.969612757364908,14.467395305633545,1.2883318616622932,38.279806761875705,,,0.0,-1,-1,0,32,prompt
17,2799,2,1.0376941134002813,30.30361843109131,39.250343322753906,0.5738248986555051,17.04988201358596,,,0.0,-1,-1,0,32,prompt
17,2819,5,-1.2657205700353913,-0.07205238342285121,6.360142707824707,1.2586688390549112,37.39843853124091,,,0.0,-1,-1,0,32,prompt
17,2875,3,-5.87621554765638,-2.078437487284343,21.558853149414062,1.102705890609059,32.76435960625304,,,0.0,-1,-1,0,32,prompt
17,3093,3,-33.49833090920282,49.568424224853516,-4.204533418019612,0.6603263436989781,19.620072738058727,,,0.0,-1,-1,0,32,prompt
17,3095,3,-30.656645490968184,10.133536656697592,18.41810353597005,1.241550803594043,36.889815629732055,,,0.0,-1,-1,0,32,prompt
17,3133,3,35.601123793891205,-49.291299184163414,-5.756433486938477,0.8494306579911182,25.238870832208192,,,0.0,-1,-1,0,32,prompt
17,3173,3,-51.15937989862508,23.795799612998962,22.78744125366211,0.7287913367589538,21.65435193449764,,,0.0,-1,-1,0,32,prompt
17,3259,7,14.718200211277082,2.3001376560756137,38.41302980695452,3.1291190273513223,92.97454737117663,,,0.0,-1,-1,0,32,prompt
17,3343,3,6.99373228516438,30.964098930358887,-12.275166829427084,1.0113582573030762,30.050175586464896,,,0.0,-1,-1,0,32,prompt
17,3371,6,-31.62682896839635,20.839799483617146,-3.0683212280273438,1.8631701303149864,55.35979872525409,,,0.0,-1,-1,0,32,prompt
17,3379,1,16.718668728141203,-60.52410125732422,-14.655500411987305,0.1822572897716293,5.415354568968936,,,0.0,-1,-1,0,32,prompt
17,3395,2,51.89374804041605,-48.55229949951172,-9.53309965133667,0.8295053900771163,24.646837499707622,,,0.0,-1,-1,0,32,prompt
17,3451,12,-38.15326030801116,15.059434652328491,-0.13551743825276633,2.7948574771420844,83.04273715154497,,,0.0,-1,-1,0,32,prompt
17,3553,2,25.042972747797947,-11.95794415473938,1.2886314392089844,0.3431045037246595,10.194558166684544,,,0.0,-1,-1,0,32,prompt
17,3607,2,-17.22035558524194,16.835343599319458,12.900169372558594,0.7168376114821254,21.29917458672086,,,0.0,-1,-1,0,32,prompt
17,3625,2,-24.461463266589494,23.860461950302124,51.734825134277344,0.4686656411050112,13.925317467723309,,,0.0,-1,-1,0,32,prompt
17,3667,9,-38.11496506644525,10.666233751508924,39.47358332739936,2.888510632380336,85.82542443254924,,,0.0,-1,-1,0,32,prompt
17,3675,2,-27.877871578399663,13.745399475097656,-37.49059867858887,1.2618933495648696,37.49424741627739,,,0.0,-1,-1,0,32,prompt
17,3707,1,-55.56558874937091,35.11173629760742,54.64463806152344,0.0790702259289735,2.349389205723428,,,0.0,-1,-1,0,32,prompt
17,3759,3,9.533835441928332,-5.49631251891454,42.54351298014323,0.4496278861886139,13.359654534851854,,,0.0,-1,-1,0,32,prompt
17,3799,4,0.8660754715687027,10.551534652709961,9.870371997356415,0.7024962367628877,20.873053748380556,,,0.0,-1,-1,0,32,prompt
17,3821,5,6.582529518495972,-12.182415223121643,11.010300064086914,2.0243013178042264,60.14743994095856,,,0.0,-1,-1,0,32,prompt
17,3849,5,-29.16565850509921,-4.672328090667724,14.088152122497558,2.110759815337617,62.71635457932667,0.38870617747306824,78.05243682861328,138.80014038085938,7,14,2,32,prompt
17,3853,3,-13.172003391101475,-19.020013173421223,23.81280295054118,0.8605429969761795,25.569048328922243,,,0.0,-1,-1,0,32,prompt
17,3933,1,-47.91858135985187,-43.64718627929688,7.699662685394287,0.078162820243899,2.322427740814486,,,0.0,-1,-1,0,32,prompt
17,3967,2,-0.662527780094031,-40.792799949645996,-30.174500465393066,0.5036973370561977,14.966203431547834,,,0.0,-1,-1,0,32,prompt
17,3969,2,-32.374500880871935,53.69296836853027,7.856493949890137,1.3850630792183873,41.153951558008096,,,0.0,-1,-1,0,32,prompt
17,4013,1,20.15104156477292,-39.68429946899414,-63.87289810180664,0.1907724229194861,5.668362090673034,,,0.0,-1,-1,0,32,prompt
17,4031,5,-8.639094672446184,8.535450744628907,30.651155281066895,1.1418178961188166,33.92648254797021,,,0.0,-1,-1,0,32,prompt
17,4089,2,28.032150129412276,-20.618099749088287,18.844500064849854,0.4719281549580825,14.022255534358074,,,0.0,-1,-1,0,32,prompt
17,4147,2,-33.420177256683,36.08167552947998,12.93732476234436,0.3205428944666977,9.524192037947047,,,0.0,-1,-1,0,32,prompt
17,4193,4,3.4137249632087645,17.2995285987854,9.429178714752197,0.87440527983324,25.980934058707774,,,0.0,-1,-1,0,32,prompt
17,4211,2,14.642084826562765,15.920831441879272,37.00563049316406,1.0594574248571,31.479331298720155,,,0.0,-1,-1,0,32,prompt
17,4287,3,23.33250639601522,36.64516258239746,25.177012125651043,1.3425883220645565,39.891912215126084,,,0.0,-1,-1,0,32,prompt
17,4319,5,-5.141339240533969,28.039508438110353,15.495947742462159,2.164710566978508,64.31937660255488,,,0.0,-1,-1,0,32,prompt
17,4327,1,-10.620220246311824,-48.1088981628418,-56.77849960327149,0.2021912369813614,6.007645786703328,,,0.0,-1,-1,0,32,prompt
17,4597,3,42.02592799056392,10.419900258382162,-10.205966631571451,1.65354227875402,49.13119110601289,,,0.0,-1,-1,0,32,prompt
17,4611,7,-4.380577277456866,6.488683819770813,16.166373048509872,1.437483268801842,42.71149646346936,,,0.0,-1,-1,0,32,prompt
17,4619,9,8.681547175893643,-2.0599623786078554,-9.435056792365181,2.8023247022157434,83.26460850424,,,0.0,-1,-1,0,32,prompt
17,4851,1,-36.44008801316255,-17.2648868560791,6.923712730407715,0.0617924837371433,1.836020987435792,,,0.0,-1,-1,0,32,prompt
17,4929,7,19.676731174547708,46.913302830287385,53.16795785086496,2.6295259771485253,78.1302933474784,,,0.0,-1,-1,0,32,prompt
17,4957,2,-64.25029025229023,49.21739959716797,-40.37269973754883,0.993928808292411,29.532299750317094,,,0.0,-1,-1,0,32,prompt
17,4977,1,-36.42412348834101,-22.696537017822266,34.46993637084961,0.0790816733604915,2.349729339721096,,,0.0,-1,-1,0,32,prompt
17,5061,4,-27.563282158389242,5.355440616607666,-4.3599971532821655,1.2089409723248592,35.92088978331925,,,0.0,-1,-1,0,32,prompt
17,5109,5,-38.18299008047866,7.94794445037842,-6.888444519042968,1.4777866791021061,43.909019247814754,,,0.0,-1,-1,0,32,prompt
17,5285,2,-27.026385065655077,-7.939631432294845,-15.228018283843994,0.2895714848478544,8.60394810807753,,,0.0,-1,-1,0,32,prompt
17,5307,5,42.0010822349049,-7.138739013671875,16.153740310668944,1.497726143448081,44.5014743945146,,,0.0,-1,-1,0,32,prompt
17,5339,1,-4.489842714839361,2.438699960708618,-11.995100021362305,0.4740894709124354,14.086474047883955,,,0.0,-1,-1,0,32,prompt
17,5359,4,-19.590377576026007,10.371403455734253,27.909002780914307,1.5309734905991301,45.489342553457,,,0.0,-1,-1,0,32,prompt
17,5419,1,24.908469961592694,-25.495500564575195,21.749900817871094,0.2777197064964544,8.251799877814246,,,0.0,-1,-1,0,32,prompt
17,5431,2,-39.35361379309413,-36.649781227111816,9.408393859863281,0.19036090724841997,5.656134852616865,,,0.0,-1,-1,0,32,prompt
17,5493,1,43.911485629644616,-22.835100173950195,-51.901100158691406,0.1984887364516028,5.897634531814367,,,0.0,-1,-1,0,32,prompt
17,5689,2,-54.208604139539766,-12.207356452941895,-3.2007932662963885,0.1788186744784137,5.3131840546242195,,,0.0,-1,-1,0,32,prompt
17,5705,1,-62.095079401381945,-15.297300338745115,-35.05189895629883,0.0824576235787324,2.450037906044396,,,0.0,-1,-1,0,32,prompt
17,6009,3,-18.372860684789238,-26.95502535502116,3.056142171223956,0.47175536389556266,14.017121446876219,,,0.0,-1,-1,0,32,prompt
17,6027,1,-50.249401983797135,-15.297300338745115,-35.05189895629883,0.0824576235787324,2.450037906044396,,,0.0,-1,-1,0,32,prompt
17,6029,2,-40.660089263252694,-13.385137557983398,35.24588871002197,0.4286995170640975,12.737816365846221,,,0.0,-1,-1,0,32,prompt
17,6063,1,37.28620782870432,60.96749877929688,-62.98609924316406,0.2984416331778984,8.867504086259384,,,0.0,-1,-1,0,32,prompt
17,6085,2,-31.129267944791597,0.9699363708496094,41.647475242614746,1.1577141159046453,34.398802017629755,,,0.0,-1,-1,0,32,prompt
18,83,13,-11.377882402188535,-26.689269065856934,4.03928932776818,4.816511666550937,143.11152378393908,,,0.0,-1,-1,0,32,prompt
18,313,1,-19.751928444234345,-29.292112350463867,31.754112243652344,0.0803953342666981,2.3887617405617725,,,0.0,-1,-1,0,32,prompt
18,351,1,-10.364787849167138,-14.161087036132812,45.33323669433594,0.1131972836123589,3.363395932053866,,,0.0,-1,-1,0,32,prompt
18,357,4,19.944212687307896,48.995699882507324,-52.67704963684083,2.324100634743372,69.05528446555596,,,0.0,-1,-1,0,32,prompt
18,413,346,23.98879941962559,27.305702961593695,-39.481276513524136,175.4264894393896,5212.393108084385,0.3596978783607483,4513.7158203125,14712.7275390625,2,3,23,32,prompt
18,415,1,59.01392611082417,-53.87310028076172,42.58969879150391,0.621264373607352,18.459436483269293,,,0.0,-1,-1,0,32,prompt
18,473,2,-1.117516737507998,15.006318092346193,-9.21440505981445,0.34287164972088213,10.187639447576853,,,0.0,-1,-1,0,32,prompt
18,519,3,27.789149647882894,6.872700373331706,-4.441766421000164,0.831811876891169,24.715369430158233,,,0.0,-1,-1,0,32,prompt
18,543,4,0.025852407225222862,6.353090167045593,3.4017090797424316,1.5179851293445106,45.10342338637316,,,0.0,-1,-1,0,32,prompt
18,651,1,-40.04807062283124,25.412363052368164,38.34968566894531,0.1309410654937355,3.890611443721473,,,0.0,-1,-1,0,32,prompt
18,799,5,-9.79645076552021,-17.841307067871092,-27.83178882598877,1.8226489799363592,54.15580629719959,,,0.0,-1,-1,0,32,prompt
18,857,1,-38.78687316192935,46.7509880065918,30.590187072753903,0.2519146970890176,7.485063602014527,,,0.0,-1,-1,0,32,prompt
18,873,1,-53.84142006864428,57.4202995300293,-47.467098236083984,0.2248254654103491,6.680169626444332,,,0.0,-1,-1,0,32,prompt
18,901,1,-8.912016090406738,7.565512657165527,51.92881393432617,0.3128634093150277,9.29601386710112,,,0.0,-1,-1,0,32,prompt
18,911,1,-52.26093211131153,40.93136215209961,44.55728912353516,0.1194111232676641,3.548025830865381,,,0.0,-1,-1,0,32,prompt
18,929,2,-41.258758944060546,40.640380859375,-11.569969177246094,0.2728726884303579,8.107781926801149,,,0.0,-1,-1,0,32,prompt
18,1035,1,-25.89827050052835,-12.997162818908691,19.338912963867188,0.1259736235544709,3.743015375352458,,,0.0,-1,-1,0,32,prompt
18,1125,1,52.62811618220702,45.89189910888672,3.1270999908447266,0.3196665875821876,9.498154602095797,,,0.0,-1,-1,0,32,prompt
18,1177,2,-54.91104323168766,-9.907218456268312,-2.0645809173583984,0.3929258599543493,11.674884739238886,,,0.0,-1,-1,0,32,prompt
18,1249,3,-14.770199583394396,9.653186798095703,9.938079833984375,0.3917413556440706,11.639689928448774,,,0.0,-1,-1,0,32,prompt
18,1329,2,-52.6919742814932,-50.43674850463867,16.429100513458252,0.7601935823564271,22.587397160755764,,,0.0,-1,-1,0,32,prompt
18,1335,2,-22.146607167465778,4.65570068359375,28.844300031661987,0.28081396508873047,8.343738627843122,,,0.0,-1,-1,0,32,prompt
18,1391,6,12.14229154011196,18.35953156153361,8.438456853230795,1.7871524435727997,53.101108673747405,,,0.0,-1,-1,0,32,prompt
18,1399,3,-41.70663749413306,-0.6558623313903809,13.672971407572428,0.6242219038383238,18.547312665721176,,,0.0,-1,-1,0,32,prompt
18,1425,7,-8.152663633164524,3.693680082048689,10.91431256702968,2.2832599867871193,67.84179890464002,,,0.0,-1,-1,0,32,prompt
18,1519,5,-32.62628921649855,0.4323148727416992,8.595534610748292,3.260432659924136,96.87622878546806,,,0.0,-1,-1,0,32,prompt
18,1571,1,43.08133033892438,55.64670181274414,-55.44829940795898,0.2735930209299818,8.129184943919983,,,0.0,-1,-1,0,32,prompt
18,1647,4,-11.737139146430893,-20.83980083465576,-26.726499557495117,0.8912761813922978,26.482213946908395,,,0.0,-1,-1,0,32,prompt
18,1659,5,4.209010990955868,-11.572739830613136,4.882060241699219,1.3030776841503047,38.71794483187398,,,0.0,-1,-1,0,32,prompt
18,1723,3,-38.53501856291988,-18.992300033569336,-30.76570002237956,0.5660105074738875,16.8176954215319,,,0.0,-1,-1,0,32,prompt
18,1891,4,-36.668360220478036,-33.164934158325195,19.761528253555298,0.7169158389080212,21.301498934069464,,,0.0,-1,-1,0,32,prompt
18,2057,1,-58.91813896189491,-49.85478591918945,9.251562118530272,0.1424513835514901,4.2326139697244125,,,0.0,-1,-1,0,32,prompt
18,2071,3,23.184301280866066,-3.1777000427246094,44.65889994303385,0.6945865655562137,20.63803613036497,,,0.0,-1,-1,0,32,prompt
18,2099,1,-51.750067317022165,-15.297300338745115,-35.05189895629883,0.0824576231682827,2.45003789384883,,,0.0,-1,-1,0,32,prompt
18,2107,1,-42.39485577159804,8.646300315856934,-17.315900802612305,0.9290917876096224,27.60581737678446,,,0.0,-1,-1,0,32,prompt
18,2147,7,-38.698713989922155,8.452313559395927,43.55963706970215,2.237212267739311,66.47359724835178,,,0.0,-1,-1,0,32,prompt
18,2307,6,7.788899213845313,-18.428812662760418,-2.2062918345133453,1.769186526676741,52.567292932985026,,,0.0,-1,-1,0,32,prompt
18,2353,4,27.531950946135087,45.00510013103485,-35.16274929046631,1.3383681878344948,39.76652066994804,,,0.0,-1,-1,0,32,prompt
18,2513,2,-45.436097750101965,-46.77869987487793,-27.29240083694458,0.4853569979467643,14.421262599183002,,,0.0,-1,-1,0,32,prompt
18,2539,1,-8.305364147188108,16.100961685180664,64.34400939941406,0.1436749378664735,4.268969061245466,,,0.0,-1,-1,0,32,prompt
18,2573,441,-46.38700360197915,-2.027222813121856,-8.400026072720552,181.40184546290078,5389.937016389414,0.23518513143062592,8046.7822265625,35232.421875,4,7,24,32,prompt
18,2577,6,2.4660457881183433,-31.11189905802409,-41.33339977264404,3.0239924387243176,89.85095350694928,,,0.0,-1,-1,0,32,prompt
18,2625,2,3.783592382705662,16.25338077545166,21.04323101043701,0.513328626678828,15.252374965911848,,,0.0,-1,-1,0,32,prompt
18,2649,2,-30.339023966125225,17.458875179290768,22.63670015335083,0.5734355758594789,17.03831418557257,,,0.0,-1,-1,0,32,prompt
18,2709,3,9.250051793275778,5.690300305684407,2.9637654622395835,1.4270338412210455,42.401015848599684,,,0.0,-1,-1,0,32,prompt
18,2773,4,-38.12971207903814,30.2759051322937,-18.85835552215576,1.1249917766183566,33.426533255247776,,,0.0,-1,-1,0,32,prompt
18,2801,2,-48.66891402646439,0.34640598297118963,18.608942985534668,0.261601611099961,7.772887886651386,,,0.0,-1,-1,0,32,prompt
18,2813,2,-7.383592729963581,11.528400421142578,10.86329984664917,0.7556737158750808,22.453099763754206,,,0.0,-1,-1,0,32,prompt
18,2921,2,-39.390909539940026,-12.595331192016602,14.646055221557617,0.21732020314595762,6.457168086447172,,,0.0,-1,-1,0,32,prompt
18,2943,1,35.21081960190375,-22.391700744628903,-51.01430130004883,0.2648154211701127,7.868378832824245,,,0.0,-1,-1,0,32,prompt
18,2953,3,-17.228736405912,-25.347700119018555,-22.784499804178875,0.7089764336669141,21.065597837870797,,,0.0,-1,-1,0,32,prompt
18,2959,4,22.929578828936425,-30.864797353744507,37.51138472557068,1.666218614011031,49.50783914098506,,,0.0,-1,-1,0,32,prompt
18,2989,2,-0.23946787232314293,13.745400428771973,-3.768899917602539,0.23196237658426838,6.892226464239064,,,0.0,-1,-1,0,32,prompt
18,2999,3,-4.242512507585161,-31.998699188232422,-22.473366737365723,1.2606868547597885,37.458399208705984,,,0.0,-1,-1,0,32,prompt
18,3001,3,-34.27781194384178,2.1338621775309243,39.12563705444336,0.440552427369396,13.089998229506135,,,0.0,-1,-1,0,32,prompt
18,3111,3,-31.73159016228541,19.491124947865803,25.632593154907227,1.5205330129193537,45.17912786423255,,,0.0,-1,-1,0,32,prompt
18,3113,8,4.851485007144076,-13.617229700088501,27.48292362689972,3.063530668582735,91.02574072111786,,,0.0,-1,-1,0,32,prompt
18,3209,4,-27.037050676667256,-18.816787481307983,21.957743167877197,1.2888024225409036,38.29378839195016,,,0.0,-1,-1,0,32,prompt
18,3221,7,-32.837897150360554,-3.1077589307512548,-24.3284239087786,1.8858255901976146,56.03295340862074,,,0.0,-1,-1,0,32,prompt
18,3233,2,1.2611974609018866,10.198199272155762,-38.59910011291504,0.3161867628702595,9.394759645018562,,,0.0,-1,-1,0,32,prompt
18,3267,4,-38.27070945383062,-20.077707290649414,51.54083824157715,0.8351808537116749,24.81547079806806,,,0.0,-1,-1,0,32,prompt
18,3333,5,-12.37431521077607,-27.46308672428131,1.9722477912902843,1.5511798808149844,46.089728786100466,,,0.0,-1,-1,0,32,prompt
18,3335,2,-37.84235063225037,0.38797569274902344,36.021836042404175,0.2656900125367014,7.894365296021254,,,0.0,-1,-1,0,32,prompt
18,3385,9,5.8946150969352304,-14.315046310424805,9.672290484110514,3.279281386372569,97.43627517384392,,,0.0,-1,-1,0,32,prompt
18,3395,2,13.058981304022069,24.373144149780273,7.131556272506714,0.7007812083576467,20.82209563898547,,,0.0,-1,-1,0,32,prompt
18,3429,3,-26.63970386073181,26.3176368077596,11.450087865193685,0.760115820763538,22.585086654559444,,,0.0,-1,-1,0,32,prompt
18,3455,2,28.468558996796755,8.202899932861328,-35.71700096130371,0.5753641631866829,17.095617705267813,,,0.0,-1,-1,0,32,prompt
18,3651,2,-4.537736289303989,17.514299392700195,-41.70289993286133,1.7061031155260897,50.69291501795689,,,0.0,-1,-1,0,32,prompt
18,3657,5,-12.652097942670917,30.068061447143556,5.0871326446533205,1.4265605871950582,42.386954197868874,,,0.0,-1,-1,0,32,prompt
18,3877,2,-23.982527521943204,-17.070899963378906,-56.113399505615234,0.5582017280952833,16.585675571247823,,,0.0,-1,-1,0,32,prompt
18,3889,3,-7.238521665761373,59.591112772623696,12.580004374186197,0.6698919900602871,19.904293834470085,,,0.0,-1,-1,0,32,prompt
18,3959,1,31.437960613603728,27.269100189208984,-23.96689987182617,0.7599325487699533,22.579641150409422,,,0.0,-1,-1,0,32,prompt
18,4003,1,-35.258713176368374,-43.64718627929688,20.1148624420166,0.0934822448747223,2.777609074150751,0.44692665338516235,161.50857543945312,161.50857543945312,6,15,1,32,prompt
18,4085,1,-55.56558874937091,-50.32590103149414,-45.250099182128906,0.1986165936621899,5.901433513629557,,,0.0,-1,-1,0,32,prompt
18,4151,2,17.579557393726652,42.35855579376221,46.81585502624512,0.5688994912002278,16.90353490285919,,,0.0,-1,-1,0,32,prompt
18,4207,6,-27.726681889405043,4.563324928283691,24.494908491770428,1.5540010839425422,46.173554323427126,,,0.0,-1,-1,0,32,prompt
18,4251,1,15.904477962242517,-48.1088981628418,23.08009910583496,0.4020349131115219,11.945539222774135,,,0.0,-1,-1,0,32,prompt
18,4289,5,-28.556859882999447,-22.91269454956055,-8.351664733886718,3.9534161713022153,117.46663386206973,,,0.0,-1,-1,0,32,prompt
18,4321,2,-21.4509546629508,7.884206771850586,0.9560813903808558,0.2844073859593404,8.450508832504173,,,0.0,-1,-1,0,32,prompt
18,4339,8,-24.522638017274254,-21.20006227493286,-32.393705904483795,2.730197390386717,81.12151196115971,,,0.0,-1,-1,0,32,prompt
18,4397,3,18.91923232685691,9.948787689208984,6.11375363667806,0.8328379444562448,24.745856658864238,,,0.0,-1,-1,0,32,prompt
18,4435,4,6.800887573977263,4.205371379852295,30.904159545898438,0.6211582962030417,18.45628463811229,,,0.0,-1,-1,0,32,prompt
18,4613,11,-15.979835411092262,-20.45434407754378,25.124069213867188,6.6366625078077215,197.1931036579909,,,0.0,-1,-1,0,32,prompt
18,4731,2,-4.1226586439438755,13.745399951934814,-44.36330032348633,1.4910400758478344,44.302813332601524,,,0.0,-1,-1,0,32,prompt
19,35,4,-8.120576436962502,28.58544397354126,13.313649892807007,1.3189270267001802,39.18887145269758,,,0.0,-1,-1,0,32,prompt
19,151,3,1.9215377836690213,-4.212299982706703,20.918525377909344,1.1021177110864264,32.746883209730015,0.6769728660583496,82.02848815917969,82.02848815917969,0,3,1,32,prompt
19,205,4,12.061018611456067,0.22170019149780185,-36.924699902534485,0.996880466719823,29.620001465683046,,,0.0,-1,-1,0,32,prompt
19,439,2,44.5580488849171,1.1085000038146982,16.18410015106201,0.41619378316615663,12.366237356373503,,,0.0,-1,-1,0,32,prompt
19,455,3,-28.055225061575275,-8.082812786102293,54.7739626566569,0.3290734910309762,9.777659019368091,,,0.0,-1,-1,0,32,prompt
19,499,1,-33.64629616939255,-34.33578872680664,11.19143772125244,0.0992382215772789,2.948634632437754,,,0.0,-1,-1,0,32,prompt
19,503,3,-3.4797931142863177,15.29729970296224,29.881842136383057,1.0053406669549392,29.87137678271445,,,0.0,-1,-1,0,32,prompt
19,541,1,-57.97623199742388,-58.00226211547852,53.86868667602539,0.1395693068318128,4.146979714153182,,,0.0,-1,-1,0,32,prompt
19,545,2,9.367005047820708,-37.2455997467041,16.429100036621094,0.5180144077957991,15.39160213324641,,,0.0,-1,-1,0,32,prompt
19,673,1,46.32212887769759,37.02389907836914,27.957500457763672,0.1870497893576055,5.557752629217817,,,0.0,-1,-1,0,32,prompt
19,739,2,-25.586962266508266,-22.696537256240845,13.907262802124023,0.1980220086179674,5.883766791821586,,,0.0,-1,-1,0,32,prompt
19,777,4,29.087894278846587,-34.25264930725098,13.313650131225586,0.9991920949052535,29.688686160113722,,,0.0,-1,-1,0,32,prompt
19,779,1,-17.021994699750515,6.789562702178955,18.950937271118164,0.3769291233423434,11.199578644163262,,,0.0,-1,-1,0,32,prompt
19,781,3,0.25495910033465446,-20.913699785868328,-12.866367022196451,1.0791174246133783,32.0634828003665,,,0.0,-1,-1,0,32,prompt
19,957,5,-21.23505052992874,3.5582853317260743,-2.5892305374145512,1.2888203648664445,38.294321506728274,,,0.0,-1,-1,0,32,prompt
19,965,7,20.708711007816685,-28.31029728480748,-26.65753439494542,2.2012845074125407,65.40608680044495,,,0.0,-1,-1,0,32,prompt
19,1107,1,9.64638423219771,22.835100173950195,62.98609924316406,0.3423129710024354,10.17103959933859,,,0.0,-1,-1,0,32,prompt
19,1121,9,-15.765321630603902,-24.559433725145126,-19.32547770606147,3.0635077202142096,91.0250588633304,,,0.0,-1,-1,0,32,prompt
19,1159,10,7.955050762086984,24.328804206848144,23.077328491210938,3.1679981843359553,94.12975175657162,,,0.0,-1,-1,0,32,prompt
19,1169,2,1.1574280495618585,3.0068063735961905,4.863543510437012,0.7546949470021223,22.424017906481,,,0.0,-1,-1,0,32,prompt
19,1211,1,61.55228555744949,-61.85430145263672,32.83489990234375,0.5105093275261994,15.168606000804289,,,0.0,-1,-1,0,32,prompt
19,1225,3,-39.39178139500935,-27.712500254313152,-48.20609919230143,0.97374087651719,28.932461967620107,,,0.0,-1,-1,0,32,prompt
19,1269,4,-15.252017955771732,-33.58754920959473,-25.18625020980835,1.7677151523264363,52.5235744412826,,,0.0,-1,-1,0,32,prompt
19,1283,1,-56.69907001170046,12.997162818908691,34.46993637084961,0.1021350164231952,3.0347062031488874,,,0.0,-1,-1,0,32,prompt
19,1325,5,10.123317210938525,-19.681416702270507,-7.923127555847168,2.575679269678065,76.5303627565568,,,0.0,-1,-1,0,32,prompt
19,1413,3,-28.846386084239935,40.4140625,2.655987501144409,1.047842717628035,31.13422708950599,,,0.0,-1,-1,0,32,prompt
19,1493,1,-62.749624919065205,-0.581962525844574,37.18576431274414,0.4362874751277736,12.963275020590627,,,0.0,-1,-1,0,32,prompt
19,1515,4,-35.98587678435708,9.297543048858643,17.41510021686554,7.928056766056581,235.56390246395895,,,0.0,-1,-1,0,32,prompt
19,1527,3,16.32940150763175,-51.25888697306315,43.20861307779948,0.7295851385930435,21.677937923263748,,,0.0,-1,-1,0,32,prompt
19,1531,7,16.109052895789283,-21.50489984239851,-15.78901468004499,1.8902133893699733,56.163326730453434,,,0.0,-1,-1,0,32,prompt
19,1591,3,-5.42920885265318,18.936875184377033,35.36597506205241,1.0121418841182876,30.073459248037175,,,0.0,-1,-1,0,32,prompt
19,1659,6,-27.103666863105577,-18.844500064849854,3.0469042460123696,0.825352736827563,24.52345099606494,,,0.0,-1,-1,0,32,prompt
19,1669,3,19.359083425589684,-12.01798709233602,12.986454010009766,0.7062943807153172,20.985906826752146,,,0.0,-1,-1,0,32,prompt
19,1691,1,45.66758336001433,-23.278499603271484,-50.12749862670898,0.2237004372794602,6.64674201300587,,,0.0,-1,-1,0,32,prompt
19,1777,1,-32.89073237236413,-4.46171236038208,63.95603561401367,0.0949241009082412,2.820450497221925,,,0.0,-1,-1,0,32,prompt
19,1807,2,-7.865144039817816,13.30199909210205,-35.93869972229004,0.2939641072474124,8.734464740970552,,,0.0,-1,-1,0,32,prompt
19,1821,4,18.160177038500493,-17.521228551864624,-8.235334157943726,0.9977002976485455,29.64436084890005,,,0.0,-1,-1,0,32,prompt
19,1823,1,-58.51902584135634,-15.297300338745115,-35.05189895629883,0.0824576235787324,2.450037906044396,,,0.0,-1,-1,0,32,prompt
19,1887,2,-51.143415373803535,-8.79871940612793,-0.2909812927246094,0.2172627087102331,6.455459772033076,,,0.0,-1,-1,0,32,prompt
19,1901,2,15.94319359951851,24.511706829071045,34.095818519592285,0.2385206213063037,7.087089564444225,,,0.0,-1,-1,0,32,prompt
19,1907,2,34.739866119668235,61.4109001159668,6.452600002288818,1.1466430266918293,34.06985016266029,,,0.0,-1,-1,0,32,prompt
19,2019,1,-52.16514496238228,-57.614288330078125,34.08196258544922,0.1280508120372594,3.8047342352947577,,,0.0,-1,-1,0,32,prompt
19,2067,2,-47.38913647553301,34.72376251220703,37.18576240539551,0.1639225941182597,4.870581418871404,,,0.0,-1,-1,0,32,prompt
19,2119,1,-26.23352552178076,5.099100112915039,-3.570499897003174,0.4797113534846436,14.253515308684896,,,0.0,-1,-1,0,32,prompt
19,2169,1,50.44097628165565,56.976898193359375,53.23130035400391,0.4557892071355861,13.542723961500725,,,0.0,-1,-1,0,32,prompt
19,2285,2,-5.7270933885089335,54.89846420288086,13.907262325286865,0.4687917796591287,13.929065383629547,,,0.0,-1,-1,0,32,prompt
19,2439,4,-50.38110931357486,-42.20613765716553,14.493637084960938,0.8692334093581198,25.827263868381507,,,0.0,-1,-1,0,32,prompt
19,2613,2,40.56430211432344,51.87779998779297,-16.40579891204834,0.6456357386613887,19.183575327113402,,,0.0,-1,-1,0,32,prompt
19,2615,2,-38.840133433596804,-54.70447540283203,23.024675726890564,0.5307788779914153,15.770868894432812,,,0.0,-1,-1,0,32,prompt
19,2645,7,-57.07765731461132,19.260187694004603,31.255287170410156,2.1130287782073474,62.783771572407225,,,0.0,-1,-1,0,32,prompt
19,2665,3,-19.343916017286716,-9.902600129445394,-6.717133204142253,0.4463822037321461,13.263216574306739,,,0.0,-1,-1,0,32,prompt
19,2795,3,-8.865159487420113,16.923100471496582,18.165749708811443,0.8029416531933863,23.857557388703864,,,0.0,-1,-1,0,32,prompt
19,2817,2,5.798933750205877,-5.542500019073486,11.306699752807617,0.521962235827542,15.508902728443399,,,0.0,-1,-1,0,32,prompt
19,3083,5,-41.898909276047036,-14.465925216674805,15.987465095520019,1.3436214182565536,39.922608283253325,,,0.0,-1,-1,0,32,prompt
19,3109,3,-19.49744264070972,22.35474928220113,27.05222511291504,0.6583819021879806,19.562298147896286,,,0.0,-1,-1,0,32,prompt
19,3145,4,25.815166690430296,34.5851993560791,8.990500450134277,1.1498448269874344,34.164984266110736,,,0.0,-1,-1,0,32,prompt
19,3149,4,-26.21427981096887,5.937403500080109,-2.7227525711059553,0.710311348195688,21.105261741035587,,,0.0,-1,-1,0,32,prompt
19,3155,2,53.913260430341225,-30.372899055480957,17.51430034637451,0.4714041577457859,14.006686167002217,,,0.0,-1,-1,0,32,prompt
19,3227,5,-30.670562969371723,-16.477852439880373,15.717647552490234,0.6767342235249756,20.107595004488477,,,0.0,-1,-1,0,32,prompt
19,3237,3,-18.165321862109177,25.86499997476737,27.310874303181965,0.6552700288800455,19.46983601726055,,,0.0,-1,-1,0,32,prompt
19,3373,3,23.444258069766022,-27.564700444539387,-5.460833231608073,0.5069695547624449,15.063429825775415,,,0.0,-1,-1,0,32,prompt
19,3387,1,-31.18252821645904,-51.21269989013672,-12.43850040435791,0.1685349815459785,5.007627862181565,,,0.0,-1,-1,0,32,prompt
19,3443,8,-29.49633133609663,-24.934322118759155,24.62035083770752,2.739085454854366,81.38560027600559,,,0.0,-1,-1,0,32,prompt
19,3567,4,-8.672548218083595,41.12534999847412,30.493193745613098,1.188696269260083,35.31936517282698,,,0.0,-1,-1,0,32,prompt
19,3591,2,10.720178417666038,-28.862568378448486,14.535206794738766,0.42834033205645333,12.72714401263232,,,0.0,-1,-1,0,32,prompt
19,3627,1,38.88266031085861,-13.523699760437012,12.8818998336792,0.1337948576419265,3.975405288554554,,,0.0,-1,-1,0,32,prompt
19,3635,2,1.9716188154605447,-50.39518165588379,-16.39194393157959,0.419504737460819,12.464614718890601,,,0.0,-1,-1,0,32,prompt
19,3641,6,-42.614826509893405,14.729193369547525,14.578451871871948,2.1571450888015296,64.09458588574202,,,0.0,-1,-1,0,32,prompt
19,3695,2,-35.95055444089754,-49.61923027038574,-8.771005630493164,0.31398711896775583,9.329402305005148,,,0.0,-1,-1,0,32,prompt
19,3743,2,37.509711176205926,-14.853899955749512,-19.31120014190674,0.4345564018243393,12.911840174090282,,,0.0,-1,-1,0,32,prompt
19,3791,2,-59.29330529520118,31.800092697143555,12.567618370056152,0.20641073970731122,6.133018568194707,,,0.0,-1,-1,0,32,prompt
19,3851,5,-1.4126484251083553,21.249945068359374,4.09679012298584,1.8310831411564785,54.40640792501937,,,0.0,-1,-1,0,32,prompt
19,3947,2,-47.96647493431651,-6.872700154781341,-19.089499473571777,0.2849590306550863,8.46689968099807,,,0.0,-1,-1,0,32,prompt
19,3987,3,-12.45892128240589,-37.236361821492515,12.321354866027832,0.3405742380708185,10.119377164671386,,,0.0,-1,-1,0,32,prompt
19,4019,8,-49.38267262092644,13.53409218788147,33.58770436048508,1.9507722885381769,57.96269460052975,,,0.0,-1,-1,0,32,prompt
19,4107,6,-8.175505680217844,10.341381390889486,5.881139357884725,2.348403109339354,69.77737638849364,,,0.0,-1,-1,0,32,prompt
19,4163,2,-9.710242331483881,0.9699374735355377,11.191437244415283,0.5869748644308994,17.440602885891238,,,0.0,-1,-1,0,32,prompt
19,4197,6,13.148056603869158,-30.77934996287028,56.63993835449219,2.342985761755444,69.61641241263851,,,0.0,-1,-1,0,32,prompt
19,4219,3,-11.619866685276603,0.5265372594197597,8.533979415893555,0.4261503965988403,12.662075136643924,,,0.0,-1,-1,0,32,prompt
19,4273,1,-55.90084377062331,-52.54290008544922,-46.580299377441406,0.4400167716648113,13.074082456969125,,,0.0,-1,-1,0,32,prompt
19,4333,7,21.492467332762548,-1.6152429580688477,-4.88072885785784,5.518247175423609,163.96197425943438,,,0.0,-1,-1,0,32,prompt
19,4603,3,-8.600827783866366,26.539337158203125,22.59345467885335,0.4939219130625548,14.675749277127382,,,0.0,-1,-1,0,32,prompt
19,4635,2,6.896674722906518,51.72538185119629,4.087593555450438,0.4466522641266652,13.271240795413009,,,0.0,-1,-1,0,32,prompt
19,4647,2,-42.23521052338262,-46.55699920654297,24.964550018310547,0.24111515220166507,7.16418005973323,,,0.0,-1,-1,0,32,prompt
19,4831,3,-5.689962758071715,20.174699306488037,-28.40089988708496,1.332556036813765,39.593826021492085,,,0.0,-1,-1,0,32,prompt
19,4923,4,23.70784941398664,18.643584728240967,-14.098734736442566,1.5415771576475994,45.80440603799967,,,0.0,-1,-1,0,32,prompt
19,4949,2,21.923103819964176,58.7504997253418,60.990800857543945,0.895463540648751,26.60663165941669,,,0.0,-1,-1,0,32,prompt
19,4979,3,1.2943969238735764,-55.05549875895182,-22.341100056966145,1.1477418667036068,34.10249965660262,,,0.0,-1,-1,0,32,prompt
19,5195,4,-5.736563324743252,-0.2147722244262713,5.009034156799315,1.1927403659511038,35.43952616896882,,,0.0,-1,-1,0,32,prompt
19,5221,1,22.146607167465778,-1.995300054550171,-11.995100021362305,0.6535944784340638,19.42005090427794,,,0.0,-1,-1,0,32,prompt
19,5229,9,-19.902173100980978,-24.568670961591934,25.18415207333035,3.665033401944065,108.89800569025616,,,0.0,-1,-1,0,32,prompt
19,5243,6,10.969372262538583,-35.02860069274902,39.33033307393392,2.3188793741094287,68.90014676069251,,,0.0,-1,-1,0,32,prompt
19,5339,4,-12.95711751267495,7.205250144004822,-42.368000507354736,1.697761318984506,50.44505779330771,,,0.0,-1,-1,0,32,prompt
19,5351,3,-15.775964647151596,20.987600485483807,25.056925137837727,1.3426630280892968,39.89413193216957,,,0.0,-1,-1,0,32,prompt
19,5409,9,16.676412193157105,-8.175187428792318,16.698948754204643,2.085203666604713,61.95701262389986,,,0.0,-1,-1,0,32,prompt
19,5419,7,-33.51187955996128,-0.22565885952540807,10.032555171421595,1.723747831570844,51.21718701701299,,,0.0,-1,-1,0,32,prompt
19,5625,1,-58.42323869242709,44.11830139160156,-12.8818998336792,0.4196938656371091,12.470234225988923,,,0.0,-1,-1,0,32,prompt
19,5661,1,-37.41392402727666,-40.93136215209961,33.30601119995117,0.7070505994730366,21.0083761211759,,,0.0,-1,-1,0,32,prompt
19,5805,4,30.19403546012736,-17.181749999523163,-28.045049905776978,1.2908685870328724,38.3551796994575,,,0.0,-1,-1,0,32,prompt
19,5879,2,47.7429715868149,5.099100112915039,25.962199687957764,0.9824454606265481,29.19109858723983,,,0.0,-1,-1,0,32,prompt
19,5903,3,-51.73410279220062,-12.04569943745931,-51.16209920247396,1.7151218105014836,50.96088471674003,,,0.0,-1,-1,0,32,prompt
19,5929,3,-17.931175498059886,-1.6812241872151692,45.84130032857259,0.7813251197135105,23.215272004716233,,,0.0,-1,-1,0,32,prompt
19,5941,3,-35.9221580004607,-8.480025609334314,23.4340664545695,1.3866314820647103,41.200553027449786,,,0.0,-1,-1,0,32,prompt
20,31,1,51.35095419648359,-52.98630142211914,47.467098236083984,0.102553571741554,3.0471426080711854,,,0.0,-1,-1,0,32,prompt
20,137,2,5.175121607387837,-37.730567932128906,-0.5403938293457067,0.3109743323612344,9.239884306930023,,,0.0,-1,-1,0,32,prompt
20,175,1,-55.27822730258314,42.09528732299805,34.46993637084961,0.0963692276364801,2.863389101435308,,,0.0,-1,-1,0,32,prompt
20,361,3,-0.3790975007717859,-28.599299271901447,56.70459874471029,0.5944277685835677,17.66204872548323,,,0.0,-1,-1,0,32,prompt
20,437,3,12.924433328887845,15.445098876953125,42.146300633748375,0.9226316946284743,27.413870628946505,,,0.0,-1,-1,0,32,prompt
20,517,7,-21.533113285037917,16.987762655530656,9.085287162235804,2.53719978039116,75.38703357404489,,,0.0,-1,-1,0,32,prompt
20,525,5,25.08088682966536,-52.98630142211914,38.953819274902344,2.141383889866449,63.62627824892558,,,0.0,-1,-1,0,32,prompt
20,639,5,25.29156433059496,20.440739440917973,20.57842102050781,1.8337816917556857,54.48658912564693,,,0.0,-1,-1,0,32,prompt
20,727,2,33.89911300132928,-22.39169979095459,8.891300201416016,0.7714933214149509,22.92314281798247,,,0.0,-1,-1,0,32,prompt
20,763,7,-6.508317576545608,-39.76347896030971,5.791281836373465,2.8304675340282692,84.10080777523018,,,0.0,-1,-1,0,32,prompt
20,769,3,-30.97141159564377,-13.616074879964193,19.055491765340168,1.2073984615545488,35.87505763713649,,,0.0,-1,-1,0,32,prompt
20,777,2,-3.3563614525098178,57.86370086669922,-10.44320011138916,0.7453833368948568,22.147344910838292,,,0.0,-1,-1,0,32,prompt
20,923,3,32.75331975086416,-19.130861918131508,33.08431220054627,1.0855034401916543,32.25322850920842,,,0.0,-1,-1,0,32,prompt
20,925,5,-6.814899711742808,22.39170093536377,-34.776539421081544,1.366197651920069,40.59340894243694,,,0.0,-1,-1,0,32,prompt
20,1047,1,-7.714676728791021,-47.91491317749024,48.0490608215332,0.063231069075943,1.878765229364782,,,0.0,-1,-1,0,32,prompt
20,1069,3,28.70087127284947,30.372899532318115,-10.781633694966635,1.0552719993602306,31.354971043413215,,,0.0,-1,-1,0,32,prompt
20,1107,1,-50.856053927015765,38.21553802490234,54.25666427612305,0.1510927076684442,4.489370964724856,,,0.0,-1,-1,0,32,prompt
20,1113,5,57.375965864133875,-22.569059371948242,18.38006000518799,1.87895427983346,55.828788285667606,,,0.0,-1,-1,0,32,prompt
20,1175,1,-42.0436362255241,25.052099227905277,-51.01430130004883,0.1525823604452511,4.533632557669459,,,0.0,-1,-1,0,32,prompt
20,1187,2,23.28008842979532,-47.22209930419922,-24.188599586486816,0.9801139119774114,29.121822002222586,,,0.0,-1,-1,0,32,prompt
20,1223,1,57.32168647974063,-2.438699960708618,3.570499897003174,0.1682670375412043,4.9996665247102365,,,0.0,-1,-1,0,32,prompt
20,1273,4,-12.008536068397122,7.807996988296509,4.1083784103393555,1.570710005528153,46.67002135069698,,,0.0,-1,-1,0,32,prompt
20,1399,5,-4.10683803209799,-11.661419677734376,-32.38218059539795,1.8835351585473898,55.964898520295016,,,0.0,-1,-1,0,32,prompt
20,1485,1,13.5896218631188,-5.542500019073486,18.202699661254883,0.1684782288085078,5.005941585618643,,,0.0,-1,-1,0,32,prompt
20,1511,4,-12.02849172442405,-30.698520928621292,-3.0575093030929565,0.6264759898884884,18.614287628456022,,,0.0,-1,-1,0,32,prompt
20,1529,2,-5.958578998421306,5.625637531280518,59.30033874511719,0.27002888673516856,8.023284925213002,,,0.0,-1,-1,0,32,prompt
20,1543,1,-43.831663005536896,-52.54290008544922,-44.80670166015625,0.1776133753223705,5.277371373003464,,,0.0,-1,-1,0,32,prompt
20,1551,5,-11.651672462759153,10.896555328369143,-1.5343902587890625,1.912133152201952,56.814621874541245,,,0.0,-1,-1,0,32,prompt
20,1587,1,43.2729046367829,-48.99570083618164,38.599098205566406,0.1907521566826457,5.667759926236114,,,0.0,-1,-1,0,32,prompt
20,1663,2,-62.749624919065205,-19.731300354003903,-25.297099590301514,0.3199742276132957,9.507295415339245,,,0.0,-1,-1,0,32,prompt
20,1675,2,-43.59219513321376,-39.69815540313721,-2.507980346679691,0.4695145708730283,13.950541455766395,,,0.0,-1,-1,0,32,prompt
20,1695,1,49.51503384200616,38.35409927368164,38.15570068359375,0.1933702014031092,5.745549080549184,,,0.0,-1,-1,0,32,prompt
20,1719,6,30.120842126897468,-19.509600798288975,8.720199902852377,2.074700595146624,61.644938105069684,,,0.0,-1,-1,0,32,prompt
20,1783,7,-33.32561385925404,-9.022398227027484,-0.4190156119210379,1.2547462900613957,37.28188904430047,,,0.0,-1,-1,0,32,prompt
20,1801,1,60.546520493692285,-23.278499603271484,-51.901100158691406,0.2577849250540185,7.659483872781142,,,0.0,-1,-1,0,32,prompt
20,1811,9,-2.970220570776339,-6.281499915652805,26.173544353908962,2.167345939950242,64.39768062584692,,,0.0,-1,-1,0,32,prompt
20,1821,7,6.685524753255452,-11.235439573015485,13.58119283403669,3.063680100912615,91.03018075779008,,,0.0,-1,-1,0,32,prompt
20,1909,3,-46.26891379495911,-1.893687566121418,-35.56290499369304,1.762026716957123,52.35455571777314,,,0.0,-1,-1,0,32,prompt
20,1925,1,53.39441337364108,27.269100189208984,8.891300201416016,0.2257773587105754,6.708452938124269,,,0.0,-1,-1,0,32,prompt
20,1943,4,-35.38381380973277,-17.16096580028534,24.97368335723877,1.315080263246908,39.07457375811141,,,0.0,-1,-1,0,32,prompt
20,2013,1,-61.32878220994789,-42.48326110839844,57.74843597412109,0.2692006160176458,7.998674773157623,,,0.0,-1,-1,0,32,prompt
20,2077,2,-46.13055457983907,-59.16618728637695,3.0439624786376958,0.1516533334858406,4.506028666512939,,,0.0,-1,-1,0,32,prompt
20,2247,2,-55.89286150821254,60.33011245727539,29.232275009155273,0.684942637946921,20.351489087405927,,,0.0,-1,-1,0,32,prompt
20,2367,3,9.481417475708433,-48.256701151529946,39.33810043334961,1.0655989199509193,31.66181164591663,,,0.0,-1,-1,0,32,prompt
20,2507,2,-45.15410300051701,9.533099174499512,-27.07069969177246,0.18578281790354761,5.520107497650887,,,0.0,-1,-1,0,32,prompt
20,2523,4,28.961485862878213,16.468153715133667,11.643971681594849,1.3134700528331131,39.026730073327826,,,0.0,-1,-1,0,32,prompt
20,2673,3,5.838964989739449,35.0193620522817,33.10278828938802,0.7716961095060884,22.9291681979124,,,0.0,-1,-1,0,32,prompt
20,2709,1,-10.077426402379366,44.03516387939453,5.371812343597412,0.1259301396681741,3.741723352066975,,,0.0,-1,-1,0,32,prompt
20,2729,1,7.09206026075085,-25.938899993896484,56.77849960327149,0.4615729505260347,13.71457454281056,,,0.0,-1,-1,0,32,prompt
20,2753,1,17.692504742255316,6.429299831390381,26.62730026245117,0.1870465186628855,5.557655448075608,,,0.0,-1,-1,0,32,prompt
20,2891,4,-16.88170727017308,5.043674945831298,21.377988100051883,0.5572463530443481,16.557288807384264,,,0.0,-1,-1,0,32,prompt
20,2913,3,5.087835206608356,-55.24948755900065,6.169179280598958,0.8727150730157638,25.93071346548492,,,0.0,-1,-1,0,32,prompt
20,2931,4,-27.627738095064345,-1.4479777812957764,7.556378364562989,1.1426519130097825,33.95126343430266,,,0.0,-1,-1,0,32,prompt
20,2945,1,-60.86581099012314,-15.297300338745115,-35.05189895629883,0.0824576235787324,2.450037906044396,,,0.0,-1,-1,0,32,prompt
20,3273,5,-15.6246924644422,8.419057750701905,5.907422351837156,2.2439280785032767,66.6731420597036,,,0.0,-1,-1,0,32,prompt
20,3277,4,17.665874606421593,-14.964749574661255,-25.507150650024414,1.0821252709301898,32.15285400913907,,,0.0,-1,-1,0,32,prompt
20,3291,6,-11.480635615087246,-29.74013074239095,2.609593709309896,1.323922367118332,39.33729645995457,,,0.0,-1,-1,0,32,prompt
20,3297,4,33.69496747246568,6.630215644836426,22.44964075088501,0.5671696128075718,16.852135560373807,,,0.0,-1,-1,0,32,prompt
20,3343,6,-4.9617879796239075,5.3346560796101885,6.764997680981954,1.4890912793017306,44.244909342625846,,,0.0,-1,-1,0,32,prompt
20,3347,6,31.581596148068645,24.091400305430096,7.759499549865723,2.3448710089819267,69.67242818130467,,,0.0,-1,-1,0,32,prompt
20,3357,7,-47.07399488636805,12.506255967276436,-17.566573449543544,2.22867427861831,66.2199106141757,,,0.0,-1,-1,0,32,prompt
20,3413,10,8.157321957409433,-29.386335372924805,25.80789279937744,2.8049212242696964,83.34175816220936,,,0.0,-1,-1,0,32,prompt
20,3451,2,-9.29135344613795,-33.82310628890991,49.91965675354004,0.3402679805650425,10.110277429976202,,,0.0,-1,-1,0,32,prompt
20,3541,3,-1.470006696910552,-7.1682999928792315,-30.306767145792644,1.2649398181098481,37.584766195388724,,,0.0,-1,-1,0,32,prompt
20,3591,1,-17.82022094082766,-30.372900009155277,-13.325300216674805,0.322660632254502,9.587115726867438,,,0.0,-1,-1,0,32,prompt
20,3625,2,38.603281126481605,5.099100112915039,29.731099128723145,0.357195529413953,10.613240461607223,,,0.0,-1,-1,0,32,prompt
20,3679,5,-40.802218377294864,-11.306699848175048,-45.959539794921874,1.5070519517877632,44.778569257852624,,,0.0,-1,-1,0,32,prompt
20,3763,1,-44.03920182821696,-15.712987899780272,61.240211486816406,0.2663316220768461,7.913429242155152,,,0.0,-1,-1,0,32,prompt
20,3787,8,0.6554983276797088,20.756662368774414,10.340381264686584,2.433776016459654,72.31403521415363,,,0.0,-1,-1,0,32,prompt
20,3803,1,-10.76390096970571,-32.78388595581055,36.0218391418457,0.0892142856016121,2.650796518237234,,,0.0,-1,-1,0,32,prompt
20,3811,4,-11.821550739132926,-4.302366018295288,42.432560443878174,1.320570171309804,39.23769370107158,,,0.0,-1,-1,0,32,prompt
20,3815,8,-16.210154472062044,-32.198461055755615,-19.9877952337265,2.4634975274013886,73.19714129060556,,,0.0,-1,-1,0,32,prompt
20,3825,4,7.0576277537259235,10.863299369812012,-23.29015064239502,1.1660891030358047,34.647645424017554,,,0.0,-1,-1,0,32,prompt
20,3835,1,13.445941139724912,19.287900924682617,-51.45769882202149,0.1933073727100896,5.743682270995325,,,0.0,-1,-1,0,32,prompt
20,3859,1,-31.134634641994417,21.061500549316406,-41.70289993286133,0.4630439179913158,13.75828094486392,,,0.0,-1,-1,0,32,prompt
20,3901,6,-36.2343380895501,-34.017093340555824,-16.059393246968586,1.7060142039248014,50.69027321500418,,,0.0,-1,-1,0,32,prompt
20,3979,2,-6.140975359091186,-15.297300338745115,5.32080078125,0.1592900188884975,4.732935141633222,,,0.0,-1,-1,0,32,prompt
20,3991,4,-10.482018327946868,11.085000038146973,-7.21689987182617,0.9462572717925132,28.115850107518348,,,0.0,-1,-1,0,32,prompt
20,4019,7,-29.459512523057565,-40.45629119873047,-6.6753838402884345,1.4607007350080443,43.401349867177835,,,0.0,-1,-1,0,32,prompt
20,4025,1,-59.63654257886434,-43.64718627929688,6.923712730407715,0.0704354432014578,2.092826573007352,,,0.0,-1,-1,0,32,prompt
20,4085,1,-48.988204522895245,-15.297300338745115,-35.05189895629883,0.0824576235787324,2.450037906044396,,,0.0,-1,-1,0,32,prompt
20,4127,4,-2.335409592539575,-24.878896713256836,2.4157092571258545,0.7661183073203272,22.76343668402171,,,0.0,-1,-1,0,32,prompt
20,4159,2,33.43614178150454,40.34940052032471,-49.240699768066406,0.632159943865997,18.783173197754667,,,0.0,-1,-1,0,32,prompt
20,4167,5,-3.3548369565154914,-4.9549947738647475,5.646925163269043,1.6259884343419193,48.3124922357691,,,0.0,-1,-1,0,32,prompt
20,4207,1,-64.07468047925326,-15.297300338745115,-35.05189895629883,0.0824576235787324,2.450037906044396,,,0.0,-1,-1,0,32,prompt
20,4267,5,-37.91416388058993,17.885647201538085,50.22172317504883,0.986547406117686,29.312978426915535,,,0.0,-1,-1,0,32,prompt
20,4289,1,-56.53942476348502,30.06806182861328,41.45348739624024,0.1139448260496992,3.385607429649496,,,0.0,-1,-1,0,32,prompt
20,4319,4,2.7732383503541413,11.306700468063354,7.858699798583984,1.654992161665648,49.174271029234575,,,0.0,-1,-1,0,32,prompt
20,4399,2,8.0647006000871,-21.948299884796143,-3.768899917602539,0.8662978833479237,25.74004149054651,,,0.0,-1,-1,0,32,prompt
20,4447,5,-26.728425791248583,-24.26506576538086,38.368080139160156,2.6404924474834837,78.45613669403693,,,0.0,-1,-1,0,32,prompt
20,4449,1,-8.672548218083595,37.91070175170898,-28.40089988708496,0.1530064605272173,4.546233712440573,,,0.0,-1,-1,0,32,prompt
20,4711,2,-33.183324949567805,3.865894317626953,14.119518280029297,0.4234209675264985,12.580976453479572,,,0.0,-1,-1,0,32,prompt
20,4721,9,-37.783838954088296,7.2052502102322045,35.20166142781576,3.465910949287505,102.98154174453884,0.3665759861469269,1409.37939453125,1409.37939453125,4,5,1,32,prompt
20,4739,3,19.714677886317414,-15.001699765523275,6.954366048177082,0.8350896873856468,24.81276200117543,,,0.0,-1,-1,0,32,prompt
20,4747,4,-48.176697105597974,-1.2886316776275621,-1.5519003868103027,1.1718225836413494,34.81800256272095,,,0.0,-1,-1,0,32,prompt
20,4921,4,4.330377357843504,14.77769124507904,28.423890590667725,0.7605132663124828,22.596895831421953,,,0.0,-1,-1,0,32,prompt
20,4995,3,-28.84812979437857,53.34656270345052,32.65938742955526,0.9137762357212265,27.150751113048017,,,0.0,-1,-1,0,32,prompt
20,5039,3,-44.63346704474926,-29.347537358601887,-19.175579071044922,0.44022963954947797,13.080407334691497,,,0.0,-1,-1,0,32,prompt
20,5055,2,-12.750288635209932,-2.923669815063482,-28.225180864334106,0.7906393825722549,23.49202382074445,,,0.0,-1,-1,0,32,prompt
20,5067,1,51.71813826737908,18.401100158691406,6.230899810791016,0.2961914185064041,8.800644152603471,,,0.0,-1,-1,0,32,prompt
20,5169,3,-10.112136133639089,-17.070899327596027,20.071616490681965,0.4174660600106213,12.40404012536726,,,0.0,-1,-1,0,32,prompt
20,5393,1,-46.864922721630045,-15.297300338745115,-35.05189895629883,0.0824391660188588,2.449489482267664,,,0.0,-1,-1,0,32,prompt
20,5401,3,11.261581920790176,14.549062728881836,-31.720103581746418,1.1238520650128934,33.392669356263625,,,0.0,-1,-1,0,32,prompt
20,5435,4,-27.069689671525392,-1.3232722878456116,-11.493759155273438,1.5297013446656613,45.45154367418124,,,0.0,-1,-1,0,32,prompt
20,5515,2,-14.753836500313566,-6.429299354553223,-37.26889991760254,0.4638282346938942,13.781585104846485,,,0.0,-1,-1,0,32,prompt
20,5523,4,-28.037449043221635,24.06137728691101,45.494788646698,1.9417216768136005,57.6937765692342,,,0.0,-1,-1,0,32,prompt
20,5561,2,-46.13055457983907,15.920830726623535,-7.662506103515627,0.15289470212755069,4.542913069622864,,,0.0,-1,-1,0,32,prompt
20,5581,4,-15.455565647246408,-29.3752498626709,-20.962300300598145,2.224698710232393,66.10178577840149,,,0.0,-1,-1,0,32,prompt
20,5713,3,6.873878421523098,28.15589968363444,-24.853700002034504,0.8228729086924294,24.449768628469766,,,0.0,-1,-1,0,32,prompt
20,5739,3,-34.68050286251557,-20.627337137858074,16.881737391153973,0.7818054389906341,23.22954358307227,,,0.0,-1,-1,0,32,prompt
20,5789,4,33.04638648937418,0.9976499974727631,11.66254997253418,2.0567099870534467,61.11038872239209,,,0.0,-1,-1,0,32,prompt
20,5981,1,-40.79840328944376,57.4202995300293,-47.467098236083984,0.3198849367389266,9.504642343162608,,,0.0,-1,-1,0,32,prompt
20,5983,1,40.814367814265296,-22.835100173950195,-51.901100158691406,0.1984887364516028,5.897634531814367,,,0.0,-1,-1,0,32,prompt
20,6021,1,-60.81791741565851,-54.5104866027832,49.6009635925293,0.056031600992507,1.664849657435488,,,0.0,-1,-1,0,32,prompt
20,6099,3,-25.21632032495728,-8.8495241800944,56.44595082600912,1.1250153206680997,33.42723281232726,,,0.0,-1,-1,0,32,prompt
20,6121,2,7.8970730894609,34.26650619506836,14.091806411743164,0.538388149256414,15.996960821746487,,,0.0,-1,-1,0,32,prompt
20,6177,2,-43.29423585880726,-29.042699575424194,-46.13689994812012,0.3483359857497039,10.349999576585356,,,0.0,-1,-1,0,32,prompt
20,6235,1,34.42855788564815,45.89189910888672,23.523500442504883,0.3471973761782104,10.316168421996226,,,0.0,-1,-1,0,32,prompt
21,21,3,32.79057030878108,6.6417624155680315,13.469745635986328,1.176465840118568,34.95596620856638,,,0.0,-1,-1,0,32,prompt
21,143,1,-39.026341034252496,-38.35409927368164,-17.759300231933594,0.1952496632931638,5.801392951300601,,,0.0,-1,-1,0,32,prompt
21,147,2,-42.2112637361503,58.97220039367676,-10.221500396728516,0.9181268270136387,27.280018888633847,,,0.0,-1,-1,0,32,prompt
21,205,2,-42.2671395730257,-20.839799880981445,-47.02370071411133,0.795211817761341,23.627883175525582,,,0.0,-1,-1,0,32,prompt
21,401,1,10.891617168278051,-17.957700729370117,36.38209915161133,0.8806173215192111,26.1655105350117,,,0.0,-1,-1,0,32,prompt
21,431,8,17.924435270385,7.264138996601105,-24.49217939376831,1.8630619223616443,55.35658357575163,,,0.0,-1,-1,0,32,prompt
21,433,3,-10.596393386559223,-4.360099792480469,-53.37910079956055,1.237237281477748,36.76164927912904,,,0.0,-1,-1,0,32,prompt
21,499,2,-19.82376880593129,-33.36584949493408,30.590187430381775,0.4965592344882752,14.754111194230997,,,0.0,-1,-1,0,32,prompt
21,515,11,-16.630437109782154,15.420746456493031,1.4003392999822444,3.498862930048827,103.96063377315396,,,0.0,-1,-1,0,32,prompt
21,571,7,6.143311357070589,30.816299438476562,32.32815660749163,2.5122373544758805,74.6453327213534,0.7060560584068298,149.0590362548828,149.0590362548828,3,7,1,32,prompt
21,585,2,-38.0578717173412,4.059881210327148,12.706181764602661,0.661510323482723,19.655251963753912,,,0.0,-1,-1,0,32,prompt
21,691,2,28.882440967379008,29.943355321884155,-14.368931770324707,0.3493969043997692,10.38152232481745,,,0.0,-1,-1,0,32,prompt
21,763,2,-20.015343103789803,-0.34640502929687855,-15.9485445022583,0.6392818545617048,18.99478433097252,,,0.0,-1,-1,0,32,prompt
21,791,6,-29.771012921631847,37.92455641428629,-17.591347694396973,1.8456292871739746,54.83861306971039,,,0.0,-1,-1,0,32,prompt
21,803,5,-13.608779292904652,2.9818653106689452,25.265609741210938,0.7084904484383481,21.051157908849227,,,0.0,-1,-1,0,32,prompt
21,973,2,21.021108167547006,-15.297300338745117,-34.386799812316895,0.6860129242947949,20.383290175150222,,,0.0,-1,-1,0,32,prompt
21,985,7,-28.762382028060966,45.594980648585725,41.44683020455496,2.6194403622304114,77.83062258590775,,,0.0,-1,-1,0,32,prompt
21,1123,2,-54.8711319196338,-26.950406074523926,5.916618347167969,0.138490859918599,4.114936154050976,,,0.0,-1,-1,0,32,prompt
21,1137,3,-10.793289192691583,-3.8705125649770102,-8.293804168701172,0.583113052614097,17.32585806392651,,,0.0,-1,-1,0,32,prompt
21,1189,2,1.2133038864372594,3.5472002029418936,-46.80200004577637,0.31995703102728124,9.506784458489392,,,0.0,-1,-1,0,32,prompt
21,1219,2,59.52479090511355,-24.60870099067688,-19.731299400329593,0.5532084277699925,16.437311180640016,,,0.0,-1,-1,0,32,prompt
21,1257,1,-44.74164092036485,-44.81111145019531,38.34968566894531,0.084834379368329,2.5206577168659154,,,0.0,-1,-1,0,32,prompt
21,1267,1,43.73587585660764,50.7692985534668,-31.94809913635254,0.3130735891895433,9.302258876807944,,,0.0,-1,-1,0,32,prompt
21,1319,2,-24.062350146050925,-45.44849967956543,-33.056599378585815,0.427684298213565,12.7076514816453,,,0.0,-1,-1,0,32,prompt
21,1321,1,-45.316363813940384,-49.88249969482422,-44.80670166015625,0.2629056097498473,7.811633195853772,,,0.0,-1,-1,0,32,prompt
21,1359,3,4.665692342835759,-16.54436206817627,-13.392903645833334,0.8071109612933245,23.981438752772924,,,0.0,-1,-1,0,32,prompt
21,1365,6,4.20792270380515,2.0645815059542656,-38.37425168355306,1.823678518236282,54.18639665077832,,,0.0,-1,-1,0,32,prompt
21,1391,6,-37.80510007433344,-41.577987353006996,56.196537017822266,2.083324274153285,61.90117081635691,,,0.0,-1,-1,0,32,prompt
21,1471,7,-10.186555808361987,-27.795638016292028,-20.624127660478866,3.3060130327653177,98.23054432823778,,,0.0,-1,-1,0,32,prompt
21,1557,2,-2.4505545601068324,6.082894325256348,27.67093062400818,0.3022425121938757,8.980438430729565,,,0.0,-1,-1,0,32,prompt
21,1589,2,-38.00461144567375,18.62279987335205,-25.962200164794922,1.0174893238581195,30.232346073709106,,,0.0,-1,-1,0,32,prompt
21,1593,3,-9.393732516669663,-21.97601318359375,-16.62602885564168,1.0778740412285286,32.02653853381584,,,0.0,-1,-1,0,32,prompt
21,1611,3,7.421196657210825,0.1939875284830729,7.773562431335449,0.6235474837081909,18.527273828659048,,,0.0,-1,-1,0,32,prompt
21,1613,1,22.08274906817961,-45.89189910888672,-24.853700637817383,0.7952166011523673,23.628025302946007,,,0.0,-1,-1,0,32,prompt
21,1621,3,-15.226105584806655,-13.671499888102213,-8.580167134602865,0.8756581796678741,26.018161084592165,,,0.0,-1,-1,0,32,prompt
21,1665,4,2.4266077728745143,-5.029818624258043,10.378331422805786,1.263085763846283,37.52967725359718,,,0.0,-1,-1,0,32,prompt
21,1731,2,1.364966872241915,3.5472002029418936,-27.292399406433105,0.23343136830375041,6.935874161567615,,,0.0,-1,-1,0,32,prompt
21,1799,3,4.205261949668227,-1.1084995269775402,-50.570899963378906,1.2666706622017365,37.6361942313972,,,0.0,-1,-1,0,32,prompt
21,1843,1,-64.69729694729344,-36.27566146850586,20.502838134765625,0.1266089560037405,3.761892812223584,,,0.0,-1,-1,0,32,prompt
21,1861,1,-23.200265805687607,-32.39591217041016,27.098411560058597,0.0962361264670881,2.85943430749151,,,0.0,-1,-1,0,32,prompt
21,1889,2,-4.226428055283904,-0.38797473907470703,41.06551170349121,0.20757863789108338,6.167719966275994,,,0.0,-1,-1,0,32,prompt
21,1961,3,29.53992586997876,11.454499880472818,25.14930073420207,1.1201770464582173,33.28347466481371,,,0.0,-1,-1,0,32,prompt
21,1983,3,7.557015045673656,-4.914349873860677,-3.7426586151123047,1.0206118170170821,30.325123748698953,,,0.0,-1,-1,0,32,prompt
21,1989,1,-12.631750373826224,-4.655700206756592,-53.67470169067383,0.2524197395776481,7.500069773519413,,,0.0,-1,-1,0,32,prompt
21,2037,3,-10.420783613522255,3.0760869979858403,21.263253529866535,0.9129987264340449,27.127649219696973,,,0.0,-1,-1,0,32,prompt
21,2085,2,8.349446481666924,-0.44340038299560725,-14.433800458908081,0.43653252473221926,12.970556103814909,,,0.0,-1,-1,0,32,prompt
21,2217,3,50.898625993206544,-37.467299143473305,-17.595966339111328,1.080770125926905,32.1125890041324,,,0.0,-1,-1,0,32,prompt
21,2285,2,-46.80904688475464,-50.99099922180176,-45.69350051879883,0.37212124726706886,11.056723707036205,,,0.0,-1,-1,0,32,prompt
21,2511,3,-4.8278784177084,40.71890004475912,-41.555100758870445,0.7975945428678541,23.69868035081729,,,0.0,-1,-1,0,32,prompt
21,2551,3,-19.852239984918874,-11.546875,45.15772374471029,1.0420269912498117,30.96142620755693,,,0.0,-1,-1,0,32,prompt
21,2711,5,-32.350030980598035,33.17186298370361,-18.287602996826173,1.241111593228803,36.87676550778017,,,0.0,-1,-1,0,32,prompt
21,2713,6,21.421686367444636,-4.655700047810872,19.731300354003906,2.1639586222190665,64.2970343001221,,,0.0,-1,-1,0,32,prompt
21,2733,6,6.070450599651823,7.316100597381592,-34.09120019276937,2.3666983047776213,70.32097588089769,,,0.0,-1,-1,0,32,prompt
21,2759,3,-28.04990355330143,-24.756500720977783,8.450841903686522,0.29259067404577355,8.6936563443737,,,0.0,-1,-1,0,32,prompt
21,2779,4,-12.396983577923518,18.733649730682373,-29.276050806045532,1.289745386936714,38.32180640185049,,,0.0,-1,-1,0,32,prompt
21,2795,1,-19.624212245662005,48.99570083618164,-3.1270999908447266,0.3583044588895791,10.646189740673211,0.2613905072212219,242.5897979736328,242.5897979736328,6,14,1,32,prompt
21,2961,4,-11.621396341474705,-5.563284397125244,37.026416540145874,0.9309512167595723,27.661066020915364,,,0.0,-1,-1,0,32,prompt
21,2975,4,13.22392546604686,-8.847215414047241,-10.79874038696289,1.4865361717102135,44.168990219789826,,,0.0,-1,-1,0,32,prompt
21,2987,2,37.06270448120272,3.1038001775741577,45.47179985046387,0.6492933188274603,19.292251877107773,,,0.0,-1,-1,0,32,prompt
21,3015,2,15.671796677552278,9.934931755065916,13.870105743408203,0.8228404815685899,24.448805131352785,,,0.0,-1,-1,0,32,prompt
21,3047,1,16.080087735279484,-43.67490005493164,62.542701721191406,0.2680238321712411,7.96370935812648,,,0.0,-1,-1,0,32,prompt
21,3143,1,-35.49818104869152,18.42881202697754,22.44271278381348,0.1194029465308652,3.547782878009897,,,0.0,-1,-1,0,32,prompt
21,3277,2,32.095121696494935,-22.835100173950195,-31.94809913635254,0.5713469399451716,16.97625519163258,,,0.0,-1,-1,0,32,prompt
21,3309,1,-57.28975743009754,-51.21269989013672,-43.03310012817383,0.199573563425575,5.929867660691691,,,0.0,-1,-1,0,32,prompt
21,3327,2,-38.856097958418346,-54.09480094909668,-44.36330032348633,0.418829757585579,12.444559250294954,,,0.0,-1,-1,0,32,prompt
21,3355,1,21.22066472781629,-41.90129852294922,54.11809921264648,0.1131151901067205,3.3609567130717384,,,0.0,-1,-1,0,32,prompt
21,3359,1,-41.979778126237925,-15.297300338745115,-35.05189895629883,0.0824576235787324,2.450037906044396,,,0.0,-1,-1,0,32,prompt
21,3479,1,-61.71193080566491,-15.297300338745115,-35.05189895629883,0.0507916004166072,1.5091551384636828,,,0.0,-1,-1,0,32,prompt
21,3481,1,42.10749432481027,27.712499618530277,-45.69350051879883,0.4471183578195242,13.285089693376726,,,0.0,-1,-1,0,32,prompt
21,3559,3,-26.152905781154463,-39.518025716145836,-18.633508841196697,0.6302920028830155,18.727671644157393,,,0.0,-1,-1,0,32,prompt
21,3591,3,-40.881803711686686,-13.893199920654297,8.06286652882894,0.5989670515956429,17.79692303986641,,,0.0,-1,-1,0,32,prompt
21,3611,2,-8.700666027740866,-1.8983058929443324,37.86471939086914,0.4595001934007497,13.652987350425338,,,0.0,-1,-1,0,32,prompt
21,3689,5,-14.569843687161528,-49.52778015136719,-11.196979904174805,2.01150286598073,59.76716349415665,,,0.0,-1,-1,0,32,prompt
21,3765,9,18.635042769139716,-9.631633228725857,5.323388841417098,3.672401448427871,109.11693018013774,,,0.0,-1,-1,0,32,prompt
21,3801,5,12.155529264233106,-6.146632862091066,-19.83018226623535,1.2535542152203893,37.246469292668664,,,0.0,-1,-1,0,32,prompt
21,3813,2,-15.67179667755228,45.07438278198242,26.419455528259277,0.3579740901593891,10.636373596612687,,,0.0,-1,-1,0,32,prompt
21,3839,2,1.7880267800128005,1.108499526977539,-1.108499526977539,0.6052833049445476,17.984595925129955,,,0.0,-1,-1,0,32,prompt
21,3841,14,-0.7995373749612336,33.63505710874285,29.84986754826137,5.307981781783454,157.7144235492707,,,0.0,-1,-1,0,32,prompt
21,3847,2,-21.563902011479463,-22.71039390563965,3.8381824493408203,0.3006600657353907,8.933419687776441,,,0.0,-1,-1,0,32,prompt
21,3869,3,-26.92452448086237,-17.514300028483074,-9.319166819254557,1.5396766027558237,45.74793543740175,,,0.0,-1,-1,0,32,prompt
21,3875,5,-40.50575648552531,-8.41905755996704,49.678556823730474,1.6384874897757675,48.68387281010057,,,0.0,-1,-1,0,32,prompt
21,3877,1,-48.73277212575056,14.549062728881836,39.51361083984375,0.1194274767412617,3.5485117365763497,,,0.0,-1,-1,0,32,prompt
21,3885,1,-44.35849232464781,23.08451271057129,11.19143772125244,0.0877180914353659,2.606340563008238,,,0.0,-1,-1,0,32,prompt
21,3911,1,-35.43432294940535,47.66550064086914,-7.117700099945068,0.4445984704831122,13.21021705910446,,,0.0,-1,-1,0,32,prompt
21,3971,2,-23.841462363757273,16.682924270629883,56.196537017822266,0.5627154279123759,16.71978974005871,,,0.0,-1,-1,0,32,prompt
21,4015,1,-54.41614296221982,-38.991485595703125,27.486387252807617,0.0617908483897837,1.8359723968647,,,0.0,-1,-1,0,32,prompt
21,4055,3,12.405706199667419,-23.066038290659588,-20.431878407796223,0.9737225648860507,28.931917879778787,,,0.0,-1,-1,0,32,prompt
21,4059,2,18.377783634803794,7.981200218200684,-59.882301330566406,0.2920606903589304,8.677909102748297,,,0.0,-1,-1,0,32,prompt
21,4117,3,-20.15278527491155,-10.068875312805176,18.538192749023438,0.5201565563496993,15.455251131721637,,,0.0,-1,-1,0,32,prompt
21,4157,2,2.809756368591543,-39.1716194152832,-4.226156234741212,0.4848636933290349,14.406605191411487,,,0.0,-1,-1,0,32,prompt
21,4173,1,42.07556527516719,-47.66550064086914,37.71229934692383,0.1995115941362951,5.928026386335763,,,0.0,-1,-1,0,32,prompt
21,4193,1,37.62146284995672,17.957700729370117,27.51409912109375,0.1577021484813178,4.685755238567475,,,0.0,-1,-1,0,32,prompt
21,4223,1,-57.11414765706057,0.2216999977827072,-63.429500579833984,0.2335420712563314,6.939163444211998,,,0.0,-1,-1,0,32,prompt
21,4279,5,-17.96933093432787,44.650380325317386,-21.56322021484375,3.0548428520021336,90.76760230990219,0.21627327799797058,133.62115478515625,210.98406982421875,7,14,2,32,prompt
21,4329,2,-8.225541523080395,25.564780712127686,-11.569968700408936,0.6678817671501531,19.844564701908748,,,0.0,-1,-1,0,32,prompt
21,4371,1,14.659245026162171,58.30709838867188,-15.985699653625488,0.2324916295492862,6.90795199415252,,,0.0,-1,-1,0,32,prompt
21,4397,5,-38.380950188265786,-29.40296325683594,-12.046746635437012,1.2092463907055473,35.92996458534982,,,0.0,-1,-1,0,32,prompt
21,4475,4,9.986408113263998,-18.622800827026367,4.667349338531494,1.4756681061168295,43.846070742929776,,,0.0,-1,-1,0,32,prompt
21,4525,3,-32.51997050333343,-37.05161158243815,-23.609578768412273,1.0431943947802504,30.996112908156462,,,0.0,-1,-1,0,32,prompt
21,4539,2,43.56824834598144,-21.948299407958984,-49.905799865722656,0.5283049399773063,15.697361538184742,,,0.0,-1,-1,0,32,prompt
21,4805,3,-24.473849993275824,-9.21902537345886,13.771642049153646,0.42005069952901575,12.480836721226957,,,0.0,-1,-1,0,32,prompt
21,4849,3,-26.420724904985477,-8.78486188252767,-2.511129061381022,0.6301512914428414,18.72349072858794,,,0.0,-1,-1,0,32,prompt
21,4851,4,-35.724367744794534,-28.225181460380554,-6.401587128639221,0.8399002506258185,24.955696781203272,,,0.0,-1,-1,0,32,prompt
21,4865,2,-39.758093610835516,-32.576043128967285,-4.586418628692627,0.835448383902958,24.823419840026915,,,0.0,-1,-1,0,32,prompt
21,5055,4,-12.885277150978004,-8.902640342712402,47.79272174835205,1.1422225611151002,33.938506234042094,,,0.0,-1,-1,0,32,prompt
21,5147,2,-37.642794071981086,-5.1406683921813965,-8.27218246459961,0.2333986038988998,6.934900642924113,,,0.0,-1,-1,0,32,prompt
21,5193,4,9.496806757605535,-7.71100327372551,22.02009654045105,1.2225404584113713,36.324967113814516,,,0.0,-1,-1,0,32,prompt
21,5231,3,-23.759024174441606,36.922287146250405,19.985538085301716,0.6095672309336249,18.1118828951444,,,0.0,-1,-1,0,32,prompt
21,5237,1,-59.31725208243349,26.188312530517575,38.73766326904297,0.0877295388668848,2.6066806970059315,,,0.0,-1,-1,0,32,prompt
21,5311,1,-25.563015479275958,-59.554161071777344,11.967387199401855,0.2086998997674468,6.201035674156778,,,0.0,-1,-1,0,32,prompt
21,5335,5,-7.3955301453358215,-12.28217945098877,10.457815265655517,1.3184954472653634,39.17604806622489,,,0.0,-1,-1,0,32,prompt
21,5471,3,22.997251374762826,47.102011362711586,-22.33480389912923,0.7502985270324702,22.293388437560473,,,0.0,-1,-1,0,32,prompt
21,5489,1,-44.77356997000793,-8.646300315856934,-30.17449951171875,0.0956079960638898,2.84077086279127,,,0.0,-1,-1,0,32,prompt
21,5597,4,23.64000018349508,29.229759216308594,48.540958881378174,1.0304321800201799,30.616913162029938,,,0.0,-1,-1,0,32,prompt
21,5655,2,-31.217072831310084,-6.19374394416809,7.662506103515625,0.1259061255007221,3.741009826525179,,,0.0,-1,-1,0,32,prompt
21,5659,1,-45.076895941617245,-49.88249969482422,-45.250099182128906,0.2147083578422451,6.379563133489609,,,0.0,-1,-1,0,32,prompt
21,5829,1,-9.327093735766852,52.18263626098633,46.885135650634766,0.1068010155269738,3.1733455936342465,,,0.0,-1,-1,0,32,prompt
21,5859,1,-48.716807600929016,-17.514299392700195,-8.44789981842041,0.1452082236897628,4.314527109426088,,,0.0,-1,-1,0,32,prompt
21,5961,10,6.201383688684413,7.050060224533081,6.522640228271484,3.8853504682576516,115.44421864655588,,,0.0,-1,-1,0,32,prompt
21,6037,1,48.50926877824896,-48.1088981628418,36.82550048828125,0.1585327934941855,4.710435937327237,,,0.0,-1,-1,0,32,prompt
21,6039,1,47.75893611163645,48.99570083618164,-64.31629943847656,0.3135577778039852,9.316645423588852,,,0.0,-1,-1,0,32,prompt
21,6135,1,-15.8246553381348,-40.15541076660156,22.054737091064453,0.1487932606126696,4.421048204438045,,,0.0,-1,-1,0,32,prompt
21,6159,6,6.064730533118684,13.592981656392416,-9.149743715922037,3.538632084197452,105.14228236944683,,,0.0,-1,-1,0,32,prompt
21,6219,1,50.72833772844342,-60.52410125732422,3.1270999908447266,0.1952545693352426,5.801538723013876,,,0.0,-1,-1,0,32,prompt
21,6273,3,-45.10175977284785,19.28790012995402,7.822691599527992,0.9242652309771482,27.46240739002998,,,0.0,-1,-1,0,32,prompt
21,6281,1,-53.6977393452504,0.6650999784469604,-56.33509826660156,0.29536688479452,8.77614503704263,,,0.0,-1,-1,0,32,prompt
22,37,45,7.857224499100841,-9.089699935913085,-14.985868665907118,9.75542384706927,289.85989624146504,,,0.0,-1,-1,0,32,prompt
22,131,1,-56.9385378840236,-15.297300338745115,-35.05189895629883,0.0507916004166072,1.5091551384636828,,,0.0,-1,-1,0,32,prompt
22,135,4,-9.963171271246729,11.597680985927582,13.244369029998781,0.9746432861570856,28.959274986581455,,,0.0,-1,-1,0,32,prompt
22,169,2,-41.11507822066666,-37.91069984436035,-50.34920120239258,0.8161463308637247,24.249903898648284,,,0.0,-1,-1,0,32,prompt
22,447,2,-0.47893574464628585,-25.49549961090088,-7.5610997676849365,0.5619212952591095,16.69619392176457,,,0.0,-1,-1,0,32,prompt
22,451,2,-4.609576651000934,-7.9811999797821045,-47.91049957275391,0.3507803136436866,10.422627136477875,,,0.0,-1,-1,0,32,prompt
22,507,1,50.00993411147399,-31.259700775146484,4.900700092315674,0.7027201253304011,20.8797060802491,,,0.0,-1,-1,0,32,prompt
22,619,4,9.144279428927609,-37.557366371154785,48.097558975219734,1.2558828688964694,37.31565986024545,,,0.0,-1,-1,0,32,prompt
22,653,4,7.09753906577978,30.158128023147583,-11.5076162815094,2.069961261560505,61.504119749756626,,,0.0,-1,-1,0,32,prompt
22,679,5,5.564949374703831,-21.006074905395508,6.932785320281984,1.889958466377091,56.15575228228748,,,0.0,-1,-1,0,32,prompt
22,831,10,-24.836363351582794,6.687026596069336,46.483306312561034,3.4874412765249945,103.62126570906737,0.3820092976093292,112.880615234375,112.880615234375,4,14,1,32,prompt
22,833,4,6.595254371290114,-0.9976511001586914,13.30199933052063,1.448315124946663,43.03334006016594,,,0.0,-1,-1,0,32,prompt
22,961,3,-11.428292387418088,1.8382631937662748,4.691179275512698,0.676510895260735,20.10095932073805,,,0.0,-1,-1,0,32,prompt
22,975,7,-38.02210931255324,13.108013016836983,37.352037702287944,2.257192878011411,67.0672749512485,,,0.0,-1,-1,0,32,prompt
22,1019,4,-9.361108296622417,39.9060001373291,-33.155799865722656,1.2566578860377544,37.33868770523506,,,0.0,-1,-1,0,32,prompt
22,1029,4,39.12159812918628,-11.195849895477293,-16.20739984512329,1.3000317330271907,38.62744142675871,,,0.0,-1,-1,0,32,prompt
22,1085,2,-54.440089749452135,-17.417305946350098,-20.49339461326599,5.358754641376132,159.2230218474202,,,0.0,-1,-1,0,32,prompt
22,1109,1,-10.061461877557823,-48.690860748291016,48.43703842163086,0.0854104676427925,2.537774849865943,,,0.0,-1,-1,0,32,prompt
22,1221,2,58.91813896189491,46.77870178222656,-50.570899963378906,0.8399401633818182,24.956882696597017,,,0.0,-1,-1,0,32,prompt
22,1375,2,-19.183992138291714,50.56145668029785,26.091318130493168,0.3945811116643242,11.724066722146878,,,0.0,-1,-1,0,32,prompt
22,1397,3,16.127184193225542,14.382787624994913,9.014328638712565,0.8935453329402782,26.549636546127523,,,0.0,-1,-1,0,32,prompt
22,1427,2,-8.137736636561907,-21.920587301254272,20.114861965179443,0.1972396993247392,5.8605222773731445,,,0.0,-1,-1,0,32,prompt
22,1449,1,19.863680117985147,-42.34469985961914,37.26890182495117,0.6998995668544173,20.79589969725557,,,0.0,-1,-1,0,32,prompt
22,1475,5,-2.8950586416550577,-0.8258319854736325,-6.007187080383301,1.376149543873151,40.88910643484196,,,0.0,-1,-1,0,32,prompt
22,1541,7,-1.1348758245124022,-29.094166483197892,14.520720073154994,1.9809025238448648,58.857944977821276,,,0.0,-1,-1,0,32,prompt
22,1555,2,-1.9796010778713162,-24.456280708312985,19.329469203948975,0.2960053919203443,8.79511680209787,,,0.0,-1,-1,0,32,prompt
22,1659,3,-44.98110879268799,-25.347699483235676,-43.77209981282552,0.6552318319500685,19.468701083675555,,,0.0,-1,-1,0,32,prompt
22,1711,3,1.436333937128829,-36.876100381215416,14.492166678110758,0.6125733161137529,18.20120177580653,,,0.0,-1,-1,0,32,prompt
22,1777,3,-32.53061351988112,32.977874755859375,5.273141860961914,0.9305723160235251,27.64980786035175,,,0.0,-1,-1,0,32,prompt
22,1911,3,-31.135581235614467,-1.9952996571858723,-31.948099772135418,0.9278894457727128,27.57009256507389,,,0.0,-1,-1,0,32,prompt
22,1929,4,-31.39607589816351,8.029697060585022,22.97617816925049,1.555731067656342,46.22495679528713,,,0.0,-1,-1,0,32,prompt
22,1937,2,-63.603726997017745,53.92852592468262,57.74843597412109,0.5415072361397557,16.089637287120688,,,0.0,-1,-1,0,32,prompt
22,2001,4,7.173370558682111,-13.15650987625122,-14.221234321594238,1.4949068803813463,44.417706501616074,,,0.0,-1,-1,0,32,prompt
22,2057,2,-45.420133225280416,-32.58990001678467,-39.48589897155762,0.22688942731932182,6.741495489283284,,,0.0,-1,-1,0,32,prompt
22,2097,9,-2.4181620635276397,31.30588780509101,6.92147699991862,2.8202707021614843,83.79783245880805,,,0.0,-1,-1,0,32,prompt
22,2141,1,57.91237389813772,-19.287900924682617,-58.99549865722656,0.3837502829758852,11.4022536539445,,,0.0,-1,-1,0,32,prompt
22,2197,5,-50.194076373320705,17.896732139587403,3.513062286376953,1.5028479116612912,44.653655911804584,,,0.0,-1,-1,0,32,prompt
22,2313,2,-16.830420401892003,-15.962399959564209,-40.59440040588379,0.7251123429231622,21.545039126747533,,,0.0,-1,-1,0,32,prompt
22,2419,4,-19.009578040032604,-6.1729583740234375,-13.999534726142883,1.873471216188544,55.66587170878528,,,0.0,-1,-1,0,32,prompt
22,2445,2,26.00465547707633,18.17940044403076,30.396199226379395,0.2837194418671364,8.43006816213329,,,0.0,-1,-1,0,32,prompt
22,2659,7,23.635186025945213,20.966485704694474,48.10052898951939,1.6693370471960909,49.60049618322407,,,0.0,-1,-1,0,32,prompt
22,2669,4,-40.96603080006996,17.389593601226807,17.403449535369873,0.9202261067816916,27.342394140113306,,,0.0,-1,-1,0,32,prompt
22,2685,3,22.590036064333763,-9.533099492390951,38.30349922180176,1.9148583967491106,56.895596224201036,,,0.0,-1,-1,0,32,prompt
22,2693,4,-12.606607911816049,-5.632565975189209,-1.281702995300293,1.193936997527437,35.475081313470255,,,0.0,-1,-1,0,32,prompt
22,2707,5,7.484453214425318,-6.202057647705077,0.38709163665771484,1.246425998023682,37.03467077633408,,,0.0,-1,-1,0,32,prompt
22,2809,1,-40.89419043837301,19.731300354003903,-39.04249954223633,0.1534738380625014,4.560120756817813,,,0.0,-1,-1,0,32,prompt
22,2815,6,9.48507001239439,-3.380925019582113,27.9127836227417,1.7417870665845256,51.753181236363275,,,0.0,-1,-1,0,32,prompt
22,2823,2,-43.16913522544287,6.803418874740601,-4.226156234741211,0.5416735408639094,16.094578648033686,,,0.0,-1,-1,0,32,prompt
22,2829,3,-34.10498285242145,-4.618749618530273,25.13082504272461,0.6736391998432372,20.01563352159267,,,0.0,-1,-1,0,32,prompt
22,3065,3,28.009075197249274,-51.50829950968424,-18.793899536132812,0.654333786097504,19.442017724579625,,,0.0,-1,-1,0,32,prompt
22,3081,1,-44.19884707643239,51.21269989013672,-15.985699653625488,0.1500475720376111,4.458317172469327,,,0.0,-1,-1,0,32,prompt
22,3095,3,-34.39846292400165,11.306700388590494,4.3493922551473,1.2331408994170119,36.63993474394284,0.3837904632091522,123.6107177734375,230.60028076171875,4,6,2,32,prompt
22,3103,6,1.7702733561236503,9.343730608622232,-29.01666498184204,1.0679339817377485,31.73119261570925,,,0.0,-1,-1,0,32,prompt
22,3125,9,-15.789759853022026,-16.990841971503365,6.127188788519965,2.337514425435266,69.45384428613468,0.13088588416576385,222.56802368164062,333.7618103027344,4,3,2,32,prompt
22,3127,1,-37.76514357335061,54.89846420288086,14.683212280273438,0.2087015351148065,6.201084264727869,,,0.0,-1,-1,0,32,prompt
22,3131,2,-44.97312653027721,7.856493949890137,-7.8842058181762695,0.4188547383472919,12.445301495953538,,,0.0,-1,-1,0,32,prompt
22,3199,2,-21.236629252637833,-3.4917736053466832,21.666762113571163,0.38479135628697636,11.433186743748006,,,0.0,-1,-1,0,32,prompt
22,3261,1,-19.560354146375836,-9.893362045288086,3.0439624786376958,0.1171051348224503,3.4795087082941776,,,0.0,-1,-1,0,32,prompt
22,3299,1,-29.346607861981614,-34.72376251220703,45.7212142944336,0.8748917025138805,25.99538698560775,,,0.0,-1,-1,0,32,prompt
22,3319,2,-48.8604883243229,11.1542809009552,12.290493965148928,0.41670849360553813,12.38153078871354,,,0.0,-1,-1,0,32,prompt
22,3395,1,-43.87955658000153,34.36349868774414,-3.570499897003174,0.4165335568643579,12.376332947344244,,,0.0,-1,-1,0,32,prompt
22,3525,2,3.272727588416288,4.697267532348636,-10.212056636810301,0.3636799070018551,10.805908770466447,,,0.0,-1,-1,0,32,prompt
22,3575,3,-30.316866077960515,-14.549062410990397,42.746737798055015,0.4874895897716746,14.484627641520923,,,0.0,-1,-1,0,32,prompt
22,3615,2,-46.39396923939453,-52.54290008544922,-44.80669975280762,0.4891281553741771,14.533313835270352,,,0.0,-1,-1,0,32,prompt
22,3621,8,5.216673512436871,-20.174700021743774,-47.51670026779175,1.9499781551411475,57.93909876013642,,,0.0,-1,-1,0,32,prompt
22,3623,2,-62.350511798526625,56.25637626647949,4.59586238861084,0.9123450855534566,27.108227790059814,,,0.0,-1,-1,0,32,prompt
22,3737,4,14.822881405582985,19.287900924682617,-11.108299970626831,2.051832254746344,60.9654581686207,,,0.0,-1,-1,0,32,prompt
22,3807,2,-26.05254905154096,-17.00161838531494,-8.078193664550778,0.4945106784599572,14.693243081566523,,,0.0,-1,-1,0,32,prompt
22,3813,5,-26.87267447081451,25.71165771484375,-34.97052764892578,1.6377763302988544,48.66274234817288,,,0.0,-1,-1,0,32,prompt
22,3839,6,3.2602956728009858,14.724575201670328,18.50124231974284,1.3972061973784997,41.51475627804038,,,0.0,-1,-1,0,32,prompt
22,3841,5,5.9097831108491565,31.52574043273926,-28.666940116882323,1.8258213302829738,54.25006536340997,,,0.0,-1,-1,0,32,prompt
22,3897,3,4.967981342967072,-36.68211237589518,2.2738958994547525,1.0566130625078318,31.394817638590496,,,0.0,-1,-1,0,32,prompt
22,3917,2,-33.15676259712754,-37.09318161010742,-7.551656723022463,0.3515679807252688,10.446030845237162,,,0.0,-1,-1,0,32,prompt
22,3919,7,30.15095406617009,-35.16320310320173,35.13899687358311,3.315268605980674,98.50555231701571,,,0.0,-1,-1,0,32,prompt
22,3939,6,12.21008080686366,0.8082813421885172,24.618143717447918,1.8719845021429147,55.62169743345266,,,0.0,-1,-1,0,32,prompt
22,3951,3,9.970199120383844,-39.24090067545573,-10.501566569010416,0.5848219396377067,17.376633696345667,,,0.0,-1,-1,0,32,prompt
22,3985,1,12.328424402216912,-21.948299407958984,59.43889999389648,0.2621513603707359,7.789222416968436,,,0.0,-1,-1,0,32,prompt
22,4083,4,-8.913503764230285,-13.0941561460495,24.21851921081543,0.6238096958375353,18.53506485668576,,,0.0,-1,-1,0,32,prompt
22,4159,3,-0.45280150008707426,15.888500213623047,28.680967330932617,1.045769830902082,31.072636046336143,,,0.0,-1,-1,0,32,prompt
22,4213,3,-35.17182533384818,-22.24389950434367,-41.11169942220052,1.0320402261650767,30.664692540560107,,,0.0,-1,-1,0,32,prompt
22,4509,1,-28.80381401804916,29.68008804321289,47.66108703613281,0.3832644590140836,11.3878185165925,,,0.0,-1,-1,0,32,prompt
22,4519,1,-39.15405723282484,15.297300338745115,-25.74049949645996,0.1652661145676092,4.910501027096699,,,0.0,-1,-1,0,32,prompt
22,4529,2,27.593125696819847,26.82569980621338,40.372700691223145,0.7554962590549669,22.447827044057767,0.7118573784828186,208.0388946533203,208.0388946533203,6,15,1,32,prompt
22,4763,9,-20.689676373857285,-10.539987405141195,54.127337561713325,2.1234902771761583,63.09461086070128,,,0.0,-1,-1,0,32,prompt
22,4833,2,0.30332597160931485,-14.452069282531738,-14.784619331359863,0.42752400062672047,12.702888608948134,,,0.0,-1,-1,0,32,prompt
22,4877,2,-29.149666866920278,-10.932581424713133,-19.10776948928833,0.4762694797956375,14.151247978632266,,,0.0,-1,-1,0,32,prompt
22,5017,3,-42.717724066164116,-36.275662899017334,30.072886784871418,0.6005791968787215,17.844824214823525,,,0.0,-1,-1,0,32,prompt
22,5145,7,23.870434226827307,5.554376908711026,34.63873440878732,2.366424766786257,70.31284833103028,,,0.0,-1,-1,0,32,prompt
22,5189,1,5.830862799848963,-9.089699745178224,16.429100036621094,0.6200990371924654,18.42481120223582,,,0.0,-1,-1,0,32,prompt
22,5219,2,-32.119068483727254,-36.85762405395508,34.85791301727295,0.19053787239847908,5.661392963472797,,,0.0,-1,-1,0,32,prompt
22,5233,3,-46.620133341033046,4.3046747843424455,11.037340799967447,0.6052116883794355,17.982468004246357,,,0.0,-1,-1,0,32,prompt
22,5313,2,-31.568292377384026,28.12818717956543,49.21298789978027,0.15815516998418422,4.699215726586707,,,0.0,-1,-1,0,32,prompt
22,5325,6,-18.04685833927621,-0.8452310562133789,-2.5619354248046875,2.5000044181948278,74.28185926322993,,,0.0,-1,-1,0,32,prompt
22,5381,2,-55.469801600441656,-13.426706790924072,-5.3346557617187536,0.3478918615076846,10.336803450130148,,,0.0,-1,-1,0,32,prompt
22,5557,3,-27.789149647882894,31.195037206013996,-7.425478617350261,0.2870582763309595,8.529273919507121,,,0.0,-1,-1,0,32,prompt
22,5583,1,-7.028202161464678,-33.947811126708984,62.40413665771485,0.0676669487893129,2.0105671534650145,,,0.0,-1,-1,0,32,prompt
22,5627,2,-2.3228383615344868,-17.29259991645813,27.269100666046146,0.6088737539722977,18.09127782834183,,,0.0,-1,-1,0,32,prompt
22,5765,5,15.573605985013264,-41.08655319213867,25.50393772125244,1.0311291752797254,30.637622766940986,,,0.0,-1,-1,0,32,prompt
22,5903,1,-34.17312548850346,-42.871238708496094,7.699662685394287,0.0963577802049612,2.863048967437615,,,0.0,-1,-1,0,32,prompt
22,5945,2,-53.84940233105505,-49.88249969482422,-43.69820022583008,0.3779161808738695,11.228906779788911,,,0.0,-1,-1,0,32,prompt
22,5955,5,0.4765050876791406,-2.8211322784423816,23.676677894592284,1.222107079965577,36.3120902738842,,,0.0,-1,-1,0,32,prompt
22,6009,2,13.753438133759182,3.200793743133545,46.95441818237305,0.157468855231541,4.678823468279047,,,0.0,-1,-1,0,32,prompt
22,6041,4,-23.169046701259568,-26.132887840270996,18.23261833190918,0.7996369364347073,23.75936536016725,,,0.0,-1,-1,0,32,prompt
22,6059,2,-29.181595916563364,-21.532612085342407,48.43703651428223,0.40342859359075417,11.986949220477658,,,0.0,-1,-1,0,32,prompt
23,37,8,22.20822683636785,-10.080421661958098,28.616774559020996,2.755679502416249,81.87865408688214,,,0.0,-1,-1,0,32,prompt
23,169,2,26.50372676896912,-29.70780086517334,-26.16059970855713,0.7824381070780464,23.248341854582296,,,0.0,-1,-1,0,32,prompt
23,181,1,53.5859876714996,-52.0994987487793,-63.429500579833984,0.5187123085052635,15.41233864151129,,,0.0,-1,-1,0,32,prompt
23,493,10,40.106927343072755,-25.769853401184083,-0.007431459426879883,3.0753135673032155,91.37584235217801,,,0.0,-1,-1,0,32,prompt
23,495,4,45.124789516081876,-53.9839506149292,-21.394050359725952,1.0413684087571373,30.941857949325858,,,0.0,-1,-1,0,32,prompt
23,559,1,-15.521329366525489,-15.740699768066406,-15.985699653625488,0.1336353167876134,3.970664900417409,,,0.0,-1,-1,0,32,prompt
23,567,2,42.67423495597504,53.4296989440918,-14.85390043258667,0.8656178949854224,25.719837206315518,,,0.0,-1,-1,0,32,prompt
23,713,2,-25.996673214665563,34.72376346588135,37.18576240539551,0.37044581252141506,11.006942031821708,,,0.0,-1,-1,0,32,prompt
23,751,2,-43.45649667223064,33.75382614135742,41.64747428894043,0.17449402456758462,5.184687067298532,,,0.0,-1,-1,0,32,prompt
23,765,1,-29.873437181092527,-45.58706283569336,16.2351131439209,0.0866745911518933,2.575335361323826,,,0.0,-1,-1,0,32,prompt
23,929,1,-17.59671759332606,45.58706283569336,59.30033874511719,0.2045635116228272,6.078132450554239,,,0.0,-1,-1,0,32,prompt
23,931,3,-54.895078706866116,10.225912471612295,-17.124853769938152,2.1093339073362527,62.67398701521007,,,0.0,-1,-1,0,32,prompt
23,1059,2,-29.10177329245565,13.967099905014038,41.64747428894043,0.1928471315384121,5.730007267186183,,,0.0,-1,-1,0,32,prompt
23,1087,1,20.406473961917605,20.174699783325195,-50.12749862670898,0.2509846180561401,7.457428450923965,,,0.0,-1,-1,0,32,prompt
23,1137,8,-26.915676147510517,-0.16281094402074947,9.347298383712769,2.655697265042358,78.90791274283566,0.4152507185935974,135.59384155273438,135.59384155273438,5,4,1,32,prompt
23,1155,3,-21.956776579745895,10.539987405141195,32.40073776245117,0.3570121369951015,10.60779137929844,,,0.0,-1,-1,0,32,prompt
23,1213,3,-23.009638101449152,-17.662100474039715,-7.841166814168299,0.9714924207484005,28.865654295697095,,,0.0,-1,-1,0,32,prompt
23,1251,1,63.73942545800086,-41.90129852294922,41.259498596191406,0.4231001189717163,12.57144317945106,,,0.0,-1,-1,0,32,prompt
23,1301,3,38.3700518064306,-32.2943000793457,5.904233296712239,0.9612674873491371,28.561844007118324,,,0.0,-1,-1,0,32,prompt
23,1323,1,-42.44274934606267,5.099100112915039,-47.02370071411133,0.1820492756840654,5.409173910621002,,,0.0,-1,-1,0,32,prompt
23,1419,7,1.8942670151223047,-29.11791910443987,-22.739455223083496,2.6806479682950135,79.64926528367265,,,0.0,-1,-1,0,32,prompt
23,1519,2,7.601729380262357,-2.009157180786133,46.89899253845215,0.3795801728335796,11.278348459038252,,,0.0,-1,-1,0,32,prompt
23,1555,2,24.126208245337093,-18.622800827026367,-35.93869972229004,0.7660316466348477,22.760861761835336,,,0.0,-1,-1,0,32,prompt
23,1581,3,-18.26722763583086,-18.299487113952637,25.158537069956463,0.5916466657140727,17.579414674741205,,,0.0,-1,-1,0,32,prompt
23,1583,1,-21.25259377745937,-22.391700744628903,-49.240699768066406,0.1371673036741877,4.075609736081953,,,0.0,-1,-1,0,32,prompt
23,1593,1,55.31015635222622,7.759500026702881,41.259498596191406,0.21051351100187,6.254922944712448,,,0.0,-1,-1,0,32,prompt
23,1613,1,-22.944833408542923,-40.15541076660156,28.26233673095703,0.4010161546043621,11.915269165848915,,,0.0,-1,-1,0,32,prompt
23,1643,3,-6.900485962892335,-28.008099873860676,-39.19029998779297,0.5896124758649328,17.518973419922304,,,0.0,-1,-1,0,32,prompt
23,1655,2,-48.96425773566294,16.294949769973755,49.21298789978027,0.39724815736018504,11.803311827310171,,,0.0,-1,-1,0,32,prompt
23,1733,3,40.03036238787106,-5.099100430806478,14.63996696472168,1.1553208786070097,34.32769249684945,,,0.0,-1,-1,0,32,prompt
23,1743,2,-0.45498895741397316,2.438699960708618,8.424600601196289,0.4607905536249124,13.691327425295816,,,0.0,-1,-1,0,32,prompt
23,1809,3,-14.301906855295803,0.8406127293904623,-17.90080428123474,0.8793753159200828,26.1286072061827,,,0.0,-1,-1,0,32,prompt
23,1863,4,7.9190021488741955,55.36264705657959,-5.200815200805664,1.2639554804024784,37.55551887305835,,,0.0,-1,-1,0,32,prompt
23,1895,5,-47.57694052867086,36.39759788513184,-0.8322574615478515,1.6638055039798298,49.436139147809115,,,0.0,-1,-1,0,32,prompt
23,1955,8,3.118714064401418,-22.09032702445984,18.215298056602478,2.9697916998030545,88.24050368885679,,,0.0,-1,-1,0,32,prompt
23,1965,5,-27.81291302631555,38.85292472839355,-0.880374908447265,2.04637573351246,60.80333023820093,,,0.0,-1,-1,0,32,prompt
23,1969,3,-9.760916587565148,-12.960212707519531,2.0677286783854165,0.760051934776387,22.583188429951555,,,0.0,-1,-1,0,32,prompt
23,2035,2,8.177647948615764,10.863300323486328,62.542701721191406,0.453924160053472,13.487308393486277,,,0.0,-1,-1,0,32,prompt
23,2087,1,-39.20195080728946,59.554161071777344,29.03828811645508,0.3055858651234114,9.079778443879782,,,0.0,-1,-1,0,32,prompt
23,2159,8,15.186164290882871,21.705815076828003,-18.47620701789856,3.3434307204082474,99.3423245263922,,,0.0,-1,-1,0,32,prompt
23,2235,3,-26.609518521227347,-30.844013214111328,44.42796325683594,0.7582964458949195,22.53102813092077,,,0.0,-1,-1,0,32,prompt
23,2493,2,-49.363370856201506,25.495500564575195,-28.844299316406246,0.5215022745208838,15.495236040177149,,,0.0,-1,-1,0,32,prompt
23,2685,2,-38.90660709809092,-34.91774940490723,18.950937271118164,0.42604602969392746,12.658974115027299,,,0.0,-1,-1,0,32,prompt
23,2687,4,-28.153969576786327,2.639615058898925,-23.241653442382812,1.6279156845399005,48.36975602575666,,,0.0,-1,-1,0,32,prompt
23,2719,7,-16.35267637793856,-17.233216285705566,6.396998541695731,2.554877998188955,75.91230100034358,,,0.0,-1,-1,0,32,prompt
23,2757,2,8.67671924050855,-13.177294254302979,-21.79588222503662,0.38063323403286603,11.309637741261781,,,0.0,-1,-1,0,32,prompt
23,2767,7,-5.641569148393525,31.231987953186035,29.20456259591239,2.8814898614264464,85.61681843324756,,,0.0,-1,-1,0,32,prompt
23,2929,6,-27.072136371721783,-23.92050552368164,8.991236050923666,2.258128455829102,67.09507348603421,,,0.0,-1,-1,0,32,prompt
23,2931,2,50.74430225326496,-22.835100173950195,-49.905799865722656,0.5160662371413349,15.333716740195719,,,0.0,-1,-1,0,32,prompt
23,2955,7,-38.26464386899229,34.27244513375418,37.647519315992085,2.9561567185618034,87.83537170178984,,,0.0,-1,-1,0,32,prompt
23,2967,1,-27.766119904648868,-20.618099212646484,-15.985699653625488,0.1477289220393541,4.389423841082506,,,0.0,-1,-1,0,32,prompt
23,3027,1,14.387848104195944,55.64670181274414,51.45769882202149,0.7323033131946944,21.758702205815897,,,0.0,-1,-1,0,32,prompt
23,3263,1,-45.47600906215582,-40.93136215209961,18.17498779296875,0.0992382215772789,2.948634632437754,,,0.0,-1,-1,0,32,prompt
23,3267,2,14.618138039330448,-5.944331645965575,12.761606216430664,0.5171316526822511,15.365373103157008,,,0.0,-1,-1,0,32,prompt
23,3297,1,37.04673995638118,-36.58050155639648,-55.44829940795898,0.6628370909444581,19.694673795631637,,,0.0,-1,-1,0,32,prompt
23,3305,6,-6.23847666853731,0.6697190602620443,-8.861910184224447,1.8249111399761833,54.2230211598959,,,0.0,-1,-1,0,32,prompt
23,3347,1,-59.44496828100583,-32.14649963378906,-32.83489990234375,0.692534810303913,20.577072960146232,,,0.0,-1,-1,0,32,prompt
23,3371,5,10.313701369738201,38.08806085586548,44.36330032348633,1.637139333846477,48.643815469291255,,,0.0,-1,-1,0,32,prompt
23,3447,1,-1.6321927717831874,35.250301361083984,-51.45769882202149,0.4743232682042734,14.0934207946185,,,0.0,-1,-1,0,32,prompt
23,3527,11,1.1261363456719657,7.7141524228182705,-1.729568004608155,3.6131715801453734,107.35705139435663,,,0.0,-1,-1,0,32,prompt
23,3553,3,-24.372741336072718,-43.93355051676432,-8.176658630371094,1.2848097410457477,38.17515507964576,,,0.0,-1,-1,0,32,prompt
23,3583,5,-13.858872106203899,8.164102172851562,-35.46935272216797,1.5417162408853042,45.80853857529195,,,0.0,-1,-1,0,32,prompt
23,3647,6,-25.254841296202823,-13.671499888102213,-33.27829933166504,1.8270763511033987,54.2873554094902,,,0.0,-1,-1,0,32,prompt
23,3743,3,-30.093362730458917,-16.451987584431965,-15.092604319254557,0.934432274152716,27.764497604268893,,,0.0,-1,-1,0,32,prompt
23,3811,3,8.791604965206306,-28.80252456665039,33.83255116144816,0.39208748357529266,11.649974320783038,,,0.0,-1,-1,0,32,prompt
23,3821,1,-43.22501106231827,-42.871238708496094,52.70476150512695,0.2087162532410454,6.201521579867771,,,0.0,-1,-1,0,32,prompt
23,3845,2,-33.22062069641371,40.34939956665039,36.797786712646484,5.2262670113656045,155.2864578097986,,,0.0,-1,-1,0,32,prompt
23,3855,3,-51.06359274969582,-49.596136728922524,4.5958625475565595,1.8013395155275054,53.522644761694686,,,0.0,-1,-1,0,32,prompt
23,3857,7,22.75287875595161,17.704328536987305,-3.873899596078055,1.7601603194607813,52.299100025317756,0.4736042320728302,89.43197631835938,89.43197631835938,2,15,1,32,prompt
23,3893,2,-31.632150476670194,-0.09699440002441406,6.332305908203125,0.37616555009166674,11.176890827961367,,,0.0,-1,-1,0,32,prompt
23,3953,2,9.93791670141044,-33.158005714416504,4.91896915435791,0.4757931894197366,14.137096109774111,,,0.0,-1,-1,0,32,prompt
23,4009,1,-15.87254891259943,-3.2977874279022217,41.45348739624024,0.1627280554652501,4.835088460754382,,,0.0,-1,-1,0,32,prompt
23,4065,4,51.766031841843706,-8.313750386238098,-27.834999799728394,1.1013478650270172,32.72400901149932,,,0.0,-1,-1,0,32,prompt
23,4079,4,-9.061175618829555,-13.662262439727785,54.27051830291748,1.1186894299107537,33.239273573722784,,,0.0,-1,-1,0,32,prompt
23,4149,4,39.82933613514353,38.09775924682617,43.815977573394775,1.4662972636748155,43.56763779521594,,,0.0,-1,-1,0,32,prompt
23,4185,3,-9.95955610383614,-3.658050537109373,2.317141612370809,0.45483488077436895,13.514368357030907,,,0.0,-1,-1,0,32,prompt
23,4201,3,-20.204256647511396,-5.4963124593098955,17.916337331136067,1.1212716839912535,33.31599929180295,,,0.0,-1,-1,0,32,prompt
23,4275,3,35.86362140944837,15.740699768066406,4.869633038838704,1.3962598170290468,41.486636770964346,,,0.0,-1,-1,0,32,prompt
23,4359,11,1.5194034179750275,-10.93384097922932,16.864829670299184,3.648418995989143,108.40434697673405,,,0.0,-1,-1,0,32,prompt
23,4391,1,52.94740667863788,50.32590103149414,64.31629943847656,0.1166275528249771,3.465318461883105,,,0.0,-1,-1,0,32,prompt
23,4415,6,-7.775874073940269,22.368606567382812,9.109852313995361,2.459574993745938,73.08059225940028,,,0.0,-1,-1,0,32,prompt
23,4471,2,-16.52589875550482,27.490800142288208,-7.9811992645263725,0.3550600799967353,10.549790512511514,,,0.0,-1,-1,0,32,prompt
23,4519,6,23.458433695519957,-39.91523806254069,21.187883297602337,1.6238458759384007,48.248831059558725,,,0.0,-1,-1,0,32,prompt
23,4527,4,-9.48882449519476,17.403450548648834,-28.4009006023407,1.3595867400709551,40.39698096014878,,,0.0,-1,-1,0,32,prompt
23,4773,1,-34.62013218350666,-7.316100120544434,-29.73110008239746,0.1332050614398899,3.957880856135629,,,0.0,-1,-1,0,32,prompt
23,4785,1,-63.56381568496389,-52.570613861083984,59.68831253051758,0.5025229085648527,14.931308000454232,,,0.0,-1,-1,0,32,prompt
23,4793,1,37.98864692085221,-35.250301361083984,-50.570899963378906,0.7103611028929869,21.106740086991916,,,0.0,-1,-1,0,32,prompt
23,4809,2,-33.587804767309194,-5.043674468994141,39.90158748626709,0.45243577870644147,13.443084578141995,,,0.0,-1,-1,0,32,prompt
23,4961,2,-1.3729491346526927,4.6556997299194345,-25.297099590301514,0.2773199027143028,8.2399206314967,,,0.0,-1,-1,0,32,prompt
23,5041,3,1.8452929576965207,14.650674819946289,14.436741828918457,0.8828813827361094,26.232781886795312,,,0.0,-1,-1,0,32,prompt
23,5067,2,-41.72971242629606,30.262049674987793,17.011062383651733,0.5339441981127042,15.86491907372907,,,0.0,-1,-1,0,32,prompt
23,5101,1,24.269888968730974,-45.00510025024414,57.221900939941406,0.6423925163797645,19.0872104649837,,,0.0,-1,-1,0,32,prompt
23,5107,1,-27.861907053578125,44.81111145019531,23.994611740112305,0.1373736299994114,4.081740246468663,,,0.0,-1,-1,0,32,prompt
23,5179,2,10.11614203965536,16.405799627304077,-13.745399475097656,0.3269121270073211,9.713439077573877,,,0.0,-1,-1,0,32,prompt
23,5195,2,14.092504394997398,27.49079990386963,-51.236000061035156,0.7512453809236148,22.321522014834564,,,0.0,-1,-1,0,32,prompt
23,5363,1,52.80372595524399,56.53350067138672,-36.38209915161133,0.4732510828326613,14.061563281768304,,,0.0,-1,-1,0,32,prompt
23,5421,4,11.262792370378925,-18.73365068435669,15.320599913597107,1.0947793820784244,32.52884170603007,,,0.0,-1,-1,0,32,prompt
23,5451,6,2.7139692196622884,-25.12600040435791,-34.23900047938029,2.8680925398538806,85.21874795452568,,,0.0,-1,-1,0,32,prompt
23,5465,2,-26.515520271365702,-8.3414626121521,14.683212757110597,0.24895649412381,7.397167430818042,,,0.0,-1,-1,0,32,prompt
23,5523,1,40.97401306248072,-48.99570083618164,37.71229934692383,0.2917940850950812,8.66998754287266,,,0.0,-1,-1,0,32,prompt
23,5529,3,-23.4619663047262,13.99481201171875,-29.65090497334798,0.616434658221169,18.31593264144131,,,0.0,-1,-1,0,32,prompt
23,5567,1,56.65117643723583,-47.66550064086914,39.48590087890625,0.2359469976386577,7.0106202791560674,,,0.0,-1,-1,0,32,prompt
23,5735,2,17.020799024972654,13.315855979919434,-15.92083072662353,1.1116242578466498,33.02934829794458,,,0.0,-1,-1,0,32,prompt
23,5797,1,-52.51636450845622,7.177537441253662,52.31678771972656,0.295131129757948,8.76914012044337,,,0.0,-1,-1,0,32,prompt
23,5977,4,0.5068736630839856,-2.7158249616622925,28.193055629730225,0.6021881082073373,17.892629300290352,,,0.0,-1,-1,0,32,prompt
23,6099,1,-6.293834019673706,22.308563232421875,44.1693115234375,0.0980909510704315,2.914546138150999,,,0.0,-1,-1,0,32,prompt
23,6123,18,-15.821383221332347,11.694674915737576,10.168035507202148,8.102321408710395,240.741773977288,0.43701624870300293,108.28193664550781,108.28193664550781,4,5,1,32,prompt
23,6125,2,-11.410464224978195,-12.609187602996826,25.934487342834473,0.8599132485445563,25.550336808243067,,,0.0,-1,-1,0,32,prompt
23,6151,3,-35.29422002414668,35.84149996439616,-40.963900883992515,1.0387134297221294,30.86297137713024,,,0.0,-1,-1,0,32,prompt
0,37,1,33.4015971666535,-61.85430145263672,-63.87289810180664,0.418688137493848,12.440351336242385,,,0.0,-1,-1,0,32,delayed
0,119,1,-57.57711887688532,-33.947811126708984,44.94526290893555,0.0819588440380901,2.435217823579052,,,0.0,-1,-1,0,32,delayed
0,157,2,0.7423504042017406,-0.12470626831054688,36.811644554138184,0.4728864141369832,14.050727993425248,,,0.0,-1,-1,0,32,delayed
0,393,2,-3.355165777731955,-12.013369560241697,5.944330215454102,0.4677081847753519,13.896868863467724,,,0.0,-1,-1,0,32,delayed
0,411,5,-15.38779531419656,-11.9496298789978,2.487700653076172,1.0651545397446387,31.648607914074372,,,0.0,-1,-1,0,32,delayed
0,453,1,-9.726206856305422,14.161087036132812,61.62818908691406,0.2335469772984102,6.939309215925273,,,0.0,-1,-1,0,32,delayed
0,463,3,7.149799735244599,36.238711992899574,33.89721266428629,1.2035043413499456,35.75935284602205,,,0.0,-1,-1,0,32,delayed
0,531,4,-27.989555468757008,-34.308075308799744,12.415199220180511,1.3322404610783907,39.584449417118364,,,0.0,-1,-1,0,32,delayed
0,537,2,-16.271662033138,-19.980712890625,37.3797492980957,1.0453719963421588,31.060815310910566,,,0.0,-1,-1,0,32,delayed
0,717,3,-45.73676296757434,-38.50190035502116,-41.99849955240885,0.46685241384001935,13.871441605932784,,,0.0,-1,-1,0,32,delayed
0,737,3,-55.40062199288164,-42.75114822387695,-4.259958426157634,0.4835243927620338,14.366810967247286,,,0.0,-1,-1,0,32,delayed
0,741,3,-14.930641948128399,21.50489997863769,-23.2278995513916,1.1541517837645714,34.29295554281875,,,0.0,-1,-1,0,32,delayed
0,747,1,-2.430419012860331,-54.5104866027832,3.0439624786376958,0.1530097312219374,4.546330893582782,,,0.0,-1,-1,0,32,delayed
0,883,4,-6.054546038570132,23.63876223564148,24.188599824905396,0.6375594124294477,18.94360593979602,,,0.0,-1,-1,0,32,delayed
0,905,7,-49.10679813585528,20.934814180646622,-55.194928305489675,2.787059913770409,82.8110505590112,,,0.0,-1,-1,0,32,delayed
0,1037,3,4.298508271940276,1.2101124127705891,5.95042069753011,0.5333716443550226,15.847906960734708,,,0.0,-1,-1,0,32,delayed
0,1073,5,0.9411447164738675,-5.0824729919433596,-17.866372632980347,1.3100791600329755,38.92597752268298,,,0.0,-1,-1,0,32,delayed
0,1097,8,-2.7173625134787436,-35.139450550079346,18.905750274658203,3.168027824493695,94.1306324454255,,,0.0,-1,-1,0,32,delayed
0,1141,1,-14.020664033300456,61.4109001159668,-52.787899017333984,0.7268838279537365,21.597674714417032,,,0.0,-1,-1,0,32,delayed
0,1161,8,-14.969656504098857,-33.09565269947052,-20.643605828285217,2.9215015357062493,86.80567295530659,,,0.0,-1,-1,0,32,delayed
0,1213,1,-44.42235042393399,26.82570075988769,-39.04249954223633,0.470721200467101,13.986393668281472,,,0.0,-1,-1,0,32,delayed
0,1231,3,24.340015169911055,6.604812304178874,-23.092279116312664,1.1181589032250268,33.22351019813922,,,0.0,-1,-1,0,32,delayed
0,1265,1,-59.81215235190131,41.90129852294922,-51.901100158691406,0.3129395386283092,9.298275873877524,,,0.0,-1,-1,0,32,delayed
0,1473,4,7.019622061664977,-3.214649677276611,14.865550756454468,1.5126906079431863,44.946108906951835,,,0.0,-1,-1,0,32,delayed
0,1495,2,15.615920840676882,-32.04950571060181,34.28980541229248,0.2719385026067702,8.080024751906414,,,0.0,-1,-1,0,32,delayed
0,1517,5,-4.3564525754860925,-19.648162364959717,-15.183802795410156,1.272970790234484,37.82338799012135,,,0.0,-1,-1,0,32,delayed
0,1533,5,-12.272142251918194,-21.898418045043947,-17.943967056274413,0.9401954939986951,27.935738375839694,,,0.0,-1,-1,0,32,delayed
0,1541,3,-53.538094097034964,-49.85478591918945,5.88911247253418,1.1265400571590367,33.47253683683579,,,0.0,-1,-1,0,32,delayed
0,1567,3,18.010998122167596,40.15541203816732,-3.933704376220703,0.9225530899939622,27.411535073714777,,,0.0,-1,-1,0,32,delayed
0,1577,2,36.46141923518691,31.259699821472168,3.103799819946289,1.029537745531208,30.590337106265224,,,0.0,-1,-1,0,32,delayed
0,1673,1,-45.14075404090342,50.6307373046875,5.371812343597412,0.1050105517534342,3.120146096435751,,,0.0,-1,-1,0,32,delayed
0,1697,1,-25.786518826777552,13.080300331115724,-27.51409912109375,0.1909122090449074,5.672515512650981,,,0.0,-1,-1,0,32,delayed
0,1719,5,15.125409150951224,-39.06353912353516,28.4802604675293,1.806687122617106,53.681536559778614,,,0.0,-1,-1,0,32,delayed
0,1751,8,47.925909730960655,-7.537799835205078,9.078050196170807,3.677241178449207,109.26073158372745,0.28693410754203796,555.9226684570312,555.9226684570312,2,10,1,32,delayed
0,1819,3,5.899245290890408,15.23263676961263,27.119828542073567,1.1000976387756578,32.68686142496915,0.5003905296325684,50.82555389404297,50.82555389404297,3,14,1,32,delayed
0,1825,6,-29.938993801588357,-22.04991277058919,49.924275716145836,1.2803211214352606,38.041786111268856,,,0.0,-1,-1,0,32,delayed
0,1831,2,-14.707138600626799,21.532611846923828,37.3797492980957,0.5376422945814129,15.974799472112055,,,0.0,-1,-1,0,32,delayed
0,1835,1,-62.111043926203486,1.357912540435791,52.70476150512695,0.1165290465479867,3.46239157529415,,,0.0,-1,-1,0,32,delayed
0,1899,1,-39.61702845264958,-1.7458875179290771,40.2895622253418,0.1050023750166353,3.1199031435802667,,,0.0,-1,-1,0,32,delayed
0,1913,3,-48.2006212983658,-34.80689938863119,-45.84129969278971,0.4958575050401436,14.73326092383643,,,0.0,-1,-1,0,32,delayed
0,1923,2,-57.64895923858225,1.7458877563476598,31.366138458251957,0.20135851987423609,5.982903520446765,,,0.0,-1,-1,0,32,delayed
0,1969,1,-2.558135211432674,47.66550064086914,-60.32569885253906,0.6881578939481262,20.44702299608167,,,0.0,-1,-1,0,32,delayed
0,2025,3,-53.373127340545686,3.427112579345703,35.633862018585205,0.4072090498692001,12.099276750454223,,,0.0,-1,-1,0,32,delayed
0,2059,4,-23.720420644991727,23.16764986515045,-56.889349937438965,0.9844133599966073,29.249570173524656,,,0.0,-1,-1,0,32,delayed
0,2095,2,-35.2082040366958,49.27282524108887,14.101250171661375,0.5157003391880443,15.322844927300821,,,0.0,-1,-1,0,32,delayed
0,2147,2,4.27051038976272,-15.394292950630188,10.78960657119751,0.5321907223724615,15.812818590541823,,,0.0,-1,-1,0,32,delayed
0,2255,1,-21.811352146213377,47.13896179199219,38.73766326904297,0.0830422802474289,2.467409629096303,,,0.0,-1,-1,0,32,delayed
0,2393,1,-7.954144601114164,-59.942138671875,56.196537017822266,0.1741313326049098,5.17391051301277,,,0.0,-1,-1,0,32,delayed
0,2409,3,45.731441459300505,26.82570075988769,17.315900802612305,1.6906459595170302,50.23364131471126,,,0.0,-1,-1,0,32,delayed
0,2565,2,-42.78598662972584,-37.39801788330078,-14.784619331359863,0.4711954066010504,14.00048360870215,,,0.0,-1,-1,0,32,delayed
0,2575,3,13.775077536184893,-21.79126230875651,23.609578768412273,0.4676437706229508,13.894954945648857,,,0.0,-1,-1,0,32,delayed
0,2591,1,-60.56248501851383,-61.88201141357422,35.245887756347656,0.2058227290898483,6.115547190298821,,,0.0,-1,-1,0,32,delayed
0,2631,3,53.56470163840421,-4.803499857584636,2.3725671768188477,1.3175384475813585,39.147613030140604,,,0.0,-1,-1,0,32,delayed
0,2651,3,11.356571953200856,-2.965237299601237,-4.654229164123535,0.7645210286949445,22.71597723747381,,,0.0,-1,-1,0,32,delayed
0,2793,3,-0.920147634565609,27.416899998982753,-9.913308461507162,1.140468468820805,33.886387431374686,,,0.0,-1,-1,0,32,delayed
0,2795,1,-64.36204192604103,38.79750061035156,-61.212501525878906,0.202022181825748,6.002622703069714,,,0.0,-1,-1,0,32,delayed
0,2809,2,11.370552912924339,49.2174015045166,28.179200172424316,0.5585457934076464,16.59589867762488,,,0.0,-1,-1,0,32,delayed
0,2845,2,35.67915751893132,23.94360065460205,0.0,0.6360749948123843,18.899499897536224,,,0.0,-1,-1,0,32,delayed
0,3077,3,-3.5851863082852655,-51.14803822835287,50.764888763427734,1.176211263748677,34.948402059502335,,,0.0,-1,-1,0,32,delayed
0,3091,3,-28.585632178821403,18.040837287902832,23.7359619140625,0.8198982334591074,24.36138302185752,,,0.0,-1,-1,0,32,delayed
0,3111,1,-55.182440153653886,-15.297300338745115,-35.05189895629883,0.0507916004166072,1.5091551384636828,,,0.0,-1,-1,0,32,delayed
0,3129,2,-42.21663043335312,-50.39518165588379,14.784619331359863,0.5947904620211228,17.672825323591645,,,0.0,-1,-1,0,32,delayed
0,3185,2,6.908468225303107,-57.198598861694336,-5.787499904632568,1.005565734567777,29.87806414719263,,,0.0,-1,-1,0,32,delayed
0,3191,7,-12.176471192538457,-1.0411981855119978,2.7956345421927318,2.850264180179731,84.6890194090195,,,0.0,-1,-1,0,32,delayed
0,3265,1,-47.04053249466702,-29.929500579833984,-53.23130035400391,0.2577858914464672,7.659512586901542,,,0.0,-1,-1,0,32,delayed
0,3297,2,51.111486324160445,-17.957699298858643,-9.533100128173828,0.5310220666036005,15.778094682568739,,,0.0,-1,-1,0,32,delayed
0,3373,3,17.434531518453422,18.465763092041016,47.80888748168945,0.6238941332987006,18.537573720894628,,,0.0,-1,-1,0,32,delayed
0,3425,2,-33.40682829706941,-11.971799850463867,-63.87289810180664,0.8577528190064716,25.486144632530035,,,0.0,-1,-1,0,32,delayed
0,3451,4,-11.723857970210762,17.56279754638672,20.276416301727295,1.4383067191930374,42.73596339065712,,,0.0,-1,-1,0,32,delayed
0,3525,1,60.37091072065532,35.250301361083984,31.50469970703125,0.1741346032996298,5.174007694154979,,,0.0,-1,-1,0,32,delayed
0,3637,3,-12.216672728466113,50.1781005859375,-3.570499897003174,1.245215430575262,36.998701559568815,,,0.0,-1,-1,0,32,delayed
0,3695,5,13.029338998370468,11.6614200592041,-45.78217964172363,1.8945367415974799,56.29178516011528,,,0.0,-1,-1,0,32,delayed
0,3725,2,-13.899734422361021,28.155900478363037,-52.566200256347656,0.6827679137907868,20.286872180121037,,,0.0,-1,-1,0,32,delayed
0,3727,2,7.782705850502149,-48.39988136291504,38.08641815185547,1.0776185024031073,32.01894578760783,,,0.0,-1,-1,0,32,delayed
0,3729,4,-6.978402967007142,33.36585021018982,17.92778205871582,1.3531919446282221,40.206974377905524,,,0.0,-1,-1,0,32,delayed
0,3735,1,51.734102792200616,27.269100189208984,-57.221900939941406,0.2322218689606856,6.8999366810869285,,,0.0,-1,-1,0,32,delayed
0,3777,2,-27.042349590476622,-33.73996829986572,11.542257308959961,0.19069099897444292,5.665942766138109,,,0.0,-1,-1,0,32,delayed
0,3823,5,-37.71196464175531,-34.834612655639646,-25.869742774963377,1.2142741230420855,36.07935204367503,,,0.0,-1,-1,0,32,delayed
0,3877,2,-61.05738528798166,60.71808624267578,19.338912963867188,0.6507302688189005,19.334947528465673,,,0.0,-1,-1,0,32,delayed
0,3897,12,3.2625804631431095,11.084999680519104,-38.15181716283163,3.312621087136467,98.4268874071656,,,0.0,-1,-1,0,32,delayed
0,3941,1,33.02367970135238,-21.948299407958984,-51.01430130004883,0.2038409070446507,6.056661923866997,,,0.0,-1,-1,0,32,delayed
0,3951,2,-44.6139247217925,2.3278499841690063,63.56806182861328,0.5780929976035721,17.17669871961833,,,0.0,-1,-1,0,32,delayed
0,4031,2,-23.226828158127873,45.199087142944336,17.39903736114502,1.0797166695843492,32.08128798113895,,,0.0,-1,-1,0,32,delayed
0,4069,3,-12.631750373826224,-15.842312494913736,62.53346252441406,1.2427371432177245,36.92506497262255,,,0.0,-1,-1,0,32,delayed
0,4109,4,-27.18740587986794,-5.237662315368652,27.68037509918213,1.0955916879915009,32.552977500780955,,,0.0,-1,-1,0,32,delayed
0,4135,6,-12.701801836455564,37.439587910970054,35.76318868001302,2.2068598108669044,65.57174407030126,,,0.0,-1,-1,0,32,delayed
0,4191,3,-37.3536437261257,-19.85138765970866,34.857912381490074,0.509147771336545,15.128150502196847,,,0.0,-1,-1,0,32,delayed
0,4247,2,50.68044415397879,20.6181001663208,-17.73599910736084,0.9959215182475479,29.591508525854692,,,0.0,-1,-1,0,32,delayed
0,4291,1,-56.66714096205737,3.2977874279022217,28.65031242370605,0.1049941982798365,3.1196601907247823,,,0.0,-1,-1,0,32,delayed
0,4395,2,33.595787029719965,-16.849199295043945,-16.405800342559814,0.9893158111359437,29.395235190324904,,,0.0,-1,-1,0,32,delayed
0,4441,5,42.95680704531635,31.34837989807129,25.376460075378418,2.133968396829914,63.405943994274516,,,0.0,-1,-1,0,32,delayed
0,4445,2,-4.805321971284403,1.4549064636230469,39.66603088378906,0.48088764017120045,14.288465951759004,,,0.0,-1,-1,0,32,delayed
0,4673,1,58.80638728814412,-32.589900970458984,-39.04249954223633,0.2113298679769554,6.2791791074178045,,,0.0,-1,-1,0,32,delayed
0,4689,2,-35.31995571044659,-11.043431520462036,-0.2909812927246094,0.1907835847941966,5.668693740009462,,,0.0,-1,-1,0,32,delayed
0,4699,1,27.89383610322121,60.52410125732422,57.66529846191406,0.3450146771585855,10.251314560055118,,,0.0,-1,-1,0,32,delayed
0,4713,5,-21.842180743058513,-24.32048988342285,13.252999782562256,1.1518051722989933,34.22323140098807,,,0.0,-1,-1,0,32,delayed
0,4881,2,3.296674375648603,-20.618099212646484,-2.660400390625,0.9644209889102948,28.655543025187033,,,0.0,-1,-1,0,32,delayed
0,4967,5,-11.118313420743961,3.530573272705078,33.69398727416992,1.9990878871778575,59.39828106279806,,,0.0,-1,-1,0,32,delayed
0,5011,1,63.73942545800086,-12.193499565124512,4.900700092315674,0.2839065355556204,8.435627219123695,,,0.0,-1,-1,0,32,delayed
0,5033,3,-6.261107853512044,17.58820088704427,-2.7080583572387695,0.6367150744704616,18.918518386756688,,,0.0,-1,-1,0,32,delayed
0,5035,2,-27.437651471029376,-25.12138032913208,31.213719367980957,0.303233083632302,9.009870973985826,,,0.0,-1,-1,0,32,delayed
0,5163,1,11.115120515779656,5.542500019073486,30.17449951171875,0.8688870960444397,25.816973967835512,,,0.0,-1,-1,0,32,delayed
0,5315,1,10.971439792385768,39.68429946899414,-5.344099998474121,0.4505304169966755,13.386471154045491,,,0.0,-1,-1,0,32,delayed
0,5349,7,5.545948856061801,39.87432861328125,-20.673071588788712,3.519929773755062,104.58658639464451,,,0.0,-1,-1,0,32,delayed
0,5383,7,-15.013595317966933,7.973281519753593,5.5458286830357135,1.1553567132947469,34.32875724186024,,,0.0,-1,-1,0,32,delayed
0,5395,1,38.53144076478466,36.13710021972656,7.561100006103516,0.2300229360801098,6.834600467448488,,,0.0,-1,-1,0,32,delayed
0,5469,1,-51.55849301916365,-15.297300338745115,-35.05189895629883,0.050791600399391,1.5091551379521422,,,0.0,-1,-1,0,32,delayed
0,5537,1,-58.29552249385474,-30.372900009155277,-56.77849960327149,0.3551909181310546,10.553678065593036,,,0.0,-1,-1,0,32,delayed
0,5543,9,6.127834567112311,11.996433152092827,-16.255411359998917,2.310146416328164,68.64066708292137,0.2872651219367981,189.0654296875,434.30804443359375,7,6,3,32,delayed
0,5733,1,-46.05073195573136,-15.297300338745115,-35.05189895629883,0.0507916004166072,1.5091551384636828,,,0.0,-1,-1,0,32,delayed
0,5775,2,-45.57977847349584,-28.516161918640137,29.814236640930176,0.19271719575728208,5.726146525446321,,,0.0,-1,-1,0,32,delayed
0,5913,6,5.0833108148530854,0.8914190928141276,-27.57561429341634,1.513057612192212,44.95701359087029,,,0.0,-1,-1,0,32,delayed
0,6003,4,7.378226032760756,0.5334659814834595,-13.583847284317017,1.3215276630533015,39.266143357567614,,,0.0,-1,-1,0,32,delayed
0,6015,4,-33.45878078613288,-51.406686782836914,26.41945719718933,1.1145124991181112,33.11516571893933,,,0.0,-1,-1,0,32,delayed
0,6079,5,-7.875990385976434,34.008780288696286,45.5050552368164,2.1000118792648714,62.39700447381672,,,0.0,-1,-1,0,32,delayed
0,6097,1,-40.79840328944376,-15.297300338745115,-35.05189895629883,0.0507916004166072,1.5091551384636828,,,0.0,-1,-1,0,32,delayed
0,6167,1,-10.668113820776451,16.100961685180664,48.0490608215332,0.0892191916436917,2.650942289950535,,,0.0,-1,-1,0,32,delayed
1,34,1,-27.478758457861097,-11.833237648010254,23.994611740112305,0.1371640329794677,4.075512554939744,,,0.0,-1,-1,0,32,delayed
1,140,11,-26.235493166011835,-12.452989968386563,25.43303004178134,3.4639022348300865,102.92185743216722,,,0.0,-1,-1,0,32,delayed
1,146,12,-28.029771212609344,38.74900255600611,-14.145863572756449,2.7670677406329194,82.21702929226586,,,0.0,-1,-1,0,32,delayed
1,192,2,38.728381759846,-14.41049861907959,-5.7642002105712855,0.4364970075301078,12.96950079215647,,,0.0,-1,-1,0,32,delayed
1,414,1,61.66403723120029,-21.061500549316406,49.240699768066406,0.2914891891628652,8.660928264192203,,,0.0,-1,-1,0,32,delayed
1,428,4,-30.360355188149587,-53.540550231933594,42.32643222808838,1.6079580888045584,47.776762146683595,,,0.0,-1,-1,0,32,delayed
1,442,1,-50.37711818236948,-33.920101165771484,-24.41029930114746,0.1453301895764483,4.31815104415346,,,0.0,-1,-1,0,32,delayed
1,506,1,-47.822794210922616,-37.46730041503906,-42.58969879150391,0.181449763631772,5.391360794143702,,,0.0,-1,-1,0,32,delayed
1,562,1,-2.7177804596481026,40.54338836669922,55.42058563232422,0.2032863053348488,6.040183214527597,,,0.0,-1,-1,0,32,delayed
1,580,2,-34.55365851901254,38.603511810302734,41.065513610839844,0.7327701451445987,21.77257303938323,,,0.0,-1,-1,0,32,delayed
1,670,1,-42.10749432481027,-47.52693939208984,43.00538635253906,0.2000634816925716,5.94442445086961,,,0.0,-1,-1,0,32,delayed
1,724,3,-3.768898271212722,-2.992950757344564,23.212366898854572,0.8215122567223696,24.40933999665991,,,0.0,-1,-1,0,32,delayed
1,760,5,-10.818324267074612,48.68532028198242,-11.732589817047119,2.471301358427141,73.4290141120094,,,0.0,-1,-1,0,32,delayed
1,764,6,-6.4877904408895715,41.342431704203285,2.8298230171203618,1.664331580788556,49.4517703055715,,,0.0,-1,-1,0,32,delayed
1,906,1,53.47423599774879,-26.82570075988769,58.108699798583984,0.2330552383411168,6.924698328138805,,,0.0,-1,-1,0,32,delayed
1,910,3,18.4580048171708,17.95770009358724,-5.624166806538899,0.9713218317810492,28.86058563838897,,,0.0,-1,-1,0,32,delayed
1,1032,3,7.498478454661329,21.652699788411457,-3.2593666712443032,0.7723843066440671,22.94961638695425,,,0.0,-1,-1,0,32,delayed
1,1040,3,-3.3538206258526095,-9.579288482666016,2.0706704457600913,0.7054181745946312,20.959872384865285,,,0.0,-1,-1,0,32,delayed
1,1084,3,-4.231072374518891,8.941900253295898,-20.99536641438802,0.7767937728686092,23.080633495217565,,,0.0,-1,-1,0,32,delayed
1,1096,7,6.326651902012225,31.449728761400497,-9.454728467123848,3.9118234119334527,116.23080104700988,,,0.0,-1,-1,0,32,delayed
1,1140,1,-16.463236330996516,23.472488403320312,6.147762298583984,0.1456803660110353,4.328555728418009,,,0.0,-1,-1,0,32,delayed
1,1188,4,-3.095032304166838,7.7110031843185425,-30.1420658826828,0.7898041193666427,23.467205903049802,,,0.0,-1,-1,0,32,delayed
1,1220,3,-39.395359193144564,-7.1682999928792315,-50.57089932759603,0.9247008826440186,27.47535177347617,,,0.0,-1,-1,0,32,delayed
1,1230,4,-17.935365908394914,18.373387336730957,-3.893606185913086,0.7058928617202007,20.973976616841437,,,0.0,-1,-1,0,32,delayed
1,1266,1,19.83175106834206,-39.24089813232422,27.51409912109375,0.2680221968238815,7.963660767555389,,,0.0,-1,-1,0,32,delayed
1,1364,2,3.464301886274802,-14.424356460571289,-8.577018976211548,0.6432781024013952,19.11352360897076,,,0.0,-1,-1,0,32,delayed
1,1438,3,-25.478817940514446,2.290899872779846,-21.306499640146892,0.8260176314060101,24.54320680335138,,,0.0,-1,-1,0,32,delayed
1,1466,5,-38.45486527235603,4.223385620117187,-3.1638851165771484,1.2439121124291397,36.95997646996462,,,0.0,-1,-1,0,32,delayed
1,1474,10,-25.912656302640805,0.7122112274169922,26.893216705322267,3.310173628716,98.35416683090637,,,0.0,-1,-1,0,32,delayed
1,1480,6,-12.050510297198976,-7.708693623542786,-13.534614404042562,4.260769423032018,126.5989261184069,,,0.0,-1,-1,0,32,delayed
1,1490,2,25.098848584673345,1.6488933563232457,-3.283931732177731,0.2911860337341053,8.651920700553461,,,0.0,-1,-1,0,32,delayed
1,1494,6,21.979054395390317,-17.02933120727539,-17.848526914914448,2.179617125899718,64.76229058455652,,,0.0,-1,-1,0,32,delayed
1,1528,2,-58.09596593358546,4.281580924987794,7.662506103515625,0.195091571594838,5.796695621487801,,,0.0,-1,-1,0,32,delayed
1,1602,2,-2.079199466786388,50.04877471923828,52.70476150512695,1.165776858410232,34.638367795880704,,,0.0,-1,-1,0,32,delayed
1,1632,1,-43.86359205517999,52.18263626098633,48.82501220703125,0.1424464775094105,4.232468198011112,,,0.0,-1,-1,0,32,delayed
1,1654,2,-7.487362141303606,-36.84376907348633,31.823392868041992,0.4008879009734623,11.911458405319392,,,0.0,-1,-1,0,32,delayed
1,1754,1,33.48141979076122,-49.88249969482422,-23.08009910583496,0.5819919121050389,17.292545962194986,,,0.0,-1,-1,0,32,delayed
1,1770,1,45.8431931330513,-21.948299407958984,-30.617900848388672,0.2923532978554587,8.686603258933898,,,0.0,-1,-1,0,32,delayed
1,1776,2,-45.69689684444946,8.535449981689453,16.623087882995605,0.4088785991149114,12.148883551626398,,,0.0,-1,-1,0,32,delayed
1,1862,6,7.786238459708392,32.93630599975586,8.48317321141561,1.9682244992542952,58.48124674820276,,,0.0,-1,-1,0,32,delayed
1,1884,4,33.82268367103802,5.431649893522263,-36.160398960113525,1.7066477067370118,50.70909628843437,,,0.0,-1,-1,0,32,delayed
1,1888,3,-31.594028063683947,-39.684300104777016,-22.636699676513672,0.9892271791223858,29.392601694676088,,,0.0,-1,-1,0,32,delayed
1,1940,4,32.29866938796961,5.209949493408203,-23.511849880218506,1.660796260322114,49.34672642027777,,,0.0,-1,-1,0,32,delayed
1,1976,1,-35.17889055226066,-15.297300338745115,-35.05189895629883,0.0507916004166072,1.5091551384636828,,,0.0,-1,-1,0,32,delayed
1,2042,5,-14.42416019786217,0.6152172088623047,-1.1187021255493164,0.869997759091812,25.849974755983467,,,0.0,-1,-1,0,32,delayed
1,2094,2,31.568292377384026,-17.73599910736084,-7.316099166870114,0.5153678191201372,15.31296486120705,,,0.0,-1,-1,0,32,delayed
1,2158,7,-16.84536006261823,1.1282942635672437,24.73349482672555,2.5027259357494485,74.36272287391137,,,0.0,-1,-1,0,32,delayed
1,2414,1,16.399378231710344,-3.325500011444092,23.08009910583496,0.0752133597245395,2.234791331211773,,,0.0,-1,-1,0,32,delayed
1,2442,2,-0.7104213545586546,1.10849952697754,-5.320799827575684,0.7401015345973594,21.990408350221248,,,0.0,-1,-1,0,32,delayed
1,2572,3,-5.514352985034745,-7.611700057983398,-14.2121000289917,1.1423543533841045,33.94242213703287,,,0.0,-1,-1,0,32,delayed
1,2596,1,-22.60957838729052,-35.250301361083984,-38.599098205566406,0.2246059436489836,6.673647044138363,,,0.0,-1,-1,0,32,delayed
1,2656,2,14.234989443613419,1.5934696197509766,24.036181449890137,0.7055591534686,20.964061246612488,,,0.0,-1,-1,0,32,delayed
1,2660,2,-30.953658171754622,-3.671905517578125,5.778055191040039,0.6317354995072091,18.770561813592664,,,0.0,-1,-1,0,32,delayed
1,2670,6,-28.78300128176379,-25.721818685531616,34.82558147112528,1.4570476661602403,43.292807360590025,,,0.0,-1,-1,0,32,delayed
1,2864,3,-46.203311985534306,5.117574691772461,3.536491711934405,0.5228053606055962,15.533954234612331,,,0.0,-1,-1,0,32,delayed
1,2878,1,-54.00106531685971,-15.297300338745115,-35.05189895629883,0.0507916004166072,1.5091551384636828,,,0.0,-1,-1,0,32,delayed
1,3112,1,-37.54164022584901,-15.297300338745115,-35.05189895629883,0.0507916004166072,1.5091551384636828,,,0.0,-1,-1,0,32,delayed
1,3164,1,-12.87121824614937,-48.99570083618164,-2.6837000846862797,0.2580046432050623,7.666012290352977,,,0.0,-1,-1,0,32,delayed
1,3184,3,-44.133245267007574,-22.2900873819987,-19.508128484090168,0.1592126848111961,4.7306373380755415,,,0.0,-1,-1,0,32,delayed
1,3218,1,-17.612682118147603,-26.5762882232666,55.80856323242188,0.1031572571909913,3.0650797274090555,,,0.0,-1,-1,0,32,delayed
1,3302,1,-43.09729486374593,-40.57109832763672,-51.45769882202149,0.2912308069134319,8.653251032204597,,,0.0,-1,-1,0,32,delayed
1,3314,2,2.3308206239452574,9.533099174499512,-28.40089988708496,0.4606713377109103,13.687785199657577,,,0.0,-1,-1,0,32,delayed
1,3390,1,-14.084522132586628,15.740699768066406,-50.12749862670898,0.5521671618280282,16.406372367254868,,,0.0,-1,-1,0,32,delayed
1,3420,1,-58.24762891939011,7.953487396240234,2.655987501144409,0.0733191552684956,2.1785094191497,,,0.0,-1,-1,0,32,delayed
1,3422,4,9.27538892131641,8.757148742675785,-37.158050537109375,2.2037720456145653,65.47999825487676,,,0.0,-1,-1,0,32,delayed
1,3464,3,-40.30453999145393,-22.096099853515625,-40.52050018310547,0.9604055317748657,28.53623298731644,,,0.0,-1,-1,0,32,delayed
1,3554,1,12.71157299793394,14.853899955749512,-47.02370071411133,0.4712986106808302,14.003550079654678,,,0.0,-1,-1,0,32,delayed
1,3640,8,9.99709588649251,-22.97366300225258,11.058390855789185,2.5819280858333125,76.71603190131017,,,0.0,-1,-1,0,32,delayed
1,3696,4,-10.605743395313826,10.10120677947998,34.525362491607666,1.1831343043390843,35.15410422669354,,,0.0,-1,-1,0,32,delayed
1,3718,3,-46.20505569567294,-47.27752558390299,11.185142517089844,0.6626224702187475,19.688296836284614,,,0.0,-1,-1,0,32,delayed
1,3722,1,-54.57578821043525,26.5762882232666,14.683212280273438,0.2346238721183107,6.971306659158157,,,0.0,-1,-1,0,32,delayed
1,3732,4,-33.60776042333613,35.229515075683594,-1.4042032957077022,1.107161856960335,32.896758358422524,,,0.0,-1,-1,0,32,delayed
1,3740,1,-36.99884638191655,55.67441177368164,15.459162712097168,0.1646275114236204,4.89152640908339,,,0.0,-1,-1,0,32,delayed
1,3750,4,-27.79137447448516,15.796125054359438,-11.971799373626709,0.6518873963406611,19.369328901192652,,,0.0,-1,-1,0,32,delayed
1,3754,3,2.908557640988043,14.161087036132812,47.56871223449707,0.9913376376192591,29.45530909627295,,,0.0,-1,-1,0,32,delayed
1,3782,1,-33.96558666582341,-15.297300338745115,-35.05189895629883,0.0824576235787324,2.450037906044396,,,0.0,-1,-1,0,32,delayed
1,3808,3,-16.77640820263495,-0.6558624903361009,-1.1284462610880546,0.6083387180680654,18.075380471741298,,,0.0,-1,-1,0,32,delayed
1,3886,2,-43.40860309776602,13.745400428771973,-46.80200004577637,0.32313605907614307,9.601241937204545,,,0.0,-1,-1,0,32,delayed
1,3932,1,-60.89774003976623,-33.947811126708984,64.34400939941406,0.2519196031310964,7.485209373727804,,,0.0,-1,-1,0,32,delayed
1,3946,1,-52.420577359526966,-13.080300331115724,-37.71229934692383,0.3504791573495789,10.413678972509707,,,0.0,-1,-1,0,32,delayed
1,3984,1,-26.409135294817723,43.23149871826172,-54.11809921264648,0.6041133047612643,17.949832070986304,,,0.0,-1,-1,0,32,delayed
1,3986,2,-9.590508395322308,21.14463806152344,26.128475189208984,0.5056523826614895,15.02429309788944,,,0.0,-1,-1,0,32,delayed
1,4048,3,9.052358870624838,38.94529914855957,28.3824249903361,0.4709224617581423,13.992373682871637,,,0.0,-1,-1,0,32,delayed
1,4090,3,15.803369305039405,30.964100519816082,-42.58969910939535,1.8063097267510564,53.67032311295253,,,0.0,-1,-1,0,32,delayed
1,4136,2,0.7104213545586582,33.379706382751465,9.907218933105469,0.9235656222368924,27.44162013157364,,,0.0,-1,-1,0,32,delayed
1,4148,1,-13.908912359549657,-17.652862548828125,9.251562118530272,0.0461179766296542,1.370289198121703,,,0.0,-1,-1,0,32,delayed
1,4206,3,16.265543408345575,29.58771292368571,35.67081260681152,0.7007084583855804,20.81993404153104,,,0.0,-1,-1,0,32,delayed
1,4252,2,45.6196897855497,3.325500488281251,30.839600563049316,0.5174243805252376,15.374070835159758,,,0.0,-1,-1,0,32,delayed
1,4300,3,-8.653245750086265,-14.80771255493164,18.21782048543294,0.8380761272588727,24.901497166900153,,,0.0,-1,-1,0,32,delayed
1,4320,4,-8.23560929670364,-0.7620933055877686,-4.641843914985657,1.0395032678294465,30.88643959290677,,,0.0,-1,-1,0,32,delayed
1,4402,3,46.93410232919007,23.426299730936687,6.215366681416829,0.5884573068125282,17.484650238590522,,,0.0,-1,-1,0,32,delayed
1,4448,6,-6.02887031601007,-36.04010677337646,-22.476514498392742,2.8275235517179675,84.01333413796152,,,0.0,-1,-1,0,32,delayed
1,4452,2,-33.28447879569988,14.895467758178711,1.4271945953369176,0.4973369536588017,14.777219323781056,,,0.0,-1,-1,0,32,delayed
1,4672,5,-16.611300098413544,-14.55460433959961,8.349899816513062,1.6013043105231701,47.57906048733065,,,0.0,-1,-1,0,32,delayed
1,4708,1,-25.754589777134463,-35.11173629760742,7.699662685394287,0.456773322835642,13.571964687396347,,,0.0,-1,-1,0,32,delayed
1,4712,1,-46.641419374128446,-46.363014221191406,13.907262802124023,0.084834379368329,2.5206577168659154,,,0.0,-1,-1,0,32,delayed
1,4728,2,-15.16212755804077,-40.57110023498535,-31.94810009002686,0.4975524140743508,14.783621232572951,,,0.0,-1,-1,0,32,delayed
1,4898,6,-48.08620887047807,-1.5842309792836506,36.49903933207194,2.325045475590459,69.0833582298736,,,0.0,-1,-1,0,32,delayed
1,4986,4,25.220488140827825,-7.794139862060547,-10.856371641159058,1.6109727202750237,47.86633496063139,,,0.0,-1,-1,0,32,delayed
1,5022,5,-14.45289634254095,-16.82702980041504,19.966979598999025,1.0773156630525569,32.009947615503314,,,0.0,-1,-1,0,32,delayed
1,5058,1,-31.02288296824361,-38.35409927368164,-40.37269973754883,0.1160375255544156,3.4477871637964546,,,0.0,-1,-1,0,32,delayed
1,5128,4,-16.492661923257764,-8.001983642578125,8.93035364151001,1.444135845381442,42.90916241702816,,,0.0,-1,-1,0,32,delayed
1,5146,1,39.10616365836021,-58.30709838867188,-31.94809913635254,0.2096249117013082,6.228520268099021,,,0.0,-1,-1,0,32,delayed
1,5274,4,-46.286208696849116,-3.886677980422974,-35.86469638347626,0.9807085292280882,29.139489680970986,,,0.0,-1,-1,0,32,delayed
1,5302,4,6.8880946231068165,-20.61810040473938,-24.17694878578186,1.5526966984683084,46.13479752063235,,,0.0,-1,-1,0,32,delayed
1,5318,1,-53.218803600604105,49.4390983581543,-14.2121000289917,0.2823928268899454,8.390650860981738,,,0.0,-1,-1,0,32,delayed
1,5322,1,-18.23529858618777,-6.789562702178955,11.579412460327148,0.0955528919680715,2.8391335718086577,,,0.0,-1,-1,0,32,delayed
1,5402,2,-15.304612606656793,-5.112957000732422,-27.3383811712265,0.858826511328755,25.518046920940165,,,0.0,-1,-1,0,32,delayed
1,5422,2,-25.49117511757901,-30.594600677490234,-30.617900848388672,0.5546811293244283,16.481069107148937,,,0.0,-1,-1,0,32,delayed
1,5674,5,6.29230952367938,19.9086594581604,31.406699180603027,2.5052067989001956,74.43643599460584,,,0.0,-1,-1,0,32,delayed
1,5738,2,-4.793168686448676,52.98630142211914,-38.37740135192871,0.983774003310206,29.230573165738342,,,0.0,-1,-1,0,32,delayed
1,5860,3,9.385630326779177,43.67489878336588,35.199700037638344,0.8881744172430117,26.39005218658184,,,0.0,-1,-1,0,32,delayed
1,6006,5,-35.80851501311625,-37.99938049316406,-44.80669937133789,1.4486776750964347,43.04411240080871,,,0.0,-1,-1,0,32,delayed
1,6026,1,-7.491173381289421,-10.669312477111816,31.36613655090332,0.222298853739508,6.605097194099684,,,0.0,-1,-1,0,32,delayed
1,6042,4,10.661619232189226,7.378452777862549,22.88139009475708,0.939592809060565,27.91783098438533,,,0.0,-1,-1,0,32,delayed
1,6082,3,1.2013904565609579,-13.006400426228842,20.14257526397705,0.6304234145598453,18.731576238730415,,,0.0,-1,-1,0,32,delayed
2,34,2,-17.755167166763627,-51.53139305114746,4.198444366455078,0.45846782415291765,13.622312881765591,,,0.0,-1,-1,0,32,delayed
2,126,4,-48.2777831683366,31.391334533691406,-8.872721910476685,0.9986205947052885,29.671705351154444,,,0.0,-1,-1,0,32,delayed
2,140,3,-47.703977318759335,27.481561024983723,36.28048769632975,0.8602747657001165,25.561078455847813,,,0.0,-1,-1,0,32,delayed
2,168,5,-41.0230070897433,2.0174700260162353,-6.7886800289154055,1.3185354494056967,39.177236637467736,,,0.0,-1,-1,0,32,delayed
2,358,5,5.9672554002067075,20.479537582397462,-13.598646926879884,1.2581271120805828,37.38234236494084,,,0.0,-1,-1,0,32,delayed
2,378,5,-11.576567239610071,11.666962242126466,5.242322921752928,1.9062373700711779,56.63944232073828,,,0.0,-1,-1,0,32,delayed
2,452,3,23.046888659366086,-43.62871344884237,44.15083758036295,1.1867696083858899,35.262118893235154,,,0.0,-1,-1,0,32,delayed
2,518,2,23.59818325144832,39.75358200073242,-13.371281027793884,0.7636123389099968,22.688977618501866,,,0.0,-1,-1,0,32,delayed
2,698,2,-35.96651896571908,-45.102094650268555,-12.817031860351562,0.23370422048968348,6.943981334310049,,,0.0,-1,-1,0,32,delayed
2,728,6,13.318344868632282,14.493637084960938,16.718404213587444,1.695052813849507,50.3645808166322,,,0.0,-1,-1,0,32,delayed
2,730,3,-1.0381674102103133,22.24390157063802,-47.910499572753906,0.8939020317987749,26.560235029159546,,,0.0,-1,-1,0,32,delayed
2,744,5,19.06602183308004,-26.066377639770508,-2.9698975563049315,1.2706040641259921,37.75306618811728,,,0.0,-1,-1,0,32,delayed
2,880,4,-23.745077377439088,15.311156034469604,27.835000038146973,0.7532638797693725,22.381497047715442,,,0.0,-1,-1,0,32,delayed
2,1036,2,32.49423481703351,-50.7692985534668,14.877200603485107,0.8031895510868117,23.86492310225903,,,0.0,-1,-1,0,32,delayed
2,1054,7,3.3818929792913863,48.04159818376814,19.861491339547293,2.2895279773249024,68.02803777190051,,,0.0,-1,-1,0,32,delayed
2,1100,4,11.098558153569178,16.405799746513367,-24.066100597381592,1.4776455129637156,43.9048248219376,,,0.0,-1,-1,0,32,delayed
2,1198,1,-33.67299408861973,60.33011245727539,62.7921142578125,0.0620156914977585,1.8426530906992136,,,0.0,-1,-1,0,32,delayed
2,1220,5,-47.99416485291211,-30.904980087280272,-35.05189933776855,1.2239409145805666,36.36657843550155,,,0.0,-1,-1,0,32,delayed
2,1266,3,-23.606444144638658,-14.410499890645346,18.667517344156902,0.29758781859988104,8.842134957365214,,,0.0,-1,-1,0,32,delayed
2,1288,5,-31.66994222320031,-21.970469668507576,2.5892295837402344,1.4663949265840797,43.570539623080094,,,0.0,-1,-1,0,32,delayed
2,1328,4,-49.71459040227545,-43.10679352283478,16.01782512664795,0.9560658034863623,28.407287980811205,,,0.0,-1,-1,0,32,delayed
2,1390,1,62.22279559995429,35.69369888305664,-15.5423002243042,0.3687417458833504,10.956309626029684,,,0.0,-1,-1,0,32,delayed
2,1458,1,-61.32878220994789,-7.177537441253662,51.152862548828125,0.0762028673355325,2.264192265292023,,,0.0,-1,-1,0,32,delayed
2,1480,1,42.05960075034564,-33.03329849243164,54.11809921264648,0.2691891685861278,7.998334639159955,,,0.0,-1,-1,0,32,delayed
2,1502,9,-16.1531004202761,-44.77724181281196,29.54929150475396,2.744756326619804,81.55409713757685,,,0.0,-1,-1,0,32,delayed
2,1504,2,-6.433703503081777,-32.81160068511963,-41.48119926452637,0.6528040461983573,19.39656503534805,,,0.0,-1,-1,0,32,delayed
2,1510,1,49.355388593790735,-57.4202995300293,-8.44789981842041,0.2241008178360457,6.658638396844063,,,0.0,-1,-1,0,32,delayed
2,1530,2,10.11614203965536,-15.061743259429935,-18.054694175720215,0.7597915664524818,22.57545218634648,,,0.0,-1,-1,0,32,delayed
2,1586,4,-36.00982357158939,19.405678391456604,33.20429706573486,1.005017274949712,29.861767935928295,,,0.0,-1,-1,0,32,delayed
2,1600,3,4.531617664511567,34.80690129597982,-23.81910006205241,1.565544216764069,46.51653186437264,,,0.0,-1,-1,0,32,delayed
2,1716,2,-20.286740025756032,6.983549118041992,32.14208793640137,0.2254920284515594,6.699975008249623,,,0.0,-1,-1,0,32,delayed
2,1730,2,-15.34452391871065,20.548818111419678,-0.8729438781738281,0.6515476070429153,19.359232846717457,,,0.0,-1,-1,0,32,delayed
2,1754,4,-11.556230459584562,26.929621696472168,-8.886578798294067,1.411746751395261,41.94679526934038,,,0.0,-1,-1,0,32,delayed
2,1842,1,18.55458908261863,-33.03329849243164,5.787499904632568,0.2257691819737766,6.708209985268785,0.30413296818733215,109.17611694335938,109.17611694335938,4,10,1,32,delayed
2,1860,1,-55.35804992669085,45.44850158691406,-35.05189895629883,0.1804715743187297,5.362296157155311,,,0.0,-1,-1,0,32,delayed
2,1870,2,11.318848098473897,22.18385601043701,6.0828952789306605,0.2454185630608968,7.292045977677537,,,0.0,-1,-1,0,32,delayed
2,1872,1,-56.0445244940172,50.32590103149414,-8.891300201416016,0.2929462685183129,8.704222013126806,,,0.0,-1,-1,0,32,delayed
2,1876,1,3.084964530543589,8.646300315856934,18.64609909057617,0.3981966989455968,11.83149555052285,,,0.0,-1,-1,0,32,delayed
2,1940,1,38.48354719032004,57.4202995300293,-48.79729843139648,0.6861847565059354,20.38839577257714,,,0.0,-1,-1,0,32,delayed
2,2040,2,-36.078270639469885,21.061500310897827,-31.283000469207764,0.449479809890025,13.355254789518625,,,0.0,-1,-1,0,32,delayed
2,2142,4,4.920466938851658,0.7274527549743652,25.2901713848114,1.3082763935641941,38.872412479299896,,,0.0,-1,-1,0,32,delayed
2,2186,1,-51.20727347308971,25.052099227905277,-26.183900833129883,0.2402693303657,7.139048416715456,,,0.0,-1,-1,0,32,delayed
2,2256,4,-17.888070171319217,-41.22234344482421,21.860750198364258,1.6670942869249354,49.533857739863464,,,0.0,-1,-1,0,32,delayed
2,2378,3,11.399941135910217,-8.766386985778809,-8.903478940327961,1.1347604861626222,33.716787905307356,,,0.0,-1,-1,0,32,delayed
2,2480,3,21.168396238697873,-18.317962646484375,54.51531219482422,0.8274588809818733,24.5860302069335,,,0.0,-1,-1,0,32,delayed
2,2690,2,-13.757249373744997,15.712987422943115,27.098411560058594,0.277605438346857,8.248404663571868,,,0.0,-1,-1,0,32,delayed
2,2702,2,-32.438358980158114,25.60635018348694,5.177824974060059,0.8055486028725478,23.935016879480933,,,0.0,-1,-1,0,32,delayed
2,2744,2,-54.63166404731065,-53.65139961242676,-41.03779983520508,0.29567292546284096,8.785238328913476,,,0.0,-1,-1,0,32,delayed
2,2758,2,5.59818151515873,20.174699783325195,-36.382100105285645,1.116303147382216,33.168370697849014,,,0.0,-1,-1,0,32,delayed
2,2768,2,-40.63077577881755,-17.057044029235836,-9.21440601348877,0.1154677962207892,3.4308589720418476,,,0.0,-1,-1,0,32,delayed
2,2916,10,4.182678389886849,-2.893184894323349,31.87138705253601,3.5408875077800706,105.20929707387045,,,0.0,-1,-1,0,32,delayed
2,2920,5,7.268381902935514,-24.298320293426514,18.206229782104494,1.3468132435867841,40.017446003637914,,,0.0,-1,-1,0,32,delayed
2,2938,1,13.573657338297256,49.88249969482422,-37.71229934692383,0.3130654124527444,9.302015923952462,,,0.0,-1,-1,0,32,delayed
2,2946,2,-21.035877017590682,-26.603999853134155,-11.08500099182129,0.3186924653028744,9.46921080762468,,,0.0,-1,-1,0,32,delayed
2,3212,2,26.50372676896912,-19.68973159790039,23.232518196105957,0.2182936056335439,6.486090493968983,,,0.0,-1,-1,0,32,delayed
2,3236,3,-7.328190189898206,-5.20071283976237,20.151812712351482,1.82789179511729,54.31158444566151,,,0.0,-1,-1,0,32,delayed
2,3308,5,-26.80819418864153,-14.089034843444825,7.655075454711914,1.8031202662771204,53.575555658812746,,,0.0,-1,-1,0,32,delayed
2,3318,2,-43.605544092827344,37.051612854003906,24.382587790489197,0.2775832806290316,8.247746298144543,,,0.0,-1,-1,0,32,delayed
2,3384,7,-32.45202349189273,-6.955837624413626,47.43938718523298,2.1952266196046595,65.2260906507172,,,0.0,-1,-1,0,32,delayed
2,3394,6,-9.485468570653678,-11.306699752807617,-13.908733685811361,2.7071599153252324,80.437006578752,,,0.0,-1,-1,0,32,delayed
2,3510,5,26.027600881355916,-11.844322967529294,2.8718976974487305,2.5605796923216007,76.08171367739357,,,0.0,-1,-1,0,32,delayed
2,3558,21,-44.212941106204354,51.565044312250045,35.2783994220552,8.175280172619539,242.90957519926806,0.35823875665664673,108.46136474609375,168.97308349609375,5,15,2,32,delayed
2,3620,4,35.745101129429955,28.931851387023926,0.5542502403259277,1.0314654105659353,30.647613222168914,,,0.0,-1,-1,0,32,delayed
2,3708,3,8.70900165948195,2.2447122881809864,14.87090460459391,1.1413456529025796,33.91245093111737,,,0.0,-1,-1,0,32,delayed
2,3750,2,-47.04851475707778,-42.0260066986084,-1.2609190940856934,0.3497655041866816,10.392474416460415,,,0.0,-1,-1,0,32,delayed
2,3788,1,-42.7141462680289,21.061500549316406,-5.787499904632568,0.4992618514062398,14.834413216132074,,,0.0,-1,-1,0,32,delayed
2,3806,5,9.643335240209057,8.834745383262632,19.81179008483887,1.360710711379931,40.43037717256409,,,0.0,-1,-1,0,32,delayed
2,3812,1,56.79485716062971,33.03329849243164,-15.985699653625488,0.1826536937784376,5.427132798811577,,,0.0,-1,-1,0,32,delayed
2,3824,3,-49.71192964813852,-5.791912714640298,-39.83062903086344,1.4183539733115176,42.14311361379302,,,0.0,-1,-1,0,32,delayed
2,3826,1,20.677870883883838,-29.042699813842773,4.457300186157227,0.4557908424829457,13.542772552071815,,,0.0,-1,-1,0,32,delayed
2,3856,3,-6.695727821828915,-29.818649291992188,47.20845031738281,0.5799757897205655,17.23264154037439,,,0.0,-1,-1,0,32,delayed
2,3922,1,7.906251026649536,9.976499557495115,-38.15570068359375,0.4024345878130511,11.95741463375901,,,0.0,-1,-1,0,32,delayed
2,3980,2,-8.639423493662644,27.3106689453125,-3.976743698120117,0.5177423882810364,15.383519701405332,,,0.0,-1,-1,0,32,delayed
2,4008,5,1.5316882218952963,26.398927307128908,48.6919921875,1.5897006937838203,47.2342858064126,,,0.0,-1,-1,0,32,delayed
2,4032,6,11.294382825502579,-5.83810035387675,34.83167107899984,1.7990421877919938,53.45438497211639,,,0.0,-1,-1,0,32,delayed
2,4150,1,-51.71813826737908,-2.1338624954223637,11.19143772125244,0.1202687142899214,3.573507168081068,,,0.0,-1,-1,0,32,delayed
2,4190,3,25.505425481883687,-49.57766342163086,16.164154370625813,1.0053642595976449,29.872077783621627,,,0.0,-1,-1,0,32,delayed
2,4200,5,4.960389883651556,-9.427792644500732,-22.667942428588866,1.2115575819222761,35.998636296264394,,,0.0,-1,-1,0,32,delayed
2,4246,2,-60.07556701145677,-39.18547439575195,13.907262802124023,0.3022464089942526,8.980554215155815,,,0.0,-1,-1,0,32,delayed
2,4336,4,-28.30753818258389,-7.21217805147171,9.316121578216553,1.102648727351911,32.76266113204572,,,0.0,-1,-1,0,32,delayed
2,4350,5,-49.62359261079265,-21.78202533721924,32.43760528564453,1.7939305643228214,53.30250488247324,,,0.0,-1,-1,0,32,delayed
2,4488,5,44.80340656748465,9.976500320434571,-22.27266044616699,1.8314805623512944,54.418216378255174,,,0.0,-1,-1,0,32,delayed
2,4490,5,-24.58336161140526,0.29929409027099607,32.26956443786621,0.7088108863545582,21.060678981700654,,,0.0,-1,-1,0,32,delayed
2,4756,4,-0.24006570971207397,22.07993459701538,2.7665281295776367,1.206384679312461,35.84493543843867,,,0.0,-1,-1,0,32,delayed
2,4778,1,-36.75937850959341,32.007938385009766,29.03828811645508,0.3210501960667313,9.539265333731423,,,0.0,-1,-1,0,32,delayed
2,4796,4,-31.684035182340207,-23.77039670944214,-9.025140523910522,0.4858551591931833,14.436064310463026,,,0.0,-1,-1,0,32,delayed
2,4802,9,20.4644490159649,36.826833724975586,-26.912544356452095,3.8423429904773077,114.16635074020525,,,0.0,-1,-1,0,32,delayed
2,5072,7,26.93374802914048,4.703207424708775,47.680882045200896,2.0523955561701914,60.98219536987702,,,0.0,-1,-1,0,32,delayed
2,5112,6,5.630629050540816,2.6234501202901206,18.111795425415036,1.689224735364537,50.19141292034978,,,0.0,-1,-1,0,32,delayed
2,5160,4,-0.10317157395109788,-18.380316257476807,22.74282717704773,0.9931487386801455,29.509121782817466,,,0.0,-1,-1,0,32,delayed
2,5286,1,-45.74740598412205,-15.297300338745115,-35.05189895629883,0.0824576235787324,2.450037906044396,,,0.0,-1,-1,0,32,delayed
2,5290,1,-14.084522132586628,52.0994987487793,-11.5516996383667,0.1404645387185822,4.173579462752417,,,0.0,-1,-1,0,32,delayed
2,5506,6,-21.24329591279103,-18.036218961079914,11.994893232981363,1.3578716592283704,40.34602129269909,,,0.0,-1,-1,0,32,delayed
2,5522,1,5.70314660127662,-50.7692985534668,-49.68410110473633,0.2813707452730867,8.360282065524228,,,0.0,-1,-1,0,32,delayed
2,5608,3,3.1196742618033113,-9.828700383504232,17.004767100016277,0.6110877908126737,18.157062821273634,,,0.0,-1,-1,0,32,delayed
2,5612,14,-25.937105550995593,-31.465564472334727,-13.870825495038714,6.429379147924367,191.0341571959751,,,0.0,-1,-1,0,32,delayed
2,5656,8,18.2250778933929,-43.314637422561646,7.39120626449585,2.201001783310201,65.39768630649884,,,0.0,-1,-1,0,32,delayed
2,5664,3,28.511131062987534,-15.001700083414713,-57.22189966837565,1.2297587620700607,36.53944234137479,,,0.0,-1,-1,0,32,delayed
2,5836,2,19.680088082537402,7.316100120544434,23.30180025100708,0.4919894551288758,14.618330751297208,,,0.0,-1,-1,0,32,delayed
2,6108,5,-4.211725626009027,-11.927460098266602,-26.697339820861817,1.858932334139892,55.2338823961574,,,0.0,-1,-1,0,32,delayed
2,6130,1,-44.32656327500473,-15.297300338745115,-35.05189895629883,0.0824576235787324,2.450037906044396,,,0.0,-1,-1,0,32,delayed
2,6172,2,-33.69955644106,50.11805534362793,-18.941494464874268,0.3214869806842249,9.55224338018961,,,0.0,-1,-1,0,32,delayed
2,6176,3,-36.19633560404356,37.09780057271322,10.794225056966146,0.612138942622146,18.188295370387245,,,0.0,-1,-1,0,32,delayed
2,6246,2,-34.872949015443396,-8.964993476867676,2.036867141723633,0.3470058595497808,10.310477947557047,,,0.0,-1,-1,0,32,delayed
3,22,5,-50.647468878252525,10.442069625854492,28.480259704589844,1.1123317223810112,33.05036897318527,,,0.0,-1,-1,0,32,delayed
3,136,3,-18.64957911502931,13.97633695602417,-12.986454010009766,1.3107238471265825,38.94513291121254,,,0.0,-1,-1,0,32,delayed
3,150,7,-15.013936939332037,-10.894971302577428,8.009542465209961,1.8482118566052739,54.915348157711485,,,0.0,-1,-1,0,32,delayed
3,366,1,-15.186074345273086,16.627500534057617,-61.65589904785156,0.0869832629660495,2.584506831618358,,,0.0,-1,-1,0,32,delayed
3,428,1,34.26891263743272,60.96749877929688,26.183900833129883,0.559068176568039,16.611420087154936,,,0.0,-1,-1,0,32,delayed
3,430,2,-2.7576917717019596,-20.950650215148926,20.890812158584595,0.18604438385766292,5.52787932607256,,,0.0,-1,-1,0,32,delayed
3,516,5,-17.452558600021028,-8.674013137817381,15.107971954345704,0.8469924870362031,25.166426211544902,,,0.0,-1,-1,0,32,delayed
3,658,3,-47.74829309508875,-35.27801195780436,-5.411703109741208,0.48409770936211843,14.383845746342402,,,0.0,-1,-1,0,32,delayed
3,704,2,-38.970465197377095,52.55675506591797,4.226156234741211,0.3338604583482293,9.919892701024793,,,0.0,-1,-1,0,32,delayed
3,724,1,16.990065650107432,52.98630142211914,-51.45769882202149,0.5955595295433682,17.695676389388005,,,0.0,-1,-1,0,32,delayed
3,888,5,-5.182368735158835,-32.673037719726565,25.64804153442383,1.3670604066877678,40.61904370842634,,,0.0,-1,-1,0,32,delayed
3,892,3,7.144478226970752,9.089700063069662,3.111565907796224,0.9980110025833588,29.65359272868082,,,0.0,-1,-1,0,32,delayed
3,1000,1,-51.38288324612668,-46.7509880065918,63.18008804321289,0.113648605175669,3.3768059102940104,,,0.0,-1,-1,0,32,delayed
3,1012,7,-30.105682759473645,-2.672277450561522,8.951944283076696,2.159096508557828,64.15256781835217,0.37407243251800537,76.99285125732422,153.36297607421875,5,3,2,32,delayed
3,1082,3,-22.344449567218195,12.997161865234375,-2.735771814982096,1.066918174711963,31.701010255238664,,,0.0,-1,-1,0,32,delayed
3,1104,3,22.440236716147457,17.948462168375652,21.88846206665039,1.335309133887455,39.67562794467169,,,0.0,-1,-1,0,32,delayed
3,1158,2,-17.942570442197184,13.676118612289429,-0.45725584030151456,0.19763005673951511,5.872120846693944,,,0.0,-1,-1,0,32,delayed
3,1176,4,-13.122061674699738,-17.237175464630127,6.1106061935424805,0.6087853751334131,18.088651855193913,,,0.0,-1,-1,0,32,delayed
3,1210,1,-12.04106295542914,-32.39591217041016,11.579412460327148,0.0693259457878219,2.0598604189746603,,,0.0,-1,-1,0,32,delayed
3,1216,2,-5.2960512183272765,-33.17186164855957,49.40697479248047,0.9325641001180227,27.708989126078087,,,0.0,-1,-1,0,32,delayed
3,1244,1,5.09649465805799,52.54290008544922,35.49530029296875,0.4129994768729367,12.271325919901749,,,0.0,-1,-1,0,32,delayed
3,1258,2,0.758314929023288,-58.30709838867188,-9.77810001373291,0.9114961200704341,27.0830027408278,,,0.0,-1,-1,0,32,delayed
3,1292,9,-17.19264832142082,2.297058794233534,-3.952041414048937,3.402636752183785,101.10149506540287,,,0.0,-1,-1,0,32,delayed
3,1348,8,28.816796275574823,-8.441920280456543,-35.49986791610718,3.576404438529032,106.26460066939815,,,0.0,-1,-1,0,32,delayed
3,1460,1,-35.40239389976226,19.204763412475582,30.590187072753903,0.0733224259632148,2.178606600291884,,,0.0,-1,-1,0,32,delayed
3,1502,2,18.482748720921684,23.056800365447998,10.641599655151367,0.532900636676032,15.833912055018523,,,0.0,-1,-1,0,32,delayed
3,1514,2,-20.022129691422712,-38.11854362487793,30.992018461227413,0.23944599114446907,7.11458479268653,,,0.0,-1,-1,0,32,delayed
3,1520,1,-44.7256763955433,-19.204763412475582,44.94526290893555,0.3268208908955269,9.71072820715833,,,0.0,-1,-1,0,32,delayed
3,1570,5,10.030722966973578,21.549240112304688,14.611160230636596,1.7911491978134269,53.219862998280306,,,0.0,-1,-1,0,32,delayed
3,1672,2,48.34164126762276,21.283199310302734,-9.75480031967163,0.4272667395210371,12.695244689158555,,,0.0,-1,-1,0,32,delayed
3,1680,1,-47.6312199130641,-15.297300338745115,-35.05189895629883,0.0507916004166072,1.5091551384636828,,,0.0,-1,-1,0,32,delayed
3,1698,3,-23.375078462206005,31.296650886535645,38.7653751373291,0.5632643230582942,16.736098892027655,,,0.0,-1,-1,0,32,delayed
3,1718,5,-9.999272187241635,10.109519577026367,11.66431484222412,1.4298678248666532,42.48522112951249,,,0.0,-1,-1,0,32,delayed
3,1776,1,-36.40815896351946,-15.297300338745115,-35.05189895629883,0.0507916004166072,1.5091551384636828,,,0.0,-1,-1,0,32,delayed
3,1808,2,20.980001180715284,-17.55586886405945,5.694917678833011,0.6762945088003744,20.094529896662635,,,0.0,-1,-1,0,32,delayed
3,1838,1,-3.5639002751898747,-17.957700729370117,-41.70289993286133,0.1635762556291826,4.8602907702966105,,,0.0,-1,-1,0,32,delayed
3,1946,1,-39.85649632497272,-19.592737197875977,29.81423759460449,0.2173363178423221,6.457646897443945,,,0.0,-1,-1,0,32,delayed
3,1966,5,-15.493639447929889,-27.740212631225585,50.92007751464844,1.9892153381656936,59.104941062695005,,,0.0,-1,-1,0,32,delayed
3,1974,4,11.49767127410775,-8.971922397613525,-18.532734394073486,2.0410018777043892,60.643658520050835,,,0.0,-1,-1,0,32,delayed
3,2066,4,34.46585363249405,4.434000492095945,-15.530649900436401,1.0827340323053005,32.170941947889,,,0.0,-1,-1,0,32,delayed
3,2118,2,-39.989579220747885,24.442424535751343,24.77056217193603,0.12889152098879242,3.8297139607562882,,,0.0,-1,-1,0,32,delayed
3,2510,1,-33.752816712727444,41.3193359375,59.30033874511719,0.2026377774494374,6.020913705737213,,,0.0,-1,-1,0,32,delayed
3,2546,2,-0.9179601772387151,-19.066200256347656,-42.14629936218262,0.2681130430952944,7.966360054764074,,,0.0,-1,-1,0,32,delayed
3,2706,4,-29.730466402913684,-20.29247856140137,52.24057912826538,1.4804559052473238,43.98832913999644,,,0.0,-1,-1,0,32,delayed
3,2708,2,-43.31281594883676,-52.57061195373535,43.975324630737305,0.33171321009786925,9.856092176843468,,,0.0,-1,-1,0,32,delayed
3,2730,4,-42.57714002444181,10.44068455696106,29.60167121887207,0.8135571155678794,24.17297134412622,,,0.0,-1,-1,0,32,delayed
3,2748,2,-25.621506881359302,-38.40952491760254,43.78133773803711,0.3846894329768783,11.430158327909519,,,0.0,-1,-1,0,32,delayed
3,2750,2,-28.407316462718534,25.02438735961914,24.576574325561523,0.5646705414314569,16.77788142430176,,,0.0,-1,-1,0,32,delayed
3,2760,1,-64.47379359979183,-51.65610122680664,-45.69350051879883,0.1958820294040276,5.8201822502746925,,,0.0,-1,-1,0,32,delayed
3,2986,8,-6.536430158815567,-11.580361008644104,-16.98429822921753,2.966929964486366,88.15547383111101,0.22546570003032684,156.21902465820312,156.21902465820312,6,2,1,32,delayed
3,3022,16,0.03876406990527803,29.758029222488403,19.09399026632309,6.633695492974908,197.10494566249338,0.7211760878562927,71.35401153564453,71.35401153564453,3,7,1,32,delayed
3,3100,4,17.564190706294042,54.09479999542236,-37.93399953842163,0.9698520115909213,28.816913324967945,,,0.0,-1,-1,0,32,delayed
3,3236,5,-2.821765740451616,10.868842887878419,-1.5195274353027344,2.561860035755167,76.11975612645831,,,0.0,-1,-1,0,32,delayed
3,3280,2,-38.472949362701314,-23.84660625457764,-13.482130527496338,0.1805453039544439,5.364486863053186,,,0.0,-1,-1,0,32,delayed
3,3290,1,22.801152685149034,-27.269100189208984,15.5423002243042,0.266848683672197,7.928792533666455,,,0.0,-1,-1,0,32,delayed
3,3336,2,5.403991652092262,6.470869064331055,22.71039390563965,0.5026345918617958,14.934626411767912,,,0.0,-1,-1,0,32,delayed
3,3338,1,-42.76203984249353,-15.297300338745115,-35.05189895629883,0.0824576235787324,2.450037906044396,,,0.0,-1,-1,0,32,delayed
3,3456,2,-3.256763063594743,-3.7689001560211173,0.4434013366699219,0.6124776140153282,18.198358208909347,,,0.0,-1,-1,0,32,delayed
3,3470,1,28.38873637268904,-52.54290008544922,-5.787499904632568,0.6906754112705937,20.52182521086148,,,0.0,-1,-1,0,32,delayed
3,3570,1,17.564788543682972,-19.287900924682617,-3.570499897003174,0.5714912605774095,16.980543346011288,,,0.0,-1,-1,0,32,delayed
3,3614,2,-14.236185118391285,20.160844802856445,-11.542256355285645,0.6155763629321873,18.290430378565922,,,0.0,-1,-1,0,32,delayed
3,3634,3,47.599290863421025,-50.1781005859375,-47.61489995320638,1.1340065988986556,33.694387885837486,,,0.0,-1,-1,0,32,delayed
3,3712,9,-14.734722861568745,-18.441128942701553,-30.812868118286133,2.6443059465212886,78.56944601331855,,,0.0,-1,-1,0,32,delayed
3,3800,3,25.535610821388136,29.33829975128174,-27.957499821980793,1.062695741096645,31.57555038913658,,,0.0,-1,-1,0,32,delayed
3,3864,2,-48.31769448039044,7.09439992904663,-47.245399475097656,0.3374419170830963,10.02630747844049,,,0.0,-1,-1,0,32,delayed
3,3884,1,-30.639734372526583,29.68008804321289,58.91236114501953,0.06719331131024,1.9964941093110813,,,0.0,-1,-1,0,32,delayed
3,3886,3,16.234411475221066,-30.077299118041992,-43.919900258382164,1.256523320523777,37.334689401672776,,,0.0,-1,-1,0,32,delayed
3,3888,1,-57.80062222438691,-44.03516387939453,51.92881393432617,0.300885471113145,8.940117088159282,,,0.0,-1,-1,0,32,delayed
3,3910,1,-38.03654049531684,33.947811126708984,10.027512550354004,0.1021153922548784,3.034123116295735,,,0.0,-1,-1,0,32,delayed
3,3912,8,14.729534740473728,21.778561115264893,-8.019304633140564,2.2547442253782357,66.99451889171588,,,0.0,-1,-1,0,32,delayed
3,3914,5,45.54839965025173,13.168979740142822,-32.480180740356445,2.258765263866304,67.11399476659388,,,0.0,-1,-1,0,32,delayed
3,3934,4,-33.8113081148108,-12.560690358281136,28.617878437042236,0.6052349630854741,17.983159558399528,,,0.0,-1,-1,0,32,delayed
3,3994,2,-11.394499700156654,-58.972198486328125,-45.69350051879883,0.8458238084049655,25.131701624269077,,,0.0,-1,-1,0,32,delayed
3,4046,11,-10.982398169649876,-19.509600574320014,-11.040165814486416,3.5699165347322817,106.07182758738433,,,0.0,-1,-1,0,32,delayed
3,4062,2,-16.30359108278109,15.518999099731447,47.27311325073242,0.7399021923164297,21.984485354585942,,,0.0,-1,-1,0,32,delayed
3,4102,9,-4.423759320102666,-10.419900258382162,-20.409344779120552,1.9817991417922258,58.88458591001084,,,0.0,-1,-1,0,32,delayed
3,4108,4,-30.759468308688156,27.93419861793518,6.729725122451782,1.1875301845459385,35.28471765780873,,,0.0,-1,-1,0,32,delayed
3,4166,6,-27.63303700887371,-3.039137363433838,29.03828763961792,0.859009386938027,25.523480647445513,,,0.0,-1,-1,0,32,delayed
3,4212,2,35.85476729196829,11.750099182128906,14.188799858093258,0.5404955668873676,16.059577871033298,,,0.0,-1,-1,0,32,delayed
3,4222,2,-14.659245026162175,-44.6864070892334,10.018068790435791,0.8128293534624287,24.151347573423756,,,0.0,-1,-1,0,32,delayed
3,4256,1,-12.855253721327829,35.88768768310547,37.18576431274414,0.0803441615222319,2.387241260607861,,,0.0,-1,-1,0,32,delayed
3,4334,1,-23.24815938015224,-24.248437881469727,32.53006362915039,0.1399231365332894,4.157492946808673,,,0.0,-1,-1,0,32,delayed
3,4376,2,55.32612087704777,2.882099986076355,-19.754599571228027,0.6285681214512961,18.676450487520427,,,0.0,-1,-1,0,32,delayed
3,4412,7,-5.461159256167909,11.152301788330078,-28.398201942443848,4.100732216230264,121.84379001304265,,,0.0,-1,-1,0,32,delayed
3,4432,2,-44.81348128206179,8.604731321334839,3.173081398010254,0.37030953687849916,11.002892915726388,,,0.0,-1,-1,0,32,delayed
3,4536,2,40.39929016890518,-27.269100189208984,62.98609924316406,1.1905353849996265,35.37401025086737,,,0.0,-1,-1,0,32,delayed
3,4544,1,-62.62190872049286,35.88768768310547,31.754112243652344,0.1127092847783419,3.348896173395339,,,0.0,-1,-1,0,32,delayed
3,4606,2,13.657650984829925,-11.625393390655518,0.26326870918273926,0.9360769274934841,27.813364681105483,,,0.0,-1,-1,0,32,delayed
3,4832,1,-14.595386926876,-18.81678771972656,60.464263916015625,0.4144310452754831,12.31386166977071,,,0.0,-1,-1,0,32,delayed
3,4862,1,-33.805941417607976,-15.297300338745115,-35.05189895629883,0.0507916004166072,1.5091551384636828,,,0.0,-1,-1,0,32,delayed
3,5094,5,-7.548789583622634,-15.918059921264648,-13.007364654541016,0.7146105000245291,21.233001111725105,,,0.0,-1,-1,0,32,delayed
3,5188,1,-27.095609862144062,-38.79750061035156,-36.38209915161133,0.1935073823865934,5.749625096749236,,,0.0,-1,-1,0,32,delayed
3,5226,4,-10.474633902925031,-44.20143699645996,-0.6096746921539307,0.9598341372540915,28.519255318370327,,,0.0,-1,-1,0,32,delayed
3,5254,4,-2.6860313012245873,11.750100087374449,-34.275949478149414,1.6293792312016597,48.41324193576654,,,0.0,-1,-1,0,32,delayed
3,5360,1,-17.80425641600612,25.800336837768555,53.86868667602539,0.0765370728686931,2.2741224110943867,,,0.0,-1,-1,0,32,delayed
3,5408,3,62.82944754317291,-10.419899940490724,-14.507700284322103,1.2331549193944515,36.640351315203056,,,0.0,-1,-1,0,32,delayed
3,5534,2,-8.780488651848582,13.080300331115723,-22.41499948501587,0.4089502696615124,12.151013076445311,,,0.0,-1,-1,0,32,delayed
3,5568,11,-56.40542772584886,-6.331046537919478,28.57977156205611,3.4769488586555486,103.30950773702672,,,0.0,-1,-1,0,32,delayed
3,5598,2,-55.62944684865708,28.710150718688965,51.54083633422852,0.5355387794839319,15.912298377597192,,,0.0,-1,-1,0,32,delayed
3,5610,3,26.990126290287176,16.923100153605144,6.806566874186198,0.8543419483808478,25.38479848692577,,,0.0,-1,-1,0,32,delayed
3,5692,1,-34.89152910547289,22.696537017822266,60.07628631591797,0.9557483287848176,28.39785495304207,,,0.0,-1,-1,0,32,delayed
3,5700,2,-19.30492174923115,13.57912540435791,26.904425144195557,0.3457491363178569,10.273137318249677,,,0.0,-1,-1,0,32,delayed
3,5752,2,-7.794499352898736,-42.677249908447266,21.666762351989746,0.554685278777862,16.48119239857744,,,0.0,-1,-1,0,32,delayed
3,5754,1,-10.731971920062623,-27.74021339416504,62.7921142578125,0.2729995279343865,8.111550669815639,,,0.0,-1,-1,0,32,delayed
3,6014,1,48.413481629319705,-22.391700744628903,-51.901100158691406,0.2139512510962298,6.357067454543827,,,0.0,-1,-1,0,32,delayed
3,6128,2,6.321951829330981,18.17940044403076,-2.88209915161133,0.5779851745250981,17.17349500578397,,,0.0,-1,-1,0,32,delayed
3,6134,10,-41.27045722447722,-17.02101731300354,18.68666276931763,2.629407180934602,78.12676359225901,,,0.0,-1,-1,0,32,delayed
3,6294,2,22.97556678340814,16.530506372451782,14.170530796051025,0.4104284452541535,12.194933651361008,,,0.0,-1,-1,0,32,delayed
3,6318,1,-37.41392402727666,-58.00226211547852,43.78133773803711,0.1050056457113545,3.1200003247224504,,,0.0,-1,-1,0,32,delayed
3,6352,1,-61.9673632028096,18.401100158691406,-11.10830020904541,0.2111002675777124,6.272357061656915,,,0.0,-1,-1,0,32,delayed
3,6418,4,-35.21749408171054,-35.132522106170654,8.748015403747559,1.0889748953144789,32.35637478326919,,,0.0,-1,-1,0,32,delayed
4,160,1,-58.02412557188851,-15.297300338745115,-35.05189895629883,0.0824316636908381,2.4492665679119447,,,0.0,-1,-1,0,32,delayed
4,196,3,-21.19326006992848,-1.6996994018554699,-8.284566243489584,0.6516426599956782,19.36205712575005,,,0.0,-1,-1,0,32,delayed
4,326,3,43.090229645333444,-32.73770078023275,25.001500447591145,0.8274753910081987,24.586520764247325,,,0.0,-1,-1,0,32,delayed
4,348,8,-44.66250607925585,10.523822158575058,42.42342495918274,2.641392187212346,78.48287038275625,,,0.0,-1,-1,0,32,delayed
4,372,2,19.680088082537406,-6.429299890995025,-13.54699993133545,0.8575933836222469,25.481407378193047,,,0.0,-1,-1,0,32,delayed
4,376,1,-53.68177482042885,-52.958587646484375,60.852237701416016,0.6091025100353425,18.098074786602,,,0.0,-1,-1,0,32,delayed
4,382,1,35.60993272244232,4.655700206756592,42.14630126953125,0.1553616635673862,4.616213133073949,,,0.0,-1,-1,0,32,delayed
4,390,1,63.659602833893146,9.089699745178224,-43.47650146484375,0.2191703978992195,6.512142351800911,,,0.0,-1,-1,0,32,delayed
4,434,1,11.673878884533654,-27.712499618530277,9.77810001373291,0.2012930505243436,5.980958249870691,,,0.0,-1,-1,0,32,delayed
4,478,6,-14.135151199738923,-9.473056475321451,5.407085418701172,2.3986719409750727,71.27099865960453,,,0.0,-1,-1,0,32,delayed
4,560,5,18.628593852969765,-7.26621732711792,-6.805306625366212,1.320450736987722,39.234144985941505,,,0.0,-1,-1,0,32,delayed
4,596,2,-31.703990838367133,8.937281608581543,-3.5887680053710938,0.1539586696917578,4.57452640929934,,,0.0,-1,-1,0,32,delayed
4,616,2,6.204833458377356,34.70990562438965,12.151931762695312,0.3442704049167751,10.229200228769411,,,0.0,-1,-1,0,32,delayed
4,706,5,-51.06359274969582,17.19283447265625,4.813784980773926,1.7066471049162042,50.70907840671855,,,0.0,-1,-1,0,32,delayed
4,832,8,-12.712671807453235,-6.1937432289123535,6.892380595207214,2.331737074790382,69.28218365049968,,,0.0,-1,-1,0,32,delayed
4,890,1,-60.41880429511994,25.02438735961914,29.03828811645508,0.1366872301121346,4.0613454585819255,,,0.0,-1,-1,0,32,delayed
4,988,1,-43.17711748785364,48.690860748291016,6.53573751449585,0.1424448421620509,4.23241960744002,,,0.0,-1,-1,0,32,delayed
4,1042,8,10.923337244836459,33.38317024707794,5.1313796043396,3.6534082305631164,108.55259056292846,,,0.0,-1,-1,0,32,delayed
4,1094,3,31.264094550705394,-12.636900107065836,-9.008033116658526,1.1627776262419665,34.54925253664379,,,0.0,-1,-1,0,32,delayed
4,1102,3,-17.09037719079196,8.332225879033407,29.232275009155273,0.7204582978559751,21.406754922859946,,,0.0,-1,-1,0,32,delayed
4,1152,5,8.712531486625279,-21.150179290771483,12.50854034423828,1.2566307011543274,37.33787996918862,,,0.0,-1,-1,0,32,delayed
4,1170,4,23.732394038607882,1.2193498611450195,-12.992749691009521,1.5354006329412115,45.62088486674227,,,0.0,-1,-1,0,32,delayed
4,1178,5,12.457330739848095,-9.455504989624023,8.70638427734375,1.5146815251296368,45.00526441450709,,,0.0,-1,-1,0,32,delayed
4,1184,3,6.527183267204426,11.057287693023682,15.77617851893107,0.7872188336300366,23.39039010630793,,,0.0,-1,-1,0,32,delayed
4,1220,8,-20.42687453616184,36.02278634905815,30.22866654396057,2.3774469356712458,70.64034663140586,,,0.0,-1,-1,0,32,delayed
4,1254,1,-8.512902969868165,5.625637531280518,59.30033874511719,0.1956835754592885,5.814285649498291,,,0.0,-1,-1,0,32,delayed
4,1316,3,13.493834714189541,53.57749938964844,36.382100423177086,0.7281006302209817,21.633829184428716,,,0.0,-1,-1,0,32,delayed
4,1338,2,-16.00705169880468,18.179399967193604,-40.816100120544434,0.5961537305287417,17.713331699774,,,0.0,-1,-1,0,32,delayed
4,1340,2,-15.92842474947483,-55.86840057373047,39.901588439941406,0.7570762695913433,22.494773409209508,,,0.0,-1,-1,0,32,delayed
4,1412,4,-13.830397518045915,-50.43675088882446,30.299206733703613,0.8519081036350102,25.31248240957683,,,0.0,-1,-1,0,32,delayed
4,1428,2,-36.309756249382254,22.114574432373047,48.631025314331055,0.3501257718564217,10.403178938478838,,,0.0,-1,-1,0,32,delayed
4,1596,1,47.7429715868149,-35.69369888305664,-21.749900817871094,0.2838145832083333,8.432895067424123,,,0.0,-1,-1,0,32,delayed
4,1604,1,5.575430402704277,34.36349868774414,46.13690185546875,0.1929042723371534,5.7317050740938,,,0.0,-1,-1,0,32,delayed
4,1636,1,-3.3723259773313603,-50.32590103149414,-12.43850040435791,0.1072329062220569,3.1861782284871185,,,0.0,-1,-1,0,32,delayed
4,1776,3,-8.95379104007894,-17.061663309733074,27.692554155985516,0.6805292686965569,20.220356009741643,,,0.0,-1,-1,0,32,delayed
5,38,3,-47.27825665685153,2.374037424723309,-15.388203938802084,0.8484224412545156,25.208913999656183,,,0.0,-1,-1,0,32,delayed
5,158,1,26.297383621066924,61.85430145263672,-18.202699661254883,0.5509372867897259,16.36982947003371,,,0.0,-1,-1,0,32,delayed
5,162,11,0.014384123435030332,9.853053786537863,29.814237334511496,3.715587298363416,110.4000980032536,,,0.0,-1,-1,0,32,delayed
5,184,7,10.119772553310218,-27.811473165239608,37.01156834193638,3.5552566410681536,105.63624269399483,,,0.0,-1,-1,0,32,delayed
5,422,2,-10.129490999268953,45.00510025024414,-20.197999477386475,0.8335514293724022,24.767056215850104,,,0.0,-1,-1,0,32,delayed
5,464,6,38.12613428090294,17.21870009104411,9.171366930007935,1.5315299778076372,45.50587728603718,,,0.0,-1,-1,0,32,delayed
5,474,2,-53.298626224711825,-13.967100143432617,21.472774505615234,0.1898367543849643,5.640560860446182,,,0.0,-1,-1,0,32,delayed
5,534,1,-33.72611879350026,-33.47669982910156,-4.900700092315674,0.3370918280373511,10.015905390733613,,,0.0,-1,-1,0,32,delayed
5,552,6,-8.190274530261522,-14.692244052886963,21.691326936086018,2.42436024665648,72.03426735363146,0.4027944803237915,99.36534118652344,99.36534118652344,1,13,1,32,delayed
5,714,1,51.59042206880673,9.533100128173828,-3.570499897003174,0.3985722642541358,11.842654606558911,,,0.0,-1,-1,0,32,delayed
5,750,3,-37.460073891602654,12.128837585449219,-0.8114288647969564,0.5142410293030863,15.27948490333168,,,0.0,-1,-1,0,32,delayed
5,760,1,-42.889756041065866,58.30709838867188,-55.891700744628906,0.2032846699874892,6.040134623956505,,,0.0,-1,-1,0,32,delayed
5,942,1,-20.48629658602532,12.22121238708496,3.819912433624268,0.0975193862658763,2.897563409615488,,,0.0,-1,-1,0,32,delayed
5,950,6,-13.40829202354869,-2.1246245702107736,-16.20257504781087,2.1137525769472916,62.80527758085432,,,0.0,-1,-1,0,32,delayed
5,1088,3,-19.7111000881822,25.024387995402023,13.260637601216635,0.7140144304951568,21.215290281868292,,,0.0,-1,-1,0,32,delayed
5,1104,3,-14.712460108900649,18.20711310704549,-4.6727040608723955,1.6078708383089015,47.77416969964957,,,0.0,-1,-1,0,32,delayed
5,1164,5,14.149570370931638,17.447789096832274,-28.792404651641846,2.2168284513306804,65.8679392060325,,,0.0,-1,-1,0,32,delayed
5,1258,5,8.722732384405004,-0.0443405151367184,-0.08401947021484375,1.5786852936495952,46.906988623838224,,,0.0,-1,-1,0,32,delayed
5,1300,2,-0.19157429785851576,-40.0029935836792,2.1754302978515625,1.0061791605000066,29.896290682487788,,,0.0,-1,-1,0,32,delayed
5,1334,3,-4.032432858247894,-17.22793785730998,22.445654551188152,0.7289282840230622,21.658421006266053,,,0.0,-1,-1,0,32,delayed
5,1344,5,-5.798933750205878,46.518202209472655,33.1508228302002,1.3708273363432888,40.73096932603302,,,0.0,-1,-1,0,32,delayed
5,1356,4,-8.541020779525436,-12.893240928649902,18.821509838104248,0.7660320622939545,22.76087411218602,,,0.0,-1,-1,0,32,delayed
5,1422,1,-52.02146423898839,59.16618728637695,20.502838134765625,0.1309328887569367,3.890368490865989,,,0.0,-1,-1,0,32,delayed
5,1528,4,56.09640919968721,54.427350997924805,-48.575599670410156,2.085246382155248,61.958281817862115,,,0.0,-1,-1,0,32,delayed
5,1564,2,-9.446827671928423,-60.0806999206543,-56.113399505615234,0.7269744411505474,21.600367076352047,,,0.0,-1,-1,0,32,delayed
5,1600,2,36.75937850959341,-46.11360168457031,27.514100074768066,0.9514811321231879,28.271065056367974,,,0.0,-1,-1,0,32,delayed
5,1606,4,-34.836430997205994,-7.1913933753967285,-2.2724251747131348,0.8316700077332069,24.711154115677658,,,0.0,-1,-1,0,32,delayed
5,1618,3,-24.30102090185549,-35.04707463582357,-2.3570335706075007,0.5129724076929268,15.241790741186072,,,0.0,-1,-1,0,32,delayed
5,1626,4,-3.3206211628809172,3.311643362045288,2.3533564805984497,1.0176770802595185,30.23792482168371,,,0.0,-1,-1,0,32,delayed
5,1662,1,-50.66447962915725,-47.52693939208984,62.7921142578125,0.1021268396863964,3.034463250293403,,,0.0,-1,-1,0,32,delayed
5,1692,3,-17.2774270968952,-22.437886555989582,44.94526322682699,1.1488489478797403,34.13539401771655,,,0.0,-1,-1,0,32,delayed
5,1748,5,-44.28186260550441,34.49097671508789,20.81321792602539,0.7333874898035044,21.790916010594003,,,0.0,-1,-1,0,32,delayed
5,1754,1,-34.396628836005064,52.98630142211914,-34.60850143432617,0.3868921267001516,11.495606286305662,,,0.0,-1,-1,0,32,delayed
5,1798,2,-33.15676259712754,8.535450220108032,42.811400413513184,0.5589838751274518,16.608915264483507,,,0.0,-1,-1,0,32,delayed
5,1824,1,28.89960116697841,-52.0994987487793,-34.60850143432617,0.405115238832534,12.037063989701686,,,0.0,-1,-1,0,32,delayed
5,1878,1,41.2613745092685,24.16530036926269,57.221900939941406,0.3525233204820119,10.474416560415296,,,0.0,-1,-1,0,32,delayed
5,1890,5,2.8707055409994267,1.4632202148437496,-51.723741149902345,2.485751535849578,73.85836777147105,,,0.0,-1,-1,0,32,delayed
5,1918,2,24.699735464134775,9.15898084640503,-13.676117897033691,0.7413467300718374,22.027406458831464,,,0.0,-1,-1,0,32,delayed
5,1980,2,-26.425099819639268,-20.631956100463867,-4.17073130607605,0.2380566974877055,7.073305139284347,,,0.0,-1,-1,0,32,delayed
5,2014,1,-39.1380927080033,-60.52410125732422,-42.58969879150391,0.3601191034230548,10.70010771332454,,,0.0,-1,-1,0,32,delayed
5,2018,4,-26.44046650707188,0.00692886114120661,6.808140516281128,0.9818276133908792,29.1727406831209,,,0.0,-1,-1,0,32,delayed
5,2096,3,15.914323862271635,-11.57458750406901,-8.090579986572266,0.582636037513373,17.31168466154348,,,0.0,-1,-1,0,32,delayed
5,2158,1,23.50359177729692,23.721900939941406,47.467098236083984,0.9240438495210016,27.45582955118726,,,0.0,-1,-1,0,32,delayed
5,2216,4,-28.12603165834863,-16.58593100309372,27.4331693649292,1.7009332694308994,50.53930497740631,,,0.0,-1,-1,0,32,delayed
5,2270,3,15.08496568806998,-24.90429941813151,0.007765769958496094,0.8340390965890299,24.781546121263546,,,0.0,-1,-1,0,32,delayed
5,2320,1,62.095079401381945,-53.87310028076172,53.67470169067383,0.1887583825744758,5.6085195318480565,,,0.0,-1,-1,0,32,delayed
5,2428,14,-12.572707806327529,8.028707091297422,23.894201125417435,3.7920127747263166,112.67090458183299,,,0.0,-1,-1,0,32,delayed
5,2588,2,1.636363794208143,19.024630546569824,31.573981046676632,0.9413889190186941,27.97119824492296,,,0.0,-1,-1,0,32,delayed
5,2716,3,-0.1538504431315507,-6.669474601745605,30.417617162068684,1.3203803389662698,39.23205327126938,,,0.0,-1,-1,0,32,delayed
5,2728,2,-47.487539189670215,-37.4395866394043,55.03261184692383,0.6187522136037786,18.384793448851422,,,0.0,-1,-1,0,32,delayed
5,2746,1,-32.71512259932716,-36.66363906860352,48.43703842163086,0.2438461905518071,7.245326558871904,,,0.0,-1,-1,0,32,delayed
5,2772,2,14.064746367779268,-16.087106704711914,-6.581718921661377,0.3124038441912543,9.282358950494586,,,0.0,-1,-1,0,32,delayed
5,2788,5,18.9888241577646,25.229460144042967,-21.47453956604004,1.342867037058462,39.900193587671346,,,0.0,-1,-1,0,32,delayed
5,2952,1,-53.93720721757354,57.4202995300293,-60.32569885253906,0.1398044375707593,4.153966081189882,,,0.0,-1,-1,0,32,delayed
5,2998,4,-13.078159231440496,13.301999568939209,-8.226199984550476,2.147780003110883,63.816323986603855,,,0.0,-1,-1,0,32,delayed
5,3022,3,9.047834478869568,40.57110087076823,-5.344099998474121,0.9298653403000325,27.628801708997454,,,0.0,-1,-1,0,32,delayed
5,3100,2,43.1611529630321,-47.66550064086914,38.59910011291504,0.44540256791722743,13.234108957854783,,,0.0,-1,-1,0,32,delayed
5,3248,2,36.95631950465474,-24.830400228500366,-5.5425004959106445,0.777893091263581,23.11329720321202,,,0.0,-1,-1,0,32,delayed
5,3288,3,-10.67621601066694,-15.916212717692057,-12.490571022033691,0.744332686285827,22.11612725373866,,,0.0,-1,-1,0,32,delayed
5,3330,1,-52.707938806314736,-51.65610122680664,-45.250099182128906,0.2153493833543855,6.398609726579768,,,0.0,-1,-1,0,32,delayed
5,3332,2,-27.872504881196846,-28.890280723571777,14.064094543457031,0.2070190079226621,6.151091853840987,,,0.0,-1,-1,0,32,delayed
5,3336,3,-35.96830786478669,-40.53414980570475,10.520042419433594,0.7342414129003827,21.81628836387557,,,0.0,-1,-1,0,32,delayed
5,3414,4,-44.06583196405068,-12.969449996948242,-13.879549980163574,1.32778610883173,39.45209862434089,,,0.0,-1,-1,0,32,delayed
5,3522,10,-22.94914449607824,-13.78419761657715,14.605617570877076,3.76744631490365,111.94096894737487,,,0.0,-1,-1,0,32,delayed
5,3536,2,-22.93685114613215,-37.4395866394043,59.49432563781738,0.4466787944975624,13.272029084130754,,,0.0,-1,-1,0,32,delayed
5,3544,2,-31.77583120006408,0.8175182342529297,16.558218955993652,0.2124894438083485,6.313633226012838,,,0.0,-1,-1,0,32,delayed
5,3576,4,33.47605309355839,-3.3254995346069336,28.9551500082016,0.891743338075939,26.49609442918897,0.5523841977119446,61.57379150390625,61.57379150390625,1,5,1,32,delayed
5,3660,11,-11.954807511832382,34.99836778640747,-2.198963208632035,4.643162740624856,137.960860678963,,,0.0,-1,-1,0,32,delayed
5,3764,2,-56.7709103733974,2.1338624954223637,27.292399406433105,0.8772581985572732,26.065701951758584,,,0.0,-1,-1,0,32,delayed
5,3818,1,-56.922573359202055,-22.308563232421875,27.486387252807617,0.1366839594174146,4.0612482774397165,,,0.0,-1,-1,0,32,delayed
5,3852,7,-20.940550903217776,3.6659678050449913,-7.7549092429024835,2.70959199929432,80.50927033868508,,,0.0,-1,-1,0,32,delayed
5,3864,3,-17.26598696382893,-34.797661781311035,-12.376779874165853,0.7571910366843093,22.49818344840212,,,0.0,-1,-1,0,32,delayed
5,3882,4,-19.900908081437592,-5.14066791534424,39.707600116729736,1.7064666601048617,50.70371690576143,,,0.0,-1,-1,0,32,delayed
5,3884,2,-25.306387407353405,34.0448055267334,16.66465663909912,0.2299495675698384,6.83242049155938,,,0.0,-1,-1,0,32,delayed
5,3888,3,17.04780512460118,-2.290900230407715,-4.146166801452637,1.0795959658282714,32.07770154770856,,,0.0,-1,-1,0,32,delayed
5,3906,6,-9.221655352838928,-15.83769291639328,5.573360284169515,1.5192257967053968,45.14028695254253,,,0.0,-1,-1,0,32,delayed
5,3968,1,-38.21215026835381,-44.81111145019531,25.158536911010746,0.096354509510242,2.8629517862954312,,,0.0,-1,-1,0,32,delayed
5,3998,4,-14.742460944086336,21.17235040664673,15.311156272888184,2.1217797108132843,63.043785330593124,,,0.0,-1,-1,0,32,delayed
5,4022,3,49.98332657010476,58.307098388671875,-30.47010040283203,1.35320030954978,40.20722292223664,,,0.0,-1,-1,0,32,delayed
5,4042,1,57.09818313223903,5.099100112915039,34.60850143432617,0.4299702824511528,12.775574225372717,,,0.0,-1,-1,0,32,delayed
5,4052,1,32.1723287553947,31.259700775146484,39.929298400878906,0.4733935397582231,14.06579606040607,,,0.0,-1,-1,0,32,delayed
5,4116,1,29.873437181092527,-30.81629943847656,32.83489990234375,0.760922250742045,22.60904785948097,,,0.0,-1,-1,0,32,delayed
5,4146,2,-7.012237636643135,-22.322417974472046,13.149580001831055,0.37820016324847794,11.23734466039039,,,0.0,-1,-1,0,32,delayed
5,4170,1,-51.36691872130513,25.800336837768555,48.0490608215332,0.1050121871007938,3.1201946870068427,,,0.0,-1,-1,0,32,delayed
5,4190,6,-6.870540478347311,-3.6996185779571533,24.591901938120525,1.700061619079082,50.51340589967302,,,0.0,-1,-1,0,32,delayed
5,4242,4,1.0975610814810732,6.941981315612793,-3.923525094985962,1.3043501155573134,38.75575219333687,,,0.0,-1,-1,0,32,delayed
5,4282,9,-31.802729359789755,23.87585841284858,16.645622465345596,2.7631109490974715,82.09946236725125,,,0.0,-1,-1,0,32,delayed
5,4340,2,-38.61126338889238,22.696537017822266,17.399038314819336,0.8028460140227822,23.85471569156158,,,0.0,-1,-1,0,32,delayed
5,4416,1,-31.54971228735453,-23.472488403320312,20.1148624420166,0.0816099203786922,2.424850362636836,,,0.0,-1,-1,0,32,delayed
5,4462,3,-33.07872887208743,-35.758362452189125,-3.213179270426432,1.8484585677414769,54.92267860951576,,,0.0,-1,-1,0,32,delayed
5,4470,4,12.83339244530799,4.434000015258789,-15.308949708938599,0.79795850688551,23.70949470127988,,,0.0,-1,-1,0,32,delayed
5,4694,1,-42.63432364392119,-48.1088981628418,-42.58969879150391,0.1248503216235723,3.7096390519612497,,,0.0,-1,-1,0,32,delayed
5,4742,4,-6.954456179774828,-25.44007444381714,17.40124368667603,1.7636106508857576,52.40161865746748,,,0.0,-1,-1,0,32,delayed
5,4744,2,-20.41326054955051,35.9153995513916,-23.05679988861084,0.9009163734644328,26.76864999700542,,,0.0,-1,-1,0,32,delayed
5,4768,1,-37.63742737477826,-8.646300315856934,-12.43850040435791,0.6269754381376588,18.62912758005135,,,0.0,-1,-1,0,32,delayed
5,4944,4,-22.620953943517748,34.75840401649475,28.507028341293335,1.263415200968485,37.53946571707725,,,0.0,-1,-1,0,32,delayed
5,5024,1,-46.5137031755561,-49.46681213378906,44.55728912353516,0.4593162879800808,13.647523025451967,,,0.0,-1,-1,0,32,delayed
5,5062,7,32.618613474300005,-30.499585832868302,-23.320157732282365,1.7890026060431612,53.156081979889294,,,0.0,-1,-1,0,32,delayed
5,5088,1,-10.47653952291794,-49.4390983581543,-4.457300186157227,0.8501157916595559,25.25922799732557,,,0.0,-1,-1,0,32,delayed
5,5222,5,12.844150510440574,0.04988241195678711,-0.8655122756958008,1.639925362332597,48.72659587335899,,,0.0,-1,-1,0,32,delayed
5,5380,7,-10.234449382826613,4.9011527470179965,13.969168254307338,2.4302229389912027,72.20846372054265,,,0.0,-1,-1,0,32,delayed
5,5400,5,-19.938163158247427,-39.396089458465575,-22.773249530792235,1.2601958479964919,37.443810076373644,,,0.0,-1,-1,0,32,delayed
5,5424,1,21.20470020299475,21.061500549316406,48.35390090942383,0.0919821412922291,2.7330369596440565,,,0.0,-1,-1,0,32,delayed
5,5516,7,8.766665993555023,-12.419158799307686,49.007123538425994,3.7424903694058895,111.19946064532795,,,0.0,-1,-1,0,32,delayed
5,5526,1,24.03042109640784,-1.551900029182434,7.117700099945068,0.0861227522706025,2.5589387430547976,,,0.0,-1,-1,0,32,delayed
5,5568,9,-18.144832945532368,43.41625001695421,2.5161690182156033,3.395114090934503,100.87797655474056,,,0.0,-1,-1,0,32,delayed
5,5758,6,-19.473894411736694,-4.290818611780803,24.876793384552002,1.4273726410062268,42.41108250199361,,,0.0,-1,-1,0,32,delayed
5,5768,2,-45.13813847569547,1.5518999099731445,41.25949954986572,0.214942574675543,6.386522345929995,,,0.0,-1,-1,0,32,delayed
5,5904,4,-36.441463579159986,-7.759499788284302,37.67073059082031,0.8519029683023088,25.312329825022097,,,0.0,-1,-1,0,32,delayed
5,6026,2,-29.26940080308185,-26.576287746429447,52.51077461242676,0.34383332688588886,10.216213464209702,,,0.0,-1,-1,0,32,delayed
5,6048,3,-24.52452424935709,46.797176361083984,9.981324831644693,1.2208093807401337,36.273532137534986,,,0.0,-1,-1,0,32,delayed
5,6092,7,8.681431977313412,1.8963267462594169,-24.282176426478795,2.9781910993856067,88.4900724548741,,,0.0,-1,-1,0,32,delayed
5,6140,1,-12.727537522755483,41.01449966430664,-43.47650146484375,0.3431254031843715,10.1951791458771,,,0.0,-1,-1,0,32,delayed
6,42,2,-0.7343681417909735,-16.19795536994934,27.527955532073975,0.2585504273495991,7.68222900609857,,,0.0,-1,-1,0,32,delayed
6,164,1,-50.217472934154046,-51.21269989013672,-43.03310012817383,0.1975473026329505,5.869661999480496,,,0.0,-1,-1,0,32,delayed
6,176,7,7.065884224606763,31.960430894579208,8.343529564993721,2.2770555230604357,67.6574475899003,,,0.0,-1,-1,0,32,delayed
6,206,2,-47.0724615443101,19.800580978393555,-1.704319000244137,0.4098954167347454,12.179095939565867,,,0.0,-1,-1,0,32,delayed
6,404,2,14.889534961296677,32.38205623626709,-12.955593585968018,0.6095840605879836,18.112382949467268,,,0.0,-1,-1,0,32,delayed
6,420,2,-47.87867004779802,2.3278499841690063,49.6009635925293,0.3277427372454146,9.738118743081511,,,0.0,-1,-1,0,32,delayed
6,470,2,23.941420535111483,0.2216997146606463,-52.566200256347656,1.2891180043965207,38.30316517817276,,,0.0,-1,-1,0,32,delayed
6,478,4,2.9074491375137086,48.670077323913574,42.62434005737305,1.4083102973398454,41.84468897118701,,,0.0,-1,-1,0,32,delayed
6,532,3,-5.104596847948476,2.346325238545736,40.169474283854164,0.5340483310583252,15.8680131437855,,,0.0,-1,-1,0,32,delayed
6,552,1,63.40417043674846,-52.98630142211914,42.14630126953125,0.1213248761264381,3.6048885785811233,,,0.0,-1,-1,0,32,delayed
6,654,6,-23.346562094289443,37.35183143615723,7.071305592854817,2.249792967486962,66.84740369496708,,,0.0,-1,-1,0,32,delayed
6,694,2,-33.98953345305572,31.038000106811523,-50.12749862670898,1.4585128581522206,43.33634215778869,,,0.0,-1,-1,0,32,delayed
6,734,1,-27.04771628767944,-19.204763412475582,53.86868667602539,0.0698320805541721,2.074899044990128,,,0.0,-1,-1,0,32,delayed
6,738,4,25.07210634101351,38.90834999084473,-12.20514988899231,1.5853911588219256,47.106237924897016,,,0.0,-1,-1,0,32,delayed
6,912,3,-2.3586985786431023,1.9491125742594413,10.270629088083906,1.0792288677120594,32.06679407474339,,,0.0,-1,-1,0,32,delayed
6,914,2,38.26541054002126,-5.099100112915041,-18.646100521087646,0.9451131061605673,28.08185386742074,,,0.0,-1,-1,0,32,delayed
6,1140,2,-30.72217256184225,1.7320318222045898,15.311157226562502,0.2963044088952812,8.804001401136148,,,0.0,-1,-1,0,32,delayed
6,1190,3,15.328957952148395,-14.853899637858072,-14.19656753540039,0.8989890210892069,26.711383171056944,,,0.0,-1,-1,0,32,delayed
6,1204,2,-9.49352557161519,26.56243085861206,21.823593139648438,0.4168154811556525,12.384709676751767,,,0.0,-1,-1,0,32,delayed
6,1246,6,-13.553363087750895,-7.0574495395024615,7.667125145594279,2.098285638036904,62.345713201282535,,,0.0,-1,-1,0,32,delayed
6,1262,1,-24.844611862306525,-56.0623893737793,44.1693115234375,0.109446326160345,3.251944891597685,,,0.0,-1,-1,0,32,delayed
6,1272,8,-32.2757314646468,20.233588933944702,4.2332388162612915,2.847540339182404,84.60808676260243,,,0.0,-1,-1,0,32,delayed
6,1372,3,-1.356511313021116,-21.95753796895345,1.938404719034833,0.8446527128801643,25.096905224581153,,,0.0,-1,-1,0,32,delayed
6,1484,6,2.6389496180894234,20.89984353383382,0.30945618947347003,1.7617545630910878,52.34646929399418,,,0.0,-1,-1,0,32,delayed
6,1510,2,-9.155654985154838,49.89635467529297,25.061543464660645,0.5275596058610811,15.67521565575246,,,0.0,-1,-1,0,32,delayed
6,1534,4,9.502703508803823,-8.757150173187256,-46.80200004577637,1.6544040214456182,49.15679580049765,,,0.0,-1,-1,0,32,delayed
6,1538,2,-28.27960026414619,0.4434000253677368,-31.504700660705566,0.5992555730457384,17.80549578861614,,,0.0,-1,-1,0,32,delayed
6,1546,6,-21.189607533242523,18.74750655889511,30.30991490681966,1.4687192051295317,43.63960019375158,,,0.0,-1,-1,0,32,delayed
6,1576,4,2.8456765494400162,-17.77064085006714,-22.64583444595337,1.3033502115569127,38.72604235454861,,,0.0,-1,-1,0,32,delayed
6,1592,3,-26.974958881984207,-12.618424733479818,-12.795407931009928,0.6497424324558201,19.30559625165857,,,0.0,-1,-1,0,32,delayed
6,1720,1,44.90128616858027,15.740699768066406,42.14630126953125,0.1565319060243524,4.650984185820724,,,0.0,-1,-1,0,32,delayed
6,1724,1,-5.383856104845762,-61.85430145263672,-4.900700092315674,0.2216569799007992,6.586025394944167,,,0.0,-1,-1,0,32,delayed
6,1744,5,-41.620080318069014,29.990467071533203,39.82399291992188,1.1222026764819915,33.343661584184844,,,0.0,-1,-1,0,32,delayed
6,1764,10,25.66787595982961,-8.147474670410157,-3.775324583053589,3.075372153152569,91.37758309542824,,,0.0,-1,-1,0,32,delayed
6,1900,4,-15.039112435888859,9.650877892971039,0.39490318298339844,1.0165951329910812,30.20577725660767,,,0.0,-1,-1,0,32,delayed
6,1904,2,-21.546741811880054,-7.884206056594849,19.158780813217163,0.5191565133895638,15.425537164065686,,,0.0,-1,-1,0,32,delayed
6,1970,1,13.829089735441942,-33.920101165771484,-14.2121000289917,0.2635005079652173,7.829309222819345,,,0.0,-1,-1,0,32,delayed
6,1992,6,-8.883341019190317,29.264400641123455,-18.34273338317871,2.7939673087671353,83.01628785350883,,,0.0,-1,-1,0,32,delayed
6,2002,6,16.797694235730344,2.521837830543518,2.771250327428182,1.7195957188356041,51.09381657350518,,,0.0,-1,-1,0,32,delayed
6,2082,6,11.697945599245683,15.107930819193522,22.347189903259277,1.802196376993515,53.54810442183088,,,0.0,-1,-1,0,32,delayed
6,2128,2,15.421730977610412,-20.396399974822998,-1.551900863647461,0.5421985086046718,16.110176852402144,,,0.0,-1,-1,0,32,delayed
6,2168,3,-26.653924675414714,-22.243900299072266,-21.74989954630534,0.8712609345625287,25.887507098669598,,,0.0,-1,-1,0,32,delayed
6,2228,4,35.712394351178375,9.089699983596802,21.405699968338013,1.2545506920016998,37.27607729955443,,,0.0,-1,-1,0,32,delayed
6,2410,1,61.6321081815572,37.02389907836914,-26.62730026245117,0.5405964646593735,16.06257581537514,,,0.0,-1,-1,0,32,delayed
6,2574,7,27.00400365128817,-7.446744510105678,18.10624844687326,2.594530746133824,77.0904908550511,,,0.0,-1,-1,0,32,delayed
6,2768,8,0.12286220298028994,-38.187824726104736,-14.649675130844116,3.8438760659105986,114.21190253713281,0.5271100997924805,67.21683502197266,67.21683502197266,5,11,1,32,delayed
6,2776,8,-36.62970063711511,-3.7446517944335938,25.657207489013672,2.320893011292142,68.95997734048066,,,0.0,-1,-1,0,32,delayed
6,2780,4,-50.564701349022606,-36.615139961242676,-17.505165100097656,2.049580375532718,60.898548776938455,,,0.0,-1,-1,0,32,delayed
6,2798,3,-35.558551727700426,-4.193825085957845,-3.0590829849243164,0.8017079928252292,23.820902019145656,,,0.0,-1,-1,0,32,delayed
6,2816,3,55.85295019615868,-30.077300389607746,34.756300608317055,1.0655549547579022,31.660505321713195,,,0.0,-1,-1,0,32,delayed
6,2818,4,10.68425823681757,-13.412850856781006,2.1061501502990723,1.3161036434780535,39.104981138894225,,,0.0,-1,-1,0,32,delayed
6,2838,3,15.005143063962265,-13.819299697875977,37.86009979248047,1.3869629786546758,41.21040268325953,,,0.0,-1,-1,0,32,delayed
6,2978,8,-8.935753904554371,17.81220942735672,-17.04208493232727,2.0812858919691335,61.840604995982424,,,0.0,-1,-1,0,32,delayed
6,3070,2,-9.349844848221304,19.731299877166748,-42.589698791503906,0.4530696873742679,13.461919710634767,,,0.0,-1,-1,0,32,delayed
6,3300,1,47.519468239313305,-40.12770080566406,11.995100021362305,0.2422016367920886,7.19646244085629,,,0.0,-1,-1,0,32,delayed
6,3306,3,8.320531555491074,-22.096100489298504,-3.3916333516438804,1.0697907858619191,31.786363263259794,,,0.0,-1,-1,0,32,delayed
6,3350,2,-33.42815951909377,26.53471827507019,-16.003968238830566,0.2520285772182768,7.488447287128423,,,0.0,-1,-1,0,32,delayed
6,3352,1,-51.04762822487427,-44.11830139160156,-48.79729843139648,0.4540174899765403,13.49008147666963,,,0.0,-1,-1,0,32,delayed
6,3356,2,-8.696495005315908,-11.597681283950806,9.020418405532839,0.4528275930670469,13.454726437244314,,,0.0,-1,-1,0,32,delayed
6,3450,4,21.408247894469422,22.945950031280518,18.401100397109985,1.3494905676993934,40.09699650822402,,,0.0,-1,-1,0,32,delayed
6,3566,4,-30.995654995020956,15.151808738708498,52.47613525390625,1.1752616473443305,34.92018640052656,,,0.0,-1,-1,0,32,delayed
6,3628,4,-6.913947030332039,23.50712776184082,-8.184321999549866,1.8488106621594795,54.93314028222926,,,0.0,-1,-1,0,32,delayed
6,3692,2,30.626385412912995,-13.745400428771974,-5.542501449584961,0.37135882522971364,11.034070096480226,,,0.0,-1,-1,0,32,delayed
6,3810,3,-8.776437556903337,9.533100128173828,-14.787766774495445,0.6547625389751515,19.454757126432007,,,0.0,-1,-1,0,32,delayed
6,3854,1,-29.745720982520183,-61.85430145263672,-9.334699630737305,0.7672471444180503,22.796977472115486,,,0.0,-1,-1,0,32,delayed
6,3878,4,-21.018424818945597,43.016727447509766,-21.620471954345703,1.2427571316042973,36.925658881380265,,,0.0,-1,-1,0,32,delayed
6,3880,2,-27.241906150745905,20.82594394683838,15.865406036376953,0.2824161966644637,8.391345239875289,,,0.0,-1,-1,0,32,delayed
6,3886,1,-61.90350510352343,-8.341462135314941,26.32246208190918,0.1107648931086312,3.2911230641516624,,,0.0,-1,-1,0,32,delayed
6,3906,2,-12.887182770970913,-10.281337261199951,51.92881202697754,0.4375115075181964,12.999644317019582,,,0.0,-1,-1,0,32,delayed
6,3910,1,3.069000005722046,-37.91070175170898,11.5516996383667,0.3133047059830075,9.30912597872206,,,0.0,-1,-1,0,32,delayed
6,3912,1,58.00816104706697,-56.53350067138672,44.80670166015625,0.3377662528163081,10.035944365924824,,,0.0,-1,-1,0,32,delayed
6,3998,3,-37.814871235811815,-1.4040997823079426,-49.53630065917969,1.8289865208868346,54.34411169439488,,,0.0,-1,-1,0,32,delayed
6,4026,1,-29.33064333716007,-33.559837341308594,45.33323669433594,0.1221763469850897,3.630188069265535,,,0.0,-1,-1,0,32,delayed
6,4050,6,8.57330319849884,25.925042788187664,10.717177152633667,0.9129537900479081,27.126314038732293,,,0.0,-1,-1,0,32,delayed
6,4082,3,-18.224655569640078,-6.66023725271225,50.24758656819662,0.33130739929858277,9.844034445880794,,,0.0,-1,-1,0,32,delayed
6,4166,5,18.968710188156457,16.80485954284668,-0.7047795295715332,1.3219318711788814,39.27815346878135,,,0.0,-1,-1,0,32,delayed
6,4216,4,-24.776762631814965,-46.96575927734375,7.546934366226196,1.064243909550117,31.621550640311973,,,0.0,-1,-1,0,32,delayed
6,4260,4,14.279489724261598,18.020053386688232,42.929176807403564,0.8343868297298299,24.79187820869431,,,0.0,-1,-1,0,32,delayed
6,4274,2,-38.44102031305823,-11.431407928466797,5.5563564300537145,1.1615159547214904,34.51176488036673,,,0.0,-1,-1,0,32,delayed
6,4332,1,-29.12310451448001,13.967100143432615,-13.768699645996094,0.1610813568708672,4.786160613928723,,,0.0,-1,-1,0,32,delayed
6,4368,7,12.283319952117994,-20.487455776759557,22.862358910696848,1.3544923347424298,40.245612467801635,,,0.0,-1,-1,0,32,delayed
6,4416,13,-44.083432137997676,5.52970944918119,21.604073231036846,3.3511471940156516,99.57160172380114,,,0.0,-1,-1,0,32,delayed
6,4574,1,13.238402317044857,15.297300338745115,-4.900700092315674,0.7274254494083604,21.613767745442704,,,0.0,-1,-1,0,32,delayed
6,4582,1,-64.33011287639795,22.696537017822266,53.86868667602539,0.066414272711731,1.9733467760048249,,,0.0,-1,-1,0,32,delayed
6,4798,1,-33.08230667022265,-42.871238708496094,63.95603561401367,0.1068026508743342,3.1733941842053635,,,0.0,-1,-1,0,32,delayed
6,4812,2,27.718226330184237,-20.174699783325195,61.212501525878906,0.5040944903391875,14.978003924402277,,,0.0,-1,-1,0,32,delayed
6,4814,1,63.54785116014234,-15.740699768066406,-10.664899826049805,0.2387766137365272,7.094695788471638,,,0.0,-1,-1,0,32,delayed
6,4832,5,-31.16603119501159,10.702567386627198,15.98192195892334,1.7963316436776349,53.37384741187681,,,0.0,-1,-1,0,32,delayed
6,4994,3,-6.748145788048814,38.206299463907875,-8.712433497111,0.9245413325710012,27.4706111114265,,,0.0,-1,-1,0,32,delayed
6,5088,6,30.8844785641946,27.638600031534832,13.243633270263672,2.4864710036251694,73.8797450953117,,,0.0,-1,-1,0,32,delayed
6,5118,3,-2.1245522145938067,10.124300003051758,40.09557596842448,0.5557725988309894,16.51349960354583,,,0.0,-1,-1,0,32,delayed
6,5164,1,53.90527816793045,-57.86370086669922,55.00490188598633,0.4864714645100754,14.454376400025494,,,0.0,-1,-1,0,32,delayed
6,5168,4,-2.9135257799315735,-1.4549064636230469,43.72591304779053,1.0212026596993886,30.342679274862984,,,0.0,-1,-1,0,32,delayed
6,5252,3,-9.31565360270058,-1.2563001314799003,36.400575478871666,0.9879930761866086,29.355933175242868,,,0.0,-1,-1,0,32,delayed
6,5278,1,-3.771439097869932,40.54338836669922,38.73766326904297,0.118369258331551,3.5170692197520603,,,0.0,-1,-1,0,32,delayed
6,5418,1,-44.74164092036485,-40.54338836669922,55.80856323242188,0.1568519550657209,4.660493704154068,,,0.0,-1,-1,0,32,delayed
6,5448,2,55.086653004724624,56.53350067138672,17.759300231933594,1.4321571515586218,42.553243186554745,,,0.0,-1,-1,0,32,delayed
6,5496,1,16.175874884208746,8.646300315856934,-40.37269973754883,0.2131346187272713,6.3328031091453605,,,0.0,-1,-1,0,32,delayed
6,5508,5,-26.593223329949677,-3.131513214111328,15.895007705688476,2.0444030954137746,60.74471785153578,,,0.0,-1,-1,0,32,delayed
6,5564,14,-15.046867532301567,15.148840086800712,6.958447388240269,5.2946637503799465,157.3187089948568,,,0.0,-1,-1,0,32,delayed
6,5624,4,21.695011503868262,5.189165383577347,-26.23460292816162,1.8913456727631786,56.19696991726063,,,0.0,-1,-1,0,32,delayed
6,5630,2,-56.02057770678488,-3.8797500133514404,32.91803741455078,0.4262149519178461,12.663993248902514,,,0.0,-1,-1,0,32,delayed
6,5792,3,-8.515683651484805,-43.17607498168945,11.185141245524088,1.2340744059130466,36.66767173418776,,,0.0,-1,-1,0,32,delayed
6,5812,2,-18.577340195073084,0.5126819610595703,0.6512436866760254,0.4501867968183211,13.37626127379778,,,0.0,-1,-1,0,32,delayed
6,5840,3,-24.344390084564846,5.884287516276044,-18.695229212443035,1.1874231423284256,35.281537145454976,,,0.0,-1,-1,0,32,delayed
6,6014,2,21.099735116876857,5.584068298339844,38.55753040313721,0.2265564647563464,6.731602275470197,,,0.0,-1,-1,0,32,delayed
6,6054,5,-43.73906876157194,-40.57110061645508,-21.217819690704346,0.8495488877973727,25.24238375793145,,,0.0,-1,-1,0,32,delayed
6,6124,4,19.462063540064737,13.689974904060364,-21.768168687820435,2.4918137045040556,74.03849111667175,,,0.0,-1,-1,0,32,delayed
6,6142,1,-3.4042550269744463,45.97503662109375,36.79778671264648,0.1297807122080096,3.856134224865933,,,0.0,-1,-1,0,32,delayed
6,6168,1,-30.655698897348127,34.36349868774414,-6.674300193786621,0.1723776042668213,5.121802524463738,,,0.0,-1,-1,0,32,delayed
6,6190,5,28.485569747701483,36.935220336914064,40.284020233154294,2.319198720008448,68.90963538677437,,,0.0,-1,-1,0,32,delayed
6,6250,5,16.067938298309052,-23.101140213012695,25.021739959716797,1.669714437266972,49.611709457860115,,,0.0,-1,-1,0,32,delayed
7,156,3,-2.30016198763078,-26.908837000528973,3.878279685974121,0.4135939298208223,12.288988716772058,,,0.0,-1,-1,0,32,delayed
7,208,2,-11.654103119726297,36.040106773376465,1.427194595336914,0.36046713675981634,10.7104487203852,,,0.0,-1,-1,0,32,delayed
7,426,4,27.25197392436916,27.719428062438965,37.19269132614136,1.6175764722027062,48.06255020238508,,,0.0,-1,-1,0,32,delayed
7,452,2,-47.479556927259445,-11.23741888999939,-9.79636812210083,0.2278017390464751,6.7686027259055015,,,0.0,-1,-1,0,32,delayed
7,460,7,-17.714969584920986,-13.305959156581334,-2.7243731362479076,2.4104451076284246,71.6208111247594,,,0.0,-1,-1,0,32,delayed
7,504,4,-31.90086405003502,-41.80430614948273,12.161375284194946,1.7805721559993029,52.90559062110371,,,0.0,-1,-1,0,32,delayed
7,510,1,-59.2853230327904,-16.100961685180664,13.131312370300291,0.101149855422321,3.0054344185528405,,,0.0,-1,-1,0,32,delayed
7,554,2,46.03476743090982,-29.486099243164062,-23.301799774169922,0.4039319617598663,12.001905643443735,,,0.0,-1,-1,0,32,delayed
7,570,4,-35.47560982745664,-23.056800365447998,-38.59909963607788,1.7114238058096514,50.85100704529504,,,0.0,-1,-1,0,32,delayed
7,666,4,9.288670097536539,-8.272181078791618,24.07995581626892,0.8559661536569407,25.43305799673114,,,0.0,-1,-1,0,32,delayed
7,726,6,-15.744907452577825,-14.041000286738077,-18.78613273302714,1.3667835811061029,40.61081847540354,,,0.0,-1,-1,0,32,delayed
7,744,5,12.018234350767832,-37.82202072143555,-25.56314010620117,1.9214876895747992,57.09257035477003,,,0.0,-1,-1,0,32,delayed
7,752,6,14.937827094020598,16.47969977060954,-22.555033683776855,2.968388983586178,88.19882521507091,,,0.0,-1,-1,0,32,delayed
7,920,5,-31.059619105106226,34.125172805786136,14.773657608032227,1.7506519633539717,52.016581176546794,,,0.0,-1,-1,0,32,delayed
7,924,6,-14.738669092010596,-20.936793168385822,-7.234639485677081,2.8287348750072323,84.04932581279239,,,0.0,-1,-1,0,32,delayed
7,1062,4,-11.96463362513788,-22.100717544555668,-15.796125531196594,1.0574384371288863,31.419341739825846,,,0.0,-1,-1,0,32,delayed
7,1084,2,-27.317917534867803,-24.6087007522583,-35.71699905395508,0.2850257178987585,8.468881138475929,,,0.0,-1,-1,0,32,delayed
7,1128,8,-4.456008045203369,21.120388686656952,1.315086007118225,2.8088020922037877,83.45706919270245,,,0.0,-1,-1,0,32,delayed
7,1146,2,-43.15853739782415,10.86329984664917,17.39903736114502,0.2959288862284827,8.792843612100949,,,0.0,-1,-1,0,32,delayed
7,1208,3,24.25924595218328,8.794099966684977,6.674300034840901,1.2169081062344855,36.15761477288286,,,0.0,-1,-1,0,32,delayed
7,1238,2,12.423015876368304,-45.21294403076172,-10.212055683135986,0.43430904536098813,12.90449054787971,,,0.0,-1,-1,0,32,delayed
7,1284,1,-64.39397097568411,30.456037521362305,56.584510803222656,0.1280508120372594,3.8047342352947577,,,0.0,-1,-1,0,32,delayed
7,1290,2,57.1620412315252,55.42499923706055,6.230899810791016,0.8012747194022071,23.808028299724526,,,0.0,-1,-1,0,32,delayed
7,1324,6,5.578331011800628,10.30905024210612,23.822041829427082,1.139857624924958,33.86823761532921,,,0.0,-1,-1,0,32,delayed
7,1338,1,12.53596322489697,29.042699813842773,-18.202699661254883,0.356941656319361,10.605697208744967,,,0.0,-1,-1,0,32,delayed
7,1352,2,-32.01529907238722,-2.438699722290039,-38.59910011291504,0.7348309801537903,21.83380599361459,,,0.0,-1,-1,0,32,delayed
7,1414,1,-54.09685246578897,-5.985899925231934,-7.117700099945068,0.3546086938412294,10.536378615063398,,,0.0,-1,-1,0,32,delayed
7,1478,5,-20.617295375822863,38.126858139038085,40.367156982421875,1.7873943253606122,53.1082956326143,,,0.0,-1,-1,0,32,delayed
7,1532,5,17.611725578325313,-21.682258796691894,34.95213556289673,0.9090245488576462,27.009565708616503,,,0.0,-1,-1,0,32,delayed
7,1564,1,64.50572264943492,43.23149871826172,-44.36330032348633,0.385797612074364,11.463085311221542,,,0.0,-1,-1,0,32,delayed
7,1582,2,-32.25215137950242,39.57345008850098,61.046226501464844,0.4224755351674425,12.552885113749454,,,0.0,-1,-1,0,32,delayed
7,1644,2,8.35742874407769,0.34640693664551137,22.983107089996338,0.6034568977463164,17.930328452053114,,,0.0,-1,-1,0,32,delayed
7,1680,1,1.8876251689278731,-2.438699960708618,11.10830020904541,1.258516357266949,37.39390788696237,,,0.0,-1,-1,0,32,delayed
7,1712,4,-23.27150832999562,25.606350421905518,9.671662211418152,1.2592816358954122,37.4166463745278,,,0.0,-1,-1,0,32,delayed
7,1756,1,22.465897663896637,-25.052099227905277,8.891300201416016,0.3426237028417635,10.180272278524908,,,0.0,-1,-1,0,32,delayed
7,1810,7,-28.980235157046177,-17.165914263044083,2.4328501565115803,3.0621872153141,90.98582310901236,,,0.0,-1,-1,0,32,delayed
7,1836,2,55.96470186990949,56.31180000305176,-8.004500389099121,1.3973069003347112,41.51774843388067,,,0.0,-1,-1,0,32,delayed
7,1838,10,-10.47386973099522,-21.76539726257324,25.89568977355957,4.634065618246591,137.69056069097712,,,0.0,-1,-1,0,32,delayed
7,1910,1,-63.57978020978543,-15.297300338745115,-35.05189895629883,0.0507916004158263,1.5091551384404778,,,0.0,-1,-1,0,32,delayed
7,1980,3,-50.80816035255114,10.927961985270182,45.07458623250326,0.6670166325396444,19.818859224384845,,,0.0,-1,-1,0,32,delayed
7,2060,3,-30.877368156853148,21.94830063978831,24.967492421468098,0.9426734974422072,28.00936652693619,,,0.0,-1,-1,0,32,delayed
7,2124,4,-2.835608775816766,8.895712852478027,13.438356161117554,0.7856406202970434,23.343497140905328,,,0.0,-1,-1,0,32,delayed
7,2192,6,-17.594131577739876,11.380599975585938,-23.43406669298808,1.5651749459755064,46.50555983546487,,,0.0,-1,-1,0,32,delayed
7,2264,1,-22.97676245818601,-40.54338836669922,49.6009635925293,0.1443564760070929,4.289219393555107,,,0.0,-1,-1,0,32,delayed
7,2354,7,-1.5270829442268226,-16.627499716622488,8.974261011396136,1.7351696409657689,51.556559712449214,,,0.0,-1,-1,0,32,delayed
7,2468,6,-17.305424979072757,-5.542500019073486,-19.303433100382488,2.6993769046985796,80.20575238743712,,,0.0,-1,-1,0,32,delayed
7,2494,12,-25.304463805995198,37.312572042147316,23.966796557108562,4.791398770869715,142.36535206955796,,,0.0,-1,-1,0,32,delayed
7,2644,3,-35.77673356692818,30.19738705952963,36.28048769632975,0.4525385422503459,13.446137959588098,,,0.0,-1,-1,0,32,delayed
7,2666,10,-32.20451466976642,27.346694469451904,23.56872239112854,3.7677815708526587,111.95093030385894,,,0.0,-1,-1,0,32,delayed
7,2706,3,45.593082244180465,33.47669982910156,-55.89169947306315,0.7213230524092791,21.43244910786149,,,0.0,-1,-1,0,32,delayed
7,2714,1,47.05649701948856,-59.19390106201172,4.900700092315674,0.1624011071301376,4.82537394583656,,,0.0,-1,-1,0,32,delayed
7,2722,12,20.551383116265537,42.94051822026571,-12.303615093231201,3.730279972443386,110.83665689101626,,,0.0,-1,-1,0,32,delayed
7,2876,4,2.2909093118914043,28.07969093322754,14.971677899360657,1.1347835452017672,33.71747305141672,,,0.0,-1,-1,0,32,delayed
7,2906,4,-44.548758839902355,12.276637554168701,2.0091567039489746,1.520629926615213,45.18200743095015,,,0.0,-1,-1,0,32,delayed
7,2916,4,-29.272794096898306,-11.923303127288815,-18.93235969543457,1.0659133612639768,31.671154543550365,,,0.0,-1,-1,0,32,delayed
7,2972,9,-18.823099520768313,-41.008341471354164,30.7174137963189,2.0623312430459673,61.27741136582427,,,0.0,-1,-1,0,32,delayed
7,3178,1,62.06315035173886,-28.15589904785156,-19.976299285888672,0.4922603605426013,14.626380080198206,,,0.0,-1,-1,0,32,delayed
7,3208,3,15.81321520506853,-37.476536432902016,32.49311192830404,0.5612396976130081,16.67594182138692,,,0.0,-1,-1,0,32,delayed
7,3222,2,-16.733437578184883,33.03329944610596,-12.88189959526062,1.0578763710296761,31.432353934583702,,,0.0,-1,-1,0,32,delayed
7,3254,6,-27.34972665703118,-18.927637656529743,-5.440887848536174,2.073956519904537,61.62282962717593,,,0.0,-1,-1,0,32,delayed
7,3260,1,46.03476743090982,-49.4390983581543,38.15570068359375,0.169308215096536,5.030602711890667,,,0.0,-1,-1,0,32,delayed
7,3340,4,0.3518173834628744,-31.29434108734131,-32.73318433761597,1.8443419007063186,54.80036135314867,,,0.0,-1,-1,0,32,delayed
7,3356,2,58.01614330947774,4.65570020675659,3.103799819946289,0.4801842736376588,14.267567039151189,,,0.0,-1,-1,0,32,delayed
7,3468,3,-6.152933977896457,5.865812619527181,-8.977379004160563,0.8283994558036918,24.613977216159718,,,0.0,-1,-1,0,32,delayed
7,3486,1,62.51015704674206,60.0806999206543,50.12749862670898,0.2974824884732568,8.83900531583933,,,0.0,-1,-1,0,32,delayed
7,3488,4,11.731840232621533,27.601649045944214,-12.98110032081604,1.389221107952527,41.27749778176431,,,0.0,-1,-1,0,32,delayed
7,3504,1,-32.77898069861333,-32.589900970458984,-55.891700744628906,0.5807716284847757,17.256288051816142,,,0.0,-1,-1,0,32,delayed
7,3556,3,-10.414664988729827,2.133862495422363,44.76051123936971,1.295317559254062,38.48737063719955,,,0.0,-1,-1,0,32,delayed
7,3730,1,-28.516452571261382,-13.385137557983398,28.65031242370605,0.0883116419984941,2.6239765475989114,,,0.0,-1,-1,0,32,delayed
7,3760,2,-27.90860495326489,59.92828178405762,2.7019672393798793,0.38359741999660807,11.397711683446136,,,0.0,-1,-1,0,32,delayed
7,3776,5,-3.2128246420915887,-7.576597595214842,-14.132491302490234,1.4909976809762542,44.30155366687403,,,0.0,-1,-1,0,32,delayed
7,3856,1,16.974101125285888,36.13710021972656,25.297100067138672,0.4163072364708186,12.369608359379942,,,0.0,-1,-1,0,32,delayed
7,3906,2,12.049045217839911,-24.608699798583984,-31.726399421691895,0.6261608659222352,18.604924447358684,,,0.0,-1,-1,0,32,delayed
7,3940,4,-62.69774021339519,41.901299476623535,5.371812462806702,1.5888908244629882,47.21022240937464,,,0.0,-1,-1,0,32,delayed
7,3944,1,-49.99396958665245,52.570613861083984,49.6009635925293,0.0819588440380901,2.435217823579052,,,0.0,-1,-1,0,32,delayed
7,4010,3,34.627287779777085,22.68730099995931,7.9889678955078125,1.6107291234028094,47.859097041991284,,,0.0,-1,-1,0,32,delayed
7,4050,1,-65.14430364229663,33.947811126708984,30.97816276550293,0.5200439582324282,15.451905538634051,,,0.0,-1,-1,0,32,delayed
7,4056,5,12.594057697141324,17.159580206871034,20.587740325927733,1.4570978240439074,43.29429768629841,,,0.0,-1,-1,0,32,delayed
7,4084,1,22.178536217108864,24.16530036926269,25.297100067138672,0.2339886800776518,6.952433394204721,,,0.0,-1,-1,0,32,delayed
7,4108,2,-53.41836016087339,55.480424880981445,16.8170747756958,0.4433352193172756,13.172682467312601,,,0.0,-1,-1,0,32,delayed
7,4214,2,-26.499555746544164,54.70447540283203,48.82501220703125,0.4785606409135619,14.219324541406476,,,0.0,-1,-1,0,32,delayed
7,4260,6,-14.16267578510645,-4.697269002596538,-2.877481381098429,1.1750907678512057,34.91510911091585,,,0.0,-1,-1,0,32,delayed
7,4322,3,-15.119675419329704,6.595574696858724,20.699766794840496,1.6299444973585646,48.43003751452948,,,0.0,-1,-1,0,32,delayed
7,4448,6,-7.902838344923009,-15.888499736785889,-6.748200019200643,2.7813894232560443,82.64256502543537,,,0.0,-1,-1,0,32,delayed
7,4452,1,-34.84363553100826,-15.297300338745115,-35.05189895629883,0.0824576235787324,2.450037906044396,,,0.0,-1,-1,0,32,delayed
7,4670,3,-12.008336789267476,33.772300720214844,-35.036367098490395,0.7770599910308166,23.088543553261655,,,0.0,-1,-1,0,32,delayed
7,4706,3,19.208337483783314,-13.080300013224283,-35.93869972229004,1.0413097063518568,30.940113742885373,,,0.0,-1,-1,0,32,delayed
7,4740,3,-37.25785657719645,-0.4526379903157552,-21.07850456237793,0.9901702019854524,29.420621441795937,,,0.0,-1,-1,0,32,delayed
7,5064,1,-13.509799239011084,-5.237662315368652,29.81423759460449,0.0841577915652106,2.5005544724057533,,,0.0,-1,-1,0,32,delayed
7,5066,6,18.426075767527717,12.71079969406128,17.56531270345052,1.834086359946837,54.495641637527456,,,0.0,-1,-1,0,32,delayed
7,5140,4,34.33753959653278,19.58581018447876,-17.477453231811523,1.8884720213510842,56.11158600025183,,,0.0,-1,-1,0,32,delayed
7,5166,1,-56.0445244940172,57.614288330078125,33.69398880004883,0.1568584964551601,4.6606880664384605,,,0.0,-1,-1,0,32,delayed
7,5280,2,47.45561014002713,-24.608699798583984,17.094200134277344,0.6634180530459834,19.711935743150086,,,0.0,-1,-1,0,32,delayed
7,5304,1,-12.967005395078626,-41.3193359375,20.1148624420166,0.1158393759659899,3.441899606265203,,,0.0,-1,-1,0,32,delayed
7,5332,4,-28.161951839197098,-5.2723031044006365,18.902440190315247,0.6704070596879873,19.91959793926172,,,0.0,-1,-1,0,32,delayed
7,5340,4,-36.99223968550321,59.554161071777344,35.633861899375916,1.8046177338420366,53.6200494501432,,,0.0,-1,-1,0,32,delayed
7,5418,8,38.55976754752662,-1.995300218462944,6.280500054359436,2.4197732452307186,71.89797519675813,,,0.0,-1,-1,0,32,delayed
7,5478,4,-7.96361453734848,34.69604992866516,-22.858399868011475,2.2186201047781138,65.92117405164404,,,0.0,-1,-1,0,32,delayed
7,5648,6,-28.036201224357516,15.597519444922606,8.464698553085329,1.9424400807572382,57.71512228376457,,,0.0,-1,-1,0,32,delayed
7,5692,2,8.157872183808408,10.35061931610107,30.07750558853149,0.318162052869096,9.45345082677399,,,0.0,-1,-1,0,32,delayed
7,5812,2,-39.68625324913857,-57.15703010559082,-2.1754322052001918,0.5558484119549056,16.515752215485257,,,0.0,-1,-1,0,32,delayed
7,5890,2,-26.15631846288099,-13.385137557983398,41.64747428894043,0.7024843606878681,20.87270087823089,,,0.0,-1,-1,0,32,delayed
7,5930,3,-3.0824237038863793,-15.833075523376465,28.696499903996784,0.5989635202148299,17.796818113038817,,,0.0,-1,-1,0,32,delayed
7,5936,1,-14.611351451697542,1.551900029182434,-6.674300193786621,0.1387204828455359,4.121758869170275,,,0.0,-1,-1,0,32,delayed
7,5958,5,-8.281011046532479,-17.602980422973634,-34.78586044311523,2.184670852774155,64.91245041055907,,,0.0,-1,-1,0,32,delayed
7,5986,3,-8.584863259044823,41.85511144002279,7.296154022216797,0.7386886421219354,21.94842751240765,,,0.0,-1,-1,0,32,delayed
8,130,7,10.17059128354044,-38.080933707101,25.57944393157959,2.6276225190949445,78.07373648613029,,,0.0,-1,-1,0,32,delayed
8,140,1,-49.14784977111068,-38.991485595703125,13.519287109375,0.0761979612934546,2.2640464935787725,,,0.0,-1,-1,0,32,delayed
8,176,2,32.087139434084165,-39.9060001373291,8.891299962997437,1.1164066874334895,33.17144715141879,,,0.0,-1,-1,0,32,delayed
8,382,2,6.0745016945970605,9.533099174499513,-7.339399814605713,0.43393994875729336,12.893523694473114,,,0.0,-1,-1,0,32,delayed
8,420,2,-3.738314373448979,-34.10023069381714,32.95960569381714,0.243071619814318,7.222311977740435,,,0.0,-1,-1,0,32,delayed
8,422,4,-45.65031105258881,-1.0392185449600237,1.0115063190460187,2.1367630653161624,63.488981115997994,,,0.0,-1,-1,0,32,delayed
8,490,1,59.74829425261514,60.0806999206543,-22.636699676513672,0.2767968045037667,8.224377975902536,,,0.0,-1,-1,0,32,delayed
8,504,1,-62.65383777013594,58.00226211547852,15.847137451171877,0.0790816733604915,2.349729339721096,,,0.0,-1,-1,0,32,delayed
8,576,2,26.667183257170365,23.94360065460205,24.63200092315674,0.6783519524656971,20.15566208494088,,,0.0,-1,-1,0,32,delayed
8,670,1,-30.11290505341567,-39.76743698120117,55.03261184692383,0.1241634827211343,3.6892312197525943,,,0.0,-1,-1,0,32,delayed
8,710,5,25.1425982500704,6.695339965820314,23.868899536132812,2.267132029311707,67.3625938845717,,,0.0,-1,-1,0,32,delayed
8,732,2,-1.005765063757206,-22.61340045928955,-28.622599601745605,0.2451536314040618,7.2841741451702955,,,0.0,-1,-1,0,32,delayed
8,740,1,-7.09206026075085,-33.920101165771484,-26.62730026245117,0.6692317236824828,19.88467554348014,,,0.0,-1,-1,0,32,delayed
8,890,8,-26.48827013592672,-0.027712583541870117,24.84897804260254,2.7687104364238646,82.26583820502904,,,0.0,-1,-1,0,32,delayed
8,902,4,18.91259521632548,25.197589874267578,-18.98778486251831,1.071936585593677,31.850120748055204,,,0.0,-1,-1,0,32,delayed
8,1046,5,15.474003748232892,46.03046188354492,-3.967547798156738,1.6081119507794701,47.78133380003077,,,0.0,-1,-1,0,32,delayed
8,1104,1,-20.645941834240748,-48.690860748291016,48.43703842163086,0.087436728435439,2.597980511077793,,,0.0,-1,-1,0,32,delayed
8,1130,4,-22.167272768707747,-44.672550201416016,-46.80200004577637,0.7830539156188449,23.266639183590105,,,0.0,-1,-1,0,32,delayed
8,1184,4,9.627138521385824,-23.47941541671753,15.313671827316284,2.7322133512250293,81.18141158300907,,,0.0,-1,-1,0,32,delayed
8,1236,2,14.929446273350536,23.486342906951904,37.22733116149902,0.39793718922065413,11.823784818203602,,,0.0,-1,-1,0,32,delayed
8,1238,5,-36.85259493644516,-9.721545076370239,22.71429443359375,1.411773080516962,41.94757757840291,,,0.0,-1,-1,0,32,delayed
8,1258,2,10.201331360965895,2.6603994369506845,12.636899948120117,0.19910564368444322,5.915964505919538,,,0.0,-1,-1,0,32,delayed
8,1268,2,-33.34833689498605,8.355318069458008,0.7343814373016357,0.2743439315539035,8.151496519403398,,,0.0,-1,-1,0,32,delayed
8,1392,3,-16.648692004062607,-11.57458750406901,-29.096654574076336,0.8350857135479617,24.812643927763432,,,0.0,-1,-1,0,32,delayed
8,1456,3,-7.297058256773698,-5.2468992869059266,17.112675031026207,0.7073682720848866,21.017815029392818,,,0.0,-1,-1,0,32,delayed
8,1480,5,15.220239760058192,16.865827560424805,-10.230572128295899,0.90621398915783,26.926056416171576,,,0.0,-1,-1,0,32,delayed
8,1482,3,9.914443210988152,-9.431487719217936,11.91490395863851,0.38359349574834256,11.397595083469255,,,0.0,-1,-1,0,32,delayed
8,1508,10,-25.76504753964283,-34.74870390892029,12.631481552124026,2.8027603658465923,83.27755324316817,,,0.0,-1,-1,0,32,delayed
8,1518,3,-43.82101998898921,-33.005587100982666,-23.461779912312824,0.5624699062635775,16.712494631126347,,,0.0,-1,-1,0,32,delayed
8,1524,2,-12.646519223869905,3.7689003944396955,-12.216800212860107,0.6317097547668584,18.769796868072735,,,0.0,-1,-1,0,32,delayed
8,1534,1,-48.94031094843062,52.958587646484375,30.97816276550293,0.1626161085050764,4.831762215296555,,,0.0,-1,-1,0,32,delayed
8,1554,1,-50.90394750148039,11.833237648010254,32.142086029052734,0.2000634816925716,5.94442445086961,,,0.0,-1,-1,0,32,delayed
8,1580,4,-14.99390221002564,40.97293138504028,-6.179886817932129,1.259456823541822,37.4218516709667,,,0.0,-1,-1,0,32,delayed
8,1664,4,-23.743769594835108,20.306334018707275,16.06411647796631,1.7017977923216825,50.564992279090916,,,0.0,-1,-1,0,32,delayed
8,1680,3,-9.244730285001928,11.574586868286133,6.8897043863932295,0.6915009454492816,20.546354052983517,,,0.0,-1,-1,0,32,delayed
8,1706,4,23.574834301604938,28.329102516174316,12.613908767700195,1.720935068596534,51.1336122593534,,,0.0,-1,-1,0,32,delayed
8,1794,17,5.821458217311535,-8.646299754872041,24.41459835276884,4.846780939760724,144.01090535150976,,,0.0,-1,-1,0,32,delayed
8,1810,2,-55.086653004724624,9.50538730621338,7.89365029335022,0.7098301722898317,21.09096470993454,,,0.0,-1,-1,0,32,delayed
8,1842,2,-14.881552698885908,8.868000984191895,-0.22169995307922363,0.4469834975716548,13.281082632477343,,,0.0,-1,-1,0,32,delayed
8,1846,2,-23.210863633306328,-30.81630039215088,-28.84429931640625,0.28299463744391873,8.408532272129666,,,0.0,-1,-1,0,32,delayed
8,1902,2,37.331485837961,7.537799835205078,-0.6651000976562536,0.4193826530841961,12.460987263508308,,,0.0,-1,-1,0,32,delayed
8,1924,8,-50.23877026448168,-40.252405881881714,49.21298837661743,2.4461375184922014,72.68132870674947,,,0.0,-1,-1,0,32,delayed
8,1936,5,28.327538681741267,-17.508757019042967,15.359397506713867,2.190805096817797,65.09471530954079,,,0.0,-1,-1,0,32,delayed
8,1994,1,-60.75405931637234,-21.948299407958984,-55.44829940795898,0.3265203975880253,9.701799742306456,,,0.0,-1,-1,0,32,delayed
8,2096,16,2.3391298320070253,14.235565066337585,-2.1835398674011226,6.998404848724125,207.94144212569097,,,0.0,-1,-1,0,32,delayed
8,2148,1,-1.8397315944632449,-17.957700729370117,-7.561100006103516,0.7484504028106703,22.23847569326868,,,0.0,-1,-1,0,32,delayed
8,2186,3,-18.72408023086318,40.12770016988119,28.548699696858723,1.766647914373894,52.49186392956744,,,0.0,-1,-1,0,32,delayed
8,2300,5,34.61380060029281,0.48773918151855467,34.165100479125975,2.067162417038594,61.4209585467751,,,0.0,-1,-1,0,32,delayed
8,2424,53,-4.246558123796436,-13.925269887132465,-17.688428105048413,10.354686839739843,307.66561248710263,,,0.0,-1,-1,0,32,delayed
8,2448,6,-16.62208446269337,12.07341225941976,40.16023667653402,1.9992987968410123,59.40454775648936,,,0.0,-1,-1,0,32,delayed
8,2572,4,-40.74252745256835,45.58706307411194,40.48354911804199,1.0502506650481949,31.20577368761431,,,0.0,-1,-1,0,32,delayed
8,2576,3,-24.70799635732512,-6.808037439982098,-4.358628908793132,0.31505092353408387,9.361010801575977,,,0.0,-1,-1,0,32,delayed
8,2586,1,-50.88798297665885,-39.76743698120117,12.35536289215088,0.1165241405059079,3.4622458035808745,,,0.0,-1,-1,0,32,delayed
8,2608,1,-29.0432818903723,28.904136657714844,28.26233673095703,0.1015185709970309,3.016389950562878,,,0.0,-1,-1,0,32,delayed
8,2646,3,-5.421106662762695,-60.22850036621094,-30.617900848388672,1.0980368135241696,32.625628760665435,,,0.0,-1,-1,0,32,delayed
8,2652,4,8.449822599190497,26.569359302520752,-1.6674728393554688,0.7483917833020424,22.236733949910832,,,0.0,-1,-1,0,32,delayed
8,2818,1,-64.18643215300406,-46.77870178222656,-27.51409912109375,0.2499076410918154,7.425428566959172,,,0.0,-1,-1,0,32,delayed
8,2858,2,37.5549891854626,-9.754800081253052,-7.759500503540039,0.6809284615995947,20.23221710519672,,,0.0,-1,-1,0,32,delayed
8,2868,1,-41.1496228355177,-47.66550064086914,-43.47650146484375,0.1305597508065195,3.879281558172215,,,0.0,-1,-1,0,32,delayed
8,2906,3,-42.63615773191776,26.59476312001546,4.02902094523112,0.7602482283163157,22.58902083928698,,,0.0,-1,-1,0,32,delayed
8,2990,8,-36.19809452124124,6.838059365749359,21.77981948852539,2.045561650167606,60.779141631168535,,,0.0,-1,-1,0,32,delayed
8,3156,5,-33.94863014163345,-27.67370262145996,-19.01921215057373,1.6976706067292866,50.44236248808081,,,0.0,-1,-1,0,32,delayed
8,3160,4,-22.786495942931467,-12.58840274810791,-14.664634704589844,1.4291536339587698,42.464000595612475,,,0.0,-1,-1,0,32,delayed
8,3204,1,-51.430776820591305,52.958587646484375,58.91236114501953,0.352733415814871,10.48065905816199,,,0.0,-1,-1,0,32,delayed
8,3208,1,-43.17711748785364,-49.88249969482422,-43.03310012817383,0.2008716166023166,5.968436313886525,,,0.0,-1,-1,0,32,delayed
8,3312,7,-10.489198537241093,15.170614208493914,-17.809328896658762,2.752222099643746,81.77592534596704,,,0.0,-1,-1,0,32,delayed
8,3316,1,-52.83565500488708,9.893362045288086,5.759787559509277,0.2173428592317614,6.457841259728338,,,0.0,-1,-1,0,32,delayed
8,3396,2,5.020843056375234,3.3254995346069354,-1.3302001953125,0.6111508707029731,18.158937094574696,,,0.0,-1,-1,0,32,delayed
8,3420,7,-2.0998280793966972,-0.6017567089625777,-7.421099390302386,2.891912273475582,85.92649634396753,,,0.0,-1,-1,0,32,delayed
8,3436,1,30.30447935127419,17.514299392700195,-47.91049957275391,0.1936280696240109,5.753211039365765,,,0.0,-1,-1,0,32,delayed
8,3484,3,-28.284049917350718,0.5819619496663412,-25.49402968088786,0.4184382680036949,12.43292704124249,,,0.0,-1,-1,0,32,delayed
8,3592,1,-29.857472656270986,-25.495500564575195,-53.23130035400391,0.4909978723808609,14.588868159311442,,,0.0,-1,-1,0,32,delayed
8,3670,1,-29.6020402591263,-44.56169891357422,-54.561500549316406,0.5719670091524169,16.994679116506806,,,0.0,-1,-1,0,32,delayed
8,3694,8,31.941553090697376,12.96252167224884,46.670366287231445,2.5418381267500387,75.52485132706036,,,0.0,-1,-1,0,32,delayed
8,3698,4,51.57844867519057,-32.92245054244995,0.43174993991851807,1.8919535654415498,56.21503204469259,,,0.0,-1,-1,0,32,delayed
8,3740,1,15.409577692774686,-33.920101165771484,54.11809921264648,0.6236130352580824,18.529221541618305,,,0.0,-1,-1,0,32,delayed
8,3744,9,-36.921143251059455,28.26367145114475,2.1435905032687717,3.584590600184807,106.50783356274617,,,0.0,-1,-1,0,32,delayed
8,3746,1,19.22509912512343,-0.6650999784469604,-34.60850143432617,0.1924735607338921,5.718907473232121,,,0.0,-1,-1,0,32,delayed
8,3766,3,-9.36354717716521,35.2872511545817,16.761650403340656,0.40121952644922,11.921311890672882,,,0.0,-1,-1,0,32,delayed
8,3826,1,47.32789394145479,26.82570075988769,13.768699645996094,0.456303823088231,13.558014586385534,,,0.0,-1,-1,0,32,delayed
8,3874,2,-29.309312115135704,-32.00793695449829,43.393362045288086,0.18203630275427818,5.408788449964345,,,0.0,-1,-1,0,32,delayed
8,3898,2,-25.387405706238983,-19.592737197875977,33.693986892700195,1.3860087188291728,41.18204905574485,,,0.0,-1,-1,0,32,delayed
8,3936,1,-60.72213026672926,-51.40668869018555,42.22943878173828,0.1453269188817282,4.318053863011252,,,0.0,-1,-1,0,32,delayed
8,3998,5,-31.438528569775762,-12.598101997375489,1.981567096710205,0.7000514629829141,20.800412940015278,,,0.0,-1,-1,0,32,delayed
8,4038,9,14.016349370551962,-30.563808017306858,23.050288942125107,2.1830430200734585,64.86408312020662,,,0.0,-1,-1,0,32,delayed
8,4062,2,-31.488469753276306,1.3579120635986293,23.412649512290955,0.915059193311128,27.188871235732663,,,0.0,-1,-1,0,32,delayed
8,4086,1,35.46625199904843,10.863300323486328,10.221500396728516,0.1060675698071703,3.151552947453644,,,0.0,-1,-1,0,32,delayed
8,4120,3,-27.187022096419536,49.54071299235026,19.194054921468098,0.9216715475043689,27.385342073946475,,,0.0,-1,-1,0,32,delayed
8,4176,7,1.1203418467661947,-19.91736957005092,-5.708144732883999,1.6765278587317642,49.81415454582289,,,0.0,-1,-1,0,32,delayed
8,4348,10,24.209268617539557,-10.90763988494873,-38.200039863586426,3.7219760405740256,110.58992472768006,,,0.0,-1,-1,0,32,delayed
8,4386,5,-24.266217793855525,-7.52117223739624,25.08447265625,0.9513057911572831,28.265855204394267,,,0.0,-1,-1,0,32,delayed
8,4644,5,-7.955813010084148,-12.12698974609375,22.815824890136717,1.4116356151952125,41.943493113747785,,,0.0,-1,-1,0,32,delayed
8,4688,6,3.592889939916464,5.1452873547871905,-5.828862826029458,1.6396807405633829,48.71932750227083,,,0.0,-1,-1,0,32,delayed
8,4720,3,-22.779866652053645,1.847499926884968,-30.76570002237956,1.2313538156464612,36.58683567572939,,,0.0,-1,-1,0,32,delayed
8,4902,4,26.231552118394386,-44.43006658554077,50.50854682922363,1.589294380797603,47.22221315412473,,,0.0,-1,-1,0,32,delayed
8,5014,1,-51.38288324612668,1.1085000038146973,-58.108699798583984,0.2480692025505141,7.370803610301033,,,0.0,-1,-1,0,32,delayed
8,5282,5,-30.22307800445738,23.92697219848633,2.4489021301269522,0.758438347516529,22.535244409983683,,,0.0,-1,-1,0,32,delayed
8,5310,2,12.111707642348218,-19.287900924682617,8.867998123168945,0.9917915143835718,29.468794996411415,,,0.0,-1,-1,0,32,delayed
8,5464,6,-2.404923181519836,3.080706278483072,-34.51297696431478,1.9182621503258774,56.9967309031304,,,0.0,-1,-1,0,32,delayed
8,5474,2,37.82900167263678,-39.46260070800781,58.552101135253906,0.9001818429209513,26.74682511779387,,,0.0,-1,-1,0,32,delayed
8,5570,12,8.859157583552987,10.080421765645346,-2.5841908454895015,3.3272468057446614,98.86145686767158,,,0.0,-1,-1,0,32,delayed
8,5764,3,25.195831408380467,-18.253299554189045,43.32870101928711,2.139976678241999,63.58446620448271,,,0.0,-1,-1,0,32,delayed
8,5806,1,-50.00993411147399,-54.5104866027832,41.06551361083984,0.0790800380131319,2.349680749150004,,,0.0,-1,-1,0,32,delayed
8,5874,4,2.9826827930271094,1.5518999099731445,-3.115449905395508,0.8344832760162815,24.794743887420516,,,0.0,-1,-1,0,32,delayed
8,5966,3,-31.210082351448346,-52.247300465901695,-37.416699727376304,0.6298666096293065,18.715032065773627,,,0.0,-1,-1,0,32,delayed
8,6074,4,-29.012660623333186,12.803175687789917,3.173081874847414,1.3970503986559268,41.510127078708045,,,0.0,-1,-1,0,32,delayed
8,6098,1,26.64860316714087,19.731300354003903,-39.929298400878906,0.184689680275357,5.48762743687114,,,0.0,-1,-1,0,32,delayed
8,6126,11,3.6762991027113032,14.045199307528408,17.342585000124846,3.832328643517264,113.86879754146479,,,0.0,-1,-1,0,32,delayed
8,6150,4,-24.737561264976154,4.988249778747559,19.47968077659607,1.085740897710426,32.26028401113554,,,0.0,-1,-1,0,32,delayed
8,6188,5,-20.229763736082692,15.951314926147461,27.937094116210936,0.6754175160125392,20.068472080777703,,,0.0,-1,-1,0,32,delayed
8,6208,4,4.959600522297012,-20.46568202972412,-10.350619316101074,1.818841196129486,54.042666792809754,,,0.0,-1,-1,0,32,delayed
9,24,1,61.10527886244628,54.7598991394043,37.26890182495117,0.1659232819325526,4.930027238074502,,,0.0,-1,-1,0,32,delayed
9,126,3,26.745336909690185,35.83226235707601,-19.859154383341473,0.6934269979572646,20.603582256378004,,,0.0,-1,-1,0,32,delayed
9,134,3,-23.35911393738446,3.7596619923909507,17.78995450337728,0.5513323151838143,16.38156682672041,,,0.0,-1,-1,0,32,delayed
9,178,1,-57.64097697617149,31.619962692260746,40.67753601074219,0.1654900084879557,4.917153518012327,,,0.0,-1,-1,0,32,delayed
9,406,2,-50.68842641638956,-1.454906463623045,0.8452320098876953,0.38607368018295074,11.471288037680687,,,0.0,-1,-1,0,32,delayed
9,422,3,-28.04458204502758,-41.522562662760414,-5.5595041910807295,1.6438763896604072,48.84399152825207,,,0.0,-1,-1,0,32,delayed
9,474,1,-20.21489966405909,-22.835100173950195,-3.570499897003174,0.2256192221350962,6.703754274890466,,,0.0,-1,-1,0,32,delayed
9,478,3,-15.020310472265237,42.76038678487142,13.42985471089681,0.8772134889509937,26.064373509033757,,,0.0,-1,-1,0,32,delayed
9,546,3,-53.50084353911803,-51.21269989013672,-44.95450083414713,0.5367924994429752,15.949549771584886,,,0.0,-1,-1,0,32,delayed
9,550,4,-12.142926746776261,-4.835831165313721,-16.849200129508972,1.5911040601404167,47.2759835975992,,,0.0,-1,-1,0,32,delayed
9,680,5,15.108966356218536,-19.021860122680664,26.08589973449707,1.26864096798706,37.69473731875566,,,0.0,-1,-1,0,32,delayed
9,736,3,12.02708199570566,25.587875366210938,29.731099128723145,0.6750614514832151,20.057892445372502,,,0.0,-1,-1,0,32,delayed
9,764,5,-14.10639419742564,3.131512928009033,-15.4055025100708,1.161509044397305,34.51155955603815,,,0.0,-1,-1,0,32,delayed
9,776,1,29.314678812338524,18.84449958801269,-31.94809913635254,0.7006151874044759,20.81716270967205,,,0.0,-1,-1,0,32,delayed
9,922,1,3.899155296442275,-14.853899955749512,58.55210113525391,0.259441617750257,7.708708671269004,,,0.0,-1,-1,0,32,delayed
9,928,2,-63.70749640835778,-15.061743736267086,-20.881369590759277,0.2780016157811814,8.260176161336261,,,0.0,-1,-1,0,32,delayed
9,1038,4,14.970553260182257,38.797499656677246,-5.65334987640381,1.3103597961010698,38.93431597551236,,,0.0,-1,-1,0,32,delayed
9,1072,1,-17.03795922457206,30.456037521362305,32.53006362915039,0.195681940111929,5.814237058927199,,,0.0,-1,-1,0,32,delayed
9,1110,5,-28.051902628727543,6.423756790161133,4.442437362670899,1.6680120424489873,49.56112672634186,,,0.0,-1,-1,0,32,delayed
9,1118,1,-5.92664994877822,-61.88201141357422,63.95603561401367,0.1500426659955315,4.458171400756026,,,0.0,-1,-1,0,32,delayed
9,1162,1,59.71636520297206,-21.948299407958984,3.1270999908447266,0.2454271626118629,7.292301493479803,,,0.0,-1,-1,0,32,delayed
9,1182,2,-45.42549992248324,-17.36188054084778,9.824081420898438,0.19432544219015918,5.773931855071391,,,0.0,-1,-1,0,32,delayed
9,1232,3,-3.233966762211322,-2.8821001052856445,-26.183900197347004,0.859560318138375,25.53985029607098,,,0.0,-1,-1,0,32,delayed
9,1250,1,-55.661375898300165,-38.21553802490234,23.21866226196289,0.2835962814897969,8.426408735873977,,,0.0,-1,-1,0,32,delayed
9,1296,1,-62.302618224062,-2.438699960708618,-4.457300186157227,0.3284326129801959,9.758616807751787,,,0.0,-1,-1,0,32,delayed
9,1378,2,-49.74651945191853,48.77400016784668,-20.863100051879883,0.7163661647686572,21.28516663610882,,,0.0,-1,-1,0,32,delayed
9,1468,7,-21.026429428821903,-39.94558892931257,-4.896564619881766,1.7722017654099105,52.65688379034201,,,0.0,-1,-1,0,32,delayed
9,1492,1,-56.79485716062971,-54.89846420288086,46.109188079833984,0.3152860426273758,9.367996822588935,,,0.0,-1,-1,0,32,delayed
9,1508,1,-48.17401375699656,-0.96993750333786,41.45348739624024,0.0848474621472075,2.5210464414347,,,0.0,-1,-1,0,32,delayed
9,1510,1,33.183324949567805,43.23149871826172,55.00490188598633,0.3133281867157266,9.309823654482368,,,0.0,-1,-1,0,32,delayed
9,1514,3,15.036274997086773,-45.448499043782554,-60.03010050455729,1.0910276079580652,32.41736640015954,,,0.0,-1,-1,0,32,delayed
9,1528,2,-56.8826620471482,-7.3161001801490775,-41.70289993286133,0.282760131002596,8.401564454655475,,,0.0,-1,-1,0,32,delayed
9,1556,6,-31.821064020391784,-0.15241877237955728,2.6834939320882163,1.2882469207599312,38.27728293907403,,,0.0,-1,-1,0,32,delayed
9,1572,4,5.068736630839861,-30.934078693389893,-7.80799674987793,0.8724184349674149,25.92189955075773,,,0.0,-1,-1,0,32,delayed
9,1636,1,-59.63654257886434,-33.559837341308594,16.62308692932129,0.0560381423819463,1.6650440197198804,,,0.0,-1,-1,0,32,delayed
9,1650,1,7.586960530218678,18.84449958801269,-51.45769882202149,0.2078580097317105,6.17602085550504,,,0.0,-1,-1,0,32,delayed
9,1664,3,-14.095165149134322,31.490637461344402,29.42626190185547,1.6490226410307631,48.99690050602981,,,0.0,-1,-1,0,32,delayed
9,1678,5,-28.8810116933646,37.46730041503906,-34.076420593261716,2.145579587739248,63.750943724166376,,,0.0,-1,-1,0,32,delayed
9,1764,1,46.561596750020726,55.64670181274414,-42.58969879150391,0.6071854864818501,18.0411148577441,,,0.0,-1,-1,0,32,delayed
9,1778,3,-28.86941582747396,11.750100135803223,-17.020299911499023,0.9026736326092624,26.82086289532482,,,0.0,-1,-1,0,32,delayed
9,1852,14,-15.636160388515801,12.63887922678675,10.442481415612358,5.503218815190144,163.51544123265464,,,0.0,-1,-1,0,32,delayed
9,1874,3,2.667346058526263,0.6650997797648112,4.441766579945882,0.5417970762541663,16.09824921693601,,,0.0,-1,-1,0,32,delayed
9,1938,10,-24.859024777776355,-26.351816177368164,-20.60336093902588,3.26819782132214,97.10695262816404,,,0.0,-1,-1,0,32,delayed
9,1968,2,3.6117938496545037,-30.594599723815918,18.867799758911133,0.4527086064045193,13.451191023284343,,,0.0,-1,-1,0,32,delayed
9,2074,4,12.078470810101159,30.677737712860107,35.66157567501068,1.1692031607232525,34.740172458447205,,,0.0,-1,-1,0,32,delayed
9,2144,1,-10.955475267564225,-22.696537017822266,19.726886749267575,0.0763182918327796,2.267621837735028,,,0.0,-1,-1,0,32,delayed
9,2248,1,-43.33676273606907,47.91491317749024,21.27878761291504,0.4132226846335519,12.27795802316517,,,0.0,-1,-1,0,32,delayed
9,2446,5,15.063219460635036,-23.649848079681398,1.6858028411865233,1.2443073689802493,36.971720605810425,,,0.0,-1,-1,0,32,delayed
9,2476,3,2.8784626793415335,11.537637352943422,56.067212422688804,0.9975999289829812,29.64137862573451,,,0.0,-1,-1,0,32,delayed
9,2644,5,20.39856365599466,-12.265552616119384,-9.964532470703125,1.5039579249384092,44.68663739352962,,,0.0,-1,-1,0,32,delayed
9,2656,4,-17.833682008267363,50.23583459854126,29.90650939941407,1.486497652926629,44.167845723067984,,,0.0,-1,-1,0,32,delayed
9,2668,3,-24.285853493552523,-3.9444122314453125,41.58281262715658,0.2879293408027555,8.555155589168272,,,0.0,-1,-1,0,32,delayed
9,2694,1,-60.578449543335374,-23.278499603271484,-27.51409912109375,0.5309614246279772,15.77629284627361,,,0.0,-1,-1,0,32,delayed
9,2708,2,25.16390235873738,51.21269989013672,26.848999977111816,0.9250910332451487,27.48694419780697,,,0.0,-1,-1,0,32,delayed
9,2824,6,-29.276112652164016,-14.729193607966105,-21.654377460479736,1.80116323982857,53.517407136287076,,,0.0,-1,-1,0,32,delayed
9,2846,2,16.391395969299573,18.844500064849854,-34.16510009765625,0.5446163310545254,16.18201686421828,,,0.0,-1,-1,0,32,delayed
9,2860,2,18.657162819180794,26.75641965866089,-13.759255409240719,0.3515154471450612,10.444469931191101,,,0.0,-1,-1,0,32,delayed
9,2908,3,-43.58512991480128,25.6617751121521,20.57044219970703,1.369904767640759,40.70355732706885,,,0.0,-1,-1,0,32,delayed
9,3130,2,-47.7429715868149,13.080300331115724,-35.71700096130371,0.3430984839866694,10.194379304068567,,,0.0,-1,-1,0,32,delayed
9,3184,1,-15.074322671522284,-57.86370086669922,-60.32569885253906,0.2762351535383175,8.207689814206933,,,0.0,-1,-1,0,32,delayed
9,3194,3,31.595771773822577,20.174700419108074,29.272167205810547,1.3606772607981685,40.42938326575789,,,0.0,-1,-1,0,32,delayed
9,3228,6,-10.735151159938551,28.451499780019123,21.649757901827495,1.8035492317450452,53.588301377294385,,,0.0,-1,-1,0,32,delayed
9,3234,2,-9.099779148279437,-47.73478126525879,-10.322906494140623,0.5063815395678801,15.045958311881511,,,0.0,-1,-1,0,32,delayed
9,3242,1,-8.864122515942109,-48.30288696289063,58.91236114501953,0.1221681702482909,3.6299451164100502,,,0.0,-1,-1,0,32,delayed
9,3340,8,-2.2297006695099104,-23.22307562828064,-34.873974442481995,3.939925461509424,117.0657885679991,,,0.0,-1,-1,0,32,delayed
9,3354,3,-2.7446278559767694,-2.983712593714396,56.23348744710287,1.6284843149961727,48.38665156690778,,,0.0,-1,-1,0,32,delayed
9,3492,6,23.86946024593483,33.92010021209717,-21.446533521016438,1.5803497699677418,46.956444694680215,,,0.0,-1,-1,0,32,delayed
9,3536,3,36.97049513040867,-16.331900278727215,16.413567225138348,0.9197881618539661,27.329381617715505,,,0.0,-1,-1,0,32,delayed
9,3582,1,-16.958136600464346,46.7509880065918,15.847137451171877,0.1120306519650916,3.328732166180637,,,0.0,-1,-1,0,32,delayed
9,3718,5,-27.428718204515338,24.436882400512694,-33.91745223999023,2.102571391556328,62.473054472141825,,,0.0,-1,-1,0,32,delayed
9,3748,3,11.529401044621194,59.785099029541016,-60.17789967854818,1.303442186637324,38.72877518171049,,,0.0,-1,-1,0,32,delayed
9,3754,2,-29.03529962796153,25.218375205993652,28.068350553512573,0.8391231793147748,24.932607901301957,,,0.0,-1,-1,0,32,delayed
9,3770,2,-38.148292169067645,-49.66080093383789,-34.8302001953125,0.5202297161747802,15.457424907012124,,,0.0,-1,-1,0,32,delayed
9,3774,4,21.518803893442353,20.812087059020996,18.840087890625,1.6023243788304584,47.60936946194262,,,0.0,-1,-1,0,32,delayed
9,3782,6,-5.3183742229006725,-3.695000012715657,-53.60080051422119,2.0344089263908858,60.447764193610965,,,0.0,-1,-1,0,32,delayed
9,3786,1,32.619335450397905,28.15589904785156,40.81610107421875,0.4015980462381246,11.932558732271684,,,0.0,-1,-1,0,32,delayed
9,3848,2,58.58288394064252,1.1085000038146973,-6.230899810791016,1.401221411967863,41.63405910921461,,,0.0,-1,-1,0,32,delayed
9,3888,1,40.01614157318815,-23.721900939941406,4.457300186157227,0.5520303683526481,16.402307864963444,,,0.0,-1,-1,0,32,delayed
9,3948,1,-36.72744945995032,44.03516387939453,43.78133773803711,0.0762028673355325,2.264192265292023,,,0.0,-1,-1,0,32,delayed
9,3962,3,7.959466109388013,1.8475003242492676,-0.43563350041707355,0.7180700516325083,21.335793700325148,,,0.0,-1,-1,0,32,delayed
9,4050,2,27.696895108159875,-26.382299423217773,-2.2170000076293928,0.4269268132370056,12.685144564452163,,,0.0,-1,-1,0,32,delayed
9,4092,2,14.929446273350536,36.067819595336914,24.008469343185425,0.3348591695552377,9.949567098711334,,,0.0,-1,-1,0,32,delayed
9,4096,3,34.20156711786928,2.8820999463399253,8.727966944376627,0.9734746798189552,28.924552547328403,,,0.0,-1,-1,0,32,delayed
9,4132,1,-31.230421790923675,4.46171236038208,51.92881393432617,0.0854170090322318,2.5379692121503354,,,0.0,-1,-1,0,32,delayed
9,4142,1,-2.302702814287988,29.929500579833984,-42.14630126953125,0.2934367524801143,8.718795611619766,,,0.0,-1,-1,0,32,delayed
9,4210,2,-7.654989651929807,-26.82570075988769,2.660400152206421,0.349416607493397,10.382107756753992,,,0.0,-1,-1,0,32,delayed
9,4262,5,34.04012393280045,-4.833059692382813,9.670779418945317,2.656490721710395,78.93148847578942,,,0.0,-1,-1,0,32,delayed
9,4310,5,-28.930429763823547,8.995477485656739,-13.798177433013915,1.1312798030992888,33.61336744429986,,,0.0,-1,-1,0,32,delayed
9,4382,1,-17.75636284154149,-44.42313766479492,51.152862548828125,0.0917425326198128,2.7259175411529744,,,0.0,-1,-1,0,32,delayed
9,4432,5,-28.183290002175347,-16.577617263793947,-23.475382995605468,0.7419917657326404,22.046572204230486,,,0.0,-1,-1,0,32,delayed
9,4438,3,-2.4740280505291175,13.985574086507164,1.7813663482666016,1.5829876393741253,47.03482289376406,,,0.0,-1,-1,0,32,delayed
9,4682,5,6.4849300476210745,-16.79931745529175,-16.724617767333985,1.9358507449685192,57.519335384296106,,,0.0,-1,-1,0,32,delayed
9,4698,4,-3.852039450586151,-11.41062194108963,-7.491509437561035,0.7445641611541618,22.12300499502083,,,0.0,-1,-1,0,32,delayed
9,4702,2,-21.398890066061213,-18.62279987335205,-25.74049949645996,0.32663079753157986,9.70508002173721,,,0.0,-1,-1,0,32,delayed
9,4712,2,-27.367006784110295,-19.010774612426758,14.29523754119873,0.9245966196417614,27.47225383908706,,,0.0,-1,-1,0,32,delayed
9,4918,1,38.83476673639398,61.4109001159668,-39.04249954223633,0.3191602891646233,9.48311111356234,,,0.0,-1,-1,0,32,delayed
9,4994,2,-36.77534303441495,3.4917736053466797,13.519287109375,0.4445259983232218,13.208063716197422,,,0.0,-1,-1,0,32,delayed
9,5038,4,-8.602195530210196,-20.88829731941223,9.246840238571165,1.1592931823209307,34.44572033043278,,,0.0,-1,-1,0,32,delayed
9,5044,1,-5.399820629667305,23.08451271057129,43.39336395263672,0.0777516589806873,2.3102110331694505,,,0.0,-1,-1,0,32,delayed
9,5136,3,-8.84482004794478,-0.22169939676920572,3.7027664184570312,0.5993103558748798,17.807123533901198,,,0.0,-1,-1,0,32,delayed
9,5146,2,61.06536755039243,-39.01919937133789,14.212099552154541,1.005305779259793,29.870340175402074,,,0.0,-1,-1,0,32,delayed
9,5304,4,-40.250310531701935,-32.368200063705444,-35.162750244140625,0.8396175863924888,24.947298066126557,,,0.0,-1,-1,0,32,delayed
9,5328,4,-30.437494463655888,-48.143540382385254,-17.6852970123291,1.3195207554622366,39.20651273205798,,,0.0,-1,-1,0,32,delayed
9,5424,3,-47.35982299109787,-4.27696228027344,-18.898454030354817,0.7022970552114531,20.867135528451094,,,0.0,-1,-1,0,32,delayed
9,5438,1,20.56611921013303,-2.8821001052856445,60.76910018920898,0.3407783768810015,10.125442678099208,,,0.0,-1,-1,0,32,delayed
9,5476,5,5.125374715712427,14.720880126953125,2.0110452651977537,0.9567317472235328,28.427074961426797,,,0.0,-1,-1,0,32,delayed
9,5502,3,-18.525440714592186,10.558461983998617,-32.82860414187113,0.5764083772732316,17.126644115962595,,,0.0,-1,-1,0,32,delayed
9,5660,3,11.577294619085821,6.383112808068592,7.8533455530802385,0.8085121418605605,24.023071598275237,,,0.0,-1,-1,0,32,delayed
9,5680,5,-12.178501781870063,-19.81997969150543,-3.9620048522949203,1.7367507536777311,51.60353882620378,,,0.0,-1,-1,0,32,delayed
9,5994,2,-8.06208503487915,23.26464319229126,2.67425537109375,1.1998984957216194,35.652213468371805,,,0.0,-1,-1,0,32,delayed
9,6034,4,-16.887604021371377,41.644960403442376,-19.83301544189453,1.6031623648129407,47.63426828066561,,,0.0,-1,-1,0,32,delayed
10,19,4,11.260288912997083,10.807875156402588,34.10967469215393,1.2974779811681552,38.551562586383284,,,0.0,-1,-1,0,32,delayed
10,113,5,13.220913296228986,19.3821231842041,-26.634608268737793,2.1728982890334123,64.56265585956035,,,0.0,-1,-1,0,32,delayed
10,121,8,-11.220321547030172,-9.55042016506195,38.887720584869385,3.468411481067913,103.05583927315266,,,0.0,-1,-1,0,32,delayed
10,183,2,-5.531707850664606,23.209218978881832,20.821531295776367,0.3132741395238014,9.308217766958755,,,0.0,-1,-1,0,32,delayed
10,419,2,-20.76829133561027,-29.666232109069824,15.200305938720703,0.286106627153347,8.500997861367022,,,0.0,-1,-1,0,32,delayed
10,425,5,-32.8683278108992,25.67286033630371,-51.90110092163086,1.6649739289450431,49.47085619798469,,,0.0,-1,-1,0,32,delayed
10,475,1,39.61702845264958,-0.6650999784469604,2.6837000846862797,0.0949126534767231,2.820110363224257,,,0.0,-1,-1,0,32,delayed
10,477,1,38.14829216906764,-24.608699798583984,-50.570899963378906,0.1982150931722093,5.88950385355624,,,0.0,-1,-1,0,32,delayed
10,539,8,-13.213502719816088,-41.65881583094597,-5.8243467807769775,3.715504805776313,110.39764692648717,,,0.0,-1,-1,0,32,delayed
10,557,2,-4.600398713812298,27.490798950195312,17.292600631713867,0.52197368325906,15.509242862441067,,,0.0,-1,-1,0,32,delayed
10,715,1,-58.135877245639314,-6.789562702178955,50.37691116333008,0.0723266097657661,2.1490182211304014,,,0.0,-1,-1,0,32,delayed
10,749,8,7.483725982705744,-2.0853657126426697,-22.98531174659729,3.2530860151808767,96.65794019889438,,,0.0,-1,-1,0,32,delayed
10,761,4,13.367606189440748,1.7597438097000122,18.371181666851044,1.2077698777993056,35.88609341332166,,,0.0,-1,-1,0,32,delayed
10,777,7,-6.41327773196148,18.37338774544852,8.929451806204659,3.280938524717481,97.48551321375317,,,0.0,-1,-1,0,32,delayed
10,967,1,-16.6069170543904,-54.89846420288086,6.147762298583984,0.1082251986589116,3.2156619072382293,,,0.0,-1,-1,0,32,delayed
10,977,1,-13.87698330990657,24.248437881469727,41.06551361083984,0.1156378508528872,3.4359117528116045,,,0.0,-1,-1,0,32,delayed
10,1131,1,30.160798627880297,-21.50489997863769,-57.66529846191406,0.7347324330037037,21.83087789257594,,,0.0,-1,-1,0,32,delayed
10,1219,1,-60.43476881994149,56.83833694458008,40.67753601074219,0.0925085313053669,2.7486774235523974,,,0.0,-1,-1,0,32,delayed
10,1229,10,-9.25289467359059,9.336340761184692,28.704731369018553,3.572321883305685,106.14329696676151,,,0.0,-1,-1,0,32,delayed
10,1307,1,-29.98518885484333,-5.542500019073486,-56.33509826660156,0.3682125174963618,10.940584826395622,,,0.0,-1,-1,0,32,delayed
10,1387,5,-31.831679923582094,-22.502550315856933,6.953190040588379,2.3894400228503763,70.99669352723059,,,0.0,-1,-1,0,32,delayed
10,1411,5,-42.63327741783801,6.168802261352537,-8.192697143554687,1.5310081248694063,45.49037163083446,,,0.0,-1,-1,0,32,delayed
10,1447,3,12.022557603950387,26.391537348429363,2.255421002705892,0.9791201576002708,29.092294885291224,,,0.0,-1,-1,0,32,delayed
10,1509,7,22.773784928312104,-9.596442903791155,15.415614264351982,2.5415875387101243,75.5174056820133,,,0.0,-1,-1,0,32,delayed
10,1601,2,-41.02988889935612,4.46171247959137,30.784175872802738,0.6536237929700957,19.420921918034573,,,0.0,-1,-1,0,32,delayed
10,1623,1,6.134188771458278,-24.16530036926269,52.787899017333984,1.02379737345632,30.419775203461345,,,0.0,-1,-1,0,32,delayed
10,1643,3,-49.02545508081218,-46.49233627319336,34.21128718058268,1.146962521310837,34.079343207613235,,,0.0,-1,-1,0,32,delayed
10,1645,5,6.205766732707561,-26.210483169555665,-17.744437408447265,2.001238878603334,59.462192806785694,,,0.0,-1,-1,0,32,delayed
10,1653,3,-28.128929060890567,7.953487396240239,15.554478963216146,0.7464283929851002,22.17839633972885,,,0.0,-1,-1,0,32,delayed
10,1665,2,48.062262083245756,-9.089699745178223,-38.59909915924072,0.791864033256472,23.52841148834598,,,0.0,-1,-1,0,32,delayed
10,1727,3,-19.742232021306705,-33.6245002746582,-26.16836675008138,0.8419161248659368,25.015593829987274,,,0.0,-1,-1,0,32,delayed
10,1823,8,-21.059079967911227,16.63789251446724,-16.311166882514954,1.3365470107473305,39.71240859754625,,,0.0,-1,-1,0,32,delayed
10,1829,2,-47.73237375919618,-42.677249908447266,27.68037486076355,0.2161112857425848,6.421247896960844,,,0.0,-1,-1,0,32,delayed
10,1851,1,-31.421996088782187,45.19908905029297,62.01616287231445,0.1348437476338511,4.006570632981831,,,0.0,-1,-1,0,32,delayed
10,1905,10,11.929951194338202,9.092471027374268,5.438198518753052,3.4566140263470957,102.70530514414943,,,0.0,-1,-1,0,32,delayed
10,1925,5,-40.149819538492736,40.310601806640626,-5.620977592468262,1.5188332065263488,45.128622041786414,,,0.0,-1,-1,0,32,delayed
10,1949,7,13.295926955084429,-24.145505345293454,2.3826446533203125,2.013917954591591,59.83892227625904,,,0.0,-1,-1,0,32,delayed
10,1957,4,-2.456451311305125,17.846850395202637,-32.379849910736084,1.1479457688504922,34.108558138126966,,,0.0,-1,-1,0,32,delayed
10,2027,10,-34.42727252460939,-43.375604248046876,19.83307800292969,2.50640817377878,74.4721320753823,,,0.0,-1,-1,0,32,delayed
10,2047,1,20.135077039951376,-28.599300384521484,-6.230899810791016,0.2537545924767062,7.539731845499485,,,0.0,-1,-1,0,32,delayed
10,2063,2,29.50505743541918,-36.37265682220459,33.26444387435913,0.294988438818034,8.764900388609423,,,0.0,-1,-1,0,32,delayed
10,2151,3,-46.293777626189716,-21.874400456746418,20.21941757202148,0.4530170692857278,13.460356285618722,,,0.0,-1,-1,0,32,delayed
10,2195,2,21.571884273890234,-5.320800065994263,50.127498626708984,0.5190852059911852,15.423418429357765,,,0.0,-1,-1,0,32,delayed
10,2251,6,-27.91253612073042,45.60553773244222,44.90831200281779,2.9566646509059904,87.85046373868046,,,0.0,-1,-1,0,32,delayed
10,2287,5,15.267565378350781,-31.259699249267577,-9.927500152587893,1.023716746427612,30.417379557455405,,,0.0,-1,-1,0,32,delayed
10,2335,3,-57.577118876885315,2.2631874084472656,17.399037679036457,1.3289813606108343,39.48761277135333,,,0.0,-1,-1,0,32,delayed
10,2429,2,22.340797030532247,-40.57110023498535,-0.66510009765625,0.662399151560743,19.68166143796131,,,0.0,-1,-1,0,32,delayed
10,2525,1,-25.25968950766664,52.54290008544922,-6.230899810791016,0.1391079589099015,4.133271825816112,,,0.0,-1,-1,0,32,delayed
10,2553,4,-24.491418912846214,-34.585200786590576,-32.280649185180664,0.7966923925088173,23.67187503578803,,,0.0,-1,-1,0,32,delayed
10,2731,7,-8.281977235409736,20.89918381827218,-15.778398786272321,1.8792137681700434,55.83649838248115,,,0.0,-1,-1,0,32,delayed
10,2747,6,40.952727029385336,35.84150004386902,40.446601231892906,1.8944592944032292,56.289483995548615,,,0.0,-1,-1,0,32,delayed
10,2771,6,-47.11503361050088,2.914430856704712,37.49668947855631,1.3629203835562111,40.49603247957944,,,0.0,-1,-1,0,32,delayed
10,2777,3,-21.316451876745546,-49.051125844319664,-5.497783660888672,0.6593810888056608,19.5919866713133,,,0.0,-1,-1,0,32,delayed
10,2781,5,-48.327273195283375,22.125659942626953,-20.951780700683592,1.940011150424573,57.642952226856636,,,0.0,-1,-1,0,32,delayed
10,2901,3,-25.60121263081295,-3.5933869679768873,-0.5527788798014323,0.4859715840361259,14.439523605868773,,,0.0,-1,-1,0,32,delayed
10,2903,5,-9.208956252087434,-12.869684982299805,-7.656840229034424,1.814343045153519,53.90901462191367,,,0.0,-1,-1,0,32,delayed
10,2911,2,-6.385809928617149,-22.959805965423588,-6.720281600952145,0.3493667290960841,10.38062573533735,,,0.0,-1,-1,0,32,delayed
10,2927,4,19.85110888698006,10.828658998012543,6.1846091747283936,1.9235031178734738,57.15245415343362,,,0.0,-1,-1,0,32,delayed
10,3187,4,25.8923059659366,-40.716590881347656,13.653128027915955,1.5546741252633458,46.193552192353444,,,0.0,-1,-1,0,32,delayed
10,3191,3,-35.326149073789765,34.85308790206909,8.019620895385742,0.708344371912363,21.046817582141827,,,0.0,-1,-1,0,32,delayed
10,3223,2,-55.60550006142477,-52.54290008544922,-44.80669975280762,0.5206915774951618,15.471148049799403,,,0.0,-1,-1,0,32,delayed
10,3273,2,9.550597083268453,40.57109832763672,-28.179200172424316,1.235033411213215,36.696166362525766,,,0.0,-1,-1,0,32,delayed
10,3367,1,29.713791932877097,-53.87310028076172,34.60850143432617,0.1937994297356834,5.7583026094469805,,,0.0,-1,-1,0,32,delayed
10,3383,3,-45.68180417469724,10.6693115234375,3.3026124636332193,0.7781604047533366,23.12123980638531,,,0.0,-1,-1,0,32,delayed
10,3493,2,-11.115120515779655,-20.27169281244278,-19.883718967437744,0.3403414514359456,10.11246044727515,,,0.0,-1,-1,0,32,delayed
10,3519,3,9.565764491571414,12.165786743164062,-8.9034792582194,1.3395326389300493,39.80111964576159,,,0.0,-1,-1,0,32,delayed
10,3587,1,-4.394055565910104,-39.76743698120117,46.109188079833984,0.2085746631860423,6.197314558287221,,,0.0,-1,-1,0,32,delayed
10,3715,2,33.186076081562675,46.5570011138916,-9.999800205230713,0.5532575512222385,16.43877077060702,,,0.0,-1,-1,0,32,delayed
10,3737,4,1.6815740200713631,0.22170031070709229,-27.403249740600586,1.4948388824205225,44.41568609920423,,,0.0,-1,-1,0,32,delayed
10,3751,6,-47.91592060571495,8.276799837748209,-8.182954788208008,2.044624668851878,60.75130139467909,,,0.0,-1,-1,0,32,delayed
10,3753,6,7.0381679889735125,12.064174652099611,12.2260373433431,1.1062281822026845,32.86901636867216,0.43653976917266846,87.81611633300781,87.81611633300781,4,6,1,32,delayed
10,3765,5,-2.061710445970519,47.931539916992186,-37.880339813232425,2.1828278192366266,64.85768892419699,,,0.0,-1,-1,0,32,delayed
10,3769,3,-16.46950443289042,-9.246737798055014,-12.06270440419515,0.9302866000083223,27.641318468622643,,,0.0,-1,-1,0,32,delayed
10,3795,1,24.03042109640784,-58.30709838867188,22.636699676513672,0.4874838743152438,14.484457819928958,,,0.0,-1,-1,0,32,delayed
10,3853,2,-25.733258555110105,-38.603511810302734,44.94526290893555,0.2304160531573223,6.84628103376707,,,0.0,-1,-1,0,32,delayed
10,3905,3,-53.160267009591784,1.4964745839436855,-3.447057723999023,0.4566455998782007,13.568169694603426,,,0.0,-1,-1,0,32,delayed
10,3939,1,-11.402481962567425,61.49403762817383,47.27311325073242,0.7933405515573477,23.57228282066324,,,0.0,-1,-1,0,32,delayed
10,3965,4,-5.889534093151886,22.613399982452393,13.523699998855594,1.4412310740165337,42.82285384247142,,,0.0,-1,-1,0,32,delayed
10,3975,2,-24.10487702331273,10.600030899047852,-6.80341911315918,1.0750234396344172,31.941839488930842,,,0.0,-1,-1,0,32,delayed
10,4089,1,56.12434711812491,48.55229949951172,39.48590087890625,0.1948565299810739,5.789711902600118,,,0.0,-1,-1,0,32,delayed
10,4125,2,-33.94700657579391,11.833237648010254,33.30601215362549,0.3816223961836122,11.339028410788398,,,0.0,-1,-1,0,32,delayed
10,4185,2,-4.102882879136518,-2.216999053955078,-52.12280082702637,0.5775727838080136,17.161241767755676,,,0.0,-1,-1,0,32,delayed
10,4235,1,29.77765003216327,-52.98630142211914,37.71229934692383,0.3372627434680257,10.02098374814566,,,0.0,-1,-1,0,32,delayed
10,4255,2,-17.212373322831166,17.07089900970459,-20.863099575042725,0.46620954190197716,13.85234015055999,,,0.0,-1,-1,0,32,delayed
10,4293,2,-3.243414103981154,29.48610019683838,-36.38209915161133,0.873234166449988,25.946137128397226,,,0.0,-1,-1,0,32,delayed
10,4369,3,45.596660042315676,15.001700083414713,-32.539300282796226,1.1570838694684298,34.38007569989392,,,0.0,-1,-1,0,32,delayed
10,4405,4,15.221396688732629,-17.181750059127808,-18.301900148391724,1.4823789945873478,44.045469299696414,,,0.0,-1,-1,0,32,delayed
10,4663,2,-6.156939883912727,40.44639301300049,-11.87480640411377,0.353415851045807,10.500936045439182,,,0.0,-1,-1,0,32,delayed
10,4683,4,14.4277594162498,1.77359938621521,-18.313550114631653,1.8161816446409635,53.963644360714866,,,0.0,-1,-1,0,32,delayed
10,4897,5,29.58873614264315,-15.868178176879884,-0.24298744201660155,1.5121105663430912,44.92887431000814,,,0.0,-1,-1,0,32,delayed
10,4983,1,18.969666727978748,-47.22209930419922,31.50469970703125,0.5872324922084827,17.448257700489744,,,0.0,-1,-1,0,32,delayed
10,5011,3,-32.513851878541004,5.422412872314453,-9.479145685831705,0.6809666053388674,20.23335045834275,,,0.0,-1,-1,0,32,delayed
10,5031,2,15.441506742417772,-50.99099922180176,28.622599601745605,0.6277063819830935,18.650845888811425,,,0.0,-1,-1,0,32,delayed
10,5035,2,-19.528425096732747,-60.96749877929688,-28.84429931640625,0.5016142644628416,14.904309738845285,,,0.0,-1,-1,0,32,delayed
10,5151,3,23.670302243924834,-18.696699778238933,3.702766736348471,0.6741188608434655,20.0298855407706,,,0.0,-1,-1,0,32,delayed
10,5323,1,-60.72213026672926,-46.7509880065918,57.74843597412109,0.7704219450113948,22.891309341750308,,,0.0,-1,-1,0,32,delayed
10,5353,7,-29.583414733168887,15.210203988211495,-20.778525250298635,2.5754746519888516,76.52428301434423,,,0.0,-1,-1,0,32,delayed
10,5371,3,-19.42119781473722,-4.646462122599283,-8.12752914428711,0.5343363587552536,15.87657122179986,,,0.0,-1,-1,0,32,delayed
10,5389,4,5.878936265533161,16.191028237342834,-13.182015538215635,1.0678421009679624,31.728462590769862,,,0.0,-1,-1,0,32,delayed
10,5467,2,-14.801730074778192,-14.632200241088865,-25.07539939880371,0.3898294693684867,11.582882641942945,,,0.0,-1,-1,0,32,delayed
10,5473,4,20.303414495792623,21.733528316020966,-9.593247175216675,1.2519890104362146,37.199962846259986,,,0.0,-1,-1,0,32,delayed
10,5545,1,-38.26004384281843,-32.78388595581055,46.885135650634766,0.1357716476902613,4.0341410408175,,,0.0,-1,-1,0,32,delayed
10,5743,7,10.364104606436927,-1.6785856996263777,-16.42244257245745,2.1437018785078363,63.69515192961998,,,0.0,-1,-1,0,32,delayed
10,5783,3,56.04984600229104,8.941899617513021,-2.076967239379883,0.9475334268922552,28.153768109913536,,,0.0,-1,-1,0,32,delayed
10,5925,1,54.65561083454297,17.070899963378906,52.34450149536133,0.2339870447302921,6.952384803633629,,,0.0,-1,-1,0,32,delayed
10,5997,2,12.542749812529877,-20.13313102722168,17.029331207275394,0.6038714943586935,17.94264723316705,,,0.0,-1,-1,0,32,delayed
10,6023,6,-30.305351206343502,-2.032249808311462,-3.9706544081370034,1.8804801986524011,55.874127440323,0.4871613383293152,99.55204772949219,99.55204772949219,6,12,1,32,delayed
10,6125,3,-51.686209217736,-0.36950016021728516,-59.73449961344401,0.7692390666937803,22.856162843578108,,,0.0,-1,-1,0,32,delayed
11,42,1,-47.487539189670215,5.099100112915039,-61.65589904785156,0.8827477111002834,26.22881014275853,,,0.0,-1,-1,0,32,delayed
11,172,2,-29.516850937815764,-7.953487634658814,6.53573751449585,1.1518412861998353,34.22430444217162,,,0.0,-1,-1,0,32,delayed
11,184,1,-7.475208856467878,-25.800336837768555,54.64463806152344,0.1741411446890691,5.174202056439372,,,0.0,-1,-1,0,32,delayed
11,244,4,-21.129578655307462,-23.451703548431396,-15.676140308380127,0.9102167232078033,27.044988416932977,,,0.0,-1,-1,0,32,delayed
11,448,4,55.429890288387796,1.2193503379821786,-6.995199918746948,1.3000455769733847,38.6278527676569,,,0.0,-1,-1,0,32,delayed
11,456,3,24.674323597543395,39.832098642985024,-1.4857665697733562,0.9135411925437222,27.14376734769742,,,0.0,-1,-1,0,32,delayed
11,510,1,22.97676245818601,-37.91070175170898,23.08009910583496,0.3196551401506686,9.497814468098102,,,0.0,-1,-1,0,32,delayed
11,520,1,-2.1430575660725597,11.057287216186523,51.152862548828125,0.0854121029901521,2.537823440437035,,,0.0,-1,-1,0,32,delayed
11,570,2,-4.102882879136516,11.1542809009552,51.27756881713867,0.8623374094200059,25.622365151741597,,,0.0,-1,-1,0,32,delayed
11,586,1,-31.40603156396064,7.177537441253662,11.967387199401855,0.1018914983345318,3.027470625380106,,,0.0,-1,-1,0,32,delayed
11,698,6,-26.669445453048002,11.560731013615927,22.180915514628094,1.6862624252777754,50.10339471551886,,,0.0,-1,-1,0,32,delayed
11,760,3,-20.732829676760943,-11.713149865468344,2.3356177012125627,0.4855313350267203,14.426442623003528,,,0.0,-1,-1,0,32,delayed
11,778,2,-60.95361587664163,-51.21269989013672,-45.25010108947754,0.3633332951779765,10.795610000379106,,,0.0,-1,-1,0,32,delayed
11,786,1,-46.864922721630045,-49.85478591918945,35.63386154174805,0.0934838802220819,2.777657664721843,,,0.0,-1,-1,0,32,delayed
11,978,6,-49.47425067488299,24.400856653849285,19.437376658121746,1.530663710846744,45.48013816333599,,,0.0,-1,-1,0,32,delayed
11,982,3,-42.073821565028545,-47.12048848470052,-20.48730405171712,1.1484989049879588,34.124993301368136,,,0.0,-1,-1,0,32,delayed
11,1110,3,6.672698078594894,5.219187418619792,-7.961254119873047,1.1863918774105473,35.25089548941012,,,0.0,-1,-1,0,32,delayed
11,1130,4,14.33875885495345,-40.16926860809326,4.918968200683594,1.5632058886125983,46.44705384209612,,,0.0,-1,-1,0,32,delayed
11,1174,3,-34.17670328663868,16.331899801890057,-11.551699956258139,1.6119447434593566,47.89521638534156,,,0.0,-1,-1,0,32,delayed
11,1194,2,-51.60638659362829,-3.1176562309265137,-9.740944147109985,0.49217943356145033,14.62397552179795,,,0.0,-1,-1,0,32,delayed
11,1260,1,-22.08274906817961,25.02438735961914,43.00538635253906,0.1158344699239111,3.441753834551928,,,0.0,-1,-1,0,32,delayed
11,1272,2,1.7560977303697136,20.853655397892,8.77100658416748,0.38616104356474823,11.473883838865762,,,0.0,-1,-1,0,32,delayed
11,1304,1,-45.01303784233107,9.533100128173828,-44.36330032348633,0.1699968900711805,5.051065098745804,,,0.0,-1,-1,0,32,delayed
11,1350,8,-2.0820288149106396,-25.564781188964844,21.182896614074707,2.719067373376918,80.79080920275568,,,0.0,-1,-1,0,32,delayed
11,1500,1,-41.5966295305209,7.759500026702881,-18.64609909057617,0.0790734966236927,2.3494863868656117,,,0.0,-1,-1,0,32,delayed
11,1622,4,-2.95343709198543,-17.23717510700226,41.21793079376221,0.6499849243109214,19.31280133726643,,,0.0,-1,-1,0,32,delayed
11,1654,3,-33.42994841816137,-15.010937372843424,-14.667678515116373,0.539434933284348,16.028063592316045,,,0.0,-1,-1,0,32,delayed
11,1668,5,-8.443849199712215,-34.1805980682373,9.408517837524414,0.9973104474749492,29.632777351079774,,,0.0,-1,-1,0,32,delayed
11,1670,4,48.50796099564498,21.50489902496338,-35.705349922180176,1.3881923550785784,41.24693076530502,,,0.0,-1,-1,0,32,delayed
11,1684,1,37.62146284995672,-12.636899948120115,12.8818998336792,0.1702490930776632,5.058558728795803,,,0.0,-1,-1,0,32,delayed
11,1690,4,-39.075610174714555,19.170121431350708,6.600296974182131,1.006055727297479,29.892623149857926,,,0.0,-1,-1,0,32,delayed
11,1732,4,60.781997234810035,48.66314888000488,42.589698791503906,1.5148029613255556,45.00887261069627,,,0.0,-1,-1,0,32,delayed
11,1748,2,50.808160352551134,-47.22209930419922,41.92460060119629,0.3494541671824632,10.383223756196585,,,0.0,-1,-1,0,32,delayed
11,1850,2,-16.74141984059565,5.639493942260742,6.969693422317505,1.2074866478795538,35.87767789017897,,,0.0,-1,-1,0,32,delayed
11,1922,1,-11.418446487388968,-24.63641166687012,8.863587379455566,0.3845334885652632,11.42552479976366,,,0.0,-1,-1,0,32,delayed
11,2004,4,-29.50886867540499,8.147475004196167,17.011062383651733,1.8999295960673468,56.452021379636435,,,0.0,-1,-1,0,32,delayed
11,2020,6,38.57405801990442,-29.4860995610555,10.272099177042643,2.555489423765961,75.93046809970173,0.5948874950408936,56.42130661010742,56.42130661010742,0,8,1,32,delayed
11,2110,5,10.487308376869702,-18.30687713623047,-38.0964973449707,1.1521623127456293,34.23384300479211,,,0.0,-1,-1,0,32,delayed
11,2122,3,-8.647924241812419,21.865162531534832,-16.01635487874349,0.897665772818875,26.672065903826645,,,0.0,-1,-1,0,32,delayed
11,2126,1,-4.410020090731647,-54.89846420288086,64.34400939941406,0.1648931872301092,4.899420352279496,,,0.0,-1,-1,0,32,delayed
11,2198,3,16.712550103348775,-2.0045371055603023,20.3025541305542,0.3883135454282024,11.537840462030616,,,0.0,-1,-1,0,32,delayed
11,2238,3,-20.614012784597662,21.966774622599285,19.2587153116862,0.5077306051483337,15.08604268087494,,,0.0,-1,-1,0,32,delayed
11,2276,2,37.13991154010249,54.31650161743164,-34.8302001953125,0.5470941515520475,16.25563957949707,,,0.0,-1,-1,0,32,delayed
11,2340,1,-28.35680732304596,31.619962692260746,59.30033874511719,0.5771855842826978,17.14973702782923,,,0.0,-1,-1,0,32,delayed
11,2384,3,-28.60508412392021,9.117412408192953,52.05813725789388,1.0545391321264268,31.333195585608486,,,0.0,-1,-1,0,32,delayed
11,2518,2,-7.419333019592479,-25.02438735961914,61.04622459411621,0.477138432942079,14.17706691513515,,,0.0,-1,-1,0,32,delayed
11,2636,4,0.1556541170100414,19.731300354003906,13.745399475097656,1.524628700381677,45.300821761030605,,,0.0,-1,-1,0,32,delayed
11,2800,2,-35.33055353806532,-11.98565673828125,-8.189043998718262,0.6383927386035714,18.968366303072216,,,0.0,-1,-1,0,32,delayed
11,2810,2,-12.252772800534153,-2.7851061820983887,12.34591817855835,0.3581019403029541,10.640172368447633,,,0.0,-1,-1,0,32,delayed
11,2812,3,-13.546252680409443,-41.31009991963705,-25.577166080474854,0.43825525830583995,13.02174315449866,,,0.0,-1,-1,0,32,delayed
11,2836,1,36.72744945995032,-53.4296989440918,25.297100067138672,0.3783406098190855,11.24151770597221,,,0.0,-1,-1,0,32,delayed
11,2858,1,51.734102792200616,58.30709838867188,48.79729843139648,0.1905605167285017,5.662065787458067,,,0.0,-1,-1,0,32,delayed
11,2860,2,-36.54124185929463,16.336518168449402,3.8104686737060547,0.3120128035483272,9.270740080626716,,,0.0,-1,-1,0,32,delayed
11,2874,4,-1.9343908520080992,-15.269587993621826,44.10003066062927,1.2140335903415618,36.07220516982214,,,0.0,-1,-1,0,32,delayed
11,3034,2,9.166252812773557,3.0068063735961905,20.82594394683838,0.7528816927190041,22.370141241909224,,,0.0,-1,-1,0,32,delayed
11,3058,6,-2.0735993277329676,-8.456931591033936,-11.328322410583496,1.291220445840053,38.3656343715394,,,0.0,-1,-1,0,32,delayed
11,3076,2,5.45188522655689,34.36349964141846,-46.80200004577637,0.3658955872233032,10.871742592672557,,,0.0,-1,-1,0,32,delayed
11,3110,1,19.081418401729547,-43.67490005493164,15.5423002243042,0.4955275509463657,14.723457099739573,,,0.0,-1,-1,0,32,delayed
11,3332,8,-32.169047569404356,27.192890167236328,-2.3694190979003906,3.4838080103562934,103.51331159336857,,,0.0,-1,-1,0,32,delayed
11,3388,2,12.60660791181605,36.15095615386963,44.12774467468262,0.3910115796783531,11.618006320538086,,,0.0,-1,-1,0,32,delayed
11,3416,2,-39.57450157538778,-19.010775566101074,31.754111766815186,0.2347749104878461,6.975794415590715,,,0.0,-1,-1,0,32,delayed
11,3424,10,-10.713959786205166,-35.51079797744751,11.231999969482422,3.77395189776096,112.13426732185573,,,0.0,-1,-1,0,32,delayed
11,3512,2,-22.09073133059038,9.158981323242188,17.749855041503906,0.69114321497675,20.53572491792224,,,0.0,-1,-1,0,32,delayed
11,3526,6,-5.9861783223395735,32.47904968261719,52.17822519938151,1.7746432386574362,52.72942653100587,,,0.0,-1,-1,0,32,delayed
11,3606,3,-18.125530477535037,-26.234500249226887,25.13376744588216,1.178860245433182,35.027110434274476,,,0.0,-1,-1,0,32,delayed
11,3626,1,-55.24629825294005,-59.637298583984375,-4.457300186157227,0.5404295170245591,16.057615351856214,,,0.0,-1,-1,0,32,delayed
11,3630,3,12.88106414617849,-3.6210998296737666,-15.231166203816732,0.7307432147096706,21.71234748129705,,,0.0,-1,-1,0,32,delayed
11,3734,2,-12.057027480250683,38.5757999420166,-51.236000061035156,1.0810716657742534,32.12154856449957,,,0.0,-1,-1,0,32,delayed
11,3824,2,-1.5804879573327426,33.65683174133301,19.907018184661865,1.4636957175793408,43.490338859452294,,,0.0,-1,-1,0,32,delayed
11,3874,6,12.395536479929753,7.034356594085693,12.963360468546549,1.9963819156981604,59.31787936784013,,,0.0,-1,-1,0,32,delayed
11,3890,3,6.745365106432179,-42.78810056050619,-0.7312329610188802,0.8114399073833778,24.110063391145218,,,0.0,-1,-1,0,32,delayed
11,3898,1,-34.87556458065135,-15.297300338745115,-35.05189895629883,0.0824576235786867,2.4500379060430384,,,0.0,-1,-1,0,32,delayed
11,3908,1,-33.32177454254579,-12.22121238708496,42.61741256713867,0.4669206532030006,13.873469181052364,,,0.0,-1,-1,0,32,delayed
11,3920,5,-27.02321927404815,18.97197723388672,49.91134185791016,1.5086912721454024,44.82727787740835,,,0.0,-1,-1,0,32,delayed
11,3924,7,-3.1908271593955106,-7.240880148751395,12.975476741790771,1.7416486230920636,51.749067707623844,,,0.0,-1,-1,0,32,delayed
11,3928,1,40.83033233908684,-37.91070175170898,45.250099182128906,0.3280390122957801,9.746921872161716,,,0.0,-1,-1,0,32,delayed
11,3954,3,-21.230510627845412,11.602300008138021,-10.649365743001303,1.135577750123423,33.741071016999186,,,0.0,-1,-1,0,32,delayed
11,3990,4,-3.7735246090824113,25.585565328598022,45.7004280090332,1.8387216020920896,54.63336715600205,,,0.0,-1,-1,0,32,delayed
11,4046,1,35.45028747422689,-23.278499603271484,-49.240699768066406,0.2492920510104401,7.407137728968742,,,0.0,-1,-1,0,32,delayed
11,4106,1,-55.56558874937091,-51.79466247558594,59.68831253051758,0.1107616224139112,3.291025883009453,,,0.0,-1,-1,0,32,delayed
11,4160,3,34.09155915425711,22.391700744628906,-26.463965892791748,1.4790337336790418,43.94607259536218,,,0.0,-1,-1,0,32,delayed
11,4196,6,-22.053480772673442,-4.203062375386557,34.79325040181478,1.8459941833794205,54.84945511798093,,,0.0,-1,-1,0,32,delayed
11,4222,1,37.07866900602426,-8.202899932861328,41.70289993286133,0.1627680236342689,4.8362760226180574,,,0.0,-1,-1,0,32,delayed
11,4286,2,-29.40927028648992,-41.90130043029785,-52.344499588012695,0.3918617504426856,11.643267181921468,,,0.0,-1,-1,0,32,delayed
11,4354,3,-9.090406545060345,-3.2885497411092124,41.68442471822103,0.5634356886515034,16.741190624980074,,,0.0,-1,-1,0,32,delayed
11,4384,3,-29.203873732207786,39.48107401529948,21.620575269063313,0.6824222705092269,20.276602188032527,0.353114515542984,130.84024047851562,130.84024047851562,5,6,1,32,delayed
11,4492,2,-44.2042137736352,51.254268646240234,15.643706321716309,1.0915371080358731,32.432505018635126,,,0.0,-1,-1,0,32,delayed
11,4526,5,-36.10274053974379,7.044517898559571,5.552702331542969,1.1696081386325343,34.752205442006364,,,0.0,-1,-1,0,32,delayed
11,4536,4,3.2254318513405913,-44.166797161102295,19.747671842575073,0.7818393113711142,23.23055002265351,,,0.0,-1,-1,0,32,delayed
11,4810,4,-29.735765316723047,30.18584156036377,30.139859676361084,1.5723221650802943,46.717922949626356,,,0.0,-1,-1,0,32,delayed
11,4824,1,12.679643948290856,5.985899925231934,-22.636699676513672,0.1432621803860666,4.256704925691831,,,0.0,-1,-1,0,32,delayed
11,4992,1,-26.568780543033157,-54.12251281738281,3.819912433624268,0.3154044256705298,9.37151430139286,,,0.0,-1,-1,0,32,delayed
11,5090,2,-27.821995741524272,28.820999145507812,-62.986101150512695,0.7732124864906339,22.974223838988966,,,0.0,-1,-1,0,32,delayed
11,5124,2,-34.577605306244855,9.824081182479858,20.133131980895996,0.2810924077547215,8.352011908793141,,,0.0,-1,-1,0,32,delayed
11,5144,2,-33.21525399921089,47.22209930419922,-44.36330032348633,1.3465183757467305,40.00868468656314,,,0.0,-1,-1,0,32,delayed
11,5150,1,-21.58784879871178,-51.40668869018555,56.584510803222656,0.0828789499298718,2.462556645807994,,,0.0,-1,-1,0,32,delayed
11,5258,1,-20.853480656920805,26.5762882232666,36.0218391418457,0.1449845366117705,4.307880764353453,,,0.0,-1,-1,0,32,delayed
11,5424,7,-9.963496877208103,14.022524731499809,30.247022083827428,2.0699077598263482,61.50253006925125,,,0.0,-1,-1,0,32,delayed
11,5458,2,-8.480973920225079,-0.1939868927001953,7.893650054931641,0.2334611442751805,6.9367588858117415,,,0.0,-1,-1,0,32,delayed
11,5500,5,-42.80040892878,48.22529220581055,15.847137260437012,2.3842389005403817,70.84215418616782,,,0.0,-1,-1,0,32,delayed
11,5574,2,-26.89605330187478,18.401099622249603,-16.429100036621094,0.4879261716447927,14.49759966389809,,,0.0,-1,-1,0,32,delayed
11,5644,2,-9.06248340143353,-60.0806999206543,-2.438699722290039,0.4470467652372246,13.28296248508703,,,0.0,-1,-1,0,32,delayed
11,5646,2,-48.700843076107475,-37.467299461364746,-53.009599685668945,0.3368544820280802,10.008853202053853,,,0.0,-1,-1,0,32,delayed
11,5852,5,-38.2217832099615,27.58502197265625,42.46222267150879,1.6987289024505454,50.47380730203925,,,0.0,-1,-1,0,32,delayed
11,5874,4,27.001840441033828,22.02450978755951,37.80236625671387,1.1980797694129746,35.59817421519534,,,0.0,-1,-1,0,32,delayed
11,5898,5,31.27888332156034,8.540992927551269,31.443732261657715,1.3556243596610034,40.27924797463192,,,0.0,-1,-1,0,32,delayed
11,6008,2,-17.04474581220497,10.198199272155762,-37.93400001525879,0.2549965366920684,7.5766333504516,,,0.0,-1,-1,0,32,delayed
11,6036,4,-47.2467635347431,7.925775051116943,-3.644194602966307,0.6206365578666757,18.440782388039406,,,0.0,-1,-1,0,32,delayed
11,6138,6,1.649667564892764,19.800581256548565,9.223643779754639,2.6153132347023615,77.7079945201456,,,0.0,-1,-1,0,32,delayed
11,6162,1,-59.939868550473655,54.7598991394043,-31.94809913635254,0.3352140014946561,9.960110110553288,,,0.0,-1,-1,0,32,delayed
11,6196,3,-52.590865624290096,4.655700206756592,-38.89469909667969,1.898707732714079,56.41571653113866,,,0.0,-1,-1,0,32,delayed
11,6210,3,-47.17357020151321,14.096424460411072,33.90939076741536,1.2553170336191113,37.29884737138223,,,0.0,-1,-1,0,32,delayed
12,24,1,-46.2901998280545,-15.297300338745115,-35.05189895629883,0.05079160041558,1.5091551384331616,,,0.0,-1,-1,0,32,delayed
12,154,3,-33.59491517465065,1.4872376124064115,33.69398752848307,0.6870645568668301,20.4145370090134,,,0.0,-1,-1,0,32,delayed
12,162,2,-26.32931267071001,40.155412673950195,35.63386154174805,0.3132696282014616,9.308083723431192,,,0.0,-1,-1,0,32,delayed
12,204,3,16.14847022632093,11.897900263468424,-29.435500462849934,0.72196071348931,21.451395734619332,,,0.0,-1,-1,0,32,delayed
12,402,6,44.372314581071436,-42.19689989089966,20.338033040364582,2.212390976758102,65.73608989437314,,,0.0,-1,-1,0,32,delayed
12,420,2,9.462792196749966,7.316099762916565,-47.245399475097656,0.6943751281881031,20.631753757139276,,,0.0,-1,-1,0,32,delayed
12,476,3,-37.02371021314715,-26.94578806559245,1.6457462310791016,0.7450501039930979,22.13744366453242,,,0.0,-1,-1,0,32,delayed
12,486,5,-21.38039966229261,-16.982219696044922,-16.410459899902342,1.6577910863440601,49.25743461388149,,,0.0,-1,-1,0,32,delayed
12,560,7,-34.90143772879802,-15.598178250449044,11.006628581455775,2.6478186090018743,78.67381666887546,,,0.0,-1,-1,0,32,delayed
12,586,2,-15.920442487064058,8.535450458526611,11.579412102699278,0.9080542249104152,26.980734772813594,,,0.0,-1,-1,0,32,delayed
12,710,2,-47.1283373811855,19.73129940032959,-49.240699768066406,0.6064012038694735,18.01781171067317,,,0.0,-1,-1,0,32,delayed
12,762,2,-10.241242673019752,-4.198442459106445,31.01973152160645,0.3310899706844207,9.837574056611304,,,0.0,-1,-1,0,32,delayed
12,782,1,-44.56603114732787,45.58706283569336,20.1148624420166,0.1136404284388693,3.376562957438501,,,0.0,-1,-1,0,32,delayed
12,784,5,-21.16438257751758,2.926439762115479,-15.656679725646972,2.1777229318148192,64.70600898064909,,,0.0,-1,-1,0,32,delayed
12,788,2,9.701064394295244,7.052830696105957,16.4983811378479,0.46324290841193577,13.764193485782508,,,0.0,-1,-1,0,32,delayed
12,926,3,-42.67515199997333,-45.68867492675781,6.307741800944011,0.7203361142630138,21.403124519493225,,,0.0,-1,-1,0,32,delayed
12,928,6,22.017695294115573,-14.927799860636393,-5.799679438273112,1.1236508966122827,33.38669210169815,,,0.0,-1,-1,0,32,delayed
12,1056,4,-21.7727486167635,31.038000226020813,16.23511242866516,0.8104360764085152,24.08023687137745,,,0.0,-1,-1,0,32,delayed
12,1066,5,6.97830582109458,-39.506939601898196,-48.9746597290039,1.5335210151229115,45.56503636294306,,,0.0,-1,-1,0,32,delayed
12,1136,4,-1.6329705003916875,4.6141308061778545,6.276881694793701,1.5355774485802491,45.626138535223404,0.7062472701072693,53.01139831542969,53.01139831542969,4,14,1,32,delayed
12,1152,8,-8.738491828582244,25.758768916130066,30.57050633430481,4.4774413275117695,133.03683150678316,,,0.0,-1,-1,0,32,delayed
12,1210,3,-8.377324436364766,5.699536959330241,0.1862208048502604,0.6891285405359622,20.47586351840524,,,0.0,-1,-1,0,32,delayed
12,1228,2,38.27600836763998,58.7504997253418,9.556399822235107,0.7223762373284197,21.46374206613483,,,0.0,-1,-1,0,32,delayed
12,1272,5,-25.360762013726564,-4.367489790916443,-10.679515075683593,1.4939518347222238,44.389329524869716,,,0.0,-1,-1,0,32,delayed
12,1274,1,-15.233967919737712,-45.58706283569336,18.950937271118164,0.5264947221719786,15.643575095539877,,,0.0,-1,-1,0,32,delayed
12,1290,3,-11.160473263587072,0.6096757253011074,5.47636604309082,0.8810133795039584,26.177278483607694,,,0.0,-1,-1,0,32,delayed
12,1314,1,-26.121773848029957,60.52410125732422,-7.117700099945068,0.5670431599574188,16.848378305886513,,,0.0,-1,-1,0,32,delayed
12,1340,4,-11.747804757443074,11.195849895477293,0.4273374080657959,1.4101693083953424,41.89992519260654,,,0.0,-1,-1,0,32,delayed
12,1412,1,32.571441875933274,-17.957700729370117,18.202699661254883,0.4076800739585745,12.11327214376707,,,0.0,-1,-1,0,32,delayed
12,1548,14,-28.963674771878214,-6.344182695661273,34.72195952279227,3.833523323991507,113.90429471347232,,,0.0,-1,-1,0,32,delayed
12,1574,2,-46.70527747341462,-15.297300338745115,-35.05189895629883,0.1656989640378655,4.923362149740218,,,0.0,-1,-1,0,32,delayed
12,1586,2,-17.196408798009625,-23.957456350326535,34.34523153305054,0.2147086147241691,6.379570766142894,,,0.0,-1,-1,0,32,delayed
12,1594,4,48.472040814796514,-34.36349964141846,-30.617900848388672,1.7340897347164768,51.52447279154475,,,0.0,-1,-1,0,32,delayed
12,1598,5,-16.839042576962633,-19.010774326324462,4.848805236816408,2.1850460392623456,64.9235982108231,,,0.0,-1,-1,0,32,delayed
12,1646,4,-29.14507789832596,-0.9907221794128418,-6.655721426010132,0.5052031726742627,15.010945860257394,,,0.0,-1,-1,0,32,delayed
12,1674,1,-35.88132964440855,53.73453903198242,5.371812343597412,0.1990848620811375,5.915347028557981,,,0.0,-1,-1,0,32,delayed
12,1750,2,-58.21569986974703,11.639249801635742,21.8607497215271,0.24365119338449429,7.239532668255697,,,0.0,-1,-1,0,32,delayed
12,1788,3,-35.14879559061416,15.001699447631836,1.023891846338908,0.3115673625614289,9.25750483013754,,,0.0,-1,-1,0,32,delayed
12,1820,1,27.478758457861097,25.495500564575195,10.221500396728516,0.1717859416489002,5.1042226358059954,,,0.0,-1,-1,0,32,delayed
12,1866,1,-37.68532094924289,49.46681213378906,16.62308692932129,0.0848392854104087,2.520803488579216,,,0.0,-1,-1,0,32,delayed
12,1886,5,-19.9089487436575,-1.3412853240966798,32.40258502960205,0.684268350714937,20.331454199105462,,,0.0,-1,-1,0,32,delayed
12,1898,2,-8.576761069154337,-22.61340045928955,-22.63670063018799,0.9506862208550015,28.247446103329157,,,0.0,-1,-1,0,32,delayed
12,1900,2,-38.40909126341514,5.944331407546997,-8.60473108291626,0.48358152667799886,14.368508569649102,,,0.0,-1,-1,0,32,delayed
12,1982,16,1.403908428450955,15.513804376125336,7.815553605556488,7.907756788499954,234.96073549955938,,,0.0,-1,-1,0,32,delayed
12,1986,7,-30.080595649039793,-21.508858953203475,1.2370766230991908,2.720283906032864,80.82695566189007,,,0.0,-1,-1,0,32,delayed
12,2042,14,-2.212365790860317,-19.3354069846017,0.390042849949428,5.845078181072853,173.6730030031465,,,0.0,-1,-1,0,32,delayed
12,2084,1,26.99982271321481,-41.90129852294922,-10.221500396728516,0.1741313326049098,5.17391051301277,,,0.0,-1,-1,0,32,delayed
12,2116,1,-38.45161814067695,-36.27566146850586,52.31678771972656,0.0848441914524874,2.5209492602924914,,,0.0,-1,-1,0,32,delayed
12,2192,3,21.517872074633186,12.341299692789713,-22.916767120361328,0.7007705461266474,20.821778835408345,,,0.0,-1,-1,0,32,delayed
12,2236,1,-29.1550335641231,50.24276351928711,4.207887649536133,0.2691924392808469,7.998431820302138,,,0.0,-1,-1,0,32,delayed
12,2352,2,-38.17760565350277,-45.21294403076172,-13.814681053161621,0.7780646553306093,23.118394833355744,,,0.0,-1,-1,0,32,delayed
12,2464,4,9.754324665962693,13.655334234237671,-8.803441047668457,1.410133703263961,41.89886726833286,,,0.0,-1,-1,0,32,delayed
12,2694,1,-43.59219513321376,-15.297300338745115,-35.05189895629883,0.0507916004166072,1.5091551384636828,,,0.0,-1,-1,0,32,delayed
12,2696,7,-16.1127640892677,24.042572566441127,5.558965955461773,2.1097342464401896,62.68588216737851,,,0.0,-1,-1,0,32,delayed
12,2714,3,-31.664951381382597,-37.40263684590658,-22.09462896982829,0.32557927265686193,9.67383638785116,,,0.0,-1,-1,0,32,delayed
12,2728,2,-14.410599216650393,-3.1038002967834455,-21.08479952812195,0.5141446759835542,15.276621986902835,,,0.0,-1,-1,0,32,delayed
12,2760,1,33.65702956379819,42.78810119628906,28.40089988708496,0.8900119681221322,26.44465076840771,,,0.0,-1,-1,0,32,delayed
12,2766,2,-22.912904358899834,-48.10890007019043,21.666762351989746,0.3101138416533661,9.214316812251216,,,0.0,-1,-1,0,32,delayed
12,2896,1,59.44496828100583,-13.080300331115724,14.655500411987305,0.2209730847451504,6.565705029374821,,,0.0,-1,-1,0,32,delayed
12,2916,3,-4.305573490352757,21.800499598185223,-36.086499532063804,0.5542230632216844,16.46745873049134,,,0.0,-1,-1,0,32,delayed
12,2942,5,27.914607715262274,-20.76774730682373,25.20287742614746,2.16496754758453,64.32701218794465,,,0.0,-1,-1,0,32,delayed
12,2974,6,26.999424154955523,-15.237256368001303,1.06840181350708,2.0089937425766577,59.69261068528206,,,0.0,-1,-1,0,32,delayed
12,3066,2,-12.16758347922362,8.202899932861328,-21.08479952812195,0.2782729736068527,8.2682389326137,,,0.0,-1,-1,0,32,delayed
12,3188,6,-10.155978613158476,14.355074961980185,21.123220761617024,1.0167548280730019,30.210522227262103,,,0.0,-1,-1,0,32,delayed
12,3194,3,-10.931648407811624,-17.237174987792972,25.05692521731059,0.8947856984863463,26.58649114456641,,,0.0,-1,-1,0,32,delayed
12,3238,6,-29.04236484637401,28.345269044240315,35.621476332346596,2.1554278308076604,64.04356152926852,,,0.0,-1,-1,0,32,delayed
12,3264,3,-33.94081321245074,-9.440725962320963,8.654066721598307,0.4050048803806253,12.033784943099402,,,0.0,-1,-1,0,32,delayed
12,3270,2,-29.26141854067108,-9.505387902259827,22.248725414276123,0.24578546837469362,7.302947721964078,,,0.0,-1,-1,0,32,delayed
12,3370,5,-5.214297784801919,-20.57930221557617,-16.216472148895264,1.8265830339110216,54.27269762809204,,,0.0,-1,-1,0,32,delayed
12,3378,3,24.338271459772418,-8.794099966684978,-5.032965977986653,0.7461210142025896,22.169263288884302,,,0.0,-1,-1,0,32,delayed
12,3468,1,-19.001595777621837,52.958587646484375,56.196537017822266,0.187339896950807,5.566372506547854,,,0.0,-1,-1,0,32,delayed
12,3508,2,6.0345903825432075,7.662506341934204,28.054492950439453,0.19550948234968318,5.8091128746934615,,,0.0,-1,-1,0,32,delayed
12,3510,3,31.136378352133047,-18.548899968465168,50.42310078938802,1.1646769589003372,34.60568682139799,,,0.0,-1,-1,0,32,delayed
12,3546,5,-36.88452398608824,-27.091739654541016,-32.11613998413086,1.2289375050437947,36.51504058496186,,,0.0,-1,-1,0,32,delayed
12,3620,5,14.1106875551879,17.397907638549803,32.13100318908691,1.972413818372072,58.605722693465346,,,0.0,-1,-1,0,32,delayed
12,3718,1,49.37135311861228,50.32590103149414,-42.58969879150391,0.2146879471271489,6.3789566762148935,,,0.0,-1,-1,0,32,delayed
12,3770,1,-2.8774257078635315,-6.40158748626709,36.409812927246094,0.3014191976138995,8.955975538858631,,,0.0,-1,-1,0,32,delayed
12,3794,1,-34.17312548850346,-15.297300338745115,-35.05189895629883,0.0507916004166072,1.5091551384636828,,,0.0,-1,-1,0,32,delayed
12,3800,1,-33.71015426867872,-15.297300338745115,-35.05189895629883,0.0507916004166072,1.5091551384636828,,,0.0,-1,-1,0,32,delayed
12,3820,2,-42.913702828298184,-3.0899438858032218,-0.2909812927246094,0.18058703075085492,5.365726678469493,,,0.0,-1,-1,0,32,delayed
12,3832,3,-12.785276997249229,-4.655699412027995,-18.778366565704346,0.8392535549772245,24.93648171309963,,,0.0,-1,-1,0,32,delayed
12,3838,4,-53.73765065730425,-48.44145059585571,-37.04719924926758,1.1110126641494829,33.011176203284045,,,0.0,-1,-1,0,32,delayed
12,3842,3,12.910452369164366,-0.25864966710408527,12.586300055185953,1.1147583174094557,33.12246964192006,,,0.0,-1,-1,0,32,delayed
12,3862,6,20.200798776855898,22.594924767812092,-8.969612916310629,3.009523500753165,89.42104242109701,,,0.0,-1,-1,0,32,delayed
12,3924,1,26.680532216783952,50.32590103149414,4.013899803161621,0.2598043340673659,7.719485949190544,,,0.0,-1,-1,0,32,delayed
12,3962,6,-8.926311643640387,-22.262375354766846,40.55744957923889,1.3681588600392054,40.651681713649396,,,0.0,-1,-1,0,32,delayed
12,3992,4,-24.806008332856642,13.960171699523924,2.00443434715271,1.0254637141496057,30.46928666990612,,,0.0,-1,-1,0,32,delayed
12,4030,4,-29.57141899208719,8.729437172412872,51.734825134277344,0.7839884937178241,23.294408014042418,0.38778287172317505,95.54219818115234,156.32760620117188,4,11,2,32,delayed
12,4140,3,-6.500575725835187,-33.190338134765625,-16.256529013315838,0.7513018807771619,22.323200777535554,,,0.0,-1,-1,0,32,delayed
12,4180,1,-33.4015971666535,31.703100204467773,-28.40089988708496,0.4425386822348033,13.149015206955966,,,0.0,-1,-1,0,32,delayed
12,4206,3,24.850879964200427,-8.027387777964273,31.29517936706543,1.0006867959891343,29.733097751847474,,,0.0,-1,-1,0,32,delayed
12,4222,3,-8.102349716263321,12.341299374898275,-6.806566874186198,0.4743476353393943,14.09414480777965,,,0.0,-1,-1,0,32,delayed
12,4266,2,-32.494234817033515,-26.28530597686768,6.249168395996092,0.8206795804803887,24.38459894461676,,,0.0,-1,-1,0,32,delayed
12,4312,8,-24.486119999036852,12.467160522937775,24.401010990142822,2.1748781373385655,64.62148248086373,0.6548200249671936,52.416839599609375,52.416839599609375,5,6,1,32,delayed
12,4334,3,2.9787742200260645,15.352724711100258,-3.871983210245768,1.6808172286501541,49.94160326962788,,,0.0,-1,-1,0,32,delayed
12,4350,4,-13.403526370289216,-28.301389887928963,11.643971681594849,0.9138786907278773,27.15379532702199,,,0.0,-1,-1,0,32,delayed
12,4436,3,8.049134633524845,36.13710085550944,30.602367401123047,1.057888970891746,31.432728310394484,,,0.0,-1,-1,0,32,delayed
12,4494,1,-59.87601045118748,-45.44850158691406,-45.250099182128906,0.3614934351237913,10.740942806747622,,,0.0,-1,-1,0,32,delayed
12,4736,2,-4.321019529435299,-36.13710021972656,-9.533099174499512,0.4102067639858242,12.188346904291494,,,0.0,-1,-1,0,32,delayed
12,4766,3,-7.642956294573792,-20.313262939453125,3.4903043111165366,0.508682311216712,15.114320429392798,,,0.0,-1,-1,0,32,delayed
12,4774,3,9.68641547173128,-24.765737255414326,-4.9313538869222,0.9661492920230933,28.706895561868475,,,0.0,-1,-1,0,32,delayed
12,4782,6,-8.012801119606204,15.860787034034729,11.674729029337565,2.289615176649669,68.0306286985097,,,0.0,-1,-1,0,32,delayed
12,4944,5,-1.99952075565433,-5.492617797851563,1.661867332458496,1.7784792925578528,52.84340601595522,,,0.0,-1,-1,0,32,delayed
12,5036,10,17.178324707664338,18.38724341392517,-20.42423610687256,3.3739344724268427,100.24867309040073,,,0.0,-1,-1,0,32,delayed
12,5064,2,-11.925500041692523,-5.972043991088867,46.51101875305176,0.3982713984980436,11.833715075257086,,,0.0,-1,-1,0,32,delayed
12,5096,3,-61.79707493804648,-54.76913706461588,11.320762634277344,0.6318556760048981,18.77413258075736,,,0.0,-1,-1,0,32,delayed
12,5112,1,-57.65694150099303,-36.13710021972656,-9.334699630737305,0.7508234962481136,22.308986685751616,,,0.0,-1,-1,0,32,delayed
12,5238,7,-26.181476337489993,1.682544776371547,27.202605383736746,1.8313435390659132,54.41414504769018,,,0.0,-1,-1,0,32,delayed
12,5390,4,-7.441374186831883,28.95263421535492,-11.563040375709534,2.0946559621107554,62.237865761352005,,,0.0,-1,-1,0,32,delayed
12,5414,12,6.74524838550688,17.5651064068079,8.846583088239035,3.697847583264199,109.8730033266285,,,0.0,-1,-1,0,32,delayed
12,5448,1,-19.46456699744657,-23.860462188720703,18.56296157836914,0.1804715743187297,5.362296157155311,,,0.0,-1,-1,0,32,delayed
12,5514,2,29.809579081806355,3.103800058364868,-11.995100021362305,0.8180053601268348,24.305140661065007,,,0.0,-1,-1,0,32,delayed
12,5522,3,-16.967982500493466,5.838099797566733,3.096033732096354,0.5572037096884307,16.556021758518384,,,0.0,-1,-1,0,32,delayed
12,5584,4,9.852017434884859,43.25228363275528,-35.42129611968994,1.5192679384306755,45.141539096612156,,,0.0,-1,-1,0,32,delayed
12,5586,4,-39.81926836152028,-11.944087982177734,4.392431259155273,2.0636424114172205,61.31636970674358,,,0.0,-1,-1,0,32,delayed
12,5780,6,-36.07926242201892,-8.152093331019085,-13.146639823913574,1.301878549389579,38.6823153110277,,,0.0,-1,-1,0,32,delayed
12,5814,2,11.409268550200336,-37.45344352722168,22.183855056762695,0.3095215576267436,9.196718459868626,,,0.0,-1,-1,0,32,delayed
12,5952,7,5.310636593564786,4.077696663992743,42.6226316179548,2.1858023321119218,64.94606970671532,,,0.0,-1,-1,0,32,delayed
12,6078,2,-30.77006613630688,-33.35199451446533,-12.706180572509766,0.38969562694963217,11.57890582348277,,,0.0,-1,-1,0,32,delayed
12,6142,2,-32.23880241988882,-7.108255386352541,-21.435618400573734,0.4937298605539647,14.67004288024647,,,0.0,-1,-1,0,32,delayed
13,32,4,-42.45472273967883,-7.586297035217283,-25.15381669998169,1.1297225614582809,33.56709760430506,,,0.0,-1,-1,0,32,delayed
13,148,9,-26.939531985859052,-5.049833244747585,4.281650013393826,2.343548991483797,69.63314748362875,,,0.0,-1,-1,0,32,delayed
13,156,1,12.472105125610796,-47.66550064086914,-42.58969879150391,0.2984432685252589,8.8675526768305,,,0.0,-1,-1,0,32,delayed
13,194,2,34.585587568655626,28.37760019302368,37.047200202941895,0.869470616868882,25.83431194189785,,,0.0,-1,-1,0,32,delayed
13,388,3,-30.831308670385102,24.50708834330241,53.35138702392578,1.3448142464376873,39.95805041864769,,,0.0,-1,-1,0,32,delayed
13,424,1,-21.76345857174875,3.2977874279022217,15.847137451171877,0.3046843830298858,9.052992984817298,,,0.0,-1,-1,0,32,delayed
13,508,3,-30.3132882798253,-26.105174760023754,17.522066752115887,0.3843409635806375,11.419804364348215,,,0.0,-1,-1,0,32,delayed
13,516,3,-31.125735335585357,9.237500508626303,-34.460699717203774,1.0009931645028525,29.742200784887363,,,0.0,-1,-1,0,32,delayed
13,584,3,25.700577577877414,0.6004365285237631,25.989912033081055,0.6907909243341939,20.525257414849186,,,0.0,-1,-1,0,32,delayed
13,594,4,6.387117711221125,21.484115600585938,16.521372318267822,1.1884249438349581,35.31130336425697,,,0.0,-1,-1,0,32,delayed
13,718,5,-16.140274659690203,8.075423073768615,1.284977340698242,1.8187813723314765,54.040889266773405,,,0.0,-1,-1,0,32,delayed
13,760,5,15.549108971381974,-0.6817277908325196,37.70852279663087,1.3752016767501738,40.860942751723336,,,0.0,-1,-1,0,32,delayed
13,804,3,-22.56875003123837,-0.7020501295725499,14.658442815144857,0.4110822200187817,12.2143590590533,,,0.0,-1,-1,0,32,delayed
13,960,11,-31.616489145492856,-14.496156909249045,-15.283500497991389,3.6251764729602622,107.71374906739099,,,0.0,-1,-1,0,32,delayed
13,1090,3,4.717870454096236,24.303861618041992,43.20861307779948,1.3891292912235926,41.27476965965098,,,0.0,-1,-1,0,32,delayed
13,1102,2,47.240089054936306,8.867999792098999,-54.339799880981445,0.8682145652666216,25.796991268515264,,,0.0,-1,-1,0,32,delayed
13,1156,4,-11.684656603371947,-11.750100135803223,10.974150657653809,0.6780282021521781,20.146042591851096,,,0.0,-1,-1,0,32,delayed
13,1168,1,-24.79671828784189,30.06806182861328,12.743337631225586,0.1056936809459917,3.1404437031803054,,,0.0,-1,-1,0,32,delayed
13,1218,2,-27.430864883396467,-46.36301231384277,37.76772499084473,0.24880977141943772,7.392807904411775,,,0.0,-1,-1,0,32,delayed
13,1274,1,-59.36514565689812,48.55229949951172,-11.10830020904541,0.219764065331868,6.529781808899552,,,0.0,-1,-1,0,32,delayed
13,1302,5,9.094155586347982,-5.681062507629394,30.27048854827881,1.4998494016357606,44.564562109371764,,,0.0,-1,-1,0,32,delayed
13,1322,7,-30.96395311137593,27.324525015694753,23.865228380475724,2.9682313353103136,88.19414106053277,,,0.0,-1,-1,0,32,delayed
13,1342,2,-9.60266168015804,-35.48585605621338,23.264643907546997,0.2823514136558263,8.389420362344985,,,0.0,-1,-1,0,32,delayed
13,1428,1,-48.90838189878753,2.9098124504089355,52.31678771972656,0.1194160293097437,3.5481716025786816,,,0.0,-1,-1,0,32,delayed
13,1512,5,2.2389886279774727,12.33760471343994,22.570190048217775,1.5080473108587995,44.80814405455818,,,0.0,-1,-1,0,32,delayed
13,1538,1,51.95760613970222,-55.64670181274414,-16.429100036621094,0.3655143987711649,10.86041645790718,,,0.0,-1,-1,0,32,delayed
13,1570,3,-24.564315633931233,-24.248437722524006,37.18576240539551,0.3173351034659498,9.428879934524659,,,0.0,-1,-1,0,32,delayed
13,1582,6,-22.208277809425052,-11.149662335713705,4.672704299290974,0.9622976733498141,28.592453605629565,,,0.0,-1,-1,0,32,delayed
13,1594,3,-47.67911348752873,-31.9247989654541,10.686316172281899,0.4188396984662805,12.444854620613444,,,0.0,-1,-1,0,32,delayed
13,1608,2,-13.198491004991,5.625637531280515,42.423423767089844,0.2313903385073925,6.875229673509235,,,0.0,-1,-1,0,32,delayed
13,1646,3,-43.469800442915265,22.696537653605144,24.641237258911133,0.6127781844876633,18.20728896653609,,,0.0,-1,-1,0,32,delayed
13,1748,1,-44.9491797430449,-34.33578872680664,11.19143772125244,0.0992382215772789,2.948634632437754,,,0.0,-1,-1,0,32,delayed
13,1760,5,-17.739920046808802,-7.997827243804932,22.87679271697998,1.1998226281244502,35.64995923788545,,,0.0,-1,-1,0,32,delayed
13,1782,3,-0.9006053116088543,25.052100499471027,44.17855008443197,0.4645797932307725,13.803915931567499,,,0.0,-1,-1,0,32,delayed
13,1804,1,-20.614012784597666,11.833237648010254,3.819912433624268,0.1285051412673908,3.818233579410383,,,0.0,-1,-1,0,32,delayed
13,1870,5,44.63627505654266,29.574778747558593,-3.827219581604004,1.5875253840317636,47.1696514994969,,,0.0,-1,-1,0,32,delayed
13,1886,1,-31.9488254078931,26.964262008666992,63.95603561401367,0.1028355025979576,3.055519532545764,,,0.0,-1,-1,0,32,delayed
13,1914,5,-48.03033303360267,3.707933044433594,-20.91474838256836,1.0850969833659099,32.24115158306109,,,0.0,-1,-1,0,32,delayed
13,1916,1,-46.01880290608827,28.516162872314453,50.37691116333008,0.1626291912839549,4.832150939865341,,,0.0,-1,-1,0,32,delayed
13,1988,2,9.913969914178121,29.998781204223633,24.483994007110596,0.9589554844778957,28.49314817976385,,,0.0,-1,-1,0,32,delayed
13,2022,2,-40.06403514765278,-3.7689001560211173,-36.38209915161133,0.21038187392753882,6.2510116529730695,,,0.0,-1,-1,0,32,delayed
13,2026,1,62.701731344600574,-32.14649963378906,59.43889999389648,0.1811789529044599,5.3833142786308645,,,0.0,-1,-1,0,32,delayed
13,2092,4,19.054968157115393,19.239402890205383,9.498459875583649,0.775605419869339,23.045324329519946,,,0.0,-1,-1,0,32,delayed
13,2150,5,-31.579494658116488,12.54822006225586,-10.576219749450683,1.4098996828664254,41.891913892527626,,,0.0,-1,-1,0,32,delayed
13,2248,3,27.851264037030433,-57.12469991048177,23.2278995513916,1.3881012268600914,41.24422310068997,,,0.0,-1,-1,0,32,delayed
13,2430,4,-44.502173048041705,44.194509863853455,-24.3778657913208,1.9466327139523354,57.83969669918318,,,0.0,-1,-1,0,32,delayed
13,2510,1,11.466340061853597,24.608699798583984,25.74049949645996,0.1084145961105411,3.221289415231561,,,0.0,-1,-1,0,32,delayed
13,2536,4,0.07392587290942343,49.79936218261719,23.581130981445312,1.1245516783083191,33.41345675006633,,,0.0,-1,-1,0,32,delayed
13,2728,4,7.768646945673515,-46.224449634552,-46.58030033111572,1.0810555651974707,32.12107017303357,,,0.0,-1,-1,0,32,delayed
13,2734,1,-34.28487716225426,-59.19390106201172,-16.429100036621094,0.3036357698619794,9.02183586557659,,,0.0,-1,-1,0,32,delayed
13,2768,1,-12.82332467168474,13.967100143432615,-42.58969879150391,0.097721458764027,2.9035675273519823,,,0.0,-1,-1,0,32,delayed
13,2786,2,-35.08048783812345,-31.259699821472168,-44.14159965515137,0.3632331346306042,10.792633960965142,,,0.0,-1,-1,0,32,delayed
13,2794,3,-23.109003048513625,-14.25346247355143,12.635429382324219,1.1235508605569244,33.38371976127694,,,0.0,-1,-1,0,32,delayed
13,2974,2,-48.78066570021518,-15.519000053405762,54.64463806152344,0.2993115153540098,8.893350626733966,,,0.0,-1,-1,0,32,delayed
13,3014,6,-25.401182773733627,-14.26731805006663,21.024756113688152,1.8346523169960034,54.5124577445588,,,0.0,-1,-1,0,32,delayed
13,3124,4,15.797427364912146,-45.13673496246338,-14.900190353393555,1.9447186687142899,57.78282526409243,,,0.0,-1,-1,0,32,delayed
13,3246,5,-9.761328810912818,10.71365270614624,4.377692604064942,1.184479628970167,35.19407744201354,,,0.0,-1,-1,0,32,delayed
13,3266,2,-17.748380579130718,12.636899948120117,-19.97629976272583,0.3239724983669814,9.626094799556343,,,0.0,-1,-1,0,32,delayed
13,3274,5,-9.633612612340475,42.8767807006836,-14.2121000289917,3.3028974679634753,98.13797251338353,,,0.0,-1,-1,0,32,delayed
13,3294,2,-22.96758452099737,35.69370079040527,-0.66510009765625,0.9278084151930727,27.567684928483715,,,0.0,-1,-1,0,32,delayed
13,3296,3,-0.964463410895022,-22.816624641418457,28.641075611114502,0.8183309562719545,24.314814998779134,,,0.0,-1,-1,0,32,delayed
13,3304,7,-55.75032110802018,-31.39430264064244,-4.5519608770098,2.497641160250803,74.2116405097257,,,0.0,-1,-1,0,32,delayed
13,3408,1,-21.907139295142635,-33.559837341308594,10.027512550354004,0.1424481128567709,4.232516788582229,,,0.0,-1,-1,0,32,delayed
13,3420,14,-20.406676803407617,12.043060983930316,21.522803442818777,5.702021687008199,169.42240957160575,0.3738180100917816,148.4822235107422,148.4822235107422,4,12,1,32,delayed
13,3512,3,16.920088926028836,-11.777812639872232,7.647178967793782,0.40051275182322044,11.900311714466302,,,0.0,-1,-1,0,32,delayed
13,3556,2,-38.856097958418346,47.52693748474121,36.02183723449707,0.4654504676672394,13.829786012229365,,,0.0,-1,-1,0,32,delayed
13,3560,3,-6.31083551597325,9.533100128173828,-17.743768056233726,1.8205177581546361,54.092481962531814,,,0.0,-1,-1,0,32,delayed
13,3598,1,-60.4028397702984,28.599300384521484,-49.68410110473633,0.2512787020978336,7.466166479240096,,,0.0,-1,-1,0,32,delayed
13,3670,2,-15.631885365498421,13.9670991897583,-39.26420021057129,0.31833380201076866,9.458553955983465,,,0.0,-1,-1,0,32,delayed
13,3764,1,-62.478227997098976,6.40158748626709,34.08196258544922,0.4529940350872191,13.45967187759151,,,0.0,-1,-1,0,32,delayed
13,3824,4,-7.784611470495056,14.008668899536133,0.5542502403259277,1.0093263271066593,29.98980147200956,,,0.0,-1,-1,0,32,delayed
13,3830,6,-15.316924594792383,10.13815701007843,50.79721895853678,1.286658409783144,38.230084002961334,,,0.0,-1,-1,0,32,delayed
13,3842,1,63.26048971335457,-29.042699813842773,-21.30649948120117,0.158999087215313,4.724290778669129,,,0.0,-1,-1,0,32,delayed
13,3862,2,-15.67179667755228,24.165299892425537,-12.415199279785156,1.242826704343563,36.92772607469764,,,0.0,-1,-1,0,32,delayed
13,3876,7,-53.34349184842824,37.495013100760325,52.09508841378348,2.3009937476789593,68.36871666574005,,,0.0,-1,-1,0,32,delayed
13,3952,13,-12.367832396374293,3.4427452087402344,16.87802633872399,4.735257821859807,140.6972533882487,,,0.0,-1,-1,0,32,delayed
13,4006,1,15.585187465811655,-48.1088981628418,19.089500427246094,0.2963541572002808,8.805479557160059,,,0.0,-1,-1,0,32,delayed
13,4022,1,-26.21756099695921,-17.070899963378906,-42.14630126953125,0.2636075356534337,7.8324893034686,,,0.0,-1,-1,0,32,delayed
13,4040,2,-19.15325876342649,-0.1524190902709961,-5.279232025146484,0.612390274725362,18.195763123557416,,,0.0,-1,-1,0,32,delayed
13,4110,8,-17.499323743098362,-11.892126560211182,35.9698760509491,2.2800813010759575,67.74735159769924,,,0.0,-1,-1,0,32,delayed
13,4154,1,24.605143989983382,-49.4390983581543,45.250099182128906,0.2134287296601277,6.341541936470311,,,0.0,-1,-1,0,32,delayed
13,4164,6,-26.85967459902717,-18.77521800994873,-0.18642727533976236,2.637417180070848,78.36476222306416,,,0.0,-1,-1,0,32,delayed
13,4194,4,-35.8441016809561,-29.04270029067993,-58.995500564575195,1.273898940552177,37.85096583389323,,,0.0,-1,-1,0,32,delayed
13,4242,5,-21.903468120267178,3.940718078613281,-11.982001972198486,2.5271717449274003,75.0890736530206,,,0.0,-1,-1,0,32,delayed
13,4288,2,23.701952662788344,-12.415199279785156,-36.382100105285645,0.5775059787419573,17.15925680945771,,,0.0,-1,-1,0,32,delayed
13,4334,2,-2.3228383615344903,12.817030906677246,-4.669556617736816,0.2838510900827089,8.43397978490893,,,0.0,-1,-1,0,32,delayed
13,4368,2,-31.350155727085244,6.42930006980896,-51.014299392700195,0.6896678005457095,20.491886384548526,,,0.0,-1,-1,0,32,delayed
13,4388,2,-58.30350475626551,5.542499542236329,-25.962199211120605,0.2117037134790453,6.290287063375934,,,0.0,-1,-1,0,32,delayed
13,4460,5,8.00961412456625,-4.8164324283599855,3.5906578063964845,1.7419744299111413,51.75874830502823,,,0.0,-1,-1,0,32,delayed
13,4478,1,-21.986961919250348,-25.800336837768555,27.098411560058597,0.101894769029251,3.0275678065222897,,,0.0,-1,-1,0,32,delayed
13,4514,6,31.673452129532365,4.281580924987793,0.7805687586466478,2.061774110751973,61.26085746601823,,,0.0,-1,-1,0,32,delayed
13,4520,2,-10.267805025460016,7.717931509017944,-14.53520679473877,0.646540048099495,19.210444794192313,,,0.0,-1,-1,0,32,delayed
13,4720,1,40.23964492068976,-60.52410125732422,-17.759300231933594,0.4231832008474867,12.5739117655697,,,0.0,-1,-1,0,32,delayed
13,4764,12,0.8204067237063354,7.276841004689534,-3.577221870422362,4.027349287575521,119.66338571496098,,,0.0,-1,-1,0,32,delayed
13,4768,7,7.943997151406543,23.468528747558594,-17.372585909707205,2.5358620604202695,75.34728631364484,,,0.0,-1,-1,0,32,delayed
13,4780,1,-14.866783848842228,24.248437881469727,34.857913970947266,0.0841447087863322,2.5001657478369688,,,0.0,-1,-1,0,32,delayed
13,4988,6,-36.61395407606089,45.65172513326009,41.32416303952535,1.6657628773752373,49.49429797905961,,,0.0,-1,-1,0,32,delayed
13,5014,3,-49.37667462688612,-6.761849721272786,28.625542004903156,0.7483194979407086,22.234586157291623,,,0.0,-1,-1,0,32,delayed
13,5048,1,33.784745762370534,31.703100204467773,63.87289810180664,0.2562805239175913,7.61478406638151,,,0.0,-1,-1,0,32,delayed
13,5208,1,-57.3855445790268,-49.88249969482422,-43.919898986816406,0.2077638500648398,6.173223118400315,,,0.0,-1,-1,0,32,delayed
13,5350,2,-36.495963850037946,24.567131519317627,21.407907485961914,0.431951773188287,12.834449647750361,,,0.0,-1,-1,0,32,delayed
13,5364,3,-22.997251374762822,-18.927638053894043,-3.7703704833984375,0.5530573795167913,16.432823130537162,,,0.0,-1,-1,0,32,delayed
13,5418,4,-45.731441459300505,15.927759170532225,-29.490821838378906,1.7835709618995188,52.9946932147697,,,0.0,-1,-1,0,32,delayed
13,5496,2,56.84275073509434,-25.938899993896484,-36.82550048828125,0.3904101589686929,11.600136492713851,,,0.0,-1,-1,0,32,delayed
13,5508,1,35.13099697779604,-32.14649963378906,-42.58969879150391,0.1671130758757308,4.96537921809349,,,0.0,-1,-1,0,32,delayed
13,5584,2,-34.60953435588794,9.214406967163086,8.826431274414062,0.559732396915046,16.631155861210797,,,0.0,-1,-1,0,32,delayed
13,5786,3,-16.143945834565656,-6.660237471262614,42.61741256713867,1.3996623666215549,41.58773567628121,,,0.0,-1,-1,0,32,delayed
13,5828,6,-39.31954247505312,-27.324525515238445,18.425870577494305,1.4269817015983743,42.39946664009226,,,0.0,-1,-1,0,32,delayed
13,5968,2,-41.64190753977758,5.27923107147217,7.135969161987305,0.9336583519201274,27.74150229196327,,,0.0,-1,-1,0,32,delayed
13,5982,3,-17.329845063115105,17.957699457804363,-24.41029930114746,1.1552513415091568,34.32562636253437,,,0.0,-1,-1,0,32,delayed
13,6012,1,-62.4143698978128,50.24276351928711,31.754112243652344,0.0963626862470409,2.863194739150916,,,0.0,-1,-1,0,32,delayed
13,6122,1,18.10758238761543,-38.35409927368164,-5.344099998474121,0.1554323096415067,4.61831221805841,,,0.0,-1,-1,0,32,delayed
13,6148,2,-28.891618904567643,2.327850341796875,28.456324577331543,0.406582422753856,12.08065797248177,,,0.0,-1,-1,0,32,delayed
13,6164,1,-60.78598836601543,-15.297300338745115,-35.05189895629883,0.0507916004166072,1.5091551384636828,,,0.0,-1,-1,0,32,delayed
14,24,8,-3.182183299383336,7.478910803794862,16.509876489639282,3.618904914911632,107.52740419978235,,,0.0,-1,-1,0,32,delayed
14,128,6,-36.19089416829,-3.288549741109211,15.175742308298746,2.9723194332540577,88.31560945230896,,,0.0,-1,-1,0,32,delayed
14,176,3,34.86063702730781,-36.4049866994222,13.226628621419271,0.9067821394089399,26.942937689134997,,,0.0,-1,-1,0,32,delayed
14,394,2,-13.693391274458827,-2.7158250510692596,25.740500450134277,0.3324235083567899,9.877197049666922,,,0.0,-1,-1,0,32,delayed
14,424,3,-39.35985234536626,-43.24997520446777,16.930866241455078,0.5691326052860757,16.910461349705123,,,0.0,-1,-1,0,32,delayed
14,486,1,38.18022121871072,16.627500534057617,30.617900848388672,0.2171354780720933,6.451679407371519,,,0.0,-1,-1,0,32,delayed
14,590,1,-63.77135450764395,-15.297300338745115,-35.05189895629883,0.0507916004166072,1.5091551384636828,,,0.0,-1,-1,0,32,delayed
14,688,1,-31.773215634856133,40.54338836669922,5.759787559509277,0.266660921567927,7.923213616244214,,,0.0,-1,-1,0,32,delayed
14,754,7,6.226367521891732,12.656694684709821,1.937983785356794,2.4022157147314065,71.37629371489038,,,0.0,-1,-1,0,32,delayed
14,784,3,-1.7335412839457216,-38.67741314570109,20.19170316060384,0.662897465133578,19.696467675269083,,,0.0,-1,-1,0,32,delayed
14,940,3,10.787967684417742,-5.015962600708008,9.808754444122314,0.6591397806156511,19.58481675558079,,,0.0,-1,-1,0,32,delayed
14,946,2,8.780488651848582,32.43748188018799,-7.801069259643558,1.2384882333738843,36.798818426518366,,,0.0,-1,-1,0,32,delayed
14,1156,2,-0.3911308581277986,6.207599639892581,-46.358598709106445,0.2245274585070111,6.671315039351561,,,0.0,-1,-1,0,32,delayed
14,1164,4,-33.87647399670094,56.71363067626953,-2.327849864959717,1.2078893645558926,35.889643686421984,,,0.0,-1,-1,0,32,delayed
14,1222,1,4.074765069479247,13.523699760437012,-49.68410110473633,0.2176931023191426,6.468247924426776,,,0.0,-1,-1,0,32,delayed
14,1292,3,-49.91946847081857,-17.523536682128906,57.101812998453774,0.9380858422189489,27.87305494397972,,,0.0,-1,-1,0,32,delayed
14,1320,3,48.046297558424214,39.240899403889976,16.13349978129069,0.9271582427717286,27.548366556105005,,,0.0,-1,-1,0,32,delayed
14,1350,7,-20.77218875237006,-27.77584321158273,-2.324521473475865,2.770303659741038,82.31317715745642,,,0.0,-1,-1,0,32,delayed
14,1402,4,-0.6478710378764605,-42.56640005111694,-35.04024910926819,1.285777142432839,38.20389917832175,,,0.0,-1,-1,0,32,delayed
14,1536,3,-29.247242914917138,-19.98071352640788,53.22206370035807,0.4189669496060273,12.448635594432911,,,0.0,-1,-1,0,32,delayed
14,1552,389,-16.1751630611086,29.963552931280553,50.72024247333752,142.42738287109137,4231.900844919261,,,0.0,-1,-1,0,32,delayed
14,1556,2,-9.331264758191809,-8.798717498779297,-6.554006576538088,0.8402722643138534,24.96675030903605,,,0.0,-1,-1,0,32,delayed
14,1562,5,-18.727005950691296,5.453820037841797,-28.046179962158202,1.9285311955358049,57.30185187231748,,,0.0,-1,-1,0,32,delayed
14,1570,3,5.460340785777692,-44.49703852335612,-35.4520533879598,0.6022398326553885,17.894166172842517,,,0.0,-1,-1,0,32,delayed
14,1598,2,-27.75277094503528,-19.204762935638428,21.47277545928955,0.1913849479720255,5.686561858408162,,,0.0,-1,-1,0,32,delayed
14,1626,1,36.63166231102106,-47.66550064086914,57.66529846191406,0.5325175937154264,15.822530817815736,,,0.0,-1,-1,0,32,delayed
14,1698,2,13.517781501421858,1.1085000038146973,38.377400398254395,0.5442508089727597,16.171156219477925,,,0.0,-1,-1,0,32,delayed
14,1746,1,27.7022618053627,57.86370086669922,32.83489990234375,0.2740719384145422,8.143414871246474,,,0.0,-1,-1,0,32,delayed
14,1786,2,-21.523990699425607,18.22096872329712,2.3694190979003906,0.3282912726729712,9.75441720684986,,,0.0,-1,-1,0,32,delayed
14,1870,1,64.84097767068732,-48.55229949951172,37.71229934692383,0.1850941468441632,5.499645227128661,,,0.0,-1,-1,0,32,delayed
14,1882,3,6.339186767481124,0.36949984232584754,-5.3285675048828125,1.1551506504301927,34.322634559599045,,,0.0,-1,-1,0,32,delayed
14,1960,4,34.09676394160566,19.73822832107544,1.8636658191680926,1.3401970733004647,39.82086177902889,,,0.0,-1,-1,0,32,delayed
14,2076,1,-22.09871359300115,47.91491317749024,64.34400939941406,0.1094942282100912,3.2533681904093874,,,0.0,-1,-1,0,32,delayed
14,2132,1,-56.53942476348502,-15.297300338745115,-35.05189895629883,0.0507916004166072,1.5091551384636828,,,0.0,-1,-1,0,32,delayed
14,2254,1,58.63077751510714,14.410499572753906,-60.76910018920898,0.4264013371801599,12.669531256644888,,,0.0,-1,-1,0,32,delayed
14,2384,12,-36.96185506686912,41.24312814076742,40.73065312703451,5.292633214191995,157.2583763001445,,,0.0,-1,-1,0,32,delayed
14,2488,5,-9.275050716515626,-13.75094223022461,14.343107604980469,1.7757729340641264,52.76299282176895,,,0.0,-1,-1,0,32,delayed
14,2524,4,4.5059871308804755,-5.112956196069717,15.821630954742432,1.7338025115560023,51.515938618473605,,,0.0,-1,-1,0,32,delayed
14,2680,7,-0.5041616349552304,32.43550164358957,8.771094458443779,2.6513556710614696,78.77891230158872,,,0.0,-1,-1,0,32,delayed
14,2694,5,-53.8094910190012,45.897443008422854,43.00538711547851,1.581767741433773,46.99857644297331,,,0.0,-1,-1,0,32,delayed
14,2718,6,-27.669889008531342,-18.899925470352173,14.06871223449707,1.40898481307024,41.86473064879021,,,0.0,-1,-1,0,32,delayed
14,2746,3,-51.45738436196054,16.876911799112957,43.00538762410482,1.572251884243455,46.715834716824446,,,0.0,-1,-1,0,32,delayed
14,2760,1,-24.062350146050925,-9.533100128173828,-30.617900848388672,0.4047462910793613,12.026101559044683,,,0.0,-1,-1,0,32,delayed
14,2930,3,7.190628091296745,36.81143665313721,26.433312733968098,0.8123771566904224,24.137911590377882,,,0.0,-1,-1,0,32,delayed
14,2932,2,-18.913790891103346,25.273799896240234,-55.004899978637695,0.5961664144305598,17.713708572631873,,,0.0,-1,-1,0,32,delayed
14,2950,1,-53.53809409703496,-16.87691307067871,36.79778671264648,0.090611615586563,2.692314952577188,,,0.0,-1,-1,0,32,delayed
14,2970,1,-2.8614611830419885,-39.76743698120117,7.699662685394287,0.0841496148284118,2.500311519550269,,,0.0,-1,-1,0,32,delayed
14,3008,2,-21.969801719650942,11.902519226074219,2.230855941772461,0.9148176264891996,27.181693635349816,,,0.0,-1,-1,0,32,delayed
14,3244,2,36.74341398477186,61.18920135498047,-0.22169995307922363,0.8136282544947326,24.175085073091736,,,0.0,-1,-1,0,32,delayed
14,3248,3,-24.676067307682032,-6.096749385197957,16.081016540527344,0.609554245340263,18.111497058218852,,,0.0,-1,-1,0,32,delayed
14,3284,2,-6.940397274946193,0.581962585449217,49.018999099731445,0.1758937827955841,5.226277651274335,,,0.0,-1,-1,0,32,delayed
14,3294,1,-26.31334814588847,-56.83833694458008,15.07118797302246,0.6798526915289144,20.20025308129009,,,0.0,-1,-1,0,32,delayed
14,3322,2,-26.14833620047022,-8.909568905830383,-3.7827558517456055,0.1869766217178315,5.555578621731765,,,0.0,-1,-1,0,32,delayed
14,3336,3,44.41702891566015,-21.35710048675537,-11.077233632405601,0.7066091125627049,20.99525835694271,,,0.0,-1,-1,0,32,delayed
14,3426,2,-40.07201741006355,39.46260070800781,-27.73579978942871,0.7724706623264745,22.952182246678525,,,0.0,-1,-1,0,32,delayed
14,3446,1,29.3785369116247,18.84449958801269,-51.45769882202149,0.2078580097317105,6.17602085550504,,,0.0,-1,-1,0,32,delayed
14,3532,1,-50.31326008308331,5.625637531280518,60.852237701416016,0.4147978221376375,12.324759597413268,,,0.0,-1,-1,0,32,delayed
14,3630,1,12.93507634543554,-55.64670181274414,46.580299377441406,0.1354086692940196,4.023355975819619,,,0.0,-1,-1,0,32,delayed
14,3698,1,60.13144284833217,-43.23149871826172,31.06130027770996,0.3144516119466239,9.343203641448364,,,0.0,-1,-1,0,32,delayed
14,3740,3,-23.303118173029347,-1.3486750920613602,27.849592844645183,0.32082048715177575,9.532440063676685,,,0.0,-1,-1,0,32,delayed
14,3756,4,-12.391684664114152,40.099987506866455,35.10953068733215,1.3080518710342064,38.865741310700116,,,0.0,-1,-1,0,32,delayed
14,3768,1,21.923103819964176,-30.372900009155277,-42.14630126953125,0.2272067355845912,6.750923571782757,,,0.0,-1,-1,0,32,delayed
14,3774,2,-35.0405765260696,-36.802199363708496,-23.523500204086304,0.4549254324380416,13.517058890650782,,,0.0,-1,-1,0,32,delayed
14,3776,2,12.32722872743905,-14.632200241088865,-62.099300384521484,0.727988773867626,21.630505631143286,,,0.0,-1,-1,0,32,delayed
14,3778,6,-18.873481020790198,17.075519879659016,-10.349148114522299,1.0810514210320685,32.120947038726726,,,0.0,-1,-1,0,32,delayed
14,3798,5,-14.44379589755917,-6.972465133666992,25.25629005432129,1.8294410737919686,54.3576176844968,,,0.0,-1,-1,0,32,delayed
14,3868,3,-45.43343699596503,58.30710093180338,-26.036099116007488,1.963901100000823,58.35278692127291,,,0.0,-1,-1,0,32,delayed
14,3926,2,-26.4596444344903,10.087348937988285,50.37691116333008,0.4487635318761125,13.333972242081684,,,0.0,-1,-1,0,32,delayed
14,3946,1,-21.26855830228092,-54.5104866027832,47.27311325073242,0.1068010155269738,3.1733455936342465,,,0.0,-1,-1,0,32,delayed
14,3948,4,30.915832370913243,-29.950284481048584,3.524209618568422,1.1642662287722665,34.59348292393826,,,0.0,-1,-1,0,32,delayed
14,4028,6,-7.9303177413615655,-40.474106788635254,18.293398062388103,1.6157335345715125,48.007791565658316,,,0.0,-1,-1,0,32,delayed
14,4080,5,7.714198458879875,-0.842460298538208,4.261300468444825,2.2454169046251624,66.7173790905058,,,0.0,-1,-1,0,32,delayed
14,4108,4,-15.21740555752724,10.946437388658524,12.606981039047241,0.849871458862101,25.251968212366066,,,0.0,-1,-1,0,32,delayed
14,4120,2,-24.549268153107977,-4.849687576293945,16.8170747756958,0.40799214161123487,12.12254451356243,,,0.0,-1,-1,0,32,delayed
14,4218,1,-21.061019479600866,14.853899955749512,-21.30649948120117,0.1499001021845209,4.4539354462639285,,,0.0,-1,-1,0,32,delayed
14,4254,3,-25.729725945903862,-4.5078996022542315,-23.375699996948242,0.9530227926060526,28.31687193822242,,,0.0,-1,-1,0,32,delayed
14,4374,1,-50.47290533129873,28.15589904785156,-4.457300186157227,0.3614950704711517,10.74099139731874,,,0.0,-1,-1,0,32,delayed
14,4416,2,29.19374920139909,13.482131958007812,-6.5262932777404785,0.4477939321138924,13.305162823764373,,,0.0,-1,-1,0,32,delayed
14,4694,2,-37.634811809570316,19.010775566101074,40.871524810791016,0.2331929349191841,6.9287896640414885,,,0.0,-1,-1,0,32,delayed
14,4710,2,-29.357205689600335,11.45911884307861,-14.452068328857422,0.2020877347246642,6.0045704561121305,,,0.0,-1,-1,0,32,delayed
14,4720,3,-13.967448950561979,35.3703867594401,56.843161265055336,2.112687726666822,62.77363801330213,,,0.0,-1,-1,0,32,delayed
14,4732,2,16.758580040195056,-15.740700006484985,5.099100112915039,0.4266491677091701,12.676894968621994,,,0.0,-1,-1,0,32,delayed
14,4908,4,35.20361506810148,-18.505021333694458,33.32679748535156,1.3180616872177686,39.1631598878781,,,0.0,-1,-1,0,32,delayed
14,5002,1,53.64984577078577,-21.948299407958984,-51.01430130004883,0.2355069302067758,6.997544691447711,,,0.0,-1,-1,0,32,delayed
14,5032,8,0.756973254722582,-3.76890018582344,-21.18400001525879,2.247189765187372,66.77005554892203,,,0.0,-1,-1,0,32,delayed
14,5050,3,-7.036304351355163,13.394374211629232,21.863691329956055,0.7270098534376253,21.601419270702486,,,0.0,-1,-1,0,32,delayed
14,5058,1,-10.82775906899188,-6.013612270355225,25.54651260375977,0.0912616147000909,2.711628175514276,,,0.0,-1,-1,0,32,delayed
14,5170,1,-40.12789324693895,-36.66363906860352,34.46993637084961,0.1741427800364287,5.174250647010464,,,0.0,-1,-1,0,32,delayed
14,5190,3,-47.00860344502394,22.724249482154846,18.759892781575527,0.8605940975471231,25.570566664406563,,,0.0,-1,-1,0,32,delayed
14,5364,2,-22.0655888685802,53.4296989440918,-24.608699083328247,0.8226942779140378,24.44446102731354,,,0.0,-1,-1,0,32,delayed
14,5382,1,-21.907139295142635,-33.1718635559082,9.251562118530272,0.1054791778839684,3.1340702399380853,,,0.0,-1,-1,0,32,delayed
14,5396,2,-0.6066519432186297,-7.967344284057617,37.92014408111572,1.010679676883626,30.030013136011004,,,0.0,-1,-1,0,32,delayed
14,5406,2,-20.039289891022122,25.02438735961914,3.431937456130981,0.4699119534733251,13.962348762255164,,,0.0,-1,-1,0,32,delayed
14,5458,3,-36.917280047670204,8.73867479960124,7.5455671946207685,0.5403053613704123,16.053926353244478,,,0.0,-1,-1,0,32,delayed
14,5468,6,4.297989786201275,9.579286893208822,17.612971146901447,1.2445704780917313,36.9795382855904,,,0.0,-1,-1,0,32,delayed
14,5534,1,-42.96957866517359,-4.46171236038208,4.59586238861084,0.5169316568158824,15.359430687739373,,,0.0,-1,-1,0,32,delayed
14,5694,2,-38.08980076698428,-15.643706321716309,1.842881441116333,0.40198587234868277,11.944082089731946,,,0.0,-1,-1,0,32,delayed
14,5740,8,-17.01302573564656,21.030323266983032,30.413520455360413,1.7397465873829052,51.692553107956314,,,0.0,-1,-1,0,32,delayed
14,5888,1,-42.73011079285044,52.0994987487793,-22.193300247192383,0.5226810921289997,15.530261883741982,,,0.0,-1,-1,0,32,delayed
14,5960,1,-25.802483351599097,17.652862548828125,31.36613655090332,0.2036337557775359,6.0505069022366245,,,0.0,-1,-1,0,32,delayed
14,5982,3,-21.033614821713048,-12.221213022867838,-10.732503890991211,0.7831610905106186,23.26982363805321,,,0.0,-1,-1,0,32,delayed
14,5984,5,12.453569878711747,-4.567019939422607,-20.331019783020018,1.2671104735567091,37.64926221037143,,,0.0,-1,-1,0,32,delayed
14,6030,1,31.038847493065155,22.835100173950195,-15.985699653625488,0.349195063049623,10.375525075110234,,,0.0,-1,-1,0,32,delayed
14,6084,2,-11.358759410527753,22.876669406890873,46.871280670166016,0.518572476807774,15.408183865464554,,,0.0,-1,-1,0,32,delayed
14,6106,2,1.5964524821542874,5.099100112915039,-38.59910011291504,0.6162559937874186,18.310624040293803,,,0.0,-1,-1,0,32,delayed
15,36,4,13.903725553566408,-20.16084384918213,12.399137258529661,1.103975988439184,32.80209763086662,,,0.0,-1,-1,0,32,delayed
15,120,1,-7.746605778434107,45.00510025024414,-5.344099998474121,0.485302798501497,14.41965218780285,,,0.0,-1,-1,0,32,delayed
15,162,2,-56.09241806848182,-32.58990001678467,-39.04249954223633,0.220001415342039,6.536834116456825,,,0.0,-1,-1,0,32,delayed
15,356,2,-19.594898761226872,16.682924918830395,11.57941222190857,0.6488851509932573,19.280124112294487,,,0.0,-1,-1,0,32,delayed
15,374,9,-22.72164559224801,4.945141103532579,25.161617067125107,2.8514175720767123,84.72328978628099,,,0.0,-1,-1,0,32,delayed
15,458,2,53.74563291971502,5.09909987449646,-22.61340045928955,0.7946846645537817,23.61222003505707,,,0.0,-1,-1,0,32,delayed
15,512,4,6.618603321133495,22.0452938079834,31.18600606918335,0.5381183920349223,15.988945608726768,,,0.0,-1,-1,0,32,delayed
15,528,1,-6.7408407146769065,-36.66363906860352,34.46993637084961,0.0988879784898978,2.938227967739316,,,0.0,-1,-1,0,32,delayed
15,674,1,-8.59272559397588,-52.570613861083984,22.830686569213867,0.0854137383375117,2.537872031008127,,,0.0,-1,-1,0,32,delayed
15,748,3,-26.186578540936182,11.140425046284994,38.17417526245117,0.5893087776711808,17.509949729274958,,,0.0,-1,-1,0,32,delayed
15,772,2,-28.92616351941868,0.9006567001342773,2.203144073486328,0.2379549335041966,7.070281457467603,,,0.0,-1,-1,0,32,delayed
15,780,2,-6.3139695669202105,0.44339942932128906,-8.202899932861328,0.3968073476910351,11.790214185735076,,,0.0,-1,-1,0,32,delayed
15,782,2,58.59086620305329,-30.372900009155277,-53.009599685668945,1.0789266953927723,32.057815721932826,,,0.0,-1,-1,0,32,delayed
15,932,7,-8.923419322422125,42.96625246320452,-0.2581376348223005,2.526605966478885,75.07226285269527,0.33757975697517395,265.10723876953125,265.10723876953125,6,14,1,32,delayed
15,938,3,-0.975106427442722,-21.892874399820965,43.07004992167155,0.4681908637389409,13.911210554459029,,,0.0,-1,-1,0,32,delayed
15,1084,1,45.0609314167957,-19.287900924682617,-31.06130027770996,0.4745266537732801,14.099463927223857,,,0.0,-1,-1,0,32,delayed
15,1106,2,-7.697516529191613,7.080544471740723,22.87666893005371,0.5588278355683548,16.604278909249892,,,0.0,-1,-1,0,32,delayed
15,1218,4,-51.422794558180534,-2.5010530948638916,36.876203536987305,1.9937833269094958,59.240668301620516,,,0.0,-1,-1,0,32,delayed
15,1230,1,-22.785188160327493,25.495500564575195,-13.325300216674805,0.4783206596479411,14.212194052168568,,,0.0,-1,-1,0,32,delayed
15,1292,1,-38.21215026835381,-22.696537017822266,60.464263916015625,0.087721362130086,2.606437744150447,,,0.0,-1,-1,0,32,delayed
15,1342,3,-8.437604737515722,-34.80690066019694,-24.542566617329914,0.8820809616490731,26.208999222210473,,,0.0,-1,-1,0,32,delayed
15,1414,1,-61.75982438012954,25.495500564575195,-5.344099998474121,0.1630990660097401,4.846112182492794,,,0.0,-1,-1,0,32,delayed
15,1492,1,29.09117546483693,12.193499565124512,-47.02370071411133,0.3146886414692561,9.350246426458364,,,0.0,-1,-1,0,32,delayed
15,1506,4,8.319423052016745,-4.815047264099119,29.740233898162842,0.9794857469711586,29.103157529372478,,,0.0,-1,-1,0,32,delayed
15,1560,2,-0.04789357446463072,29.001132011413574,-18.165544509887695,0.3636352384519422,10.80458154763677,,,0.0,-1,-1,0,32,delayed
15,1574,3,-22.20434664195953,-32.47905031840006,-3.2992585500081355,0.5080077687415774,15.094277957131407,,,0.0,-1,-1,0,32,delayed
15,1722,2,-36.90044366777934,-9.574668884277344,-24.6225563287735,0.6105703080465522,18.14168701564528,,,0.0,-1,-1,0,32,delayed
15,1754,3,28.623829330358394,5.4408877690633135,23.384937286376953,1.2896922066182666,38.32022627147082,,,0.0,-1,-1,0,32,delayed
15,1766,1,-52.50039998363468,-42.09528732299805,46.497161865234375,0.1078795456942338,3.2053916274382224,,,0.0,-1,-1,0,32,delayed
15,1836,4,-57.69685281304689,47.72092533111572,41.74446964263916,0.9644472617292207,28.656323661342594,,,0.0,-1,-1,0,32,delayed
15,1854,4,24.01117538559595,8.54237812757492,4.812841296195986,1.189669443188406,35.34828078923798,,,0.0,-1,-1,0,32,delayed
15,1870,3,-6.9139096610566675,-32.53447469075521,44.25244998931885,0.9633374414084495,28.62334791286991,,,0.0,-1,-1,0,32,delayed
15,1874,3,-42.48889921038867,27.176724592844646,-16.3056583404541,1.7644174032650066,52.4255894417827,,,0.0,-1,-1,0,32,delayed
15,1950,2,8.016807025622475,36.89919328689575,4.780406951904297,0.4553823092305647,13.530633929701049,,,0.0,-1,-1,0,32,delayed
15,1962,2,-9.913969914178121,13.260430335998535,9.376268863677979,0.6493961917336148,19.29530850800065,,,0.0,-1,-1,0,32,delayed
15,1972,7,-21.499714954951802,24.129669325692312,24.748069763183594,1.2497641012052194,37.13385480534318,,,0.0,-1,-1,0,32,delayed
15,2030,1,-63.73942545800086,18.84449958801269,-45.250099182128906,0.3084213074943218,9.164027067447035,,,0.0,-1,-1,0,32,delayed
15,2086,2,-54.06492341614588,-42.66339302062988,-13.620694160461426,0.30551315855655287,9.07761813611089,,,0.0,-1,-1,0,32,delayed
15,2134,5,9.181888516378638,-22.60785827636719,46.4084831237793,1.3779186239591026,40.94167056513456,,,0.0,-1,-1,0,32,delayed
15,2196,3,29.537385043321553,-25.347700119018555,19.073965708414708,0.7692958665091785,22.857850518952958,,,0.0,-1,-1,0,32,delayed
15,2326,1,-37.11059805566735,-61.85430145263672,-63.87289810180664,0.3860254364034218,11.46985458515748,,,0.0,-1,-1,0,32,delayed
15,2428,3,-29.167420290809428,11.787049929300943,4.127691904703776,1.5999737768782043,47.539526752013614,,,0.0,-1,-1,0,32,delayed
15,2448,2,-23.199070130909742,36.137099742889404,-14.63219928741455,1.220088041526812,36.25209920824292,,,0.0,-1,-1,0,32,delayed
15,2584,6,2.4838739505582352,0.14318148295084634,-2.58964761098226,1.9993671912098971,59.40657993725149,,,0.0,-1,-1,0,32,delayed
15,2590,5,-11.62869994512219,11.966257572174072,-8.6232479095459,1.9718606652029398,58.58928702416755,,,0.0,-1,-1,0,32,delayed
15,2604,5,13.924398614460054,-37.1957181930542,12.126107025146485,1.2242246023423182,36.375007562362185,,,0.0,-1,-1,0,32,delayed
15,2642,1,-37.094633530845805,-21.948299407958984,-4.457300186157227,0.609814443641623,18.119228249996542,,,0.0,-1,-1,0,32,delayed
15,2778,4,20.63926735443395,21.39405059814453,-8.657950401306152,1.721222669323747,51.142157650948455,,,0.0,-1,-1,0,32,delayed
15,2788,5,-21.064780340737208,-22.00926818847656,-2.6040924072265623,0.9852325118132813,29.27390937849508,,,0.0,-1,-1,0,32,delayed
15,2816,5,13.524239267838302,-7.7539575576782225,3.7201473712921143,1.8734786433088746,55.66609238851812,,,0.0,-1,-1,0,32,delayed
15,3066,2,-55.99663091955257,13.20500659942627,-8.826430320739746,0.2508567174565393,7.45362817990441,,,0.0,-1,-1,0,32,delayed
15,3070,1,-16.6069170543904,-54.7598991394043,-21.749900817871094,0.3976970354324515,11.8166492028555,,,0.0,-1,-1,0,32,delayed
15,3106,2,-15.001286635047478,10.198200464248657,-4.212299346923826,0.8419209476560289,25.01573712805997,,,0.0,-1,-1,0,32,delayed
15,3118,1,-41.91592002695175,-59.19390106201172,-42.58969879150391,0.1395693068318128,4.146979714153182,,,0.0,-1,-1,0,32,delayed
15,3180,1,-26.792283890534755,21.92058753967285,23.21866226196289,0.0892208269910513,2.6509908805216265,,,0.0,-1,-1,0,32,delayed
15,3254,1,-16.41534275653189,45.89189910888672,-6.674300193786621,0.621704441039234,18.47251207097765,,,0.0,-1,-1,0,32,delayed
15,3268,1,-33.35893472260478,-15.297300338745115,-35.05189895629883,0.0824576235787324,2.450037906044396,,,0.0,-1,-1,0,32,delayed
15,3396,4,27.663658275912816,-3.990600109100342,-7.637000322341919,2.278923693950778,67.71295597466397,,,0.0,-1,-1,0,32,delayed
15,3428,2,-30.512018173954246,-12.221212387084961,48.631025314331055,0.1218104243854473,3.6193155240611956,,,0.0,-1,-1,0,32,delayed
15,3502,3,-11.460221437061174,-20.470300038655598,-33.869500160217285,1.22839627346622,36.49895913823256,,,0.0,-1,-1,0,32,delayed
15,3634,7,-4.001951241178297,-48.90464455740793,-34.0753059387207,1.8678504051455205,55.49886228600012,,,0.0,-1,-1,0,32,delayed
15,3666,2,-51.60638659362828,13.523699760437012,-30.617900848388672,0.826041869752244,24.54392698984809,,,0.0,-1,-1,0,32,delayed
15,3684,1,-38.05250502013838,12.609187126159668,31.754112243652344,0.0896845857331708,2.664770400815069,,,0.0,-1,-1,0,32,delayed
15,3702,8,-11.586518916232475,-14.403571844100952,2.2239288687705994,2.4443614273247602,72.62855625835765,,,0.0,-1,-1,0,32,delayed
15,3720,3,-49.56292741647079,-36.58050028483073,-16.13349978129069,0.6434576292329581,19.11885783427816,,,0.0,-1,-1,0,32,delayed
15,3722,1,3.3563614525098178,-56.976898193359375,7.561100006103516,0.1548973698487908,4.602417717189683,,,0.0,-1,-1,0,32,delayed
15,3738,2,-3.328603425291689,-16.405799865722656,-54.339799880981445,0.3890064249761054,11.558427778072584,,,0.0,-1,-1,0,32,delayed
15,3798,1,63.57978020978543,46.33530044555664,44.36330032348633,0.0949224655608816,2.820401906650833,,,0.0,-1,-1,0,32,delayed
15,3892,3,-12.871218246149368,-14.549063046773275,26.193137486775715,0.897580295134717,26.669526131793212,,,0.0,-1,-1,0,32,delayed
15,3900,2,23.59139666381541,9.97650051116943,-17.51430058479309,0.8235665632421456,24.47037897190129,,,0.0,-1,-1,0,32,delayed
15,3932,1,-33.44949074111813,-57.86370086669922,-52.34450149536133,0.4201679961253126,12.484321918770917,,,0.0,-1,-1,0,32,delayed
15,3938,5,-35.2119200547017,-31.631047821044923,-3.5813379287719727,1.1709114482138667,34.7909302771276,,,0.0,-1,-1,0,32,delayed
15,4002,1,9.343058260588396,-34.80690002441406,16.429100036621094,0.1692616455553738,5.029219005495038,,,0.0,-1,-1,0,32,delayed
15,4086,1,29.186962613766184,14.853899955749512,25.74049949645996,0.3215004661114307,9.552644068523804,,,0.0,-1,-1,0,32,delayed
15,4102,4,-17.72722924832592,-38.63815355300903,21.190927505493164,1.3204444331481122,39.23395768190184,,,0.0,-1,-1,0,32,delayed
15,4154,2,29.4344127485001,25.052099227905277,49.018999099731445,0.834034547155176,24.781410945340333,,,0.0,-1,-1,0,32,delayed
15,4198,1,-60.94563361423086,58.7504997253418,-42.14630126953125,0.4097144250068481,12.173718188246056,,,0.0,-1,-1,0,32,delayed
15,4222,7,-2.1485076915741463,30.111610957554408,11.824689592633927,2.2518296107724,66.90791784798108,,,0.0,-1,-1,0,32,delayed
15,4236,2,-30.7754328335097,-3.8797500133514404,30.39620018005371,0.99214471047644,29.479289402849993,,,0.0,-1,-1,0,32,delayed
15,4310,3,24.263770343938557,-31.850900014241535,9.319167137145998,0.7084818813796916,21.05090335848092,,,0.0,-1,-1,0,32,delayed
15,4356,2,47.471574664848674,2.8821001052856445,-13.523699760437012,0.4863826775283593,14.451738299855656,,,0.0,-1,-1,0,32,delayed
15,4358,3,57.17800575634674,15.592899958292643,-44.80670166015625,1.3369229144333654,39.723577707688364,,,0.0,-1,-1,0,32,delayed
15,4632,2,-4.557871836550489,8.383031845092773,45.81820487976074,0.4358651342831187,12.950726137494485,,,0.0,-1,-1,0,32,delayed
15,4666,4,34.01295018629256,-36.919978618621826,4.995177268981934,1.3024985375047182,38.700736826437215,,,0.0,-1,-1,0,32,delayed
15,4678,4,23.041330502687224,-17.410378456115723,-13.126591205596924,2.012821465956244,59.806342648038445,,,0.0,-1,-1,0,32,delayed
15,4894,1,-2.446383537681874,-13.080300331115724,-64.31629943847656,0.2948218738439663,8.759951294971094,,,0.0,-1,-1,0,32,delayed
15,4968,3,-2.8535988481109307,50.12267557779948,-8.675483703613281,1.033734464892348,30.71503293267363,,,0.0,-1,-1,0,32,delayed
15,5016,4,-47.38246199572622,22.50254988670349,20.017869114875793,0.5256268353991929,15.617787843868122,,,0.0,-1,-1,0,32,delayed
15,5056,4,-47.28000036699016,-14.015597343444826,22.88139057159424,0.636397760217452,18.909090126345333,,,0.0,-1,-1,0,32,delayed
15,5170,3,13.466430056301725,-21.477187792460125,-9.328404108683268,0.8290127076946672,24.63219858022083,,,0.0,-1,-1,0,32,delayed
15,5182,1,-61.34474673476943,-40.15541076660156,7.699662685394287,0.3072191714375257,9.128308370017429,,,0.0,-1,-1,0,32,delayed
15,5376,2,-24.59977729278056,6.207600593566895,-37.268900871276855,0.6246048302004894,18.558690438470514,,,0.0,-1,-1,0,32,delayed
15,5402,1,-63.14873803960377,29.292112350463867,37.18576431274414,0.3124154133392166,9.282702701015374,,,0.0,-1,-1,0,32,delayed
15,5420,3,-26.857885699959564,22.336275418599445,9.670192082722982,0.7846487683992166,23.314026551754317,,,0.0,-1,-1,0,32,delayed
15,5480,7,-16.990471333087456,4.683412143162319,21.312979493822372,2.6541963800445694,78.86331741037759,,,0.0,-1,-1,0,32,delayed
15,5538,2,48.73277212575056,-34.5851993560791,8.669600248336792,0.3384833727941981,10.057251930377426,,,0.0,-1,-1,0,32,delayed
15,5554,1,-11.067226941315024,57.22631072998047,42.22943878173828,0.772380645144571,22.94950759395041,,,0.0,-1,-1,0,32,delayed
15,5724,2,7.607096077465176,-25.73105621337891,28.613154649734497,0.37032346276979367,11.003306691434034,,,0.0,-1,-1,0,32,delayed
15,5732,2,-11.741908006244785,26.396156787872314,-13.288143157958984,0.3799573323894781,11.2895548844538,,,0.0,-1,-1,0,32,delayed
15,5760,1,-23.80691774890624,37.02389907836914,-25.74049949645996,0.5420555065633238,16.105927876907355,,,0.0,-1,-1,0,32,delayed
15,5948,2,-48.47733972860588,-7.9534876346588135,43.97532653808594,0.6795592127524777,20.191533037033622,,,0.0,-1,-1,0,32,delayed
15,6054,5,-9.850730149913456,-18.445440101623536,22.305914688110352,1.01923324011205,30.28416251883159,,,0.0,-1,-1,0,32,delayed
15,6074,1,4.777204161627133,-35.69369888305664,55.44829940795898,0.082590765384029,2.4539939073902786,,,0.0,-1,-1,0,32,delayed
15,6078,3,-23.52408069387374,-5.560975233713786,-4.00130780537923,1.0372054178840102,30.81816428706624,,,0.0,-1,-1,0,32,delayed
15,6108,1,-19.36877984851732,61.88201141357422,37.96171188354492,0.2907381407457865,8.638612594503266,,,0.0,-1,-1,0,32,delayed
15,6114,4,-6.265478155066644,41.94979703426361,-28.908859729766846,2.3811812162568393,70.75130215728,,,0.0,-1,-1,0,32,delayed
15,6180,2,-51.07157501210659,11.736244201660156,0.9837937355041513,0.5117512322495347,15.205506332342004,,,0.0,-1,-1,0,32,delayed
16,42,3,-52.02146423898839,18.992300669352215,-20.86309957504272,0.9589291038407766,28.492364340039607,,,0.0,-1,-1,0,32,delayed
16,162,4,-10.957560778776706,9.810224533081055,10.004212617874146,0.8337997266327348,24.774433795670863,,,0.0,-1,-1,0,32,delayed
16,166,2,11.776452621095817,0.9560813903808594,-27.310668945312496,0.6601652967691223,19.61528760036406,,,0.0,-1,-1,0,32,delayed
16,390,7,-40.76423232676528,-4.473588739122666,21.885764632906234,1.764040333108625,52.41438567266741,,,0.0,-1,-1,0,32,delayed
16,432,3,-6.806682379061139,-30.2158629099528,13.263579686482748,1.386365128991704,41.1926389608428,,,0.0,-1,-1,0,32,delayed
16,488,1,-16.734633252962745,-23.860462188720703,25.158536911010746,0.1272459238003697,3.780818839665801,,,0.0,-1,-1,0,32,delayed
16,492,5,-4.426128528528844,41.81262054443359,-41.3481803894043,1.7862982407924755,53.075728010317974,,,0.0,-1,-1,0,32,delayed
16,550,5,29.400354749748942,2.5273796081542983,40.62942047119141,2.0823697116342514,61.87280819500282,,,0.0,-1,-1,0,32,delayed
16,562,2,-20.381331499907425,-6.304593086242676,0.9006557464599574,0.44438662247555016,13.203922484675557,,,0.0,-1,-1,0,32,delayed
16,668,5,-8.29378266638971,6.950294876098633,6.777594375610351,1.0243928678887866,30.4374689456414,,,0.0,-1,-1,0,32,delayed
16,734,9,-9.561635582675976,42.30159219106039,-3.878141403198244,1.8873915893187496,56.079483456918204,,,0.0,-1,-1,0,32,delayed
16,766,2,48.05427982083499,-28.377599239349365,-10.863299369812012,0.45217679703405367,13.435389535685248,,,0.0,-1,-1,0,32,delayed
16,902,1,25.690731677848294,38.79750061035156,57.66529846191406,0.2630991979163276,7.817385221263352,,,0.0,-1,-1,0,32,delayed
16,914,2,-17.117781848679773,-5.50093138217926,8.050481796264648,0.5256349950804754,15.61803028995832,,,0.0,-1,-1,0,32,delayed
16,1024,6,0.296215564267861,-34.57596302032471,-25.91895341873169,1.8851260773565206,56.01216899958657,,,0.0,-1,-1,0,32,delayed
16,1034,3,-35.33147058206361,-36.58050028483073,-36.08649889628092,0.6476324824117805,19.24290395756376,,,0.0,-1,-1,0,32,delayed
16,1082,2,24.676984351680325,60.52410125732422,-5.565799951553345,0.3726339953205371,11.071958831609596,,,0.0,-1,-1,0,32,delayed
16,1096,1,-15.553258416168571,-12.997162818908691,34.08196258544922,0.5822600671400574,17.300513569942794,,,0.0,-1,-1,0,32,delayed
16,1164,1,39.50527677889878,-10.419899940490724,-21.30649948120117,0.2501847969182674,7.433663612443352,,,0.0,-1,-1,0,32,delayed
16,1174,1,32.0605770816439,53.87310028076172,-25.74049949645996,0.2425039146530922,7.205443929595288,,,0.0,-1,-1,0,32,delayed
16,1232,3,-17.490287427849104,-41.13458760579427,-15.092604319254557,0.9203381256824057,27.345722523118198,,,0.0,-1,-1,0,32,delayed
16,1264,3,-30.26897250349589,19.07543706893921,48.04906209309896,0.36341979962052623,10.798180280167562,,,0.0,-1,-1,0,32,delayed
16,1334,4,-40.85297134371518,-12.505265235900879,4.092316150665283,0.7084561182892745,21.050137867731134,,,0.0,-1,-1,0,32,delayed
16,1436,2,35.649844034496184,5.9858999252319345,-20.641399383544922,0.6933303613681248,20.60071092324678,,,0.0,-1,-1,0,32,delayed
16,1456,3,0.4146043485500819,47.526938120524086,39.95701344807943,1.4635946275305642,43.48733520205015,,,0.0,-1,-1,0,32,delayed
16,1462,5,-6.442376057001882,35.46091537475586,17.618725109100343,1.9484255040061704,57.89296531642972,,,0.0,-1,-1,0,32,delayed
16,1514,4,16.77126337902626,26.82569980621338,-41.3703498840332,0.9582427893169069,28.471972088529427,,,0.0,-1,-1,0,32,delayed
16,1524,6,24.879674962896562,35.10249956448873,8.720200061798096,2.2203684406868005,65.9731218166035,,,0.0,-1,-1,0,32,delayed
16,1596,3,-21.26418338762713,-29.3382994333903,-34.592966079711914,0.6316871481716725,18.769125165291015,,,0.0,-1,-1,0,32,delayed
16,1604,2,-37.7784925329642,-42.48326301574707,43.78133678436279,0.3938794656890155,11.70321893195452,,,0.0,-1,-1,0,32,delayed
16,1714,3,-6.76132963125372,-17.32031265894572,7.905829111735026,1.193782795875776,35.47049956741273,,,0.0,-1,-1,0,32,delayed
16,1736,6,8.247346041914785,49.295918782552086,20.952327251434326,2.015698818291228,59.891836529426214,,,0.0,-1,-1,0,32,delayed
16,1752,1,-48.73277212575056,42.34469985961914,-37.26890182495117,0.3135577778039852,9.316645423588852,,,0.0,-1,-1,0,32,delayed
16,1762,7,-10.982945819383767,7.5100876944405695,1.2437340872628349,2.163087699595273,64.27115684514685,,,0.0,-1,-1,0,32,delayed
16,1852,2,-6.816852098798805,4.877399444580078,6.207599639892578,0.4374855690369553,12.998873614936404,,,0.0,-1,-1,0,32,delayed
16,1866,1,62.60594419567132,33.47669982910156,-41.259498596191406,0.2046057161643042,6.079386461062161,,,0.0,-1,-1,0,32,delayed
16,1882,3,-9.052358870624841,19.555787404378254,54.62616221110026,0.6804765663886392,20.21879008234123,,,0.0,-1,-1,0,32,delayed
16,1936,4,-14.842239224220982,8.902640342712402,3.0530964732170105,0.6812404200426249,20.24148623008006,,,0.0,-1,-1,0,32,delayed
16,2010,1,-52.34075473541925,22.696537017822266,2.655987501144409,0.0905936267656057,2.691780456295127,,,0.0,-1,-1,0,32,delayed
16,2056,1,-30.40026650020344,-51.01871109008789,24.77056312561035,0.3668906798533565,10.90130947269946,,,0.0,-1,-1,0,32,delayed
16,2104,6,-7.791440040502525,2.489506244659424,6.98040231068929,2.026940191630482,60.2258479840599,,,0.0,-1,-1,0,32,delayed
16,2154,3,-0.7224547119146697,-7.020499865214032,3.850567499796547,1.1021405663470345,32.74756230103063,,,0.0,-1,-1,0,32,delayed
16,2234,1,59.413039231362745,18.401100158691406,-34.60850143432617,0.349629766681938,10.388441289898427,,,0.0,-1,-1,0,32,delayed
16,2356,1,38.62722791371392,-60.52410125732422,56.33509826660156,0.2445453924007394,7.266101727491998,,,0.0,-1,-1,0,32,delayed
16,2380,2,7.662971914340577,15.740700721740723,-34.16510009765625,0.6832074039662241,20.299930615986923,,,0.0,-1,-1,0,32,delayed
16,2560,1,-16.974101125285888,-28.904136657714844,42.22943878173828,0.1937283541559502,5.756190762694883,,,0.0,-1,-1,0,32,delayed
16,2564,2,-6.787538614363667,-45.89189910888672,-41.03779983520508,0.7857170307286802,23.345767500464603,,,0.0,-1,-1,0,32,delayed
16,2602,1,-16.207803933851828,31.23198699951172,54.64463806152344,0.5974786096700554,17.752697424570165,,,0.0,-1,-1,0,32,delayed
16,2626,2,16.310377670413995,15.962399899959564,-25.71720051765442,0.9445215745218556,28.0642778705078,,,0.0,-1,-1,0,32,delayed
16,2634,1,-43.36869178571216,8.202899932861328,-59.882301330566406,0.1314272936931192,3.905058592059921,0.7966594696044922,36.42715835571289,36.42715835571289,7,3,1,32,delayed
16,2644,2,-51.30306062201896,-51.65610122680664,-43.91990089416504,0.3826746089546651,11.37029248392582,,,0.0,-1,-1,0,32,delayed
16,2780,3,59.76425877743668,2.8821001052856445,56.926300048828125,1.0275402814126786,30.53098707173885,,,0.0,-1,-1,0,32,delayed
16,2802,2,-8.50110946747158,21.546469688415527,-1.5657558441162145,0.5155889829351599,15.319536233346266,,,0.0,-1,-1,0,32,delayed
16,2812,2,-13.37410077802797,31.23198699951172,14.101249694824219,0.4686814680463155,13.925787728742836,,,0.0,-1,-1,0,32,delayed
16,2866,5,-18.647751282755614,-21.6102073431015,18.021562576293945,1.0525400098320283,31.27379628221457,,,0.0,-1,-1,0,32,delayed
16,3084,1,10.221107125773251,59.19390106201172,-23.523500442504883,0.1749503061762851,5.198244421835673,0.812264084815979,37.430782318115234,37.430782318115234,7,13,1,32,delayed
16,3090,5,43.35063480872425,-10.77462043762207,16.41046028137207,1.8359889555348143,54.55217287270142,,,0.0,-1,-1,0,32,delayed
16,3128,2,-2.841685418234629,6.207599639892578,-19.754599571228027,0.36259155254734476,10.773570830649199,,,0.0,-1,-1,0,32,delayed
16,3174,3,-47.28532187526401,50.52912521362305,6.954366048177081,1.5376438043162781,45.68753552510644,,,0.0,-1,-1,0,32,delayed
16,3182,4,36.52259398587167,-17.625150203704834,10.087349891662598,1.2908994760664467,38.3560974957734,,,0.0,-1,-1,0,32,delayed
16,3186,3,-30.96076857909608,-16.05477492014567,3.9983666737874373,1.5452688674204285,45.914096670460225,,,0.0,-1,-1,0,32,delayed
16,3256,5,37.6785110961179,-3.4197227478027346,21.76829261779785,2.0430935069766196,60.70580645471042,,,0.0,-1,-1,0,32,delayed
16,3272,1,-17.53285949403989,-2.5218374729156494,37.57373809814453,0.0879550681345909,2.613381778492652,,,0.0,-1,-1,0,32,delayed
16,3366,2,-17.8749011029252,26.16059970855713,-39.485899925231934,0.7779861507283838,23.116062250352456,,,0.0,-1,-1,0,32,delayed
16,3414,5,-10.707140549495847,40.48242073059082,-16.84453935623169,1.9594799678061285,58.22142318564095,,,0.0,-1,-1,0,32,delayed
16,3468,2,-28.902216732186364,-7.565513610839844,32.33607482910156,0.4063188470472311,12.0728264289044,,,0.0,-1,-1,0,32,delayed
16,3608,6,-27.629105841408176,-12.013368288675943,29.443060636520386,1.881491980080004,55.904190189437905,,,0.0,-1,-1,0,32,delayed
16,3638,2,-54.07290567855665,-35.09788131713867,6.221456050872803,0.2752672621359362,8.178931155857967,,,0.0,-1,-1,0,32,delayed
16,3640,3,22.725854452796593,-0.07390069961547852,4.8851668039957685,1.5368187249355916,45.66302019625698,,,0.0,-1,-1,0,32,delayed
16,3650,1,-53.2507326502472,-42.09528732299805,42.22943878173828,0.0790767673184119,2.349583568007795,,,0.0,-1,-1,0,32,delayed
16,3660,9,-8.326118769271115,-26.8534132109748,-18.398648473951553,2.7251413792709434,80.97128426419968,,,0.0,-1,-1,0,32,delayed
16,3670,7,-34.94824237755241,11.144383839198522,11.62026241847447,1.4961060832275181,44.45333804546419,,,0.0,-1,-1,0,32,delayed
16,3684,4,-40.39000012389044,-8.521593689918518,3.6857614517211914,0.6610302799627064,19.64098857888364,,,0.0,-1,-1,0,32,delayed
16,3762,3,-28.158077428917014,-28.386837005615234,28.133013089497883,1.1872106308975996,35.2752228589355,,,0.0,-1,-1,0,32,delayed
16,3824,3,-24.109446603996975,-29.975687980651855,5.079153696695964,0.6908516634477488,20.52706213737369,,,0.0,-1,-1,0,32,delayed
16,3858,3,-13.131175035049326,-29.73551305135091,-9.77474594116211,0.6183155936947669,18.371820296325495,,,0.0,-1,-1,0,32,delayed
16,3886,2,-20.62878163464134,-16.627500534057617,-35.93869972229004,0.4725765373836491,14.04152072114501,,,0.0,-1,-1,0,32,delayed
16,3928,3,-24.876540911949608,-15.32501220703125,19.856212615966797,1.0923958872696502,32.458021660812776,,,0.0,-1,-1,0,32,delayed
16,3978,1,-28.532417096082927,27.352237701416016,56.584510803222656,0.1589258728537902,4.722115382954184,,,0.0,-1,-1,0,32,delayed
16,4002,3,-25.673970036508177,1.108499526977538,35.883274714152016,0.9517477391691458,28.278986669194854,,,0.0,-1,-1,0,32,delayed
16,4012,9,-1.3280998096079455,-13.927070564693874,-31.816676245795357,3.1196816882634515,92.69413862915899,,,0.0,-1,-1,0,32,delayed
16,4116,3,37.263178085470294,-15.740700125694275,-16.561367034912113,0.7080724603374695,21.038738357484757,,,0.0,-1,-1,0,32,delayed
16,4160,2,-45.0050555799203,-8.424600601196289,-33.94339942932129,0.7644300563449948,22.713274204132496,,,0.0,-1,-1,0,32,delayed
16,4178,2,63.044968628263746,-28.820999145507812,-21.528200149536133,0.3464378957563993,10.293602214754529,,,0.0,-1,-1,0,32,delayed
16,4256,1,-17.80425641600612,-47.52693939208984,47.66108703613281,0.1186844715351464,3.526435052330985,,,0.0,-1,-1,0,32,delayed
16,4536,1,52.13321591273919,37.91070175170898,-5.344099998474121,0.3153929782390108,9.371174167395164,,,0.0,-1,-1,0,32,delayed
16,4554,5,40.08748593520089,12.814259719848632,-28.223540115356446,1.8229463957124499,54.164643320311015,,,0.0,-1,-1,0,32,delayed
16,4562,3,-41.8201328780225,-44.26609992980957,-44.80670038859049,1.120407923334691,33.29033463814838,,,0.0,-1,-1,0,32,delayed
16,4572,1,-16.734633252962745,33.947811126708984,32.142086029052734,0.1247029586559309,3.705260501610183,,,0.0,-1,-1,0,32,delayed
16,4744,4,37.578338135305984,-40.342472076416016,21.23029088973999,1.804662917652653,53.62139198275503,,,0.0,-1,-1,0,32,delayed
16,4816,3,-51.06717054783104,-3.2977879842122397,32.91803709665934,0.8371247367718393,24.87322879515335,,,0.0,-1,-1,0,32,delayed
16,4864,3,-33.62326642615852,-20.239363352457683,51.928812662760414,1.4171394069860064,42.10702557962762,,,0.0,-1,-1,0,32,delayed
16,4892,2,4.254545864941175,-14.188799619674683,-39.48589897155762,0.37997952139745783,11.290214179595818,,,0.0,-1,-1,0,32,delayed
16,4900,7,-32.55618592208917,6.567862374441964,30.9727657863072,1.3443903639787118,39.94545573004131,,,0.0,-1,-1,0,32,delayed
16,4990,2,2.035476914746715,-9.574669003486633,0.12470626831054688,0.29808685365346077,8.856962631807564,,,0.0,-1,-1,0,32,delayed
16,5106,4,10.90507823571776,-10.627742767333986,50.70946168899536,1.0226167880986405,30.384696835299625,,,0.0,-1,-1,0,32,delayed
16,5126,2,-29.780265597371226,-19.204762697219852,42.42342472076416,0.35434050181186993,10.52840990811416,,,0.0,-1,-1,0,32,delayed
16,5146,4,9.714413353908837,-21.428690910339355,-23.14465880393982,0.9469432328421916,28.136231856359043,,,0.0,-1,-1,0,32,delayed
16,5158,5,-21.298340673042876,11.373210334777832,-1.2386248588562014,0.9979154010601792,29.65075215014484,,,0.0,-1,-1,0,32,delayed
16,5238,4,-43.80241730449522,15.422006607055664,50.57089900970459,1.8473217698813833,54.888901285748,,,0.0,-1,-1,0,32,delayed
16,5252,2,-20.53419016048995,33.947811126708984,56.97248840332031,1.245730680675944,37.01401102669842,,,0.0,-1,-1,0,32,delayed
16,5296,4,50.32922460790485,35.69369888305664,-55.226600646972656,1.1912576846103864,35.395471716151924,,,0.0,-1,-1,0,32,delayed
16,5308,6,-42.93503405032255,17.652862548828125,36.280487378438316,1.6419472489653737,48.786671566509405,,,0.0,-1,-1,0,32,delayed
16,5458,4,10.455388192113144,11.37598180770874,1.4133375883102421,0.4625497680641869,13.743598420675252,,,0.0,-1,-1,0,32,delayed
16,5472,3,-36.53238774181454,14.816949844360353,21.512667338053387,1.1622662457145827,34.534058044950655,,,0.0,-1,-1,0,32,delayed
16,5496,8,-52.84962396410593,-1.0703952312469487,35.95019459724426,2.9871095172072017,88.75506264955254,,,0.0,-1,-1,0,32,delayed
16,5706,2,4.150776453601146,-42.82966995239258,6.6327314376831055,0.5935905122679971,17.637171587127856,,,0.0,-1,-1,0,32,delayed
16,5716,1,-19.59228319601892,45.97503662109375,40.67753601074219,0.0764510808533584,2.271567356897534,,,0.0,-1,-1,0,32,delayed
16,5750,1,-15.8246553381348,7.177537441253662,6.53573751449585,0.1217310922174057,3.6169583518503656,,,0.0,-1,-1,0,32,delayed
16,5810,1,6.182082345922906,-16.184099197387695,-28.40089988708496,0.3805021895955022,11.305744058361604,,,0.0,-1,-1,0,32,delayed
17,26,2,36.855165658522665,57.198598861694336,10.41990041732788,0.6902727381992841,20.509860710241234,,,0.0,-1,-1,0,32,delayed
17,124,1,43.36869178571216,2.438699960708618,6.674300193786621,0.182354101403505,5.418231103090916,,,0.0,-1,-1,0,32,delayed
17,146,6,-20.22601597741681,22.38246250152588,20.82762082417806,1.729698474056938,51.393996619612416,,,0.0,-1,-1,0,32,delayed
17,176,2,-37.73059895849957,-8.327606439590454,-2.6188306808471697,0.1463444923846787,4.348288710272341,,,0.0,-1,-1,0,32,delayed
17,358,2,-44.27068743812933,20.77051830291748,14.646055221557617,0.2288630726277207,6.8001378028596235,,,0.0,-1,-1,0,32,delayed
17,380,5,-7.958671558112968,30.90498075485229,-47.46709976196289,2.0472945363778132,60.830630344007986,,,0.0,-1,-1,0,32,delayed
17,434,1,-7.634854104683307,46.7509880065918,15.847137451171877,0.1120306519650916,3.328732166180637,,,0.0,-1,-1,0,32,delayed
17,438,12,-38.35591354995204,5.734178225199382,13.626151323318481,6.05049921159219,179.77661464786632,,,0.0,-1,-1,0,32,delayed
17,522,2,38.683103750589325,31.25969958305359,-44.8066987991333,0.493930224913522,14.675996244588418,,,0.0,-1,-1,0,32,delayed
17,634,3,-26.871309398123895,12.590712229410807,31.83095423380534,1.5838809027226295,47.06136415179372,,,0.0,-1,-1,0,32,delayed
17,690,3,-12.590124901255502,18.77060063680013,6.233842213948567,0.7889289068805723,23.44120098472143,,,0.0,-1,-1,0,32,delayed
17,712,7,-11.393081817204932,29.47818238394601,22.145792961120605,2.808323134006272,83.44283805568449,,,0.0,-1,-1,0,32,delayed
17,720,1,24.126208245337093,11.750100135803224,6.674300193786621,0.2386827326843927,7.091906329760531,,,0.0,-1,-1,0,32,delayed
17,856,10,-14.309215619147064,4.384117603302002,10.308167266845704,4.178135456857661,124.14364859927423,,,0.0,-1,-1,0,32,delayed
17,858,3,4.05546260148192,14.890849749247232,15.729990641276041,0.7692482992741658,22.85643716838804,,,0.0,-1,-1,0,32,delayed
17,988,7,-14.947353777295072,48.86901412691389,-19.532899856567383,2.0044379458085375,59.557245702765044,,,0.0,-1,-1,0,32,delayed
17,1008,2,53.258714912657965,22.169999599456787,12.85860013961792,0.5219314915301327,15.507989232628479,,,0.0,-1,-1,0,32,delayed
17,1066,5,-10.213196819850308,16.422427463531495,-8.811692428588866,1.4911943858669046,44.30739829854642,,,0.0,-1,-1,0,32,delayed
17,1074,3,-15.642926940305403,-22.761199633280437,58.71837488810221,0.5543368785122138,16.470840489072085,,,0.0,-1,-1,0,32,delayed
17,1134,5,-2.21082043947073,7.615394592285156,-5.327225112915039,1.3511375512453587,40.14593282172806,,,0.0,-1,-1,0,32,delayed
17,1148,3,48.14740621562732,33.92009989420573,-24.83816655476888,1.1196145632993089,33.26676177641084,,,0.0,-1,-1,0,32,delayed
17,1196,10,-5.501614388459247,32.20469646453857,-3.083518695831299,2.888192024685215,85.81595774049185,,,0.0,-1,-1,0,32,delayed
17,1252,2,-19.47254925985735,6.207599639892578,10.803462505340576,0.42559006511643627,12.645426180340582,,,0.0,-1,-1,0,32,delayed
17,1292,1,11.083191466136569,3.325500011444092,-50.12749862670898,0.3829313094045107,11.377919745121623,,,0.0,-1,-1,0,32,delayed
17,1366,2,30.39489980300062,-9.976499557495117,24.63200092315674,0.6025735623240678,17.904082179430496,,,0.0,-1,-1,0,32,delayed
17,1450,3,32.12617889106871,29.48610003789266,17.168100039164226,0.9368143708723063,27.835276108494014,,,0.0,-1,-1,0,32,delayed
17,1476,2,-23.45450252805443,-18.622799396514893,-0.66510009765625,0.42481967088619577,12.622535694479257,,,0.0,-1,-1,0,32,delayed
17,1490,4,-19.68079802775245,-20.79130268096924,8.110628128051758,1.1259882691185277,33.45614172918321,,,0.0,-1,-1,0,32,delayed
17,1498,4,10.653636969778457,31.010287880897522,18.022568464279175,1.3394019352429976,39.79723608747021,,,0.0,-1,-1,0,32,delayed
17,1512,1,-60.4028397702984,-15.297300338745115,-35.05189895629883,0.0507916004165979,1.509155138463406,,,0.0,-1,-1,0,32,delayed
17,1518,6,-20.187893564430567,3.1730807622273765,8.427748203277588,1.694743575075426,50.355392500432515,,,0.0,-1,-1,0,32,delayed
17,1552,4,-15.788137319897396,24.477066040039062,16.798497319221497,0.7148631369814583,21.240507635610722,,,0.0,-1,-1,0,32,delayed
17,1570,5,-9.399006053951624,8.058795166015624,-6.27876968383789,1.8653532399073671,55.424664786416706,,,0.0,-1,-1,0,32,delayed
17,1646,3,1.2457062328903739,-37.356449127197266,5.032967885335286,0.9843959547044208,29.249053015452766,,,0.0,-1,-1,0,32,delayed
17,1656,1,-54.06492341614588,35.250301361083984,-51.01430130004883,0.2264720468954579,6.729093993638295,,,0.0,-1,-1,0,32,delayed
17,1672,1,-26.31334814588847,-9.533100128173828,-38.599098205566406,0.1226516198115222,3.64430970399056,,,0.0,-1,-1,0,32,delayed
17,1722,2,-7.5432379781790075,-40.127699851989746,9.754800796508789,0.47697512127906083,14.172214486123398,,,0.0,-1,-1,0,32,delayed
17,1774,9,-17.066656133239263,-40.86670027838813,-2.1447083155314126,3.47068850869086,103.12349589175508,,,0.0,-1,-1,0,32,delayed
17,1802,6,58.4019526593317,54.464300791422524,41.85069910685221,1.5338137128878992,45.57373320124752,,,0.0,-1,-1,0,32,delayed
17,1824,4,-3.8972496764493685,-13.128797054290771,9.66473388671875,0.9606597428964643,28.54378628387076,,,0.0,-1,-1,0,32,delayed
17,1826,3,-11.149830247039377,-43.70261255900065,-2.5480794906616233,0.9039948429441957,26.860119610009953,,,0.0,-1,-1,0,32,delayed
17,1878,2,-3.304656638059374,34.29421806335449,5.912206411361694,1.0709619747257793,31.821162436302345,,,0.0,-1,-1,0,32,delayed
17,1892,1,-59.7323297277936,48.30288696289063,38.34968566894531,0.0848425561051278,2.5209006697214,,,0.0,-1,-1,0,32,delayed
17,1896,2,-15.952371536707144,-10.433756828308105,-4.91896915435791,0.2330116508828221,6.923403227450534,,,0.0,-1,-1,0,32,delayed
17,1968,4,-41.60729514153308,-18.290250301361084,-9.574668884277344,0.638445323882112,18.96992875321488,,,0.0,-1,-1,0,32,delayed
17,2042,4,-4.662949030494493,13.142652988433838,-8.01583957672119,0.5004715355712914,14.870356188171385,,,0.0,-1,-1,0,32,delayed
17,2084,1,-19.751928444234345,45.97503662109375,40.67753601074219,0.0764510808533584,2.271567356897534,,,0.0,-1,-1,0,32,delayed
17,2132,1,-43.06536581410284,-8.729437828063965,25.54651260375977,0.0839425349219086,2.4941586182357103,,,0.0,-1,-1,0,32,delayed
17,2198,2,-8.756541864616263,-23.763469219207764,44.84826850891113,0.44204684641500214,13.134401441123721,,,0.0,-1,-1,0,32,delayed
17,2294,3,-1.213777183247288,-21.495662053426106,7.520796140034993,1.1144780050640848,33.11414080776399,,,0.0,-1,-1,0,32,delayed
17,2422,3,9.767981805977628,-4.997487545013428,-4.432528972625732,0.680601749762185,20.22250961726211,,,0.0,-1,-1,0,32,delayed
17,2448,40,35.288006325785474,7.648649787902832,-31.493614959716798,21.748947851808733,646.2197713306128,,,0.0,-1,-1,0,32,delayed
17,2590,2,-25.076097472218898,61.85430145263672,-16.207399606704712,0.7001047537362262,20.801996351711963,,,0.0,-1,-1,0,32,delayed
17,2594,11,-10.645216270648614,1.6299981203946197,27.27213296023282,6.0310919568440156,179.19997288059676,,,0.0,-1,-1,0,32,delayed
17,2596,2,39.09019913353867,23.72189998626709,33.27829933166504,0.5420480937074592,16.105707621010183,0.40504178404808044,107.91128540039062,107.91128540039062,4,14,1,32,delayed
17,2612,1,26.95192913875018,-43.67490005493164,41.259498596191406,0.8180084718294498,24.30523311812389,,,0.0,-1,-1,0,32,delayed
17,2634,4,9.532129101065069,1.2124220132827759,-3.4593405723571777,0.6281952253816386,18.66537074175498,,,0.0,-1,-1,0,32,delayed
17,2770,3,-43.941670969149065,8.969612757364908,14.467395305633545,1.2883318616622932,38.279806761875705,,,0.0,-1,-1,0,32,delayed
17,2800,2,1.0376941134002813,30.30361843109131,39.250343322753906,0.5738248986555051,17.04988201358596,,,0.0,-1,-1,0,32,delayed
17,2820,5,-1.2657205700353913,-0.07205238342285121,6.360142707824707,1.2586688390549112,37.39843853124091,,,0.0,-1,-1,0,32,delayed
17,2876,3,-5.87621554765638,-2.078437487284343,21.558853149414062,1.102705890609059,32.76435960625304,,,0.0,-1,-1,0,32,delayed
17,3094,3,-33.49833090920282,49.568424224853516,-4.204533418019612,0.6603263436989781,19.620072738058727,,,0.0,-1,-1,0,32,delayed
17,3096,3,-30.656645490968184,10.133536656697592,18.41810353597005,1.241550803594043,36.889815629732055,,,0.0,-1,-1,0,32,delayed
17,3134,3,35.601123793891205,-49.291299184163414,-5.756433486938477,0.8494306579911182,25.238870832208192,,,0.0,-1,-1,0,32,delayed
17,3174,3,-51.15937989862508,23.795799612998962,22.78744125366211,0.7287913367589538,21.65435193449764,,,0.0,-1,-1,0,32,delayed
17,3260,7,14.718200211277082,2.3001376560756137,38.41302980695452,3.1291190273513223,92.97454737117663,,,0.0,-1,-1,0,32,delayed
17,3344,3,6.99373228516438,30.964098930358887,-12.275166829427084,1.0113582573030762,30.050175586464896,,,0.0,-1,-1,0,32,delayed
17,3372,6,-31.62682896839635,20.839799483617146,-3.0683212280273438,1.8631701303149864,55.35979872525409,,,0.0,-1,-1,0,32,delayed
17,3380,1,16.718668728141203,-60.52410125732422,-14.655500411987305,0.1822572897716293,5.415354568968936,,,0.0,-1,-1,0,32,delayed
17,3396,2,51.89374804041605,-48.55229949951172,-9.53309965133667,0.8295053900771163,24.646837499707622,,,0.0,-1,-1,0,32,delayed
17,3452,12,-38.15326030801116,15.059434652328491,-0.13551743825276633,2.7948574771420844,83.04273715154497,,,0.0,-1,-1,0,32,delayed
17,3554,2,25.042972747797947,-11.95794415473938,1.2886314392089844,0.3431045037246595,10.194558166684544,,,0.0,-1,-1,0,32,delayed
17,3608,2,-17.22035558524194,16.835343599319458,12.900169372558594,0.7168376114821254,21.29917458672086,,,0.0,-1,-1,0,32,delayed
17,3626,2,-24.461463266589494,23.860461950302124,51.734825134277344,0.4686656411050112,13.925317467723309,,,0.0,-1,-1,0,32,delayed
17,3668,9,-38.11496506644525,10.666233751508924,39.47358332739936,2.888510632380336,85.82542443254924,,,0.0,-1,-1,0,32,delayed
17,3676,2,-27.877871578399663,13.745399475097656,-37.49059867858887,1.2618933495648696,37.49424741627739,,,0.0,-1,-1,0,32,delayed
17,3708,1,-55.56558874937091,35.11173629760742,54.64463806152344,0.0790702259289735,2.349389205723428,,,0.0,-1,-1,0,32,delayed
17,3760,3,9.533835441928332,-5.49631251891454,42.54351298014323,0.4496278861886139,13.359654534851854,,,0.0,-1,-1,0,32,delayed
17,3800,4,0.8660754715687027,10.551534652709961,9.870371997356415,0.7024962367628877,20.873053748380556,,,0.0,-1,-1,0,32,delayed
17,3822,5,6.582529518495972,-12.182415223121643,11.010300064086914,2.0243013178042264,60.14743994095856,,,0.0,-1,-1,0,32,delayed
17,3850,5,-29.16565850509921,-4.672328090667724,14.088152122497558,2.110759815337617,62.71635457932667,,,0.0,-1,-1,0,32,delayed
17,3854,3,-13.172003391101475,-19.020013173421223,23.81280295054118,0.8605429969761795,25.569048328922243,,,0.0,-1,-1,0,32,delayed
17,3934,1,-47.91858135985187,-43.64718627929688,7.699662685394287,0.078162820243899,2.322427740814486,,,0.0,-1,-1,0,32,delayed
17,3968,2,-0.662527780094031,-40.792799949645996,-30.174500465393066,0.5036973370561977,14.966203431547834,,,0.0,-1,-1,0,32,delayed
17,3970,2,-32.374500880871935,53.69296836853027,7.856493949890137,1.3850630792183873,41.153951558008096,,,0.0,-1,-1,0,32,delayed
17,4014,1,20.15104156477292,-39.68429946899414,-63.87289810180664,0.1907724229194861,5.668362090673034,,,0.0,-1,-1,0,32,delayed
17,4032,5,-8.639094672446184,8.535450744628907,30.651155281066895,1.1418178961188166,33.92648254797021,,,0.0,-1,-1,0,32,delayed
17,4090,2,28.032150129412276,-20.618099749088287,18.844500064849854,0.4719281549580825,14.022255534358074,,,0.0,-1,-1,0,32,delayed
17,4148,2,-33.420177256683,36.08167552947998,12.93732476234436,0.3205428944666977,9.524192037947047,,,0.0,-1,-1,0,32,delayed
17,4194,4,3.4137249632087645,17.2995285987854,9.429178714752197,0.87440527983324,25.980934058707774,0.2794014811515808,93.70802307128906,93.70802307128906,2,8,1,32,delayed
17,4212,2,14.642084826562765,15.920831441879272,37.00563049316406,1.0594574248571,31.479331298720155,,,0.0,-1,-1,0,32,delayed
17,4288,3,23.33250639601522,36.64516258239746,25.177012125651043,1.3425883220645565,39.891912215126084,,,0.0,-1,-1,0,32,delayed
17,4320,5,-5.141339240533969,28.039508438110353,15.495947742462159,2.164710566978508,64.31937660255488,,,0.0,-1,-1,0,32,delayed
17,4328,1,-10.620220246311824,-48.1088981628418,-56.77849960327149,0.2021912369813614,6.007645786703328,,,0.0,-1,-1,0,32,delayed
17,4598,3,42.02592799056392,10.419900258382162,-10.205966631571451,1.65354227875402,49.13119110601289,,,0.0,-1,-1,0,32,delayed
17,4612,7,-4.380577277456866,6.488683819770813,16.166373048509872,1.437483268801842,42.71149646346936,,,0.0,-1,-1,0,32,delayed
17,4620,9,8.681547175893643,-2.0599623786078554,-9.435056792365181,2.8023247022157434,83.26460850424,,,0.0,-1,-1,0,32,delayed
17,4852,1,-36.44008801316255,-17.2648868560791,6.923712730407715,0.0617924837371433,1.836020987435792,,,0.0,-1,-1,0,32,delayed
17,4930,7,19.676731174547708,46.913302830287385,53.16795785086496,2.6295259771485253,78.1302933474784,,,0.0,-1,-1,0,32,delayed
17,4958,2,-64.25029025229023,49.21739959716797,-40.37269973754883,0.993928808292411,29.532299750317094,,,0.0,-1,-1,0,32,delayed
17,4978,1,-36.42412348834101,-22.696537017822266,34.46993637084961,0.0790816733604915,2.349729339721096,,,0.0,-1,-1,0,32,delayed
17,5062,4,-27.563282158389242,5.355440616607666,-4.3599971532821655,1.2089409723248592,35.92088978331925,,,0.0,-1,-1,0,32,delayed
17,5110,5,-38.18299008047866,7.94794445037842,-6.888444519042968,1.4777866791021061,43.909019247814754,,,0.0,-1,-1,0,32,delayed
17,5286,2,-27.026385065655077,-7.939631432294845,-15.228018283843994,0.2895714848478544,8.60394810807753,,,0.0,-1,-1,0,32,delayed
17,5308,5,42.0010822349049,-7.138739013671875,16.153740310668944,1.497726143448081,44.5014743945146,,,0.0,-1,-1,0,32,delayed
17,5340,1,-4.489842714839361,2.438699960708618,-11.995100021362305,0.4740894709124354,14.086474047883955,,,0.0,-1,-1,0,32,delayed
17,5360,4,-19.590377576026007,10.371403455734253,27.909002780914307,1.5309734905991301,45.489342553457,0.8182817697525024,32.303871154785156,32.303871154785156,0,11,1,32,delayed
17,5420,1,24.908469961592694,-25.495500564575195,21.749900817871094,0.2777197064964544,8.251799877814246,,,0.0,-1,-1,0,32,delayed
17,5432,2,-39.35361379309413,-36.649781227111816,9.408393859863281,0.19036090724841997,5.656134852616865,,,0.0,-1,-1,0,32,delayed
17,5494,1,43.911485629644616,-22.835100173950195,-51.901100158691406,0.1984887364516028,5.897634531814367,,,0.0,-1,-1,0,32,delayed
17,5690,2,-54.208604139539766,-12.207356452941895,-3.2007932662963885,0.1788186744784137,5.3131840546242195,,,0.0,-1,-1,0,32,delayed
17,5706,1,-62.095079401381945,-15.297300338745115,-35.05189895629883,0.0824576235787324,2.450037906044396,,,0.0,-1,-1,0,32,delayed
17,6010,3,-18.372860684789238,-26.95502535502116,3.056142171223956,0.47175536389556266,14.017121446876219,,,0.0,-1,-1,0,32,delayed
17,6028,1,-50.249401983797135,-15.297300338745115,-35.05189895629883,0.0824576235787324,2.450037906044396,,,0.0,-1,-1,0,32,delayed
17,6030,2,-40.660089263252694,-13.385137557983398,35.24588871002197,0.4286995170640975,12.737816365846221,,,0.0,-1,-1,0,32,delayed
17,6064,1,37.28620782870432,60.96749877929688,-62.98609924316406,0.2984416331778984,8.867504086259384,,,0.0,-1,-1,0,32,delayed
17,6086,2,-31.129267944791597,0.9699363708496094,41.647475242614746,1.1577141159046453,34.398802017629755,,,0.0,-1,-1,0,32,delayed
18,84,13,-11.377882402188535,-26.689269065856934,4.03928932776818,4.816511666550937,143.11152378393908,,,0.0,-1,-1,0,32,delayed
18,314,1,-19.751928444234345,-29.292112350463867,31.754112243652344,0.0803953342666981,2.3887617405617725,,,0.0,-1,-1,0,32,delayed
18,352,1,-10.364787849167138,-14.161087036132812,45.33323669433594,0.1131972836123589,3.363395932053866,,,0.0,-1,-1,0,32,delayed
18,358,4,19.944212687307896,48.995699882507324,-52.67704963684083,2.324100634743372,69.05528446555596,,,0.0,-1,-1,0,32,delayed
18,414,346,23.98879941962559,27.305702961593695,-39.481276513524136,175.4264894393896,5212.393108084385,,,0.0,-1,-1,0,32,delayed
18,416,1,59.01392611082417,-53.87310028076172,42.58969879150391,0.621264373607352,18.459436483269293,,,0.0,-1,-1,0,32,delayed
18,474,2,-1.117516737507998,15.006318092346193,-9.21440505981445,0.34287164972088213,10.187639447576853,,,0.0,-1,-1,0,32,delayed
18,520,3,27.789149647882894,6.872700373331706,-4.441766421000164,0.831811876891169,24.715369430158233,,,0.0,-1,-1,0,32,delayed
18,544,4,0.025852407225222862,6.353090167045593,3.4017090797424316,1.5179851293445106,45.10342338637316,,,0.0,-1,-1,0,32,delayed
18,652,1,-40.04807062283124,25.412363052368164,38.34968566894531,0.1309410654937355,3.890611443721473,,,0.0,-1,-1,0,32,delayed
18,800,5,-9.79645076552021,-17.841307067871092,-27.83178882598877,1.8226489799363592,54.15580629719959,,,0.0,-1,-1,0,32,delayed
18,858,1,-38.78687316192935,46.7509880065918,30.590187072753903,0.2519146970890176,7.485063602014527,,,0.0,-1,-1,0,32,delayed
18,874,1,-53.84142006864428,57.4202995300293,-47.467098236083984,0.2248254654103491,6.680169626444332,,,0.0,-1,-1,0,32,delayed
18,902,1,-8.912016090406738,7.565512657165527,51.92881393432617,0.3128634093150277,9.29601386710112,,,0.0,-1,-1,0,32,delayed
18,912,1,-52.26093211131153,40.93136215209961,44.55728912353516,0.1194111232676641,3.548025830865381,,,0.0,-1,-1,0,32,delayed
18,930,2,-41.258758944060546,40.640380859375,-11.569969177246094,0.2728726884303579,8.107781926801149,,,0.0,-1,-1,0,32,delayed
18,1036,1,-25.89827050052835,-12.997162818908691,19.338912963867188,0.1259736235544709,3.743015375352458,,,0.0,-1,-1,0,32,delayed
18,1126,1,52.62811618220702,45.89189910888672,3.1270999908447266,0.3196665875821876,9.498154602095797,,,0.0,-1,-1,0,32,delayed
18,1178,2,-54.91104323168766,-9.907218456268312,-2.0645809173583984,0.3929258599543493,11.674884739238886,,,0.0,-1,-1,0,32,delayed
18,1250,3,-14.770199583394396,9.653186798095703,9.938079833984375,0.3917413556440706,11.639689928448774,,,0.0,-1,-1,0,32,delayed
18,1330,2,-52.6919742814932,-50.43674850463867,16.429100513458252,0.7601935823564271,22.587397160755764,,,0.0,-1,-1,0,32,delayed
18,1336,2,-22.146607167465778,4.65570068359375,28.844300031661987,0.28081396508873047,8.343738627843122,,,0.0,-1,-1,0,32,delayed
18,1392,6,12.14229154011196,18.35953156153361,8.438456853230795,1.7871524435727997,53.101108673747405,,,0.0,-1,-1,0,32,delayed
18,1400,3,-41.70663749413306,-0.6558623313903809,13.672971407572428,0.6242219038383238,18.547312665721176,,,0.0,-1,-1,0,32,delayed
18,1426,7,-8.152663633164524,3.693680082048689,10.91431256702968,2.2832599867871193,67.84179890464002,,,0.0,-1,-1,0,32,delayed
18,1520,5,-32.62628921649855,0.4323148727416992,8.595534610748292,3.260432659924136,96.87622878546806,,,0.0,-1,-1,0,32,delayed
18,1572,1,43.08133033892438,55.64670181274414,-55.44829940795898,0.2735930209299818,8.129184943919983,,,0.0,-1,-1,0,32,delayed
18,1648,4,-11.737139146430893,-20.83980083465576,-26.726499557495117,0.8912761813922978,26.482213946908395,,,0.0,-1,-1,0,32,delayed
18,1660,5,4.209010990955868,-11.572739830613136,4.882060241699219,1.3030776841503047,38.71794483187398,,,0.0,-1,-1,0,32,delayed
18,1724,3,-38.53501856291988,-18.992300033569336,-30.76570002237956,0.5660105074738875,16.8176954215319,,,0.0,-1,-1,0,32,delayed
18,1892,4,-36.668360220478036,-33.164934158325195,19.761528253555298,0.7169158389080212,21.301498934069464,,,0.0,-1,-1,0,32,delayed
18,2058,1,-58.91813896189491,-49.85478591918945,9.251562118530272,0.1424513835514901,4.2326139697244125,,,0.0,-1,-1,0,32,delayed
18,2072,3,23.184301280866066,-3.1777000427246094,44.65889994303385,0.6945865655562137,20.63803613036497,,,0.0,-1,-1,0,32,delayed
18,2100,1,-51.750067317022165,-15.297300338745115,-35.05189895629883,0.0824576231682827,2.45003789384883,,,0.0,-1,-1,0,32,delayed
18,2108,1,-42.39485577159804,8.646300315856934,-17.315900802612305,0.9290917876096224,27.60581737678446,,,0.0,-1,-1,0,32,delayed
18,2148,7,-38.698713989922155,8.452313559395927,43.55963706970215,2.237212267739311,66.47359724835178,,,0.0,-1,-1,0,32,delayed
18,2308,6,7.788899213845313,-18.428812662760418,-2.2062918345133453,1.769186526676741,52.567292932985026,,,0.0,-1,-1,0,32,delayed
18,2354,4,27.531950946135087,45.00510013103485,-35.16274929046631,1.3383681878344948,39.76652066994804,,,0.0,-1,-1,0,32,delayed
18,2514,2,-45.436097750101965,-46.77869987487793,-27.29240083694458,0.4853569979467643,14.421262599183002,,,0.0,-1,-1,0,32,delayed
18,2540,1,-8.305364147188108,16.100961685180664,64.34400939941406,0.1436749378664735,4.268969061245466,,,0.0,-1,-1,0,32,delayed
18,2574,441,-46.38700360197915,-2.027222813121856,-8.400026072720552,181.40184546290078,5389.937016389414,,,0.0,-1,-1,0,32,delayed
18,2578,6,2.4660457881183433,-31.11189905802409,-41.33339977264404,3.0239924387243176,89.85095350694928,,,0.0,-1,-1,0,32,delayed
18,2626,2,3.783592382705662,16.25338077545166,21.04323101043701,0.513328626678828,15.252374965911848,,,0.0,-1,-1,0,32,delayed
18,2650,2,-30.339023966125225,17.458875179290768,22.63670015335083,0.5734355758594789,17.03831418557257,,,0.0,-1,-1,0,32,delayed
18,2710,3,9.250051793275778,5.690300305684407,2.9637654622395835,1.4270338412210455,42.401015848599684,,,0.0,-1,-1,0,32,delayed
18,2774,4,-38.12971207903814,30.2759051322937,-18.85835552215576,1.1249917766183566,33.426533255247776,,,0.0,-1,-1,0,32,delayed
18,2802,2,-48.66891402646439,0.34640598297118963,18.608942985534668,0.261601611099961,7.772887886651386,,,0.0,-1,-1,0,32,delayed
18,2814,2,-7.383592729963581,11.528400421142578,10.86329984664917,0.7556737158750808,22.453099763754206,,,0.0,-1,-1,0,32,delayed
18,2922,2,-39.390909539940026,-12.595331192016602,14.646055221557617,0.21732020314595762,6.457168086447172,,,0.0,-1,-1,0,32,delayed
18,2944,1,35.21081960190375,-22.391700744628903,-51.01430130004883,0.2648154211701127,7.868378832824245,,,0.0,-1,-1,0,32,delayed
18,2954,3,-17.228736405912,-25.347700119018555,-22.784499804178875,0.7089764336669141,21.065597837870797,,,0.0,-1,-1,0,32,delayed
18,2960,4,22.929578828936425,-30.864797353744507,37.51138472557068,1.666218614011031,49.50783914098506,,,0.0,-1,-1,0,32,delayed
18,2990,2,-0.23946787232314293,13.745400428771973,-3.768899917602539,0.23196237658426838,6.892226464239064,,,0.0,-1,-1,0,32,delayed
18,3000,3,-4.242512507585161,-31.998699188232422,-22.473366737365723,1.2606868547597885,37.458399208705984,,,0.0,-1,-1,0,32,delayed
18,3002,3,-34.27781194384178,2.1338621775309243,39.12563705444336,0.440552427369396,13.089998229506135,,,0.0,-1,-1,0,32,delayed
18,3112,3,-31.73159016228541,19.491124947865803,25.632593154907227,1.5205330129193537,45.17912786423255,,,0.0,-1,-1,0,32,delayed
18,3114,8,4.851485007144076,-13.617229700088501,27.48292362689972,3.063530668582735,91.02574072111786,,,0.0,-1,-1,0,32,delayed
18,3210,4,-27.037050676667256,-18.816787481307983,21.957743167877197,1.2888024225409036,38.29378839195016,,,0.0,-1,-1,0,32,delayed
18,3222,7,-32.837897150360554,-3.1077589307512548,-24.3284239087786,1.8858255901976146,56.03295340862074,,,0.0,-1,-1,0,32,delayed
18,3234,2,1.2611974609018866,10.198199272155762,-38.59910011291504,0.3161867628702595,9.394759645018562,,,0.0,-1,-1,0,32,delayed
18,3268,4,-38.27070945383062,-20.077707290649414,51.54083824157715,0.8351808537116749,24.81547079806806,,,0.0,-1,-1,0,32,delayed
18,3334,5,-12.37431521077607,-27.46308672428131,1.9722477912902843,1.5511798808149844,46.089728786100466,,,0.0,-1,-1,0,32,delayed
18,3336,2,-37.84235063225037,0.38797569274902344,36.021836042404175,0.2656900125367014,7.894365296021254,,,0.0,-1,-1,0,32,delayed
18,3386,9,5.8946150969352304,-14.315046310424805,9.672290484110514,3.279281386372569,97.43627517384392,,,0.0,-1,-1,0,32,delayed
18,3396,2,13.058981304022069,24.373144149780273,7.131556272506714,0.7007812083576467,20.82209563898547,,,0.0,-1,-1,0,32,delayed
18,3430,3,-26.63970386073181,26.3176368077596,11.450087865193685,0.760115820763538,22.585086654559444,,,0.0,-1,-1,0,32,delayed
18,3456,2,28.468558996796755,8.202899932861328,-35.71700096130371,0.5753641631866829,17.095617705267813,,,0.0,-1,-1,0,32,delayed
18,3652,2,-4.537736289303989,17.514299392700195,-41.70289993286133,1.7061031155260897,50.69291501795689,,,0.0,-1,-1,0,32,delayed
18,3658,5,-12.652097942670917,30.068061447143556,5.0871326446533205,1.4265605871950582,42.386954197868874,,,0.0,-1,-1,0,32,delayed
18,3878,2,-23.982527521943204,-17.070899963378906,-56.113399505615234,0.5582017280952833,16.585675571247823,,,0.0,-1,-1,0,32,delayed
18,3890,3,-7.238521665761373,59.591112772623696,12.580004374186197,0.6698919900602871,19.904293834470085,,,0.0,-1,-1,0,32,delayed
18,3960,1,31.437960613603728,27.269100189208984,-23.96689987182617,0.7599325487699533,22.579641150409422,,,0.0,-1,-1,0,32,delayed
18,4004,1,-35.258713176368374,-43.64718627929688,20.1148624420166,0.0934822448747223,2.777609074150751,,,0.0,-1,-1,0,32,delayed
18,4086,1,-55.56558874937091,-50.32590103149414,-45.250099182128906,0.1986165936621899,5.901433513629557,,,0.0,-1,-1,0,32,delayed
18,4152,2,17.579557393726652,42.35855579376221,46.81585502624512,0.5688994912002278,16.90353490285919,,,0.0,-1,-1,0,32,delayed
18,4208,6,-27.726681889405043,4.563324928283691,24.494908491770428,1.5540010839425422,46.173554323427126,,,0.0,-1,-1,0,32,delayed
18,4252,1,15.904477962242517,-48.1088981628418,23.08009910583496,0.4020349131115219,11.945539222774135,,,0.0,-1,-1,0,32,delayed
18,4290,5,-28.556859882999447,-22.91269454956055,-8.351664733886718,3.9534161713022153,117.46663386206973,,,0.0,-1,-1,0,32,delayed
18,4322,2,-21.4509546629508,7.884206771850586,0.9560813903808558,0.2844073859593404,8.450508832504173,,,0.0,-1,-1,0,32,delayed
18,4340,8,-24.522638017274254,-21.20006227493286,-32.393705904483795,2.730197390386717,81.12151196115971,,,0.0,-1,-1,0,32,delayed
18,4398,3,18.91923232685691,9.948787689208984,6.11375363667806,0.8328379444562448,24.745856658864238,,,0.0,-1,-1,0,32,delayed
18,4436,4,6.800887573977263,4.205371379852295,30.904159545898438,0.6211582962030417,18.45628463811229,,,0.0,-1,-1,0,32,delayed
18,4614,11,-15.979835411092262,-20.45434407754378,25.124069213867188,6.6366625078077215,197.1931036579909,,,0.0,-1,-1,0,32,delayed
18,4732,2,-4.1226586439438755,13.745399951934814,-44.36330032348633,1.4910400758478344,44.302813332601524,,,0.0,-1,-1,0,32,delayed
19,36,4,-8.120576436962502,28.58544397354126,13.313649892807007,1.3189270267001802,39.18887145269758,,,0.0,-1,-1,0,32,delayed
19,152,3,1.9215377836690213,-4.212299982706703,20.918525377909344,1.1021177110864264,32.746883209730015,,,0.0,-1,-1,0,32,delayed
19,206,4,12.061018611456067,0.22170019149780185,-36.924699902534485,0.996880466719823,29.620001465683046,,,0.0,-1,-1,0,32,delayed
19,440,2,44.5580488849171,1.1085000038146982,16.18410015106201,0.41619378316615663,12.366237356373503,,,0.0,-1,-1,0,32,delayed
19,456,3,-28.055225061575275,-8.082812786102293,54.7739626566569,0.3290734910309762,9.777659019368091,,,0.0,-1,-1,0,32,delayed
19,500,1,-33.64629616939255,-34.33578872680664,11.19143772125244,0.0992382215772789,2.948634632437754,,,0.0,-1,-1,0,32,delayed
19,504,3,-3.4797931142863177,15.29729970296224,29.881842136383057,1.0053406669549392,29.87137678271445,,,0.0,-1,-1,0,32,delayed
19,542,1,-57.97623199742388,-58.00226211547852,53.86868667602539,0.1395693068318128,4.146979714153182,,,0.0,-1,-1,0,32,delayed
19,546,2,9.367005047820708,-37.2455997467041,16.429100036621094,0.5180144077957991,15.39160213324641,,,0.0,-1,-1,0,32,delayed
19,674,1,46.32212887769759,37.02389907836914,27.957500457763672,0.1870497893576055,5.557752629217817,,,0.0,-1,-1,0,32,delayed
19,740,2,-25.586962266508266,-22.696537256240845,13.907262802124023,0.1980220086179674,5.883766791821586,,,0.0,-1,-1,0,32,delayed
19,778,4,29.087894278846587,-34.25264930725098,13.313650131225586,0.9991920949052535,29.688686160113722,,,0.0,-1,-1,0,32,delayed
19,780,1,-17.021994699750515,6.789562702178955,18.950937271118164,0.3769291233423434,11.199578644163262,,,0.0,-1,-1,0,32,delayed
19,782,3,0.25495910033465446,-20.913699785868328,-12.866367022196451,1.0791174246133783,32.0634828003665,,,0.0,-1,-1,0,32,delayed
19,958,5,-21.23505052992874,3.5582853317260743,-2.5892305374145512,1.2888203648664445,38.294321506728274,,,0.0,-1,-1,0,32,delayed
19,966,7,20.708711007816685,-28.31029728480748,-26.65753439494542,2.2012845074125407,65.40608680044495,,,0.0,-1,-1,0,32,delayed
19,1108,1,9.64638423219771,22.835100173950195,62.98609924316406,0.3423129710024354,10.17103959933859,,,0.0,-1,-1,0,32,delayed
19,1122,9,-15.765321630603902,-24.559433725145126,-19.32547770606147,3.0635077202142096,91.0250588633304,,,0.0,-1,-1,0,32,delayed
19,1160,10,7.955050762086984,24.328804206848144,23.077328491210938,3.1679981843359553,94.12975175657162,,,0.0,-1,-1,0,32,delayed
19,1170,2,1.1574280495618585,3.0068063735961905,4.863543510437012,0.7546949470021223,22.424017906481,,,0.0,-1,-1,0,32,delayed
19,1212,1,61.55228555744949,-61.85430145263672,32.83489990234375,0.5105093275261994,15.168606000804289,,,0.0,-1,-1,0,32,delayed
19,1226,3,-39.39178139500935,-27.712500254313152,-48.20609919230143,0.97374087651719,28.932461967620107,,,0.0,-1,-1,0,32,delayed
19,1270,4,-15.252017955771732,-33.58754920959473,-25.18625020980835,1.7677151523264363,52.5235744412826,,,0.0,-1,-1,0,32,delayed
19,1284,1,-56.69907001170046,12.997162818908691,34.46993637084961,0.1021350164231952,3.0347062031488874,,,0.0,-1,-1,0,32,delayed
19,1326,5,10.123317210938525,-19.681416702270507,-7.923127555847168,2.575679269678065,76.5303627565568,,,0.0,-1,-1,0,32,delayed
19,1414,3,-28.846386084239935,40.4140625,2.655987501144409,1.047842717628035,31.13422708950599,,,0.0,-1,-1,0,32,delayed
19,1494,1,-62.749624919065205,-0.581962525844574,37.18576431274414,0.4362874751277736,12.963275020590627,,,0.0,-1,-1,0,32,delayed
19,1516,4,-35.98587678435708,9.297543048858643,17.41510021686554,7.928056766056581,235.56390246395895,,,0.0,-1,-1,0,32,delayed
19,1528,3,16.32940150763175,-51.25888697306315,43.20861307779948,0.7295851385930435,21.677937923263748,,,0.0,-1,-1,0,32,delayed
19,1532,7,16.109052895789283,-21.50489984239851,-15.78901468004499,1.8902133893699733,56.163326730453434,,,0.0,-1,-1,0,32,delayed
19,1592,3,-5.42920885265318,18.936875184377033,35.36597506205241,1.0121418841182876,30.073459248037175,,,0.0,-1,-1,0,32,delayed
19,1660,6,-27.103666863105577,-18.844500064849854,3.0469042460123696,0.825352736827563,24.52345099606494,,,0.0,-1,-1,0,32,delayed
19,1670,3,19.359083425589684,-12.01798709233602,12.986454010009766,0.7062943807153172,20.985906826752146,,,0.0,-1,-1,0,32,delayed
19,1692,1,45.66758336001433,-23.278499603271484,-50.12749862670898,0.2237004372794602,6.64674201300587,,,0.0,-1,-1,0,32,delayed
19,1778,1,-32.89073237236413,-4.46171236038208,63.95603561401367,0.0949241009082412,2.820450497221925,,,0.0,-1,-1,0,32,delayed
19,1808,2,-7.865144039817816,13.30199909210205,-35.93869972229004,0.2939641072474124,8.734464740970552,,,0.0,-1,-1,0,32,delayed
19,1822,4,18.160177038500493,-17.521228551864624,-8.235334157943726,0.9977002976485455,29.64436084890005,,,0.0,-1,-1,0,32,delayed
19,1824,1,-58.51902584135634,-15.297300338745115,-35.05189895629883,0.0824576235787324,2.450037906044396,,,0.0,-1,-1,0,32,delayed
19,1888,2,-51.143415373803535,-8.79871940612793,-0.2909812927246094,0.2172627087102331,6.455459772033076,,,0.0,-1,-1,0,32,delayed
19,1902,2,15.94319359951851,24.511706829071045,34.095818519592285,0.2385206213063037,7.087089564444225,,,0.0,-1,-1,0,32,delayed
19,1908,2,34.739866119668235,61.4109001159668,6.452600002288818,1.1466430266918293,34.06985016266029,,,0.0,-1,-1,0,32,delayed
19,2020,1,-52.16514496238228,-57.614288330078125,34.08196258544922,0.1280508120372594,3.8047342352947577,,,0.0,-1,-1,0,32,delayed
19,2068,2,-47.38913647553301,34.72376251220703,37.18576240539551,0.1639225941182597,4.870581418871404,,,0.0,-1,-1,0,32,delayed
19,2120,1,-26.23352552178076,5.099100112915039,-3.570499897003174,0.4797113534846436,14.253515308684896,,,0.0,-1,-1,0,32,delayed
19,2170,1,50.44097628165565,56.976898193359375,53.23130035400391,0.4557892071355861,13.542723961500725,,,0.0,-1,-1,0,32,delayed
19,2286,2,-5.7270933885089335,54.89846420288086,13.907262325286865,0.4687917796591287,13.929065383629547,,,0.0,-1,-1,0,32,delayed
19,2440,4,-50.38110931357486,-42.20613765716553,14.493637084960938,0.8692334093581198,25.827263868381507,,,0.0,-1,-1,0,32,delayed
19,2614,2,40.56430211432344,51.87779998779297,-16.40579891204834,0.6456357386613887,19.183575327113402,,,0.0,-1,-1,0,32,delayed
19,2616,2,-38.840133433596804,-54.70447540283203,23.024675726890564,0.5307788779914153,15.770868894432812,,,0.0,-1,-1,0,32,delayed
19,2646,7,-57.07765731461132,19.260187694004603,31.255287170410156,2.1130287782073474,62.783771572407225,,,0.0,-1,-1,0,32,delayed
19,2666,3,-19.343916017286716,-9.902600129445394,-6.717133204142253,0.4463822037321461,13.263216574306739,,,0.0,-1,-1,0,32,delayed
19,2796,3,-8.865159487420113,16.923100471496582,18.165749708811443,0.8029416531933863,23.857557388703864,,,0.0,-1,-1,0,32,delayed
19,2818,2,5.798933750205877,-5.542500019073486,11.306699752807617,0.521962235827542,15.508902728443399,,,0.0,-1,-1,0,32,delayed
19,3084,5,-41.898909276047036,-14.465925216674805,15.987465095520019,1.3436214182565536,39.922608283253325,,,0.0,-1,-1,0,32,delayed
19,3110,3,-19.49744264070972,22.35474928220113,27.05222511291504,0.6583819021879806,19.562298147896286,,,0.0,-1,-1,0,32,delayed
19,3146,4,25.815166690430296,34.5851993560791,8.990500450134277,1.1498448269874344,34.164984266110736,,,0.0,-1,-1,0,32,delayed
19,3150,4,-26.21427981096887,5.937403500080109,-2.7227525711059553,0.710311348195688,21.105261741035587,,,0.0,-1,-1,0,32,delayed
19,3156,2,53.913260430341225,-30.372899055480957,17.51430034637451,0.4714041577457859,14.006686167002217,,,0.0,-1,-1,0,32,delayed
19,3228,5,-30.670562969371723,-16.477852439880373,15.717647552490234,0.6767342235249756,20.107595004488477,,,0.0,-1,-1,0,32,delayed
19,3238,3,-18.165321862109177,25.86499997476737,27.310874303181965,0.6552700288800455,19.46983601726055,,,0.0,-1,-1,0,32,delayed
19,3374,3,23.444258069766022,-27.564700444539387,-5.460833231608073,0.5069695547624449,15.063429825775415,,,0.0,-1,-1,0,32,delayed
19,3388,1,-31.18252821645904,-51.21269989013672,-12.43850040435791,0.1685349815459785,5.007627862181565,,,0.0,-1,-1,0,32,delayed
19,3444,8,-29.49633133609663,-24.934322118759155,24.62035083770752,2.739085454854366,81.38560027600559,,,0.0,-1,-1,0,32,delayed
19,3568,4,-8.672548218083595,41.12534999847412,30.493193745613098,1.188696269260083,35.31936517282698,,,0.0,-1,-1,0,32,delayed
19,3592,2,10.720178417666038,-28.862568378448486,14.535206794738766,0.42834033205645333,12.72714401263232,,,0.0,-1,-1,0,32,delayed
19,3628,1,38.88266031085861,-13.523699760437012,12.8818998336792,0.1337948576419265,3.975405288554554,,,0.0,-1,-1,0,32,delayed
19,3636,2,1.9716188154605447,-50.39518165588379,-16.39194393157959,0.419504737460819,12.464614718890601,,,0.0,-1,-1,0,32,delayed
19,3642,6,-42.614826509893405,14.729193369547525,14.578451871871948,2.1571450888015296,64.09458588574202,,,0.0,-1,-1,0,32,delayed
19,3696,2,-35.95055444089754,-49.61923027038574,-8.771005630493164,0.31398711896775583,9.329402305005148,,,0.0,-1,-1,0,32,delayed
19,3744,2,37.509711176205926,-14.853899955749512,-19.31120014190674,0.4345564018243393,12.911840174090282,,,0.0,-1,-1,0,32,delayed
19,3792,2,-59.29330529520118,31.800092697143555,12.567618370056152,0.20641073970731122,6.133018568194707,,,0.0,-1,-1,0,32,delayed
19,3852,5,-1.4126484251083553,21.249945068359374,4.09679012298584,1.8310831411564785,54.40640792501937,,,0.0,-1,-1,0,32,delayed
19,3948,2,-47.96647493431651,-6.872700154781341,-19.089499473571777,0.2849590306550863,8.46689968099807,,,0.0,-1,-1,0,32,delayed
19,3988,3,-12.45892128240589,-37.236361821492515,12.321354866027832,0.3405742380708185,10.119377164671386,,,0.0,-1,-1,0,32,delayed
19,4020,8,-49.38267262092644,13.53409218788147,33.58770436048508,1.9507722885381769,57.96269460052975,0.6938583254814148,53.5045166015625,53.5045166015625,5,13,1,32,delayed
19,4108,6,-8.175505680217844,10.341381390889486,5.881139357884725,2.348403109339354,69.77737638849364,,,0.0,-1,-1,0,32,delayed
19,4164,2,-9.710242331483881,0.9699374735355377,11.191437244415283,0.5869748644308994,17.440602885891238,,,0.0,-1,-1,0,32,delayed
19,4198,6,13.148056603869158,-30.77934996287028,56.63993835449219,2.342985761755444,69.61641241263851,,,0.0,-1,-1,0,32,delayed
19,4220,3,-11.619866685276603,0.5265372594197597,8.533979415893555,0.4261503965988403,12.662075136643924,,,0.0,-1,-1,0,32,delayed
19,4274,1,-55.90084377062331,-52.54290008544922,-46.580299377441406,0.4400167716648113,13.074082456969125,,,0.0,-1,-1,0,32,delayed
19,4334,7,21.492467332762548,-1.6152429580688477,-4.88072885785784,5.518247175423609,163.96197425943438,,,0.0,-1,-1,0,32,delayed
19,4604,3,-8.600827783866366,26.539337158203125,22.59345467885335,0.4939219130625548,14.675749277127382,,,0.0,-1,-1,0,32,delayed
19,4636,2,6.896674722906518,51.72538185119629,4.087593555450438,0.4466522641266652,13.271240795413009,,,0.0,-1,-1,0,32,delayed
19,4648,2,-42.23521052338262,-46.55699920654297,24.964550018310547,0.24111515220166507,7.16418005973323,,,0.0,-1,-1,0,32,delayed
19,4832,3,-5.689962758071715,20.174699306488037,-28.40089988708496,1.332556036813765,39.593826021492085,,,0.0,-1,-1,0,32,delayed
19,4924,4,23.70784941398664,18.643584728240967,-14.098734736442566,1.5415771576475994,45.80440603799967,,,0.0,-1,-1,0,32,delayed
19,4950,2,21.923103819964176,58.7504997253418,60.990800857543945,0.895463540648751,26.60663165941669,,,0.0,-1,-1,0,32,delayed
19,4980,3,1.2943969238735764,-55.05549875895182,-22.341100056966145,1.1477418667036068,34.10249965660262,,,0.0,-1,-1,0,32,delayed
19,5196,4,-5.736563324743252,-0.2147722244262713,5.009034156799315,1.1927403659511038,35.43952616896882,,,0.0,-1,-1,0,32,delayed
19,5222,1,22.146607167465778,-1.995300054550171,-11.995100021362305,0.6535944784340638,19.42005090427794,,,0.0,-1,-1,0,32,delayed
19,5230,9,-19.902173100980978,-24.568670961591934,25.18415207333035,3.665033401944065,108.89800569025616,,,0.0,-1,-1,0,32,delayed
19,5244,6,10.969372262538583,-35.02860069274902,39.33033307393392,2.3188793741094287,68.90014676069251,,,0.0,-1,-1,0,32,delayed
19,5340,4,-12.95711751267495,7.205250144004822,-42.368000507354736,1.697761318984506,50.44505779330771,,,0.0,-1,-1,0,32,delayed
19,5352,3,-15.775964647151596,20.987600485483807,25.056925137837727,1.3426630280892968,39.89413193216957,,,0.0,-1,-1,0,32,delayed
19,5410,9,16.676412193157105,-8.175187428792318,16.698948754204643,2.085203666604713,61.95701262389986,,,0.0,-1,-1,0,32,delayed
19,5420,7,-33.51187955996128,-0.22565885952540807,10.032555171421595,1.723747831570844,51.21718701701299,,,0.0,-1,-1,0,32,delayed
19,5626,1,-58.42323869242709,44.11830139160156,-12.8818998336792,0.4196938656371091,12.470234225988923,,,0.0,-1,-1,0,32,delayed
19,5662,1,-37.41392402727666,-40.93136215209961,33.30601119995117,0.7070505994730366,21.0083761211759,,,0.0,-1,-1,0,32,delayed
19,5806,4,30.19403546012736,-17.181749999523163,-28.045049905776978,1.2908685870328724,38.3551796994575,0.2993371784687042,126.13959503173828,126.13959503173828,1,1,1,32,delayed
19,5880,2,47.7429715868149,5.099100112915039,25.962199687957764,0.9824454606265481,29.19109858723983,,,0.0,-1,-1,0,32,delayed
19,5904,3,-51.73410279220062,-12.04569943745931,-51.16209920247396,1.7151218105014836,50.96088471674003,0.3059309422969818,121.81243896484375,121.81243896484375,7,2,1,32,delayed
19,5930,3,-17.931175498059886,-1.6812241872151692,45.84130032857259,0.7813251197135105,23.215272004716233,,,0.0,-1,-1,0,32,delayed
19,5942,3,-35.9221580004607,-8.480025609334314,23.4340664545695,1.3866314820647103,41.200553027449786,,,0.0,-1,-1,0,32,delayed
20,32,1,51.35095419648359,-52.98630142211914,47.467098236083984,0.102553571741554,3.0471426080711854,,,0.0,-1,-1,0,32,delayed
20,138,2,5.175121607387837,-37.730567932128906,-0.5403938293457067,0.3109743323612344,9.239884306930023,,,0.0,-1,-1,0,32,delayed
20,176,1,-55.27822730258314,42.09528732299805,34.46993637084961,0.0963692276364801,2.863389101435308,,,0.0,-1,-1,0,32,delayed
20,362,3,-0.3790975007717859,-28.599299271901447,56.70459874471029,0.5944277685835677,17.66204872548323,,,0.0,-1,-1,0,32,delayed
20,438,3,12.924433328887845,15.445098876953125,42.146300633748375,0.9226316946284743,27.413870628946505,,,0.0,-1,-1,0,32,delayed
20,518,7,-21.533113285037917,16.987762655530656,9.085287162235804,2.53719978039116,75.38703357404489,,,0.0,-1,-1,0,32,delayed
20,526,5,25.08088682966536,-52.98630142211914,38.953819274902344,2.141383889866449,63.62627824892558,,,0.0,-1,-1,0,32,delayed
20,640,5,25.29156433059496,20.440739440917973,20.57842102050781,1.8337816917556857,54.48658912564693,,,0.0,-1,-1,0,32,delayed
20,728,2,33.89911300132928,-22.39169979095459,8.891300201416016,0.7714933214149509,22.92314281798247,,,0.0,-1,-1,0,32,delayed
20,764,7,-6.508317576545608,-39.76347896030971,5.791281836373465,2.8304675340282692,84.10080777523018,,,0.0,-1,-1,0,32,delayed
20,770,3,-30.97141159564377,-13.616074879964193,19.055491765340168,1.2073984615545488,35.87505763713649,,,0.0,-1,-1,0,32,delayed
20,778,2,-3.3563614525098178,57.86370086669922,-10.44320011138916,0.7453833368948568,22.147344910838292,,,0.0,-1,-1,0,32,delayed
20,924,3,32.75331975086416,-19.130861918131508,33.08431220054627,1.0855034401916543,32.25322850920842,,,0.0,-1,-1,0,32,delayed
20,926,5,-6.814899711742808,22.39170093536377,-34.776539421081544,1.366197651920069,40.59340894243694,,,0.0,-1,-1,0,32,delayed
20,1048,1,-7.714676728791021,-47.91491317749024,48.0490608215332,0.063231069075943,1.878765229364782,,,0.0,-1,-1,0,32,delayed
20,1070,3,28.70087127284947,30.372899532318115,-10.781633694966635,1.0552719993602306,31.354971043413215,,,0.0,-1,-1,0,32,delayed
20,1108,1,-50.856053927015765,38.21553802490234,54.25666427612305,0.1510927076684442,4.489370964724856,,,0.0,-1,-1,0,32,delayed
20,1114,5,57.375965864133875,-22.569059371948242,18.38006000518799,1.87895427983346,55.828788285667606,,,0.0,-1,-1,0,32,delayed
20,1176,1,-42.0436362255241,25.052099227905277,-51.01430130004883,0.1525823604452511,4.533632557669459,,,0.0,-1,-1,0,32,delayed
20,1188,2,23.28008842979532,-47.22209930419922,-24.188599586486816,0.9801139119774114,29.121822002222586,,,0.0,-1,-1,0,32,delayed
20,1224,1,57.32168647974063,-2.438699960708618,3.570499897003174,0.1682670375412043,4.9996665247102365,,,0.0,-1,-1,0,32,delayed
20,1274,4,-12.008536068397122,7.807996988296509,4.1083784103393555,1.570710005528153,46.67002135069698,,,0.0,-1,-1,0,32,delayed
20,1400,5,-4.10683803209799,-11.661419677734376,-32.38218059539795,1.8835351585473898,55.964898520295016,,,0.0,-1,-1,0,32,delayed
20,1486,1,13.5896218631188,-5.542500019073486,18.202699661254883,0.1684782288085078,5.005941585618643,,,0.0,-1,-1,0,32,delayed
20,1512,4,-12.02849172442405,-30.698520928621292,-3.0575093030929565,0.6264759898884884,18.614287628456022,,,0.0,-1,-1,0,32,delayed
20,1530,2,-5.958578998421306,5.625637531280518,59.30033874511719,0.27002888673516856,8.023284925213002,,,0.0,-1,-1,0,32,delayed
20,1544,1,-43.831663005536896,-52.54290008544922,-44.80670166015625,0.1776133753223705,5.277371373003464,,,0.0,-1,-1,0,32,delayed
20,1552,5,-11.651672462759153,10.896555328369143,-1.5343902587890625,1.912133152201952,56.814621874541245,,,0.0,-1,-1,0,32,delayed
20,1588,1,43.2729046367829,-48.99570083618164,38.599098205566406,0.1907521566826457,5.667759926236114,,,0.0,-1,-1,0,32,delayed
20,1664,2,-62.749624919065205,-19.731300354003903,-25.297099590301514,0.3199742276132957,9.507295415339245,,,0.0,-1,-1,0,32,delayed
20,1676,2,-43.59219513321376,-39.69815540313721,-2.507980346679691,0.4695145708730283,13.950541455766395,,,0.0,-1,-1,0,32,delayed
20,1696,1,49.51503384200616,38.35409927368164,38.15570068359375,0.1933702014031092,5.745549080549184,,,0.0,-1,-1,0,32,delayed
20,1720,6,30.120842126897468,-19.509600798288975,8.720199902852377,2.074700595146624,61.644938105069684,,,0.0,-1,-1,0,32,delayed
20,1784,7,-33.32561385925404,-9.022398227027484,-0.4190156119210379,1.2547462900613957,37.28188904430047,,,0.0,-1,-1,0,32,delayed
20,1802,1,60.546520493692285,-23.278499603271484,-51.901100158691406,0.2577849250540185,7.659483872781142,,,0.0,-1,-1,0,32,delayed
20,1812,9,-2.970220570776339,-6.281499915652805,26.173544353908962,2.167345939950242,64.39768062584692,,,0.0,-1,-1,0,32,delayed
20,1822,7,6.685524753255452,-11.235439573015485,13.58119283403669,3.063680100912615,91.03018075779008,,,0.0,-1,-1,0,32,delayed
20,1910,3,-46.26891379495911,-1.893687566121418,-35.56290499369304,1.762026716957123,52.35455571777314,0.31580641865730286,339.739013671875,508.25958251953125,7,2,2,32,delayed
20,1926,1,53.39441337364108,27.269100189208984,8.891300201416016,0.2257773587105754,6.708452938124269,,,0.0,-1,-1,0,32,delayed
20,1944,4,-35.38381380973277,-17.16096580028534,24.97368335723877,1.315080263246908,39.07457375811141,,,0.0,-1,-1,0,32,delayed
20,2014,1,-61.32878220994789,-42.48326110839844,57.74843597412109,0.2692006160176458,7.998674773157623,,,0.0,-1,-1,0,32,delayed
20,2078,2,-46.13055457983907,-59.16618728637695,3.0439624786376958,0.1516533334858406,4.506028666512939,,,0.0,-1,-1,0,32,delayed
20,2248,2,-55.89286150821254,60.33011245727539,29.232275009155273,0.684942637946921,20.351489087405927,,,0.0,-1,-1,0,32,delayed
20,2368,3,9.481417475708433,-48.256701151529946,39.33810043334961,1.0655989199509193,31.66181164591663,,,0.0,-1,-1,0,32,delayed
20,2508,2,-45.15410300051701,9.533099174499512,-27.07069969177246,0.18578281790354761,5.520107497650887,,,0.0,-1,-1,0,32,delayed
20,2524,4,28.961485862878213,16.468153715133667,11.643971681594849,1.3134700528331131,39.026730073327826,,,0.0,-1,-1,0,32,delayed
20,2674,3,5.838964989739449,35.0193620522817,33.10278828938802,0.7716961095060884,22.9291681979124,,,0.0,-1,-1,0,32,delayed
20,2710,1,-10.077426402379366,44.03516387939453,5.371812343597412,0.1259301396681741,3.741723352066975,,,0.0,-1,-1,0,32,delayed
20,2730,1,7.09206026075085,-25.938899993896484,56.77849960327149,0.4615729505260347,13.71457454281056,,,0.0,-1,-1,0,32,delayed
20,2754,1,17.692504742255316,6.429299831390381,26.62730026245117,0.1870465186628855,5.557655448075608,,,0.0,-1,-1,0,32,delayed
20,2892,4,-16.88170727017308,5.043674945831298,21.377988100051883,0.5572463530443481,16.557288807384264,,,0.0,-1,-1,0,32,delayed
20,2914,3,5.087835206608356,-55.24948755900065,6.169179280598958,0.8727150730157638,25.93071346548492,,,0.0,-1,-1,0,32,delayed
20,2932,4,-27.627738095064345,-1.4479777812957764,7.556378364562989,1.1426519130097825,33.95126343430266,,,0.0,-1,-1,0,32,delayed
20,2946,1,-60.86581099012314,-15.297300338745115,-35.05189895629883,0.0824576235787324,2.450037906044396,,,0.0,-1,-1,0,32,delayed
20,3274,5,-15.6246924644422,8.419057750701905,5.907422351837156,2.2439280785032767,66.6731420597036,,,0.0,-1,-1,0,32,delayed
20,3278,4,17.665874606421593,-14.964749574661255,-25.507150650024414,1.0821252709301898,32.15285400913907,,,0.0,-1,-1,0,32,delayed
20,3292,6,-11.480635615087246,-29.74013074239095,2.609593709309896,1.323922367118332,39.33729645995457,,,0.0,-1,-1,0,32,delayed
20,3298,4,33.69496747246568,6.630215644836426,22.44964075088501,0.5671696128075718,16.852135560373807,,,0.0,-1,-1,0,32,delayed
20,3344,6,-4.9617879796239075,5.3346560796101885,6.764997680981954,1.4890912793017306,44.244909342625846,,,0.0,-1,-1,0,32,delayed
20,3348,6,31.581596148068645,24.091400305430096,7.759499549865723,2.3448710089819267,69.67242818130467,,,0.0,-1,-1,0,32,delayed
20,3358,7,-47.07399488636805,12.506255967276436,-17.566573449543544,2.22867427861831,66.2199106141757,,,0.0,-1,-1,0,32,delayed
20,3414,10,8.157321957409433,-29.386335372924805,25.80789279937744,2.8049212242696964,83.34175816220936,,,0.0,-1,-1,0,32,delayed
20,3452,2,-9.29135344613795,-33.82310628890991,49.91965675354004,0.3402679805650425,10.110277429976202,,,0.0,-1,-1,0,32,delayed
20,3542,3,-1.470006696910552,-7.1682999928792315,-30.306767145792644,1.2649398181098481,37.584766195388724,,,0.0,-1,-1,0,32,delayed
20,3592,1,-17.82022094082766,-30.372900009155277,-13.325300216674805,0.322660632254502,9.587115726867438,,,0.0,-1,-1,0,32,delayed
20,3626,2,38.603281126481605,5.099100112915039,29.731099128723145,0.357195529413953,10.613240461607223,,,0.0,-1,-1,0,32,delayed
20,3680,5,-40.802218377294864,-11.306699848175048,-45.959539794921874,1.5070519517877632,44.778569257852624,,,0.0,-1,-1,0,32,delayed
20,3764,1,-44.03920182821696,-15.712987899780272,61.240211486816406,0.2663316220768461,7.913429242155152,,,0.0,-1,-1,0,32,delayed
20,3788,8,0.6554983276797088,20.756662368774414,10.340381264686584,2.433776016459654,72.31403521415363,,,0.0,-1,-1,0,32,delayed
20,3804,1,-10.76390096970571,-32.78388595581055,36.0218391418457,0.0892142856016121,2.650796518237234,,,0.0,-1,-1,0,32,delayed
20,3812,4,-11.821550739132926,-4.302366018295288,42.432560443878174,1.320570171309804,39.23769370107158,,,0.0,-1,-1,0,32,delayed
20,3816,8,-16.210154472062044,-32.198461055755615,-19.9877952337265,2.4634975274013886,73.19714129060556,,,0.0,-1,-1,0,32,delayed
20,3826,4,7.0576277537259235,10.863299369812012,-23.29015064239502,1.1660891030358047,34.647645424017554,,,0.0,-1,-1,0,32,delayed
20,3836,1,13.445941139724912,19.287900924682617,-51.45769882202149,0.1933073727100896,5.743682270995325,,,0.0,-1,-1,0,32,delayed
20,3860,1,-31.134634641994417,21.061500549316406,-41.70289993286133,0.4630439179913158,13.75828094486392,,,0.0,-1,-1,0,32,delayed
20,3902,6,-36.2343380895501,-34.017093340555824,-16.059393246968586,1.7060142039248014,50.69027321500418,,,0.0,-1,-1,0,32,delayed
20,3980,2,-6.140975359091186,-15.297300338745115,5.32080078125,0.1592900188884975,4.732935141633222,,,0.0,-1,-1,0,32,delayed
20,3992,4,-10.482018327946868,11.085000038146973,-7.21689987182617,0.9462572717925132,28.115850107518348,,,0.0,-1,-1,0,32,delayed
20,4020,7,-29.459512523057565,-40.45629119873047,-6.6753838402884345,1.4607007350080443,43.401349867177835,,,0.0,-1,-1,0,32,delayed
20,4026,1,-59.63654257886434,-43.64718627929688,6.923712730407715,0.0704354432014578,2.092826573007352,,,0.0,-1,-1,0,32,delayed
20,4086,1,-48.988204522895245,-15.297300338745115,-35.05189895629883,0.0824576235787324,2.450037906044396,,,0.0,-1,-1,0,32,delayed
20,4128,4,-2.335409592539575,-24.878896713256836,2.4157092571258545,0.7661183073203272,22.76343668402171,,,0.0,-1,-1,0,32,delayed
20,4160,2,33.43614178150454,40.34940052032471,-49.240699768066406,0.632159943865997,18.783173197754667,,,0.0,-1,-1,0,32,delayed
20,4168,5,-3.3548369565154914,-4.9549947738647475,5.646925163269043,1.6259884343419193,48.3124922357691,,,0.0,-1,-1,0,32,delayed
20,4208,1,-64.07468047925326,-15.297300338745115,-35.05189895629883,0.0824576235787324,2.450037906044396,,,0.0,-1,-1,0,32,delayed
20,4268,5,-37.91416388058993,17.885647201538085,50.22172317504883,0.986547406117686,29.312978426915535,,,0.0,-1,-1,0,32,delayed
20,4290,1,-56.53942476348502,30.06806182861328,41.45348739624024,0.1139448260496992,3.385607429649496,0.8981510996818542,42.7685546875,42.7685546875,5,4,1,32,delayed
20,4320,4,2.7732383503541413,11.306700468063354,7.858699798583984,1.654992161665648,49.174271029234575,,,0.0,-1,-1,0,32,delayed
20,4400,2,8.0647006000871,-21.948299884796143,-3.768899917602539,0.8662978833479237,25.74004149054651,,,0.0,-1,-1,0,32,delayed
20,4448,5,-26.728425791248583,-24.26506576538086,38.368080139160156,2.6404924474834837,78.45613669403693,,,0.0,-1,-1,0,32,delayed
20,4450,1,-8.672548218083595,37.91070175170898,-28.40089988708496,0.1530064605272173,4.546233712440573,,,0.0,-1,-1,0,32,delayed
20,4712,2,-33.183324949567805,3.865894317626953,14.119518280029297,0.4234209675264985,12.580976453479572,,,0.0,-1,-1,0,32,delayed
20,4722,9,-37.783838954088296,7.2052502102322045,35.20166142781576,3.465910949287505,102.98154174453884,,,0.0,-1,-1,0,32,delayed
20,4740,3,19.714677886317414,-15.001699765523275,6.954366048177082,0.8350896873856468,24.81276200117543,,,0.0,-1,-1,0,32,delayed
20,4748,4,-48.176697105597974,-1.2886316776275621,-1.5519003868103027,1.1718225836413494,34.81800256272095,,,0.0,-1,-1,0,32,delayed
20,4922,4,4.330377357843504,14.77769124507904,28.423890590667725,0.7605132663124828,22.596895831421953,,,0.0,-1,-1,0,32,delayed
20,4996,3,-28.84812979437857,53.34656270345052,32.65938742955526,0.9137762357212265,27.150751113048017,,,0.0,-1,-1,0,32,delayed
20,5040,3,-44.63346704474926,-29.347537358601887,-19.175579071044922,0.44022963954947797,13.080407334691497,,,0.0,-1,-1,0,32,delayed
20,5056,2,-12.750288635209932,-2.923669815063482,-28.225180864334106,0.7906393825722549,23.49202382074445,,,0.0,-1,-1,0,32,delayed
20,5068,1,51.71813826737908,18.401100158691406,6.230899810791016,0.2961914185064041,8.800644152603471,,,0.0,-1,-1,0,32,delayed
20,5170,3,-10.112136133639089,-17.070899327596027,20.071616490681965,0.4174660600106213,12.40404012536726,,,0.0,-1,-1,0,32,delayed
20,5394,1,-46.864922721630045,-15.297300338745115,-35.05189895629883,0.0824391660188588,2.449489482267664,,,0.0,-1,-1,0,32,delayed
20,5402,3,11.261581920790176,14.549062728881836,-31.720103581746418,1.1238520650128934,33.392669356263625,,,0.0,-1,-1,0,32,delayed
20,5436,4,-27.069689671525392,-1.3232722878456116,-11.493759155273438,1.5297013446656613,45.45154367418124,,,0.0,-1,-1,0,32,delayed
20,5516,2,-14.753836500313566,-6.429299354553223,-37.26889991760254,0.4638282346938942,13.781585104846485,,,0.0,-1,-1,0,32,delayed
20,5524,4,-28.037449043221635,24.06137728691101,45.494788646698,1.9417216768136005,57.6937765692342,,,0.0,-1,-1,0,32,delayed
20,5562,2,-46.13055457983907,15.920830726623535,-7.662506103515627,0.15289470212755069,4.542913069622864,,,0.0,-1,-1,0,32,delayed
20,5582,4,-15.455565647246408,-29.3752498626709,-20.962300300598145,2.224698710232393,66.10178577840149,,,0.0,-1,-1,0,32,delayed
20,5714,3,6.873878421523098,28.15589968363444,-24.853700002034504,0.8228729086924294,24.449768628469766,,,0.0,-1,-1,0,32,delayed
20,5740,3,-34.68050286251557,-20.627337137858074,16.881737391153973,0.7818054389906341,23.22954358307227,,,0.0,-1,-1,0,32,delayed
20,5790,4,33.04638648937418,0.9976499974727631,11.66254997253418,2.0567099870534467,61.11038872239209,,,0.0,-1,-1,0,32,delayed
20,5982,1,-40.79840328944376,57.4202995300293,-47.467098236083984,0.3198849367389266,9.504642343162608,,,0.0,-1,-1,0,32,delayed
20,5984,1,40.814367814265296,-22.835100173950195,-51.901100158691406,0.1984887364516028,5.897634531814367,,,0.0,-1,-1,0,32,delayed
20,6022,1,-60.81791741565851,-54.5104866027832,49.6009635925293,0.056031600992507,1.664849657435488,,,0.0,-1,-1,0,32,delayed
20,6100,3,-25.21632032495728,-8.8495241800944,56.44595082600912,1.1250153206680997,33.42723281232726,,,0.0,-1,-1,0,32,delayed
20,6122,2,7.8970730894609,34.26650619506836,14.091806411743164,0.538388149256414,15.996960821746487,,,0.0,-1,-1,0,32,delayed
20,6178,2,-43.29423585880726,-29.042699575424194,-46.13689994812012,0.3483359857497039,10.349999576585356,,,0.0,-1,-1,0,32,delayed
20,6236,1,34.42855788564815,45.89189910888672,23.523500442504883,0.3471973761782104,10.316168421996226,,,0.0,-1,-1,0,32,delayed
21,22,3,32.79057030878108,6.6417624155680315,13.469745635986328,1.176465840118568,34.95596620856638,,,0.0,-1,-1,0,32,delayed
21,144,1,-39.026341034252496,-38.35409927368164,-17.759300231933594,0.1952496632931638,5.801392951300601,,,0.0,-1,-1,0,32,delayed
21,148,2,-42.2112637361503,58.97220039367676,-10.221500396728516,0.9181268270136387,27.280018888633847,,,0.0,-1,-1,0,32,delayed
21,206,2,-42.2671395730257,-20.839799880981445,-47.02370071411133,0.795211817761341,23.627883175525582,,,0.0,-1,-1,0,32,delayed
21,402,1,10.891617168278051,-17.957700729370117,36.38209915161133,0.8806173215192111,26.1655105350117,,,0.0,-1,-1,0,32,delayed
21,432,8,17.924435270385,7.264138996601105,-24.49217939376831,1.8630619223616443,55.35658357575163,,,0.0,-1,-1,0,32,delayed
21,434,3,-10.596393386559223,-4.360099792480469,-53.37910079956055,1.237237281477748,36.76164927912904,,,0.0,-1,-1,0,32,delayed
21,500,2,-19.82376880593129,-33.36584949493408,30.590187430381775,0.4965592344882752,14.754111194230997,,,0.0,-1,-1,0,32,delayed
21,516,11,-16.630437109782154,15.420746456493031,1.4003392999822444,3.498862930048827,103.96063377315396,,,0.0,-1,-1,0,32,delayed
21,572,7,6.143311357070589,30.816299438476562,32.32815660749163,2.5122373544758805,74.6453327213534,,,0.0,-1,-1,0,32,delayed
21,586,2,-38.0578717173412,4.059881210327148,12.706181764602661,0.661510323482723,19.655251963753912,,,0.0,-1,-1,0,32,delayed
21,692,2,28.882440967379008,29.943355321884155,-14.368931770324707,0.3493969043997692,10.38152232481745,,,0.0,-1,-1,0,32,delayed
21,764,2,-20.015343103789803,-0.34640502929687855,-15.9485445022583,0.6392818545617048,18.99478433097252,,,0.0,-1,-1,0,32,delayed
21,792,6,-29.771012921631847,37.92455641428629,-17.591347694396973,1.8456292871739746,54.83861306971039,,,0.0,-1,-1,0,32,delayed
21,804,5,-13.608779292904652,2.9818653106689452,25.265609741210938,0.7084904484383481,21.051157908849227,,,0.0,-1,-1,0,32,delayed
21,974,2,21.021108167547006,-15.297300338745117,-34.386799812316895,0.6860129242947949,20.383290175150222,,,0.0,-1,-1,0,32,delayed
21,986,7,-28.762382028060966,45.594980648585725,41.44683020455496,2.6194403622304114,77.83062258590775,,,0.0,-1,-1,0,32,delayed
21,1124,2,-54.8711319196338,-26.950406074523926,5.916618347167969,0.138490859918599,4.114936154050976,,,0.0,-1,-1,0,32,delayed
21,1138,3,-10.793289192691583,-3.8705125649770102,-8.293804168701172,0.583113052614097,17.32585806392651,,,0.0,-1,-1,0,32,delayed
21,1190,2,1.2133038864372594,3.5472002029418936,-46.80200004577637,0.31995703102728124,9.506784458489392,,,0.0,-1,-1,0,32,delayed
21,1220,2,59.52479090511355,-24.60870099067688,-19.731299400329593,0.5532084277699925,16.437311180640016,,,0.0,-1,-1,0,32,delayed
21,1258,1,-44.74164092036485,-44.81111145019531,38.34968566894531,0.084834379368329,2.5206577168659154,,,0.0,-1,-1,0,32,delayed
21,1268,1,43.73587585660764,50.7692985534668,-31.94809913635254,0.3130735891895433,9.302258876807944,,,0.0,-1,-1,0,32,delayed
21,1320,2,-24.062350146050925,-45.44849967956543,-33.056599378585815,0.427684298213565,12.7076514816453,,,0.0,-1,-1,0,32,delayed
21,1322,1,-45.316363813940384,-49.88249969482422,-44.80670166015625,0.2629056097498473,7.811633195853772,,,0.0,-1,-1,0,32,delayed
21,1360,3,4.665692342835759,-16.54436206817627,-13.392903645833334,0.8071109612933245,23.981438752772924,,,0.0,-1,-1,0,32,delayed
21,1366,6,4.20792270380515,2.0645815059542656,-38.37425168355306,1.823678518236282,54.18639665077832,,,0.0,-1,-1,0,32,delayed
21,1392,6,-37.80510007433344,-41.577987353006996,56.196537017822266,2.083324274153285,61.90117081635691,,,0.0,-1,-1,0,32,delayed
21,1472,7,-10.186555808361987,-27.795638016292028,-20.624127660478866,3.3060130327653177,98.23054432823778,,,0.0,-1,-1,0,32,delayed
21,1558,2,-2.4505545601068324,6.082894325256348,27.67093062400818,0.3022425121938757,8.980438430729565,,,0.0,-1,-1,0,32,delayed
21,1590,2,-38.00461144567375,18.62279987335205,-25.962200164794922,1.0174893238581195,30.232346073709106,,,0.0,-1,-1,0,32,delayed
21,1594,3,-9.393732516669663,-21.97601318359375,-16.62602885564168,1.0778740412285286,32.02653853381584,,,0.0,-1,-1,0,32,delayed
21,1612,3,7.421196657210825,0.1939875284830729,7.773562431335449,0.6235474837081909,18.527273828659048,,,0.0,-1,-1,0,32,delayed
21,1614,1,22.08274906817961,-45.89189910888672,-24.853700637817383,0.7952166011523673,23.628025302946007,,,0.0,-1,-1,0,32,delayed
21,1622,3,-15.226105584806655,-13.671499888102213,-8.580167134602865,0.8756581796678741,26.018161084592165,,,0.0,-1,-1,0,32,delayed
21,1666,4,2.4266077728745143,-5.029818624258043,10.378331422805786,1.263085763846283,37.52967725359718,,,0.0,-1,-1,0,32,delayed
21,1732,2,1.364966872241915,3.5472002029418936,-27.292399406433105,0.23343136830375041,6.935874161567615,,,0.0,-1,-1,0,32,delayed
21,1800,3,4.205261949668227,-1.1084995269775402,-50.570899963378906,1.2666706622017365,37.6361942313972,,,0.0,-1,-1,0,32,delayed
21,1844,1,-64.69729694729344,-36.27566146850586,20.502838134765625,0.1266089560037405,3.761892812223584,,,0.0,-1,-1,0,32,delayed
21,1862,1,-23.200265805687607,-32.39591217041016,27.098411560058597,0.0962361264670881,2.85943430749151,,,0.0,-1,-1,0,32,delayed
21,1890,2,-4.226428055283904,-0.38797473907470703,41.06551170349121,0.20757863789108338,6.167719966275994,,,0.0,-1,-1,0,32,delayed
21,1962,3,29.53992586997876,11.454499880472818,25.14930073420207,1.1201770464582173,33.28347466481371,,,0.0,-1,-1,0,32,delayed
21,1984,3,7.557015045673656,-4.914349873860677,-3.7426586151123047,1.0206118170170821,30.325123748698953,,,0.0,-1,-1,0,32,delayed
21,1990,1,-12.631750373826224,-4.655700206756592,-53.67470169067383,0.2524197395776481,7.500069773519413,,,0.0,-1,-1,0,32,delayed
21,2038,3,-10.420783613522255,3.0760869979858403,21.263253529866535,0.9129987264340449,27.127649219696973,,,0.0,-1,-1,0,32,delayed
21,2086,2,8.349446481666924,-0.44340038299560725,-14.433800458908081,0.43653252473221926,12.970556103814909,,,0.0,-1,-1,0,32,delayed
21,2218,3,50.898625993206544,-37.467299143473305,-17.595966339111328,1.080770125926905,32.1125890041324,,,0.0,-1,-1,0,32,delayed
21,2286,2,-46.80904688475464,-50.99099922180176,-45.69350051879883,0.37212124726706886,11.056723707036205,,,0.0,-1,-1,0,32,delayed
21,2512,3,-4.8278784177084,40.71890004475912,-41.555100758870445,0.7975945428678541,23.69868035081729,,,0.0,-1,-1,0,32,delayed
21,2552,3,-19.852239984918874,-11.546875,45.15772374471029,1.0420269912498117,30.96142620755693,,,0.0,-1,-1,0,32,delayed
21,2712,5,-32.350030980598035,33.17186298370361,-18.287602996826173,1.241111593228803,36.87676550778017,,,0.0,-1,-1,0,32,delayed
21,2714,6,21.421686367444636,-4.655700047810872,19.731300354003906,2.1639586222190665,64.2970343001221,,,0.0,-1,-1,0,32,delayed
21,2734,6,6.070450599651823,7.316100597381592,-34.09120019276937,2.3666983047776213,70.32097588089769,,,0.0,-1,-1,0,32,delayed
21,2760,3,-28.04990355330143,-24.756500720977783,8.450841903686522,0.29259067404577355,8.6936563443737,,,0.0,-1,-1,0,32,delayed
21,2780,4,-12.396983577923518,18.733649730682373,-29.276050806045532,1.289745386936714,38.32180640185049,,,0.0,-1,-1,0,32,delayed
21,2796,1,-19.624212245662005,48.99570083618164,-3.1270999908447266,0.3583044588895791,10.646189740673211,,,0.0,-1,-1,0,32,delayed
21,2962,4,-11.621396341474705,-5.563284397125244,37.026416540145874,0.9309512167595723,27.661066020915364,,,0.0,-1,-1,0,32,delayed
21,2976,4,13.22392546604686,-8.847215414047241,-10.79874038696289,1.4865361717102135,44.168990219789826,,,0.0,-1,-1,0,32,delayed
21,2988,2,37.06270448120272,3.1038001775741577,45.47179985046387,0.6492933188274603,19.292251877107773,,,0.0,-1,-1,0,32,delayed
21,3016,2,15.671796677552278,9.934931755065916,13.870105743408203,0.8228404815685899,24.448805131352785,,,0.0,-1,-1,0,32,delayed
21,3048,1,16.080087735279484,-43.67490005493164,62.542701721191406,0.2680238321712411,7.96370935812648,,,0.0,-1,-1,0,32,delayed
21,3144,1,-35.49818104869152,18.42881202697754,22.44271278381348,0.1194029465308652,3.547782878009897,,,0.0,-1,-1,0,32,delayed
21,3278,2,32.095121696494935,-22.835100173950195,-31.94809913635254,0.5713469399451716,16.97625519163258,,,0.0,-1,-1,0,32,delayed
21,3310,1,-57.28975743009754,-51.21269989013672,-43.03310012817383,0.199573563425575,5.929867660691691,,,0.0,-1,-1,0,32,delayed
21,3328,2,-38.856097958418346,-54.09480094909668,-44.36330032348633,0.418829757585579,12.444559250294954,,,0.0,-1,-1,0,32,delayed
21,3356,1,21.22066472781629,-41.90129852294922,54.11809921264648,0.1131151901067205,3.3609567130717384,,,0.0,-1,-1,0,32,delayed
21,3360,1,-41.979778126237925,-15.297300338745115,-35.05189895629883,0.0824576235787324,2.450037906044396,,,0.0,-1,-1,0,32,delayed
21,3480,1,-61.71193080566491,-15.297300338745115,-35.05189895629883,0.0507916004166072,1.5091551384636828,,,0.0,-1,-1,0,32,delayed
21,3482,1,42.10749432481027,27.712499618530277,-45.69350051879883,0.4471183578195242,13.285089693376726,,,0.0,-1,-1,0,32,delayed
21,3560,3,-26.152905781154463,-39.518025716145836,-18.633508841196697,0.6302920028830155,18.727671644157393,,,0.0,-1,-1,0,32,delayed
21,3592,3,-40.881803711686686,-13.893199920654297,8.06286652882894,0.5989670515956429,17.79692303986641,,,0.0,-1,-1,0,32,delayed
21,3612,2,-8.700666027740866,-1.8983058929443324,37.86471939086914,0.4595001934007497,13.652987350425338,,,0.0,-1,-1,0,32,delayed
21,3690,5,-14.569843687161528,-49.52778015136719,-11.196979904174805,2.01150286598073,59.76716349415665,,,0.0,-1,-1,0,32,delayed
21,3766,9,18.635042769139716,-9.631633228725857,5.323388841417098,3.672401448427871,109.11693018013774,,,0.0,-1,-1,0,32,delayed
21,3802,5,12.155529264233106,-6.146632862091066,-19.83018226623535,1.2535542152203893,37.246469292668664,,,0.0,-1,-1,0,32,delayed
21,3814,2,-15.67179667755228,45.07438278198242,26.419455528259277,0.3579740901593891,10.636373596612687,,,0.0,-1,-1,0,32,delayed
21,3840,2,1.7880267800128005,1.108499526977539,-1.108499526977539,0.6052833049445476,17.984595925129955,,,0.0,-1,-1,0,32,delayed
21,3842,14,-0.7995373749612336,33.63505710874285,29.84986754826137,5.307981781783454,157.7144235492707,0.5334342122077942,108.27313995361328,108.27313995361328,4,7,1,32,delayed
21,3848,2,-21.563902011479463,-22.71039390563965,3.8381824493408203,0.3006600657353907,8.933419687776441,,,0.0,-1,-1,0,32,delayed
21,3870,3,-26.92452448086237,-17.514300028483074,-9.319166819254557,1.5396766027558237,45.74793543740175,,,0.0,-1,-1,0,32,delayed
21,3876,5,-40.50575648552531,-8.41905755996704,49.678556823730474,1.6384874897757675,48.68387281010057,,,0.0,-1,-1,0,32,delayed
21,3878,1,-48.73277212575056,14.549062728881836,39.51361083984375,0.1194274767412617,3.5485117365763497,,,0.0,-1,-1,0,32,delayed
21,3886,1,-44.35849232464781,23.08451271057129,11.19143772125244,0.0877180914353659,2.606340563008238,,,0.0,-1,-1,0,32,delayed
21,3912,1,-35.43432294940535,47.66550064086914,-7.117700099945068,0.4445984704831122,13.21021705910446,1.0,41.75614929199219,41.75614929199219,7,14,1,32,delayed
21,3972,2,-23.841462363757273,16.682924270629883,56.196537017822266,0.5627154279123759,16.71978974005871,,,0.0,-1,-1,0,32,delayed
21,4016,1,-54.41614296221982,-38.991485595703125,27.486387252807617,0.0617908483897837,1.8359723968647,,,0.0,-1,-1,0,32,delayed
21,4056,3,12.405706199667419,-23.066038290659588,-20.431878407796223,0.9737225648860507,28.931917879778787,,,0.0,-1,-1,0,32,delayed
21,4060,2,18.377783634803794,7.981200218200684,-59.882301330566406,0.2920606903589304,8.677909102748297,,,0.0,-1,-1,0,32,delayed
21,4118,3,-20.15278527491155,-10.068875312805176,18.538192749023438,0.5201565563496993,15.455251131721637,,,0.0,-1,-1,0,32,delayed
21,4158,2,2.809756368591543,-39.1716194152832,-4.226156234741212,0.4848636933290349,14.406605191411487,,,0.0,-1,-1,0,32,delayed
21,4174,1,42.07556527516719,-47.66550064086914,37.71229934692383,0.1995115941362951,5.928026386335763,,,0.0,-1,-1,0,32,delayed
21,4194,1,37.62146284995672,17.957700729370117,27.51409912109375,0.1577021484813178,4.685755238567475,,,0.0,-1,-1,0,32,delayed
21,4224,1,-57.11414765706057,0.2216999977827072,-63.429500579833984,0.2335420712563314,6.939163444211998,,,0.0,-1,-1,0,32,delayed
21,4280,5,-17.96933093432787,44.650380325317386,-21.56322021484375,3.0548428520021336,90.76760230990219,,,0.0,-1,-1,0,32,delayed
21,4330,2,-8.225541523080395,25.564780712127686,-11.569968700408936,0.6678817671501531,19.844564701908748,,,0.0,-1,-1,0,32,delayed
21,4372,1,14.659245026162171,58.30709838867188,-15.985699653625488,0.2324916295492862,6.90795199415252,,,0.0,-1,-1,0,32,delayed
21,4398,5,-38.380950188265786,-29.40296325683594,-12.046746635437012,1.2092463907055473,35.92996458534982,,,0.0,-1,-1,0,32,delayed
21,4476,4,9.986408113263998,-18.622800827026367,4.667349338531494,1.4756681061168295,43.846070742929776,,,0.0,-1,-1,0,32,delayed
21,4526,3,-32.51997050333343,-37.05161158243815,-23.609578768412273,1.0431943947802504,30.996112908156462,,,0.0,-1,-1,0,32,delayed
21,4540,2,43.56824834598144,-21.948299407958984,-49.905799865722656,0.5283049399773063,15.697361538184742,,,0.0,-1,-1,0,32,delayed
21,4806,3,-24.473849993275824,-9.21902537345886,13.771642049153646,0.42005069952901575,12.480836721226957,,,0.0,-1,-1,0,32,delayed
21,4850,3,-26.420724904985477,-8.78486188252767,-2.511129061381022,0.6301512914428414,18.72349072858794,,,0.0,-1,-1,0,32,delayed
21,4852,4,-35.724367744794534,-28.225181460380554,-6.401587128639221,0.8399002506258185,24.955696781203272,,,0.0,-1,-1,0,32,delayed
21,4866,2,-39.758093610835516,-32.576043128967285,-4.586418628692627,0.835448383902958,24.823419840026915,,,0.0,-1,-1,0,32,delayed
21,5056,4,-12.885277150978004,-8.902640342712402,47.79272174835205,1.1422225611151002,33.938506234042094,,,0.0,-1,-1,0,32,delayed
21,5148,2,-37.642794071981086,-5.1406683921813965,-8.27218246459961,0.2333986038988998,6.934900642924113,,,0.0,-1,-1,0,32,delayed
21,5194,4,9.496806757605535,-7.71100327372551,22.02009654045105,1.2225404584113713,36.324967113814516,,,0.0,-1,-1,0,32,delayed
21,5232,3,-23.759024174441606,36.922287146250405,19.985538085301716,0.6095672309336249,18.1118828951444,,,0.0,-1,-1,0,32,delayed
21,5238,1,-59.31725208243349,26.188312530517575,38.73766326904297,0.0877295388668848,2.6066806970059315,,,0.0,-1,-1,0,32,delayed
21,5312,1,-25.563015479275958,-59.554161071777344,11.967387199401855,0.2086998997674468,6.201035674156778,,,0.0,-1,-1,0,32,delayed
21,5336,5,-7.3955301453358215,-12.28217945098877,10.457815265655517,1.3184954472653634,39.17604806622489,,,0.0,-1,-1,0,32,delayed
21,5472,3,22.997251374762826,47.102011362711586,-22.33480389912923,0.7502985270324702,22.293388437560473,,,0.0,-1,-1,0,32,delayed
21,5490,1,-44.77356997000793,-8.646300315856934,-30.17449951171875,0.0956079960638898,2.84077086279127,,,0.0,-1,-1,0,32,delayed
21,5598,4,23.64000018349508,29.229759216308594,48.540958881378174,1.0304321800201799,30.616913162029938,,,0.0,-1,-1,0,32,delayed
21,5656,2,-31.217072831310084,-6.19374394416809,7.662506103515625,0.1259061255007221,3.741009826525179,,,0.0,-1,-1,0,32,delayed
21,5660,1,-45.076895941617245,-49.88249969482422,-45.250099182128906,0.2147083578422451,6.379563133489609,,,0.0,-1,-1,0,32,delayed
21,5830,1,-9.327093735766852,52.18263626098633,46.885135650634766,0.1068010155269738,3.1733455936342465,,,0.0,-1,-1,0,32,delayed
21,5860,1,-48.716807600929016,-17.514299392700195,-8.44789981842041,0.1452082236897628,4.314527109426088,,,0.0,-1,-1,0,32,delayed
21,5962,10,6.201383688684413,7.050060224533081,6.522640228271484,3.8853504682576516,115.44421864655588,,,0.0,-1,-1,0,32,delayed
21,6038,1,48.50926877824896,-48.1088981628418,36.82550048828125,0.1585327934941855,4.710435937327237,,,0.0,-1,-1,0,32,delayed
21,6040,1,47.75893611163645,48.99570083618164,-64.31629943847656,0.3135577778039852,9.316645423588852,,,0.0,-1,-1,0,32,delayed
21,6136,1,-15.8246553381348,-40.15541076660156,22.054737091064453,0.1487932606126696,4.421048204438045,,,0.0,-1,-1,0,32,delayed
21,6160,6,6.064730533118684,13.592981656392416,-9.149743715922037,3.538632084197452,105.14228236944683,,,0.0,-1,-1,0,32,delayed
21,6220,1,50.72833772844342,-60.52410125732422,3.1270999908447266,0.1952545693352426,5.801538723013876,,,0.0,-1,-1,0,32,delayed
21,6274,3,-45.10175977284785,19.28790012995402,7.822691599527992,0.9242652309771482,27.46240739002998,,,0.0,-1,-1,0,32,delayed
21,6282,1,-53.6977393452504,0.6650999784469604,-56.33509826660156,0.29536688479452,8.77614503704263,,,0.0,-1,-1,0,32,delayed
22,38,45,7.857224499100841,-9.089699935913085,-14.985868665907118,9.75542384706927,289.85989624146504,,,0.0,-1,-1,0,32,delayed
22,132,1,-56.9385378840236,-15.297300338745115,-35.05189895629883,0.0507916004166072,1.5091551384636828,,,0.0,-1,-1,0,32,delayed
22,136,4,-9.963171271246729,11.597680985927582,13.244369029998781,0.9746432861570856,28.959274986581455,,,0.0,-1,-1,0,32,delayed
22,170,2,-41.11507822066666,-37.91069984436035,-50.34920120239258,0.8161463308637247,24.249903898648284,,,0.0,-1,-1,0,32,delayed
22,448,2,-0.47893574464628585,-25.49549961090088,-7.5610997676849365,0.5619212952591095,16.69619392176457,,,0.0,-1,-1,0,32,delayed
22,452,2,-4.609576651000934,-7.9811999797821045,-47.91049957275391,0.3507803136436866,10.422627136477875,,,0.0,-1,-1,0,32,delayed
22,508,1,50.00993411147399,-31.259700775146484,4.900700092315674,0.7027201253304011,20.8797060802491,,,0.0,-1,-1,0,32,delayed
22,620,4,9.144279428927609,-37.557366371154785,48.097558975219734,1.2558828688964694,37.31565986024545,,,0.0,-1,-1,0,32,delayed
22,654,4,7.09753906577978,30.158128023147583,-11.5076162815094,2.069961261560505,61.504119749756626,,,0.0,-1,-1,0,32,delayed
22,680,5,5.564949374703831,-21.006074905395508,6.932785320281984,1.889958466377091,56.15575228228748,,,0.0,-1,-1,0,32,delayed
22,832,10,-24.836363351582794,6.687026596069336,46.483306312561034,3.4874412765249945,103.62126570906737,,,0.0,-1,-1,0,32,delayed
22,834,4,6.595254371290114,-0.9976511001586914,13.30199933052063,1.448315124946663,43.03334006016594,,,0.0,-1,-1,0,32,delayed
22,962,3,-11.428292387418088,1.8382631937662748,4.691179275512698,0.676510895260735,20.10095932073805,,,0.0,-1,-1,0,32,delayed
22,976,7,-38.02210931255324,13.108013016836983,37.352037702287944,2.257192878011411,67.0672749512485,,,0.0,-1,-1,0,32,delayed
22,1020,4,-9.361108296622417,39.9060001373291,-33.155799865722656,1.2566578860377544,37.33868770523506,,,0.0,-1,-1,0,32,delayed
22,1030,4,39.12159812918628,-11.195849895477293,-16.20739984512329,1.3000317330271907,38.62744142675871,,,0.0,-1,-1,0,32,delayed
22,1086,2,-54.440089749452135,-17.417305946350098,-20.49339461326599,5.358754641376132,159.2230218474202,,,0.0,-1,-1,0,32,delayed
22,1110,1,-10.061461877557823,-48.690860748291016,48.43703842163086,0.0854104676427925,2.537774849865943,,,0.0,-1,-1,0,32,delayed
22,1222,2,58.91813896189491,46.77870178222656,-50.570899963378906,0.8399401633818182,24.956882696597017,,,0.0,-1,-1,0,32,delayed
22,1376,2,-19.183992138291714,50.56145668029785,26.091318130493168,0.3945811116643242,11.724066722146878,,,0.0,-1,-1,0,32,delayed
22,1398,3,16.127184193225542,14.382787624994913,9.014328638712565,0.8935453329402782,26.549636546127523,,,0.0,-1,-1,0,32,delayed
22,1428,2,-8.137736636561907,-21.920587301254272,20.114861965179443,0.1972396993247392,5.8605222773731445,,,0.0,-1,-1,0,32,delayed
22,1450,1,19.863680117985147,-42.34469985961914,37.26890182495117,0.6998995668544173,20.79589969725557,,,0.0,-1,-1,0,32,delayed
22,1476,5,-2.8950586416550577,-0.8258319854736325,-6.007187080383301,1.376149543873151,40.88910643484196,,,0.0,-1,-1,0,32,delayed
22,1542,7,-1.1348758245124022,-29.094166483197892,14.520720073154994,1.9809025238448648,58.857944977821276,,,0.0,-1,-1,0,32,delayed
22,1556,2,-1.9796010778713162,-24.456280708312985,19.329469203948975,0.2960053919203443,8.79511680209787,,,0.0,-1,-1,0,32,delayed
22,1660,3,-44.98110879268799,-25.347699483235676,-43.77209981282552,0.6552318319500685,19.468701083675555,,,0.0,-1,-1,0,32,delayed
22,1712,3,1.436333937128829,-36.876100381215416,14.492166678110758,0.6125733161137529,18.20120177580653,,,0.0,-1,-1,0,32,delayed
22,1778,3,-32.53061351988112,32.977874755859375,5.273141860961914,0.9305723160235251,27.64980786035175,,,0.0,-1,-1,0,32,delayed
22,1912,3,-31.135581235614467,-1.9952996571858723,-31.948099772135418,0.9278894457727128,27.57009256507389,,,0.0,-1,-1,0,32,delayed
22,1930,4,-31.39607589816351,8.029697060585022,22.97617816925049,1.555731067656342,46.22495679528713,,,0.0,-1,-1,0,32,delayed
22,1938,2,-63.603726997017745,53.92852592468262,57.74843597412109,0.5415072361397557,16.089637287120688,,,0.0,-1,-1,0,32,delayed
22,2002,4,7.173370558682111,-13.15650987625122,-14.221234321594238,1.4949068803813463,44.417706501616074,,,0.0,-1,-1,0,32,delayed
22,2058,2,-45.420133225280416,-32.58990001678467,-39.48589897155762,0.22688942731932182,6.741495489283284,,,0.0,-1,-1,0,32,delayed
22,2098,9,-2.4181620635276397,31.30588780509101,6.92147699991862,2.8202707021614843,83.79783245880805,,,0.0,-1,-1,0,32,delayed
22,2142,1,57.91237389813772,-19.287900924682617,-58.99549865722656,0.3837502829758852,11.4022536539445,,,0.0,-1,-1,0,32,delayed
22,2198,5,-50.194076373320705,17.896732139587403,3.513062286376953,1.5028479116612912,44.653655911804584,,,0.0,-1,-1,0,32,delayed
22,2314,2,-16.830420401892003,-15.962399959564209,-40.59440040588379,0.7251123429231622,21.545039126747533,,,0.0,-1,-1,0,32,delayed
22,2420,4,-19.009578040032604,-6.1729583740234375,-13.999534726142883,1.873471216188544,55.66587170878528,,,0.0,-1,-1,0,32,delayed
22,2446,2,26.00465547707633,18.17940044403076,30.396199226379395,0.2837194418671364,8.43006816213329,,,0.0,-1,-1,0,32,delayed
22,2660,7,23.635186025945213,20.966485704694474,48.10052898951939,1.6693370471960909,49.60049618322407,,,0.0,-1,-1,0,32,delayed
22,2670,4,-40.96603080006996,17.389593601226807,17.403449535369873,0.9202261067816916,27.342394140113306,,,0.0,-1,-1,0,32,delayed
22,2686,3,22.590036064333763,-9.533099492390951,38.30349922180176,1.9148583967491106,56.895596224201036,,,0.0,-1,-1,0,32,delayed
22,2694,4,-12.606607911816049,-5.632565975189209,-1.281702995300293,1.193936997527437,35.475081313470255,,,0.0,-1,-1,0,32,delayed
22,2708,5,7.484453214425318,-6.202057647705077,0.38709163665771484,1.246425998023682,37.03467077633408,,,0.0,-1,-1,0,32,delayed
22,2810,1,-40.89419043837301,19.731300354003903,-39.04249954223633,0.1534738380625014,4.560120756817813,,,0.0,-1,-1,0,32,delayed
22,2816,6,9.48507001239439,-3.380925019582113,27.9127836227417,1.7417870665845256,51.753181236363275,,,0.0,-1,-1,0,32,delayed
22,2824,2,-43.16913522544287,6.803418874740601,-4.226156234741211,0.5416735408639094,16.094578648033686,,,0.0,-1,-1,0,32,delayed
22,2830,3,-34.10498285242145,-4.618749618530273,25.13082504272461,0.6736391998432372,20.01563352159267,,,0.0,-1,-1,0,32,delayed
22,3066,3,28.009075197249274,-51.50829950968424,-18.793899536132812,0.654333786097504,19.442017724579625,,,0.0,-1,-1,0,32,delayed
22,3082,1,-44.19884707643239,51.21269989013672,-15.985699653625488,0.1500475720376111,4.458317172469327,,,0.0,-1,-1,0,32,delayed
22,3096,3,-34.39846292400165,11.306700388590494,4.3493922551473,1.2331408994170119,36.63993474394284,,,0.0,-1,-1,0,32,delayed
22,3104,6,1.7702733561236503,9.343730608622232,-29.01666498184204,1.0679339817377485,31.73119261570925,,,0.0,-1,-1,0,32,delayed
22,3126,9,-15.789759853022026,-16.990841971503365,6.127188788519965,2.337514425435266,69.45384428613468,,,0.0,-1,-1,0,32,delayed
22,3128,1,-37.76514357335061,54.89846420288086,14.683212280273438,0.2087015351148065,6.201084264727869,,,0.0,-1,-1,0,32,delayed
22,3132,2,-44.97312653027721,7.856493949890137,-7.8842058181762695,0.4188547383472919,12.445301495953538,,,0.0,-1,-1,0,32,delayed
22,3200,2,-21.236629252637833,-3.4917736053466832,21.666762113571163,0.38479135628697636,11.433186743748006,,,0.0,-1,-1,0,32,delayed
22,3262,1,-19.560354146375836,-9.893362045288086,3.0439624786376958,0.1171051348224503,3.4795087082941776,,,0.0,-1,-1,0,32,delayed
22,3300,1,-29.346607861981614,-34.72376251220703,45.7212142944336,0.8748917025138805,25.99538698560775,,,0.0,-1,-1,0,32,delayed
22,3320,2,-48.8604883243229,11.1542809009552,12.290493965148928,0.41670849360553813,12.38153078871354,,,0.0,-1,-1,0,32,delayed
22,3396,1,-43.87955658000153,34.36349868774414,-3.570499897003174,0.4165335568643579,12.376332947344244,,,0.0,-1,-1,0,32,delayed
22,3526,2,3.272727588416288,4.697267532348636,-10.212056636810301,0.3636799070018551,10.805908770466447,,,0.0,-1,-1,0,32,delayed
22,3576,3,-30.316866077960515,-14.549062410990397,42.746737798055015,0.4874895897716746,14.484627641520923,,,0.0,-1,-1,0,32,delayed
22,3616,2,-46.39396923939453,-52.54290008544922,-44.80669975280762,0.4891281553741771,14.533313835270352,,,0.0,-1,-1,0,32,delayed
22,3622,8,5.216673512436871,-20.174700021743774,-47.51670026779175,1.9499781551411475,57.93909876013642,,,0.0,-1,-1,0,32,delayed
22,3624,2,-62.350511798526625,56.25637626647949,4.59586238861084,0.9123450855534566,27.108227790059814,,,0.0,-1,-1,0,32,delayed
22,3738,4,14.822881405582985,19.287900924682617,-11.108299970626831,2.051832254746344,60.9654581686207,,,0.0,-1,-1,0,32,delayed
22,3808,2,-26.05254905154096,-17.00161838531494,-8.078193664550778,0.4945106784599572,14.693243081566523,,,0.0,-1,-1,0,32,delayed
22,3814,5,-26.87267447081451,25.71165771484375,-34.97052764892578,1.6377763302988544,48.66274234817288,0.3154420554637909,685.5777587890625,685.5777587890625,3,14,1,32,delayed
22,3840,6,3.2602956728009858,14.724575201670328,18.50124231974284,1.3972061973784997,41.51475627804038,,,0.0,-1,-1,0,32,delayed
22,3842,5,5.9097831108491565,31.52574043273926,-28.666940116882323,1.8258213302829738,54.25006536340997,,,0.0,-1,-1,0,32,delayed
22,3898,3,4.967981342967072,-36.68211237589518,2.2738958994547525,1.0566130625078318,31.394817638590496,,,0.0,-1,-1,0,32,delayed
22,3918,2,-33.15676259712754,-37.09318161010742,-7.551656723022463,0.3515679807252688,10.446030845237162,,,0.0,-1,-1,0,32,delayed
22,3920,7,30.15095406617009,-35.16320310320173,35.13899687358311,3.315268605980674,98.50555231701571,,,0.0,-1,-1,0,32,delayed
22,3940,6,12.21008080686366,0.8082813421885172,24.618143717447918,1.8719845021429147,55.62169743345266,,,0.0,-1,-1,0,32,delayed
22,3952,3,9.970199120383844,-39.24090067545573,-10.501566569010416,0.5848219396377067,17.376633696345667,,,0.0,-1,-1,0,32,delayed
22,3986,1,12.328424402216912,-21.948299407958984,59.43889999389648,0.2621513603707359,7.789222416968436,,,0.0,-1,-1,0,32,delayed
22,4084,4,-8.913503764230285,-13.0941561460495,24.21851921081543,0.6238096958375353,18.53506485668576,,,0.0,-1,-1,0,32,delayed
22,4160,3,-0.45280150008707426,15.888500213623047,28.680967330932617,1.045769830902082,31.072636046336143,,,0.0,-1,-1,0,32,delayed
22,4214,3,-35.17182533384818,-22.24389950434367,-41.11169942220052,1.0320402261650767,30.664692540560107,,,0.0,-1,-1,0,32,delayed
22,4510,1,-28.80381401804916,29.68008804321289,47.66108703613281,0.3832644590140836,11.3878185165925,,,0.0,-1,-1,0,32,delayed
22,4520,1,-39.15405723282484,15.297300338745115,-25.74049949645996,0.1652661145676092,4.910501027096699,0.8740845918655396,26.869304656982422,26.869304656982422,5,4,1,32,delayed
22,4530,2,27.593125696819847,26.82569980621338,40.372700691223145,0.7554962590549669,22.447827044057767,,,0.0,-1,-1,0,32,delayed
22,4764,9,-20.689676373857285,-10.539987405141195,54.127337561713325,2.1234902771761583,63.09461086070128,,,0.0,-1,-1,0,32,delayed
22,4834,2,0.30332597160931485,-14.452069282531738,-14.784619331359863,0.42752400062672047,12.702888608948134,,,0.0,-1,-1,0,32,delayed
22,4878,2,-29.149666866920278,-10.932581424713133,-19.10776948928833,0.4762694797956375,14.151247978632266,,,0.0,-1,-1,0,32,delayed
22,5018,3,-42.717724066164116,-36.275662899017334,30.072886784871418,0.6005791968787215,17.844824214823525,,,0.0,-1,-1,0,32,delayed
22,5146,7,23.870434226827307,5.554376908711026,34.63873440878732,2.366424766786257,70.31284833103028,,,0.0,-1,-1,0,32,delayed
22,5190,1,5.830862799848963,-9.089699745178224,16.429100036621094,0.6200990371924654,18.42481120223582,,,0.0,-1,-1,0,32,delayed
22,5220,2,-32.119068483727254,-36.85762405395508,34.85791301727295,0.19053787239847908,5.661392963472797,,,0.0,-1,-1,0,32,delayed
22,5234,3,-46.620133341033046,4.3046747843424455,11.037340799967447,0.6052116883794355,17.982468004246357,,,0.0,-1,-1,0,32,delayed
22,5314,2,-31.568292377384026,28.12818717956543,49.21298789978027,0.15815516998418422,4.699215726586707,,,0.0,-1,-1,0,32,delayed
22,5326,6,-18.04685833927621,-0.8452310562133789,-2.5619354248046875,2.5000044181948278,74.28185926322993,,,0.0,-1,-1,0,32,delayed
22,5382,2,-55.469801600441656,-13.426706790924072,-5.3346557617187536,0.3478918615076846,10.336803450130148,,,0.0,-1,-1,0,32,delayed
22,5558,3,-27.789149647882894,31.195037206013996,-7.425478617350261,0.2870582763309595,8.529273919507121,,,0.0,-1,-1,0,32,delayed
22,5584,1,-7.028202161464678,-33.947811126708984,62.40413665771485,0.0676669487893129,2.0105671534650145,,,0.0,-1,-1,0,32,delayed
22,5628,2,-2.3228383615344868,-17.29259991645813,27.269100666046146,0.6088737539722977,18.09127782834183,,,0.0,-1,-1,0,32,delayed
22,5766,5,15.573605985013264,-41.08655319213867,25.50393772125244,1.0311291752797254,30.637622766940986,,,0.0,-1,-1,0,32,delayed
22,5904,1,-34.17312548850346,-42.871238708496094,7.699662685394287,0.0963577802049612,2.863048967437615,,,0.0,-1,-1,0,32,delayed
22,5946,2,-53.84940233105505,-49.88249969482422,-43.69820022583008,0.3779161808738695,11.228906779788911,,,0.0,-1,-1,0,32,delayed
22,5956,5,0.4765050876791406,-2.8211322784423816,23.676677894592284,1.222107079965577,36.3120902738842,,,0.0,-1,-1,0,32,delayed
22,6010,2,13.753438133759182,3.200793743133545,46.95441818237305,0.157468855231541,4.678823468279047,,,0.0,-1,-1,0,32,delayed
22,6042,4,-23.169046701259568,-26.132887840270996,18.23261833190918,0.7996369364347073,23.75936536016725,,,0.0,-1,-1,0,32,delayed
22,6060,2,-29.181595916563364,-21.532612085342407,48.43703651428223,0.40342859359075417,11.986949220477658,,,0.0,-1,-1,0,32,delayed
23,38,8,22.20822683636785,-10.080421661958098,28.616774559020996,2.755679502416249,81.87865408688214,,,0.0,-1,-1,0,32,delayed
23,170,2,26.50372676896912,-29.70780086517334,-26.16059970855713,0.7824381070780464,23.248341854582296,,,0.0,-1,-1,0,32,delayed
23,182,1,53.5859876714996,-52.0994987487793,-63.429500579833984,0.5187123085052635,15.41233864151129,,,0.0,-1,-1,0,32,delayed
23,494,10,40.106927343072755,-25.769853401184083,-0.007431459426879883,3.0753135673032155,91.37584235217801,,,0.0,-1,-1,0,32,delayed
23,496,4,45.124789516081876,-53.9839506149292,-21.394050359725952,1.0413684087571373,30.941857949325858,,,0.0,-1,-1,0,32,delayed
23,560,1,-15.521329366525489,-15.740699768066406,-15.985699653625488,0.1336353167876134,3.970664900417409,,,0.0,-1,-1,0,32,delayed
23,568,2,42.67423495597504,53.4296989440918,-14.85390043258667,0.8656178949854224,25.719837206315518,,,0.0,-1,-1,0,32,delayed
23,714,2,-25.996673214665563,34.72376346588135,37.18576240539551,0.37044581252141506,11.006942031821708,,,0.0,-1,-1,0,32,delayed
23,752,2,-43.45649667223064,33.75382614135742,41.64747428894043,0.17449402456758462,5.184687067298532,,,0.0,-1,-1,0,32,delayed
23,766,1,-29.873437181092527,-45.58706283569336,16.2351131439209,0.0866745911518933,2.575335361323826,,,0.0,-1,-1,0,32,delayed
23,930,1,-17.59671759332606,45.58706283569336,59.30033874511719,0.2045635116228272,6.078132450554239,,,0.0,-1,-1,0,32,delayed
23,932,3,-54.895078706866116,10.225912471612295,-17.124853769938152,2.1093339073362527,62.67398701521007,,,0.0,-1,-1,0,32,delayed
23,1060,2,-29.10177329245565,13.967099905014038,41.64747428894043,0.1928471315384121,5.730007267186183,,,0.0,-1,-1,0,32,delayed
23,1088,1,20.406473961917605,20.174699783325195,-50.12749862670898,0.2509846180561401,7.457428450923965,,,0.0,-1,-1,0,32,delayed
23,1138,8,-26.915676147510517,-0.16281094402074947,9.347298383712769,2.655697265042358,78.90791274283566,,,0.0,-1,-1,0,32,delayed
23,1156,3,-21.956776579745895,10.539987405141195,32.40073776245117,0.3570121369951015,10.60779137929844,,,0.0,-1,-1,0,32,delayed
23,1214,3,-23.009638101449152,-17.662100474039715,-7.841166814168299,0.9714924207484005,28.865654295697095,,,0.0,-1,-1,0,32,delayed
23,1252,1,63.73942545800086,-41.90129852294922,41.259498596191406,0.4231001189717163,12.57144317945106,,,0.0,-1,-1,0,32,delayed
23,1302,3,38.3700518064306,-32.2943000793457,5.904233296712239,0.9612674873491371,28.561844007118324,,,0.0,-1,-1,0,32,delayed
23,1324,1,-42.44274934606267,5.099100112915039,-47.02370071411133,0.1820492756840654,5.409173910621002,,,0.0,-1,-1,0,32,delayed
23,1420,7,1.8942670151223047,-29.11791910443987,-22.739455223083496,2.6806479682950135,79.64926528367265,,,0.0,-1,-1,0,32,delayed
23,1520,2,7.601729380262357,-2.009157180786133,46.89899253845215,0.3795801728335796,11.278348459038252,,,0.0,-1,-1,0,32,delayed
23,1556,2,24.126208245337093,-18.622800827026367,-35.93869972229004,0.7660316466348477,22.760861761835336,,,0.0,-1,-1,0,32,delayed
23,1582,3,-18.26722763583086,-18.299487113952637,25.158537069956463,0.5916466657140727,17.579414674741205,,,0.0,-1,-1,0,32,delayed
23,1584,1,-21.25259377745937,-22.391700744628903,-49.240699768066406,0.1371673036741877,4.075609736081953,,,0.0,-1,-1,0,32,delayed
23,1594,1,55.31015635222622,7.759500026702881,41.259498596191406,0.21051351100187,6.254922944712448,,,0.0,-1,-1,0,32,delayed
23,1614,1,-22.944833408542923,-40.15541076660156,28.26233673095703,0.4010161546043621,11.915269165848915,,,0.0,-1,-1,0,32,delayed
23,1644,3,-6.900485962892335,-28.008099873860676,-39.19029998779297,0.5896124758649328,17.518973419922304,,,0.0,-1,-1,0,32,delayed
23,1656,2,-48.96425773566294,16.294949769973755,49.21298789978027,0.39724815736018504,11.803311827310171,,,0.0,-1,-1,0,32,delayed
23,1734,3,40.03036238787106,-5.099100430806478,14.63996696472168,1.1553208786070097,34.32769249684945,,,0.0,-1,-1,0,32,delayed
23,1744,2,-0.45498895741397316,2.438699960708618,8.424600601196289,0.4607905536249124,13.691327425295816,,,0.0,-1,-1,0,32,delayed
23,1810,3,-14.301906855295803,0.8406127293904623,-17.90080428123474,0.8793753159200828,26.1286072061827,,,0.0,-1,-1,0,32,delayed
23,1864,4,7.9190021488741955,55.36264705657959,-5.200815200805664,1.2639554804024784,37.55551887305835,,,0.0,-1,-1,0,32,delayed
23,1896,5,-47.57694052867086,36.39759788513184,-0.8322574615478515,1.6638055039798298,49.436139147809115,,,0.0,-1,-1,0,32,delayed
23,1956,8,3.118714064401418,-22.09032702445984,18.215298056602478,2.9697916998030545,88.24050368885679,,,0.0,-1,-1,0,32,delayed
23,1966,5,-27.81291302631555,38.85292472839355,-0.880374908447265,2.04637573351246,60.80333023820093,,,0.0,-1,-1,0,32,delayed
23,1970,3,-9.760916587565148,-12.960212707519531,2.0677286783854165,0.760051934776387,22.583188429951555,,,0.0,-1,-1,0,32,delayed
23,2036,2,8.177647948615764,10.863300323486328,62.542701721191406,0.453924160053472,13.487308393486277,,,0.0,-1,-1,0,32,delayed
23,2088,1,-39.20195080728946,59.554161071777344,29.03828811645508,0.3055858651234114,9.079778443879782,,,0.0,-1,-1,0,32,delayed
23,2160,8,15.186164290882871,21.705815076828003,-18.47620701789856,3.3434307204082474,99.3423245263922,,,0.0,-1,-1,0,32,delayed
23,2236,3,-26.609518521227347,-30.844013214111328,44.42796325683594,0.7582964458949195,22.53102813092077,,,0.0,-1,-1,0,32,delayed
23,2494,2,-49.363370856201506,25.495500564575195,-28.844299316406246,0.5215022745208838,15.495236040177149,,,0.0,-1,-1,0,32,delayed
23,2686,2,-38.90660709809092,-34.91774940490723,18.950937271118164,0.42604602969392746,12.658974115027299,,,0.0,-1,-1,0,32,delayed
23,2688,4,-28.153969576786327,2.639615058898925,-23.241653442382812,1.6279156845399005,48.36975602575666,,,0.0,-1,-1,0,32,delayed
23,2720,7,-16.35267637793856,-17.233216285705566,6.396998541695731,2.554877998188955,75.91230100034358,,,0.0,-1,-1,0,32,delayed
23,2758,2,8.67671924050855,-13.177294254302979,-21.79588222503662,0.38063323403286603,11.309637741261781,,,0.0,-1,-1,0,32,delayed
23,2768,7,-5.641569148393525,31.231987953186035,29.20456259591239,2.8814898614264464,85.61681843324756,,,0.0,-1,-1,0,32,delayed
23,2930,6,-27.072136371721783,-23.92050552368164,8.991236050923666,2.258128455829102,67.09507348603421,,,0.0,-1,-1,0,32,delayed
23,2932,2,50.74430225326496,-22.835100173950195,-49.905799865722656,0.5160662371413349,15.333716740195719,,,0.0,-1,-1,0,32,delayed
23,2956,7,-38.26464386899229,34.27244513375418,37.647519315992085,2.9561567185618034,87.83537170178984,,,0.0,-1,-1,0,32,delayed
23,2968,1,-27.766119904648868,-20.618099212646484,-15.985699653625488,0.1477289220393541,4.389423841082506,,,0.0,-1,-1,0,32,delayed
23,3028,1,14.387848104195944,55.64670181274414,51.45769882202149,0.7323033131946944,21.758702205815897,,,0.0,-1,-1,0,32,delayed
23,3264,1,-45.47600906215582,-40.93136215209961,18.17498779296875,0.0992382215772789,2.948634632437754,,,0.0,-1,-1,0,32,delayed
23,3268,2,14.618138039330448,-5.944331645965575,12.761606216430664,0.5171316526822511,15.365373103157008,,,0.0,-1,-1,0,32,delayed
23,3298,1,37.04673995638118,-36.58050155639648,-55.44829940795898,0.6628370909444581,19.694673795631637,,,0.0,-1,-1,0,32,delayed
23,3306,6,-6.23847666853731,0.6697190602620443,-8.861910184224447,1.8249111399761833,54.2230211598959,,,0.0,-1,-1,0,32,delayed
23,3348,1,-59.44496828100583,-32.14649963378906,-32.83489990234375,0.692534810303913,20.577072960146232,,,0.0,-1,-1,0,32,delayed
23,3372,5,10.313701369738201,38.08806085586548,44.36330032348633,1.637139333846477,48.643815469291255,,,0.0,-1,-1,0,32,delayed
23,3448,1,-1.6321927717831874,35.250301361083984,-51.45769882202149,0.4743232682042734,14.0934207946185,,,0.0,-1,-1,0,32,delayed
23,3528,11,1.1261363456719657,7.7141524228182705,-1.729568004608155,3.6131715801453734,107.35705139435663,,,0.0,-1,-1,0,32,delayed
23,3554,3,-24.372741336072718,-43.93355051676432,-8.176658630371094,1.2848097410457477,38.17515507964576,,,0.0,-1,-1,0,32,delayed
23,3584,5,-13.858872106203899,8.164102172851562,-35.46935272216797,1.5417162408853042,45.80853857529195,,,0.0,-1,-1,0,32,delayed
23,3648,6,-25.254841296202823,-13.671499888102213,-33.27829933166504,1.8270763511033987,54.2873554094902,,,0.0,-1,-1,0,32,delayed
23,3744,3,-30.093362730458917,-16.451987584431965,-15.092604319254557,0.934432274152716,27.764497604268893,,,0.0,-1,-1,0,32,delayed
23,3812,3,8.791604965206306,-28.80252456665039,33.83255116144816,0.39208748357529266,11.649974320783038,,,0.0,-1,-1,0,32,delayed
23,3822,1,-43.22501106231827,-42.871238708496094,52.70476150512695,0.2087162532410454,6.201521579867771,,,0.0,-1,-1,0,32,delayed
23,3846,2,-33.22062069641371,40.34939956665039,36.797786712646484,5.2262670113656045,155.2864578097986,,,0.0,-1,-1,0,32,delayed
23,3856,3,-51.06359274969582,-49.596136728922524,4.5958625475565595,1.8013395155275054,53.522644761694686,,,0.0,-1,-1,0,32,delayed
23,3858,7,22.75287875595161,17.704328536987305,-3.873899596078055,1.7601603194607813,52.299100025317756,,,0.0,-1,-1,0,32,delayed
23,3894,2,-31.632150476670194,-0.09699440002441406,6.332305908203125,0.37616555009166674,11.176890827961367,,,0.0,-1,-1,0,32,delayed
23,3954,2,9.93791670141044,-33.158005714416504,4.91896915435791,0.4757931894197366,14.137096109774111,,,0.0,-1,-1,0,32,delayed
23,4010,1,-15.87254891259943,-3.2977874279022217,41.45348739624024,0.1627280554652501,4.835088460754382,,,0.0,-1,-1,0,32,delayed
23,4066,4,51.766031841843706,-8.313750386238098,-27.834999799728394,1.1013478650270172,32.72400901149932,,,0.0,-1,-1,0,32,delayed
23,4080,4,-9.061175618829555,-13.662262439727785,54.27051830291748,1.1186894299107537,33.239273573722784,,,0.0,-1,-1,0,32,delayed
23,4150,4,39.82933613514353,38.09775924682617,43.815977573394775,1.4662972636748155,43.56763779521594,,,0.0,-1,-1,0,32,delayed
23,4186,3,-9.95955610383614,-3.658050537109373,2.317141612370809,0.45483488077436895,13.514368357030907,,,0.0,-1,-1,0,32,delayed
23,4202,3,-20.204256647511396,-5.4963124593098955,17.916337331136067,1.1212716839912535,33.31599929180295,,,0.0,-1,-1,0,32,delayed
23,4276,3,35.86362140944837,15.740699768066406,4.869633038838704,1.3962598170290468,41.486636770964346,,,0.0,-1,-1,0,32,delayed
23,4360,11,1.5194034179750275,-10.93384097922932,16.864829670299184,3.648418995989143,108.40434697673405,0.4562039375305176,80.03526306152344,80.03526306152344,5,4,1,32,delayed
23,4392,1,52.94740667863788,50.32590103149414,64.31629943847656,0.1166275528249771,3.465318461883105,,,0.0,-1,-1,0,32,delayed
23,4416,6,-7.775874073940269,22.368606567382812,9.109852313995361,2.459574993745938,73.08059225940028,,,0.0,-1,-1,0,32,delayed
23,4472,2,-16.52589875550482,27.490800142288208,-7.9811992645263725,0.3550600799967353,10.549790512511514,,,0.0,-1,-1,0,32,delayed
23,4520,6,23.458433695519957,-39.91523806254069,21.187883297602337,1.6238458759384007,48.248831059558725,,,0.0,-1,-1,0,32,delayed
23,4528,4,-9.48882449519476,17.403450548648834,-28.4009006023407,1.3595867400709551,40.39698096014878,,,0.0,-1,-1,0,32,delayed
23,4774,1,-34.62013218350666,-7.316100120544434,-29.73110008239746,0.1332050614398899,3.957880856135629,,,0.0,-1,-1,0,32,delayed
23,4786,1,-63.56381568496389,-52.570613861083984,59.68831253051758,0.5025229085648527,14.931308000454232,,,0.0,-1,-1,0,32,delayed
23,4794,1,37.98864692085221,-35.250301361083984,-50.570899963378906,0.7103611028929869,21.106740086991916,,,0.0,-1,-1,0,32,delayed
23,4810,2,-33.587804767309194,-5.043674468994141,39.90158748626709,0.45243577870644147,13.443084578141995,,,0.0,-1,-1,0,32,delayed
23,4962,2,-1.3729491346526927,4.6556997299194345,-25.297099590301514,0.2773199027143028,8.2399206314967,,,0.0,-1,-1,0,32,delayed
23,5042,3,1.8452929576965207,14.650674819946289,14.436741828918457,0.8828813827361094,26.232781886795312,,,0.0,-1,-1,0,32,delayed
23,5068,2,-41.72971242629606,30.262049674987793,17.011062383651733,0.5339441981127042,15.86491907372907,,,0.0,-1,-1,0,32,delayed
23,5102,1,24.269888968730974,-45.00510025024414,57.221900939941406,0.6423925163797645,19.0872104649837,,,0.0,-1,-1,0,32,delayed
23,5108,1,-27.861907053578125,44.81111145019531,23.994611740112305,0.1373736299994114,4.081740246468663,,,0.0,-1,-1,0,32,delayed
23,5180,2,10.11614203965536,16.405799627304077,-13.745399475097656,0.3269121270073211,9.713439077573877,,,0.0,-1,-1,0,32,delayed
23,5196,2,14.092504394997398,27.49079990386963,-51.236000061035156,0.7512453809236148,22.321522014834564,,,0.0,-1,-1,0,32,delayed
23,5364,1,52.80372595524399,56.53350067138672,-36.38209915161133,0.4732510828326613,14.061563281768304,,,0.0,-1,-1,0,32,delayed
23,5422,4,11.262792370378925,-18.73365068435669,15.320599913597107,1.0947793820784244,32.52884170603007,,,0.0,-1,-1,0,32,delayed
23,5452,6,2.7139692196622884,-25.12600040435791,-34.23900047938029,2.8680925398538806,85.21874795452568,,,0.0,-1,-1,0,32,delayed
23,5466,2,-26.515520271365702,-8.3414626121521,14.683212757110597,0.24895649412381,7.397167430818042,,,0.0,-1,-1,0,32,delayed
23,5524,1,40.97401306248072,-48.99570083618164,37.71229934692383,0.2917940850950812,8.66998754287266,,,0.0,-1,-1,0,32,delayed
23,5530,3,-23.4619663047262,13.99481201171875,-29.65090497334798,0.616434658221169,18.31593264144131,,,0.0,-1,-1,0,32,delayed
23,5568,1,56.65117643723583,-47.66550064086914,39.48590087890625,0.2359469976386577,7.0106202791560674,,,0.0,-1,-1,0,32,delayed
23,5736,2,17.020799024972654,13.315855979919434,-15.92083072662353,1.1116242578466498,33.02934829794458,,,0.0,-1,-1,0,32,delayed
23,5798,1,-52.51636450845622,7.177537441253662,52.31678771972656,0.295131129757948,8.76914012044337,,,0.0,-1,-1,0,32,delayed
23,5978,4,0.5068736630839856,-2.7158249616622925,28.193055629730225,0.6021881082073373,17.892629300290352,,,0.0,-1,-1,0,32,delayed
23,6100,1,-6.293834019673706,22.308563232421875,44.1693115234375,0.0980909510704315,2.914546138150999,,,0.0,-1,-1,0,32,delayed
23,6124,18,-15.821383221332347,11.694674915737576,10.168035507202148,8.102321408710395,240.741773977288,,,0.0,-1,-1,0,32,delayed
23,6126,2,-11.410464224978195,-12.609187602996826,25.934487342834473,0.8599132485445563,25.550336808243067,,,0.0,-1,-1,0,32,delayed
23,6152,3,-35.29422002414668,35.84149996439616,-40.963900883992515,1.0387134297221294,30.86297137713024,,,0.0,-1,-1,0,32,delayed
