file_id,light_id,n_charge_hits,charge_x,charge_y,charge_z,charge_E,charge_Q,fprompt,integral,integral_total,tpc,det,n_valid_sumhits,period,window
0,1149,7,-37.56523272759261,30.93110888344901,-12.546651499611992,1.9701431101919131,58.53825384251499,,,0.0,-1,-1,0,109,prompt
0,1227,6,30.782099493662898,-45.53625615437826,16.877119143803913,2.4557975975773676,72.96835565352347,,,0.0,-1,-1,0,109,prompt
0,1313,9,-9.124956373013784,-6.139858643213908,28.85759703318278,2.9407367492517125,87.37720291544723,,,0.0,-1,-1,0,109,prompt
0,1437,6,-25.1213302925466,-2.2631876468658443,43.716674168904625,2.2984175990302345,68.29217235646884,,,0.0,-1,-1,0,109,prompt
0,1601,8,-6.669479162894001,-20.150451183319092,36.801252007484436,1.9437932252665142,57.75532784871051,,,0.0,-1,-1,0,109,prompt
0,1675,7,-22.014696625699617,54.55403545924595,22.24080719266619,3.54301901987515,105.2726300345293,0.4479822516441345,73.08012390136719,73.08012390136719,5,14,1,109,prompt
0,2047,6,-33.647258402319814,-50.29356908798218,6.070714632670085,2.6286403589631617,78.10397924782029,,,0.0,-1,-1,0,109,prompt
0,2199,9,-5.04751856182075,-7.513166851467556,12.618072350819906,2.638278835962997,78.39036433850369,,,0.0,-1,-1,0,109,prompt
0,2319,9,-10.419906545350536,7.648650248845418,-21.55479441748725,3.785288682632753,112.47111370989215,,,0.0,-1,-1,0,109,prompt
0,2781,6,-26.17192961837222,-21.384812831878662,-16.358141978581745,2.3889666833071406,70.98262933555218,,,0.0,-1,-1,0,109,prompt
0,3033,6,-13.67714811885771,7.4638999303181945,-39.7814998626709,2.10510921335881,62.54845998766616,,,0.0,-1,-1,0,109,prompt
0,3165,6,11.406134499253378,2.059962789217631,-1.495004653930664,2.5155808543327747,74.74467710011085,,,0.0,-1,-1,0,109,prompt
0,3909,6,-31.305869500377597,50.1226749420166,50.3122501373291,2.462183667967715,73.15810299097956,,,0.0,-1,-1,0,109,prompt
0,3939,6,-3.9148411904842413,-2.281662623087565,-15.05565357208252,1.2472444241813814,37.058988420023475,,,0.0,-1,-1,0,109,prompt
0,4105,8,-53.69973491085308,39.13697814941406,17.449740767478943,1.9595100371265453,58.22231662607293,,,0.0,-1,-1,0,109,prompt
0,4217,9,5.568810492852118,29.144312328762478,-4.782573488023546,4.17463708470202,124.0397025477295,,,0.0,-1,-1,0,109,prompt
0,4471,7,-5.628838164285413,-5.7048154558454245,3.334047862461635,2.363800938515075,70.23488733186069,,,0.0,-1,-1,0,109,prompt
0,5063,10,16.215068791395886,-1.953731083869934,14.246113395690918,3.2674687130650506,97.08528885967361,,,0.0,-1,-1,0,109,prompt
0,5281,6,-3.836807465444137,-14.613724708557129,24.457958380381267,2.3395901756718134,69.51552041191053,,,0.0,-1,-1,0,109,prompt
0,5883,11,-18.675064796974876,3.2070918516679243,7.939687642184171,3.3493336192392715,99.51771553651203,,,0.0,-1,-1,0,109,prompt
0,5951,13,0.4395637251528247,1.4261280389932485,15.626795218541073,3.7887310583771274,112.57339595736092,,,0.0,-1,-1,0,109,prompt
1,37,9,-10.425679512983622,-14.656833860609266,-20.32116656833225,3.078385145646771,91.46710721098043,,,0.0,-1,-1,0,109,prompt
1,153,10,-38.74696184987549,56.489159774780276,-61.30117988586426,3.859608653827831,114.67936006361116,0.28938668966293335,865.486083984375,1100.0576171875,7,7,2,109,prompt
1,199,7,-9.006069804263245,-17.906233515058243,13.523069654192243,1.4171426513703809,42.10712197901865,,,0.0,-1,-1,0,109,prompt
1,705,6,12.495653354583823,27.486181678871315,-1.139360666275025,2.4966144630136853,74.18113457176875,,,0.0,-1,-1,0,109,prompt
1,1257,10,-18.833250862128914,3.3393558502197265,6.409901237487793,3.275361618642484,97.3198083257249,,,0.0,-1,-1,0,109,prompt
1,1563,6,20.598994853396178,-22.18385601043701,-9.719527244567871,2.5643149828603793,76.19269921169482,,,0.0,-1,-1,0,109,prompt
1,1579,9,-6.678570697628966,9.148204591539171,27.659801695081924,3.4276691472551097,101.84527489002109,,,0.0,-1,-1,0,109,prompt
1,1599,6,24.809224942007944,20.44258737564087,-16.03482945760091,1.8958107853674675,56.32964042922147,,,0.0,-1,-1,0,109,prompt
1,1929,6,-1.330775626721195,-12.595331192016602,-9.78713162740072,3.196667740771627,94.98160143363403,,,0.0,-1,-1,0,109,prompt
1,2015,14,4.260791943803985,17.326251098087855,4.303443721362522,4.350565928272022,129.2670219489672,,,0.0,-1,-1,0,109,prompt
1,2143,6,25.563090217826698,0.1939875284830729,17.54830805460612,1.5999957584394824,47.54017988335585,,,0.0,-1,-1,0,109,prompt
1,2425,6,-23.195417594223787,-18.862975120544434,-3.547199805577596,1.614285336033402,47.964761689706805,,,0.0,-1,-1,0,109,prompt
1,2565,8,-33.417228881083844,24.23111690580845,15.673779487609863,1.0710595943748928,31.82406297879101,,,0.0,-1,-1,0,109,prompt
1,2775,6,-9.849991887412239,-34.20646254221598,0.7851877212524414,1.1691826653501813,34.73956348575622,,,0.0,-1,-1,0,109,prompt
1,2961,10,-24.50756609674684,-11.691903328895568,12.00051851272583,2.742326266170497,81.48189350186213,,,0.0,-1,-1,0,109,prompt
1,3441,6,-54.3363203381121,25.125998973846436,-41.33339977264404,1.6712342905937843,49.65686839042094,,,0.0,-1,-1,0,109,prompt
1,4251,7,-15.234373602717739,9.339112145560128,2.2546984808785573,7.431315246483765,220.80437508930157,,,0.0,-1,-1,0,109,prompt
1,4797,7,31.116009116037,11.247316428593226,20.932922908238,2.1927282748193258,65.15185810361267,,,0.0,-1,-1,0,109,prompt
1,5131,12,-20.340826963563828,-24.59022517999013,8.647977193196615,4.881608986343639,145.04574034454276,,,0.0,-1,-1,0,109,prompt
1,5241,7,-24.158948660940233,28.151941571916854,24.06839397975377,2.1957393524157776,65.24132532239933,0.8594512343406677,37.344459533691406,37.344459533691406,7,13,1,109,prompt
2,727,6,-47.52391789251784,7.82416311899821,31.430799802144367,2.337668691919362,69.4584279585383,,,0.0,-1,-1,0,109,prompt
2,1711,9,-20.83136738135419,4.698808246188694,23.7575167549981,2.2739167107980025,67.56418503042846,,,0.0,-1,-1,0,109,prompt
2,1819,6,-20.670481845762804,-40.497199853261314,-6.207600275675456,2.1183183747324885,62.940939720503366,,,0.0,-1,-1,0,109,prompt
2,1999,6,1.9104214703112976,2.2909000714619956,4.618749300638835,2.0157194409099164,59.89244928292694,,,0.0,-1,-1,0,109,prompt
2,2627,8,-32.43302617465202,42.42783808708191,4.660421967506408,2.2587710462567916,67.1141665769768,,,0.0,-1,-1,0,109,prompt
2,2791,8,24.57660823415675,22.21156844496727,12.023915767669678,3.1980562377761554,95.02285741635436,,,0.0,-1,-1,0,109,prompt
2,3567,8,-15.8550337403925,7.326491951942444,-25.87670147418976,2.803112157547684,83.28800592134756,,,0.0,-1,-1,0,109,prompt
2,3597,7,-15.600810369268098,26.75048065185547,-43.291690008980886,2.6824193988143996,79.70189925166804,0.37085723876953125,293.3433837890625,419.9140625,6,6,2,109,prompt
2,3925,7,8.213049365354774,-21.378214018685476,-21.116471971784318,2.2484150479368115,66.8064619968823,,,0.0,-1,-1,0,109,prompt
2,3965,9,9.067346675873672,-7.713312360975477,-13.921540684170193,2.726077751717768,80.99910640955542,,,0.0,-1,-1,0,109,prompt
2,4021,6,-30.21535886249812,-4.632606188456216,12.629339218139648,1.0511178407402908,31.231539811165106,,,0.0,-1,-1,0,109,prompt
2,4179,7,-49.802395288793946,25.356937135968888,11.204398291451591,3.116980113618507,92.61386757599429,,,0.0,-1,-1,0,109,prompt
2,4355,30,30.749300088391635,51.24503154754639,52.338327916463214,16.12330670181038,479.06683306846674,,,0.0,-1,-1,0,109,prompt
2,4561,6,8.169785613684708,45.106712341308594,14.536883195241293,1.9326844241963967,57.425255472970655,,,0.0,-1,-1,0,109,prompt
2,4901,7,-40.653227957359604,43.81346232550485,43.11623764038086,1.900585695953196,56.47151587293756,,,0.0,-1,-1,0,109,prompt
2,5747,7,8.902313057046833,-18.448606763567245,24.490739277430944,2.5538864610310914,75.8828397629639,,,0.0,-1,-1,0,109,prompt
3,551,6,-35.26547021437951,0.2078434626261417,6.443156321843465,1.4223301697240733,42.261257109928806,,,0.0,-1,-1,0,109,prompt
3,759,6,-39.722586763057215,-20.248600165049236,-31.283000151316326,2.519042199862176,74.84752299094413,,,0.0,-1,-1,0,109,prompt
3,1247,8,5.343048036708506,-18.792539417743683,43.91643616557121,2.596469886850837,77.14810794435878,,,0.0,-1,-1,0,109,prompt
3,2019,8,-15.840410889871663,11.441798150539398,-14.017958045005798,3.8860935130479786,115.4662965069547,,,0.0,-1,-1,0,109,prompt
3,2685,10,21.257383134905844,15.829380130767822,-32.599219703674315,3.7055004399644837,110.10039029452142,,,0.0,-1,-1,0,109,prompt
3,3775,9,-18.204316130164745,30.850171089172363,45.18025928073459,2.490722733208448,74.00607542346309,,,0.0,-1,-1,0,109,prompt
3,3867,7,13.957250350362001,-4.338985988071985,-7.617785794394357,2.279223201602173,67.72185515302033,,,0.0,-1,-1,0,109,prompt
3,5833,7,-2.435933199976841,22.272931235177175,-10.700353758675712,2.8662638407597676,85.16441238305426,,,0.0,-1,-1,0,109,prompt
3,5931,6,-8.161404793014649,15.962400674819946,4.138399839401244,2.6318054325032443,78.1980221005253,,,0.0,-1,-1,0,109,prompt
4,455,11,-3.8231245109027046,-2.9753145738081486,-29.46394005688754,3.7208219837802288,110.55563459454483,,,0.0,-1,-1,0,109,prompt
4,717,6,-5.985306467270259,-35.34267552693685,11.203616619110107,1.6950188094127376,50.363570453303225,,,0.0,-1,-1,0,109,prompt
4,747,8,-3.029956367886477,34.342716455459595,7.115184307098389,3.3401266564535312,99.24415189441817,,,0.0,-1,-1,0,109,prompt
4,753,8,4.926961527438884,5.265375018119812,-37.546025812625885,4.460282043117822,132.5269829884636,0.2933780252933502,183.95188903808594,232.59719848632812,2,13,2,109,prompt
4,1251,8,18.26433531414477,-2.6742565035820007,-2.8832035064697257,2.1876287398109917,65.00033719467343,,,0.0,-1,-1,0,109,prompt
4,1373,13,8.080688110460102,35.25669490374052,6.252801161545974,6.070890846869577,180.38250500981846,,,0.0,-1,-1,0,109,prompt
4,1617,9,-28.628459524313573,-7.119033283657497,-46.27952236599393,4.34246213842549,129.02623654375034,0.31676822900772095,321.541748046875,536.132080078125,7,3,2,109,prompt
4,1753,8,8.098270242725357,6.6198230385780334,12.9174884557724,2.327042163772095,69.14268520922667,,,0.0,-1,-1,0,109,prompt
4,1903,10,-9.295353442229867,30.06252031326294,-20.667100620269775,3.623116999937589,107.65255658144449,0.3277933895587921,122.97679901123047,122.97679901123047,7,4,1,109,prompt
4,2847,9,-43.93102795260137,-3.384004063076443,51.19597074720595,4.289510311745156,127.45289526940184,,,0.0,-1,-1,0,109,prompt
4,2999,8,9.776241995895585,16.73835039138794,0.22169947624206543,3.269556486502611,97.14732222710839,,,0.0,-1,-1,0,109,prompt
4,3009,6,17.98884023400289,-29.781699498494465,-27.292400121688843,2.9295815428552423,87.04575171257565,,,0.0,-1,-1,0,109,prompt
4,3675,7,46.770668914758744,-15.614013984799385,19.279528617858887,2.9516527982828187,87.70154810937478,,,0.0,-1,-1,0,109,prompt
4,3777,6,-58.888870666388755,5.4963124593098955,27.486387252807617,1.9301411358485328,57.34968753167148,,,0.0,-1,-1,0,109,prompt
4,3825,10,-19.368779848517317,-17.846849632263183,9.057575225830078,2.8961449497375007,86.05226054666511,,,0.0,-1,-1,0,109,prompt
4,3845,6,-11.498862335786427,-31.772381623586018,26.28236484527588,1.3846138688669196,41.14060430955348,,,0.0,-1,-1,0,109,prompt
4,3853,6,-3.990732647126429,20.18855635325114,-42.33713944753011,1.124884957467305,33.423359370798906,,,0.0,-1,-1,0,109,prompt
4,4303,6,24.925381080034295,0.9653186798095703,10.33843962351481,3.351747194511057,99.58942935323779,,,0.0,-1,-1,0,109,prompt
4,4397,6,-36.53413145195318,-22.42864990234375,0.518770694732666,1.2277032082897714,36.478366306666935,,,0.0,-1,-1,0,109,prompt
4,4453,6,-24.84150736098134,-50.97714360555013,44.52495606740316,2.572785958396285,76.44439469191113,,,0.0,-1,-1,0,109,prompt
4,5599,11,-26.17620642345479,28.41287036375566,22.865844509818338,4.24688662077166,126.18643070192768,0.5861765742301941,84.1387710571289,84.1387710571289,4,14,1,109,prompt
4,5849,6,17.421182558839828,22.29470666249593,-41.441102027893066,1.6962309859311993,50.39958747986976,,,0.0,-1,-1,0,109,prompt
5,15,6,-37.507050422069,-27.795637130737305,-1.6365076700846357,1.8518197765258548,55.02254916816694,,,0.0,-1,-1,0,109,prompt
5,109,7,16.89165623340999,26.908837182181223,43.83010482788086,2.8827321536287456,85.65373027782807,,,0.0,-1,-1,0,109,prompt
5,165,8,-40.91417998609667,21.047643721103668,45.7212119102478,2.531839481967274,75.22776468226448,,,0.0,-1,-1,0,109,prompt
5,405,9,14.091351771445566,13.770033677419027,12.526677661471897,3.744637022640009,111.26324348997547,,,0.0,-1,-1,0,109,prompt
5,897,8,-16.35955686526627,-29.2713280916214,-15.671418398618698,2.450745833145262,72.8182541369639,,,0.0,-1,-1,0,109,prompt
5,1163,6,18.50363619575779,-28.082000096638996,18.778366724650066,3.1748056832156664,94.33202086859279,,,0.0,-1,-1,0,109,prompt
5,1231,9,-2.135009477288454,25.89579184850057,-14.85550922817654,3.294109615264353,97.87686175986995,,,0.0,-1,-1,0,109,prompt
5,2755,7,-16.918579573899205,-4.4617124285016745,52.31678717476981,2.9625471698027677,88.02524920610745,,,0.0,-1,-1,0,109,prompt
5,3261,6,10.153911083311295,-15.075600107510885,-38.67300033569336,2.0086494534733905,59.682380929474974,,,0.0,-1,-1,0,109,prompt
5,3293,8,3.1572837021545688,19.26018786430359,9.84265947341919,3.0104805379690225,89.44947857235364,0.36845600605010986,231.82765197753906,231.82765197753906,6,6,1,109,prompt
5,3483,6,-48.45164923123493,-2.752775470415751,-10.501567443211874,1.7370236186814358,51.611646379796696,,,0.0,-1,-1,0,109,prompt
5,3563,12,-19.542859965356183,-16.080178101857502,14.39915943145752,3.2269821250023893,95.88232337104041,,,0.0,-1,-1,0,109,prompt
5,3635,7,8.427532922226675,22.482754911695206,2.2388621738978776,2.723731211376314,80.92938438101388,,,0.0,-1,-1,0,109,prompt
5,3723,6,13.542321512943914,30.9179117679596,-37.39192855358124,2.3534713600424784,69.92796775653292,,,0.0,-1,-1,0,109,prompt
5,4803,6,-32.74347385083503,-3.7919944127400718,24.213164170583088,1.801270664834854,53.520599022325385,,,0.0,-1,-1,0,109,prompt
5,4989,7,9.511587268033638,20.471618924822128,17.24446174076625,2.2464543965375015,66.74820576731413,,,0.0,-1,-1,0,109,prompt
5,5441,9,-7.760295182104632,-36.42654228210449,17.965466764238144,1.4885679203897402,44.22935894088987,,,0.0,-1,-1,0,109,prompt
5,5493,6,-42.01436793001793,29.957213083902996,-11.908608357111612,3.031474024157867,90.07325154458319,,,0.0,-1,-1,0,109,prompt
5,6183,6,-28.611322676192355,29.14431221286456,15.988642056783041,3.0479117184334745,90.56165967854733,,,0.0,-1,-1,0,109,prompt
6,599,6,3.8717958274834317,-48.847899754842125,-5.386933326721191,2.014866857027891,59.86711672132271,,,0.0,-1,-1,0,109,prompt
6,1243,6,-35.62507058112352,-30.645405928293865,24.95216464996338,1.7046820508687752,50.65069136262638,,,0.0,-1,-1,0,109,prompt
6,2787,6,-23.199468689169034,-15.25111198425293,33.019649823506676,1.4934991812244935,44.37587997127345,,,0.0,-1,-1,0,109,prompt
6,3673,8,-41.517195770717436,-9.096627950668335,-12.628868520259859,1.7289832006208878,51.372743920887274,,,0.0,-1,-1,0,109,prompt
6,3829,8,-41.70507785606503,32.44440984725952,49.261485040187836,2.2458505819752146,66.73026481168606,,,0.0,-1,-1,0,109,prompt
6,4099,6,-14.084123574327341,-36.35418176651001,10.412339528401693,2.8479182652384916,84.61931596280138,,,0.0,-1,-1,0,109,prompt
6,4789,8,-2.7894118482603645,-5.265375018119812,-29.786524772644043,2.4877330670690276,73.91724439668721,,,0.0,-1,-1,0,109,prompt
6,4827,6,-17.403474323879653,24.904300371805828,13.753166516621908,1.3259089600005243,39.39632348079276,,,0.0,-1,-1,0,109,prompt
6,5265,7,5.343654568918107,25.804296289171493,14.118347031729561,2.0092027830600445,59.69882184061211,,,0.0,-1,-1,0,109,prompt
6,5311,7,-13.0864491073664,-27.67686871119908,-26.87005533490862,2.0210827014488646,60.05180618711746,,,0.0,-1,-1,0,109,prompt
6,5489,10,14.577942749190578,-39.32957992553711,50.498848342895506,4.792578454318004,142.40040363956453,,,0.0,-1,-1,0,109,prompt
6,5551,11,-41.67162263600311,26.913876376368783,17.503019679676402,3.570023527215652,106.07500662200289,,,0.0,-1,-1,0,109,prompt
6,5635,6,-19.860620805588933,35.36576906840006,27.82355610529582,6.569576985257079,195.19981224280798,,,0.0,-1,-1,0,109,prompt
7,451,6,-14.709002238245148,-6.295356432596843,20.499690055847168,1.5599771334730201,46.35111883769051,,,0.0,-1,-1,0,109,prompt
7,455,6,-23.145336562432266,-51.05566215515137,11.28675397237142,2.069458778934939,61.48918963867247,,,0.0,-1,-1,0,109,prompt
7,865,6,-17.322659917222907,2.392512321472168,15.006525039672852,2.11789741405756,62.92843184596409,,,0.0,-1,-1,0,109,prompt
7,1151,8,-9.282328428120941,-31.446759505197406,-10.052709817886353,2.9635360843499714,88.05463251866648,,,0.0,-1,-1,0,109,prompt
7,1569,7,-8.96845180273608,-3.5313641003199985,3.3196500710078647,2.8078292435358323,83.42816324065231,,,0.0,-1,-1,0,109,prompt
7,1597,6,-29.985143665914354,-6.396968841552734,38.013989766438804,1.1429949759991516,33.961456758966115,,,0.0,-1,-1,0,109,prompt
7,1739,6,-43.482232358530574,4.540231317281723,18.070226669311523,1.4430628056761212,42.877279519624324,,,0.0,-1,-1,0,109,prompt
7,1753,9,32.73314636549403,14.33967904249827,22.58729574415419,3.1726823875280483,94.26893203951157,,,0.0,-1,-1,0,109,prompt
7,3269,7,-10.75562848342114,14.279854910714286,25.785308837890625,2.8188782255148555,83.75645823021092,,,0.0,-1,-1,0,109,prompt
7,3705,6,-21.796334215011893,-6.784943858782451,18.3133438428243,2.1985622616133873,65.32520155165862,,,0.0,-1,-1,0,109,prompt
7,4725,6,-48.476467873536556,-17.11708704630534,17.21722920735677,1.545428128491731,45.918828745491176,,,0.0,-1,-1,0,109,prompt
7,5097,9,-20.308697097091365,17.883799976772732,26.295730590820312,2.626733934049768,78.0473342330827,,,0.0,-1,-1,0,109,prompt
7,5173,8,6.969912812817226,21.785489559173584,42.15779447555542,2.193869215037118,65.18575850797556,,,0.0,-1,-1,0,109,prompt
8,975,7,-25.3110167158595,16.34641640526908,-10.32299450465611,2.223401595496042,66.06324500879623,,,0.0,-1,-1,0,109,prompt
8,1839,10,-59.04373559494352,26.304705238342287,54.87742233276367,6.264529285817886,186.136024149715,,,0.0,-1,-1,0,109,prompt
8,1931,6,-12.03359917875737,16.48431905110677,-18.35029403368632,3.155767438279009,93.76634337590069,,,0.0,-1,-1,0,109,prompt
8,2491,9,-32.795526460147755,-5.413175000084771,21.861730575561523,3.653622433922476,108.55895512119798,0.5336736440658569,62.68623733520508,62.68623733520508,4,10,1,109,prompt
8,2513,10,-42.69501595160043,2.458098602294922,-11.653106474876404,3.5574340015837294,105.7009379346137,0.4266612231731415,63.80529022216797,63.80529022216797,7,2,1,109,prompt
8,2711,6,12.692549160716185,-18.918400446573894,11.691733201344809,2.1655342880239496,64.34385157160868,,,0.0,-1,-1,0,109,prompt
8,2873,7,20.438467073175605,-44.7002626487187,-14.264827183314733,2.3772211187272103,70.6336370022812,,,0.0,-1,-1,0,109,prompt
8,2909,8,-11.9437251591145,-12.647292137145996,-1.8613045811653137,3.2831089760670995,97.55000316445754,0.44163528084754944,306.6329345703125,306.6329345703125,5,2,1,109,prompt
8,3793,6,-9.774693655059798,-25.83266766866048,-5.462510585784912,2.191688718697172,65.12097009357554,,,0.0,-1,-1,0,109,prompt
8,4151,6,-15.868099259394901,-48.19665495554606,11.862626711527506,1.5695219892316667,46.63472218934521,,,0.0,-1,-1,0,109,prompt
8,4297,6,-11.698817454315,-17.80066204071045,-0.24941174189249674,1.2354171711333064,36.70756890252435,,,0.0,-1,-1,0,109,prompt
9,139,6,-29.21352496620645,-13.57912540435791,29.42626158396403,1.7233573316751114,51.205584214199526,,,0.0,-1,-1,0,109,prompt
9,311,11,-24.582398420280764,-18.179399967193604,5.561563903635198,4.279560439513381,127.15725778835234,,,0.0,-1,-1,0,109,prompt
9,1195,8,28.502838584650057,11.63925039768219,-8.418774962425232,2.9444103290224417,87.48635485675402,,,0.0,-1,-1,0,109,prompt
10,411,7,-39.69882883516296,27.360155650547572,-8.090159007481166,1.9302657667605851,57.353390651474605,,,0.0,-1,-1,0,109,prompt
10,683,16,-28.947965281701066,5.242858946323395,-4.900468230247498,4.662020271203215,138.52116866173256,,,0.0,-1,-1,0,109,prompt
10,899,7,2.5640938148968986,38.22741481236049,-30.68124212537493,2.758953478417088,81.97593272477395,,,0.0,-1,-1,0,109,prompt
10,1311,6,-43.57055573078805,18.73826837539673,-4.096831321716308,1.4061660716698596,41.78097825600297,,,0.0,-1,-1,0,109,prompt
10,1431,13,-15.053501336361675,8.987376579871544,-20.61717708294208,4.867494809941497,144.62637017963831,,,0.0,-1,-1,0,109,prompt
10,1705,6,-10.91210608485487,14.475163141886393,-7.399237632751465,1.6725492768737271,49.69594017168216,,,0.0,-1,-1,0,109,prompt
10,1775,10,-15.853747417387428,0.04156904220580948,41.52365093231201,2.689093826097431,79.90021444843029,,,0.0,-1,-1,0,109,prompt
10,1971,12,-31.077443202861435,3.6211002928515277,16.06568964322408,3.7413133361655824,111.16448782013278,,,0.0,-1,-1,0,109,prompt
10,2031,7,-34.14426312297628,12.12223870413644,27.752896308898926,1.3634884578742916,40.51291149636821,,,0.0,-1,-1,0,109,prompt
10,2199,6,13.238920802783857,-32.51138083140055,-24.213164170583088,1.9463080612415375,57.830050393441724,,,0.0,-1,-1,0,109,prompt
10,2365,6,19.105439927512602,17.532774925231934,34.41451287269592,2.120604972900363,63.00888070575181,,,0.0,-1,-1,0,109,prompt
10,2687,6,-15.598565975047018,-23.79580020904541,-31.72640021642049,2.4548610872761873,72.94052941214383,0.32452863454818726,93.44425964355469,171.21148681640625,6,12,2,109,prompt
10,3039,6,-31.62242450412079,19.675875345865887,-1.0360709826151517,2.3265989141489136,69.12951507005091,,,0.0,-1,-1,0,109,prompt
10,3457,8,-19.622627706579888,-27.428446769714355,7.818543910980225,3.2389921383348805,96.23917318843304,,,0.0,-1,-1,0,109,prompt
10,3811,6,-31.284982025541492,34.52515676865975,-11.714827378590902,2.705676483301078,80.39292982110993,,,0.0,-1,-1,0,109,prompt
10,4045,6,-32.27831517368339,37.59200668334961,32.840990702311196,2.1604963536039907,64.19416098192923,,,0.0,-1,-1,0,109,prompt
10,4331,13,-16.477441821978452,-2.477071615365835,38.68010623638447,6.480889294802274,192.56466228355245,,,0.0,-1,-1,0,109,prompt
10,4343,6,19.822971689412718,11.463737487792969,0.21246258417765299,1.7479283154678333,51.93565426798285,,,0.0,-1,-1,0,109,prompt
10,4727,8,33.597128704020676,54.64905095100403,14.982224583625793,3.3456192939533644,99.4073529362952,0.26838505268096924,561.4973754882812,561.4973754882812,1,7,1,109,prompt
10,4781,6,28.700119345259868,-36.20176347096761,3.7888460159301744,2.693313935108769,80.02560524429218,,,0.0,-1,-1,0,109,prompt
10,5775,13,-19.377410625829263,-20.24931086026705,24.44925454946665,4.535764763256222,134.76977774247248,,,0.0,-1,-1,0,109,prompt
10,5905,7,-49.7073941775775,10.39218739100865,32.3083622114999,2.2361687734478144,66.44259222470512,,,0.0,-1,-1,0,109,prompt
10,5939,6,-36.37714695787468,-4.23539384206136,2.8035812377929688,1.2905220476256336,38.34488308106342,,,0.0,-1,-1,0,109,prompt
11,329,8,1.4993236589243262,10.004212021827698,2.4642061591148376,1.8532768130080957,55.06584164322318,,,0.0,-1,-1,0,109,prompt
11,401,6,19.705380021649066,25.71719964345296,30.897967020670574,1.069087763038579,31.765474563207054,,,0.0,-1,-1,0,109,prompt
11,641,6,1.3232666611204493,15.985493977864584,12.105743726094564,1.8729208923247527,55.649520105763365,,,0.0,-1,-1,0,109,prompt
11,1055,6,22.468558418033563,45.226799647013344,-19.38510036468506,2.1392583543315205,63.56312286795289,,,0.0,-1,-1,0,109,prompt
11,1457,8,-2.5313299942109992,14.150695383548737,9.65213590860367,2.5097081193709316,74.57018233972124,,,0.0,-1,-1,0,109,prompt
11,1459,6,6.236807696949417,24.710312525431316,18.019421259562176,1.6701706274454005,49.625264095757814,,,0.0,-1,-1,0,109,prompt
11,2663,6,-34.87521121132104,-20.202412207921345,19.295665740966797,2.254328501486631,66.98216661610236,,,0.0,-1,-1,0,109,prompt
11,3323,552,24.71972440441914,45.792797620826654,51.70427606416785,235.91861849201524,7009.777058335509,0.3517100214958191,12697.37890625,35413.375,1,13,31,109,prompt
11,3811,6,-9.383089500121965,9.680900096893309,-15.977933247884115,3.325235997847153,98.80171035356102,,,0.0,-1,-1,0,109,prompt
11,4825,6,19.7466069359605,-38.94530042012532,8.743499914805094,2.346768997631007,69.72882253192584,,,0.0,-1,-1,0,109,prompt
11,5199,6,19.752521668524086,-27.052019119262695,-30.919589678446453,1.4658673627766878,43.55486428258554,,,0.0,-1,-1,0,109,prompt
11,5331,9,-20.27144653917443,-0.6250711017184787,0.48601815435621476,3.5404118139343663,105.19516292952979,,,0.0,-1,-1,0,109,prompt
12,463,8,-27.06105351781263,-12.176179826259613,13.641632914543152,2.9544229421347286,87.7838565382115,,,0.0,-1,-1,0,109,prompt
12,1373,9,12.262261055827073,9.693216535780165,0.09300295511881511,2.617789836017507,77.78158101023494,,,0.0,-1,-1,0,109,prompt
12,1757,6,-4.133023029711996,3.228506326675415,-4.010752201080322,1.5426671326596113,45.836792128941546,,,0.0,-1,-1,0,109,prompt
12,2007,542,-41.83689268360084,8.627023960501505,32.86104376817541,227.08537318323033,6747.317568228475,,,0.0,-1,-1,0,109,prompt
12,2147,9,-29.416368706254516,45.99043369293213,7.69140542878045,3.3031512792059274,98.14551392845229,0.4433497488498688,198.9998779296875,369.8104553222656,4,6,2,109,prompt
12,2229,7,14.50695019511861,-18.923679079328263,20.936882155282156,2.55692806672717,75.97321405374755,,,0.0,-1,-1,0,109,prompt
12,2303,8,-13.56472226589003,18.692081332206726,10.168281316757202,2.5943161314706793,77.08411407583924,,,0.0,-1,-1,0,109,prompt
12,2823,6,41.56915013408234,32.73769950866699,39.256432771682746,2.332034300703368,69.2910150322673,,,0.0,-1,-1,0,109,prompt
12,3097,7,-22.746075550110074,16.94421441214425,-19.532900469643728,3.522416461053751,104.66047256644825,,,0.0,-1,-1,0,109,prompt
12,3537,8,-26.55281601821161,-3.3947810530662546,30.202212274074554,3.5877474100428812,106.60163087921953,,,0.0,-1,-1,0,109,prompt
12,3657,6,-17.98085797159212,-15.241875429948172,-1.0807876586914062,2.1526429850176334,63.96081626628458,,,0.0,-1,-1,0,109,prompt
12,5397,9,-49.02784027956899,-6.142937872144911,23.64974594116211,3.3126776503526667,98.42856805254154,,,0.0,-1,-1,0,109,prompt
13,417,8,16.180964824933422,-9.179765582084656,-5.735383987426758,7.560813243126486,224.65210907388015,,,0.0,-1,-1,0,109,prompt
13,475,6,-6.544936691093575,-2.923668702443441,-3.5241063435872397,1.4119527040907283,41.952914678181514,,,0.0,-1,-1,0,109,prompt
13,2589,6,-15.011456354785146,4.720363299051921,1.5995580355326335,1.7915916351822885,53.23300900319428,,,0.0,-1,-1,0,109,prompt
13,2899,6,28.88943144724075,-30.22971820831299,27.731181303660076,1.9260023219065454,57.22671223110085,,,0.0,-1,-1,0,109,prompt
13,2929,11,3.436855878894876,-7.439546498385343,-5.48163518038663,3.2716863988330456,97.21060765445438,,,0.0,-1,-1,0,109,prompt
13,3409,8,13.02398004147332,-13.395529985427856,-16.412882447242737,3.0903211139593405,91.82175695156164,,,0.0,-1,-1,0,109,prompt
13,3787,6,-11.090421800957735,6.27688201268514,26.707289695739746,2.1971373021380143,65.28286217080189,,,0.0,-1,-1,0,109,prompt
13,3797,8,-7.558069801784525,4.7457664012908936,-15.435861945152283,2.216037770626001,65.84444595442075,,,0.0,-1,-1,0,109,prompt
13,4459,6,26.4268435297779,13.523700078328451,-24.61646644274394,1.9364884841473855,57.53828433158054,,,0.0,-1,-1,0,109,prompt
13,4667,6,5.496201002886305,-6.540150006612142,19.29419533411662,1.518146101743079,45.10820630954271,,,0.0,-1,-1,0,109,prompt
13,5181,7,15.916731293585643,-22.514426367623464,9.570798601422991,2.1739799084861717,64.59479368435039,,,0.0,-1,-1,0,109,prompt
13,5487,9,-16.326730903620902,31.533745553758408,3.5930347707536487,2.3206092548988404,68.95154617439196,,,0.0,-1,-1,0,109,prompt
13,5731,7,3.7958816989412685,35.97082478659494,7.1952637263706745,1.761261147449138,52.3318085873943,,,0.0,-1,-1,0,109,prompt
14,339,7,-20.90599958580651,-0.7244843414851597,-8.423970426831927,1.4060697600967242,41.77811657997192,,,0.0,-1,-1,0,109,prompt
14,419,6,48.09737037276477,43.993593533833824,26.290130933125813,2.332282879778151,69.29840098555378,,,0.0,-1,-1,0,109,prompt
14,699,7,-32.75123258704361,7.70011602129255,16.561005456107004,1.2137506273433583,36.063797577637,,,0.0,-1,-1,0,109,prompt
14,881,6,14.07221014445104,-22.77505584557851,34.596114794413246,2.2429068454445824,66.6427984771928,,,0.0,-1,-1,0,109,prompt
14,1721,10,-16.017392661694764,-7.959029912948608,0.29841222763061526,3.5384779169231813,105.1377016448341,,,0.0,-1,-1,0,109,prompt
14,3307,7,-40.6471720558632,17.13820171356201,-31.984990528651643,2.469608945182429,73.37872795989544,,,0.0,-1,-1,0,109,prompt
14,3317,8,17.06768373552777,-25.72066378593445,18.125232756137848,2.5252257139685037,75.03125183608358,,,0.0,-1,-1,0,109,prompt
14,3371,6,-55.749180784818655,-9.593143781026205,-31.316802342732746,2.150771009720716,63.90519484236316,,,0.0,-1,-1,0,109,prompt
14,3863,6,45.95673370586971,31.55530039469401,-3.6288668314615884,2.652541984839087,78.81416087652309,,,0.0,-1,-1,0,109,prompt
14,3879,8,-35.385510456640986,-9.882969975471497,8.793048322200775,3.1511982571227617,93.63058070719244,,,0.0,-1,-1,0,109,prompt
14,3985,8,30.232007260491585,16.821487098932266,6.3705655336380005,2.6692591671623322,79.31087335253933,,,0.0,-1,-1,0,109,prompt
14,4063,7,-12.949268701816644,-0.7442787715366919,10.881203378949847,1.751467563208285,52.04081484315646,,,0.0,-1,-1,0,109,prompt
14,4353,9,8.302557615024705,-17.495824972788494,-8.988577789730495,3.221084521729459,95.70708970620291,,,0.0,-1,-1,0,109,prompt
14,4373,6,9.430066030588304,-6.4985807339350385,-3.4054900805155435,2.147305406583444,63.802222446541975,,,0.0,-1,-1,0,109,prompt
14,4769,9,-19.302932033334166,-8.10128762986925,16.164154476589626,3.99630397793179,118.74094601647269,,,0.0,-1,-1,0,109,prompt
14,4937,6,16.5266958720234,8.498500347137451,1.0345999399820964,2.8767216976730454,85.47514345607695,,,0.0,-1,-1,0,109,prompt
14,5071,6,-19.688070344948176,36.80681832631429,-26.642626444498703,2.522333050808981,74.94530302889439,,,0.0,-1,-1,0,109,prompt
14,5185,6,-7.648751099657669,13.528318683306376,32.36840629577637,1.7086582906897863,50.76883614854419,,,0.0,-1,-1,0,109,prompt
15,141,7,-0.31418474076958675,-2.818758010864258,-11.531728199550084,2.6151897365484102,77.70432505763414,,,0.0,-1,-1,0,109,prompt
15,455,10,-1.3673255727212328,16.16747260093689,15.923602867126462,4.241931113609085,126.03918924789289,,,0.0,-1,-1,0,109,prompt
15,521,7,-8.948164811490875,40.5077565738133,25.487128802708217,1.7594044527321244,52.27664119062483,,,0.0,-1,-1,0,109,prompt
15,1015,9,-8.648771184031485,3.1037997934553356,5.607652717166477,3.531874384476774,104.94149292445974,,,0.0,-1,-1,0,109,prompt
15,1041,9,2.55980324532405,6.866541650560167,30.483397483825684,1.7708235598118318,52.61593359300348,,,0.0,-1,-1,0,109,prompt
15,1713,11,-20.867665251946867,-3.527044816450639,-5.448081623424184,5.013076814140005,148.95200331389535,,,0.0,-1,-1,0,109,prompt
15,1745,8,-28.682106678501217,-24.39739203453064,19.539673089981083,3.595477905399899,106.83132470054474,,,0.0,-1,-1,0,109,prompt
15,1851,6,-35.71906883098517,-15.191068649291992,-24.647326787312824,1.9251767687549217,57.202182825241835,,,0.0,-1,-1,0,109,prompt
15,1899,6,-12.14276483692199,16.30880610148112,2.193906545639038,1.4786808162158565,43.93558646776133,,,0.0,-1,-1,0,109,prompt
15,2077,9,-27.39601922398419,12.470624638928307,16.376616372002495,1.7623737272474918,52.36486632737225,,,0.0,-1,-1,0,109,prompt
15,2317,7,-42.85599076136742,-6.47284780229841,-9.363673346383232,2.052878629116921,60.99654876716772,,,0.0,-1,-1,0,109,prompt
15,2609,8,10.569434350161105,12.72350126504898,-17.86086082458496,3.1792517778655447,94.4641263059471,,,0.0,-1,-1,0,109,prompt
15,2655,6,9.888114300398486,13.556030988693237,-13.592981020609537,2.059940905222673,61.20638799622968,,,0.0,-1,-1,0,109,prompt
15,3717,7,-19.41861244801992,21.995807783944265,-4.706535884312221,2.388348215086325,70.96425298029332,,,0.0,-1,-1,0,109,prompt
15,3737,11,22.902002866093465,-14.2492638501254,20.4515363519842,4.639555650457123,137.85368432269772,,,0.0,-1,-1,0,109,prompt
15,3949,6,16.116541176677845,-36.0631996790568,-22.776733716328938,1.376958876050263,40.91315387189444,,,0.0,-1,-1,0,109,prompt
15,4007,7,24.64809591690906,-44.561699458530974,17.555957044873917,2.301085921280968,68.37145539151285,,,0.0,-1,-1,0,109,prompt
15,4381,7,1.1287171280333783,-25.246087755475724,-13.001752172197614,2.2199206508108156,65.95981677429822,,,0.0,-1,-1,0,109,prompt
15,4635,12,-39.77490739626189,35.19487512111664,-8.777095556259155,4.794486539315928,142.45709797988104,0.3862990438938141,387.0439453125,741.9829711914062,5,6,2,109,prompt
15,4839,7,17.400684797644,-33.310424259730745,-27.888761247907365,1.772810544090318,52.67497224327888,,,0.0,-1,-1,0,109,prompt
15,5241,11,-8.943600412717158,11.934010397304188,27.151205496354535,4.387680332566369,130.36979078264062,,,0.0,-1,-1,0,109,prompt
15,5407,8,-8.734201778682394,10.416436076164246,-4.955970227718352,2.245917926396068,66.73226579566655,,,0.0,-1,-1,0,109,prompt
15,5683,6,-27.56922409851651,29.938737233479817,27.68037509918213,2.1125261746079884,62.76883786686614,,,0.0,-1,-1,0,109,prompt
15,5721,6,-34.92223293071634,9.001943588256834,36.52675183614095,1.6741818912287285,49.744449537852375,,,0.0,-1,-1,0,109,prompt
15,5947,7,-33.69426721059256,-24.541398457118444,-4.098298140934536,2.3420025484926317,69.58719850058203,,,0.0,-1,-1,0,109,prompt
15,5967,7,-31.825290147394117,1.2312270573207311,5.747734274183001,1.6693768406586824,49.60167855408961,,,0.0,-1,-1,0,109,prompt
16,359,7,-13.773670979037872,6.266983509063721,-10.441762719835552,2.65172668603538,78.78993615493714,,,0.0,-1,-1,0,109,prompt
16,707,8,20.359679196972273,8.036625027656555,18.18994677066803,2.3833972235769005,70.81714569846619,,,0.0,-1,-1,0,109,prompt
16,1227,14,-16.74722820567098,-10.869238308497838,7.136776004518781,3.7213256153861356,110.57059884492702,,,0.0,-1,-1,0,109,prompt
16,1607,9,-5.922385111730222,15.214162985483805,10.393795649210611,4.073311302600332,121.02904087407974,,,0.0,-1,-1,0,109,prompt
16,2161,6,-45.715476934478964,-31.555299758911133,-25.37100013097127,2.113349258637296,62.793293908456235,,,0.0,-1,-1,0,109,prompt
16,2535,24,-26.201068292443626,-3.653431278963884,26.043660302956898,8.10206481796224,240.73414997562463,,,0.0,-1,-1,0,109,prompt
16,2727,8,-0.8637809872715412,2.5218374487012625,9.010181665420532,4.956631057124468,147.27484796644114,,,0.0,-1,-1,0,109,prompt
16,2763,8,-61.52634320461448,56.935330390930176,52.65626573562622,2.9835497327148985,88.64929187221301,,,0.0,-1,-1,0,109,prompt
16,2795,7,-48.76058429893521,8.959055168288094,3.99536623273577,2.363980343589591,70.24021793943854,,,0.0,-1,-1,0,109,prompt
16,3393,8,-17.035455767190214,25.2460880279541,-15.883983850479126,3.2111810475746756,95.41283083688705,,,0.0,-1,-1,0,109,prompt
16,3601,6,10.408750256166238,1.0392189025878895,-17.665247917175293,2.3097673427027217,68.62940378534853,,,0.0,-1,-1,0,109,prompt
16,3909,6,-5.34719877121857,-14.955512364705404,-1.3472038110097249,1.5859568275419995,47.123045464895085,,,0.0,-1,-1,0,109,prompt
16,4293,6,-23.011825558776042,11.445262749989828,6.491020838419597,1.146840391126626,34.07571439116423,0.6411193609237671,49.70417785644531,49.70417785644531,5,4,1,109,prompt
16,4571,7,-0.1945022020993211,-51.149356842041016,14.95890017918178,2.8712438704913374,85.31238246860887,,,0.0,-1,-1,0,109,prompt
16,4807,10,-28.50181825060904,-19.11331100463867,-12.911253929138184,3.07610966706864,91.39949661866828,,,0.0,-1,-1,0,109,prompt
16,5113,8,39.96828189042026,-16.01782514154911,7.709900379180908,2.2642910704126153,67.27818135010614,,,0.0,-1,-1,0,109,prompt
16,5423,6,-45.20906179339411,-8.082812468210856,37.50907516479492,1.6841654197673246,50.041087038353226,,,0.0,-1,-1,0,109,prompt
16,5451,7,-40.022236208052256,-26.99989264351981,-18.490264620099747,3.2071674507685834,95.2935760744076,,,0.0,-1,-1,0,109,prompt
16,5791,6,-5.279409504466872,45.818000157674156,15.880733489990234,2.058868673991326,61.17452912076336,,,0.0,-1,-1,0,109,prompt
16,5839,12,-19.95305202997711,2.4895062794288,15.345164934794107,3.667847176529027,108.98161050559065,,,0.0,-1,-1,0,109,prompt
17,23,7,-14.919302777727935,-9.5449766431536,-3.600733348301479,2.2197600714205716,65.95504552846366,,,0.0,-1,-1,0,109,prompt
17,547,6,13.707288269433187,-7.7502626578013105,-24.92130406697591,2.5004336973035746,74.29461430082449,,,0.0,-1,-1,0,109,prompt
17,931,6,-16.008322112133282,0.8683258692423502,12.509045362472534,1.9058109987282459,56.62677368069147,,,0.0,-1,-1,0,109,prompt
17,969,7,-16.709546142528893,-51.521496295928955,38.3865784236363,2.9154318847530183,86.62532729087357,,,0.0,-1,-1,0,109,prompt
17,1345,7,-48.581502158802316,23.547706604003906,20.21509654181344,2.908401070356865,86.41642287387337,,,0.0,-1,-1,0,109,prompt
17,3043,11,22.21464259913498,-16.38564499941739,-6.012408950112083,4.686926099540217,139.26118784805834,,,0.0,-1,-1,0,109,prompt
17,3499,6,11.748973224657263,2.8590060075124106,-2.5449314117431627,1.8963181041746506,56.34471423627657,,,0.0,-1,-1,0,109,prompt
17,3555,7,-14.394006800674967,54.17793764386858,25.14270155770438,2.3130599660971947,68.727236487489,,,0.0,-1,-1,0,109,prompt
17,4343,9,-45.23275793809657,-29.72011645634969,24.188600381215412,2.9335340671658714,87.16319184685698,,,0.0,-1,-1,0,109,prompt
17,4479,6,-20.799468457663753,-22.54873752593994,-9.226791381835938,1.8687329332627176,55.52508457141705,,,0.0,-1,-1,0,109,prompt
18,505,10,-27.419707445794444,3.3504414558410645,4.563366031646728,2.720038912474674,80.81967624395091,,,0.0,-1,-1,0,109,prompt
18,775,8,-19.071795546323603,-30.54956692457199,12.298679828643799,1.162949860831463,34.55437008981456,,,0.0,-1,-1,0,109,prompt
18,1079,6,-18.664153299042535,10.06425642967224,-21.32182725270589,1.3923868504613048,41.371560511329605,,,0.0,-1,-1,0,109,prompt
18,1265,6,-48.52523330307051,35.57823117574056,11.53931474685669,2.1235165359802046,63.09539108043704,,,0.0,-1,-1,0,109,prompt
18,1399,9,32.27194898176056,9.040433141920301,-22.88303322262234,3.1896024962654876,94.77167400540799,0.46217232942581177,130.2151641845703,130.2151641845703,2,12,1,109,prompt
18,1757,7,-17.483090956152207,-14.125456946236747,2.8920859609331404,1.5042162905842318,44.69431413217928,,,0.0,-1,-1,0,109,prompt
19,505,7,-13.32135568688339,-26.93654986790248,16.359099660600936,1.9617300459750604,58.28827906343838,,,0.0,-1,-1,0,109,prompt
19,1389,6,31.022439221055354,-49.51300017038981,6.001433531443278,1.7443170881374035,51.828354985479905,,,0.0,-1,-1,0,109,prompt
19,1565,6,27.07972007587327,-7.616318702697754,30.642464955647785,1.9057196226575968,56.6240586517217,,,0.0,-1,-1,0,109,prompt
19,2147,6,45.47247645294957,-16.996999740600586,-4.803499698638916,1.4705421374337422,43.69376441837546,,,0.0,-1,-1,0,109,prompt
19,2301,8,36.15844823618512,8.892248630523682,-21.429948151111603,2.72708246772463,81.0289592260057,,,0.0,-1,-1,0,109,prompt
19,2989,7,5.910788218939288,-0.3483854021344866,18.463989121573313,2.435566984684437,72.36724969995616,,,0.0,-1,-1,0,109,prompt
19,3601,9,-9.851697759427243,35.46892049577501,3.6390846040513782,3.0701007833885825,91.22095651345778,,,0.0,-1,-1,0,109,prompt
19,3945,8,-8.1831267536447,-22.93902212381363,4.198443889617921,2.322592437795207,69.01047187537432,,,0.0,-1,-1,0,109,prompt
19,5333,7,-6.254824204438896,26.097257614135742,34.07008579799107,3.501211280186897,104.03040957562348,,,0.0,-1,-1,0,109,prompt
19,6293,7,19.439885569992747,15.665480613708496,16.208484377179825,2.9674313773788827,88.17037215754742,,,0.0,-1,-1,0,109,prompt
20,727,6,-32.70050322638496,23.126082102457683,36.95020580291748,2.5275306556036803,75.09973785511141,,,0.0,-1,-1,0,109,prompt
20,905,6,-28.949238451581675,8.470787366231283,26.83976173400879,1.9120780446655146,56.8129844813286,,,0.0,-1,-1,0,109,prompt
20,1103,6,-24.759023982736696,-0.14318180084228516,-3.6719069480895996,1.0606287154869765,31.514133495504936,,,0.0,-1,-1,0,109,prompt
20,1609,10,12.466864611610571,-32.382056045532224,28.58745632171631,2.9888757294962254,88.8075415698806,,,0.0,-1,-1,0,109,prompt
20,2299,7,-20.822704594602875,39.2290221623012,2.453905923025949,1.6908238478317221,50.23892685527286,,,0.0,-1,-1,0,109,prompt
20,2737,9,13.650327773082232,0.5172999170091421,8.663167317708334,4.212909675576869,125.17688422161531,,,0.0,-1,-1,0,109,prompt
20,2739,221,9.637858956209858,13.483698687402372,-10.56876271234918,125.68195382649274,3734.3490827941982,,,0.0,-1,-1,0,109,prompt
20,3251,12,-23.06855847590988,28.4838312069575,8.637268722057343,4.921044365307737,146.21747158184937,,,0.0,-1,-1,0,109,prompt
20,3281,6,-13.264611300154806,34.06789946556091,-9.25303324063619,1.9570021927256191,58.14780181982385,0.30466175079345703,163.06727600097656,291.70599365234375,6,15,2,109,prompt
20,3289,6,-28.993200858580774,7.477755864461263,-31.991139729817707,2.2900563391742343,68.04373682436879,,,0.0,-1,-1,0,109,prompt
20,3337,8,-1.1763409499825475,3.824324607849121,-16.95894718170166,2.5050820281346677,74.4327287193796,,,0.0,-1,-1,0,109,prompt
20,3431,7,1.089946139181059,-6.148215975080218,-22.144355637686594,2.066460996423371,61.400117452637375,,,0.0,-1,-1,0,109,prompt
20,3505,8,-37.26533325437767,2.653471887111664,-7.378452897071838,2.69799905979733,80.1648129073721,,,0.0,-1,-1,0,109,prompt
20,4001,6,-25.64771586446925,-11.232799857854843,1.06084140141805,3.0465477088117785,90.52113128187125,,,0.0,-1,-1,0,109,prompt
20,4007,6,-27.654323041969093,-19.652780532836914,12.96189030011495,1.9919401850494456,59.18590359670479,,,0.0,-1,-1,0,109,prompt
20,4237,6,-2.377722415860857,-9.510006268819174,24.655093828837078,0.7108671310822142,21.12177554631424,,,0.0,-1,-1,0,109,prompt
20,4311,6,-3.580976510040165,-12.636899789174398,-28.548700491587322,2.051275548829988,60.94891693764174,,,0.0,-1,-1,0,109,prompt
20,5405,9,36.501621165597214,-13.523699760437012,29.92816660139296,3.8940593711840408,115.7029835898524,,,0.0,-1,-1,0,109,prompt
20,5469,8,36.37661877818063,-28.09701156616211,30.698676347732544,2.093735760526124,62.210524095831005,,,0.0,-1,-1,0,109,prompt
20,5799,7,-29.795070432307377,-15.732782636369977,-8.38960041318621,3.342272008844162,99.3078960875048,,,0.0,-1,-1,0,109,prompt
21,157,7,4.170010504028601,-14.418417794363839,18.965336118425643,2.2386163664453846,66.51531679961224,,,0.0,-1,-1,0,109,prompt
21,901,8,-16.703149121536967,-16.901160567998886,13.822867393493652,2.53803541024095,75.41186238572479,,,0.0,-1,-1,0,109,prompt
21,1481,6,-7.14793609762625,47.65626335144043,12.42002534866333,1.849527642796609,54.95444370649288,,,0.0,-1,-1,0,109,prompt
21,1825,8,-26.96526636888337,16.68985378742218,-6.637143611907959,3.0789300688012045,91.48329834439295,,,0.0,-1,-1,0,109,prompt
21,2239,7,2.4031540510060125,-7.189414705548968,-39.4159003666469,3.3460075164234,99.4188880706622,,,0.0,-1,-1,0,109,prompt
21,2677,6,-23.311618921179118,-29.051937739054363,26.49020830790202,1.433014928528897,42.578730048786475,,,0.0,-1,-1,0,109,prompt
21,2735,6,-22.29568413768425,-21.560324867566425,26.240795135498047,1.7941719425097655,53.30967687800305,,,0.0,-1,-1,0,109,prompt
21,3251,6,-28.535077850219846,4.951300144195557,-39.19029998779297,3.0758530257136303,91.39187111333905,,,0.0,-1,-1,0,109,prompt
21,3257,7,-18.77883973446536,39.27257129124233,28.030021939958846,2.324939568977334,69.08021145938234,,,0.0,-1,-1,0,109,prompt
21,3767,6,-6.8882939022364615,12.692325115203857,31.421562830607098,2.058868947351147,61.17453724301929,,,0.0,-1,-1,0,109,prompt
21,3791,12,-15.907375364784455,38.23170280456543,9.87278445561727,3.3581827841343026,99.78064804036917,,,0.0,-1,-1,0,109,prompt
21,4635,6,10.265662757062097,-24.239200592041016,-28.09753354390462,2.5302110392252857,75.17937926594352,,,0.0,-1,-1,0,109,prompt
21,4649,6,-0.6900071765325841,-3.685762405395508,6.547916571299235,1.1544815930130627,34.30275506317235,,,0.0,-1,-1,0,109,prompt
22,679,6,-18.463724883703936,22.46560001373291,20.062379121780396,2.1505582854639287,63.89887423221161,,,0.0,-1,-1,0,109,prompt
22,747,8,3.0451992180125735,18.983062505722046,22.776365399360657,1.741003313987648,51.72989383747921,,,0.0,-1,-1,0,109,prompt
22,907,11,-11.378456668886578,28.377600149674848,21.413915980945934,3.609549222777738,107.24942140849521,,,0.0,-1,-1,0,109,prompt
22,1141,7,-26.28941402277977,21.694928305489675,-25.353785514831543,2.706284989352074,80.41101017349332,,,0.0,-1,-1,0,109,prompt
22,1525,7,-13.71968276970914,38.33430480957031,31.98499093736921,2.9489406438943186,87.62096270355688,,,0.0,-1,-1,0,109,prompt
22,1813,7,-52.79688401603477,19.188926424298973,-10.648887634277344,3.256297320628862,96.75335672600225,,,0.0,-1,-1,0,109,prompt
22,1861,9,-47.182439381969616,-35.940033223893906,18.85226689444648,2.5120799432404004,74.64065560992302,,,0.0,-1,-1,0,109,prompt
22,2145,6,19.88543944789057,9.648569345474238,-24.296302159627277,2.6063670667551464,77.442179794554,,,0.0,-1,-1,0,109,prompt
22,2593,6,-8.803916953341894,25.490881204605103,31.963427543640137,1.7014891465022175,50.555821581168615,,,0.0,-1,-1,0,109,prompt
22,2731,8,9.620587878885544,1.7770642638206486,-9.169373512268066,2.1625455532576847,64.25504821843575,,,0.0,-1,-1,0,109,prompt
22,3447,6,-5.588455542609322,1.773599982261658,4.183116753896077,1.5122530648368688,44.93310832374945,,,0.0,-1,-1,0,109,prompt
22,3589,7,-13.016496373216125,17.874562672206334,49.75140217372349,1.9060654007581315,56.634332649644776,,,0.0,-1,-1,0,109,prompt
22,3605,9,-19.76262128648254,-24.67644166946411,21.38138092888726,1.994336702997908,59.25711059445004,,,0.0,-1,-1,0,109,prompt
22,3839,9,-29.82641024859482,45.24219618903266,-13.035720825195312,3.00472275402282,89.27839931599428,0.34330153465270996,154.47760009765625,225.28652954101562,7,15,2,109,prompt
22,4593,6,-1.433274624732616,-3.1777002016703286,1.7736002604166667,1.321682835774887,39.270753956725926,,,0.0,-1,-1,0,109,prompt
22,4617,6,-10.551040638751806,-10.387568791707357,19.64060139656067,1.5837998865167955,47.05895694228801,,,0.0,-1,-1,0,109,prompt
22,4961,6,-8.891721839860375,4.355481465657552,6.2584060827891035,1.697394144357129,50.43414804698993,,,0.0,-1,-1,0,109,prompt
22,5245,6,-30.763872772963712,47.2036247253418,36.99177487691244,2.4694902644076606,73.375201634684,0.5015925765037537,86.92037963867188,86.92037963867188,4,14,1,109,prompt
23,143,7,-29.928133961398697,-13.784989589026996,16.599157197134836,3.801292813100366,112.94663949631612,,,0.0,-1,-1,0,109,prompt
23,503,6,-32.048099977099625,15.583662857611975,19.92087523142497,1.1379664446081075,33.81204555858112,,,0.0,-1,-1,0,109,prompt
23,1513,6,-7.057590384450553,9.265212694803875,16.955637852350872,1.8824892467583336,55.93382166628988,,,0.0,-1,-1,0,109,prompt
23,1543,9,-8.304992639482007,38.97301207648383,-30.671226925320095,2.1318208308528277,63.34213402957709,,,0.0,-1,-1,0,109,prompt
23,1719,9,27.28927352730055,35.918478859795464,1.6395877202351887,2.480226891591794,73.69421572267888,,,0.0,-1,-1,0,109,prompt
23,1937,6,53.12301645167485,-22.982900102933247,-6.880466779073079,2.3363405248742692,69.41896454127247,,,0.0,-1,-1,0,109,prompt
23,2109,10,-15.060238577268915,2.8433025598526003,47.855957221984866,3.0260185018548227,89.91115329508696,,,0.0,-1,-1,0,109,prompt
23,2901,7,9.570884074513653,-3.61846057006291,-17.042557307652064,2.9830572773277075,88.63465969736626,,,0.0,-1,-1,0,109,prompt
23,3363,11,9.86490608064858,4.222377343611284,-1.620322747664018,3.422962134121987,101.70541686234719,,,0.0,-1,-1,0,109,prompt
23,3687,16,-42.9325281880249,30.966987073421485,27.02102330327034,25.163452862180424,747.673904286572,,,0.0,-1,-1,0,109,prompt
23,3733,14,-49.22767239521839,37.05161285400391,30.20221328735352,31.353259813268153,931.5897267791024,0.32626959681510925,327.816162109375,327.816162109375,6,14,1,109,prompt
23,3749,20,-34.13263458753153,36.57911443710327,16.815124845504762,40.03479440418452,1189.5414831751807,,,0.0,-1,-1,0,109,prompt
23,3769,16,-45.90824344729094,30.925418376922615,26.978903025388718,40.67493555623301,1208.5617995470222,,,0.0,-1,-1,0,109,prompt
23,3779,15,-45.620961481500075,35.86736539204916,24.758219146728514,38.99812167173161,1158.7391464058326,,,0.0,-1,-1,0,109,prompt
23,3785,24,-32.78541809776696,18.151687820752464,25.048423409461975,40.931390630444454,1216.1817699723829,,,0.0,-1,-1,0,109,prompt
23,3803,19,-42.614172198545226,22.874481100785108,21.425572395324707,42.268776047855646,1255.9190898882284,,,0.0,-1,-1,0,109,prompt
23,3899,6,-6.524567701996477,-1.9953000545501716,-30.897966543833416,2.0435755140521854,60.720128182100396,,,0.0,-1,-1,0,109,prompt
23,4203,7,-14.064504792921566,-26.4258485521589,10.229240894317627,2.1307176588530674,63.30935582061357,,,0.0,-1,-1,0,109,prompt
23,4523,10,-31.679804916179243,4.433999824523926,29.715355110168456,3.497300518741137,103.91421032844943,,,0.0,-1,-1,0,109,prompt
23,4831,7,-9.126158025913536,-11.829277856009346,4.904482024056571,3.1145106467550066,92.54049306966351,,,0.0,-1,-1,0,109,prompt
23,5031,11,-19.929353881077176,-8.152513460679488,15.822633569890803,4.449154741213909,132.19636090316234,,,0.0,-1,-1,0,109,prompt
23,5463,6,-16.14267542123705,-9.533100207646688,7.239258050918579,1.145985214207769,34.05030478345739,,,0.0,-1,-1,0,109,prompt
23,5563,6,-0.21818183922775583,-5.251518885294597,44.275543212890625,1.220219188329424,36.255995932690105,0.23013480007648468,155.2588348388672,155.2588348388672,5,11,1,109,prompt
23,5859,6,-2.9201177015340263,-20.10080035527547,-5.63487450281779,1.2518862763594816,37.19691034036286,,,0.0,-1,-1,0,109,prompt
23,5971,12,-13.003458836476982,6.415443499883016,11.25589370727539,3.5917740731274157,106.72127387599545,,,0.0,-1,-1,0,109,prompt
24,46,10,-27.440673349660642,38.528688526153566,58.7987419128418,3.542898019337114,105.26903478290825,,,0.0,-1,-1,0,109,prompt
24,1368,6,-17.192282964513637,12.81241226196289,5.682533582051595,1.7258067722547883,51.278363685743244,,,0.0,-1,-1,0,109,prompt
24,1652,6,-37.1301403786241,6.7249001661936445,37.37974993387858,2.0803740652403557,61.813512169967176,,,0.0,-1,-1,0,109,prompt
24,1832,8,-14.7591132519066,1.4375860691070557,-2.9282361268997192,3.0671982936244,91.13471573139881,,,0.0,-1,-1,0,109,prompt
24,1896,7,-17.53023722627171,10.45948941367013,17.4609432220459,1.1608309498808274,34.49141154306923,0.7473231554031372,41.34196853637695,41.34196853637695,4,14,1,109,prompt
24,2038,10,-15.571414463001691,12.64521350860596,15.61246371269226,4.227893446874125,125.62209239110281,0.3742792010307312,105.33077239990234,105.33077239990234,4,5,1,109,prompt
24,3018,13,27.412034665043986,26.746826126025272,7.386202885554387,4.47525696993109,132.9719283645296,0.4776635766029358,114.41624450683594,114.41624450683594,0,7,1,109,prompt
24,3780,6,18.899690003900158,32.00331926345825,-7.9274522463480634,1.9915573112455671,59.174527385603604,,,0.0,-1,-1,0,109,prompt
24,4424,6,-49.568767410483645,15.523618539174398,18.54133955637614,2.1343083516655685,63.416044967326464,,,0.0,-1,-1,0,109,prompt
24,5434,10,-35.9639211302842,-12.412428188323975,5.44928379058838,2.918165505348593,86.70655051547337,,,0.0,-1,-1,0,109,prompt
24,5542,6,-22.24957946228723,-14.853899955749512,-31.496934096018474,2.296503518737042,68.23529987979533,,,0.0,-1,-1,0,109,prompt
24,5642,9,-11.182025002188658,6.358479287889269,15.805990219116211,3.054023770795884,90.74326520295747,,,0.0,-1,-1,0,109,prompt
24,5868,15,4.632555078562249,-9.503540198008219,12.075636800130209,4.577637387158863,136.0139260860038,,,0.0,-1,-1,0,109,prompt
24,5988,6,6.1525354196371715,26.751800537109375,-22.858399709065754,1.6430647051266485,48.81987419635296,,,0.0,-1,-1,0,109,prompt
24,6124,11,-15.445708723307517,6.419222745028409,-7.645729931918058,3.9700733501013095,117.96156347190228,,,0.0,-1,-1,0,109,prompt
0,1150,7,-37.56523272759261,30.93110888344901,-12.546651499611992,1.9701431101919131,58.53825384251499,,,0.0,-1,-1,0,109,delayed
0,1228,6,30.782099493662898,-45.53625615437826,16.877119143803913,2.4557975975773676,72.96835565352347,,,0.0,-1,-1,0,109,delayed
0,1314,9,-9.124956373013784,-6.139858643213908,28.85759703318278,2.9407367492517125,87.37720291544723,,,0.0,-1,-1,0,109,delayed
0,1438,6,-25.1213302925466,-2.2631876468658443,43.716674168904625,2.2984175990302345,68.29217235646884,,,0.0,-1,-1,0,109,delayed
0,1602,8,-6.669479162894001,-20.150451183319092,36.801252007484436,1.9437932252665142,57.75532784871051,,,0.0,-1,-1,0,109,delayed
0,1676,7,-22.014696625699617,54.55403545924595,22.24080719266619,3.54301901987515,105.2726300345293,,,0.0,-1,-1,0,109,delayed
0,2048,6,-33.647258402319814,-50.29356908798218,6.070714632670085,2.6286403589631617,78.10397924782029,,,0.0,-1,-1,0,109,delayed
0,2200,9,-5.04751856182075,-7.513166851467556,12.618072350819906,2.638278835962997,78.39036433850369,,,0.0,-1,-1,0,109,delayed
0,2320,9,-10.419906545350536,7.648650248845418,-21.55479441748725,3.785288682632753,112.47111370989215,,,0.0,-1,-1,0,109,delayed
0,2782,6,-26.17192961837222,-21.384812831878662,-16.358141978581745,2.3889666833071406,70.98262933555218,,,0.0,-1,-1,0,109,delayed
0,3034,6,-13.67714811885771,7.4638999303181945,-39.7814998626709,2.10510921335881,62.54845998766616,,,0.0,-1,-1,0,109,delayed
0,3166,6,11.406134499253378,2.059962789217631,-1.495004653930664,2.5155808543327747,74.74467710011085,,,0.0,-1,-1,0,109,delayed
0,3910,6,-31.305869500377597,50.1226749420166,50.3122501373291,2.462183667967715,73.15810299097956,,,0.0,-1,-1,0,109,delayed
0,3940,6,-3.9148411904842413,-2.281662623087565,-15.05565357208252,1.2472444241813814,37.058988420023475,,,0.0,-1,-1,0,109,delayed
0,4106,8,-53.69973491085308,39.13697814941406,17.449740767478943,1.9595100371265453,58.22231662607293,,,0.0,-1,-1,0,109,delayed
0,4218,9,5.568810492852118,29.144312328762478,-4.782573488023546,4.17463708470202,124.0397025477295,,,0.0,-1,-1,0,109,delayed
0,4472,7,-5.628838164285413,-5.7048154558454245,3.334047862461635,2.363800938515075,70.23488733186069,,,0.0,-1,-1,0,109,delayed
0,5064,10,16.215068791395886,-1.953731083869934,14.246113395690918,3.2674687130650506,97.08528885967361,,,0.0,-1,-1,0,109,delayed
0,5282,6,-3.836807465444137,-14.613724708557129,24.457958380381267,2.3395901756718134,69.51552041191053,,,0.0,-1,-1,0,109,delayed
0,5884,11,-18.675064796974876,3.2070918516679243,7.939687642184171,3.3493336192392715,99.51771553651203,,,0.0,-1,-1,0,109,delayed
0,5952,13,0.4395637251528247,1.4261280389932485,15.626795218541073,3.7887310583771274,112.57339595736092,,,0.0,-1,-1,0,109,delayed
1,38,9,-10.425679512983622,-14.656833860609266,-20.32116656833225,3.078385145646771,91.46710721098043,,,0.0,-1,-1,0,109,delayed
1,154,10,-38.74696184987549,56.489159774780276,-61.30117988586426,3.859608653827831,114.67936006361116,,,0.0,-1,-1,0,109,delayed
1,200,7,-9.006069804263245,-17.906233515058243,13.523069654192243,1.4171426513703809,42.10712197901865,,,0.0,-1,-1,0,109,delayed
1,706,6,12.495653354583823,27.486181678871315,-1.139360666275025,2.4966144630136853,74.18113457176875,,,0.0,-1,-1,0,109,delayed
1,1258,10,-18.833250862128914,3.3393558502197265,6.409901237487793,3.275361618642484,97.3198083257249,,,0.0,-1,-1,0,109,delayed
1,1564,6,20.598994853396178,-22.18385601043701,-9.719527244567871,2.5643149828603793,76.19269921169482,,,0.0,-1,-1,0,109,delayed
1,1580,9,-6.678570697628966,9.148204591539171,27.659801695081924,3.4276691472551097,101.84527489002109,,,0.0,-1,-1,0,109,delayed
1,1600,6,24.809224942007944,20.44258737564087,-16.03482945760091,1.8958107853674675,56.32964042922147,,,0.0,-1,-1,0,109,delayed
1,1930,6,-1.330775626721195,-12.595331192016602,-9.78713162740072,3.196667740771627,94.98160143363403,,,0.0,-1,-1,0,109,delayed
1,2016,14,4.260791943803985,17.326251098087855,4.303443721362522,4.350565928272022,129.2670219489672,,,0.0,-1,-1,0,109,delayed
1,2144,6,25.563090217826698,0.1939875284830729,17.54830805460612,1.5999957584394824,47.54017988335585,,,0.0,-1,-1,0,109,delayed
1,2426,6,-23.195417594223787,-18.862975120544434,-3.547199805577596,1.614285336033402,47.964761689706805,,,0.0,-1,-1,0,109,delayed
1,2566,8,-33.417228881083844,24.23111690580845,15.673779487609863,1.0710595943748928,31.82406297879101,,,0.0,-1,-1,0,109,delayed
1,2776,6,-9.849991887412239,-34.20646254221598,0.7851877212524414,1.1691826653501813,34.73956348575622,,,0.0,-1,-1,0,109,delayed
1,2962,10,-24.50756609674684,-11.691903328895568,12.00051851272583,2.742326266170497,81.48189350186213,,,0.0,-1,-1,0,109,delayed
1,3442,6,-54.3363203381121,25.125998973846436,-41.33339977264404,1.6712342905937843,49.65686839042094,,,0.0,-1,-1,0,109,delayed
1,4252,7,-15.234373602717739,9.339112145560128,2.2546984808785573,7.431315246483765,220.80437508930157,,,0.0,-1,-1,0,109,delayed
1,4798,7,31.116009116037,11.247316428593226,20.932922908238,2.1927282748193258,65.15185810361267,,,0.0,-1,-1,0,109,delayed
1,5132,12,-20.340826963563828,-24.59022517999013,8.647977193196615,4.881608986343639,145.04574034454276,,,0.0,-1,-1,0,109,delayed
1,5242,7,-24.158948660940233,28.151941571916854,24.06839397975377,2.1957393524157776,65.24132532239933,,,0.0,-1,-1,0,109,delayed
2,728,6,-47.52391789251784,7.82416311899821,31.430799802144367,2.337668691919362,69.4584279585383,,,0.0,-1,-1,0,109,delayed
2,1712,9,-20.83136738135419,4.698808246188694,23.7575167549981,2.2739167107980025,67.56418503042846,,,0.0,-1,-1,0,109,delayed
2,1820,6,-20.670481845762804,-40.497199853261314,-6.207600275675456,2.1183183747324885,62.940939720503366,,,0.0,-1,-1,0,109,delayed
2,2000,6,1.9104214703112976,2.2909000714619956,4.618749300638835,2.0157194409099164,59.89244928292694,,,0.0,-1,-1,0,109,delayed
2,2628,8,-32.43302617465202,42.42783808708191,4.660421967506408,2.2587710462567916,67.1141665769768,,,0.0,-1,-1,0,109,delayed
2,2792,8,24.57660823415675,22.21156844496727,12.023915767669678,3.1980562377761554,95.02285741635436,,,0.0,-1,-1,0,109,delayed
2,3568,8,-15.8550337403925,7.326491951942444,-25.87670147418976,2.803112157547684,83.28800592134756,,,0.0,-1,-1,0,109,delayed
2,3598,7,-15.600810369268098,26.75048065185547,-43.291690008980886,2.6824193988143996,79.70189925166804,,,0.0,-1,-1,0,109,delayed
2,3926,7,8.213049365354774,-21.378214018685476,-21.116471971784318,2.2484150479368115,66.8064619968823,,,0.0,-1,-1,0,109,delayed
2,3966,9,9.067346675873672,-7.713312360975477,-13.921540684170193,2.726077751717768,80.99910640955542,,,0.0,-1,-1,0,109,delayed
2,4022,6,-30.21535886249812,-4.632606188456216,12.629339218139648,1.0511178407402908,31.231539811165106,,,0.0,-1,-1,0,109,delayed
2,4180,7,-49.802395288793946,25.356937135968888,11.204398291451591,3.116980113618507,92.61386757599429,,,0.0,-1,-1,0,109,delayed
2,4356,30,30.749300088391635,51.24503154754639,52.338327916463214,16.12330670181038,479.06683306846674,,,0.0,-1,-1,0,109,delayed
2,4562,6,8.169785613684708,45.106712341308594,14.536883195241293,1.9326844241963967,57.425255472970655,,,0.0,-1,-1,0,109,delayed
2,4902,7,-40.653227957359604,43.81346232550485,43.11623764038086,1.900585695953196,56.47151587293756,,,0.0,-1,-1,0,109,delayed
2,5748,7,8.902313057046833,-18.448606763567245,24.490739277430944,2.5538864610310914,75.8828397629639,,,0.0,-1,-1,0,109,delayed
3,552,6,-35.26547021437951,0.2078434626261417,6.443156321843465,1.4223301697240733,42.261257109928806,,,0.0,-1,-1,0,109,delayed
3,760,6,-39.722586763057215,-20.248600165049236,-31.283000151316326,2.519042199862176,74.84752299094413,,,0.0,-1,-1,0,109,delayed
3,1248,8,5.343048036708506,-18.792539417743683,43.91643616557121,2.596469886850837,77.14810794435878,,,0.0,-1,-1,0,109,delayed
3,2020,8,-15.840410889871663,11.441798150539398,-14.017958045005798,3.8860935130479786,115.4662965069547,,,0.0,-1,-1,0,109,delayed
3,2686,10,21.257383134905844,15.829380130767822,-32.599219703674315,3.7055004399644837,110.10039029452142,,,0.0,-1,-1,0,109,delayed
3,3776,9,-18.204316130164745,30.850171089172363,45.18025928073459,2.490722733208448,74.00607542346309,,,0.0,-1,-1,0,109,delayed
3,3868,7,13.957250350362001,-4.338985988071985,-7.617785794394357,2.279223201602173,67.72185515302033,,,0.0,-1,-1,0,109,delayed
3,5834,7,-2.435933199976841,22.272931235177175,-10.700353758675712,2.8662638407597676,85.16441238305426,,,0.0,-1,-1,0,109,delayed
3,5932,6,-8.161404793014649,15.962400674819946,4.138399839401244,2.6318054325032443,78.1980221005253,,,0.0,-1,-1,0,109,delayed
4,456,11,-3.8231245109027046,-2.9753145738081486,-29.46394005688754,3.7208219837802288,110.55563459454483,,,0.0,-1,-1,0,109,delayed
4,718,6,-5.985306467270259,-35.34267552693685,11.203616619110107,1.6950188094127376,50.363570453303225,,,0.0,-1,-1,0,109,delayed
4,748,8,-3.029956367886477,34.342716455459595,7.115184307098389,3.3401266564535312,99.24415189441817,,,0.0,-1,-1,0,109,delayed
4,754,8,4.926961527438884,5.265375018119812,-37.546025812625885,4.460282043117822,132.5269829884636,,,0.0,-1,-1,0,109,delayed
4,1252,8,18.26433531414477,-2.6742565035820007,-2.8832035064697257,2.1876287398109917,65.00033719467343,,,0.0,-1,-1,0,109,delayed
4,1374,13,8.080688110460102,35.25669490374052,6.252801161545974,6.070890846869577,180.38250500981846,,,0.0,-1,-1,0,109,delayed
4,1618,9,-28.628459524313573,-7.119033283657497,-46.27952236599393,4.34246213842549,129.02623654375034,,,0.0,-1,-1,0,109,delayed
4,1754,8,8.098270242725357,6.6198230385780334,12.9174884557724,2.327042163772095,69.14268520922667,,,0.0,-1,-1,0,109,delayed
4,1904,10,-9.295353442229867,30.06252031326294,-20.667100620269775,3.623116999937589,107.65255658144449,,,0.0,-1,-1,0,109,delayed
4,2848,9,-43.93102795260137,-3.384004063076443,51.19597074720595,4.289510311745156,127.45289526940184,,,0.0,-1,-1,0,109,delayed
4,3000,8,9.776241995895585,16.73835039138794,0.22169947624206543,3.269556486502611,97.14732222710839,,,0.0,-1,-1,0,109,delayed
4,3010,6,17.98884023400289,-29.781699498494465,-27.292400121688843,2.9295815428552423,87.04575171257565,,,0.0,-1,-1,0,109,delayed
4,3676,7,46.770668914758744,-15.614013984799385,19.279528617858887,2.9516527982828187,87.70154810937478,,,0.0,-1,-1,0,109,delayed
4,3778,6,-58.888870666388755,5.4963124593098955,27.486387252807617,1.9301411358485328,57.34968753167148,,,0.0,-1,-1,0,109,delayed
4,3826,10,-19.368779848517317,-17.846849632263183,9.057575225830078,2.8961449497375007,86.05226054666511,,,0.0,-1,-1,0,109,delayed
4,3846,6,-11.498862335786427,-31.772381623586018,26.28236484527588,1.3846138688669196,41.14060430955348,,,0.0,-1,-1,0,109,delayed
4,3854,6,-3.990732647126429,20.18855635325114,-42.33713944753011,1.124884957467305,33.423359370798906,,,0.0,-1,-1,0,109,delayed
4,4304,6,24.925381080034295,0.9653186798095703,10.33843962351481,3.351747194511057,99.58942935323779,,,0.0,-1,-1,0,109,delayed
4,4398,6,-36.53413145195318,-22.42864990234375,0.518770694732666,1.2277032082897714,36.478366306666935,,,0.0,-1,-1,0,109,delayed
4,4454,6,-24.84150736098134,-50.97714360555013,44.52495606740316,2.572785958396285,76.44439469191113,,,0.0,-1,-1,0,109,delayed
4,5600,11,-26.17620642345479,28.41287036375566,22.865844509818338,4.24688662077166,126.18643070192768,,,0.0,-1,-1,0,109,delayed
4,5850,6,17.421182558839828,22.29470666249593,-41.441102027893066,1.6962309859311993,50.39958747986976,,,0.0,-1,-1,0,109,delayed
5,16,6,-37.507050422069,-27.795637130737305,-1.6365076700846357,1.8518197765258548,55.02254916816694,,,0.0,-1,-1,0,109,delayed
5,110,7,16.89165623340999,26.908837182181223,43.83010482788086,2.8827321536287456,85.65373027782807,0.21375761926174164,125.930908203125,125.930908203125,7,11,1,109,delayed
5,166,8,-40.91417998609667,21.047643721103668,45.7212119102478,2.531839481967274,75.22776468226448,,,0.0,-1,-1,0,109,delayed
5,406,9,14.091351771445566,13.770033677419027,12.526677661471897,3.744637022640009,111.26324348997547,,,0.0,-1,-1,0,109,delayed
5,898,8,-16.35955686526627,-29.2713280916214,-15.671418398618698,2.450745833145262,72.8182541369639,,,0.0,-1,-1,0,109,delayed
5,1164,6,18.50363619575779,-28.082000096638996,18.778366724650066,3.1748056832156664,94.33202086859279,,,0.0,-1,-1,0,109,delayed
5,1232,9,-2.135009477288454,25.89579184850057,-14.85550922817654,3.294109615264353,97.87686175986995,,,0.0,-1,-1,0,109,delayed
5,2756,7,-16.918579573899205,-4.4617124285016745,52.31678717476981,2.9625471698027677,88.02524920610745,,,0.0,-1,-1,0,109,delayed
5,3262,6,10.153911083311295,-15.075600107510885,-38.67300033569336,2.0086494534733905,59.682380929474974,,,0.0,-1,-1,0,109,delayed
5,3294,8,3.1572837021545688,19.26018786430359,9.84265947341919,3.0104805379690225,89.44947857235364,,,0.0,-1,-1,0,109,delayed
5,3484,6,-48.45164923123493,-2.752775470415751,-10.501567443211874,1.7370236186814358,51.611646379796696,,,0.0,-1,-1,0,109,delayed
5,3564,12,-19.542859965356183,-16.080178101857502,14.39915943145752,3.2269821250023893,95.88232337104041,,,0.0,-1,-1,0,109,delayed
5,3636,7,8.427532922226675,22.482754911695206,2.2388621738978776,2.723731211376314,80.92938438101388,,,0.0,-1,-1,0,109,delayed
5,3724,6,13.542321512943914,30.9179117679596,-37.39192855358124,2.3534713600424784,69.92796775653292,,,0.0,-1,-1,0,109,delayed
5,4804,6,-32.74347385083503,-3.7919944127400718,24.213164170583088,1.801270664834854,53.520599022325385,,,0.0,-1,-1,0,109,delayed
5,4990,7,9.511587268033638,20.471618924822128,17.24446174076625,2.2464543965375015,66.74820576731413,,,0.0,-1,-1,0,109,delayed
5,5442,9,-7.760295182104632,-36.42654228210449,17.965466764238144,1.4885679203897402,44.22935894088987,,,0.0,-1,-1,0,109,delayed
5,5494,6,-42.01436793001793,29.957213083902996,-11.908608357111612,3.031474024157867,90.07325154458319,0.5817145705223083,82.09349822998047,82.09349822998047,6,6,1,109,delayed
5,6184,6,-28.611322676192355,29.14431221286456,15.988642056783041,3.0479117184334745,90.56165967854733,,,0.0,-1,-1,0,109,delayed
6,600,6,3.8717958274834317,-48.847899754842125,-5.386933326721191,2.014866857027891,59.86711672132271,,,0.0,-1,-1,0,109,delayed
6,1244,6,-35.62507058112352,-30.645405928293865,24.95216464996338,1.7046820508687752,50.65069136262638,,,0.0,-1,-1,0,109,delayed
6,2788,6,-23.199468689169034,-15.25111198425293,33.019649823506676,1.4934991812244935,44.37587997127345,,,0.0,-1,-1,0,109,delayed
6,3674,8,-41.517195770717436,-9.096627950668335,-12.628868520259859,1.7289832006208878,51.372743920887274,,,0.0,-1,-1,0,109,delayed
6,3830,8,-41.70507785606503,32.44440984725952,49.261485040187836,2.2458505819752146,66.73026481168606,,,0.0,-1,-1,0,109,delayed
6,4100,6,-14.084123574327341,-36.35418176651001,10.412339528401693,2.8479182652384916,84.61931596280138,,,0.0,-1,-1,0,109,delayed
6,4790,8,-2.7894118482603645,-5.265375018119812,-29.786524772644043,2.4877330670690276,73.91724439668721,,,0.0,-1,-1,0,109,delayed
6,4828,6,-17.403474323879653,24.904300371805828,13.753166516621908,1.3259089600005243,39.39632348079276,,,0.0,-1,-1,0,109,delayed
6,5266,7,5.343654568918107,25.804296289171493,14.118347031729561,2.0092027830600445,59.69882184061211,,,0.0,-1,-1,0,109,delayed
6,5312,7,-13.0864491073664,-27.67686871119908,-26.87005533490862,2.0210827014488646,60.05180618711746,,,0.0,-1,-1,0,109,delayed
6,5490,10,14.577942749190578,-39.32957992553711,50.498848342895506,4.792578454318004,142.40040363956453,,,0.0,-1,-1,0,109,delayed
6,5552,11,-41.67162263600311,26.913876376368783,17.503019679676402,3.570023527215652,106.07500662200289,,,0.0,-1,-1,0,109,delayed
6,5636,6,-19.860620805588933,35.36576906840006,27.82355610529582,6.569576985257079,195.19981224280798,0.82436603307724,38.68746566772461,38.68746566772461,4,15,1,109,delayed
7,452,6,-14.709002238245148,-6.295356432596843,20.499690055847168,1.5599771334730201,46.35111883769051,,,0.0,-1,-1,0,109,delayed
7,456,6,-23.145336562432266,-51.05566215515137,11.28675397237142,2.069458778934939,61.48918963867247,,,0.0,-1,-1,0,109,delayed
7,866,6,-17.322659917222907,2.392512321472168,15.006525039672852,2.11789741405756,62.92843184596409,,,0.0,-1,-1,0,109,delayed
7,1152,8,-9.282328428120941,-31.446759505197406,-10.052709817886353,2.9635360843499714,88.05463251866648,,,0.0,-1,-1,0,109,delayed
7,1570,7,-8.96845180273608,-3.5313641003199985,3.3196500710078647,2.8078292435358323,83.42816324065231,,,0.0,-1,-1,0,109,delayed
7,1598,6,-29.985143665914354,-6.396968841552734,38.013989766438804,1.1429949759991516,33.961456758966115,,,0.0,-1,-1,0,109,delayed
7,1740,6,-43.482232358530574,4.540231317281723,18.070226669311523,1.4430628056761212,42.877279519624324,,,0.0,-1,-1,0,109,delayed
7,1754,9,32.73314636549403,14.33967904249827,22.58729574415419,3.1726823875280483,94.26893203951157,,,0.0,-1,-1,0,109,delayed
7,3270,7,-10.75562848342114,14.279854910714286,25.785308837890625,2.8188782255148555,83.75645823021092,,,0.0,-1,-1,0,109,delayed
7,3706,6,-21.796334215011893,-6.784943858782451,18.3133438428243,2.1985622616133873,65.32520155165862,,,0.0,-1,-1,0,109,delayed
7,4726,6,-48.476467873536556,-17.11708704630534,17.21722920735677,1.545428128491731,45.918828745491176,,,0.0,-1,-1,0,109,delayed
7,5098,9,-20.308697097091365,17.883799976772732,26.295730590820312,2.626733934049768,78.0473342330827,,,0.0,-1,-1,0,109,delayed
7,5174,8,6.969912812817226,21.785489559173584,42.15779447555542,2.193869215037118,65.18575850797556,,,0.0,-1,-1,0,109,delayed
8,976,7,-25.3110167158595,16.34641640526908,-10.32299450465611,2.223401595496042,66.06324500879623,,,0.0,-1,-1,0,109,delayed
8,1840,10,-59.04373559494352,26.304705238342287,54.87742233276367,6.264529285817886,186.136024149715,,,0.0,-1,-1,0,109,delayed
8,1932,6,-12.03359917875737,16.48431905110677,-18.35029403368632,3.155767438279009,93.76634337590069,,,0.0,-1,-1,0,109,delayed
8,2492,9,-32.795526460147755,-5.413175000084771,21.861730575561523,3.653622433922476,108.55895512119798,,,0.0,-1,-1,0,109,delayed
8,2514,10,-42.69501595160043,2.458098602294922,-11.653106474876404,3.5574340015837294,105.7009379346137,,,0.0,-1,-1,0,109,delayed
8,2712,6,12.692549160716185,-18.918400446573894,11.691733201344809,2.1655342880239496,64.34385157160868,,,0.0,-1,-1,0,109,delayed
8,2874,7,20.438467073175605,-44.7002626487187,-14.264827183314733,2.3772211187272103,70.6336370022812,,,0.0,-1,-1,0,109,delayed
8,2910,8,-11.9437251591145,-12.647292137145996,-1.8613045811653137,3.2831089760670995,97.55000316445754,,,0.0,-1,-1,0,109,delayed
8,3794,6,-9.774693655059798,-25.83266766866048,-5.462510585784912,2.191688718697172,65.12097009357554,,,0.0,-1,-1,0,109,delayed
8,4152,6,-15.868099259394901,-48.19665495554606,11.862626711527506,1.5695219892316667,46.63472218934521,,,0.0,-1,-1,0,109,delayed
8,4298,6,-11.698817454315,-17.80066204071045,-0.24941174189249674,1.2354171711333064,36.70756890252435,,,0.0,-1,-1,0,109,delayed
9,140,6,-29.21352496620645,-13.57912540435791,29.42626158396403,1.7233573316751114,51.205584214199526,,,0.0,-1,-1,0,109,delayed
9,312,11,-24.582398420280764,-18.179399967193604,5.561563903635198,4.279560439513381,127.15725778835234,,,0.0,-1,-1,0,109,delayed
9,1196,8,28.502838584650057,11.63925039768219,-8.418774962425232,2.9444103290224417,87.48635485675402,,,0.0,-1,-1,0,109,delayed
10,412,7,-39.69882883516296,27.360155650547572,-8.090159007481166,1.9302657667605851,57.353390651474605,,,0.0,-1,-1,0,109,delayed
10,684,16,-28.947965281701066,5.242858946323395,-4.900468230247498,4.662020271203215,138.52116866173256,,,0.0,-1,-1,0,109,delayed
10,900,7,2.5640938148968986,38.22741481236049,-30.68124212537493,2.758953478417088,81.97593272477395,,,0.0,-1,-1,0,109,delayed
10,1312,6,-43.57055573078805,18.73826837539673,-4.096831321716308,1.4061660716698596,41.78097825600297,,,0.0,-1,-1,0,109,delayed
10,1432,13,-15.053501336361675,8.987376579871544,-20.61717708294208,4.867494809941497,144.62637017963831,,,0.0,-1,-1,0,109,delayed
10,1706,6,-10.91210608485487,14.475163141886393,-7.399237632751465,1.6725492768737271,49.69594017168216,,,0.0,-1,-1,0,109,delayed
10,1776,10,-15.853747417387428,0.04156904220580948,41.52365093231201,2.689093826097431,79.90021444843029,,,0.0,-1,-1,0,109,delayed
10,1972,12,-31.077443202861435,3.6211002928515277,16.06568964322408,3.7413133361655824,111.16448782013278,,,0.0,-1,-1,0,109,delayed
10,2032,7,-34.14426312297628,12.12223870413644,27.752896308898926,1.3634884578742916,40.51291149636821,,,0.0,-1,-1,0,109,delayed
10,2200,6,13.238920802783857,-32.51138083140055,-24.213164170583088,1.9463080612415375,57.830050393441724,,,0.0,-1,-1,0,109,delayed
10,2366,6,19.105439927512602,17.532774925231934,34.41451287269592,2.120604972900363,63.00888070575181,,,0.0,-1,-1,0,109,delayed
10,2688,6,-15.598565975047018,-23.79580020904541,-31.72640021642049,2.4548610872761873,72.94052941214383,,,0.0,-1,-1,0,109,delayed
10,3040,6,-31.62242450412079,19.675875345865887,-1.0360709826151517,2.3265989141489136,69.12951507005091,,,0.0,-1,-1,0,109,delayed
10,3458,8,-19.622627706579888,-27.428446769714355,7.818543910980225,3.2389921383348805,96.23917318843304,,,0.0,-1,-1,0,109,delayed
10,3812,6,-31.284982025541492,34.52515676865975,-11.714827378590902,2.705676483301078,80.39292982110993,,,0.0,-1,-1,0,109,delayed
10,4046,6,-32.27831517368339,37.59200668334961,32.840990702311196,2.1604963536039907,64.19416098192923,,,0.0,-1,-1,0,109,delayed
10,4332,13,-16.477441821978452,-2.477071615365835,38.68010623638447,6.480889294802274,192.56466228355245,,,0.0,-1,-1,0,109,delayed
10,4344,6,19.822971689412718,11.463737487792969,0.21246258417765299,1.7479283154678333,51.93565426798285,,,0.0,-1,-1,0,109,delayed
10,4728,8,33.597128704020676,54.64905095100403,14.982224583625793,3.3456192939533644,99.4073529362952,,,0.0,-1,-1,0,109,delayed
10,4782,6,28.700119345259868,-36.20176347096761,3.7888460159301744,2.693313935108769,80.02560524429218,,,0.0,-1,-1,0,109,delayed
10,5776,13,-19.377410625829263,-20.24931086026705,24.44925454946665,4.535764763256222,134.76977774247248,,,0.0,-1,-1,0,109,delayed
10,5906,7,-49.7073941775775,10.39218739100865,32.3083622114999,2.2361687734478144,66.44259222470512,,,0.0,-1,-1,0,109,delayed
10,5940,6,-36.37714695787468,-4.23539384206136,2.8035812377929688,1.2905220476256336,38.34488308106342,,,0.0,-1,-1,0,109,delayed
11,330,8,1.4993236589243262,10.004212021827698,2.4642061591148376,1.8532768130080957,55.06584164322318,,,0.0,-1,-1,0,109,delayed
11,402,6,19.705380021649066,25.71719964345296,30.897967020670574,1.069087763038579,31.765474563207054,,,0.0,-1,-1,0,109,delayed
11,642,6,1.3232666611204493,15.985493977864584,12.105743726094564,1.8729208923247527,55.649520105763365,,,0.0,-1,-1,0,109,delayed
11,1056,6,22.468558418033563,45.226799647013344,-19.38510036468506,2.1392583543315205,63.56312286795289,,,0.0,-1,-1,0,109,delayed
11,1458,8,-2.5313299942109992,14.150695383548737,9.65213590860367,2.5097081193709316,74.57018233972124,,,0.0,-1,-1,0,109,delayed
11,1460,6,6.236807696949417,24.710312525431316,18.019421259562176,1.6701706274454005,49.625264095757814,,,0.0,-1,-1,0,109,delayed
11,2664,6,-34.87521121132104,-20.202412207921345,19.295665740966797,2.254328501486631,66.98216661610236,,,0.0,-1,-1,0,109,delayed
11,3324,552,24.71972440441914,45.792797620826654,51.70427606416785,235.91861849201524,7009.777058335509,,,0.0,-1,-1,0,109,delayed
11,3812,6,-9.383089500121965,9.680900096893309,-15.977933247884115,3.325235997847153,98.80171035356102,,,0.0,-1,-1,0,109,delayed
11,4826,6,19.7466069359605,-38.94530042012532,8.743499914805094,2.346768997631007,69.72882253192584,,,0.0,-1,-1,0,109,delayed
11,5200,6,19.752521668524086,-27.052019119262695,-30.919589678446453,1.4658673627766878,43.55486428258554,,,0.0,-1,-1,0,109,delayed
11,5332,9,-20.27144653917443,-0.6250711017184787,0.48601815435621476,3.5404118139343663,105.19516292952979,,,0.0,-1,-1,0,109,delayed
12,464,8,-27.06105351781263,-12.176179826259613,13.641632914543152,2.9544229421347286,87.7838565382115,,,0.0,-1,-1,0,109,delayed
12,1374,9,12.262261055827073,9.693216535780165,0.09300295511881511,2.617789836017507,77.78158101023494,,,0.0,-1,-1,0,109,delayed
12,1758,6,-4.133023029711996,3.228506326675415,-4.010752201080322,1.5426671326596113,45.836792128941546,,,0.0,-1,-1,0,109,delayed
12,2008,542,-41.83689268360084,8.627023960501505,32.86104376817541,227.08537318323033,6747.317568228475,,,0.0,-1,-1,0,109,delayed
12,2148,9,-29.416368706254516,45.99043369293213,7.69140542878045,3.3031512792059274,98.14551392845229,,,0.0,-1,-1,0,109,delayed
12,2230,7,14.50695019511861,-18.923679079328263,20.936882155282156,2.55692806672717,75.97321405374755,,,0.0,-1,-1,0,109,delayed
12,2304,8,-13.56472226589003,18.692081332206726,10.168281316757202,2.5943161314706793,77.08411407583924,,,0.0,-1,-1,0,109,delayed
12,2824,6,41.56915013408234,32.73769950866699,39.256432771682746,2.332034300703368,69.2910150322673,,,0.0,-1,-1,0,109,delayed
12,3098,7,-22.746075550110074,16.94421441214425,-19.532900469643728,3.522416461053751,104.66047256644825,,,0.0,-1,-1,0,109,delayed
12,3538,8,-26.55281601821161,-3.3947810530662546,30.202212274074554,3.5877474100428812,106.60163087921953,,,0.0,-1,-1,0,109,delayed
12,3658,6,-17.98085797159212,-15.241875429948172,-1.0807876586914062,2.1526429850176334,63.96081626628458,,,0.0,-1,-1,0,109,delayed
12,5398,9,-49.02784027956899,-6.142937872144911,23.64974594116211,3.3126776503526667,98.42856805254154,,,0.0,-1,-1,0,109,delayed
13,418,8,16.180964824933422,-9.179765582084656,-5.735383987426758,7.560813243126486,224.65210907388015,,,0.0,-1,-1,0,109,delayed
13,476,6,-6.544936691093575,-2.923668702443441,-3.5241063435872397,1.4119527040907283,41.952914678181514,,,0.0,-1,-1,0,109,delayed
13,2590,6,-15.011456354785146,4.720363299051921,1.5995580355326335,1.7915916351822885,53.23300900319428,,,0.0,-1,-1,0,109,delayed
13,2900,6,28.88943144724075,-30.22971820831299,27.731181303660076,1.9260023219065454,57.22671223110085,,,0.0,-1,-1,0,109,delayed
13,2930,11,3.436855878894876,-7.439546498385343,-5.48163518038663,3.2716863988330456,97.21060765445438,,,0.0,-1,-1,0,109,delayed
13,3410,8,13.02398004147332,-13.395529985427856,-16.412882447242737,3.0903211139593405,91.82175695156164,,,0.0,-1,-1,0,109,delayed
13,3788,6,-11.090421800957735,6.27688201268514,26.707289695739746,2.1971373021380143,65.28286217080189,,,0.0,-1,-1,0,109,delayed
13,3798,8,-7.558069801784525,4.7457664012908936,-15.435861945152283,2.216037770626001,65.84444595442075,,,0.0,-1,-1,0,109,delayed
13,4460,6,26.4268435297779,13.523700078328451,-24.61646644274394,1.9364884841473855,57.53828433158054,,,0.0,-1,-1,0,109,delayed
13,4668,6,5.496201002886305,-6.540150006612142,19.29419533411662,1.518146101743079,45.10820630954271,,,0.0,-1,-1,0,109,delayed
13,5182,7,15.916731293585643,-22.514426367623464,9.570798601422991,2.1739799084861717,64.59479368435039,,,0.0,-1,-1,0,109,delayed
13,5488,9,-16.326730903620902,31.533745553758408,3.5930347707536487,2.3206092548988404,68.95154617439196,,,0.0,-1,-1,0,109,delayed
13,5732,7,3.7958816989412685,35.97082478659494,7.1952637263706745,1.761261147449138,52.3318085873943,,,0.0,-1,-1,0,109,delayed
14,340,7,-20.90599958580651,-0.7244843414851597,-8.423970426831927,1.4060697600967242,41.77811657997192,,,0.0,-1,-1,0,109,delayed
14,420,6,48.09737037276477,43.993593533833824,26.290130933125813,2.332282879778151,69.29840098555378,,,0.0,-1,-1,0,109,delayed
14,700,7,-32.75123258704361,7.70011602129255,16.561005456107004,1.2137506273433583,36.063797577637,,,0.0,-1,-1,0,109,delayed
14,882,6,14.07221014445104,-22.77505584557851,34.596114794413246,2.2429068454445824,66.6427984771928,,,0.0,-1,-1,0,109,delayed
14,1722,10,-16.017392661694764,-7.959029912948608,0.29841222763061526,3.5384779169231813,105.1377016448341,,,0.0,-1,-1,0,109,delayed
14,3308,7,-40.6471720558632,17.13820171356201,-31.984990528651643,2.469608945182429,73.37872795989544,,,0.0,-1,-1,0,109,delayed
14,3318,8,17.06768373552777,-25.72066378593445,18.125232756137848,2.5252257139685037,75.03125183608358,,,0.0,-1,-1,0,109,delayed
14,3372,6,-55.749180784818655,-9.593143781026205,-31.316802342732746,2.150771009720716,63.90519484236316,,,0.0,-1,-1,0,109,delayed
14,3864,6,45.95673370586971,31.55530039469401,-3.6288668314615884,2.652541984839087,78.81416087652309,,,0.0,-1,-1,0,109,delayed
14,3880,8,-35.385510456640986,-9.882969975471497,8.793048322200775,3.1511982571227617,93.63058070719244,,,0.0,-1,-1,0,109,delayed
14,3986,8,30.232007260491585,16.821487098932266,6.3705655336380005,2.6692591671623322,79.31087335253933,,,0.0,-1,-1,0,109,delayed
14,4064,7,-12.949268701816644,-0.7442787715366919,10.881203378949847,1.751467563208285,52.04081484315646,,,0.0,-1,-1,0,109,delayed
14,4354,9,8.302557615024705,-17.495824972788494,-8.988577789730495,3.221084521729459,95.70708970620291,,,0.0,-1,-1,0,109,delayed
14,4374,6,9.430066030588304,-6.4985807339350385,-3.4054900805155435,2.147305406583444,63.802222446541975,,,0.0,-1,-1,0,109,delayed
14,4770,9,-19.302932033334166,-8.10128762986925,16.164154476589626,3.99630397793179,118.74094601647269,,,0.0,-1,-1,0,109,delayed
14,4938,6,16.5266958720234,8.498500347137451,1.0345999399820964,2.8767216976730454,85.47514345607695,,,0.0,-1,-1,0,109,delayed
14,5072,6,-19.688070344948176,36.80681832631429,-26.642626444498703,2.522333050808981,74.94530302889439,,,0.0,-1,-1,0,109,delayed
14,5186,6,-7.648751099657669,13.528318683306376,32.36840629577637,1.7086582906897863,50.76883614854419,,,0.0,-1,-1,0,109,delayed
15,142,7,-0.31418474076958675,-2.818758010864258,-11.531728199550084,2.6151897365484102,77.70432505763414,,,0.0,-1,-1,0,109,delayed
15,456,10,-1.3673255727212328,16.16747260093689,15.923602867126462,4.241931113609085,126.03918924789289,,,0.0,-1,-1,0,109,delayed
15,522,7,-8.948164811490875,40.5077565738133,25.487128802708217,1.7594044527321244,52.27664119062483,,,0.0,-1,-1,0,109,delayed
15,1016,9,-8.648771184031485,3.1037997934553356,5.607652717166477,3.531874384476774,104.94149292445974,,,0.0,-1,-1,0,109,delayed
15,1042,9,2.55980324532405,6.866541650560167,30.483397483825684,1.7708235598118318,52.61593359300348,,,0.0,-1,-1,0,109,delayed
15,1714,11,-20.867665251946867,-3.527044816450639,-5.448081623424184,5.013076814140005,148.95200331389535,,,0.0,-1,-1,0,109,delayed
15,1746,8,-28.682106678501217,-24.39739203453064,19.539673089981083,3.595477905399899,106.83132470054474,,,0.0,-1,-1,0,109,delayed
15,1852,6,-35.71906883098517,-15.191068649291992,-24.647326787312824,1.9251767687549217,57.202182825241835,,,0.0,-1,-1,0,109,delayed
15,1900,6,-12.14276483692199,16.30880610148112,2.193906545639038,1.4786808162158565,43.93558646776133,,,0.0,-1,-1,0,109,delayed
15,2078,9,-27.39601922398419,12.470624638928307,16.376616372002495,1.7623737272474918,52.36486632737225,,,0.0,-1,-1,0,109,delayed
15,2318,7,-42.85599076136742,-6.47284780229841,-9.363673346383232,2.052878629116921,60.99654876716772,,,0.0,-1,-1,0,109,delayed
15,2610,8,10.569434350161105,12.72350126504898,-17.86086082458496,3.1792517778655447,94.4641263059471,,,0.0,-1,-1,0,109,delayed
15,2656,6,9.888114300398486,13.556030988693237,-13.592981020609537,2.059940905222673,61.20638799622968,,,0.0,-1,-1,0,109,delayed
15,3718,7,-19.41861244801992,21.995807783944265,-4.706535884312221,2.388348215086325,70.96425298029332,,,0.0,-1,-1,0,109,delayed
15,3738,11,22.902002866093465,-14.2492638501254,20.4515363519842,4.639555650457123,137.85368432269772,,,0.0,-1,-1,0,109,delayed
15,3950,6,16.116541176677845,-36.0631996790568,-22.776733716328938,1.376958876050263,40.91315387189444,,,0.0,-1,-1,0,109,delayed
15,4008,7,24.64809591690906,-44.561699458530974,17.555957044873917,2.301085921280968,68.37145539151285,,,0.0,-1,-1,0,109,delayed
15,4382,7,1.1287171280333783,-25.246087755475724,-13.001752172197614,2.2199206508108156,65.95981677429822,,,0.0,-1,-1,0,109,delayed
15,4636,12,-39.77490739626189,35.19487512111664,-8.777095556259155,4.794486539315928,142.45709797988104,,,0.0,-1,-1,0,109,delayed
15,4840,7,17.400684797644,-33.310424259730745,-27.888761247907365,1.772810544090318,52.67497224327888,,,0.0,-1,-1,0,109,delayed
15,5242,11,-8.943600412717158,11.934010397304188,27.151205496354535,4.387680332566369,130.36979078264062,,,0.0,-1,-1,0,109,delayed
15,5408,8,-8.734201778682394,10.416436076164246,-4.955970227718352,2.245917926396068,66.73226579566655,,,0.0,-1,-1,0,109,delayed
15,5684,6,-27.56922409851651,29.938737233479817,27.68037509918213,2.1125261746079884,62.76883786686614,,,0.0,-1,-1,0,109,delayed
15,5722,6,-34.92223293071634,9.001943588256834,36.52675183614095,1.6741818912287285,49.744449537852375,,,0.0,-1,-1,0,109,delayed
15,5948,7,-33.69426721059256,-24.541398457118444,-4.098298140934536,2.3420025484926317,69.58719850058203,,,0.0,-1,-1,0,109,delayed
15,5968,7,-31.825290147394117,1.2312270573207311,5.747734274183001,1.6693768406586824,49.60167855408961,,,0.0,-1,-1,0,109,delayed
16,360,7,-13.773670979037872,6.266983509063721,-10.441762719835552,2.65172668603538,78.78993615493714,,,0.0,-1,-1,0,109,delayed
16,708,8,20.359679196972273,8.036625027656555,18.18994677066803,2.3833972235769005,70.81714569846619,,,0.0,-1,-1,0,109,delayed
16,1228,14,-16.74722820567098,-10.869238308497838,7.136776004518781,3.7213256153861356,110.57059884492702,,,0.0,-1,-1,0,109,delayed
16,1608,9,-5.922385111730222,15.214162985483805,10.393795649210611,4.073311302600332,121.02904087407974,,,0.0,-1,-1,0,109,delayed
16,2162,6,-45.715476934478964,-31.555299758911133,-25.37100013097127,2.113349258637296,62.793293908456235,,,0.0,-1,-1,0,109,delayed
16,2536,24,-26.201068292443626,-3.653431278963884,26.043660302956898,8.10206481796224,240.73414997562463,0.27902790904045105,250.00851440429688,375.76019287109375,4,11,2,109,delayed
16,2728,8,-0.8637809872715412,2.5218374487012625,9.010181665420532,4.956631057124468,147.27484796644114,,,0.0,-1,-1,0,109,delayed
16,2764,8,-61.52634320461448,56.935330390930176,52.65626573562622,2.9835497327148985,88.64929187221301,,,0.0,-1,-1,0,109,delayed
16,2796,7,-48.76058429893521,8.959055168288094,3.99536623273577,2.363980343589591,70.24021793943854,,,0.0,-1,-1,0,109,delayed
16,3394,8,-17.035455767190214,25.2460880279541,-15.883983850479126,3.2111810475746756,95.41283083688705,,,0.0,-1,-1,0,109,delayed
16,3602,6,10.408750256166238,1.0392189025878895,-17.665247917175293,2.3097673427027217,68.62940378534853,,,0.0,-1,-1,0,109,delayed
16,3910,6,-5.34719877121857,-14.955512364705404,-1.3472038110097249,1.5859568275419995,47.123045464895085,,,0.0,-1,-1,0,109,delayed
16,4294,6,-23.011825558776042,11.445262749989828,6.491020838419597,1.146840391126626,34.07571439116423,,,0.0,-1,-1,0,109,delayed
16,4572,7,-0.1945022020993211,-51.149356842041016,14.95890017918178,2.8712438704913374,85.31238246860887,,,0.0,-1,-1,0,109,delayed
16,4808,10,-28.50181825060904,-19.11331100463867,-12.911253929138184,3.07610966706864,91.39949661866828,,,0.0,-1,-1,0,109,delayed
16,5114,8,39.96828189042026,-16.01782514154911,7.709900379180908,2.2642910704126153,67.27818135010614,,,0.0,-1,-1,0,109,delayed
16,5424,6,-45.20906179339411,-8.082812468210856,37.50907516479492,1.6841654197673246,50.041087038353226,,,0.0,-1,-1,0,109,delayed
16,5452,7,-40.022236208052256,-26.99989264351981,-18.490264620099747,3.2071674507685834,95.2935760744076,,,0.0,-1,-1,0,109,delayed
16,5792,6,-5.279409504466872,45.818000157674156,15.880733489990234,2.058868673991326,61.17452912076336,,,0.0,-1,-1,0,109,delayed
16,5840,12,-19.95305202997711,2.4895062794288,15.345164934794107,3.667847176529027,108.98161050559065,,,0.0,-1,-1,0,109,delayed
17,24,7,-14.919302777727935,-9.5449766431536,-3.600733348301479,2.2197600714205716,65.95504552846366,,,0.0,-1,-1,0,109,delayed
17,548,6,13.707288269433187,-7.7502626578013105,-24.92130406697591,2.5004336973035746,74.29461430082449,,,0.0,-1,-1,0,109,delayed
17,932,6,-16.008322112133282,0.8683258692423502,12.509045362472534,1.9058109987282459,56.62677368069147,,,0.0,-1,-1,0,109,delayed
17,970,7,-16.709546142528893,-51.521496295928955,38.3865784236363,2.9154318847530183,86.62532729087357,,,0.0,-1,-1,0,109,delayed
17,1346,7,-48.581502158802316,23.547706604003906,20.21509654181344,2.908401070356865,86.41642287387337,,,0.0,-1,-1,0,109,delayed
17,3044,11,22.21464259913498,-16.38564499941739,-6.012408950112083,4.686926099540217,139.26118784805834,,,0.0,-1,-1,0,109,delayed
17,3500,6,11.748973224657263,2.8590060075124106,-2.5449314117431627,1.8963181041746506,56.34471423627657,,,0.0,-1,-1,0,109,delayed
17,3556,7,-14.394006800674967,54.17793764386858,25.14270155770438,2.3130599660971947,68.727236487489,,,0.0,-1,-1,0,109,delayed
17,4344,9,-45.23275793809657,-29.72011645634969,24.188600381215412,2.9335340671658714,87.16319184685698,,,0.0,-1,-1,0,109,delayed
17,4480,6,-20.799468457663753,-22.54873752593994,-9.226791381835938,1.8687329332627176,55.52508457141705,,,0.0,-1,-1,0,109,delayed
18,506,10,-27.419707445794444,3.3504414558410645,4.563366031646728,2.720038912474674,80.81967624395091,,,0.0,-1,-1,0,109,delayed
18,776,8,-19.071795546323603,-30.54956692457199,12.298679828643799,1.162949860831463,34.55437008981456,,,0.0,-1,-1,0,109,delayed
18,1080,6,-18.664153299042535,10.06425642967224,-21.32182725270589,1.3923868504613048,41.371560511329605,,,0.0,-1,-1,0,109,delayed
18,1266,6,-48.52523330307051,35.57823117574056,11.53931474685669,2.1235165359802046,63.09539108043704,,,0.0,-1,-1,0,109,delayed
18,1400,9,32.27194898176056,9.040433141920301,-22.88303322262234,3.1896024962654876,94.77167400540799,,,0.0,-1,-1,0,109,delayed
18,1758,7,-17.483090956152207,-14.125456946236747,2.8920859609331404,1.5042162905842318,44.69431413217928,,,0.0,-1,-1,0,109,delayed
19,506,7,-13.32135568688339,-26.93654986790248,16.359099660600936,1.9617300459750604,58.28827906343838,,,0.0,-1,-1,0,109,delayed
19,1390,6,31.022439221055354,-49.51300017038981,6.001433531443278,1.7443170881374035,51.828354985479905,,,0.0,-1,-1,0,109,delayed
19,1566,6,27.07972007587327,-7.616318702697754,30.642464955647785,1.9057196226575968,56.6240586517217,,,0.0,-1,-1,0,109,delayed
19,2148,6,45.47247645294957,-16.996999740600586,-4.803499698638916,1.4705421374337422,43.69376441837546,,,0.0,-1,-1,0,109,delayed
19,2302,8,36.15844823618512,8.892248630523682,-21.429948151111603,2.72708246772463,81.0289592260057,,,0.0,-1,-1,0,109,delayed
19,2990,7,5.910788218939288,-0.3483854021344866,18.463989121573313,2.435566984684437,72.36724969995616,,,0.0,-1,-1,0,109,delayed
19,3602,9,-9.851697759427243,35.46892049577501,3.6390846040513782,3.0701007833885825,91.22095651345778,,,0.0,-1,-1,0,109,delayed
19,3946,8,-8.1831267536447,-22.93902212381363,4.198443889617921,2.322592437795207,69.01047187537432,,,0.0,-1,-1,0,109,delayed
19,5334,7,-6.254824204438896,26.097257614135742,34.07008579799107,3.501211280186897,104.03040957562348,,,0.0,-1,-1,0,109,delayed
19,6294,7,19.439885569992747,15.665480613708496,16.208484377179825,2.9674313773788827,88.17037215754742,,,0.0,-1,-1,0,109,delayed
20,728,6,-32.70050322638496,23.126082102457683,36.95020580291748,2.5275306556036803,75.09973785511141,,,0.0,-1,-1,0,109,delayed
20,906,6,-28.949238451581675,8.470787366231283,26.83976173400879,1.9120780446655146,56.8129844813286,,,0.0,-1,-1,0,109,delayed
20,1104,6,-24.759023982736696,-0.14318180084228516,-3.6719069480895996,1.0606287154869765,31.514133495504936,,,0.0,-1,-1,0,109,delayed
20,1610,10,12.466864611610571,-32.382056045532224,28.58745632171631,2.9888757294962254,88.8075415698806,,,0.0,-1,-1,0,109,delayed
20,2300,7,-20.822704594602875,39.2290221623012,2.453905923025949,1.6908238478317221,50.23892685527286,,,0.0,-1,-1,0,109,delayed
20,2738,9,13.650327773082232,0.5172999170091421,8.663167317708334,4.212909675576869,125.17688422161531,,,0.0,-1,-1,0,109,delayed
20,2740,221,9.637858956209858,13.483698687402372,-10.56876271234918,125.68195382649274,3734.3490827941982,,,0.0,-1,-1,0,109,delayed
20,3252,12,-23.06855847590988,28.4838312069575,8.637268722057343,4.921044365307737,146.21747158184937,,,0.0,-1,-1,0,109,delayed
20,3282,6,-13.264611300154806,34.06789946556091,-9.25303324063619,1.9570021927256191,58.14780181982385,,,0.0,-1,-1,0,109,delayed
20,3290,6,-28.993200858580774,7.477755864461263,-31.991139729817707,2.2900563391742343,68.04373682436879,,,0.0,-1,-1,0,109,delayed
20,3338,8,-1.1763409499825475,3.824324607849121,-16.95894718170166,2.5050820281346677,74.4327287193796,,,0.0,-1,-1,0,109,delayed
20,3432,7,1.089946139181059,-6.148215975080218,-22.144355637686594,2.066460996423371,61.400117452637375,,,0.0,-1,-1,0,109,delayed
20,3506,8,-37.26533325437767,2.653471887111664,-7.378452897071838,2.69799905979733,80.1648129073721,,,0.0,-1,-1,0,109,delayed
20,4002,6,-25.64771586446925,-11.232799857854843,1.06084140141805,3.0465477088117785,90.52113128187125,,,0.0,-1,-1,0,109,delayed
20,4008,6,-27.654323041969093,-19.652780532836914,12.96189030011495,1.9919401850494456,59.18590359670479,,,0.0,-1,-1,0,109,delayed
20,4238,6,-2.377722415860857,-9.510006268819174,24.655093828837078,0.7108671310822142,21.12177554631424,,,0.0,-1,-1,0,109,delayed
20,4312,6,-3.580976510040165,-12.636899789174398,-28.548700491587322,2.051275548829988,60.94891693764174,,,0.0,-1,-1,0,109,delayed
20,5406,9,36.501621165597214,-13.523699760437012,29.92816660139296,3.8940593711840408,115.7029835898524,,,0.0,-1,-1,0,109,delayed
20,5470,8,36.37661877818063,-28.09701156616211,30.698676347732544,2.093735760526124,62.210524095831005,,,0.0,-1,-1,0,109,delayed
20,5800,7,-29.795070432307377,-15.732782636369977,-8.38960041318621,3.342272008844162,99.3078960875048,0.8699650764465332,56.912757873535156,56.912757873535156,5,0,1,109,delayed
21,158,7,4.170010504028601,-14.418417794363839,18.965336118425643,2.2386163664453846,66.51531679961224,,,0.0,-1,-1,0,109,delayed
21,902,8,-16.703149121536967,-16.901160567998886,13.822867393493652,2.53803541024095,75.41186238572479,,,0.0,-1,-1,0,109,delayed
21,1482,6,-7.14793609762625,47.65626335144043,12.42002534866333,1.849527642796609,54.95444370649288,,,0.0,-1,-1,0,109,delayed
21,1826,8,-26.96526636888337,16.68985378742218,-6.637143611907959,3.0789300688012045,91.48329834439295,,,0.0,-1,-1,0,109,delayed
21,2240,7,2.4031540510060125,-7.189414705548968,-39.4159003666469,3.3460075164234,99.4188880706622,,,0.0,-1,-1,0,109,delayed
21,2678,6,-23.311618921179118,-29.051937739054363,26.49020830790202,1.433014928528897,42.578730048786475,,,0.0,-1,-1,0,109,delayed
21,2736,6,-22.29568413768425,-21.560324867566425,26.240795135498047,1.7941719425097655,53.30967687800305,,,0.0,-1,-1,0,109,delayed
21,3252,6,-28.535077850219846,4.951300144195557,-39.19029998779297,3.0758530257136303,91.39187111333905,,,0.0,-1,-1,0,109,delayed
21,3258,7,-18.77883973446536,39.27257129124233,28.030021939958846,2.324939568977334,69.08021145938234,,,0.0,-1,-1,0,109,delayed
21,3768,6,-6.8882939022364615,12.692325115203857,31.421562830607098,2.058868947351147,61.17453724301929,,,0.0,-1,-1,0,109,delayed
21,3792,12,-15.907375364784455,38.23170280456543,9.87278445561727,3.3581827841343026,99.78064804036917,0.26254773139953613,174.1964569091797,174.1964569091797,6,2,1,109,delayed
21,4636,6,10.265662757062097,-24.239200592041016,-28.09753354390462,2.5302110392252857,75.17937926594352,,,0.0,-1,-1,0,109,delayed
21,4650,6,-0.6900071765325841,-3.685762405395508,6.547916571299235,1.1544815930130627,34.30275506317235,,,0.0,-1,-1,0,109,delayed
22,680,6,-18.463724883703936,22.46560001373291,20.062379121780396,2.1505582854639287,63.89887423221161,,,0.0,-1,-1,0,109,delayed
22,748,8,3.0451992180125735,18.983062505722046,22.776365399360657,1.741003313987648,51.72989383747921,,,0.0,-1,-1,0,109,delayed
22,908,11,-11.378456668886578,28.377600149674848,21.413915980945934,3.609549222777738,107.24942140849521,,,0.0,-1,-1,0,109,delayed
22,1142,7,-26.28941402277977,21.694928305489675,-25.353785514831543,2.706284989352074,80.41101017349332,,,0.0,-1,-1,0,109,delayed
22,1526,7,-13.71968276970914,38.33430480957031,31.98499093736921,2.9489406438943186,87.62096270355688,,,0.0,-1,-1,0,109,delayed
22,1814,7,-52.79688401603477,19.188926424298973,-10.648887634277344,3.256297320628862,96.75335672600225,,,0.0,-1,-1,0,109,delayed
22,1862,9,-47.182439381969616,-35.940033223893906,18.85226689444648,2.5120799432404004,74.64065560992302,,,0.0,-1,-1,0,109,delayed
22,2146,6,19.88543944789057,9.648569345474238,-24.296302159627277,2.6063670667551464,77.442179794554,,,0.0,-1,-1,0,109,delayed
22,2594,6,-8.803916953341894,25.490881204605103,31.963427543640137,1.7014891465022175,50.555821581168615,,,0.0,-1,-1,0,109,delayed
22,2732,8,9.620587878885544,1.7770642638206486,-9.169373512268066,2.1625455532576847,64.25504821843575,,,0.0,-1,-1,0,109,delayed
22,3448,6,-5.588455542609322,1.773599982261658,4.183116753896077,1.5122530648368688,44.93310832374945,,,0.0,-1,-1,0,109,delayed
22,3590,7,-13.016496373216125,17.874562672206334,49.75140217372349,1.9060654007581315,56.634332649644776,,,0.0,-1,-1,0,109,delayed
22,3606,9,-19.76262128648254,-24.67644166946411,21.38138092888726,1.994336702997908,59.25711059445004,,,0.0,-1,-1,0,109,delayed
22,3840,9,-29.82641024859482,45.24219618903266,-13.035720825195312,3.00472275402282,89.27839931599428,0.4160170555114746,138.773681640625,138.773681640625,7,15,1,109,delayed
22,4594,6,-1.433274624732616,-3.1777002016703286,1.7736002604166667,1.321682835774887,39.270753956725926,,,0.0,-1,-1,0,109,delayed
22,4618,6,-10.551040638751806,-10.387568791707357,19.64060139656067,1.5837998865167955,47.05895694228801,,,0.0,-1,-1,0,109,delayed
22,4962,6,-8.891721839860375,4.355481465657552,6.2584060827891035,1.697394144357129,50.43414804698993,,,0.0,-1,-1,0,109,delayed
22,5246,6,-30.763872772963712,47.2036247253418,36.99177487691244,2.4694902644076606,73.375201634684,,,0.0,-1,-1,0,109,delayed
23,144,7,-29.928133961398697,-13.784989589026996,16.599157197134836,3.801292813100366,112.94663949631612,,,0.0,-1,-1,0,109,delayed
23,504,6,-32.048099977099625,15.583662857611975,19.92087523142497,1.1379664446081075,33.81204555858112,,,0.0,-1,-1,0,109,delayed
23,1514,6,-7.057590384450553,9.265212694803875,16.955637852350872,1.8824892467583336,55.93382166628988,,,0.0,-1,-1,0,109,delayed
23,1544,9,-8.304992639482007,38.97301207648383,-30.671226925320095,2.1318208308528277,63.34213402957709,,,0.0,-1,-1,0,109,delayed
23,1720,9,27.28927352730055,35.918478859795464,1.6395877202351887,2.480226891591794,73.69421572267888,,,0.0,-1,-1,0,109,delayed
23,1938,6,53.12301645167485,-22.982900102933247,-6.880466779073079,2.3363405248742692,69.41896454127247,,,0.0,-1,-1,0,109,delayed
23,2110,10,-15.060238577268915,2.8433025598526003,47.855957221984866,3.0260185018548227,89.91115329508696,,,0.0,-1,-1,0,109,delayed
23,2902,7,9.570884074513653,-3.61846057006291,-17.042557307652064,2.9830572773277075,88.63465969736626,,,0.0,-1,-1,0,109,delayed
23,3364,11,9.86490608064858,4.222377343611284,-1.620322747664018,3.422962134121987,101.70541686234719,,,0.0,-1,-1,0,109,delayed
23,3688,16,-42.9325281880249,30.966987073421485,27.02102330327034,25.163452862180424,747.673904286572,,,0.0,-1,-1,0,109,delayed
23,3734,14,-49.22767239521839,37.05161285400391,30.20221328735352,31.353259813268153,931.5897267791024,,,0.0,-1,-1,0,109,delayed
23,3750,20,-34.13263458753153,36.57911443710327,16.815124845504762,40.03479440418452,1189.5414831751807,,,0.0,-1,-1,0,109,delayed
23,3770,16,-45.90824344729094,30.925418376922615,26.978903025388718,40.67493555623301,1208.5617995470222,,,0.0,-1,-1,0,109,delayed
23,3780,15,-45.620961481500075,35.86736539204916,24.758219146728514,38.99812167173161,1158.7391464058326,,,0.0,-1,-1,0,109,delayed
23,3786,24,-32.78541809776696,18.151687820752464,25.048423409461975,40.931390630444454,1216.1817699723829,,,0.0,-1,-1,0,109,delayed
23,3804,19,-42.614172198545226,22.874481100785108,21.425572395324707,42.268776047855646,1255.9190898882284,,,0.0,-1,-1,0,109,delayed
23,3900,6,-6.524567701996477,-1.9953000545501716,-30.897966543833416,2.0435755140521854,60.720128182100396,,,0.0,-1,-1,0,109,delayed
23,4204,7,-14.064504792921566,-26.4258485521589,10.229240894317627,2.1307176588530674,63.30935582061357,,,0.0,-1,-1,0,109,delayed
23,4524,10,-31.679804916179243,4.433999824523926,29.715355110168456,3.497300518741137,103.91421032844943,,,0.0,-1,-1,0,109,delayed
23,4832,7,-9.126158025913536,-11.829277856009346,4.904482024056571,3.1145106467550066,92.54049306966351,,,0.0,-1,-1,0,109,delayed
23,5032,11,-19.929353881077176,-8.152513460679488,15.822633569890803,4.449154741213909,132.19636090316234,,,0.0,-1,-1,0,109,delayed
23,5464,6,-16.14267542123705,-9.533100207646688,7.239258050918579,1.145985214207769,34.05030478345739,,,0.0,-1,-1,0,109,delayed
23,5564,6,-0.21818183922775583,-5.251518885294597,44.275543212890625,1.220219188329424,36.255995932690105,,,0.0,-1,-1,0,109,delayed
23,5860,6,-2.9201177015340263,-20.10080035527547,-5.63487450281779,1.2518862763594816,37.19691034036286,,,0.0,-1,-1,0,109,delayed
23,5972,12,-13.003458836476982,6.415443499883016,11.25589370727539,3.5917740731274157,106.72127387599545,,,0.0,-1,-1,0,109,delayed
24,47,10,-27.440673349660642,38.528688526153566,58.7987419128418,3.542898019337114,105.26903478290825,,,0.0,-1,-1,0,109,delayed
24,1369,6,-17.192282964513637,12.81241226196289,5.682533582051595,1.7258067722547883,51.278363685743244,,,0.0,-1,-1,0,109,delayed
24,1653,6,-37.1301403786241,6.7249001661936445,37.37974993387858,2.0803740652403557,61.813512169967176,,,0.0,-1,-1,0,109,delayed
24,1833,8,-14.7591132519066,1.4375860691070557,-2.9282361268997192,3.0671982936244,91.13471573139881,,,0.0,-1,-1,0,109,delayed
24,1897,7,-17.53023722627171,10.45948941367013,17.4609432220459,1.1608309498808274,34.49141154306923,,,0.0,-1,-1,0,109,delayed
24,2039,10,-15.571414463001691,12.64521350860596,15.61246371269226,4.227893446874125,125.62209239110281,,,0.0,-1,-1,0,109,delayed
24,3019,13,27.412034665043986,26.746826126025272,7.386202885554387,4.47525696993109,132.9719283645296,,,0.0,-1,-1,0,109,delayed
24,3781,6,18.899690003900158,32.00331926345825,-7.9274522463480634,1.9915573112455671,59.174527385603604,,,0.0,-1,-1,0,109,delayed
24,4425,6,-49.568767410483645,15.523618539174398,18.54133955637614,2.1343083516655685,63.416044967326464,,,0.0,-1,-1,0,109,delayed
24,5435,10,-35.9639211302842,-12.412428188323975,5.44928379058838,2.918165505348593,86.70655051547337,,,0.0,-1,-1,0,109,delayed
24,5543,6,-22.24957946228723,-14.853899955749512,-31.496934096018474,2.296503518737042,68.23529987979533,,,0.0,-1,-1,0,109,delayed
24,5643,9,-11.182025002188658,6.358479287889269,15.805990219116211,3.054023770795884,90.74326520295747,,,0.0,-1,-1,0,109,delayed
24,5869,15,4.632555078562249,-9.503540198008219,12.075636800130209,4.577637387158863,136.0139260860038,,,0.0,-1,-1,0,109,delayed
24,5989,6,6.1525354196371715,26.751800537109375,-22.858399709065754,1.6430647051266485,48.81987419635296,,,0.0,-1,-1,0,109,delayed
24,6125,11,-15.445708723307517,6.419222745028409,-7.645729931918058,3.9700733501013095,117.96156347190228,,,0.0,-1,-1,0,109,delayed
